# flower.obj: cell=4mm zshift=0.0cm, cm units
v -54.011 174.853 57.224
v -53.590 174.413 57.224
v -63.220 176.813 56.916
v -63.614 176.420 56.916
v -63.215 176.733 57.224
v -63.545 176.423 57.224
v -62.948 176.570 56.916
v -62.915 176.772 56.916
v -63.369 176.145 56.915
v -63.567 176.115 56.917
v -62.972 176.642 57.224
v -62.968 176.577 57.224
v -63.377 176.167 57.224
v -63.443 176.168 57.224
v -62.803 177.482 56.915
v -63.060 177.577 56.916
v -62.819 177.508 57.224
v -62.401 177.667 56.916
v -62.645 178.062 56.916
v -63.043 177.582 57.224
v -62.631 178.043 57.224
v -62.447 177.993 56.917
v -62.544 177.979 57.224
v -62.425 177.643 57.224
v -62.076 177.602 56.916
v -62.090 177.532 57.224
v -62.728 177.231 56.916
v -62.542 177.101 57.224
v -62.616 177.305 57.224
v -62.528 177.049 56.917
v -61.625 178.666 56.915
v -61.996 178.754 56.916
v -62.065 178.387 56.916
v -61.636 178.400 56.916
v -61.643 178.645 57.224
v -61.950 178.659 57.224
v -62.056 178.442 57.224
v -61.706 178.428 57.224
v -64.795 174.858 56.916
v -65.215 174.817 56.915
v -64.809 174.848 57.224
v -65.195 174.796 57.224
v -65.254 174.399 56.916
v -65.244 174.413 57.224
v -64.785 175.645 56.917
v -64.456 175.598 56.916
v -64.859 175.856 56.915
v -64.770 175.739 57.224
v -64.285 175.997 56.915
v -64.432 175.616 57.224
v -64.381 176.257 56.916
v -64.846 175.831 57.224
v -64.313 176.020 57.224
v -64.386 176.240 57.224
v -64.036 175.929 56.916
v -63.857 175.724 56.917
v -64.111 175.814 57.224
v -64.406 175.272 56.916
v -63.911 175.741 57.224
v -64.336 175.286 57.224
v -63.949 176.673 56.916
v -64.017 176.402 56.917
v -63.507 176.710 56.916
v -63.928 176.675 57.224
v -63.531 176.746 57.224
v -63.475 177.144 56.916
v -63.478 177.124 57.224
v -63.200 177.222 56.917
v -56.417 177.652 56.916
v -56.379 178.000 56.917
v -55.984 177.491 56.916
v -56.409 177.643 57.224
v -56.275 177.992 57.224
v -55.968 177.517 57.224
v -56.179 178.058 56.915
v -56.185 178.036 57.224
v -55.783 177.595 57.224
v -58.436 178.399 56.915
v -58.392 178.457 57.224
v -57.908 178.449 57.224
v -58.475 178.664 56.916
v -58.461 178.645 57.224
v -57.842 178.684 56.916
v -57.836 178.648 57.224
v -57.671 178.456 56.915
v -57.929 178.381 56.915
v -57.767 178.649 56.913
v -57.797 178.612 57.224
v -57.798 178.585 57.224
v -61.139 178.465 56.916
v -60.889 178.360 56.915
v -60.970 178.697 56.915
v -61.047 178.656 56.915
v -60.889 178.402 57.224
v -61.022 178.571 57.224
v -60.442 178.457 57.224
v -60.977 178.663 57.224
v -61.020 178.631 57.224
v -60.357 178.666 56.915
v -60.373 178.645 57.224
v -60.390 178.399 56.915
v -60.375 178.005 56.916
v -60.414 177.997 57.224
v -60.925 178.052 56.916
v -60.916 178.047 57.224
v -61.113 177.983 56.916
v -61.021 177.926 57.224
v -59.136 178.394 56.915
v -59.116 177.999 56.916
v -59.144 177.997 57.224
v -59.712 177.992 56.916
v -59.685 178.399 56.915
v -59.690 177.997 57.224
v -63.191 176.769 0.883
v -62.952 176.949 0.887
v -62.941 177.134 0.887
v -63.102 177.319 0.884
v -63.223 177.444 0.885
v -63.454 177.433 0.887
v -63.617 177.244 0.884
v -63.561 176.867 0.882
v -63.194 176.793 0.546
v -63.548 176.864 0.552
v -63.585 177.221 0.546
v -63.416 177.415 0.599
v -63.304 177.422 0.554
v -63.086 177.335 0.544
v -62.971 177.128 0.549
v -62.983 176.968 0.561
v -63.668 166.789 0.878
v -62.601 166.824 0.899
v -58.088 166.824 0.899
v -58.944 167.553 0.866
v -60.746 166.824 0.899
v -59.877 167.247 0.857
v -59.876 167.568 0.859
v -59.266 167.866 0.862
v -59.543 166.930 0.857
v -59.236 166.940 0.859
v -59.558 167.868 0.860
v -58.942 167.273 0.862
v -59.808 167.811 0.899
v -61.216 169.038 0.892
v -61.779 169.357 0.894
v -62.269 169.748 0.894
v -60.669 168.817 0.895
v -63.505 171.889 0.894
v -63.593 172.488 0.892
v -63.048 170.725 0.894
v -63.320 171.290 0.894
v -62.656 170.137 0.899
v -61.135 176.840 0.898
v -62.269 175.896 0.894
v -61.779 176.286 0.894
v -62.680 175.458 0.895
v -59.417 177.019 0.896
v -58.792 176.968 0.894
v -60.042 176.968 0.894
v -60.747 176.863 0.896
v -58.058 176.867 0.896
v -57.055 176.286 0.894
v -56.565 175.896 0.894
v -57.687 176.834 0.898
v -57.618 169.038 0.892
v -57.055 169.357 0.894
v -56.277 170.056 0.892
v -56.565 169.748 0.894
v -58.792 168.675 0.894
v -59.417 168.628 0.894
v -58.165 168.817 0.895
v -60.042 168.675 0.894
v -57.183 177.584 0.881
v -56.576 177.721 0.895
v -56.761 177.540 0.879
v -56.552 177.873 0.890
v -62.019 177.508 0.883
v -61.616 177.597 0.885
v -62.236 177.699 0.884
v -61.633 178.002 0.881
v -63.593 173.155 0.892
v -63.505 173.755 0.894
v -63.320 174.353 0.894
v -63.640 172.652 0.899
v -63.048 174.919 0.894
v -64.782 178.563 0.872
v -65.059 178.310 0.876
v -64.411 178.778 0.872
v -64.038 178.895 0.872
v -63.660 178.929 0.878
v -65.289 177.987 0.872
v -65.450 177.633 0.876
v -66.887 173.088 0.880
v -65.540 177.232 0.899
v -66.903 172.627 0.878
v -66.824 172.237 0.876
v -65.485 168.288 0.899
v -65.210 167.613 0.882
v -64.773 167.143 0.876
v -64.433 166.947 0.876
v -64.060 166.827 0.876
v -65.458 168.080 0.876
v -54.410 166.947 0.876
v -54.070 167.143 0.876
v -55.173 166.785 0.876
v -54.783 166.827 0.876
v -53.807 167.431 0.899
v -53.620 167.626 0.881
v -56.233 166.824 0.899
v -53.416 168.089 0.899
v -53.357 168.288 0.899
v -56.124 170.195 0.899
v -52.016 172.235 0.876
v -55.329 171.889 0.894
v -55.513 171.290 0.894
v -55.217 172.652 0.899
v -55.241 172.488 0.892
v -55.782 170.723 0.896
v -51.936 172.625 0.878
v -55.272 176.867 0.881
v -51.952 173.087 0.880
v -56.277 175.587 0.892
v -55.864 176.923 0.885
v -55.617 176.759 0.883
v -55.513 174.353 0.894
v -55.241 173.155 0.892
v -53.296 177.232 0.899
v -55.212 177.247 0.884
v -55.873 177.143 0.885
v -56.138 175.436 0.894
v -55.782 174.921 0.896
v -55.329 173.755 0.894
v -53.545 177.986 0.872
v -55.573 177.442 0.884
v -55.701 177.363 0.885
v -55.312 177.430 0.898
v -53.416 177.621 0.899
v -54.030 178.537 0.875
v -54.405 178.769 0.869
v -54.797 178.895 0.872
v -55.175 178.933 0.876
v -56.009 178.936 0.877
v -56.755 178.074 0.877
v -56.700 179.044 0.876
v -56.850 178.955 0.880
v -56.938 178.289 0.899
v -57.004 178.932 0.876
v -58.088 178.894 0.899
v -57.198 178.003 0.878
v -56.233 178.935 0.899
v -60.746 178.894 0.899
v -62.045 178.105 0.880
v -62.116 179.050 0.877
v -61.895 178.289 0.899
v -61.913 178.940 0.880
v -61.775 178.935 0.874
v -62.601 178.958 0.899
v -62.258 177.894 0.887
v -63.070 178.935 0.877
v -62.601 168.288 0.899
v -63.662 168.288 0.899
v -60.746 168.288 0.899
v -58.088 177.844 0.899
v -60.746 177.844 0.899
v -60.903 177.125 0.899
v -58.088 168.288 0.899
v -56.233 168.288 0.899
v -57.905 177.129 0.899
v -56.233 177.232 0.899
v -62.601 177.844 0.899
v -63.662 177.844 0.899
v -53.375 177.634 0.870
v -53.772 178.313 0.873
v -55.175 178.966 0.599
v -55.960 178.968 0.599
v -56.736 179.074 0.599
v -56.946 178.979 0.599
v -57.022 178.966 0.599
v -60.540 178.966 0.599
v -61.768 178.967 0.599
v -61.836 178.981 0.599
v -62.105 179.090 0.599
v -63.133 178.967 0.599
v -63.660 178.966 0.599
v -64.618 178.687 0.838
v -52.004 173.409 0.870
v -53.347 177.644 -0.168
v -51.975 173.418 -0.168
v -53.376 168.076 0.870
v -51.892 173.022 -0.168
v -51.896 172.638 -0.170
v -51.978 172.223 -0.168
v -53.763 167.391 0.856
v -53.348 168.067 -0.168
v -53.512 167.701 -0.168
v -53.748 167.378 -0.168
v -54.047 167.111 -0.168
v -54.394 166.911 -0.168
v -54.775 166.788 -0.168
v -55.173 166.746 -0.168
v -53.496 177.988 -0.165
v -53.761 178.321 -0.159
v -53.825 178.323 0.599
v -53.766 178.331 0.599
v -54.379 178.782 0.599
v -54.918 178.948 0.599
v -65.080 167.392 0.856
v -63.669 166.746 -0.168
v -64.068 166.788 -0.168
v -64.449 166.911 -0.168
v -64.796 167.111 -0.168
v -65.095 167.379 -0.168
v -65.331 167.702 -0.168
v -65.495 168.068 -0.168
v -66.834 173.410 0.870
v -66.861 172.224 -0.168
v -66.943 172.640 -0.170
v -66.947 173.024 -0.168
v -66.863 173.419 -0.168
v -65.488 177.645 -0.168
v -65.068 178.320 -0.157
v -65.331 178.001 -0.168
v -65.401 177.889 -0.135
v -63.917 178.948 0.599
v -64.284 178.861 0.599
v -64.627 178.703 0.599
v -64.933 178.482 0.599
v -65.042 178.322 0.599
v -59.251 166.758 -0.179
v -59.553 166.755 -0.178
v -53.802 178.301 -0.142
v -65.072 177.675 -0.163
v -65.049 177.596 0.580
v -53.802 177.736 -0.142
v -53.827 177.669 0.569
v -53.743 177.639 -0.169
v -53.717 177.471 0.599
v -53.029 175.495 -0.164
v -53.075 175.517 0.599
v -52.988 175.476 -0.187
v -55.565 174.382 -0.167
v -55.540 174.410 0.599
v -63.111 174.657 -0.166
v -62.810 175.167 -0.169
v -62.436 175.633 -0.166
v -61.966 176.066 -0.166
v -61.467 176.401 -0.169
v -61.139 176.349 -0.164
v -60.915 176.665 -0.169
v -60.318 176.825 -0.164
v -59.548 176.838 -0.170
v -59.111 176.935 -0.169
v -58.515 176.825 -0.164
v -57.919 176.665 -0.169
v -57.695 176.349 -0.164
v -57.367 176.401 -0.169
v -56.868 176.066 -0.166
v -56.398 175.633 -0.166
v -56.024 175.167 -0.169
v -55.722 174.657 -0.166
v -63.268 174.381 -0.167
v -56.401 175.496 0.599
v -55.768 174.841 0.599
v -56.929 176.169 0.599
v -57.693 176.619 0.599
v -58.535 176.898 0.599
v -59.417 176.796 0.599
v -60.355 176.781 0.599
v -61.141 176.619 0.599
v -61.905 176.169 0.599
v -62.433 175.496 0.599
v -63.066 174.841 0.599
v -63.294 174.410 0.599
v -65.795 175.502 -0.148
v -65.761 175.518 0.599
v -65.825 175.489 -0.178
v -62.010 177.524 0.549
v -62.217 177.707 0.549
v -62.227 177.887 0.549
v -62.014 178.118 0.551
v -61.643 178.007 0.551
v -61.646 177.624 0.546
v -56.744 178.056 0.546
v -56.588 177.840 0.599
v -56.593 177.765 0.599
v -56.752 177.581 0.546
v -57.171 177.607 0.549
v -57.179 178.014 0.549
v -55.618 176.786 0.546
v -55.844 176.950 0.561
v -55.856 177.139 0.549
v -55.676 177.355 0.538
v -55.539 177.421 0.558
v -55.243 177.224 0.549
v -55.272 176.881 0.552
v -58.551 168.748 0.884
v -56.967 169.449 0.884
v -56.142 170.210 0.892
v -55.800 170.734 0.884
v -55.456 171.534 0.884
v -55.456 174.109 0.884
v -55.800 174.910 0.884
v -56.967 176.194 0.884
v -58.551 176.896 0.884
v -59.417 176.998 0.884
v -60.283 176.896 0.884
v -61.232 176.591 0.890
v -61.867 176.194 0.884
v -62.512 175.608 0.884
v -63.378 174.109 0.884
v -63.378 171.534 0.884
v -62.512 170.035 0.884
v -61.867 169.449 0.884
v -60.283 168.748 0.884
v -62.692 170.210 0.892
v -57.602 176.591 0.890
v -59.072 167.090 0.834
v -59.082 167.710 0.830
v -59.729 167.737 0.828
v -59.734 167.063 0.832
v -59.325 166.982 0.341
v -59.194 167.205 0.320
v -58.810 167.197 0.579
v -58.860 167.541 0.535
v -59.211 167.607 0.320
v -59.223 167.904 0.496
v -59.534 167.930 0.496
v -59.617 167.609 0.319
v -59.942 167.544 0.496
v -60.010 167.203 0.562
v -59.613 167.191 0.320
v -59.463 166.977 0.341
v -59.417 168.805 0.599
v -58.608 169.016 0.599
v -58.009 169.214 0.599
v -57.130 169.674 0.599
v -56.525 170.218 0.599
v -56.047 170.876 0.599
v -55.484 171.468 0.599
v -55.547 172.415 0.599
v -55.554 173.130 0.599
v -55.567 174.086 0.599
v -56.026 174.698 0.599
v -57.105 175.933 0.599
v -57.834 176.376 0.599
v -58.608 176.628 0.599
v -61.000 176.376 0.599
v -61.729 175.933 0.599
v -62.808 174.698 0.599
v -63.267 174.086 0.599
v -63.280 173.130 0.599
v -63.287 172.415 0.599
v -63.350 171.468 0.599
v -62.700 170.766 0.599
v -62.309 170.218 0.599
v -61.556 169.594 0.599
v -60.825 169.214 0.599
v -60.226 169.016 0.599
v -59.585 167.575 -0.485
v -59.590 167.211 -0.485
v -59.241 167.212 -0.485
v -59.225 167.561 -0.485
v -58.895 167.606 -0.487
v -59.596 167.930 -0.487
v -58.875 167.157 -0.323
v -59.178 167.915 -0.487
v -59.182 166.873 -0.379
v -59.939 167.606 -0.487
v -59.960 167.156 -0.315
v -59.596 166.844 -0.383
v -59.820 166.962 -0.372
v -63.228 172.197 0.599
v -63.211 171.187 0.599
v -62.072 170.018 0.599
v -58.999 168.983 0.599
v -59.834 168.983 0.599
v -56.474 175.321 0.599
v -61.038 176.326 0.599
v -62.360 175.321 0.599
v -57.795 176.326 0.599
v -58.587 176.593 0.599
v -60.247 176.593 0.599
v -57.426 169.513 0.599
v -56.761 170.018 0.599
v -56.221 170.655 0.599
v -55.830 171.392 0.599
v -55.606 172.197 0.599
v -58.821 176.683 -0.169
v -58.238 176.547 -0.169
v -57.159 176.007 -0.166
v -56.708 175.637 -0.169
v -56.325 175.204 -0.166
v -55.985 174.683 -0.166
v -55.562 174.113 -0.170
v -55.581 173.566 -0.169
v -55.510 172.956 -0.171
v -55.536 172.374 -0.169
v -55.539 173.032 -0.139
v -55.521 171.474 -0.163
v -55.452 171.902 -0.176
v -55.848 171.240 -0.166
v -56.104 170.715 -0.166
v -56.204 170.643 -0.139
v -56.500 170.222 -0.169
v -56.911 169.843 -0.158
v -57.420 169.466 -0.166
v -57.959 169.136 -0.172
v -58.528 169.025 -0.164
v -59.114 168.831 -0.169
v -59.677 168.826 -0.170
v -58.998 168.964 -0.139
v -59.836 168.964 -0.139
v -60.305 169.025 -0.164
v -60.875 169.136 -0.172
v -61.414 169.466 -0.166
v -61.923 169.843 -0.158
v -62.334 170.222 -0.169
v -62.690 170.692 -0.166
v -62.975 171.226 -0.164
v -63.227 171.234 -0.170
v -63.314 171.474 -0.164
v -63.298 172.374 -0.169
v -63.324 172.956 -0.171
v -63.346 171.963 -0.172
v -63.294 173.032 -0.139
v -63.252 173.566 -0.169
v -63.257 174.148 -0.168
v -62.849 174.683 -0.166
v -62.509 175.204 -0.166
v -62.126 175.637 -0.169
v -61.675 176.007 -0.166
v -60.593 176.539 -0.164
v -60.013 176.683 -0.169
v -56.877 169.656 -0.171
v -58.508 168.853 -0.170
v -60.325 168.853 -0.170
v -61.957 169.656 -0.171
v -60.604 176.572 -0.188
v -59.998 167.115 -0.174
v -58.836 167.115 -0.175
v -58.990 166.916 -0.191
v -59.844 166.916 -0.191
v -59.851 167.857 0.599
v -58.933 167.809 0.599
v -55.219 167.104 -0.169
v -55.188 167.151 0.599
v -54.739 167.189 -0.168
v -54.751 167.234 0.599
v -54.438 167.314 -0.175
v -54.171 167.571 0.599
v -54.057 167.621 -0.173
v -54.445 167.373 0.599
v -53.943 167.819 0.599
v -53.768 168.107 0.599
v -53.726 168.087 -0.168
v -53.645 168.295 -0.169
v -53.687 168.308 0.599
v -53.900 167.811 -0.157
v -53.085 170.171 0.599
v -53.037 170.169 -0.162
v -53.040 170.325 -0.167
v -52.998 170.168 -0.188
v -53.043 170.430 0.599
v -55.599 171.164 0.599
v -55.600 171.234 -0.170
v -62.558 170.121 0.599
v -63.063 170.854 0.599
v -62.809 170.524 -0.169
v -63.031 170.871 -0.139
v -61.909 169.512 0.599
v -62.438 170.053 -0.166
v -61.472 169.277 -0.169
v -61.145 169.056 0.599
v -60.301 168.774 0.599
v -60.925 168.994 -0.152
v -61.130 169.089 -0.139
v -58.532 168.774 0.599
v -57.909 168.994 -0.152
v -57.689 169.056 0.599
v -56.925 169.512 0.599
v -57.362 169.277 -0.169
v -57.704 169.089 -0.139
v -56.396 170.053 -0.166
v -56.275 170.121 0.599
v -56.025 170.524 -0.169
v -55.771 170.854 0.599
v -65.778 170.268 -0.168
v -65.760 170.342 0.599
v -65.793 170.176 -0.150
v -65.849 170.422 -0.168
v -65.754 170.171 0.599
v -65.824 170.168 -0.183
v -65.198 168.296 -0.170
v -65.156 168.310 0.599
v -63.654 167.151 0.599
v -64.091 167.234 0.599
v -64.398 167.374 0.599
v -64.671 167.572 0.599
v -64.900 167.819 0.599
v -65.075 168.108 0.599
v -63.645 167.104 -0.169
v -65.115 168.084 -0.168
v -64.938 167.805 -0.157
v -64.788 167.615 -0.176
v -64.408 167.324 -0.170
v -64.091 167.184 -0.171
v -59.500 177.923 0.549
v -59.306 177.910 0.537
v -60.540 177.453 0.599
v -59.468 177.982 0.726
v -59.328 177.981 0.726
v -66.526 173.160 -0.168
v -65.852 175.230 -0.166
v -65.792 175.252 -0.174
v -63.569 172.825 -0.167
v -63.504 173.380 -0.169
v -66.528 172.798 -0.167
v -52.311 173.160 -0.170
v -52.972 175.226 -0.168
v -53.028 175.245 -0.164
v -52.311 172.798 -0.166
v -55.265 172.822 -0.167
v -55.330 173.380 -0.169
v -52.341 172.349 -0.169
v -52.970 170.454 -0.169
v -55.329 172.269 -0.169
v -66.497 172.344 -0.169
v -63.504 172.269 -0.169
v -65.828 175.184 0.599
v -66.493 173.101 0.599
v -65.791 175.196 0.599
v -66.486 172.772 0.599
v -63.606 172.783 0.599
v -63.584 173.017 0.599
v -63.513 173.608 0.599
v -63.427 173.818 -0.164
v -63.481 173.602 -0.139
v -66.461 172.384 0.599
v -65.829 170.493 0.599
v -63.514 172.045 0.599
v -63.437 171.865 -0.161
v -52.993 170.509 0.599
v -52.378 172.383 0.599
v -52.353 172.772 0.599
v -55.227 172.783 0.599
v -55.319 172.045 0.599
v -55.386 171.879 -0.149
v -53.028 175.192 0.599
v -52.993 175.169 0.599
v -52.346 173.101 0.599
v -55.250 173.017 0.599
v -55.321 173.608 0.599
v -55.396 173.821 -0.147
v -55.353 173.602 -0.139
v -54.350 178.032 53.985
v -54.350 178.032 10.805
v -53.942 177.732 53.985
v -53.980 177.699 10.805
v -53.962 177.218 53.985
v -53.962 177.218 10.805
v -54.057 176.767 53.985
v -53.974 176.729 10.805
v -54.240 176.221 53.976
v -54.226 176.221 10.839
v -54.625 176.209 53.985
v -54.891 175.849 53.961
v -54.625 176.209 10.805
v -55.074 175.868 53.981
v -54.814 175.868 10.826
v -55.226 175.892 10.821
v -55.688 176.468 54.003
v -55.628 176.312 10.805
v -55.885 176.443 54.082
v -56.106 176.910 53.990
v -55.988 176.467 10.805
v -55.866 176.927 10.787
v -56.121 177.103 53.985
v -56.056 177.539 53.985
v -55.870 177.175 10.783
v -56.056 177.539 10.805
v -56.096 178.028 53.970
v -55.647 178.089 53.985
v -56.093 178.011 10.831
v -55.647 178.089 10.805
v -55.170 178.529 53.968
v -55.201 178.533 10.820
v -54.797 178.517 53.972
v -54.759 178.510 10.825
v -55.846 178.266 10.833
v -55.706 178.325 10.815
v -54.241 178.271 10.831
v -53.673 177.319 10.820
v -53.710 176.842 10.827
v -53.978 176.403 10.831
v -54.241 176.139 10.830
v -53.980 178.011 10.831
v -53.675 177.654 10.823
v -56.102 176.154 10.801
v -55.499 175.868 10.829
v -56.418 176.739 10.828
v -56.405 177.155 10.827
v -56.355 177.576 10.824
v -54.322 178.330 53.967
v -55.575 178.465 53.965
v -55.873 178.303 53.960
v -56.363 177.547 53.965
v -56.494 177.140 54.011
v -56.261 176.830 54.070
v -55.888 176.182 53.985
v -55.497 175.985 54.109
v -54.239 176.120 53.970
v -53.965 176.393 53.969
v -53.602 176.805 53.915
v -53.673 177.321 53.968
v -53.704 177.548 53.966
v -53.964 178.011 53.966
v -55.619 176.764 10.781
v -55.746 177.359 10.777
v -55.544 177.431 10.784
v -55.232 177.232 10.780
v -55.270 176.865 10.783
v -55.334 177.411 10.804
v -55.642 177.464 10.424
v -55.314 177.441 10.424
v -55.184 177.270 10.424
v -55.290 176.884 10.424
v -55.597 176.750 10.424
v -55.893 176.890 10.424
v -55.887 177.067 10.424
v -55.652 177.363 10.424
v -55.478 176.036 10.416
v -55.336 175.953 10.349
v -56.749 179.055 10.404
v -56.258 175.741 10.436
v -56.834 178.962 10.414
v -57.187 178.668 10.404
v -54.992 175.567 10.424
v -58.131 177.544 10.404
v -53.600 177.381 10.401
v -53.471 176.934 10.408
v -55.463 175.726 10.301
v -58.570 178.623 10.416
v -54.785 178.585 10.421
v -57.663 176.839 10.440
v -55.121 178.641 10.407
v -56.757 176.448 10.425
v -57.902 177.134 10.424
v -53.119 175.918 10.402
v -54.787 175.143 10.405
v -53.891 178.072 10.414
v -53.629 177.521 10.391
v -54.437 178.485 10.400
v -54.069 178.265 10.390
v -56.656 176.112 10.437
v -57.359 176.593 10.437
v -58.020 177.267 10.784
v -58.141 177.554 10.786
v -56.541 176.490 10.798
v -57.049 176.838 10.798
v -55.531 175.739 10.813
v -55.818 175.726 10.767
v -57.513 177.082 10.800
v -60.055 177.678 10.782
v -59.417 177.722 10.785
v -58.779 177.678 10.782
v -60.693 177.554 10.786
v -55.022 175.548 10.397
v -53.404 176.918 9.954
v -53.054 175.890 9.939
v -58.644 178.650 10.390
v -57.246 178.790 9.937
v -58.740 178.683 9.938
v -58.181 177.577 9.950
v -56.832 179.178 9.934
v -54.787 178.617 10.390
v -53.758 177.873 10.422
v -54.752 178.772 9.937
v -54.382 178.506 9.939
v -54.013 178.331 9.931
v -55.072 178.838 9.935
v -55.291 175.852 10.089
v -54.850 175.150 9.936
v -55.265 175.660 9.961
v -53.193 176.917 9.935
v -55.410 175.710 10.149
v -54.795 174.915 9.934
v -54.683 174.274 9.938
v -54.420 173.512 9.936
v -54.326 172.843 9.933
v -54.417 172.251 9.936
v -54.433 171.699 9.933
v -54.778 170.764 9.931
v -55.142 170.330 9.938
v -55.513 169.650 9.936
v -55.954 169.165 9.933
v -56.457 168.739 9.936
v -57.095 168.317 9.935
v -57.662 168.095 9.936
v -58.396 167.978 9.935
v -59.075 167.884 9.935
v -59.759 167.884 9.935
v -60.438 167.978 9.935
v -61.172 168.095 9.936
v -61.739 168.317 9.935
v -62.377 168.739 9.936
v -62.876 169.160 9.935
v -63.321 169.650 9.936
v -63.692 170.330 9.938
v -64.056 170.764 9.931
v -64.344 171.659 9.930
v -64.417 172.251 9.936
v -64.508 172.843 9.933
v -64.415 173.512 9.936
v -64.152 174.274 9.938
v -64.039 174.915 9.934
v -63.546 175.672 9.992
v -55.080 175.154 9.964
v -54.520 173.315 9.964
v -54.639 171.549 9.941
v -56.292 169.023 9.964
v -58.159 167.880 9.938
v -58.934 167.924 9.964
v -59.900 167.924 9.964
v -60.675 167.880 9.938
v -62.542 169.023 9.964
v -64.177 171.531 9.957
v -64.315 173.315 9.964
v -63.754 175.154 9.964
v -58.346 177.638 9.929
v -54.353 178.766 9.934
v -53.631 177.959 9.937
v -53.597 177.630 9.941
v -53.844 178.078 9.938
v -53.544 177.397 9.935
v -58.453 177.619 10.424
v -60.094 178.683 9.938
v -59.949 178.650 10.424
v -60.444 177.649 9.930
v -60.382 177.619 10.424
v -60.638 177.590 9.939
v -60.248 178.634 10.403
v -60.703 177.544 10.404
v -61.597 178.797 9.937
v -59.871 177.694 10.424
v -58.963 177.694 10.424
v -60.919 177.110 10.459
v -60.814 177.268 10.784
v -61.649 178.668 10.404
v -61.993 178.963 10.413
v -61.985 179.199 9.935
v -62.203 179.133 9.919
v -62.086 179.055 10.404
v -63.761 178.833 9.935
v -63.713 178.641 10.406
v -64.808 178.339 9.930
v -64.481 178.766 9.934
v -64.082 178.772 9.937
v -64.444 178.508 9.940
v -64.398 178.485 10.400
v -64.048 178.617 10.390
v -64.763 178.266 10.391
v -64.049 178.585 10.421
v -64.950 178.061 10.415
v -65.205 177.521 10.391
v -65.076 177.873 10.422
v -61.401 176.632 10.431
v -61.133 176.868 10.439
v -62.061 176.454 10.425
v -62.178 176.112 10.437
v -62.576 175.740 10.435
v -61.475 176.593 10.437
v -62.740 176.147 10.801
v -62.293 176.490 10.798
v -62.054 176.891 10.821
v -61.641 176.896 10.790
v -61.322 177.082 10.800
v -63.290 175.743 10.810
v -65.177 177.977 9.935
v -64.982 178.072 9.947
v -65.215 177.617 9.944
v -65.290 177.397 9.935
v -65.235 177.381 10.401
v -63.544 175.852 10.091
v -63.413 175.717 10.242
v -63.327 175.734 10.354
v -63.490 175.963 10.356
v -63.297 176.033 10.421
v -64.047 175.143 10.405
v -63.818 175.552 10.403
v -63.984 175.150 9.935
v -65.772 175.894 9.943
v -65.715 175.918 10.402
v -65.817 175.875 9.917
v -65.584 176.917 9.936
v -65.362 176.933 10.404
v -63.176 177.461 10.424
v -63.148 177.296 10.424
v -63.636 177.261 10.424
v -63.497 177.461 10.424
v -63.201 176.753 10.424
v -63.518 176.864 10.424
v -62.934 177.075 10.424
v -62.912 176.921 10.424
v -63.256 177.432 10.784
v -63.068 177.335 10.776
v -62.947 177.159 10.785
v -62.950 176.942 10.789
v -63.186 176.779 10.781
v -63.561 176.863 10.782
v -63.602 177.232 10.780
v -63.439 177.422 10.790
v -65.164 177.320 10.820
v -65.121 176.838 10.827
v -64.837 176.390 10.832
v -65.286 176.382 10.830
v -65.098 177.636 10.824
v -64.854 178.011 10.831
v -65.175 178.031 10.822
v -55.297 175.539 10.806
v -55.493 175.757 11.302
v -54.864 175.488 10.826
v -55.116 175.135 10.752
v -54.965 174.900 10.785
v -54.727 174.276 10.782
v -54.560 173.311 10.752
v -54.573 173.631 10.785
v -54.508 172.969 10.785
v -54.536 172.309 10.782
v -54.659 171.625 10.782
v -54.852 171.014 10.785
v -55.200 170.309 10.808
v -53.274 176.891 10.811
v -53.521 176.368 10.828
v -53.738 176.061 10.828
v -54.022 175.817 10.837
v -54.342 175.621 10.828
v -54.003 175.786 10.807
v -55.472 175.748 11.889
v -55.450 175.739 12.476
v -55.413 175.746 13.300
v -55.291 175.716 13.327
v -54.821 175.627 13.325
v -55.355 175.801 13.298
v -54.299 175.728 13.323
v -54.128 176.110 13.319
v -53.759 176.158 13.323
v -53.588 176.452 13.320
v -53.578 176.774 13.324
v -53.375 177.112 13.314
v -53.389 177.461 13.310
v -53.587 177.646 13.329
v -53.612 178.013 13.317
v -54.126 178.304 13.320
v -54.129 178.607 13.306
v -54.446 178.752 13.323
v -54.770 178.739 13.323
v -55.163 178.723 13.324
v -55.622 178.742 13.324
v -55.837 178.669 13.295
v -55.941 178.305 13.319
v -56.328 178.237 13.323
v -56.392 177.963 13.323
v -56.672 177.203 13.323
v -56.636 177.619 13.323
v -53.545 177.188 13.326
v -54.634 175.831 13.295
v -54.384 175.910 13.324
v -54.198 176.141 11.453
v -54.206 176.171 11.453
v -54.033 176.350 11.453
v -53.947 176.305 13.319
v -53.944 178.107 13.319
v -55.291 170.087 10.884
v -55.528 169.836 10.800
v -55.455 169.945 11.081
v -55.186 170.109 11.046
v -54.842 170.139 11.038
v -54.919 169.962 10.874
v -54.855 170.310 10.830
v -55.297 169.928 13.325
v -54.804 170.012 13.323
v -55.413 169.904 13.300
v -55.474 169.902 11.836
v -55.452 169.911 12.427
v -54.399 170.029 11.043
v -54.099 169.871 11.043
v -53.878 169.705 11.038
v -53.689 169.494 11.043
v -53.507 169.207 11.043
v -53.363 168.793 11.035
v -53.159 168.798 10.813
v -53.320 169.261 10.820
v -53.587 169.568 10.861
v -53.734 169.861 10.811
v -54.073 170.010 10.864
v -54.359 170.245 10.811
v -54.412 170.104 10.903
v -53.915 169.654 10.893
v -53.687 169.062 10.853
v -51.989 172.298 10.787
v -51.914 172.647 10.787
v -51.951 173.179 10.787
v -53.221 168.734 9.933
v -52.078 172.415 9.934
v -52.023 173.169 9.935
v -53.642 176.983 11.607
v -53.350 176.983 11.607
v -52.076 172.791 9.934
v -53.629 177.197 11.661
v -53.340 177.198 11.662
v -53.639 177.352 11.206
v -54.004 178.038 11.453
v -54.197 178.224 11.453
v -54.206 178.243 11.453
v -54.375 178.493 13.319
v -55.608 178.544 13.320
v -55.184 178.938 10.811
v -55.867 178.239 11.453
v -56.125 178.110 13.319
v -56.067 178.038 11.453
v -56.485 176.864 13.320
v -56.504 177.115 13.324
v -56.439 177.577 13.324
v -56.633 176.996 13.313
v -56.375 177.991 10.828
v -56.494 176.771 11.889
v -56.485 176.749 11.302
v -56.503 176.793 12.476
v -56.754 177.175 10.828
v -56.660 176.890 10.824
v -56.738 177.518 10.828
v -56.641 177.860 10.825
v -56.254 178.433 10.828
v -55.942 178.681 10.828
v -55.614 178.838 10.828
v -56.872 179.351 10.786
v -57.127 179.135 10.775
v -56.812 179.401 10.757
v -57.179 179.105 9.943
v -56.816 179.418 9.949
v -57.301 178.941 10.785
v -57.425 178.903 10.788
v -57.437 178.932 9.938
v -61.511 178.935 10.785
v -61.396 178.933 9.937
v -61.622 179.014 10.783
v -61.600 179.030 9.942
v -61.968 179.351 10.785
v -62.035 179.401 10.757
v -62.009 179.419 9.951
v -63.643 178.940 10.810
v -54.737 178.890 10.805
v -54.390 178.791 10.805
v -54.109 178.650 10.805
v -54.017 178.612 9.946
v -53.929 178.504 10.805
v -53.756 178.363 9.936
v -53.769 178.352 10.805
v -53.527 178.001 10.805
v -53.386 177.747 9.946
v -53.282 177.397 9.936
v -53.366 177.606 10.837
v -53.305 177.369 10.811
v -65.438 177.744 9.936
v -65.079 178.363 9.936
v -65.552 177.397 9.936
v -64.817 178.612 9.946
v -65.400 177.803 10.805
v -65.469 177.605 10.834
v -65.039 178.385 10.805
v -64.721 178.643 10.805
v -64.616 178.269 10.840
v -64.445 178.790 10.805
v -64.097 178.890 10.805
v -65.529 177.369 10.812
v -62.096 177.518 10.828
v -62.180 177.866 10.810
v -62.417 177.968 10.830
v -62.553 178.421 10.818
v -62.892 178.682 10.828
v -63.220 178.838 10.828
v -62.973 178.274 10.839
v -62.078 177.185 10.826
v -65.494 177.198 11.662
v -65.195 177.352 11.206
v -65.205 177.197 11.661
v -65.484 176.983 11.607
v -65.192 176.983 11.607
v -62.411 176.739 10.828
v -62.349 176.749 11.302
v -62.346 176.864 13.319
v -62.331 176.793 12.476
v -62.340 176.771 11.889
v -62.198 176.995 13.303
v -62.157 177.229 13.323
v -62.429 177.152 10.827
v -62.476 177.566 10.824
v -62.743 178.011 10.831
v -62.303 177.100 13.329
v -62.185 177.617 13.310
v -62.442 177.963 13.323
v -62.506 178.237 13.323
v -62.893 178.306 13.319
v -62.997 178.669 13.295
v -63.212 178.742 13.324
v -63.671 178.723 13.324
v -64.064 178.739 13.323
v -64.388 178.752 13.323
v -64.705 178.607 13.306
v -64.707 178.305 13.320
v -65.178 178.020 13.323
v -65.228 177.668 13.327
v -65.436 177.461 13.320
v -65.449 177.114 13.323
v -65.232 176.774 13.326
v -65.409 176.771 13.308
v -65.185 176.430 13.326
v -65.076 176.158 13.323
v -64.706 176.109 13.320
v -64.385 175.672 13.324
v -63.914 175.616 13.324
v -62.364 177.585 13.328
v -62.711 178.109 13.319
v -65.560 176.891 10.811
v -65.096 176.061 10.828
v -64.622 176.125 10.839
v -64.492 175.621 10.828
v -63.974 175.488 10.826
v -63.497 175.732 13.321
v -63.477 175.800 13.298
v -63.363 175.748 11.889
v -63.341 175.757 11.302
v -63.384 175.739 12.476
v -63.336 175.866 10.830
v -63.524 175.549 10.808
v -64.831 175.786 10.807
v -64.430 175.904 13.322
v -63.547 175.882 10.820
v -64.563 176.137 10.815
v -64.007 175.880 10.824
v -63.632 170.305 10.808
v -63.982 171.014 10.785
v -64.167 171.621 10.776
v -64.299 172.309 10.782
v -64.326 172.969 10.785
v -64.274 173.311 10.752
v -64.262 173.631 10.785
v -64.107 174.276 10.782
v -63.869 174.900 10.785
v -63.718 175.135 10.752
v -64.211 171.642 10.805
v -62.767 178.038 11.453
v -62.967 178.239 11.453
v -63.051 178.280 10.815
v -63.226 178.544 13.320
v -64.371 178.544 13.320
v -63.624 178.531 10.820
v -64.051 178.511 10.822
v -64.552 178.279 10.816
v -64.629 176.171 11.453
v -64.801 176.350 11.453
v -64.884 176.304 13.319
v -64.475 176.245 10.813
v -65.253 177.207 13.320
v -64.890 178.108 13.319
v -64.830 178.038 11.453
v -64.630 178.239 11.453
v -63.540 170.090 10.885
v -63.306 169.833 10.801
v -63.979 170.311 10.830
v -63.915 169.962 10.874
v -63.966 170.141 11.040
v -63.584 170.077 11.045
v -63.360 169.922 11.109
v -63.493 169.915 13.319
v -63.382 169.911 12.427
v -63.361 169.902 11.836
v -63.914 170.038 13.325
v -65.678 168.803 10.812
v -65.471 168.793 11.035
v -65.327 169.207 11.043
v -65.145 169.494 11.043
v -64.956 169.705 11.038
v -64.736 169.871 11.043
v -64.435 170.029 11.043
v -64.476 170.246 10.811
v -64.761 170.010 10.863
v -65.101 169.862 10.811
v -65.221 169.590 10.862
v -65.495 169.251 10.831
v -65.111 169.055 10.851
v -64.621 169.513 10.843
v -64.422 170.105 10.902
v -66.845 172.298 10.787
v -66.883 173.179 10.787
v -66.920 172.647 10.787
v -66.735 172.408 9.936
v -65.602 168.734 9.938
v -66.758 172.791 9.934
v -66.790 173.182 9.936
v -62.159 168.425 13.325
v -62.370 167.966 13.329
v -62.460 167.619 13.325
v -62.891 167.330 13.318
v -63.212 167.099 13.323
v -63.220 166.904 13.323
v -63.714 166.875 13.330
v -64.060 166.840 13.327
v -64.388 166.900 13.323
v -64.710 167.323 13.318
v -65.131 167.574 13.326
v -65.245 167.965 13.325
v -65.449 168.507 13.320
v -65.283 168.799 13.327
v -65.169 169.144 13.326
v -65.076 169.493 13.323
v -64.711 169.536 13.320
v -64.364 169.941 13.326
v -65.409 168.880 13.308
v -65.434 168.188 13.324
v -62.999 166.982 13.295
v -62.496 167.399 13.304
v -62.185 168.034 13.310
v -64.490 169.712 13.317
v -63.312 169.760 10.820
v -62.440 168.913 10.812
v -62.520 169.049 10.752
v -62.729 169.175 10.788
v -63.535 169.702 10.806
v -64.090 169.740 10.820
v -64.557 169.509 10.816
v -64.630 169.476 11.453
v -64.889 169.343 13.318
v -64.854 169.248 10.832
v -64.830 169.275 11.453
v -65.253 168.444 13.320
v -64.857 167.523 13.320
v -65.140 168.747 10.826
v -65.164 168.324 10.820
v -62.345 168.782 13.319
v -62.342 168.379 13.325
v -62.192 168.644 13.300
v -62.332 168.860 12.427
v -62.341 168.882 11.836
v -62.287 168.850 11.078
v -62.093 168.432 11.038
v -62.150 168.659 11.044
v -62.030 168.678 10.841
v -62.514 167.968 10.825
v -62.426 168.359 10.826
v -62.336 167.738 10.915
v -62.797 167.593 10.835
v -62.742 167.522 13.320
v -61.903 168.513 10.820
v -62.126 168.081 11.043
v -62.339 167.572 11.043
v -62.688 167.143 11.043
v -62.939 166.964 11.035
v -62.911 166.844 10.860
v -62.408 166.779 10.798
v -62.367 167.292 10.858
v -62.094 167.658 10.831
v -62.003 168.054 10.864
v -62.970 167.348 10.842
v -60.918 168.152 10.782
v -61.386 168.331 10.782
v -61.562 168.407 10.779
v -60.444 168.112 10.784
v -60.492 168.035 10.424
v -60.247 168.503 10.433
v -60.293 168.230 10.793
v -60.132 168.546 10.462
v -58.611 168.234 10.800
v -59.147 168.170 10.800
v -59.642 168.173 10.798
v -58.686 168.543 10.459
v -59.082 168.509 10.463
v -59.585 168.503 10.463
v -58.548 168.464 10.424
v -59.899 167.940 10.424
v -58.935 167.940 10.424
v -58.342 168.035 10.424
v -58.523 168.227 10.792
v -58.388 168.106 10.785
v -57.023 168.551 10.774
v -57.446 168.327 10.785
v -57.916 168.152 10.782
v -56.916 168.489 10.828
v -62.850 167.534 11.453
v -62.966 167.386 11.453
v -63.035 167.423 10.814
v -64.371 167.107 13.320
v -63.600 167.016 13.314
v -64.071 167.020 13.317
v -63.088 167.307 10.817
v -63.646 167.097 10.824
v -64.029 167.138 10.821
v -64.520 167.316 10.818
v -64.622 167.352 10.841
v -64.631 167.388 11.453
v -64.736 167.524 11.453
v -64.815 167.599 10.836
v -64.565 167.423 10.815
v -65.099 168.012 10.825
v -65.185 167.597 10.818
v -65.363 168.717 10.408
v -65.227 168.271 10.407
v -63.180 166.792 10.863
v -63.615 166.736 10.812
v -63.071 166.897 11.029
v -63.860 166.731 10.800
v -56.798 168.683 10.844
v -59.584 167.541 10.784
v -59.583 167.189 10.784
v -59.417 166.739 10.796
v -59.230 167.202 10.783
v -56.426 166.779 10.798
v -56.440 167.265 10.857
v -56.831 168.054 10.864
v -59.247 167.540 10.784
v -57.936 166.739 10.796
v -56.705 167.675 10.864
v -55.905 166.838 10.859
v -60.898 166.739 10.796
v -56.394 168.912 10.814
v -56.738 168.445 11.042
v -56.664 168.698 11.044
v -56.539 168.860 11.081
v -56.486 168.785 13.319
v -56.502 168.860 12.427
v -56.493 168.882 11.836
v -56.627 168.657 13.315
v -56.676 168.424 13.324
v -55.877 166.954 11.030
v -56.147 167.143 11.043
v -56.495 167.572 11.043
v -56.708 168.081 11.043
v -55.857 167.353 10.838
v -55.622 166.784 10.861
v -55.188 166.736 10.810
v -54.967 166.732 10.802
v -55.747 166.891 11.035
v -63.799 166.835 9.936
v -55.036 166.835 9.936
v -59.545 167.590 10.430
v -59.579 167.202 10.448
v -59.234 167.215 10.449
v -59.277 167.586 10.431
v -64.376 166.832 10.805
v -64.485 166.862 9.940
v -64.134 166.819 9.934
v -64.660 166.969 10.805
v -64.673 166.947 9.969
v -64.754 167.142 9.937
v -65.089 167.299 9.940
v -65.011 167.232 10.805
v -65.200 167.640 9.937
v -65.464 168.033 10.898
v -65.438 167.907 9.936
v -55.917 166.843 9.916
v -53.745 167.299 9.940
v -53.635 167.640 9.937
v -53.587 167.542 10.805
v -54.080 167.142 9.937
v -53.946 167.135 10.805
v -54.161 166.947 9.969
v -54.171 166.964 10.805
v -54.458 166.832 10.805
v -54.349 166.862 9.940
v -54.700 166.819 9.934
v -53.386 167.904 9.946
v -53.664 167.995 10.822
v -53.573 167.965 9.930
v -53.282 168.254 9.936
v -53.371 168.045 11.031
v -53.352 168.096 10.943
v -53.301 168.269 10.931
v -53.333 168.270 11.032
v -65.552 168.254 9.936
v -65.463 168.043 11.033
v -65.535 168.271 10.930
v -65.501 168.270 11.032
v -56.104 169.176 10.788
v -55.521 169.760 10.819
v -56.314 169.049 10.752
v -56.409 168.360 10.826
v -56.315 167.961 10.824
v -56.021 167.580 10.833
v -56.263 167.781 10.855
v -55.230 169.686 10.806
v -54.734 169.737 10.819
v -54.233 169.511 10.835
v -54.371 169.890 13.329
v -54.123 169.537 13.320
v -53.759 169.493 13.323
v -53.635 169.117 13.323
v -53.526 168.815 13.323
v -53.545 168.463 13.326
v -53.574 167.986 13.326
v -53.661 167.562 13.320
v -54.122 167.326 13.318
v -54.446 166.900 13.323
v -54.775 166.840 13.327
v -55.120 166.875 13.330
v -55.614 166.904 13.323
v -55.622 167.099 13.323
v -55.944 167.329 13.318
v -56.374 167.619 13.325
v -56.636 168.032 13.323
v -56.338 167.399 13.304
v -55.836 166.982 13.295
v -53.376 168.497 13.311
v -53.390 168.186 13.313
v -54.336 169.711 13.319
v -56.485 168.371 13.324
v -56.403 167.940 13.323
v -56.092 167.522 13.320
v -55.973 167.524 11.453
v -55.868 167.388 11.453
v -55.768 167.426 10.808
v -54.375 167.158 13.319
v -54.763 167.020 13.317
v -55.234 167.016 13.314
v -54.241 167.346 10.833
v -54.756 167.121 10.826
v -55.176 167.109 10.822
v -55.591 167.186 10.828
v -54.198 167.378 11.453
v -53.975 167.524 13.320
v -54.208 167.417 11.453
v -54.033 167.587 11.453
v -54.204 167.387 11.453
v -54.243 167.428 10.831
v -53.979 167.640 10.833
v -53.945 169.342 13.318
v -53.937 167.949 10.805
v -53.670 168.323 10.820
v -53.472 168.718 10.404
v -53.689 168.735 10.827
v -53.607 168.271 10.407
v -53.981 169.247 10.832
v -53.936 168.817 10.805
v -54.004 169.275 11.453
v -54.197 169.462 11.453
v -54.206 169.480 11.453
v -65.495 168.425 11.661
v -65.486 168.655 11.627
v -65.195 168.299 11.206
v -65.206 168.427 11.661
v -65.194 168.655 11.627
v -53.349 168.655 11.627
v -53.339 168.425 11.661
v -53.628 168.427 11.661
v -53.640 168.655 11.627
v -53.639 168.299 11.206
v -53.404 168.733 9.952
v -53.119 169.733 10.402
v -53.054 169.761 9.939
v -54.779 170.503 10.407
v -54.804 170.572 9.939
v -55.083 169.980 10.403
v -55.445 169.489 10.406
v -55.876 169.035 10.406
v -56.346 168.648 10.403
v -55.672 169.279 10.376
v -56.857 168.312 10.408
v -55.688 169.294 9.964
v -55.107 170.048 9.938
v -56.921 168.350 9.933
v -56.863 167.023 10.402
v -56.916 166.970 9.939
v -55.036 167.028 10.406
v -53.689 168.003 10.406
v -53.921 167.588 10.410
v -54.378 167.203 10.411
v -54.742 167.059 10.406
v -53.544 168.254 9.935
v -53.795 167.725 10.387
v -54.195 167.285 10.392
v -53.939 167.454 9.935
v -54.435 167.093 9.935
v -54.732 167.013 9.949
v -65.290 168.254 9.935
v -65.145 168.003 10.406
v -65.203 167.984 9.935
v -64.102 167.013 9.949
v -64.093 167.059 10.406
v -64.399 167.093 9.935
v -64.374 167.150 10.406
v -64.630 167.297 10.406
v -64.895 167.454 9.935
v -64.866 167.523 10.408
v -65.028 167.731 10.403
v -63.799 167.028 10.406
v -61.971 167.023 10.402
v -61.919 166.970 9.939
v -61.977 168.312 10.408
v -61.913 168.350 9.933
v -62.488 168.648 10.403
v -62.959 169.035 10.406
v -63.409 169.473 10.424
v -63.751 169.980 10.403
v -63.163 169.279 10.376
v -63.383 169.494 10.400
v -64.055 170.503 10.407
v -65.715 169.733 10.402
v -65.772 169.757 9.943
v -65.817 169.776 9.917
v -64.031 170.572 9.939
v -63.146 169.294 9.964
v -63.727 170.048 9.938
v -60.668 167.808 10.390
v -60.304 167.741 10.376
v -61.205 167.958 10.403
v -60.120 167.686 10.406
v -60.675 167.780 10.419
v -61.687 168.164 10.405
v -57.627 167.959 10.403
v -58.152 167.779 10.420
v -58.704 167.687 10.406
v -58.159 167.808 10.392
v -58.531 167.741 10.376
v -57.149 168.162 10.405
v -61.689 167.023 10.402
v -57.145 167.023 10.402
v -58.535 167.765 9.964
v -58.794 167.737 9.935
v -59.417 167.699 9.935
v -60.040 167.737 9.935
v -60.299 167.765 9.964
v -57.093 166.970 9.939
v -61.742 166.970 9.939
v -59.334 178.333 10.492
v -59.356 178.175 10.488
v -59.438 178.161 10.488
v -59.436 178.357 10.488
v -64.422 173.935 9.935
v -64.286 174.433 9.938
v -65.836 175.721 9.939
v -64.286 171.218 9.938
v -65.836 169.930 9.939
v -54.549 171.218 9.938
v -52.987 169.904 9.920
v -54.549 174.433 9.938
v -54.412 173.935 9.935
v -52.987 175.748 9.920
v -53.005 169.945 9.949
v -52.211 172.370 9.949
v -54.336 172.051 9.964
v -54.656 170.766 10.407
v -53.030 170.003 10.402
v -52.243 172.446 10.410
v -54.292 172.037 10.403
v -54.439 171.374 10.403
v -54.234 172.815 10.405
v -52.195 172.541 10.384
v -52.181 172.825 10.400
v -52.213 172.808 10.422
v -64.498 172.051 9.964
v -64.589 172.825 10.394
v -66.644 172.812 10.406
v -66.627 172.542 10.400
v -66.580 172.403 10.408
v -64.395 171.374 10.403
v -64.542 172.037 10.403
v -64.167 170.762 10.401
v -65.809 169.991 10.395
v -64.615 172.800 10.420
v -64.211 170.778 10.424
v -65.789 170.037 10.422
v -52.211 173.281 9.949
v -53.005 175.706 9.949
v -54.439 174.277 10.403
v -54.292 173.614 10.403
v -54.656 174.885 10.407
v -52.241 173.178 10.412
v -53.030 175.648 10.402
v -52.195 173.109 10.384
v -54.202 173.002 10.424
v -64.168 174.889 10.401
v -65.809 175.661 10.395
v -66.580 173.248 10.408
v -64.542 173.614 10.403
v -64.395 174.277 10.403
v -66.623 173.087 10.405
v -64.211 174.873 10.424
v -64.632 173.002 10.424
v -65.789 175.614 10.422
v -59.580 181.193 -1.572
v -59.238 181.175 -1.572
v -59.263 180.857 -1.572
v -59.567 180.862 -1.572
v -65.949 181.197 -1.572
v -52.519 181.116 -1.572
v -52.827 181.232 -1.572
v -51.920 181.932 -1.572
v -51.802 181.787 -1.572
v -51.797 181.737 -1.572
v -51.797 179.100 -1.515
v -52.534 180.909 -1.572
v -52.827 180.845 -1.572
v -66.896 181.949 -1.572
v -67.037 179.100 -1.515
v -66.278 180.891 -1.572
v -65.979 180.840 -1.572
v -66.288 181.161 -1.572
v -67.018 181.834 -1.572
v -67.035 181.762 -1.572
v -53.005 181.039 -1.572
v -51.797 178.944 -1.496
v -67.037 178.944 -1.496
v -67.028 179.070 -0.779
v -67.028 178.918 -0.779
v -51.797 179.070 -0.832
v -51.797 178.918 -0.832
v -66.859 178.918 -0.589
v -66.859 179.070 -0.589
v -66.949 179.070 -0.645
v -66.949 178.918 -0.645
v -65.005 178.918 -0.008
v -65.005 179.070 -0.008
v -51.975 179.070 -0.589
v -51.975 178.918 -0.589
v -51.855 178.918 -0.688
v -51.855 179.070 -0.688
v -53.829 178.918 -0.008
v -53.829 179.070 -0.008
v -65.005 178.896 0.470
v -53.829 178.896 0.470
v -53.829 179.054 0.426
v -65.005 179.054 0.426
v -58.270 178.829 0.447
v -53.831 176.226 0.523
v -65.003 176.226 0.523
v -64.881 176.055 0.523
v -62.742 176.025 0.523
v -53.952 176.055 0.523
v -56.092 176.025 0.523
v -61.961 176.639 0.523
v -61.169 177.061 0.523
v -60.310 177.321 0.523
v -59.437 177.565 0.470
v -58.439 177.296 0.498
v -57.665 177.061 0.523
v -56.873 176.639 0.523
v -59.352 177.703 0.460
v -58.270 177.453 0.447
v -63.713 168.653 52.735
v -63.627 168.373 52.732
v -63.972 168.372 52.732
v -63.908 168.646 52.736
v -63.778 168.194 52.755
v -63.826 168.195 52.753
v -63.951 168.697 53.764
v -64.074 168.388 53.761
v -63.907 168.161 53.765
v -63.712 168.156 53.766
v -63.523 168.388 53.761
v -63.657 168.700 53.763
v -63.640 168.055 53.937
v -63.339 168.132 53.985
v -63.328 168.394 53.968
v -63.341 168.675 53.978
v -63.600 168.805 53.931
v -63.997 168.805 53.931
v -64.256 168.675 53.978
v -64.282 168.399 53.972
v -64.258 168.132 53.985
v -64.003 168.068 53.938
v -63.466 168.392 53.885
v -64.139 168.390 53.892
v -62.779 167.590 53.969
v -64.867 169.260 53.970
v -64.518 169.538 53.977
v -64.626 169.523 53.966
v -63.022 167.435 53.984
v -62.332 168.506 54.019
v -62.495 168.002 53.965
v -63.943 169.721 53.985
v -64.548 167.437 53.968
v -65.130 168.775 53.966
v -64.396 167.216 53.967
v -64.862 167.636 53.966
v -63.186 167.243 53.970
v -62.885 167.234 53.935
v -62.700 168.702 53.995
v -63.983 170.018 53.905
v -63.520 169.612 54.041
v -65.164 168.307 53.966
v -63.950 167.124 53.970
v -63.096 169.187 54.046
v -63.648 167.102 53.967
v -65.091 167.991 53.966
v -62.761 167.496 51.461
v -64.721 169.542 51.460
v -64.906 169.356 51.462
v -62.461 167.658 53.934
v -62.867 167.295 51.461
v -64.638 167.346 53.964
v -64.831 167.492 51.455
v -64.752 167.249 51.455
v -63.141 167.052 51.456
v -63.662 166.923 51.456
v -64.049 166.917 51.456
v -64.396 167.069 51.459
v -65.249 167.969 51.456
v -65.341 168.371 51.455
v -65.302 168.809 51.456
v -65.146 169.167 51.456
v -65.095 167.595 51.457
v -65.120 169.142 53.930
v -65.133 168.735 54.366
v -65.133 168.254 54.366
v -62.328 168.041 51.456
v -62.470 167.626 51.456
v -62.251 168.413 51.480
v -62.091 168.504 54.315
v -62.187 168.569 54.183
v -64.585 169.709 51.459
v -64.407 169.867 51.456
v -63.859 169.998 51.460
v -63.702 169.936 54.038
v -63.344 166.907 51.456
v -64.348 166.938 51.456
v -65.022 169.481 51.455
v -62.193 168.402 51.479
v -65.405 168.519 51.463
v -64.653 169.802 51.470
v -62.111 168.349 53.311
v -62.158 168.492 52.814
v -62.173 168.477 52.424
v -62.205 168.487 52.303
v -62.217 168.469 51.987
v -63.404 169.692 54.231
v -63.122 169.342 54.335
v -62.910 169.162 54.272
v -62.551 168.838 54.231
v -63.592 169.930 54.307
v -62.555 168.805 54.078
v -63.777 170.038 51.998
v -63.792 170.016 51.688
v -63.764 170.064 52.384
v -63.752 170.089 52.844
v -63.764 170.128 53.272
v -63.804 170.087 52.327
v -63.805 170.066 51.897
v -62.183 168.450 51.972
v -63.968 170.303 53.468
v -63.950 170.134 53.331
v -63.830 170.204 53.398
v -63.778 170.181 53.421
v -63.793 170.204 53.430
v -64.031 170.146 53.541
v -64.320 170.837 53.494
v -64.463 171.544 53.499
v -64.494 172.197 53.496
v -64.533 172.826 53.496
v -64.490 173.464 53.499
v -64.530 174.064 53.493
v -64.320 174.814 53.494
v -63.973 175.324 53.478
v -64.163 170.948 53.504
v -64.498 172.584 53.526
v -64.447 174.422 53.499
v -64.181 174.670 53.501
v -63.950 175.517 53.333
v -64.015 175.489 53.516
v -63.762 175.525 53.262
v -63.790 175.451 53.430
v -63.763 175.586 52.412
v -63.776 175.613 51.998
v -63.792 175.634 51.687
v -63.859 175.655 51.460
v -63.751 175.566 52.814
v -63.807 175.564 52.327
v -63.816 175.581 51.897
v -62.018 168.277 53.469
v -62.015 168.170 53.578
v -56.808 168.276 53.467
v -57.541 167.975 53.497
v -58.170 167.864 53.496
v -58.775 167.598 53.496
v -59.417 167.619 53.496
v -60.058 167.599 53.496
v -60.665 167.864 53.496
v -61.293 167.975 53.497
v -57.005 168.331 53.510
v -58.454 167.831 53.526
v -60.380 167.831 53.526
v -56.724 168.348 53.314
v -56.816 168.164 53.588
v -56.656 168.477 52.378
v -56.680 168.490 52.844
v -56.562 168.408 51.468
v -56.633 168.463 51.994
v -56.626 168.413 51.492
v -65.230 168.407 52.878
v -65.218 168.655 52.902
v -65.458 168.389 52.879
v -65.448 168.655 52.902
v -63.593 175.726 54.323
v -63.699 175.708 54.042
v -64.471 175.752 51.456
v -64.715 176.091 51.460
v -65.022 176.170 51.455
v -65.124 176.411 51.456
v -65.264 176.772 51.456
v -65.405 177.132 51.463
v -65.281 177.626 51.456
v -65.098 178.048 51.456
v -65.046 178.216 51.470
v -64.732 178.363 51.455
v -64.359 178.690 51.458
v -64.049 178.734 51.456
v -63.662 178.728 51.456
v -63.210 178.678 51.456
v -62.888 178.312 51.461
v -62.470 178.025 51.456
v -62.324 177.605 51.457
v -62.193 177.250 51.477
v -62.251 177.237 51.480
v -65.316 177.183 51.455
v -64.451 175.872 51.458
v -63.878 175.846 53.968
v -63.622 175.934 54.021
v -62.109 177.292 53.308
v -62.172 177.176 52.402
v -62.154 177.161 52.844
v -62.217 177.182 51.987
v -62.206 177.166 52.269
v -62.184 177.195 52.002
v -62.332 177.135 54.020
v -62.187 177.082 54.183
v -62.088 177.151 54.313
v -62.550 176.810 54.258
v -63.122 176.309 54.335
v -63.242 176.140 54.272
v -63.404 175.960 54.231
v -63.116 176.450 54.046
v -62.721 177.178 53.985
v -62.561 176.842 54.096
v -62.715 176.890 53.996
v -64.503 176.093 53.976
v -64.628 176.123 53.966
v -62.688 178.122 51.461
v -62.733 178.025 53.970
v -62.461 177.994 53.935
v -62.469 177.542 53.965
v -62.954 178.312 53.958
v -63.040 178.161 53.985
v -63.109 178.326 53.976
v -64.854 176.383 53.970
v -64.559 176.223 53.984
v -64.897 176.299 51.461
v -64.895 178.130 51.455
v -65.132 176.871 53.965
v -65.163 177.322 53.967
v -65.120 176.509 53.929
v -65.133 176.917 54.366
v -65.133 177.398 54.366
v -65.111 177.579 53.970
v -64.861 178.013 53.967
v -65.047 177.810 53.962
v -64.463 178.353 53.967
v -64.395 178.572 51.458
v -63.966 178.525 53.968
v -63.652 178.527 53.968
v -63.207 178.575 51.458
v -64.639 178.307 53.963
v -64.253 176.920 53.983
v -63.333 177.475 53.983
v -63.603 177.574 53.934
v -64.016 176.850 53.933
v -63.325 177.219 53.968
v -63.633 176.829 53.932
v -64.278 177.215 53.971
v -63.358 176.939 53.978
v -64.265 177.475 53.983
v -63.994 177.574 53.934
v -63.693 176.928 53.763
v -63.517 177.192 53.764
v -63.674 177.476 53.761
v -63.933 177.473 53.763
v -64.080 177.192 53.764
v -63.925 176.934 53.761
v -63.461 177.197 53.884
v -64.140 177.202 53.887
v -63.739 177.430 52.737
v -63.885 177.426 52.738
v -63.987 177.194 52.731
v -63.867 176.979 52.740
v -63.734 176.977 52.741
v -63.612 177.194 52.731
v -61.942 177.293 53.460
v -61.321 177.672 53.496
v -60.747 177.928 53.496
v -60.119 178.081 53.497
v -59.417 178.033 53.496
v -58.776 178.050 53.496
v -58.116 177.936 53.495
v -57.542 177.683 53.496
v -56.883 177.291 53.456
v -57.015 177.324 53.512
v -61.750 177.351 53.526
v -60.686 177.771 53.504
v -58.148 177.771 53.504
v -62.047 177.451 53.521
v -56.725 177.287 53.303
v -56.784 177.453 53.519
v -56.657 177.173 52.411
v -56.635 177.192 51.979
v -56.565 177.240 51.470
v -56.677 177.159 52.814
v -56.627 177.237 51.492
v -65.229 177.200 52.875
v -65.213 176.974 52.930
v -65.456 177.214 52.876
v -65.447 176.974 52.930
v -56.755 177.157 54.323
v -56.626 177.078 54.152
v -56.609 177.545 51.465
v -56.491 177.616 51.455
v -56.277 178.079 51.461
v -55.946 178.314 51.461
v -55.625 178.678 51.456
v -55.173 178.728 51.456
v -54.777 178.735 51.457
v -54.462 178.684 51.457
v -54.093 178.355 51.455
v -53.788 178.216 51.470
v -53.725 178.050 51.455
v -53.553 177.626 51.456
v -53.493 177.168 51.457
v -53.570 176.772 51.456
v -53.694 176.417 51.455
v -54.118 176.104 51.461
v -54.363 175.752 51.456
v -54.938 175.667 51.454
v -55.020 175.642 51.499
v -55.066 175.518 53.282
v -55.068 175.587 52.378
v -55.082 175.562 52.844
v -55.056 175.611 51.991
v -55.136 175.710 54.042
v -55.234 175.714 54.313
v -55.023 175.439 53.421
v -54.809 175.492 53.525
v -54.854 175.320 53.480
v -55.006 175.393 53.463
v -54.878 175.519 53.330
v -54.647 174.673 53.496
v -54.288 174.044 53.496
v -54.344 173.464 53.499
v -54.301 172.826 53.496
v -54.340 172.197 53.496
v -54.371 171.544 53.499
v -54.661 170.952 53.499
v -54.856 170.307 53.470
v -54.609 174.490 53.526
v -54.336 172.584 53.526
v -55.005 170.204 53.398
v -55.020 170.220 53.429
v -55.067 170.132 53.273
v -55.063 170.169 53.407
v -54.877 170.131 53.330
v -55.070 170.066 52.410
v -55.050 170.044 51.979
v -55.020 170.009 51.500
v -55.083 170.085 52.814
v -54.937 169.991 51.454
v -54.368 175.878 51.456
v -55.538 176.080 54.258
v -55.831 176.412 54.231
v -56.237 176.779 54.311
v -56.137 178.122 51.460
v -56.324 177.951 53.942
v -58.045 167.927 54.346
v -57.536 168.128 54.314
v -58.460 167.860 54.314
v -58.727 167.803 54.324
v -59.417 167.738 54.346
v -60.374 167.860 54.314
v -60.107 167.803 54.324
v -61.298 168.128 54.314
v -60.790 167.927 54.346
v -61.444 168.159 54.346
v -62.628 168.879 54.346
v -64.018 170.724 54.314
v -63.934 170.485 54.346
v -64.392 171.775 54.343
v -64.194 171.128 54.324
v -64.491 172.489 54.343
v -64.493 173.173 54.346
v -64.422 173.545 54.314
v -64.398 173.861 54.346
v -64.217 174.525 54.351
v -63.798 175.354 54.314
v -63.934 175.166 54.346
v -64.194 174.523 54.324
v -62.628 176.772 54.346
v -61.734 177.320 54.314
v -61.444 177.492 54.346
v -60.795 177.720 54.343
v -60.089 177.865 54.343
v -59.417 177.913 54.346
v -58.746 177.865 54.343
v -58.039 177.720 54.343
v -57.100 177.320 54.314
v -57.390 177.492 54.346
v -55.699 176.298 54.346
v -55.037 175.354 54.314
v -54.900 175.166 54.346
v -54.627 174.523 54.340
v -54.412 173.545 54.314
v -54.436 173.861 54.346
v -54.343 172.489 54.343
v -54.341 173.173 54.346
v -54.442 171.775 54.343
v -54.627 171.123 54.344
v -54.817 170.724 54.314
v -55.249 169.919 54.315
v -54.900 170.485 54.346
v -55.699 169.353 54.346
v -55.430 169.692 54.231
v -55.893 169.188 54.258
v -56.223 168.881 54.322
v -56.737 168.509 54.307
v -57.390 168.159 54.346
v -58.723 167.777 54.357
v -56.193 168.862 54.365
v -54.593 171.111 54.366
v -54.593 174.540 54.366
v -56.193 176.789 54.365
v -64.219 171.119 54.357
v -60.111 167.777 54.357
v -54.160 176.085 53.954
v -53.936 176.299 51.461
v -53.930 178.123 51.456
v -53.701 176.917 54.366
v -53.701 177.398 54.366
v -53.784 177.811 53.958
v -55.627 178.575 51.458
v -54.346 178.520 51.458
v -54.181 178.308 53.953
v -54.810 176.850 53.935
v -55.216 177.577 53.931
v -54.536 177.214 53.977
v -54.566 176.958 53.982
v -55.194 176.827 53.931
v -55.465 176.927 53.978
v -55.497 177.220 53.964
v -54.832 177.571 53.935
v -54.545 177.467 53.985
v -55.467 177.500 53.979
v -55.130 176.926 53.761
v -54.899 176.937 53.763
v -54.754 177.192 53.764
v -54.881 177.464 53.761
v -55.139 177.481 53.763
v -55.317 177.192 53.764
v -54.681 177.204 53.898
v -55.366 177.192 53.876
v -55.095 177.430 52.737
v -55.219 177.192 52.731
v -55.075 176.975 52.740
v -54.938 176.984 52.743
v -54.845 177.197 52.731
v -54.949 177.426 52.738
v -53.606 177.200 52.875
v -53.621 176.974 52.930
v -53.378 177.214 52.876
v -53.388 176.974 52.930
v -55.117 169.924 54.032
v -54.787 170.094 53.879
v -56.491 168.035 51.455
v -56.275 167.571 51.460
v -55.968 167.296 51.461
v -55.693 167.052 51.456
v -55.490 166.907 51.456
v -55.173 166.923 51.456
v -54.777 166.916 51.457
v -54.471 166.943 51.455
v -54.066 167.253 51.455
v -53.728 167.591 51.456
v -53.585 167.969 51.456
v -53.480 168.401 51.456
v -53.533 168.809 51.456
v -53.675 169.155 51.455
v -54.106 169.538 51.460
v -54.427 169.867 51.456
v -54.181 169.802 51.470
v -54.361 167.115 51.459
v -56.605 168.077 51.464
v -54.246 169.711 51.456
v -56.488 168.496 54.008
v -56.626 168.573 54.148
v -55.218 169.645 54.005
v -55.704 169.172 54.003
v -56.118 168.696 53.989
v -56.268 168.799 54.070
v -55.902 169.184 54.082
v -55.505 169.667 54.078
v -54.239 169.520 53.971
v -54.796 169.687 53.985
v -56.063 167.494 51.460
v -56.035 167.576 53.971
v -56.324 167.700 53.943
v -56.329 167.988 53.967
v -55.938 167.246 53.936
v -54.177 169.549 53.955
v -53.963 169.257 53.969
v -53.925 169.355 51.462
v -54.352 167.263 53.968
v -54.797 167.117 53.971
v -55.166 167.122 53.970
v -55.580 167.186 53.964
v -54.181 167.343 53.953
v -53.995 167.499 51.456
v -54.283 167.453 53.968
v -53.967 167.633 53.965
v -54.538 168.404 53.977
v -54.553 168.680 53.983
v -55.470 168.127 53.983
v -54.822 168.069 53.940
v -54.823 168.796 53.933
v -55.220 168.807 53.928
v -55.470 168.704 53.977
v -53.896 167.911 53.985
v -54.542 168.182 53.985
v -55.186 168.052 53.935
v -55.494 168.404 53.964
v -53.608 168.838 53.919
v -53.670 168.306 53.966
v -53.731 168.015 53.963
v -53.701 168.735 54.366
v -53.701 168.254 54.366
v -55.112 168.155 53.764
v -54.916 168.164 53.768
v -54.760 168.388 53.761
v -54.864 168.687 53.763
v -55.157 168.706 53.764
v -55.311 168.388 53.761
v -54.687 168.388 53.898
v -55.360 168.381 53.877
v -55.121 168.653 52.735
v -55.196 168.364 52.731
v -55.036 168.194 52.754
v -54.852 168.382 52.733
v -54.926 168.646 52.736
v -53.604 168.407 52.878
v -53.617 168.655 52.902
v -53.376 168.389 52.879
v -53.386 168.655 52.902
v -54.509 174.820 53.495
v -54.745 175.464 53.882
v -54.686 175.337 53.961
v -54.468 174.852 53.966
v -52.915 175.539 53.495
v -54.382 175.654 53.754
v -54.138 175.780 53.740
v -53.901 175.953 53.752
v -53.528 176.454 53.749
v -53.687 176.181 53.757
v -53.411 176.736 53.604
v -53.359 176.665 53.861
v -53.299 176.487 53.954
v -53.585 176.104 53.929
v -53.768 175.751 53.984
v -54.142 175.619 53.929
v -54.472 175.186 53.985
v -53.466 176.457 53.872
v -54.496 175.512 53.907
v -53.011 175.593 53.984
v -52.973 175.575 53.960
v -53.350 176.798 53.538
v -53.156 176.917 54.345
v -51.954 173.189 54.345
v -52.058 173.239 53.498
v -51.991 172.299 54.346
v -52.099 172.334 53.496
v -52.048 172.790 53.494
v -51.920 172.683 54.348
v -53.350 168.854 53.536
v -53.156 168.734 54.345
v -53.412 168.917 53.610
v -52.921 170.100 53.497
v -53.361 168.969 53.845
v -53.309 169.135 53.942
v -52.973 170.076 53.960
v -54.509 170.831 53.495
v -54.463 170.807 53.968
v -53.011 170.059 53.984
v -54.073 169.986 53.935
v -54.457 170.261 53.980
v -53.768 169.899 53.984
v -53.586 169.546 53.928
v -54.702 170.280 53.946
v -53.528 169.197 53.749
v -53.687 169.470 53.757
v -53.901 169.698 53.752
v -54.138 169.871 53.740
v -54.382 169.997 53.754
v -54.803 170.146 53.539
v -54.502 170.119 53.890
v -53.450 169.202 53.890
v -61.504 177.711 53.526
v -60.204 178.076 53.507
v -62.124 177.416 53.377
v -60.799 177.994 53.964
v -60.213 178.119 53.964
v -61.509 177.723 53.936
v -61.348 177.798 53.946
v -62.002 177.528 53.916
v -62.207 177.780 53.740
v -62.363 178.106 53.752
v -62.589 178.392 53.752
v -62.827 178.593 53.670
v -62.526 178.639 53.968
v -62.729 178.636 53.881
v -62.499 178.484 53.929
v -62.161 178.230 53.984
v -62.023 177.836 53.972
v -61.358 177.823 53.977
v -60.109 178.139 53.952
v -60.131 178.672 53.497
v -60.216 178.647 53.965
v -60.121 178.636 53.952
v -60.210 178.698 53.502
v -62.870 178.665 53.546
v -63.269 178.818 53.463
v -63.540 178.875 53.490
v -55.267 178.877 53.492
v -55.526 178.835 53.467
v -63.799 178.901 54.346
v -55.036 178.901 54.346
v -55.963 178.666 53.542
v -53.426 177.734 54.346
v -53.565 178.049 54.343
v -53.768 178.338 54.340
v -54.013 178.551 54.345
v -54.340 178.752 54.343
v -54.701 178.868 54.340
v -53.314 177.397 54.345
v -53.416 177.667 53.516
v -53.340 177.367 53.483
v -53.373 177.491 53.489
v -64.123 178.869 54.343
v -64.471 178.762 54.340
v -64.800 178.574 54.343
v -65.062 178.336 54.343
v -65.419 177.737 54.337
v -65.269 178.049 54.343
v -65.388 177.727 54.365
v -65.520 177.397 54.345
v -65.448 177.548 53.498
v -65.494 177.368 53.483
v -56.008 178.593 53.673
v -58.768 178.701 53.497
v -56.093 178.637 53.874
v -56.293 178.638 53.964
v -58.782 178.652 53.965
v -57.344 177.715 53.526
v -58.776 178.137 53.967
v -56.771 177.907 53.971
v -57.497 177.821 53.967
v -58.069 178.003 53.964
v -56.833 177.529 53.917
v -56.672 178.229 53.984
v -56.319 178.498 53.931
v -56.709 177.418 53.378
v -56.471 178.106 53.752
v -56.245 178.392 53.752
v -57.338 177.728 53.936
v -64.133 170.284 53.946
v -64.371 170.806 53.967
v -65.913 170.100 53.497
v -64.335 170.048 53.752
v -64.652 169.904 53.752
v -64.933 169.698 53.752
v -65.306 169.198 53.749
v -65.147 169.470 53.757
v -65.476 168.862 53.547
v -65.465 168.968 53.840
v -65.524 169.135 53.943
v -65.249 169.547 53.929
v -65.052 169.883 53.980
v -64.729 170.004 53.931
v -64.378 170.262 53.980
v -64.332 170.119 53.891
v -65.851 170.072 53.966
v -65.678 168.734 54.345
v -66.843 172.299 54.346
v -66.735 172.334 53.496
v -66.880 173.189 54.345
v -66.777 173.239 53.498
v -66.786 172.790 53.494
v -66.914 172.683 54.348
v -65.476 176.788 53.546
v -65.678 176.917 54.345
v -65.920 175.539 53.495
v -65.470 176.667 53.856
v -65.535 176.487 53.954
v -65.852 175.579 53.965
v -64.373 174.836 53.967
v -64.362 175.186 53.985
v -64.692 175.620 53.928
v -65.220 176.067 53.934
v -65.066 175.752 53.984
v -64.148 175.337 53.962
v -64.335 175.603 53.752
v -64.652 175.747 53.752
v -64.933 175.953 53.752
v -65.147 176.181 53.757
v -65.306 176.453 53.749
v -64.090 175.463 53.883
v -64.338 175.513 53.906
v -60.728 167.690 53.499
v -61.490 167.936 53.526
v -61.496 167.923 53.936
v -62.002 168.117 53.918
v -61.338 167.830 53.967
v -60.016 167.514 53.963
v -60.765 167.648 53.964
v -60.069 166.950 53.497
v -62.096 167.546 53.985
v -62.529 167.043 53.969
v -62.852 167.029 53.595
v -62.589 167.259 53.752
v -62.363 167.545 53.752
v -62.207 167.871 53.740
v -60.214 167.516 53.982
v -60.212 167.017 53.982
v -60.052 166.987 53.953
v -62.511 166.988 53.950
v -62.719 166.988 53.869
v -62.876 166.969 53.528
v -63.269 166.833 53.464
v -63.544 166.778 53.489
v -55.530 166.818 53.466
v -55.278 166.775 53.491
v -55.036 166.750 54.346
v -63.799 166.750 54.346
v -55.957 166.969 53.526
v -54.701 166.783 54.340
v -54.340 166.899 54.343
v -54.013 167.100 54.345
v -53.768 167.313 54.340
v -53.426 167.917 54.346
v -53.565 167.602 54.343
v -53.314 168.254 54.345
v -53.415 167.985 53.515
v -53.343 168.274 53.484
v -53.379 168.131 53.493
v -65.419 167.914 54.337
v -65.269 167.602 54.343
v -65.062 167.315 54.343
v -64.800 167.077 54.343
v -64.471 166.889 54.340
v -64.123 166.782 54.343
v -65.388 167.924 54.365
v -65.520 168.254 54.345
v -65.446 168.099 53.497
v -65.491 168.274 53.483
v -65.645 174.144 54.348
v -53.188 174.669 54.348
v -65.849 174.167 54.348
v -65.394 174.392 54.366
v -65.448 174.395 54.347
v -65.640 174.667 54.347
v -53.419 174.402 54.360
v -65.867 174.642 54.350
v -53.373 174.392 54.341
v -53.163 174.146 54.347
v -52.962 174.177 54.350
v -52.960 174.635 54.348
v -65.961 174.395 54.348
v -52.872 174.395 54.348
v -65.657 174.149 54.004
v -65.465 174.396 54.008
v -65.635 174.707 53.998
v -65.964 174.763 53.977
v -65.946 174.395 54.007
v -65.852 174.055 53.985
v -65.108 174.389 53.964
v -53.148 174.151 54.004
v -52.873 174.390 54.006
v -52.865 174.765 53.977
v -53.196 174.707 53.997
v -53.359 174.394 54.012
v -52.961 173.992 53.973
v -53.527 174.448 53.978
v -55.983 167.029 53.602
v -58.770 166.950 53.497
v -56.108 166.987 53.864
v -56.305 166.989 53.949
v -58.782 166.987 53.954
v -58.107 167.690 53.499
v -57.344 167.936 53.526
v -58.772 167.514 53.968
v -58.771 167.016 53.981
v -56.292 167.040 53.967
v -58.069 167.648 53.964
v -57.497 167.830 53.967
v -56.708 167.523 53.981
v -56.831 168.118 53.917
v -56.245 167.259 53.752
v -56.471 167.545 53.752
v -57.338 167.923 53.936
v -59.417 178.174 53.964
v -59.493 178.421 54.048
v -59.417 167.474 53.967
v -59.892 167.017 53.982
v -53.639 174.003 53.964
v -52.588 174.295 53.948
v -52.522 174.267 53.492
v -52.948 173.852 53.499
v -52.733 174.922 53.499
v -53.312 174.963 53.501
v -53.316 175.139 53.496
v -53.731 174.380 53.497
v -53.627 174.026 53.498
v -65.195 174.003 53.964
v -66.234 174.298 53.961
v -65.886 173.852 53.499
v -65.207 174.026 53.498
v -66.312 174.267 53.492
v -65.095 174.398 53.496
v -66.101 174.922 53.499
v -65.522 174.963 53.501
v -65.492 175.131 53.496
v -59.321 178.423 54.049
v -54.147 173.377 53.499
v -54.119 172.755 53.496
v -54.166 172.116 53.496
v -52.908 173.727 53.499
v -53.433 175.115 53.502
v -54.363 174.414 53.496
v -52.864 170.281 53.500
v -52.868 175.362 53.504
v -52.848 175.162 53.968
v -53.271 175.133 53.964
v -53.838 174.558 53.501
v -53.863 174.563 53.985
v -54.222 174.080 53.961
v -53.441 175.072 53.985
v -52.892 170.341 53.963
v -52.230 172.377 53.967
v -52.485 174.179 53.510
v -52.167 172.826 53.967
v -52.230 173.274 53.967
v -54.123 172.436 53.526
v -52.502 174.118 53.963
v -52.916 173.679 53.971
v -54.108 172.435 53.936
v -54.111 172.127 53.967
v -54.231 171.532 53.961
v -54.094 173.356 53.964
v -54.066 172.749 53.967
v -54.177 173.946 53.976
v -54.198 171.507 53.985
v -53.169 173.717 53.976
v -53.354 172.825 53.975
v -53.770 172.825 53.975
v -53.147 172.038 53.975
v -52.559 172.825 53.975
v -52.939 172.825 53.975
v -64.668 172.116 53.496
v -64.715 172.755 53.496
v -64.688 173.377 53.499
v -65.970 170.281 53.500
v -65.927 173.727 53.499
v -66.349 174.179 53.510
v -65.913 173.682 53.970
v -66.332 174.117 53.963
v -66.614 173.278 53.958
v -64.711 172.436 53.526
v -64.607 173.969 53.513
v -64.638 174.005 53.970
v -64.726 172.435 53.936
v -64.768 172.749 53.967
v -64.740 173.356 53.964
v -64.618 171.537 53.973
v -64.723 172.127 53.967
v -64.591 171.519 53.950
v -66.614 172.373 53.958
v -65.942 170.341 53.963
v -66.668 172.826 53.967
v -66.584 173.268 53.984
v -66.584 172.383 53.984
v -65.966 175.362 53.504
v -65.986 175.162 53.968
v -65.535 175.119 53.962
v -65.389 175.124 53.510
v -65.381 175.073 53.969
v -64.986 174.560 53.511
v -64.905 174.492 53.969
v -64.590 174.144 53.955
v -65.637 173.717 53.978
v -65.895 172.825 53.975
v -65.480 172.825 53.975
v -65.065 172.825 53.975
v -65.687 172.038 53.975
v -66.276 172.825 53.975
v 61.113 -177.983 56.916
v 61.507 -178.085 56.915
v 61.636 -178.400 56.916
v 61.139 -178.465 56.916
v 61.120 -177.984 57.531
v 61.132 -178.457 57.531
v 61.628 -178.406 57.531
v 61.514 -178.096 57.531
v 60.390 -178.402 57.532
v 60.368 -178.012 57.531
v 59.973 -178.044 57.530
v 59.970 -178.462 57.529
v 59.685 -178.401 57.533
v 59.712 -177.992 57.532
v 59.136 -178.397 57.532
v 58.803 -178.494 57.529
v 59.113 -178.006 57.531
v 58.800 -178.031 57.530
v 58.438 -178.395 57.532
v 58.453 -178.005 57.532
v 62.064 -178.391 57.532
v 56.739 -178.407 57.530
v 62.286 -178.703 57.532
v 62.256 -178.246 57.535
v 61.880 -177.998 57.531
v 64.334 -176.633 57.541
v 63.949 -176.673 57.531
v 63.475 -177.144 57.531
v 63.613 -176.427 57.532
v 63.217 -176.810 57.532
v 63.504 -176.707 57.530
v 63.436 -177.531 57.541
v 63.212 -177.213 57.532
v 64.014 -176.413 57.532
v 56.547 -178.703 57.532
v 56.556 -178.238 57.535
v 56.954 -177.999 57.532
v 57.305 -178.090 57.532
v 55.766 -177.590 57.532
v 55.547 -177.174 57.532
v 55.397 -177.531 57.541
v 56.179 -178.058 57.533
v 56.373 -178.001 57.531
v 56.041 -177.255 57.533
v 55.984 -177.491 57.532
v 56.414 -177.650 57.532
v 56.828 -178.732 57.532
v 57.209 -178.666 57.532
v 57.181 -178.388 57.531
v 57.767 -178.649 57.535
v 61.047 -178.656 57.533
v 61.627 -178.663 57.532
v 61.998 -178.753 57.532
v 61.619 -177.556 57.532
v 61.280 -177.663 57.535
v 57.533 -177.658 57.534
v 57.215 -177.556 57.532
v 57.674 -178.460 57.531
v 57.688 -178.010 57.532
v 53.767 -175.444 57.533
v 53.625 -175.265 57.532
v 53.209 -175.229 57.541
v 53.992 -175.078 57.532
v 53.583 -174.806 57.532
v 54.007 -175.644 57.532
v 53.157 -174.799 57.532
v 52.772 -174.731 57.534
v 52.520 -174.377 57.532
v 52.899 -174.389 57.531
v 52.552 -174.631 57.532
v 52.578 -174.128 57.532
v 52.815 -173.925 57.533
v 53.574 -174.399 57.532
v 53.175 -174.088 57.533
v 53.519 -173.930 57.532
v 53.950 -174.488 57.541
v 54.456 -174.880 57.541
v 54.026 -174.863 57.532
v 53.359 -174.398 57.530
v 54.421 -175.264 57.532
v 54.905 -175.329 57.541
v 54.943 -175.731 57.529
v 55.030 -175.718 57.540
v 54.776 -175.930 57.532
v 55.235 -176.105 57.532
v 54.543 -176.010 57.532
v 54.340 -175.590 57.532
v 54.499 -176.633 57.541
v 54.453 -176.257 57.532
v 53.975 -175.856 57.532
v 54.797 -176.405 57.532
v 55.330 -177.165 57.531
v 54.948 -177.082 57.541
v 55.566 -176.819 57.532
v 55.189 -176.634 57.530
v 54.879 -176.676 57.532
v 55.209 -176.430 57.532
v 55.451 -176.142 57.532
v 55.883 -176.560 57.532
v 56.252 -176.676 57.541
v 55.900 -176.765 57.532
v 55.689 -176.341 57.541
v 56.274 -177.108 57.531
v 56.755 -177.607 57.532
v 57.881 -178.016 57.531
v 57.929 -178.381 57.532
v 58.470 -177.660 57.541
v 58.782 -177.660 57.541
v 57.842 -178.684 57.531
v 58.475 -178.664 57.532
v 58.782 -178.816 57.541
v 59.002 -177.660 57.541
v 59.862 -177.660 57.541
v 59.089 -178.664 57.532
v 59.925 -178.816 57.541
v 59.744 -178.661 57.532
v 60.242 -177.660 57.541
v 60.979 -177.660 57.541
v 60.928 -178.052 57.531
v 60.889 -178.360 57.533
v 60.970 -178.697 57.532
v 60.357 -178.666 57.532
v 62.070 -177.596 57.532
v 62.398 -177.667 57.532
v 62.452 -177.997 57.532
v 62.133 -177.125 57.541
v 62.582 -176.676 57.541
v 62.525 -177.051 57.531
v 62.729 -177.242 57.532
v 62.907 -176.773 57.532
v 62.803 -177.482 57.532
v 62.660 -178.055 57.532
v 63.060 -177.577 57.532
v 62.948 -176.570 57.532
v 63.369 -176.145 57.533
v 63.480 -175.778 57.541
v 63.573 -176.114 57.532
v 64.047 -175.930 57.532
v 64.285 -175.997 57.532
v 64.460 -175.591 57.532
v 63.857 -175.724 57.531
v 63.929 -175.329 57.541
v 64.397 -175.268 57.532
v 64.378 -174.880 57.541
v 64.790 -175.650 57.532
v 64.381 -176.257 57.532
v 64.859 -175.856 57.532
v 65.046 -175.467 57.535
v 64.795 -174.858 57.532
v 64.791 -175.077 57.531
v 65.198 -175.262 57.532
v 65.215 -174.817 57.532
v 64.884 -174.488 57.541
v 65.254 -174.399 57.532
v 65.973 -173.981 57.533
v 65.628 -174.069 57.533
v 65.315 -173.930 57.532
v 65.471 -174.392 57.531
v 65.660 -174.799 57.532
v 65.934 -174.396 57.531
v 65.625 -175.229 57.541
v 65.980 -174.721 57.533
v 66.253 -174.689 57.532
v 66.313 -174.377 57.532
v 66.256 -174.128 57.532
v 59.172 -178.457 57.224
v 59.662 -178.457 57.224
v 59.103 -178.645 57.224
v 59.731 -178.645 57.224
v 59.144 -177.997 57.224
v 59.690 -177.997 57.224
v 57.880 -178.001 57.224
v 57.798 -177.931 57.224
v 58.420 -177.997 57.224
v 57.908 -178.449 57.224
v 58.392 -178.457 57.224
v 57.798 -178.585 57.224
v 57.797 -178.612 57.224
v 57.836 -178.648 57.224
v 58.461 -178.645 57.224
v 62.090 -177.532 57.224
v 62.425 -177.643 57.224
v 62.542 -177.101 57.224
v 62.616 -177.305 57.224
v 62.056 -178.442 57.224
v 61.706 -178.428 57.224
v 61.643 -178.645 57.224
v 61.950 -178.659 57.224
v 60.414 -177.997 57.224
v 60.916 -178.047 57.224
v 61.021 -177.926 57.224
v 61.022 -178.571 57.224
v 60.889 -178.402 57.224
v 60.977 -178.663 57.224
v 61.020 -178.631 57.224
v 60.373 -178.645 57.224
v 60.442 -178.457 57.224
v 53.590 -174.413 57.224
v 54.011 -174.853 57.224
v 53.595 -174.788 57.224
v 54.498 -175.286 57.224
v 54.357 -175.616 57.224
v 54.903 -175.743 57.224
v 54.723 -175.814 57.224
v 54.521 -176.020 57.224
v 54.033 -175.747 57.224
v 53.988 -175.831 57.224
v 54.448 -176.240 57.224
v 55.408 -177.073 57.224
v 55.533 -176.780 57.224
v 55.344 -177.135 57.224
v 54.897 -176.679 57.224
v 55.288 -176.423 57.224
v 55.181 -176.645 57.224
v 55.440 -176.163 57.224
v 55.374 -176.174 57.224
v 55.866 -176.577 57.224
v 55.850 -176.652 57.224
v 56.271 -177.159 57.224
v 56.744 -177.532 57.224
v 56.409 -177.643 57.224
v 55.968 -177.517 57.224
v 56.275 -177.992 57.224
v 55.783 -177.595 57.224
v 56.185 -178.036 57.224
v 56.878 -178.660 57.229
v 57.191 -178.645 57.224
v 57.110 -178.410 57.224
v 56.736 -178.468 57.238
v 64.313 -176.020 57.224
v 64.432 -175.616 57.224
v 64.770 -175.739 57.224
v 64.846 -175.831 57.224
v 64.386 -176.240 57.224
v 65.195 -174.796 57.224
v 64.809 -174.848 57.224
v 65.244 -174.413 57.224
v 65.645 -174.855 57.224
v 65.251 -175.246 57.224
v 63.911 -175.741 57.224
v 64.111 -175.814 57.224
v 64.336 -175.286 57.224
v 63.545 -176.423 57.224
v 63.215 -176.733 57.224
v 63.443 -176.168 57.224
v 63.377 -176.167 57.224
v 62.968 -176.577 57.224
v 62.972 -176.642 57.224
v 63.531 -176.746 57.224
v 63.928 -176.675 57.224
v 63.478 -177.124 57.224
v 62.819 -177.508 57.224
v 62.544 -177.979 57.224
v 63.043 -177.582 57.224
v 62.631 -178.043 57.224
v 53.583 -175.246 57.224
v 53.172 -174.857 57.224
v 61.614 -177.541 57.224
v 61.322 -177.629 57.224
v 57.512 -177.629 57.224
v 65.676 -173.789 57.528
v 65.306 -173.918 57.224
v 61.619 -177.556 56.915
v 61.300 -177.658 56.913
v 57.220 -177.541 57.224
v 57.533 -177.658 56.913
v 53.158 -173.789 57.528
v 53.528 -173.918 57.224
v 57.215 -177.556 56.915
v 58.470 -177.660 56.906
v 58.782 -177.660 56.906
v 59.862 -177.660 56.906
v 59.002 -177.660 56.906
v 60.313 -177.660 56.906
v 65.476 -173.816 57.224
v 65.670 -173.778 57.224
v 65.868 -173.796 57.224
v 66.097 -173.923 57.224
v 66.269 -174.121 57.224
v 66.328 -174.377 57.224
v 66.266 -174.696 57.224
v 66.152 -174.858 57.224
v 65.315 -173.930 56.916
v 62.249 -178.752 57.224
v 65.940 -174.701 56.916
v 66.253 -174.689 56.916
v 66.313 -174.377 56.916
v 66.256 -174.128 56.916
v 65.989 -173.961 56.916
v 65.676 -173.789 56.919
v 65.641 -174.084 56.916
v 63.088 -176.284 56.906
v 62.582 -176.676 56.906
v 63.480 -175.778 56.906
v 63.929 -175.329 56.906
v 64.884 -174.488 56.906
v 64.378 -174.880 56.906
v 52.682 -174.858 57.224
v 52.568 -174.696 57.224
v 52.506 -174.377 57.224
v 52.565 -174.121 57.224
v 52.737 -173.923 57.224
v 52.966 -173.796 57.224
v 53.164 -173.778 57.224
v 53.358 -173.816 57.224
v 53.519 -173.930 56.916
v 62.286 -178.703 56.916
v 61.996 -178.754 56.916
v 64.859 -175.856 56.915
v 65.035 -175.465 56.916
v 64.334 -176.633 56.906
v 63.885 -177.082 56.906
v 63.436 -177.531 56.906
v 65.625 -175.229 56.906
v 62.267 -178.233 56.916
v 56.537 -178.713 57.224
v 53.179 -174.085 56.916
v 53.158 -173.789 56.919
v 52.839 -173.958 56.915
v 52.578 -174.128 56.916
v 52.520 -174.377 56.916
v 52.552 -174.631 56.916
v 52.760 -174.740 56.916
v 54.905 -175.329 56.906
v 54.456 -174.880 56.906
v 55.030 -175.718 56.907
v 55.883 -176.560 56.916
v 56.252 -176.676 56.906
v 53.950 -174.488 56.906
v 56.837 -178.754 56.916
v 56.547 -178.703 56.916
v 54.948 -177.082 56.906
v 55.397 -177.531 56.906
v 54.499 -176.633 56.906
v 53.975 -175.856 56.915
v 56.546 -178.236 56.917
v 53.209 -175.229 56.906
v 53.760 -175.485 56.912
v 61.625 -178.666 56.915
v 61.047 -178.656 56.915
v 60.357 -178.666 56.915
v 60.970 -178.697 56.915
v 59.089 -178.664 56.916
v 59.925 -178.816 56.906
v 58.782 -178.816 56.906
v 58.475 -178.664 56.916
v 57.767 -178.649 56.913
v 57.209 -178.666 56.915
v 57.842 -178.684 56.916
v 59.982 -178.046 56.916
v 59.685 -178.399 56.915
v 59.972 -178.478 56.916
v 60.390 -178.399 56.915
v 60.375 -178.005 56.916
v 59.712 -177.992 56.916
v 58.809 -178.031 56.917
v 58.454 -178.005 56.916
v 58.436 -178.399 56.915
v 58.811 -178.496 56.916
v 59.136 -178.394 56.915
v 59.116 -177.999 56.916
v 57.299 -178.101 56.915
v 57.172 -178.388 56.916
v 57.671 -178.456 56.915
v 57.681 -178.000 56.915
v 62.447 -177.993 56.917
v 62.065 -178.387 56.916
v 61.880 -177.995 56.917
v 62.076 -177.602 56.916
v 62.401 -177.667 56.916
v 53.358 -174.389 56.919
v 53.159 -174.793 56.916
v 52.899 -174.403 56.918
v 53.573 -174.399 56.915
v 54.339 -175.588 56.916
v 54.008 -175.636 56.917
v 53.629 -175.269 56.916
v 53.983 -175.082 56.918
v 54.414 -175.260 56.916
v 55.210 -176.421 56.916
v 54.801 -176.397 56.917
v 54.774 -175.927 56.916
v 55.220 -176.093 56.916
v 56.045 -177.250 56.916
v 55.562 -177.177 56.916
v 55.574 -176.817 56.916
v 55.906 -176.770 56.916
v 56.955 -177.990 56.918
v 56.743 -178.388 56.916
v 56.379 -178.000 56.917
v 56.417 -177.652 56.916
v 56.757 -177.607 56.916
v 65.933 -174.388 56.918
v 65.659 -174.800 56.916
v 65.472 -174.403 56.918
v 64.785 -175.645 56.917
v 64.456 -175.598 56.916
v 64.406 -175.272 56.916
v 64.796 -175.076 56.918
v 65.196 -175.262 56.916
v 64.017 -176.402 56.917
v 63.614 -176.420 56.916
v 63.567 -176.115 56.917
v 64.036 -175.929 56.916
v 63.200 -177.222 56.917
v 62.728 -177.231 56.916
v 62.915 -176.772 56.916
v 63.220 -176.813 56.916
v 62.645 -178.062 56.916
v 63.060 -177.577 56.916
v 62.803 -177.482 56.915
v 55.984 -177.491 56.916
v 56.179 -178.058 56.915
v 55.766 -177.590 56.916
v 54.026 -174.863 56.916
v 53.583 -174.806 56.915
v 54.453 -176.257 56.916
v 54.543 -176.010 56.916
v 54.943 -175.731 56.918
v 54.879 -176.676 56.916
v 55.189 -176.634 56.917
v 55.330 -177.165 56.916
v 55.451 -176.142 56.916
v 55.689 -176.341 56.906
v 56.274 -177.108 56.917
v 57.929 -178.381 56.915
v 57.881 -178.016 56.917
v 59.744 -178.661 56.916
v 60.889 -178.360 56.915
v 60.925 -178.052 56.916
v 62.528 -177.049 56.917
v 63.949 -176.673 56.916
v 63.507 -176.710 56.916
v 63.475 -177.144 56.916
v 63.369 -176.145 56.915
v 62.948 -176.570 56.916
v 64.381 -176.257 56.916
v 64.285 -175.997 56.915
v 63.857 -175.724 56.917
v 65.215 -174.817 56.915
v 65.254 -174.399 56.916
v 64.795 -174.858 56.916
v 56.755 -178.074 0.877
v 56.731 -177.994 10.424
v 57.198 -178.003 0.878
v 57.160 -177.970 10.424
v 57.183 -177.584 0.881
v 57.236 -177.576 10.424
v 56.761 -177.540 0.879
v 56.780 -177.499 10.424
v 56.552 -177.873 0.890
v 56.535 -177.899 10.424
v 56.938 -178.289 0.899
v 56.939 -178.315 10.424
v 56.850 -178.955 0.880
v 56.834 -178.962 10.414
v 56.872 -177.381 10.424
v 56.872 -177.381 0.899
v 57.059 -177.386 10.424
v 57.059 -177.386 0.899
v 57.429 -177.549 0.899
v 57.429 -177.549 10.424
v 57.694 -177.041 0.899
v 57.694 -177.041 10.424
v 54.721 -177.938 0.899
v 54.721 -177.938 10.424
v 57.687 -176.834 0.898
v 57.663 -176.839 10.440
v 56.755 -176.457 0.899
v 56.757 -176.448 10.425
v 55.212 -177.247 0.884
v 55.184 -177.270 10.424
v 55.573 -177.442 0.884
v 55.642 -177.464 10.424
v 55.314 -177.441 10.424
v 55.312 -177.430 0.898
v 55.701 -177.363 0.885
v 55.652 -177.363 10.424
v 55.617 -176.759 0.883
v 55.873 -177.143 0.885
v 55.887 -177.067 10.424
v 55.597 -176.750 10.424
v 55.272 -176.867 0.881
v 55.290 -176.884 10.424
v 55.864 -176.923 0.885
v 55.893 -176.890 10.424
v 55.474 -176.543 0.899
v 55.474 -176.543 10.424
v 55.711 -175.946 0.899
v 55.478 -176.036 10.416
v 55.852 -175.917 0.899
v 55.852 -175.917 10.424
v 54.637 -177.765 0.899
v 57.905 -177.129 0.899
v 58.058 -176.867 0.896
v 56.700 -179.044 0.876
v 56.567 -179.059 0.899
v 56.567 -179.059 10.424
v 56.749 -179.055 10.404
v 54.637 -177.765 10.424
v 57.902 -177.134 10.424
v 57.843 -176.949 10.424
v 63.102 -177.319 0.884
v 63.148 -177.296 10.424
v 63.617 -177.244 0.884
v 63.636 -177.261 10.424
v 63.561 -176.867 0.882
v 63.518 -176.864 10.424
v 63.191 -176.769 0.883
v 63.201 -176.753 10.424
v 63.223 -177.444 0.885
v 63.176 -177.461 10.424
v 63.497 -177.461 10.424
v 63.454 -177.433 0.887
v 63.810 -177.371 0.899
v 63.810 -177.371 10.424
v 64.080 -177.954 0.899
v 64.080 -177.954 10.424
v 62.934 -177.075 10.424
v 62.941 -177.134 0.887
v 62.912 -176.921 10.424
v 62.952 -176.949 0.887
v 63.359 -176.543 0.899
v 63.359 -176.543 10.424
v 63.100 -175.944 0.899
v 63.297 -176.033 10.421
v 62.215 -178.908 0.899
v 62.215 -178.908 10.424
v 62.952 -175.898 0.899
v 62.952 -175.898 10.424
v 62.214 -176.392 0.899
v 62.214 -176.392 10.424
v 62.064 -176.464 0.899
v 62.061 -176.454 10.425
v 61.913 -178.940 0.880
v 61.993 -178.963 10.413
v 61.895 -178.289 0.899
v 61.895 -178.315 10.424
v 62.258 -177.894 0.887
v 62.288 -177.892 10.424
v 62.082 -178.020 10.424
v 62.045 -178.105 0.880
v 62.019 -177.508 0.883
v 62.041 -177.501 10.424
v 61.616 -177.597 0.885
v 61.562 -177.576 10.424
v 61.633 -178.001 0.881
v 61.674 -177.970 10.424
v 61.962 -177.381 0.899
v 61.962 -177.381 10.424
v 61.775 -177.386 10.424
v 61.775 -177.386 0.899
v 61.392 -177.536 0.899
v 61.392 -177.536 10.424
v 61.113 -177.062 0.899
v 61.113 -177.062 10.424
v 61.135 -176.840 0.898
v 61.133 -176.868 10.439
v 60.903 -177.125 0.899
v 60.747 -176.863 0.896
v 62.116 -179.050 0.877
v 62.267 -179.059 0.899
v 64.220 -177.885 0.899
v 64.197 -177.765 0.899
v 62.267 -179.059 10.424
v 62.086 -179.055 10.404
v 64.220 -177.885 10.424
v 60.919 -177.110 10.459
v 60.982 -176.972 10.424
v 64.197 -177.765 10.424
v 63.194 -176.793 0.546
v 63.548 -176.864 0.552
v 63.585 -177.221 0.546
v 63.416 -177.415 0.599
v 63.304 -177.422 0.554
v 63.086 -177.335 0.544
v 62.971 -177.128 0.549
v 62.983 -176.968 0.561
v 63.668 -166.789 0.878
v 62.601 -166.824 0.899
v 58.088 -166.824 0.899
v 58.944 -167.553 0.866
v 60.746 -166.824 0.899
v 59.877 -167.247 0.857
v 59.876 -167.568 0.859
v 59.266 -167.866 0.862
v 59.543 -166.930 0.857
v 59.236 -166.940 0.859
v 59.558 -167.868 0.860
v 58.942 -167.273 0.862
v 59.808 -167.811 0.899
v 61.216 -169.038 0.892
v 61.779 -169.357 0.894
v 62.269 -169.748 0.894
v 60.669 -168.817 0.895
v 63.505 -171.889 0.894
v 63.593 -172.488 0.892
v 63.048 -170.725 0.894
v 63.320 -171.290 0.894
v 62.656 -170.137 0.899
v 62.269 -175.896 0.894
v 61.779 -176.286 0.894
v 62.680 -175.458 0.895
v 59.417 -177.019 0.896
v 58.792 -176.968 0.894
v 60.042 -176.968 0.894
v 57.055 -176.286 0.894
v 56.565 -175.896 0.894
v 57.618 -169.038 0.892
v 57.055 -169.357 0.894
v 56.277 -170.056 0.892
v 56.565 -169.748 0.894
v 58.792 -168.675 0.894
v 59.417 -168.628 0.894
v 58.165 -168.817 0.895
v 60.042 -168.675 0.894
v 56.576 -177.721 0.895
v 62.236 -177.699 0.884
v 63.593 -173.155 0.892
v 63.505 -173.755 0.894
v 63.320 -174.353 0.894
v 63.640 -172.652 0.899
v 63.048 -174.919 0.894
v 64.782 -178.563 0.872
v 65.059 -178.310 0.876
v 64.411 -178.778 0.872
v 64.038 -178.895 0.872
v 63.660 -178.929 0.878
v 65.289 -177.987 0.872
v 65.450 -177.633 0.876
v 66.887 -173.088 0.880
v 65.540 -177.232 0.899
v 66.903 -172.627 0.878
v 66.824 -172.237 0.876
v 65.485 -168.288 0.899
v 65.210 -167.613 0.882
v 64.773 -167.143 0.876
v 64.433 -166.947 0.876
v 64.060 -166.827 0.876
v 65.458 -168.080 0.876
v 54.410 -166.947 0.876
v 54.070 -167.143 0.876
v 55.173 -166.785 0.876
v 54.783 -166.827 0.876
v 53.807 -167.431 0.899
v 53.620 -167.626 0.881
v 56.233 -166.824 0.899
v 53.416 -168.089 0.899
v 53.357 -168.288 0.899
v 56.124 -170.195 0.899
v 52.016 -172.235 0.876
v 55.329 -171.889 0.894
v 55.513 -171.290 0.894
v 55.217 -172.652 0.899
v 55.241 -172.488 0.892
v 55.782 -170.723 0.896
v 51.936 -172.625 0.878
v 51.952 -173.087 0.880
v 56.277 -175.587 0.892
v 55.513 -174.353 0.894
v 55.241 -173.155 0.892
v 53.296 -177.232 0.899
v 56.138 -175.436 0.894
v 55.782 -174.921 0.896
v 55.329 -173.755 0.894
v 53.545 -177.986 0.872
v 53.416 -177.621 0.899
v 54.030 -178.537 0.875
v 54.405 -178.769 0.869
v 54.797 -178.895 0.872
v 55.175 -178.933 0.876
v 56.009 -178.936 0.877
v 57.004 -178.932 0.876
v 58.088 -178.894 0.899
v 56.233 -178.935 0.899
v 60.746 -178.894 0.899
v 61.775 -178.935 0.874
v 62.601 -178.958 0.899
v 63.070 -178.935 0.877
v 62.601 -168.288 0.899
v 63.662 -168.288 0.899
v 60.746 -168.288 0.899
v 58.088 -177.844 0.899
v 60.746 -177.844 0.899
v 58.088 -168.288 0.899
v 56.233 -168.288 0.899
v 56.233 -177.232 0.899
v 62.601 -177.844 0.899
v 63.662 -177.844 0.899
v 53.375 -177.634 0.870
v 53.772 -178.313 0.873
v 55.175 -178.966 0.599
v 55.960 -178.968 0.599
v 56.736 -179.074 0.599
v 56.946 -178.979 0.599
v 57.022 -178.966 0.599
v 60.540 -178.966 0.599
v 61.768 -178.967 0.599
v 61.836 -178.981 0.599
v 62.105 -179.090 0.599
v 63.133 -178.967 0.599
v 63.660 -178.966 0.599
v 64.618 -178.687 0.838
v 52.004 -173.409 0.870
v 53.347 -177.644 -0.168
v 51.975 -173.418 -0.168
v 53.376 -168.076 0.870
v 51.892 -173.022 -0.168
v 51.896 -172.638 -0.170
v 51.978 -172.223 -0.168
v 53.763 -167.391 0.856
v 53.348 -168.067 -0.168
v 53.512 -167.701 -0.168
v 53.748 -167.378 -0.168
v 54.047 -167.111 -0.168
v 54.394 -166.911 -0.168
v 54.775 -166.788 -0.168
v 55.173 -166.746 -0.168
v 53.496 -177.988 -0.165
v 53.761 -178.321 -0.159
v 53.825 -178.323 0.599
v 53.766 -178.331 0.599
v 54.379 -178.782 0.599
v 54.918 -178.948 0.599
v 65.080 -167.392 0.856
v 63.669 -166.746 -0.168
v 64.068 -166.788 -0.168
v 64.449 -166.911 -0.168
v 64.796 -167.111 -0.168
v 65.095 -167.379 -0.168
v 65.331 -167.702 -0.168
v 65.495 -168.068 -0.168
v 66.834 -173.410 0.870
v 66.861 -172.224 -0.168
v 66.943 -172.640 -0.170
v 66.947 -173.024 -0.168
v 66.863 -173.419 -0.168
v 65.488 -177.645 -0.168
v 65.068 -178.320 -0.157
v 65.331 -178.001 -0.168
v 65.401 -177.889 -0.135
v 63.917 -178.948 0.599
v 64.284 -178.861 0.599
v 64.627 -178.703 0.599
v 64.933 -178.482 0.599
v 65.042 -178.322 0.599
v 59.251 -166.758 -0.179
v 59.553 -166.755 -0.178
v 53.802 -178.301 -0.142
v 65.072 -177.675 -0.163
v 65.049 -177.596 0.580
v 53.802 -177.736 -0.142
v 53.827 -177.669 0.569
v 53.743 -177.639 -0.169
v 53.717 -177.471 0.599
v 53.029 -175.495 -0.164
v 53.075 -175.517 0.599
v 52.988 -175.476 -0.187
v 55.565 -174.382 -0.167
v 55.540 -174.410 0.599
v 63.111 -174.657 -0.166
v 62.810 -175.167 -0.169
v 62.436 -175.633 -0.166
v 61.966 -176.066 -0.166
v 61.467 -176.401 -0.169
v 61.139 -176.349 -0.164
v 60.915 -176.665 -0.169
v 60.318 -176.825 -0.164
v 59.548 -176.838 -0.170
v 59.111 -176.935 -0.169
v 58.515 -176.825 -0.164
v 57.919 -176.665 -0.169
v 57.695 -176.349 -0.164
v 57.367 -176.401 -0.169
v 56.868 -176.066 -0.166
v 56.398 -175.633 -0.166
v 56.024 -175.167 -0.169
v 55.722 -174.657 -0.166
v 63.268 -174.381 -0.167
v 56.401 -175.496 0.599
v 55.768 -174.841 0.599
v 56.929 -176.169 0.599
v 57.693 -176.619 0.599
v 58.535 -176.898 0.599
v 59.417 -176.796 0.599
v 60.355 -176.781 0.599
v 61.141 -176.619 0.599
v 61.905 -176.169 0.599
v 62.433 -175.496 0.599
v 63.066 -174.841 0.599
v 63.294 -174.410 0.599
v 65.795 -175.502 -0.148
v 65.761 -175.518 0.599
v 65.825 -175.489 -0.178
v 62.010 -177.524 0.549
v 62.217 -177.707 0.549
v 62.227 -177.887 0.549
v 62.014 -178.118 0.551
v 61.643 -178.007 0.551
v 61.646 -177.624 0.546
v 56.744 -178.056 0.546
v 56.588 -177.840 0.599
v 56.593 -177.765 0.599
v 56.752 -177.581 0.546
v 57.171 -177.607 0.549
v 57.179 -178.014 0.549
v 55.618 -176.786 0.546
v 55.844 -176.950 0.561
v 55.856 -177.139 0.549
v 55.676 -177.355 0.538
v 55.539 -177.421 0.558
v 55.243 -177.224 0.549
v 55.272 -176.881 0.552
v 58.551 -168.748 0.884
v 56.967 -169.449 0.884
v 56.142 -170.210 0.892
v 55.800 -170.734 0.884
v 55.456 -171.534 0.884
v 55.456 -174.109 0.884
v 55.800 -174.910 0.884
v 56.967 -176.194 0.884
v 58.551 -176.896 0.884
v 59.417 -176.998 0.884
v 60.283 -176.896 0.884
v 61.232 -176.591 0.890
v 61.867 -176.194 0.884
v 62.512 -175.608 0.884
v 63.378 -174.109 0.884
v 63.378 -171.534 0.884
v 62.512 -170.035 0.884
v 61.867 -169.449 0.884
v 60.283 -168.748 0.884
v 62.692 -170.210 0.892
v 57.602 -176.591 0.890
v 59.072 -167.090 0.834
v 59.082 -167.710 0.830
v 59.729 -167.737 0.828
v 59.734 -167.063 0.832
v 59.325 -166.982 0.341
v 59.194 -167.205 0.320
v 58.810 -167.197 0.579
v 58.860 -167.541 0.535
v 59.211 -167.607 0.320
v 59.223 -167.904 0.496
v 59.534 -167.930 0.496
v 59.617 -167.609 0.319
v 59.942 -167.544 0.496
v 60.010 -167.203 0.562
v 59.613 -167.191 0.320
v 59.463 -166.977 0.341
v 59.417 -168.805 0.599
v 58.608 -169.016 0.599
v 58.009 -169.214 0.599
v 57.130 -169.674 0.599
v 56.525 -170.218 0.599
v 56.047 -170.876 0.599
v 55.484 -171.468 0.599
v 55.547 -172.415 0.599
v 55.554 -173.130 0.599
v 55.567 -174.086 0.599
v 56.026 -174.698 0.599
v 57.105 -175.933 0.599
v 57.834 -176.376 0.599
v 58.608 -176.628 0.599
v 61.000 -176.376 0.599
v 61.729 -175.933 0.599
v 62.808 -174.698 0.599
v 63.267 -174.086 0.599
v 63.280 -173.130 0.599
v 63.287 -172.415 0.599
v 63.350 -171.468 0.599
v 62.700 -170.766 0.599
v 62.309 -170.218 0.599
v 61.556 -169.594 0.599
v 60.825 -169.214 0.599
v 60.226 -169.016 0.599
v 59.585 -167.575 -0.485
v 59.590 -167.211 -0.485
v 59.241 -167.212 -0.485
v 59.225 -167.561 -0.485
v 58.895 -167.606 -0.487
v 59.596 -167.930 -0.487
v 58.875 -167.157 -0.323
v 59.178 -167.915 -0.487
v 59.182 -166.873 -0.379
v 59.939 -167.606 -0.487
v 59.960 -167.156 -0.315
v 59.596 -166.844 -0.383
v 59.820 -166.962 -0.372
v 63.228 -172.197 0.599
v 63.211 -171.187 0.599
v 62.072 -170.018 0.599
v 58.999 -168.983 0.599
v 59.834 -168.983 0.599
v 56.474 -175.321 0.599
v 61.038 -176.326 0.599
v 62.360 -175.321 0.599
v 57.795 -176.326 0.599
v 58.587 -176.593 0.599
v 60.247 -176.593 0.599
v 57.426 -169.513 0.599
v 56.761 -170.018 0.599
v 56.221 -170.655 0.599
v 55.830 -171.392 0.599
v 55.606 -172.197 0.599
v 58.821 -176.683 -0.169
v 58.238 -176.547 -0.169
v 57.159 -176.007 -0.166
v 56.708 -175.637 -0.169
v 56.325 -175.204 -0.166
v 55.985 -174.683 -0.166
v 55.562 -174.113 -0.170
v 55.581 -173.566 -0.169
v 55.510 -172.956 -0.171
v 55.536 -172.374 -0.169
v 55.539 -173.032 -0.139
v 55.521 -171.474 -0.163
v 55.452 -171.902 -0.176
v 55.848 -171.240 -0.166
v 56.104 -170.715 -0.166
v 56.204 -170.643 -0.139
v 56.500 -170.222 -0.169
v 56.911 -169.843 -0.158
v 57.420 -169.466 -0.166
v 57.959 -169.136 -0.172
v 58.528 -169.025 -0.164
v 59.114 -168.831 -0.169
v 59.677 -168.826 -0.170
v 58.998 -168.964 -0.139
v 59.836 -168.964 -0.139
v 60.305 -169.025 -0.164
v 60.875 -169.136 -0.172
v 61.414 -169.466 -0.166
v 61.923 -169.843 -0.158
v 62.334 -170.222 -0.169
v 62.690 -170.692 -0.166
v 62.975 -171.226 -0.164
v 63.227 -171.234 -0.170
v 63.314 -171.474 -0.164
v 63.298 -172.374 -0.169
v 63.324 -172.956 -0.171
v 63.346 -171.963 -0.172
v 63.294 -173.032 -0.139
v 63.252 -173.566 -0.169
v 63.257 -174.148 -0.168
v 62.849 -174.683 -0.166
v 62.509 -175.204 -0.166
v 62.126 -175.637 -0.169
v 61.675 -176.007 -0.166
v 60.593 -176.539 -0.164
v 60.013 -176.683 -0.169
v 56.877 -169.656 -0.171
v 58.508 -168.853 -0.170
v 60.325 -168.853 -0.170
v 61.957 -169.656 -0.171
v 60.604 -176.572 -0.188
v 59.998 -167.115 -0.174
v 58.836 -167.115 -0.175
v 58.990 -166.916 -0.191
v 59.844 -166.916 -0.191
v 59.851 -167.857 0.599
v 58.933 -167.809 0.599
v 55.219 -167.104 -0.169
v 55.188 -167.151 0.599
v 54.739 -167.189 -0.168
v 54.751 -167.234 0.599
v 54.438 -167.314 -0.175
v 54.171 -167.571 0.599
v 54.057 -167.621 -0.173
v 54.445 -167.373 0.599
v 53.943 -167.819 0.599
v 53.768 -168.107 0.599
v 53.726 -168.087 -0.168
v 53.645 -168.295 -0.169
v 53.687 -168.308 0.599
v 53.900 -167.811 -0.157
v 53.085 -170.171 0.599
v 53.037 -170.169 -0.162
v 53.040 -170.325 -0.167
v 52.998 -170.168 -0.188
v 53.043 -170.430 0.599
v 55.599 -171.164 0.599
v 55.600 -171.234 -0.170
v 62.558 -170.121 0.599
v 63.063 -170.854 0.599
v 62.809 -170.524 -0.169
v 63.031 -170.871 -0.139
v 61.909 -169.512 0.599
v 62.438 -170.053 -0.166
v 61.472 -169.277 -0.169
v 61.145 -169.056 0.599
v 60.301 -168.774 0.599
v 60.925 -168.994 -0.152
v 61.130 -169.089 -0.139
v 58.532 -168.774 0.599
v 57.909 -168.994 -0.152
v 57.689 -169.056 0.599
v 56.925 -169.512 0.599
v 57.362 -169.277 -0.169
v 57.704 -169.089 -0.139
v 56.396 -170.053 -0.166
v 56.275 -170.121 0.599
v 56.025 -170.524 -0.169
v 55.771 -170.854 0.599
v 65.778 -170.268 -0.168
v 65.760 -170.342 0.599
v 65.793 -170.176 -0.150
v 65.849 -170.422 -0.168
v 65.754 -170.171 0.599
v 65.824 -170.168 -0.183
v 65.198 -168.296 -0.170
v 65.156 -168.310 0.599
v 63.654 -167.151 0.599
v 64.091 -167.234 0.599
v 64.398 -167.374 0.599
v 64.671 -167.572 0.599
v 64.900 -167.819 0.599
v 65.075 -168.108 0.599
v 63.645 -167.104 -0.169
v 65.115 -168.084 -0.168
v 64.938 -167.805 -0.157
v 64.788 -167.615 -0.176
v 64.408 -167.324 -0.170
v 64.091 -167.184 -0.171
v 59.500 -177.923 0.549
v 59.306 -177.910 0.537
v 60.540 -177.453 0.599
v 59.468 -177.982 0.726
v 59.328 -177.981 0.726
v 66.526 -173.160 -0.168
v 65.852 -175.230 -0.166
v 65.792 -175.252 -0.174
v 63.569 -172.825 -0.167
v 63.504 -173.380 -0.169
v 66.528 -172.798 -0.167
v 52.311 -173.160 -0.170
v 52.972 -175.226 -0.168
v 53.028 -175.245 -0.164
v 52.311 -172.798 -0.166
v 55.265 -172.822 -0.167
v 55.330 -173.380 -0.169
v 52.341 -172.349 -0.169
v 52.970 -170.454 -0.169
v 55.329 -172.269 -0.169
v 66.497 -172.344 -0.169
v 63.504 -172.269 -0.169
v 65.828 -175.184 0.599
v 66.493 -173.101 0.599
v 65.791 -175.196 0.599
v 66.486 -172.772 0.599
v 63.606 -172.783 0.599
v 63.584 -173.017 0.599
v 63.513 -173.608 0.599
v 63.427 -173.818 -0.164
v 63.481 -173.602 -0.139
v 66.461 -172.384 0.599
v 65.829 -170.493 0.599
v 63.514 -172.045 0.599
v 63.437 -171.865 -0.161
v 52.993 -170.509 0.599
v 52.378 -172.383 0.599
v 52.353 -172.772 0.599
v 55.227 -172.783 0.599
v 55.319 -172.045 0.599
v 55.386 -171.879 -0.149
v 53.028 -175.192 0.599
v 52.993 -175.169 0.599
v 52.346 -173.101 0.599
v 55.250 -173.017 0.599
v 55.321 -173.608 0.599
v 55.396 -173.821 -0.147
v 55.353 -173.602 -0.139
v 63.713 -168.653 52.735
v 63.627 -168.373 52.732
v 63.972 -168.372 52.732
v 63.908 -168.646 52.736
v 63.778 -168.194 52.755
v 63.826 -168.195 52.753
v 63.951 -168.697 53.764
v 64.074 -168.388 53.761
v 63.907 -168.161 53.765
v 63.712 -168.156 53.766
v 63.523 -168.388 53.761
v 63.657 -168.700 53.763
v 63.640 -168.055 53.937
v 63.339 -168.132 53.985
v 63.328 -168.394 53.968
v 63.341 -168.675 53.978
v 63.600 -168.805 53.931
v 63.997 -168.805 53.931
v 64.256 -168.675 53.978
v 64.282 -168.399 53.972
v 64.258 -168.132 53.985
v 64.003 -168.068 53.938
v 63.466 -168.392 53.885
v 64.139 -168.390 53.892
v 62.779 -167.590 53.969
v 64.867 -169.260 53.970
v 64.518 -169.538 53.977
v 64.626 -169.523 53.966
v 63.022 -167.435 53.984
v 62.332 -168.506 54.019
v 62.495 -168.002 53.965
v 63.943 -169.721 53.985
v 64.548 -167.437 53.968
v 65.130 -168.775 53.966
v 64.396 -167.216 53.967
v 64.862 -167.636 53.966
v 63.186 -167.243 53.970
v 62.885 -167.234 53.935
v 62.700 -168.702 53.995
v 63.983 -170.018 53.905
v 63.520 -169.612 54.041
v 65.164 -168.307 53.966
v 63.950 -167.124 53.970
v 63.096 -169.187 54.046
v 63.648 -167.102 53.967
v 65.091 -167.991 53.966
v 62.761 -167.496 51.461
v 64.721 -169.542 51.460
v 64.906 -169.356 51.462
v 62.461 -167.658 53.934
v 62.867 -167.295 51.461
v 64.638 -167.346 53.964
v 64.831 -167.492 51.455
v 64.752 -167.249 51.455
v 63.141 -167.052 51.456
v 63.662 -166.923 51.456
v 64.049 -166.917 51.456
v 64.396 -167.069 51.459
v 65.249 -167.969 51.456
v 65.341 -168.371 51.455
v 65.302 -168.809 51.456
v 65.146 -169.167 51.456
v 65.095 -167.595 51.457
v 65.120 -169.142 53.930
v 65.133 -168.735 54.366
v 65.133 -168.254 54.366
v 62.328 -168.041 51.456
v 62.470 -167.626 51.456
v 62.251 -168.413 51.480
v 62.091 -168.504 54.315
v 62.187 -168.569 54.183
v 64.585 -169.709 51.459
v 64.407 -169.867 51.456
v 63.859 -169.998 51.460
v 63.702 -169.936 54.038
v 63.344 -166.907 51.456
v 64.348 -166.938 51.456
v 65.022 -169.481 51.455
v 62.193 -168.402 51.479
v 65.405 -168.519 51.463
v 64.653 -169.802 51.470
v 62.111 -168.349 53.311
v 62.158 -168.492 52.814
v 62.173 -168.477 52.424
v 62.205 -168.487 52.303
v 62.217 -168.469 51.987
v 63.404 -169.692 54.231
v 63.122 -169.342 54.335
v 62.910 -169.162 54.272
v 62.551 -168.838 54.231
v 63.592 -169.930 54.307
v 62.555 -168.805 54.078
v 63.777 -170.038 51.998
v 63.792 -170.016 51.688
v 63.764 -170.064 52.384
v 63.752 -170.089 52.844
v 63.764 -170.128 53.272
v 63.804 -170.087 52.327
v 63.805 -170.066 51.897
v 62.183 -168.450 51.972
v 63.968 -170.303 53.468
v 63.950 -170.134 53.331
v 63.830 -170.204 53.398
v 63.778 -170.181 53.421
v 63.793 -170.204 53.430
v 64.031 -170.146 53.541
v 64.320 -170.837 53.494
v 64.463 -171.544 53.499
v 64.494 -172.197 53.496
v 64.533 -172.826 53.496
v 64.490 -173.464 53.499
v 64.530 -174.064 53.493
v 64.320 -174.814 53.494
v 63.973 -175.324 53.478
v 64.163 -170.948 53.504
v 64.498 -172.584 53.526
v 64.447 -174.422 53.499
v 64.181 -174.670 53.501
v 63.950 -175.517 53.333
v 64.015 -175.489 53.516
v 63.762 -175.525 53.262
v 63.790 -175.451 53.430
v 63.763 -175.586 52.412
v 63.776 -175.613 51.998
v 63.792 -175.634 51.687
v 63.859 -175.655 51.460
v 63.751 -175.566 52.814
v 63.807 -175.564 52.327
v 63.816 -175.581 51.897
v 62.018 -168.277 53.469
v 62.015 -168.170 53.578
v 56.808 -168.276 53.467
v 57.541 -167.975 53.497
v 58.170 -167.864 53.496
v 58.775 -167.598 53.496
v 59.417 -167.619 53.496
v 60.058 -167.599 53.496
v 60.665 -167.864 53.496
v 61.293 -167.975 53.497
v 57.005 -168.331 53.510
v 58.454 -167.831 53.526
v 60.380 -167.831 53.526
v 56.724 -168.348 53.314
v 56.816 -168.164 53.588
v 56.656 -168.477 52.378
v 56.680 -168.490 52.844
v 56.562 -168.408 51.468
v 56.633 -168.463 51.994
v 56.626 -168.413 51.492
v 65.230 -168.407 52.878
v 65.218 -168.655 52.902
v 65.458 -168.389 52.879
v 65.448 -168.655 52.902
v 63.593 -175.726 54.323
v 63.699 -175.708 54.042
v 64.471 -175.752 51.456
v 64.715 -176.091 51.460
v 65.022 -176.170 51.455
v 65.124 -176.411 51.456
v 65.264 -176.772 51.456
v 65.405 -177.132 51.463
v 65.281 -177.626 51.456
v 65.098 -178.048 51.456
v 65.046 -178.216 51.470
v 64.732 -178.363 51.455
v 64.359 -178.690 51.458
v 64.049 -178.734 51.456
v 63.662 -178.728 51.456
v 63.210 -178.678 51.456
v 62.888 -178.312 51.461
v 62.470 -178.025 51.456
v 62.324 -177.605 51.457
v 62.193 -177.250 51.477
v 62.251 -177.237 51.480
v 65.316 -177.183 51.455
v 64.451 -175.872 51.458
v 63.878 -175.846 53.968
v 63.622 -175.934 54.021
v 62.109 -177.292 53.308
v 62.172 -177.176 52.402
v 62.154 -177.161 52.844
v 62.217 -177.182 51.987
v 62.206 -177.166 52.269
v 62.184 -177.195 52.002
v 62.332 -177.135 54.020
v 62.187 -177.082 54.183
v 62.088 -177.151 54.313
v 62.550 -176.810 54.258
v 63.122 -176.309 54.335
v 63.242 -176.140 54.272
v 63.404 -175.960 54.231
v 63.116 -176.450 54.046
v 62.721 -177.178 53.985
v 62.561 -176.842 54.096
v 62.715 -176.890 53.996
v 64.503 -176.093 53.976
v 64.628 -176.123 53.966
v 62.688 -178.122 51.461
v 62.733 -178.025 53.970
v 62.461 -177.994 53.935
v 62.469 -177.542 53.965
v 62.954 -178.312 53.958
v 63.040 -178.161 53.985
v 63.109 -178.326 53.976
v 64.854 -176.383 53.970
v 64.559 -176.223 53.984
v 64.897 -176.299 51.461
v 64.895 -178.130 51.455
v 65.132 -176.871 53.965
v 65.163 -177.322 53.967
v 65.120 -176.509 53.929
v 65.133 -176.917 54.366
v 65.133 -177.398 54.366
v 65.111 -177.579 53.970
v 64.861 -178.013 53.967
v 65.047 -177.810 53.962
v 64.463 -178.353 53.967
v 64.395 -178.572 51.458
v 63.966 -178.525 53.968
v 63.652 -178.527 53.968
v 63.207 -178.575 51.458
v 64.639 -178.307 53.963
v 64.253 -176.920 53.983
v 63.333 -177.475 53.983
v 63.603 -177.574 53.934
v 64.016 -176.850 53.933
v 63.325 -177.219 53.968
v 63.633 -176.829 53.932
v 64.278 -177.215 53.971
v 63.358 -176.939 53.978
v 64.265 -177.475 53.983
v 63.994 -177.574 53.934
v 63.693 -176.928 53.763
v 63.517 -177.192 53.764
v 63.674 -177.476 53.761
v 63.933 -177.473 53.763
v 64.080 -177.192 53.764
v 63.925 -176.934 53.761
v 63.461 -177.197 53.884
v 64.140 -177.202 53.887
v 63.739 -177.430 52.737
v 63.885 -177.426 52.738
v 63.987 -177.194 52.731
v 63.867 -176.979 52.740
v 63.734 -176.977 52.741
v 63.612 -177.194 52.731
v 61.942 -177.293 53.460
v 61.321 -177.672 53.496
v 60.747 -177.928 53.496
v 60.119 -178.081 53.497
v 59.417 -178.033 53.496
v 58.776 -178.050 53.496
v 58.116 -177.936 53.495
v 57.542 -177.683 53.496
v 56.883 -177.291 53.456
v 57.015 -177.324 53.512
v 61.750 -177.351 53.526
v 60.686 -177.771 53.504
v 58.148 -177.771 53.504
v 62.047 -177.451 53.521
v 56.725 -177.287 53.303
v 56.784 -177.453 53.519
v 56.657 -177.173 52.411
v 56.635 -177.192 51.979
v 56.565 -177.240 51.470
v 56.677 -177.159 52.814
v 56.627 -177.237 51.492
v 65.229 -177.200 52.875
v 65.213 -176.974 52.930
v 65.456 -177.214 52.876
v 65.447 -176.974 52.930
v 56.755 -177.157 54.323
v 56.626 -177.078 54.152
v 56.494 -177.140 54.011
v 56.609 -177.545 51.465
v 56.491 -177.616 51.455
v 56.277 -178.079 51.461
v 55.946 -178.314 51.461
v 55.625 -178.678 51.456
v 55.173 -178.728 51.456
v 54.777 -178.735 51.457
v 54.462 -178.684 51.457
v 54.093 -178.355 51.455
v 53.788 -178.216 51.470
v 53.725 -178.050 51.455
v 53.553 -177.626 51.456
v 53.493 -177.168 51.457
v 53.570 -176.772 51.456
v 53.694 -176.417 51.455
v 54.118 -176.104 51.461
v 54.363 -175.752 51.456
v 54.938 -175.667 51.454
v 55.020 -175.642 51.499
v 55.066 -175.518 53.282
v 55.068 -175.587 52.378
v 55.082 -175.562 52.844
v 55.056 -175.611 51.991
v 55.136 -175.710 54.042
v 55.234 -175.714 54.313
v 55.023 -175.439 53.421
v 54.809 -175.492 53.525
v 54.854 -175.320 53.480
v 55.006 -175.393 53.463
v 54.878 -175.519 53.330
v 54.647 -174.673 53.496
v 54.288 -174.044 53.496
v 54.344 -173.464 53.499
v 54.301 -172.826 53.496
v 54.340 -172.197 53.496
v 54.371 -171.544 53.499
v 54.661 -170.952 53.499
v 54.856 -170.307 53.470
v 54.609 -174.490 53.526
v 54.336 -172.584 53.526
v 55.005 -170.204 53.398
v 55.020 -170.220 53.429
v 55.067 -170.132 53.273
v 55.063 -170.169 53.407
v 54.877 -170.131 53.330
v 55.070 -170.066 52.410
v 55.050 -170.044 51.979
v 55.020 -170.009 51.500
v 55.083 -170.085 52.814
v 54.937 -169.991 51.454
v 54.368 -175.878 51.456
v 55.074 -175.868 53.981
v 54.891 -175.849 53.961
v 55.538 -176.080 54.258
v 55.831 -176.412 54.231
v 56.237 -176.779 54.311
v 56.121 -177.103 53.985
v 55.688 -176.468 54.003
v 55.497 -175.985 54.109
v 55.885 -176.443 54.082
v 56.261 -176.830 54.070
v 56.106 -176.909 53.990
v 56.137 -178.122 51.460
v 56.096 -178.028 53.970
v 56.324 -177.951 53.942
v 56.363 -177.547 53.965
v 54.239 -176.120 53.970
v 58.045 -167.927 54.346
v 57.536 -168.128 54.314
v 58.460 -167.860 54.314
v 58.727 -167.803 54.324
v 59.417 -167.738 54.346
v 60.374 -167.860 54.314
v 60.107 -167.803 54.324
v 61.298 -168.128 54.314
v 60.790 -167.927 54.346
v 61.444 -168.159 54.346
v 62.628 -168.879 54.346
v 64.018 -170.724 54.314
v 63.934 -170.485 54.346
v 64.392 -171.775 54.343
v 64.194 -171.128 54.324
v 64.491 -172.489 54.343
v 64.493 -173.173 54.346
v 64.422 -173.545 54.314
v 64.398 -173.861 54.346
v 64.217 -174.525 54.351
v 63.798 -175.354 54.314
v 63.934 -175.166 54.346
v 64.194 -174.523 54.324
v 62.628 -176.772 54.346
v 61.734 -177.320 54.314
v 61.444 -177.492 54.346
v 60.795 -177.720 54.343
v 60.089 -177.865 54.343
v 59.417 -177.913 54.346
v 58.746 -177.865 54.343
v 58.039 -177.720 54.343
v 57.100 -177.320 54.314
v 57.390 -177.492 54.346
v 55.699 -176.298 54.346
v 55.037 -175.354 54.314
v 54.900 -175.166 54.346
v 54.627 -174.523 54.340
v 54.412 -173.545 54.314
v 54.436 -173.861 54.346
v 54.343 -172.489 54.343
v 54.341 -173.173 54.346
v 54.442 -171.775 54.343
v 54.627 -171.123 54.344
v 54.817 -170.724 54.314
v 55.249 -169.919 54.315
v 54.900 -170.485 54.346
v 55.699 -169.353 54.346
v 55.430 -169.692 54.231
v 55.893 -169.188 54.258
v 56.223 -168.881 54.322
v 56.737 -168.509 54.307
v 57.390 -168.159 54.346
v 58.723 -167.777 54.357
v 56.193 -168.862 54.365
v 54.593 -171.111 54.366
v 54.593 -174.540 54.366
v 56.193 -176.789 54.365
v 64.219 -171.119 54.357
v 60.111 -167.777 54.357
v 54.160 -176.085 53.954
v 54.240 -176.221 53.976
v 53.965 -176.393 53.969
v 53.936 -176.299 51.461
v 55.873 -178.303 53.960
v 53.930 -178.123 51.456
v 53.673 -177.321 53.968
v 53.602 -176.805 53.915
v 53.701 -176.917 54.366
v 53.701 -177.398 54.366
v 53.704 -177.548 53.966
v 53.942 -177.732 53.985
v 53.784 -177.811 53.958
v 53.964 -178.011 53.966
v 54.322 -178.330 53.967
v 55.575 -178.465 53.965
v 55.627 -178.575 51.458
v 55.170 -178.529 53.968
v 54.797 -178.517 53.972
v 54.346 -178.520 51.458
v 54.181 -178.308 53.953
v 54.810 -176.850 53.935
v 55.216 -177.577 53.931
v 54.536 -177.214 53.977
v 54.566 -176.958 53.982
v 55.194 -176.827 53.931
v 55.465 -176.927 53.978
v 55.497 -177.220 53.964
v 54.832 -177.571 53.935
v 54.545 -177.467 53.985
v 55.467 -177.500 53.979
v 55.130 -176.926 53.761
v 54.899 -176.937 53.763
v 54.754 -177.192 53.764
v 54.881 -177.464 53.761
v 55.139 -177.481 53.763
v 55.317 -177.192 53.764
v 54.681 -177.204 53.898
v 55.366 -177.192 53.876
v 55.095 -177.430 52.737
v 55.219 -177.192 52.731
v 55.075 -176.975 52.740
v 54.938 -176.984 52.743
v 54.845 -177.197 52.731
v 54.949 -177.426 52.738
v 53.606 -177.200 52.875
v 53.621 -176.974 52.930
v 53.378 -177.214 52.876
v 53.388 -176.974 52.930
v 55.117 -169.924 54.032
v 54.787 -170.094 53.879
v 56.491 -168.035 51.455
v 56.275 -167.571 51.460
v 55.968 -167.296 51.461
v 55.693 -167.052 51.456
v 55.490 -166.907 51.456
v 55.173 -166.923 51.456
v 54.777 -166.916 51.457
v 54.471 -166.943 51.455
v 54.066 -167.253 51.455
v 53.728 -167.591 51.456
v 53.585 -167.969 51.456
v 53.480 -168.401 51.456
v 53.533 -168.809 51.456
v 53.675 -169.155 51.455
v 54.106 -169.538 51.460
v 54.427 -169.867 51.456
v 54.181 -169.802 51.470
v 54.361 -167.115 51.459
v 56.605 -168.077 51.464
v 54.246 -169.711 51.456
v 56.488 -168.496 54.008
v 56.626 -168.573 54.148
v 55.218 -169.645 54.005
v 55.704 -169.172 54.003
v 56.118 -168.696 53.989
v 56.268 -168.799 54.070
v 55.902 -169.184 54.082
v 55.505 -169.667 54.078
v 54.239 -169.520 53.971
v 54.796 -169.687 53.985
v 56.063 -167.494 51.460
v 56.035 -167.576 53.971
v 56.324 -167.700 53.943
v 56.329 -167.988 53.967
v 55.938 -167.246 53.936
v 54.177 -169.549 53.955
v 53.963 -169.257 53.969
v 53.925 -169.355 51.462
v 54.352 -167.263 53.968
v 54.797 -167.117 53.971
v 55.166 -167.122 53.970
v 55.580 -167.186 53.964
v 54.181 -167.343 53.953
v 53.995 -167.499 51.456
v 54.283 -167.453 53.968
v 53.967 -167.633 53.965
v 54.538 -168.404 53.977
v 54.553 -168.680 53.983
v 55.470 -168.127 53.983
v 54.822 -168.069 53.940
v 54.823 -168.796 53.933
v 55.220 -168.807 53.928
v 55.470 -168.704 53.977
v 53.896 -167.911 53.985
v 54.542 -168.182 53.985
v 55.186 -168.052 53.935
v 55.494 -168.404 53.964
v 53.608 -168.838 53.919
v 53.670 -168.306 53.966
v 53.731 -168.015 53.963
v 53.701 -168.735 54.366
v 53.701 -168.254 54.366
v 55.112 -168.155 53.764
v 54.916 -168.164 53.768
v 54.760 -168.388 53.761
v 54.864 -168.687 53.763
v 55.157 -168.706 53.764
v 55.311 -168.388 53.761
v 54.687 -168.388 53.898
v 55.360 -168.381 53.877
v 55.121 -168.653 52.735
v 55.196 -168.364 52.731
v 55.036 -168.194 52.754
v 54.852 -168.382 52.733
v 54.926 -168.646 52.736
v 53.604 -168.407 52.878
v 53.617 -168.655 52.902
v 53.376 -168.389 52.879
v 53.386 -168.655 52.902
v 54.509 -174.820 53.495
v 54.745 -175.464 53.882
v 54.686 -175.337 53.961
v 54.468 -174.852 53.966
v 52.915 -175.539 53.495
v 54.382 -175.654 53.754
v 54.138 -175.780 53.740
v 53.901 -175.953 53.752
v 53.528 -176.454 53.749
v 53.687 -176.181 53.757
v 53.411 -176.736 53.604
v 53.359 -176.665 53.861
v 53.299 -176.487 53.954
v 53.585 -176.104 53.929
v 53.768 -175.751 53.984
v 54.142 -175.619 53.929
v 54.472 -175.186 53.985
v 53.466 -176.457 53.872
v 54.496 -175.512 53.907
v 53.011 -175.593 53.984
v 52.973 -175.575 53.960
v 53.350 -176.798 53.538
v 53.156 -176.917 54.345
v 51.954 -173.189 54.345
v 52.058 -173.239 53.498
v 51.991 -172.299 54.346
v 52.099 -172.334 53.496
v 52.048 -172.790 53.494
v 51.920 -172.683 54.348
v 53.350 -168.854 53.536
v 53.156 -168.734 54.345
v 53.412 -168.917 53.610
v 52.921 -170.100 53.497
v 53.361 -168.969 53.845
v 53.309 -169.135 53.942
v 52.973 -170.076 53.960
v 54.509 -170.831 53.495
v 54.463 -170.807 53.968
v 53.011 -170.059 53.984
v 54.073 -169.986 53.935
v 54.457 -170.261 53.980
v 53.768 -169.899 53.984
v 53.586 -169.546 53.928
v 54.702 -170.280 53.946
v 53.528 -169.197 53.749
v 53.687 -169.470 53.757
v 53.901 -169.698 53.752
v 54.138 -169.871 53.740
v 54.382 -169.997 53.754
v 54.803 -170.146 53.539
v 54.502 -170.119 53.890
v 53.450 -169.202 53.890
v 61.504 -177.711 53.526
v 60.204 -178.076 53.507
v 62.124 -177.416 53.377
v 60.799 -177.994 53.964
v 60.213 -178.119 53.964
v 61.509 -177.723 53.936
v 61.348 -177.798 53.946
v 62.002 -177.528 53.916
v 62.207 -177.780 53.740
v 62.363 -178.106 53.752
v 62.589 -178.392 53.752
v 62.827 -178.593 53.670
v 62.526 -178.639 53.968
v 62.729 -178.636 53.881
v 62.499 -178.484 53.929
v 62.161 -178.230 53.984
v 62.023 -177.836 53.972
v 61.358 -177.823 53.977
v 60.109 -178.139 53.952
v 60.131 -178.672 53.497
v 60.216 -178.647 53.965
v 60.121 -178.636 53.952
v 60.210 -178.698 53.502
v 62.870 -178.665 53.546
v 63.269 -178.818 53.463
v 63.540 -178.875 53.490
v 55.267 -178.877 53.492
v 55.526 -178.835 53.467
v 63.799 -178.901 54.346
v 55.036 -178.901 54.346
v 55.963 -178.666 53.542
v 53.426 -177.734 54.346
v 53.565 -178.049 54.343
v 53.768 -178.338 54.340
v 54.013 -178.551 54.345
v 54.340 -178.752 54.343
v 54.701 -178.868 54.340
v 53.314 -177.397 54.345
v 53.416 -177.667 53.516
v 53.340 -177.367 53.483
v 53.373 -177.491 53.489
v 64.123 -178.869 54.343
v 64.471 -178.762 54.340
v 64.800 -178.574 54.343
v 65.062 -178.336 54.343
v 65.419 -177.737 54.337
v 65.269 -178.049 54.343
v 65.388 -177.727 54.365
v 65.520 -177.397 54.345
v 65.448 -177.548 53.498
v 65.494 -177.368 53.483
v 56.008 -178.593 53.673
v 58.768 -178.701 53.497
v 56.093 -178.637 53.874
v 56.293 -178.638 53.964
v 58.782 -178.652 53.965
v 57.344 -177.715 53.526
v 58.776 -178.137 53.967
v 56.771 -177.907 53.971
v 57.497 -177.821 53.967
v 58.069 -178.003 53.964
v 56.833 -177.529 53.917
v 56.672 -178.229 53.984
v 56.319 -178.498 53.931
v 56.709 -177.418 53.378
v 56.471 -178.106 53.752
v 56.245 -178.392 53.752
v 57.338 -177.728 53.936
v 64.133 -170.284 53.946
v 64.371 -170.806 53.967
v 65.913 -170.100 53.497
v 64.335 -170.048 53.752
v 64.652 -169.904 53.752
v 64.933 -169.698 53.752
v 65.306 -169.198 53.749
v 65.147 -169.470 53.757
v 65.476 -168.862 53.547
v 65.465 -168.968 53.840
v 65.524 -169.135 53.943
v 65.249 -169.547 53.929
v 65.052 -169.883 53.980
v 64.729 -170.004 53.931
v 64.378 -170.262 53.980
v 64.332 -170.119 53.891
v 65.851 -170.072 53.966
v 65.678 -168.734 54.345
v 66.843 -172.299 54.346
v 66.735 -172.334 53.496
v 66.880 -173.189 54.345
v 66.777 -173.239 53.498
v 66.786 -172.790 53.494
v 66.914 -172.683 54.348
v 65.476 -176.788 53.546
v 65.678 -176.917 54.345
v 65.920 -175.539 53.495
v 65.470 -176.667 53.856
v 65.535 -176.487 53.954
v 65.852 -175.579 53.965
v 64.373 -174.836 53.967
v 64.362 -175.186 53.985
v 64.692 -175.620 53.928
v 65.220 -176.067 53.934
v 65.066 -175.752 53.984
v 64.148 -175.337 53.962
v 64.335 -175.603 53.752
v 64.652 -175.747 53.752
v 64.933 -175.953 53.752
v 65.147 -176.181 53.757
v 65.306 -176.453 53.749
v 64.090 -175.463 53.883
v 64.338 -175.513 53.906
v 60.728 -167.690 53.499
v 61.490 -167.936 53.526
v 61.496 -167.923 53.936
v 62.002 -168.117 53.918
v 61.338 -167.830 53.967
v 60.016 -167.514 53.963
v 60.765 -167.648 53.964
v 60.069 -166.950 53.497
v 62.096 -167.546 53.985
v 62.529 -167.043 53.969
v 62.852 -167.029 53.595
v 62.589 -167.259 53.752
v 62.363 -167.545 53.752
v 62.207 -167.871 53.740
v 60.214 -167.516 53.982
v 60.212 -167.017 53.982
v 60.052 -166.987 53.953
v 62.511 -166.988 53.950
v 62.719 -166.988 53.869
v 62.876 -166.969 53.528
v 63.269 -166.833 53.464
v 63.544 -166.778 53.489
v 55.530 -166.818 53.466
v 55.278 -166.775 53.491
v 55.036 -166.750 54.346
v 63.799 -166.750 54.346
v 55.957 -166.969 53.526
v 54.701 -166.783 54.340
v 54.340 -166.899 54.343
v 54.013 -167.100 54.345
v 53.768 -167.313 54.340
v 53.426 -167.917 54.346
v 53.565 -167.602 54.343
v 53.314 -168.254 54.345
v 53.415 -167.985 53.515
v 53.343 -168.274 53.484
v 53.379 -168.131 53.493
v 65.419 -167.914 54.337
v 65.269 -167.602 54.343
v 65.062 -167.315 54.343
v 64.800 -167.077 54.343
v 64.471 -166.889 54.340
v 64.123 -166.782 54.343
v 65.388 -167.924 54.365
v 65.520 -168.254 54.345
v 65.446 -168.099 53.497
v 65.491 -168.274 53.483
v 65.645 -174.144 54.348
v 53.188 -174.669 54.348
v 65.849 -174.167 54.348
v 65.394 -174.392 54.366
v 65.448 -174.395 54.347
v 65.640 -174.667 54.347
v 53.419 -174.402 54.360
v 65.867 -174.642 54.350
v 53.373 -174.392 54.341
v 53.163 -174.146 54.347
v 52.962 -174.177 54.350
v 52.960 -174.635 54.348
v 65.961 -174.395 54.348
v 52.872 -174.395 54.348
v 65.657 -174.149 54.004
v 65.465 -174.396 54.008
v 65.635 -174.707 53.998
v 65.964 -174.763 53.977
v 65.946 -174.395 54.007
v 65.852 -174.055 53.985
v 65.108 -174.389 53.964
v 53.148 -174.151 54.004
v 52.873 -174.390 54.006
v 52.865 -174.765 53.977
v 53.196 -174.707 53.997
v 53.359 -174.394 54.012
v 52.961 -173.992 53.973
v 53.527 -174.448 53.978
v 55.983 -167.029 53.602
v 58.770 -166.950 53.497
v 56.108 -166.987 53.864
v 56.305 -166.989 53.949
v 58.782 -166.987 53.954
v 58.107 -167.690 53.499
v 57.344 -167.936 53.526
v 58.772 -167.514 53.968
v 58.771 -167.016 53.981
v 56.292 -167.040 53.967
v 58.069 -167.648 53.964
v 57.497 -167.830 53.967
v 56.708 -167.523 53.981
v 56.831 -168.118 53.917
v 56.245 -167.259 53.752
v 56.471 -167.545 53.752
v 57.338 -167.923 53.936
v 59.417 -178.174 53.964
v 59.493 -178.421 54.048
v 59.417 -167.474 53.967
v 59.892 -167.017 53.982
v 53.639 -174.003 53.964
v 52.588 -174.295 53.948
v 52.522 -174.267 53.492
v 52.948 -173.852 53.499
v 52.733 -174.922 53.499
v 53.312 -174.963 53.501
v 53.316 -175.139 53.496
v 53.731 -174.380 53.497
v 53.627 -174.026 53.498
v 65.195 -174.003 53.964
v 66.234 -174.298 53.961
v 65.886 -173.852 53.499
v 65.207 -174.026 53.498
v 66.312 -174.267 53.492
v 65.095 -174.398 53.496
v 66.101 -174.922 53.499
v 65.522 -174.963 53.501
v 65.492 -175.131 53.496
v 59.321 -178.423 54.049
v 54.147 -173.377 53.499
v 54.119 -172.755 53.496
v 54.166 -172.116 53.496
v 52.908 -173.727 53.499
v 53.433 -175.115 53.502
v 54.363 -174.414 53.496
v 52.864 -170.281 53.500
v 52.868 -175.362 53.504
v 52.848 -175.162 53.968
v 53.271 -175.133 53.964
v 53.838 -174.558 53.501
v 53.863 -174.563 53.985
v 54.222 -174.080 53.961
v 53.441 -175.072 53.985
v 52.892 -170.341 53.963
v 52.230 -172.377 53.967
v 52.485 -174.179 53.510
v 52.167 -172.826 53.967
v 52.230 -173.274 53.967
v 54.123 -172.436 53.526
v 52.502 -174.118 53.963
v 52.916 -173.679 53.971
v 54.108 -172.435 53.936
v 54.111 -172.127 53.967
v 54.231 -171.532 53.961
v 54.094 -173.356 53.964
v 54.066 -172.749 53.967
v 54.177 -173.946 53.976
v 54.198 -171.507 53.985
v 53.169 -173.717 53.976
v 53.354 -172.825 53.975
v 53.770 -172.825 53.975
v 53.147 -172.038 53.975
v 52.559 -172.825 53.975
v 52.939 -172.825 53.975
v 64.668 -172.116 53.496
v 64.715 -172.755 53.496
v 64.688 -173.377 53.499
v 65.970 -170.281 53.500
v 65.927 -173.727 53.499
v 66.349 -174.179 53.510
v 65.913 -173.682 53.970
v 66.332 -174.117 53.963
v 66.614 -173.278 53.958
v 64.711 -172.436 53.526
v 64.607 -173.969 53.513
v 64.638 -174.005 53.970
v 64.726 -172.435 53.936
v 64.768 -172.749 53.967
v 64.740 -173.356 53.964
v 64.618 -171.537 53.973
v 64.723 -172.127 53.967
v 64.591 -171.519 53.950
v 66.614 -172.373 53.958
v 65.942 -170.341 53.963
v 66.668 -172.826 53.967
v 66.584 -173.268 53.984
v 66.584 -172.383 53.984
v 65.966 -175.362 53.504
v 65.986 -175.162 53.968
v 65.535 -175.119 53.962
v 65.389 -175.124 53.510
v 65.381 -175.073 53.969
v 64.986 -174.560 53.511
v 64.905 -174.492 53.969
v 64.590 -174.144 53.955
v 65.637 -173.717 53.978
v 65.895 -172.825 53.975
v 65.480 -172.825 53.975
v 65.065 -172.825 53.975
v 65.687 -172.038 53.975
v 66.276 -172.825 53.975
v 59.580 -181.193 -1.572
v 59.238 -181.175 -1.572
v 59.263 -180.857 -1.572
v 59.567 -180.862 -1.572
v 65.949 -181.197 -1.572
v 52.519 -181.116 -1.572
v 52.827 -181.232 -1.572
v 51.920 -181.932 -1.572
v 51.802 -181.787 -1.572
v 51.797 -181.737 -1.572
v 51.797 -179.100 -1.515
v 52.534 -180.909 -1.572
v 52.827 -180.845 -1.572
v 66.896 -181.949 -1.572
v 67.037 -179.100 -1.515
v 66.278 -180.891 -1.572
v 65.979 -180.840 -1.572
v 66.288 -181.161 -1.572
v 67.018 -181.834 -1.572
v 67.034 -181.762 -1.572
v 53.005 -181.038 -1.572
v 51.797 -178.944 -1.496
v 67.037 -178.944 -1.496
v 67.028 -179.070 -0.779
v 67.028 -178.918 -0.779
v 51.797 -179.070 -0.832
v 51.797 -178.918 -0.832
v 66.859 -178.918 -0.589
v 66.859 -179.070 -0.589
v 66.949 -179.070 -0.645
v 66.949 -178.918 -0.645
v 65.005 -178.918 -0.008
v 65.005 -179.070 -0.008
v 51.975 -179.070 -0.589
v 51.975 -178.918 -0.589
v 51.855 -178.918 -0.688
v 51.855 -179.070 -0.688
v 53.829 -178.918 -0.008
v 53.829 -179.070 -0.008
v 65.005 -178.896 0.470
v 53.829 -178.896 0.470
v 53.829 -179.054 0.426
v 65.005 -179.054 0.426
v 58.270 -178.829 0.447
v 53.831 -176.226 0.523
v 65.003 -176.226 0.523
v 64.881 -176.055 0.523
v 62.742 -176.025 0.523
v 53.952 -176.055 0.523
v 56.092 -176.025 0.523
v 61.961 -176.639 0.523
v 61.169 -177.061 0.523
v 60.310 -177.321 0.523
v 59.437 -177.565 0.470
v 58.439 -177.296 0.498
v 57.665 -177.061 0.523
v 56.873 -176.639 0.523
v 59.352 -177.703 0.460
v 58.270 -177.453 0.447
v 55.619 -176.764 10.781
v 55.866 -176.927 10.787
v 55.870 -177.175 10.783
v 55.746 -177.359 10.777
v 55.544 -177.431 10.784
v 55.232 -177.232 10.780
v 55.270 -176.865 10.783
v 55.334 -177.411 10.804
v 55.336 -175.953 10.349
v 56.258 -175.741 10.436
v 57.187 -178.668 10.404
v 54.992 -175.567 10.424
v 58.131 -177.544 10.404
v 53.600 -177.381 10.401
v 53.471 -176.934 10.408
v 55.463 -175.726 10.301
v 58.570 -178.623 10.416
v 54.785 -178.585 10.421
v 55.121 -178.641 10.407
v 53.119 -175.918 10.402
v 54.787 -175.143 10.405
v 53.891 -178.072 10.414
v 53.629 -177.521 10.391
v 54.437 -178.485 10.400
v 54.069 -178.265 10.390
v 56.656 -176.112 10.437
v 57.359 -176.593 10.437
v 58.020 -177.267 10.784
v 58.141 -177.554 10.786
v 56.541 -176.490 10.798
v 57.049 -176.838 10.798
v 55.531 -175.739 10.813
v 56.102 -176.154 10.801
v 55.818 -175.726 10.767
v 57.513 -177.082 10.800
v 60.055 -177.678 10.782
v 59.417 -177.722 10.785
v 58.779 -177.678 10.782
v 60.693 -177.554 10.786
v 55.022 -175.548 10.397
v 53.404 -176.918 9.954
v 53.054 -175.890 9.939
v 58.644 -178.650 10.390
v 57.246 -178.790 9.937
v 58.740 -178.683 9.938
v 58.181 -177.577 9.950
v 56.832 -179.178 9.934
v 54.787 -178.617 10.390
v 53.758 -177.873 10.422
v 54.752 -178.772 9.937
v 54.382 -178.506 9.939
v 54.013 -178.331 9.931
v 55.072 -178.838 9.935
v 55.291 -175.852 10.089
v 54.850 -175.150 9.936
v 55.265 -175.660 9.961
v 53.193 -176.917 9.935
v 55.410 -175.710 10.149
v 54.795 -174.915 9.934
v 54.683 -174.274 9.938
v 54.420 -173.512 9.936
v 54.326 -172.843 9.933
v 54.417 -172.251 9.936
v 54.433 -171.699 9.933
v 54.778 -170.764 9.931
v 55.142 -170.330 9.938
v 55.513 -169.650 9.936
v 55.954 -169.165 9.933
v 56.457 -168.739 9.936
v 57.095 -168.317 9.935
v 57.662 -168.095 9.936
v 58.396 -167.978 9.935
v 59.075 -167.884 9.935
v 59.759 -167.884 9.935
v 60.438 -167.978 9.935
v 61.172 -168.095 9.936
v 61.739 -168.317 9.935
v 62.377 -168.739 9.936
v 62.876 -169.160 9.935
v 63.321 -169.650 9.936
v 63.692 -170.330 9.938
v 64.056 -170.764 9.931
v 64.344 -171.659 9.930
v 64.417 -172.251 9.936
v 64.508 -172.843 9.933
v 64.415 -173.512 9.936
v 64.152 -174.274 9.938
v 64.039 -174.915 9.934
v 63.546 -175.672 9.992
v 55.080 -175.154 9.964
v 54.520 -173.315 9.964
v 54.639 -171.549 9.941
v 56.292 -169.023 9.964
v 58.159 -167.880 9.938
v 58.934 -167.924 9.964
v 59.900 -167.924 9.964
v 60.675 -167.880 9.938
v 62.542 -169.023 9.964
v 64.177 -171.531 9.957
v 64.315 -173.315 9.964
v 63.754 -175.154 9.964
v 58.346 -177.638 9.929
v 54.353 -178.766 9.934
v 53.631 -177.959 9.937
v 53.597 -177.630 9.941
v 53.844 -178.078 9.938
v 53.544 -177.397 9.935
v 53.673 -177.319 10.820
v 53.710 -176.842 10.827
v 53.980 -178.011 10.831
v 53.980 -177.699 10.805
v 53.675 -177.654 10.823
v 53.974 -176.729 10.805
v 53.978 -176.403 10.831
v 58.453 -177.619 10.424
v 60.094 -178.683 9.938
v 59.949 -178.650 10.424
v 60.444 -177.649 9.930
v 60.382 -177.619 10.424
v 60.638 -177.590 9.939
v 60.248 -178.634 10.403
v 60.703 -177.544 10.404
v 61.597 -178.797 9.937
v 59.871 -177.694 10.424
v 58.963 -177.694 10.424
v 60.814 -177.268 10.784
v 61.649 -178.668 10.404
v 61.985 -179.199 9.935
v 62.203 -179.133 9.919
v 63.761 -178.833 9.935
v 63.713 -178.641 10.406
v 64.808 -178.339 9.930
v 64.481 -178.766 9.934
v 64.082 -178.772 9.937
v 64.444 -178.508 9.940
v 64.398 -178.485 10.400
v 64.048 -178.617 10.390
v 64.763 -178.266 10.391
v 64.049 -178.585 10.421
v 64.950 -178.061 10.415
v 65.205 -177.521 10.391
v 65.076 -177.873 10.422
v 61.401 -176.632 10.431
v 62.178 -176.112 10.437
v 62.576 -175.740 10.435
v 61.475 -176.593 10.437
v 62.740 -176.147 10.801
v 62.293 -176.490 10.798
v 62.054 -176.891 10.821
v 61.641 -176.896 10.790
v 61.322 -177.082 10.800
v 63.290 -175.743 10.810
v 65.177 -177.977 9.935
v 64.982 -178.072 9.947
v 65.215 -177.617 9.944
v 65.290 -177.397 9.935
v 65.235 -177.381 10.401
v 63.544 -175.852 10.091
v 63.413 -175.717 10.242
v 63.327 -175.734 10.354
v 63.490 -175.963 10.356
v 64.047 -175.143 10.405
v 63.818 -175.552 10.403
v 63.984 -175.150 9.935
v 65.772 -175.894 9.943
v 65.715 -175.918 10.402
v 65.817 -175.875 9.917
v 65.584 -176.917 9.936
v 65.362 -176.933 10.404
v 63.256 -177.432 10.784
v 63.068 -177.335 10.776
v 62.947 -177.159 10.785
v 62.950 -176.942 10.789
v 63.186 -176.779 10.781
v 63.561 -176.863 10.782
v 63.602 -177.232 10.780
v 63.439 -177.422 10.790
v 65.164 -177.320 10.820
v 65.121 -176.838 10.827
v 64.837 -176.390 10.832
v 65.286 -176.382 10.830
v 65.098 -177.636 10.824
v 64.854 -178.011 10.831
v 65.175 -178.031 10.822
v 55.297 -175.539 10.806
v 55.499 -175.868 10.829
v 55.493 -175.757 11.302
v 54.864 -175.488 10.826
v 55.116 -175.135 10.752
v 54.965 -174.900 10.785
v 54.727 -174.276 10.782
v 54.560 -173.311 10.752
v 54.573 -173.631 10.785
v 54.508 -172.969 10.785
v 54.536 -172.309 10.782
v 54.659 -171.625 10.782
v 54.852 -171.014 10.785
v 55.200 -170.309 10.808
v 53.274 -176.891 10.811
v 53.521 -176.368 10.828
v 53.738 -176.061 10.828
v 54.022 -175.817 10.837
v 54.342 -175.621 10.828
v 54.003 -175.786 10.807
v 55.472 -175.748 11.889
v 55.450 -175.739 12.476
v 55.413 -175.746 13.300
v 55.291 -175.716 13.327
v 54.821 -175.627 13.325
v 55.355 -175.801 13.298
v 55.226 -175.892 10.821
v 54.814 -175.868 10.826
v 54.241 -176.139 10.830
v 54.299 -175.728 13.323
v 54.128 -176.110 13.319
v 53.759 -176.158 13.323
v 53.588 -176.452 13.320
v 53.578 -176.774 13.324
v 53.375 -177.112 13.314
v 53.389 -177.461 13.310
v 53.587 -177.646 13.329
v 53.612 -178.013 13.317
v 54.126 -178.304 13.320
v 54.129 -178.607 13.306
v 54.446 -178.752 13.323
v 54.770 -178.739 13.323
v 55.163 -178.723 13.324
v 55.622 -178.742 13.324
v 55.837 -178.669 13.295
v 55.941 -178.305 13.319
v 56.328 -178.237 13.323
v 56.392 -177.963 13.323
v 56.672 -177.203 13.323
v 56.636 -177.619 13.323
v 53.545 -177.188 13.326
v 54.634 -175.831 13.295
v 54.384 -175.910 13.324
v 54.198 -176.141 11.453
v 54.206 -176.171 11.453
v 54.033 -176.350 11.453
v 53.947 -176.305 13.319
v 54.226 -176.221 10.839
v 53.944 -178.107 13.319
v 55.291 -170.087 10.884
v 55.528 -169.836 10.800
v 55.455 -169.945 11.081
v 55.186 -170.109 11.046
v 54.842 -170.139 11.038
v 54.919 -169.962 10.874
v 54.855 -170.310 10.830
v 55.297 -169.928 13.325
v 54.804 -170.012 13.323
v 55.413 -169.904 13.300
v 55.474 -169.902 11.836
v 55.452 -169.911 12.427
v 54.399 -170.029 11.043
v 54.099 -169.871 11.043
v 53.878 -169.705 11.038
v 53.689 -169.494 11.043
v 53.507 -169.207 11.043
v 53.363 -168.793 11.035
v 53.159 -168.798 10.813
v 53.320 -169.261 10.820
v 53.587 -169.568 10.861
v 53.734 -169.861 10.811
v 54.073 -170.010 10.864
v 54.359 -170.245 10.811
v 54.412 -170.104 10.903
v 53.915 -169.654 10.893
v 53.687 -169.062 10.853
v 51.989 -172.298 10.787
v 51.914 -172.647 10.787
v 51.951 -173.179 10.787
v 53.221 -168.734 9.933
v 52.078 -172.415 9.934
v 52.023 -173.169 9.935
v 53.642 -176.983 11.607
v 53.350 -176.983 11.607
v 52.076 -172.791 9.934
v 53.629 -177.197 11.661
v 53.340 -177.198 11.662
v 53.639 -177.352 11.206
v 54.004 -178.038 11.453
v 54.241 -178.271 10.831
v 54.197 -178.224 11.453
v 54.206 -178.243 11.453
v 54.375 -178.493 13.319
v 55.608 -178.544 13.320
v 54.759 -178.510 10.825
v 55.184 -178.938 10.811
v 55.201 -178.533 10.820
v 55.706 -178.325 10.815
v 55.846 -178.266 10.833
v 55.867 -178.239 11.453
v 56.125 -178.110 13.319
v 56.093 -178.011 10.831
v 56.067 -178.038 11.453
v 56.485 -176.864 13.320
v 56.504 -177.115 13.324
v 56.439 -177.577 13.324
v 56.633 -176.996 13.313
v 56.375 -177.991 10.828
v 56.355 -177.576 10.824
v 56.405 -177.155 10.827
v 56.418 -176.739 10.828
v 56.494 -176.771 11.889
v 56.485 -176.749 11.302
v 56.503 -176.793 12.476
v 56.754 -177.175 10.828
v 56.660 -176.890 10.824
v 56.738 -177.518 10.828
v 56.641 -177.860 10.825
v 56.254 -178.433 10.828
v 55.942 -178.681 10.828
v 55.614 -178.838 10.828
v 56.872 -179.351 10.786
v 57.127 -179.135 10.775
v 56.812 -179.401 10.757
v 57.179 -179.105 9.943
v 56.816 -179.418 9.949
v 57.301 -178.941 10.785
v 57.425 -178.903 10.788
v 57.437 -178.932 9.938
v 61.511 -178.935 10.785
v 61.396 -178.933 9.937
v 61.622 -179.014 10.783
v 61.600 -179.030 9.942
v 61.968 -179.351 10.785
v 62.035 -179.401 10.757
v 62.009 -179.419 9.951
v 63.643 -178.940 10.810
v 54.737 -178.890 10.805
v 54.390 -178.791 10.805
v 54.109 -178.650 10.805
v 54.017 -178.612 9.946
v 53.929 -178.504 10.805
v 53.756 -178.363 9.936
v 53.769 -178.352 10.805
v 53.527 -178.001 10.805
v 53.386 -177.747 9.946
v 53.282 -177.397 9.936
v 53.366 -177.606 10.837
v 53.305 -177.369 10.811
v 65.438 -177.744 9.936
v 65.079 -178.363 9.936
v 65.552 -177.397 9.936
v 64.817 -178.612 9.946
v 65.400 -177.803 10.805
v 65.469 -177.605 10.834
v 65.039 -178.385 10.805
v 64.721 -178.643 10.805
v 64.616 -178.269 10.840
v 64.445 -178.790 10.805
v 64.097 -178.890 10.805
v 65.529 -177.369 10.812
v 62.096 -177.518 10.828
v 62.180 -177.866 10.810
v 62.417 -177.968 10.830
v 62.553 -178.421 10.818
v 62.892 -178.682 10.828
v 63.220 -178.838 10.828
v 62.973 -178.274 10.839
v 62.078 -177.185 10.826
v 65.494 -177.198 11.662
v 65.195 -177.352 11.206
v 65.205 -177.197 11.661
v 65.484 -176.983 11.607
v 65.192 -176.983 11.607
v 62.411 -176.739 10.828
v 62.349 -176.749 11.302
v 62.346 -176.864 13.319
v 62.331 -176.793 12.476
v 62.340 -176.771 11.889
v 62.198 -176.995 13.303
v 62.157 -177.229 13.323
v 62.429 -177.152 10.827
v 62.476 -177.566 10.824
v 62.743 -178.011 10.831
v 62.303 -177.100 13.329
v 62.185 -177.617 13.310
v 62.442 -177.963 13.323
v 62.506 -178.237 13.323
v 62.893 -178.306 13.319
v 62.997 -178.669 13.295
v 63.212 -178.742 13.324
v 63.671 -178.723 13.324
v 64.064 -178.739 13.323
v 64.388 -178.752 13.323
v 64.705 -178.607 13.306
v 64.707 -178.305 13.320
v 65.178 -178.020 13.323
v 65.228 -177.668 13.327
v 65.436 -177.461 13.320
v 65.449 -177.114 13.323
v 65.232 -176.774 13.326
v 65.409 -176.771 13.308
v 65.185 -176.430 13.326
v 65.076 -176.158 13.323
v 64.706 -176.109 13.320
v 64.385 -175.672 13.324
v 63.914 -175.616 13.324
v 62.364 -177.585 13.328
v 62.711 -178.109 13.319
v 65.560 -176.891 10.811
v 65.096 -176.061 10.828
v 64.622 -176.125 10.839
v 64.492 -175.621 10.828
v 63.974 -175.488 10.826
v 63.497 -175.732 13.321
v 63.477 -175.800 13.298
v 63.363 -175.748 11.889
v 63.341 -175.757 11.302
v 63.384 -175.739 12.476
v 63.336 -175.866 10.830
v 63.524 -175.549 10.808
v 64.831 -175.786 10.807
v 64.430 -175.904 13.322
v 63.547 -175.882 10.820
v 64.563 -176.137 10.815
v 64.007 -175.880 10.824
v 63.632 -170.305 10.808
v 63.982 -171.014 10.785
v 64.167 -171.621 10.776
v 64.299 -172.309 10.782
v 64.326 -172.969 10.785
v 64.274 -173.311 10.752
v 64.262 -173.631 10.785
v 64.107 -174.276 10.782
v 63.869 -174.900 10.785
v 63.718 -175.135 10.752
v 64.211 -171.642 10.805
v 62.767 -178.038 11.453
v 62.967 -178.239 11.453
v 63.051 -178.280 10.815
v 63.226 -178.544 13.320
v 64.371 -178.544 13.320
v 63.624 -178.531 10.820
v 64.051 -178.511 10.822
v 64.552 -178.279 10.816
v 64.629 -176.171 11.453
v 64.801 -176.350 11.453
v 64.884 -176.304 13.319
v 64.475 -176.245 10.813
v 65.253 -177.207 13.320
v 64.890 -178.108 13.319
v 64.830 -178.038 11.453
v 64.630 -178.239 11.453
v 63.540 -170.090 10.885
v 63.306 -169.833 10.801
v 63.979 -170.311 10.830
v 63.915 -169.962 10.874
v 63.966 -170.141 11.040
v 63.584 -170.077 11.045
v 63.360 -169.922 11.109
v 63.493 -169.915 13.319
v 63.382 -169.911 12.427
v 63.361 -169.902 11.836
v 63.914 -170.038 13.325
v 65.678 -168.803 10.812
v 65.471 -168.793 11.035
v 65.327 -169.207 11.043
v 65.145 -169.494 11.043
v 64.956 -169.705 11.038
v 64.736 -169.871 11.043
v 64.435 -170.029 11.043
v 64.476 -170.246 10.811
v 64.761 -170.010 10.863
v 65.101 -169.862 10.811
v 65.221 -169.590 10.862
v 65.495 -169.251 10.831
v 65.111 -169.055 10.851
v 64.621 -169.513 10.843
v 64.422 -170.105 10.902
v 66.845 -172.298 10.787
v 66.883 -173.179 10.787
v 66.920 -172.647 10.787
v 66.735 -172.408 9.936
v 65.602 -168.734 9.938
v 66.758 -172.791 9.934
v 66.790 -173.182 9.936
v 62.159 -168.425 13.325
v 62.370 -167.966 13.329
v 62.460 -167.619 13.325
v 62.891 -167.330 13.318
v 63.212 -167.099 13.323
v 63.220 -166.904 13.323
v 63.714 -166.875 13.330
v 64.060 -166.840 13.327
v 64.388 -166.900 13.323
v 64.710 -167.323 13.318
v 65.131 -167.574 13.326
v 65.245 -167.965 13.325
v 65.449 -168.507 13.320
v 65.283 -168.799 13.327
v 65.169 -169.144 13.326
v 65.076 -169.493 13.323
v 64.711 -169.536 13.320
v 64.364 -169.941 13.326
v 65.409 -168.880 13.308
v 65.434 -168.188 13.324
v 62.999 -166.982 13.295
v 62.496 -167.399 13.304
v 62.185 -168.034 13.310
v 64.490 -169.712 13.317
v 63.312 -169.760 10.820
v 62.440 -168.913 10.812
v 62.520 -169.049 10.752
v 62.729 -169.175 10.788
v 63.535 -169.702 10.806
v 64.090 -169.740 10.820
v 64.557 -169.509 10.816
v 64.630 -169.476 11.453
v 64.889 -169.343 13.318
v 64.854 -169.248 10.832
v 64.830 -169.275 11.453
v 65.253 -168.444 13.320
v 64.857 -167.523 13.320
v 65.140 -168.747 10.826
v 65.164 -168.324 10.820
v 62.345 -168.782 13.319
v 62.342 -168.379 13.325
v 62.192 -168.644 13.300
v 62.332 -168.860 12.427
v 62.341 -168.882 11.836
v 62.287 -168.850 11.078
v 62.093 -168.432 11.038
v 62.150 -168.659 11.044
v 62.030 -168.678 10.841
v 62.514 -167.968 10.825
v 62.426 -168.359 10.826
v 62.336 -167.738 10.915
v 62.797 -167.593 10.835
v 62.742 -167.522 13.320
v 61.903 -168.513 10.820
v 62.126 -168.081 11.043
v 62.339 -167.572 11.043
v 62.688 -167.143 11.043
v 62.939 -166.964 11.035
v 62.911 -166.844 10.860
v 62.408 -166.779 10.798
v 62.367 -167.292 10.858
v 62.094 -167.658 10.831
v 62.003 -168.054 10.864
v 62.970 -167.348 10.842
v 60.918 -168.152 10.782
v 61.386 -168.331 10.782
v 61.562 -168.407 10.779
v 60.444 -168.112 10.784
v 60.492 -168.035 10.424
v 60.247 -168.503 10.433
v 60.293 -168.230 10.793
v 60.132 -168.546 10.462
v 58.611 -168.234 10.800
v 59.147 -168.170 10.800
v 59.642 -168.173 10.798
v 58.686 -168.543 10.459
v 59.082 -168.509 10.463
v 59.585 -168.503 10.463
v 58.548 -168.464 10.424
v 59.899 -167.940 10.424
v 58.935 -167.940 10.424
v 58.342 -168.035 10.424
v 58.523 -168.227 10.792
v 58.388 -168.106 10.785
v 57.023 -168.551 10.774
v 57.446 -168.327 10.785
v 57.916 -168.152 10.782
v 56.916 -168.489 10.828
v 62.850 -167.534 11.453
v 62.966 -167.386 11.453
v 63.035 -167.423 10.814
v 64.371 -167.107 13.320
v 63.600 -167.016 13.314
v 64.071 -167.020 13.317
v 63.088 -167.307 10.817
v 63.646 -167.097 10.824
v 64.029 -167.138 10.821
v 64.520 -167.316 10.818
v 64.622 -167.352 10.841
v 64.631 -167.388 11.453
v 64.736 -167.524 11.453
v 64.815 -167.599 10.836
v 64.565 -167.423 10.815
v 65.099 -168.012 10.825
v 65.185 -167.597 10.818
v 65.363 -168.717 10.408
v 65.227 -168.271 10.407
v 63.180 -166.792 10.863
v 63.615 -166.736 10.812
v 63.071 -166.897 11.029
v 63.860 -166.731 10.800
v 56.798 -168.683 10.844
v 59.584 -167.541 10.784
v 59.583 -167.189 10.784
v 59.417 -166.739 10.796
v 59.230 -167.202 10.783
v 56.426 -166.779 10.798
v 56.440 -167.265 10.857
v 56.831 -168.054 10.864
v 59.247 -167.540 10.784
v 57.936 -166.739 10.796
v 56.705 -167.675 10.864
v 55.905 -166.838 10.859
v 60.898 -166.739 10.796
v 56.394 -168.912 10.814
v 56.738 -168.445 11.042
v 56.664 -168.698 11.044
v 56.539 -168.860 11.081
v 56.486 -168.785 13.319
v 56.502 -168.860 12.427
v 56.493 -168.882 11.836
v 56.627 -168.657 13.315
v 56.676 -168.424 13.324
v 55.877 -166.954 11.030
v 56.147 -167.143 11.043
v 56.495 -167.572 11.043
v 56.708 -168.081 11.043
v 55.857 -167.353 10.838
v 55.622 -166.784 10.861
v 55.188 -166.736 10.810
v 54.967 -166.732 10.802
v 55.747 -166.891 11.035
v 63.799 -166.835 9.936
v 55.036 -166.835 9.936
v 59.545 -167.590 10.430
v 59.579 -167.202 10.448
v 59.234 -167.215 10.449
v 59.277 -167.586 10.431
v 64.376 -166.832 10.805
v 64.485 -166.862 9.940
v 64.134 -166.819 9.934
v 64.660 -166.969 10.805
v 64.673 -166.947 9.969
v 64.754 -167.142 9.937
v 65.089 -167.299 9.940
v 65.011 -167.232 10.805
v 65.200 -167.640 9.937
v 65.464 -168.033 10.898
v 65.438 -167.907 9.936
v 55.917 -166.843 9.916
v 53.745 -167.299 9.940
v 53.635 -167.640 9.937
v 53.587 -167.542 10.805
v 54.080 -167.142 9.937
v 53.946 -167.135 10.805
v 54.161 -166.947 9.969
v 54.171 -166.964 10.805
v 54.458 -166.832 10.805
v 54.349 -166.862 9.940
v 54.700 -166.819 9.934
v 53.386 -167.904 9.946
v 53.664 -167.995 10.822
v 53.573 -167.965 9.930
v 53.282 -168.254 9.936
v 53.371 -168.045 11.031
v 53.352 -168.096 10.943
v 53.301 -168.269 10.931
v 53.333 -168.270 11.032
v 65.552 -168.254 9.936
v 65.463 -168.043 11.033
v 65.535 -168.271 10.930
v 65.501 -168.270 11.032
v 56.104 -169.176 10.788
v 55.521 -169.760 10.819
v 56.314 -169.049 10.752
v 56.409 -168.360 10.826
v 56.315 -167.961 10.824
v 56.021 -167.580 10.833
v 56.263 -167.781 10.855
v 55.230 -169.686 10.806
v 54.734 -169.737 10.819
v 54.233 -169.511 10.835
v 54.371 -169.890 13.329
v 54.123 -169.537 13.320
v 53.759 -169.493 13.323
v 53.635 -169.117 13.323
v 53.526 -168.815 13.323
v 53.545 -168.463 13.326
v 53.574 -167.986 13.326
v 53.661 -167.562 13.320
v 54.122 -167.326 13.318
v 54.446 -166.900 13.323
v 54.775 -166.840 13.327
v 55.120 -166.875 13.330
v 55.614 -166.904 13.323
v 55.622 -167.099 13.323
v 55.944 -167.329 13.318
v 56.374 -167.619 13.325
v 56.636 -168.032 13.323
v 56.338 -167.399 13.304
v 55.836 -166.982 13.295
v 53.376 -168.497 13.311
v 53.390 -168.186 13.313
v 54.336 -169.711 13.319
v 56.485 -168.371 13.324
v 56.403 -167.940 13.323
v 56.092 -167.522 13.320
v 55.973 -167.524 11.453
v 55.868 -167.388 11.453
v 55.768 -167.426 10.808
v 54.375 -167.158 13.319
v 54.763 -167.020 13.317
v 55.234 -167.016 13.314
v 54.241 -167.346 10.833
v 54.756 -167.121 10.826
v 55.176 -167.109 10.822
v 55.591 -167.186 10.828
v 54.198 -167.378 11.453
v 53.975 -167.524 13.320
v 54.208 -167.417 11.453
v 54.033 -167.587 11.453
v 54.204 -167.387 11.453
v 54.243 -167.428 10.831
v 53.979 -167.640 10.833
v 53.945 -169.342 13.318
v 53.937 -167.949 10.805
v 53.670 -168.323 10.820
v 53.472 -168.718 10.404
v 53.689 -168.735 10.827
v 53.607 -168.271 10.407
v 53.981 -169.247 10.832
v 53.936 -168.817 10.805
v 54.004 -169.275 11.453
v 54.197 -169.462 11.453
v 54.206 -169.480 11.453
v 65.495 -168.425 11.661
v 65.486 -168.655 11.627
v 65.195 -168.299 11.206
v 65.206 -168.427 11.661
v 65.194 -168.655 11.627
v 53.349 -168.655 11.627
v 53.339 -168.425 11.661
v 53.628 -168.427 11.661
v 53.640 -168.655 11.627
v 53.639 -168.299 11.206
v 53.404 -168.733 9.952
v 53.119 -169.733 10.402
v 53.054 -169.761 9.939
v 54.779 -170.503 10.407
v 54.804 -170.572 9.939
v 55.083 -169.980 10.403
v 55.445 -169.489 10.406
v 55.876 -169.035 10.406
v 56.346 -168.648 10.403
v 55.672 -169.279 10.376
v 56.857 -168.312 10.408
v 55.688 -169.294 9.964
v 55.107 -170.048 9.938
v 56.921 -168.350 9.933
v 56.863 -167.023 10.402
v 56.916 -166.970 9.939
v 55.036 -167.028 10.406
v 53.689 -168.003 10.406
v 53.921 -167.588 10.410
v 54.378 -167.203 10.411
v 54.742 -167.059 10.406
v 53.544 -168.254 9.935
v 53.795 -167.725 10.387
v 54.195 -167.285 10.392
v 53.939 -167.454 9.935
v 54.435 -167.093 9.935
v 54.732 -167.013 9.949
v 65.290 -168.254 9.935
v 65.145 -168.003 10.406
v 65.203 -167.984 9.935
v 64.102 -167.013 9.949
v 64.093 -167.059 10.406
v 64.399 -167.093 9.935
v 64.374 -167.150 10.406
v 64.630 -167.297 10.406
v 64.895 -167.454 9.935
v 64.866 -167.523 10.408
v 65.028 -167.731 10.403
v 63.799 -167.028 10.406
v 61.971 -167.023 10.402
v 61.919 -166.970 9.939
v 61.977 -168.312 10.408
v 61.913 -168.350 9.933
v 62.488 -168.648 10.403
v 62.959 -169.035 10.406
v 63.409 -169.473 10.424
v 63.751 -169.980 10.403
v 63.163 -169.279 10.376
v 63.383 -169.494 10.400
v 64.055 -170.503 10.407
v 65.715 -169.733 10.402
v 65.772 -169.757 9.943
v 65.817 -169.776 9.917
v 64.031 -170.572 9.939
v 63.146 -169.294 9.964
v 63.727 -170.048 9.938
v 60.668 -167.808 10.390
v 60.304 -167.741 10.376
v 61.205 -167.958 10.403
v 60.120 -167.686 10.406
v 60.675 -167.780 10.419
v 61.687 -168.164 10.405
v 57.627 -167.959 10.403
v 58.152 -167.779 10.420
v 58.704 -167.687 10.406
v 58.159 -167.808 10.392
v 58.531 -167.741 10.376
v 57.149 -168.162 10.405
v 61.689 -167.023 10.402
v 57.145 -167.023 10.402
v 58.535 -167.765 9.964
v 58.794 -167.737 9.935
v 59.417 -167.699 9.935
v 60.040 -167.737 9.935
v 60.299 -167.765 9.964
v 57.093 -166.970 9.939
v 61.742 -166.970 9.939
v 59.334 -178.333 10.492
v 59.356 -178.175 10.488
v 59.438 -178.161 10.488
v 59.436 -178.357 10.488
v 64.422 -173.935 9.935
v 64.286 -174.433 9.938
v 65.836 -175.721 9.939
v 64.286 -171.218 9.938
v 65.836 -169.930 9.939
v 54.549 -171.218 9.938
v 52.987 -169.904 9.920
v 54.549 -174.433 9.938
v 54.412 -173.935 9.935
v 52.987 -175.748 9.920
v 53.005 -169.945 9.949
v 52.211 -172.370 9.949
v 54.336 -172.051 9.964
v 54.656 -170.766 10.407
v 53.030 -170.003 10.402
v 52.243 -172.446 10.410
v 54.292 -172.037 10.403
v 54.439 -171.374 10.403
v 54.234 -172.815 10.405
v 52.195 -172.541 10.384
v 52.181 -172.825 10.400
v 52.213 -172.808 10.422
v 64.498 -172.051 9.964
v 64.589 -172.825 10.394
v 66.644 -172.812 10.406
v 66.627 -172.542 10.400
v 66.580 -172.403 10.408
v 64.395 -171.374 10.403
v 64.542 -172.037 10.403
v 64.167 -170.762 10.401
v 65.809 -169.991 10.395
v 64.615 -172.800 10.420
v 64.211 -170.778 10.424
v 65.789 -170.037 10.422
v 52.211 -173.281 9.949
v 53.005 -175.706 9.949
v 54.439 -174.277 10.403
v 54.292 -173.614 10.403
v 54.656 -174.885 10.407
v 52.241 -173.178 10.412
v 53.030 -175.648 10.402
v 52.195 -173.109 10.384
v 54.202 -173.002 10.424
v 64.168 -174.889 10.401
v 65.809 -175.661 10.395
v 66.580 -173.248 10.408
v 64.542 -173.614 10.403
v 64.395 -174.277 10.403
v 66.623 -173.087 10.405
v 64.211 -174.873 10.424
v 64.632 -173.002 10.424
v 65.789 -175.614 10.422
v 54.383 -169.296 53.985
v 54.383 -169.296 10.805
v 54.001 -168.728 53.985
v 53.958 -168.382 53.985
v 53.958 -168.382 10.805
v 55.592 -167.526 53.985
v 56.034 -168.050 53.985
v 56.034 -168.050 10.805
v 56.114 -168.389 53.985
v 56.114 -168.389 10.805
v 56.069 -168.734 10.805
v 55.682 -169.300 10.805
v 55.949 -169.415 10.805
v 55.949 -169.415 53.985
v 54.350 -178.032 53.985
v 54.350 -178.032 10.805
v 53.962 -177.218 53.985
v 53.962 -177.218 10.805
v 54.057 -176.767 53.985
v 54.625 -176.209 53.985
v 54.625 -176.209 10.805
v 55.628 -176.312 10.805
v 55.988 -176.467 10.805
v 56.056 -177.539 53.985
v 56.056 -177.539 10.805
v 55.647 -178.089 53.985
v 55.647 -178.089 10.805
v 55.888 -176.182 53.985
v 63.146 -169.296 10.805
v 62.798 -169.118 53.985
v 62.764 -168.728 10.805
v 62.721 -168.382 53.985
v 62.743 -167.968 53.985
v 62.721 -168.382 10.805
v 62.743 -167.968 10.805
v 64.858 -167.975 53.985
v 64.858 -167.975 10.805
v 64.877 -168.389 53.985
v 64.832 -168.734 53.985
v 64.877 -168.389 10.805
v 64.832 -168.734 10.805
v 64.445 -169.300 53.985
v 64.445 -169.300 10.805
v 62.878 -169.409 10.805
v 62.878 -169.409 53.985
v 63.238 -169.645 53.985
v 59.557 -180.451 29.812
v 59.569 -180.765 29.812
v 59.246 -180.782 29.812
v 59.253 -180.463 29.812
v 59.246 -180.456 29.707
v 59.229 -180.796 29.708
v 59.584 -180.809 29.708
v 59.585 -180.455 29.708
v 58.516 -178.907 29.685
v 67.843 -178.866 29.678
v 61.189 -180.026 29.705
v 67.813 -180.096 29.685
v 61.567 -180.059 29.703
v 60.960 -180.369 29.702
v 61.178 -180.698 29.704
v 65.758 -180.729 29.694
v 61.707 -180.380 29.704
v 61.530 -180.685 29.704
v 65.979 -180.391 29.730
v 65.761 -180.527 29.695
v 66.326 -180.466 29.723
v 67.241 -181.638 29.671
v 66.085 -181.012 29.685
v 66.329 -180.795 29.721
v 60.990 -180.126 29.686
v 67.838 -180.912 29.708
v 58.516 -181.581 29.685
v 65.964 -180.864 29.734
v 67.784 -180.977 29.686
v 57.616 -180.007 29.704
v 57.267 -180.059 29.703
v 57.823 -180.136 29.702
v 51.015 -178.876 29.667
v 51.021 -180.096 29.685
v 52.497 -180.475 29.720
v 52.816 -180.373 29.731
v 53.050 -180.732 29.711
v 53.048 -180.521 29.710
v 57.127 -180.380 29.704
v 57.871 -180.380 29.704
v 57.814 -180.627 29.687
v 57.267 -180.666 29.704
v 57.604 -180.710 29.705
v 52.750 -181.012 29.685
v 52.823 -180.892 29.733
v 51.595 -181.642 29.667
v 52.494 -180.784 29.722
v 51.020 -180.936 29.695
v 58.516 -180.096 29.685
v 50.982 -180.898 29.717
v 51.041 -181.018 29.710
v 67.803 -181.030 29.729
v 67.785 -181.014 29.696
v 61.005 -180.535 29.725
v 65.966 -180.841 29.960
v 66.319 -180.780 29.980
v 66.314 -180.476 29.982
v 65.981 -180.411 29.967
v 52.830 -180.865 29.958
v 53.043 -180.718 30.016
v 52.821 -180.397 29.964
v 53.044 -180.528 30.026
v 52.509 -180.486 29.984
v 52.505 -180.769 29.980
v 52.750 -181.012 30.066
v 66.085 -181.012 30.066
v 65.761 -180.527 30.056
v 65.758 -180.729 30.057
v 57.575 -180.703 29.812
v 57.311 -180.673 29.812
v 57.160 -180.416 29.812
v 57.283 -180.075 29.812
v 57.593 -180.021 29.812
v 57.804 -180.153 29.812
v 57.850 -180.379 29.812
v 57.640 -180.479 29.812
v 61.221 -180.699 29.812
v 61.133 -180.497 29.812
v 60.978 -180.341 29.812
v 61.211 -180.040 29.812
v 61.551 -180.075 29.812
v 61.674 -180.416 29.812
v 61.487 -180.689 29.812
v 67.219 -181.690 29.073
v 51.615 -181.690 29.074
v 52.111 -182.289 29.074
v 66.704 -182.297 29.073
v 66.588 -182.336 29.069
v 52.235 -182.337 29.073
v 66.693 -182.292 29.868
v 67.799 -181.029 29.863
v 66.575 -182.330 29.863
v 67.478 -180.817 30.066
v 66.516 -181.948 30.066
v 67.844 -180.936 29.866
v 52.240 -182.328 29.864
v 51.035 -181.029 29.863
v 52.131 -182.289 29.869
v 52.318 -181.948 30.066
v 51.126 -180.935 29.932
v 50.981 -180.907 29.866
v 50.978 -178.859 29.684
v 67.857 -178.808 29.073
v 50.977 -178.808 29.073
v 64.610 -178.787 29.050
v 65.093 -178.787 29.050
v 63.572 -178.787 29.050
v 60.356 -178.787 29.050
v 59.417 -178.787 29.050
v 67.091 -178.787 29.050
v 54.225 -178.787 29.050
v 56.465 -178.787 29.050
v 52.508 -178.787 29.050
v 51.743 -178.787 29.050
v 51.156 -178.787 29.050
v 50.972 -177.743 29.078
v 50.975 -177.807 29.863
v 51.357 -177.860 30.066
v 50.985 -177.745 29.868
v 51.031 -177.652 29.064
v 51.029 -177.651 29.865
v 53.336 -175.334 29.074
v 51.348 -177.362 29.050
v 51.743 -176.968 29.050
v 51.670 -177.335 29.050
v 52.508 -176.203 29.050
v 51.932 -176.779 29.050
v 52.871 -176.063 29.050
v 53.339 -175.345 29.866
v 53.451 -175.292 29.070
v 53.653 -175.314 29.972
v 53.812 -175.373 30.054
v 53.806 -175.407 30.065
v 53.792 -175.425 30.066
v 54.848 -175.343 29.997
v 54.908 -175.588 30.034
v 54.865 -175.316 29.072
v 54.225 -175.319 29.050
v 55.020 -175.561 29.080
v 55.002 -175.545 29.955
v 54.975 -175.608 29.057
v 54.847 -175.827 29.978
v 54.868 -175.841 29.073
v 54.518 -175.795 30.066
v 54.403 -175.941 30.016
v 54.014 -176.162 30.053
v 53.789 -176.381 30.066
v 53.667 -176.831 30.019
v 53.610 -177.276 30.019
v 53.656 -177.574 30.019
v 53.743 -177.865 30.046
v 53.897 -178.039 30.005
v 54.141 -178.320 30.019
v 54.395 -178.483 30.019
v 54.869 -178.652 30.052
v 55.280 -178.648 30.053
v 55.593 -178.604 30.066
v 55.912 -178.343 30.031
v 56.247 -177.962 30.019
v 56.414 -177.603 30.031
v 56.475 -177.102 30.020
v 56.036 -178.175 29.986
v 55.561 -178.524 30.013
v 55.268 -178.573 29.975
v 54.781 -178.570 29.985
v 53.937 -176.352 29.994
v 56.408 -177.137 29.071
v 56.322 -177.671 29.071
v 56.435 -178.025 29.065
v 56.081 -178.070 29.075
v 56.088 -178.473 29.061
v 55.635 -178.423 29.075
v 55.265 -178.555 29.071
v 54.975 -178.605 29.050
v 54.827 -178.549 29.072
v 54.404 -178.421 29.069
v 53.987 -178.428 29.070
v 53.907 -177.961 29.073
v 53.515 -177.932 29.066
v 53.602 -177.602 29.063
v 53.666 -177.284 29.067
v 53.710 -176.840 29.069
v 53.988 -176.340 29.071
v 54.416 -175.988 29.068
v 67.859 -177.807 29.863
v 67.847 -177.720 29.074
v 67.478 -177.860 30.066
v 67.837 -177.713 29.868
v 67.789 -177.632 29.863
v 67.788 -177.640 29.055
v 65.472 -175.322 29.073
v 66.902 -176.779 29.050
v 67.091 -176.968 29.050
v 65.892 -176.113 29.051
v 67.459 -177.335 29.050
v 65.470 -175.332 29.870
v 65.351 -175.289 29.070
v 65.114 -175.339 30.007
v 65.036 -175.417 30.066
v 63.964 -175.318 29.074
v 63.998 -175.342 30.001
v 64.610 -175.319 29.050
v 63.922 -175.591 30.030
v 63.835 -175.589 29.069
v 63.967 -175.841 29.073
v 63.990 -175.827 29.981
v 62.420 -177.603 30.031
v 62.559 -177.980 30.053
v 62.859 -178.330 30.059
v 63.241 -178.604 30.066
v 63.554 -178.648 30.053
v 63.965 -178.652 30.052
v 64.440 -178.483 30.019
v 64.693 -178.320 30.019
v 64.906 -178.107 30.019
v 65.071 -177.855 30.019
v 65.178 -177.574 30.019
v 65.224 -177.276 30.019
v 65.167 -176.831 30.019
v 65.036 -176.387 30.063
v 64.784 -176.124 30.056
v 64.317 -175.795 30.066
v 64.421 -175.942 30.013
v 64.886 -176.347 29.988
v 64.053 -178.570 29.985
v 63.567 -178.573 29.975
v 63.177 -178.462 30.003
v 62.720 -178.070 29.981
v 62.355 -177.099 30.021
v 62.159 -177.021 30.065
v 61.733 -177.171 30.011
v 57.101 -177.171 30.011
v 56.660 -177.020 30.065
v 61.121 -177.452 30.038
v 60.449 -177.622 30.019
v 59.763 -177.715 30.019
v 59.071 -177.715 30.019
v 58.385 -177.622 30.019
v 57.713 -177.452 30.038
v 62.138 -176.937 30.001
v 61.101 -177.392 29.952
v 60.723 -177.495 29.944
v 59.857 -177.652 29.944
v 58.977 -177.652 29.944
v 58.112 -177.495 29.944
v 57.734 -177.392 29.952
v 56.683 -176.935 30.000
v 62.293 -176.946 29.989
v 62.120 -176.900 29.074
v 62.316 -176.923 29.074
v 62.430 -177.138 29.072
v 56.519 -176.952 29.984
v 56.507 -176.927 29.076
v 56.698 -176.899 29.072
v 57.701 -177.367 29.071
v 58.119 -177.467 29.103
v 58.397 -177.563 29.071
v 58.980 -177.623 29.103
v 59.075 -177.655 29.071
v 59.728 -177.658 29.069
v 59.854 -177.623 29.103
v 60.430 -177.567 29.069
v 60.715 -177.467 29.103
v 61.133 -177.367 29.071
v 61.709 -177.119 29.074
v 57.125 -177.119 29.074
v 61.170 -177.545 29.063
v 57.504 -177.605 29.068
v 64.399 -175.986 29.070
v 64.875 -175.937 29.067
v 64.846 -176.340 29.071
v 65.110 -176.836 29.069
v 65.168 -177.284 29.067
v 65.118 -177.572 29.069
v 65.272 -177.916 29.067
v 64.883 -178.028 29.075
v 64.841 -178.426 29.070
v 64.413 -178.429 29.071
v 64.008 -178.549 29.072
v 63.859 -178.605 29.050
v 63.570 -178.558 29.069
v 63.164 -178.410 29.071
v 62.727 -178.044 29.071
v 62.512 -177.671 29.071
v 53.673 -177.222 29.622
v 65.161 -177.206 29.622
v 53.911 -175.922 29.070
v 54.162 -175.738 29.069
v 51.978 -177.225 29.071
v 52.508 -178.081 29.050
v 51.695 -178.475 29.073
v 65.287 -175.665 29.068
v 64.638 -175.708 29.076
v 65.087 -178.344 29.068
v 67.074 -177.344 29.050
v 67.488 -177.856 29.069
v 67.091 -177.413 29.050
v 67.485 -178.362 29.073
v 67.139 -178.475 29.073
v 51.743 -177.413 29.050
v 51.345 -177.855 29.068
v 51.349 -178.362 29.073
v 52.508 -177.207 29.050
v 52.443 -176.714 29.050
v 53.535 -175.665 29.068
v 53.067 -176.139 29.073
v 54.285 -175.670 29.070
v 53.692 -176.149 29.072
v 53.490 -176.486 29.067
v 52.879 -176.326 29.073
v 53.367 -176.837 29.069
v 53.332 -177.213 29.066
v 53.749 -178.333 29.072
v 53.367 -177.594 29.072
v 52.508 -178.526 29.050
v 56.295 -178.391 29.076
v 65.457 -177.609 29.068
v 65.502 -177.215 29.066
v 65.462 -176.831 29.067
v 66.856 -177.225 29.071
v 66.457 -176.779 29.050
v 65.329 -176.463 29.063
v 65.955 -176.326 29.073
v 65.138 -176.148 29.070
v 64.499 -175.658 29.060
v 65.757 -176.134 29.077
v 58.698 -177.961 29.069
v 58.051 -177.834 29.069
v 59.309 -178.006 29.067
v 56.855 -177.367 29.052
v 57.832 -178.495 29.069
v 57.545 -178.492 29.073
v 59.306 -178.493 29.070
v 56.740 -177.539 29.070
v 62.670 -178.493 29.070
v 62.500 -178.319 29.069
v 62.056 -177.523 29.070
v 61.979 -177.367 29.052
v 62.304 -178.036 29.074
v 61.214 -178.497 29.067
v 60.356 -178.526 29.050
v 60.783 -177.834 29.069
v 60.333 -177.917 29.075
v 60.137 -177.961 29.069
v 59.525 -178.006 29.067
v 59.529 -178.492 29.071
v 53.112 -176.145 29.685
v 53.519 -176.335 29.685
v 53.696 -176.082 29.685
v 53.934 -175.848 29.685
v 54.139 -175.705 29.685
v 53.552 -175.705 29.685
v 53.360 -176.717 29.685
v 53.293 -177.207 29.685
v 52.887 -176.370 29.685
v 52.050 -177.207 29.685
v 51.385 -178.312 29.685
v 53.339 -177.636 29.685
v 51.385 -177.872 29.685
v 53.437 -177.918 29.685
v 53.607 -178.217 29.685
v 53.809 -178.455 29.685
v 51.883 -178.455 29.685
v 62.182 -177.876 29.685
v 62.469 -178.332 29.685
v 62.086 -177.561 29.685
v 61.366 -178.455 29.685
v 65.723 -176.145 29.685
v 65.283 -175.705 29.685
v 65.138 -176.082 29.685
v 64.901 -175.848 29.685
v 65.315 -176.335 29.685
v 64.696 -175.705 29.685
v 65.411 -176.593 29.084
v 65.542 -177.207 29.685
v 66.784 -177.207 29.685
v 65.947 -176.370 29.685
v 65.474 -176.717 29.685
v 65.126 -178.336 29.685
v 65.397 -177.918 29.685
v 66.951 -178.455 29.685
v 65.495 -177.636 29.685
v 67.449 -178.312 29.685
v 67.449 -177.872 29.685
v 56.625 -177.865 29.099
v 56.366 -178.332 29.685
v 57.468 -178.455 29.685
v 56.652 -177.876 29.685
v 56.749 -177.561 29.685
v 58.523 -177.947 29.099
v 57.032 -177.476 29.086
v 58.519 -177.974 29.685
v 57.754 -177.790 29.685
v 57.117 -177.543 29.685
v 59.268 -178.046 29.685
v 59.268 -178.455 29.685
v 57.852 -178.455 29.685
v 61.589 -177.564 29.081
v 60.995 -178.481 29.081
v 59.566 -178.046 29.685
v 59.566 -178.455 29.685
v 60.316 -177.974 29.685
v 61.080 -177.790 29.685
v 61.718 -177.543 29.685
v 60.983 -178.455 29.685
v 63.146 -178.059 10.805
v 62.794 -177.603 53.985
v 62.794 -177.603 10.805
v 62.795 -176.475 53.985
v 62.795 -176.475 10.805
v 63.248 -176.286 10.805
v 64.797 -176.814 53.985
v 64.797 -176.814 10.805
v 64.870 -177.269 53.985
v 64.870 -177.269 10.805
v 64.800 -177.610 53.985
v 64.800 -177.610 10.805
v 64.445 -178.064 53.985
v 64.445 -178.064 10.805
v 63.243 -175.995 53.985
v 62.995 -176.143 53.985
v 177.983 61.113 56.916
v 178.085 61.507 56.915
v 178.400 61.636 56.916
v 178.465 61.139 56.916
v 177.984 61.120 57.531
v 178.457 61.132 57.531
v 178.406 61.628 57.531
v 178.096 61.514 57.531
v 178.402 60.390 57.532
v 178.012 60.368 57.531
v 178.044 59.973 57.530
v 178.462 59.970 57.529
v 178.401 59.685 57.533
v 177.992 59.712 57.532
v 178.397 59.136 57.532
v 178.494 58.803 57.529
v 178.006 59.113 57.531
v 178.031 58.800 57.530
v 178.395 58.438 57.532
v 178.005 58.453 57.532
v 178.391 62.064 57.532
v 178.407 56.739 57.530
v 178.703 62.286 57.532
v 178.246 62.256 57.535
v 177.998 61.880 57.531
v 176.633 64.334 57.541
v 176.673 63.949 57.531
v 177.144 63.475 57.531
v 176.427 63.613 57.532
v 176.810 63.217 57.532
v 176.707 63.504 57.530
v 177.531 63.436 57.541
v 177.213 63.212 57.532
v 176.413 64.014 57.532
v 178.703 56.547 57.532
v 178.238 56.556 57.535
v 177.999 56.954 57.532
v 178.090 57.305 57.532
v 177.590 55.766 57.532
v 177.174 55.547 57.532
v 177.531 55.397 57.541
v 178.058 56.179 57.533
v 178.001 56.373 57.531
v 177.255 56.041 57.533
v 177.491 55.984 57.532
v 177.650 56.414 57.532
v 178.732 56.828 57.532
v 178.666 57.209 57.532
v 178.388 57.181 57.531
v 178.649 57.767 57.535
v 178.656 61.047 57.533
v 178.663 61.627 57.532
v 178.753 61.998 57.532
v 177.556 61.619 57.532
v 177.663 61.280 57.535
v 177.658 57.533 57.534
v 177.556 57.215 57.532
v 178.460 57.674 57.531
v 178.010 57.688 57.532
v 175.444 53.767 57.533
v 175.265 53.625 57.532
v 175.229 53.209 57.541
v 175.078 53.992 57.532
v 174.806 53.583 57.532
v 175.644 54.007 57.532
v 174.799 53.157 57.532
v 174.731 52.772 57.534
v 174.377 52.520 57.532
v 174.389 52.899 57.531
v 174.631 52.552 57.532
v 174.128 52.578 57.532
v 173.925 52.815 57.533
v 174.399 53.574 57.532
v 174.088 53.175 57.533
v 173.930 53.519 57.532
v 174.488 53.950 57.541
v 174.880 54.456 57.541
v 174.863 54.026 57.532
v 174.398 53.359 57.530
v 175.264 54.421 57.532
v 175.329 54.905 57.541
v 175.731 54.943 57.529
v 175.718 55.030 57.540
v 175.930 54.776 57.532
v 176.105 55.235 57.532
v 176.010 54.543 57.532
v 175.590 54.340 57.532
v 176.633 54.499 57.541
v 176.257 54.453 57.532
v 175.856 53.975 57.532
v 176.405 54.797 57.532
v 177.165 55.330 57.531
v 177.082 54.948 57.541
v 176.819 55.566 57.532
v 176.634 55.189 57.530
v 176.676 54.879 57.532
v 176.430 55.209 57.532
v 176.142 55.451 57.532
v 176.560 55.883 57.532
v 176.676 56.252 57.541
v 176.765 55.900 57.532
v 176.341 55.689 57.541
v 177.108 56.274 57.531
v 177.607 56.755 57.532
v 178.016 57.881 57.531
v 178.381 57.929 57.532
v 177.660 58.470 57.541
v 177.660 58.782 57.541
v 178.684 57.842 57.531
v 178.664 58.475 57.532
v 178.816 58.782 57.541
v 177.660 59.002 57.541
v 177.660 59.862 57.541
v 178.664 59.089 57.532
v 178.816 59.925 57.541
v 178.661 59.744 57.532
v 177.660 60.242 57.541
v 177.660 60.979 57.541
v 178.052 60.928 57.531
v 178.360 60.889 57.533
v 178.697 60.970 57.532
v 178.666 60.357 57.532
v 177.596 62.070 57.532
v 177.667 62.398 57.532
v 177.997 62.452 57.532
v 177.125 62.133 57.541
v 176.676 62.582 57.541
v 177.051 62.525 57.531
v 177.242 62.729 57.532
v 176.773 62.907 57.532
v 177.482 62.803 57.532
v 178.055 62.660 57.532
v 177.577 63.060 57.532
v 176.570 62.948 57.532
v 176.145 63.369 57.533
v 175.778 63.480 57.541
v 176.114 63.573 57.532
v 175.930 64.047 57.532
v 175.997 64.285 57.532
v 175.591 64.460 57.532
v 175.724 63.857 57.531
v 175.329 63.929 57.541
v 175.268 64.397 57.532
v 174.880 64.378 57.541
v 175.650 64.790 57.532
v 176.257 64.381 57.532
v 175.856 64.859 57.532
v 175.467 65.046 57.535
v 174.858 64.795 57.532
v 175.077 64.791 57.531
v 175.262 65.198 57.532
v 174.817 65.215 57.532
v 174.488 64.884 57.541
v 174.399 65.254 57.532
v 173.981 65.973 57.533
v 174.069 65.628 57.533
v 173.930 65.315 57.532
v 174.392 65.471 57.531
v 174.799 65.660 57.532
v 174.396 65.934 57.531
v 175.229 65.625 57.541
v 174.721 65.980 57.533
v 174.689 66.253 57.532
v 174.377 66.313 57.532
v 174.128 66.256 57.532
v 178.457 59.172 57.224
v 178.457 59.662 57.224
v 178.645 59.103 57.224
v 178.645 59.731 57.224
v 177.997 59.144 57.224
v 177.997 59.690 57.224
v 178.001 57.880 57.224
v 177.931 57.798 57.224
v 177.997 58.420 57.224
v 178.449 57.908 57.224
v 178.457 58.392 57.224
v 178.585 57.798 57.224
v 178.612 57.797 57.224
v 178.648 57.836 57.224
v 178.645 58.461 57.224
v 177.532 62.090 57.224
v 177.643 62.425 57.224
v 177.101 62.542 57.224
v 177.305 62.616 57.224
v 178.442 62.056 57.224
v 178.428 61.706 57.224
v 178.645 61.643 57.224
v 178.659 61.950 57.224
v 177.997 60.414 57.224
v 178.047 60.916 57.224
v 177.926 61.021 57.224
v 178.571 61.022 57.224
v 178.402 60.889 57.224
v 178.663 60.977 57.224
v 178.631 61.020 57.224
v 178.645 60.373 57.224
v 178.457 60.442 57.224
v 174.413 53.590 57.224
v 174.853 54.011 57.224
v 174.788 53.595 57.224
v 175.286 54.498 57.224
v 175.616 54.357 57.224
v 175.743 54.903 57.224
v 175.814 54.723 57.224
v 176.020 54.521 57.224
v 175.747 54.033 57.224
v 175.831 53.988 57.224
v 176.240 54.448 57.224
v 177.073 55.408 57.224
v 176.780 55.533 57.224
v 177.135 55.344 57.224
v 176.679 54.897 57.224
v 176.423 55.288 57.224
v 176.645 55.181 57.224
v 176.163 55.440 57.224
v 176.174 55.374 57.224
v 176.577 55.866 57.224
v 176.652 55.850 57.224
v 177.159 56.271 57.224
v 177.532 56.744 57.224
v 177.643 56.409 57.224
v 177.517 55.968 57.224
v 177.992 56.275 57.224
v 177.595 55.783 57.224
v 178.036 56.185 57.224
v 178.660 56.878 57.229
v 178.645 57.191 57.224
v 178.410 57.110 57.224
v 178.468 56.736 57.238
v 176.020 64.313 57.224
v 175.616 64.432 57.224
v 175.739 64.770 57.224
v 175.831 64.846 57.224
v 176.240 64.386 57.224
v 174.796 65.195 57.224
v 174.848 64.809 57.224
v 174.413 65.244 57.224
v 174.855 65.645 57.224
v 175.246 65.251 57.224
v 175.741 63.911 57.224
v 175.814 64.111 57.224
v 175.286 64.336 57.224
v 176.423 63.545 57.224
v 176.733 63.215 57.224
v 176.168 63.443 57.224
v 176.167 63.377 57.224
v 176.577 62.968 57.224
v 176.642 62.972 57.224
v 176.746 63.531 57.224
v 176.675 63.928 57.224
v 177.124 63.478 57.224
v 177.508 62.819 57.224
v 177.979 62.544 57.224
v 177.582 63.043 57.224
v 178.043 62.631 57.224
v 175.246 53.583 57.224
v 174.857 53.172 57.224
v 177.541 61.614 57.224
v 177.629 61.322 57.224
v 177.629 57.512 57.224
v 173.789 65.676 57.528
v 173.918 65.306 57.224
v 177.556 61.619 56.915
v 177.658 61.300 56.913
v 177.541 57.220 57.224
v 177.658 57.533 56.913
v 173.789 53.158 57.528
v 173.918 53.528 57.224
v 177.556 57.215 56.915
v 177.660 58.470 56.906
v 177.660 58.782 56.906
v 177.660 59.862 56.906
v 177.660 59.002 56.906
v 177.660 60.313 56.906
v 173.816 65.476 57.224
v 173.778 65.670 57.224
v 173.796 65.868 57.224
v 173.923 66.097 57.224
v 174.121 66.269 57.224
v 174.377 66.328 57.224
v 174.696 66.266 57.224
v 174.858 66.152 57.224
v 173.930 65.315 56.916
v 178.752 62.249 57.224
v 174.701 65.940 56.916
v 174.689 66.253 56.916
v 174.377 66.313 56.916
v 174.128 66.256 56.916
v 173.961 65.989 56.916
v 173.789 65.676 56.919
v 174.084 65.641 56.916
v 176.284 63.088 56.906
v 176.676 62.582 56.906
v 175.778 63.480 56.906
v 175.329 63.929 56.906
v 174.488 64.884 56.906
v 174.880 64.378 56.906
v 174.858 52.682 57.224
v 174.696 52.568 57.224
v 174.377 52.506 57.224
v 174.121 52.565 57.224
v 173.923 52.737 57.224
v 173.796 52.966 57.224
v 173.778 53.164 57.224
v 173.816 53.358 57.224
v 173.930 53.519 56.916
v 178.703 62.286 56.916
v 178.754 61.996 56.916
v 175.856 64.859 56.915
v 175.465 65.035 56.916
v 176.633 64.334 56.906
v 177.082 63.885 56.906
v 177.531 63.436 56.906
v 175.229 65.625 56.906
v 178.233 62.267 56.916
v 178.713 56.537 57.224
v 174.085 53.179 56.916
v 173.789 53.158 56.919
v 173.958 52.839 56.915
v 174.128 52.578 56.916
v 174.377 52.520 56.916
v 174.631 52.552 56.916
v 174.740 52.760 56.916
v 175.329 54.905 56.906
v 174.880 54.456 56.906
v 175.718 55.030 56.907
v 176.560 55.883 56.916
v 176.676 56.252 56.906
v 174.488 53.950 56.906
v 178.754 56.837 56.916
v 178.703 56.547 56.916
v 177.082 54.948 56.906
v 177.531 55.397 56.906
v 176.633 54.499 56.906
v 175.856 53.975 56.915
v 178.236 56.546 56.917
v 175.229 53.209 56.906
v 175.485 53.760 56.912
v 178.666 61.625 56.915
v 178.656 61.047 56.915
v 178.666 60.357 56.915
v 178.697 60.970 56.915
v 178.664 59.089 56.916
v 178.816 59.925 56.906
v 178.816 58.782 56.906
v 178.664 58.475 56.916
v 178.649 57.767 56.913
v 178.666 57.209 56.915
v 178.684 57.842 56.916
v 178.046 59.982 56.916
v 178.399 59.685 56.915
v 178.478 59.972 56.916
v 178.399 60.390 56.915
v 178.005 60.375 56.916
v 177.992 59.712 56.916
v 178.031 58.809 56.917
v 178.005 58.454 56.916
v 178.399 58.436 56.915
v 178.496 58.811 56.916
v 178.394 59.136 56.915
v 177.999 59.116 56.916
v 178.101 57.299 56.915
v 178.388 57.172 56.916
v 178.456 57.671 56.915
v 178.000 57.681 56.915
v 177.993 62.447 56.917
v 178.387 62.065 56.916
v 177.995 61.880 56.917
v 177.602 62.076 56.916
v 177.667 62.401 56.916
v 174.389 53.358 56.919
v 174.793 53.159 56.916
v 174.403 52.899 56.918
v 174.399 53.573 56.915
v 175.588 54.339 56.916
v 175.636 54.008 56.917
v 175.269 53.629 56.916
v 175.082 53.983 56.918
v 175.260 54.414 56.916
v 176.421 55.210 56.916
v 176.397 54.801 56.917
v 175.927 54.774 56.916
v 176.093 55.220 56.916
v 177.250 56.045 56.916
v 177.177 55.562 56.916
v 176.817 55.574 56.916
v 176.770 55.906 56.916
v 177.990 56.955 56.918
v 178.388 56.743 56.916
v 178.000 56.379 56.917
v 177.652 56.417 56.916
v 177.607 56.757 56.916
v 174.388 65.933 56.918
v 174.800 65.659 56.916
v 174.403 65.472 56.918
v 175.645 64.785 56.917
v 175.598 64.456 56.916
v 175.272 64.406 56.916
v 175.076 64.796 56.918
v 175.262 65.196 56.916
v 176.402 64.017 56.917
v 176.420 63.614 56.916
v 176.115 63.567 56.917
v 175.929 64.036 56.916
v 177.222 63.200 56.917
v 177.231 62.728 56.916
v 176.772 62.915 56.916
v 176.813 63.220 56.916
v 178.062 62.645 56.916
v 177.577 63.060 56.916
v 177.482 62.803 56.915
v 177.491 55.984 56.916
v 178.058 56.179 56.915
v 177.590 55.766 56.916
v 174.863 54.026 56.916
v 174.806 53.583 56.915
v 176.257 54.453 56.916
v 176.010 54.543 56.916
v 175.731 54.943 56.918
v 176.676 54.879 56.916
v 176.634 55.189 56.917
v 177.165 55.330 56.916
v 176.142 55.451 56.916
v 176.341 55.689 56.906
v 177.108 56.274 56.917
v 178.381 57.929 56.915
v 178.016 57.881 56.917
v 178.661 59.744 56.916
v 178.360 60.889 56.915
v 178.052 60.925 56.916
v 177.049 62.528 56.917
v 176.673 63.949 56.916
v 176.710 63.507 56.916
v 177.144 63.475 56.916
v 176.145 63.369 56.915
v 176.570 62.948 56.916
v 176.257 64.381 56.916
v 175.997 64.285 56.915
v 175.724 63.857 56.917
v 174.817 65.215 56.915
v 174.399 65.254 56.916
v 174.858 64.795 56.916
v 178.074 56.755 0.877
v 177.994 56.731 10.424
v 178.003 57.198 0.878
v 177.970 57.160 10.424
v 177.584 57.183 0.881
v 177.576 57.236 10.424
v 177.540 56.761 0.879
v 177.499 56.780 10.424
v 177.873 56.552 0.890
v 177.899 56.535 10.424
v 178.289 56.938 0.899
v 178.315 56.939 10.424
v 178.955 56.850 0.880
v 178.962 56.834 10.414
v 177.381 56.872 10.424
v 177.381 56.872 0.899
v 177.386 57.059 10.424
v 177.386 57.059 0.899
v 177.549 57.429 0.899
v 177.549 57.429 10.424
v 177.041 57.694 0.899
v 177.041 57.694 10.424
v 177.938 54.721 0.899
v 177.938 54.721 10.424
v 176.834 57.687 0.898
v 176.839 57.663 10.440
v 176.457 56.755 0.899
v 176.448 56.757 10.425
v 177.247 55.212 0.884
v 177.270 55.184 10.424
v 177.442 55.573 0.884
v 177.464 55.642 10.424
v 177.441 55.314 10.424
v 177.430 55.312 0.898
v 177.363 55.701 0.885
v 177.363 55.652 10.424
v 176.759 55.617 0.883
v 177.143 55.873 0.885
v 177.067 55.887 10.424
v 176.750 55.597 10.424
v 176.867 55.272 0.881
v 176.884 55.290 10.424
v 176.923 55.864 0.885
v 176.890 55.893 10.424
v 176.543 55.474 0.899
v 176.543 55.474 10.424
v 175.946 55.711 0.899
v 176.036 55.478 10.416
v 175.917 55.852 0.899
v 175.917 55.852 10.424
v 177.765 54.637 0.899
v 177.129 57.905 0.899
v 176.867 58.058 0.896
v 179.044 56.700 0.876
v 179.059 56.567 0.899
v 179.059 56.567 10.424
v 179.055 56.749 10.404
v 177.765 54.637 10.424
v 177.134 57.902 10.424
v 176.949 57.843 10.424
v 177.319 63.102 0.884
v 177.296 63.148 10.424
v 177.244 63.617 0.884
v 177.261 63.636 10.424
v 176.867 63.561 0.882
v 176.864 63.518 10.424
v 176.769 63.191 0.883
v 176.753 63.201 10.424
v 177.444 63.223 0.885
v 177.461 63.176 10.424
v 177.461 63.497 10.424
v 177.433 63.454 0.887
v 177.371 63.810 0.899
v 177.371 63.810 10.424
v 177.954 64.080 0.899
v 177.954 64.080 10.424
v 177.075 62.934 10.424
v 177.134 62.941 0.887
v 176.921 62.912 10.424
v 176.949 62.952 0.887
v 176.543 63.359 0.899
v 176.543 63.359 10.424
v 175.944 63.100 0.899
v 176.033 63.297 10.421
v 178.908 62.215 0.899
v 178.908 62.215 10.424
v 175.898 62.952 0.899
v 175.898 62.952 10.424
v 176.392 62.214 0.899
v 176.392 62.214 10.424
v 176.464 62.064 0.899
v 176.454 62.061 10.425
v 178.940 61.913 0.880
v 178.963 61.993 10.413
v 178.289 61.895 0.899
v 178.315 61.895 10.424
v 177.894 62.258 0.887
v 177.892 62.288 10.424
v 178.020 62.082 10.424
v 178.105 62.045 0.880
v 177.508 62.019 0.883
v 177.501 62.041 10.424
v 177.597 61.616 0.885
v 177.576 61.562 10.424
v 178.001 61.633 0.881
v 177.970 61.674 10.424
v 177.381 61.962 0.899
v 177.381 61.962 10.424
v 177.386 61.775 10.424
v 177.386 61.775 0.899
v 177.536 61.392 0.899
v 177.536 61.392 10.424
v 177.062 61.113 0.899
v 177.062 61.113 10.424
v 176.840 61.135 0.898
v 176.868 61.133 10.439
v 177.125 60.903 0.899
v 176.863 60.747 0.896
v 179.050 62.116 0.877
v 179.059 62.267 0.899
v 177.885 64.220 0.899
v 177.765 64.197 0.899
v 179.059 62.267 10.424
v 179.055 62.086 10.404
v 177.885 64.220 10.424
v 177.110 60.919 10.459
v 176.972 60.982 10.424
v 177.765 64.197 10.424
v 176.793 63.194 0.546
v 176.864 63.548 0.552
v 177.221 63.585 0.546
v 177.415 63.416 0.599
v 177.422 63.304 0.554
v 177.335 63.086 0.544
v 177.128 62.971 0.549
v 176.968 62.983 0.561
v 166.789 63.668 0.878
v 166.824 62.601 0.899
v 166.824 58.088 0.899
v 167.553 58.944 0.866
v 166.824 60.746 0.899
v 167.247 59.877 0.857
v 167.568 59.876 0.859
v 167.866 59.266 0.862
v 166.930 59.543 0.857
v 166.940 59.236 0.859
v 167.868 59.558 0.860
v 167.273 58.942 0.862
v 167.811 59.808 0.899
v 169.038 61.216 0.892
v 169.357 61.779 0.894
v 169.748 62.269 0.894
v 168.817 60.669 0.895
v 171.889 63.505 0.894
v 172.488 63.593 0.892
v 170.725 63.048 0.894
v 171.290 63.320 0.894
v 170.137 62.656 0.899
v 175.896 62.269 0.894
v 176.286 61.779 0.894
v 175.458 62.680 0.895
v 177.019 59.417 0.896
v 176.968 58.792 0.894
v 176.968 60.042 0.894
v 176.286 57.055 0.894
v 175.896 56.565 0.894
v 169.038 57.618 0.892
v 169.357 57.055 0.894
v 170.056 56.277 0.892
v 169.748 56.565 0.894
v 168.675 58.792 0.894
v 168.628 59.417 0.894
v 168.817 58.165 0.895
v 168.675 60.042 0.894
v 177.721 56.576 0.895
v 177.699 62.236 0.884
v 173.155 63.593 0.892
v 173.755 63.505 0.894
v 174.353 63.320 0.894
v 172.652 63.640 0.899
v 174.919 63.048 0.894
v 178.563 64.782 0.872
v 178.310 65.059 0.876
v 178.778 64.411 0.872
v 178.895 64.038 0.872
v 178.929 63.660 0.878
v 177.987 65.289 0.872
v 177.633 65.450 0.876
v 173.088 66.887 0.880
v 177.232 65.540 0.899
v 172.627 66.903 0.878
v 172.237 66.824 0.876
v 168.288 65.485 0.899
v 167.613 65.210 0.882
v 167.143 64.773 0.876
v 166.947 64.433 0.876
v 166.827 64.060 0.876
v 168.080 65.458 0.876
v 166.947 54.410 0.876
v 167.143 54.070 0.876
v 166.785 55.173 0.876
v 166.827 54.783 0.876
v 167.431 53.807 0.899
v 167.626 53.620 0.881
v 166.824 56.233 0.899
v 168.089 53.416 0.899
v 168.288 53.357 0.899
v 170.195 56.124 0.899
v 172.235 52.016 0.876
v 171.889 55.329 0.894
v 171.290 55.513 0.894
v 172.652 55.217 0.899
v 172.488 55.241 0.892
v 170.723 55.782 0.896
v 172.625 51.936 0.878
v 173.087 51.952 0.880
v 175.587 56.277 0.892
v 174.353 55.513 0.894
v 173.155 55.241 0.892
v 177.232 53.296 0.899
v 175.436 56.138 0.894
v 174.921 55.782 0.896
v 173.755 55.329 0.894
v 177.986 53.545 0.872
v 177.621 53.416 0.899
v 178.537 54.030 0.875
v 178.769 54.405 0.869
v 178.895 54.797 0.872
v 178.933 55.175 0.876
v 178.936 56.009 0.877
v 178.932 57.004 0.876
v 178.894 58.088 0.899
v 178.935 56.233 0.899
v 178.894 60.746 0.899
v 178.935 61.775 0.874
v 178.958 62.601 0.899
v 178.935 63.070 0.877
v 168.288 62.601 0.899
v 168.288 63.662 0.899
v 168.288 60.746 0.899
v 177.844 58.088 0.899
v 177.844 60.746 0.899
v 168.288 58.088 0.899
v 168.288 56.233 0.899
v 177.232 56.233 0.899
v 177.844 62.601 0.899
v 177.844 63.662 0.899
v 177.634 53.375 0.870
v 178.313 53.772 0.873
v 178.966 55.175 0.599
v 178.968 55.960 0.599
v 179.074 56.736 0.599
v 178.979 56.946 0.599
v 178.966 57.022 0.599
v 178.966 60.540 0.599
v 178.967 61.768 0.599
v 178.981 61.836 0.599
v 179.090 62.105 0.599
v 178.967 63.133 0.599
v 178.966 63.660 0.599
v 178.687 64.618 0.838
v 173.409 52.004 0.870
v 177.644 53.347 -0.168
v 173.418 51.975 -0.168
v 168.076 53.376 0.870
v 173.022 51.892 -0.168
v 172.638 51.896 -0.170
v 172.223 51.978 -0.168
v 167.391 53.763 0.856
v 168.067 53.348 -0.168
v 167.701 53.512 -0.168
v 167.378 53.748 -0.168
v 167.111 54.047 -0.168
v 166.911 54.394 -0.168
v 166.788 54.775 -0.168
v 166.746 55.173 -0.168
v 177.988 53.496 -0.165
v 178.321 53.761 -0.159
v 178.323 53.825 0.599
v 178.331 53.766 0.599
v 178.782 54.379 0.599
v 178.948 54.918 0.599
v 167.392 65.080 0.856
v 166.746 63.669 -0.168
v 166.788 64.068 -0.168
v 166.911 64.449 -0.168
v 167.111 64.796 -0.168
v 167.379 65.095 -0.168
v 167.702 65.331 -0.168
v 168.068 65.495 -0.168
v 173.410 66.834 0.870
v 172.224 66.861 -0.168
v 172.640 66.943 -0.170
v 173.024 66.947 -0.168
v 173.419 66.863 -0.168
v 177.645 65.488 -0.168
v 178.320 65.068 -0.157
v 178.001 65.331 -0.168
v 177.889 65.401 -0.135
v 178.948 63.917 0.599
v 178.861 64.284 0.599
v 178.703 64.627 0.599
v 178.482 64.933 0.599
v 178.322 65.042 0.599
v 166.758 59.251 -0.179
v 166.755 59.553 -0.178
v 178.301 53.802 -0.142
v 177.675 65.072 -0.163
v 177.596 65.049 0.580
v 177.736 53.802 -0.142
v 177.669 53.827 0.569
v 177.639 53.743 -0.169
v 177.471 53.717 0.599
v 175.495 53.029 -0.164
v 175.517 53.075 0.599
v 175.476 52.988 -0.187
v 174.382 55.565 -0.167
v 174.410 55.540 0.599
v 174.657 63.111 -0.166
v 175.167 62.810 -0.169
v 175.633 62.436 -0.166
v 176.066 61.966 -0.166
v 176.401 61.467 -0.169
v 176.349 61.139 -0.164
v 176.665 60.915 -0.169
v 176.825 60.318 -0.164
v 176.838 59.548 -0.170
v 176.935 59.111 -0.169
v 176.825 58.515 -0.164
v 176.665 57.919 -0.169
v 176.349 57.695 -0.164
v 176.401 57.367 -0.169
v 176.066 56.868 -0.166
v 175.633 56.398 -0.166
v 175.167 56.024 -0.169
v 174.657 55.722 -0.166
v 174.381 63.268 -0.167
v 175.496 56.401 0.599
v 174.841 55.768 0.599
v 176.169 56.929 0.599
v 176.619 57.693 0.599
v 176.898 58.535 0.599
v 176.796 59.417 0.599
v 176.781 60.355 0.599
v 176.619 61.141 0.599
v 176.169 61.905 0.599
v 175.496 62.433 0.599
v 174.841 63.066 0.599
v 174.410 63.294 0.599
v 175.502 65.795 -0.148
v 175.518 65.761 0.599
v 175.489 65.825 -0.178
v 177.524 62.010 0.549
v 177.707 62.217 0.549
v 177.887 62.227 0.549
v 178.118 62.014 0.551
v 178.007 61.643 0.551
v 177.624 61.646 0.546
v 178.056 56.744 0.546
v 177.840 56.588 0.599
v 177.765 56.593 0.599
v 177.581 56.752 0.546
v 177.607 57.171 0.549
v 178.014 57.179 0.549
v 176.786 55.618 0.546
v 176.950 55.844 0.561
v 177.139 55.856 0.549
v 177.355 55.676 0.538
v 177.421 55.539 0.558
v 177.224 55.243 0.549
v 176.881 55.272 0.552
v 168.748 58.551 0.884
v 169.449 56.967 0.884
v 170.210 56.142 0.892
v 170.734 55.800 0.884
v 171.534 55.456 0.884
v 174.109 55.456 0.884
v 174.910 55.800 0.884
v 176.194 56.967 0.884
v 176.896 58.551 0.884
v 176.998 59.417 0.884
v 176.896 60.283 0.884
v 176.591 61.232 0.890
v 176.194 61.867 0.884
v 175.608 62.512 0.884
v 174.109 63.378 0.884
v 171.534 63.378 0.884
v 170.035 62.512 0.884
v 169.449 61.867 0.884
v 168.748 60.283 0.884
v 170.210 62.692 0.892
v 176.591 57.602 0.890
v 167.090 59.072 0.834
v 167.710 59.082 0.830
v 167.737 59.729 0.828
v 167.063 59.734 0.832
v 166.982 59.325 0.341
v 167.205 59.194 0.320
v 167.197 58.810 0.579
v 167.541 58.860 0.535
v 167.607 59.211 0.320
v 167.904 59.223 0.496
v 167.930 59.534 0.496
v 167.609 59.617 0.319
v 167.544 59.942 0.496
v 167.203 60.010 0.562
v 167.191 59.613 0.320
v 166.977 59.463 0.341
v 168.805 59.417 0.599
v 169.016 58.608 0.599
v 169.214 58.009 0.599
v 169.674 57.130 0.599
v 170.218 56.525 0.599
v 170.876 56.047 0.599
v 171.468 55.484 0.599
v 172.415 55.547 0.599
v 173.130 55.554 0.599
v 174.086 55.567 0.599
v 174.698 56.026 0.599
v 175.933 57.105 0.599
v 176.376 57.834 0.599
v 176.628 58.608 0.599
v 176.376 61.000 0.599
v 175.933 61.729 0.599
v 174.698 62.808 0.599
v 174.086 63.267 0.599
v 173.130 63.280 0.599
v 172.415 63.287 0.599
v 171.468 63.350 0.599
v 170.766 62.700 0.599
v 170.218 62.309 0.599
v 169.594 61.556 0.599
v 169.214 60.825 0.599
v 169.016 60.226 0.599
v 167.575 59.585 -0.485
v 167.211 59.590 -0.485
v 167.212 59.241 -0.485
v 167.561 59.225 -0.485
v 167.606 58.895 -0.487
v 167.930 59.596 -0.487
v 167.157 58.875 -0.323
v 167.915 59.178 -0.487
v 166.873 59.182 -0.379
v 167.606 59.939 -0.487
v 167.156 59.960 -0.315
v 166.844 59.596 -0.383
v 166.962 59.820 -0.372
v 172.197 63.228 0.599
v 171.187 63.211 0.599
v 170.018 62.072 0.599
v 168.983 58.999 0.599
v 168.983 59.834 0.599
v 175.321 56.474 0.599
v 176.326 61.038 0.599
v 175.321 62.360 0.599
v 176.326 57.795 0.599
v 176.593 58.587 0.599
v 176.593 60.247 0.599
v 169.513 57.426 0.599
v 170.018 56.761 0.599
v 170.655 56.221 0.599
v 171.392 55.830 0.599
v 172.197 55.606 0.599
v 176.683 58.821 -0.169
v 176.547 58.238 -0.169
v 176.007 57.159 -0.166
v 175.637 56.708 -0.169
v 175.204 56.325 -0.166
v 174.683 55.985 -0.166
v 174.113 55.562 -0.170
v 173.566 55.581 -0.169
v 172.956 55.510 -0.171
v 172.374 55.536 -0.169
v 173.032 55.539 -0.139
v 171.474 55.521 -0.163
v 171.902 55.452 -0.176
v 171.240 55.848 -0.166
v 170.715 56.104 -0.166
v 170.643 56.204 -0.139
v 170.222 56.500 -0.169
v 169.843 56.911 -0.158
v 169.466 57.420 -0.166
v 169.136 57.959 -0.172
v 169.025 58.528 -0.164
v 168.831 59.114 -0.169
v 168.826 59.677 -0.170
v 168.964 58.998 -0.139
v 168.964 59.836 -0.139
v 169.025 60.305 -0.164
v 169.136 60.875 -0.172
v 169.466 61.414 -0.166
v 169.843 61.923 -0.158
v 170.222 62.334 -0.169
v 170.692 62.690 -0.166
v 171.226 62.975 -0.164
v 171.234 63.227 -0.170
v 171.474 63.314 -0.164
v 172.374 63.298 -0.169
v 172.956 63.324 -0.171
v 171.963 63.346 -0.172
v 173.032 63.294 -0.139
v 173.566 63.252 -0.169
v 174.148 63.257 -0.168
v 174.683 62.849 -0.166
v 175.204 62.509 -0.166
v 175.637 62.126 -0.169
v 176.007 61.675 -0.166
v 176.539 60.593 -0.164
v 176.683 60.013 -0.169
v 169.656 56.877 -0.171
v 168.853 58.508 -0.170
v 168.853 60.325 -0.170
v 169.656 61.957 -0.171
v 176.572 60.604 -0.188
v 167.115 59.998 -0.174
v 167.115 58.836 -0.175
v 166.916 58.990 -0.191
v 166.916 59.844 -0.191
v 167.857 59.851 0.599
v 167.809 58.933 0.599
v 167.104 55.219 -0.169
v 167.151 55.188 0.599
v 167.189 54.739 -0.168
v 167.234 54.751 0.599
v 167.314 54.438 -0.175
v 167.571 54.171 0.599
v 167.621 54.057 -0.173
v 167.373 54.445 0.599
v 167.819 53.943 0.599
v 168.107 53.768 0.599
v 168.087 53.726 -0.168
v 168.295 53.645 -0.169
v 168.308 53.687 0.599
v 167.811 53.900 -0.157
v 170.171 53.085 0.599
v 170.169 53.037 -0.162
v 170.325 53.040 -0.167
v 170.168 52.998 -0.188
v 170.430 53.043 0.599
v 171.164 55.599 0.599
v 171.234 55.600 -0.170
v 170.121 62.558 0.599
v 170.854 63.063 0.599
v 170.524 62.809 -0.169
v 170.871 63.031 -0.139
v 169.512 61.909 0.599
v 170.053 62.438 -0.166
v 169.277 61.472 -0.169
v 169.056 61.145 0.599
v 168.774 60.301 0.599
v 168.994 60.925 -0.152
v 169.089 61.130 -0.139
v 168.774 58.532 0.599
v 168.994 57.909 -0.152
v 169.056 57.689 0.599
v 169.512 56.925 0.599
v 169.277 57.362 -0.169
v 169.089 57.704 -0.139
v 170.053 56.396 -0.166
v 170.121 56.275 0.599
v 170.524 56.025 -0.169
v 170.854 55.771 0.599
v 170.268 65.778 -0.168
v 170.342 65.760 0.599
v 170.176 65.793 -0.150
v 170.422 65.849 -0.168
v 170.171 65.754 0.599
v 170.168 65.824 -0.183
v 168.296 65.198 -0.170
v 168.310 65.156 0.599
v 167.151 63.654 0.599
v 167.234 64.091 0.599
v 167.374 64.398 0.599
v 167.572 64.671 0.599
v 167.819 64.900 0.599
v 168.108 65.075 0.599
v 167.104 63.645 -0.169
v 168.084 65.115 -0.168
v 167.805 64.938 -0.157
v 167.615 64.788 -0.176
v 167.324 64.408 -0.170
v 167.184 64.091 -0.171
v 177.923 59.500 0.549
v 177.910 59.306 0.537
v 177.453 60.540 0.599
v 177.982 59.468 0.726
v 177.981 59.328 0.726
v 173.160 66.526 -0.168
v 175.230 65.852 -0.166
v 175.252 65.792 -0.174
v 172.825 63.569 -0.167
v 173.380 63.504 -0.169
v 172.798 66.528 -0.167
v 173.160 52.311 -0.170
v 175.226 52.972 -0.168
v 175.245 53.028 -0.164
v 172.798 52.311 -0.166
v 172.822 55.265 -0.167
v 173.380 55.330 -0.169
v 172.349 52.341 -0.169
v 170.454 52.970 -0.169
v 172.269 55.329 -0.169
v 172.344 66.497 -0.169
v 172.269 63.504 -0.169
v 175.184 65.828 0.599
v 173.101 66.493 0.599
v 175.196 65.791 0.599
v 172.772 66.486 0.599
v 172.783 63.606 0.599
v 173.017 63.584 0.599
v 173.608 63.513 0.599
v 173.818 63.427 -0.164
v 173.602 63.481 -0.139
v 172.384 66.461 0.599
v 170.493 65.829 0.599
v 172.045 63.514 0.599
v 171.865 63.437 -0.161
v 170.509 52.993 0.599
v 172.383 52.378 0.599
v 172.772 52.353 0.599
v 172.783 55.227 0.599
v 172.045 55.319 0.599
v 171.879 55.386 -0.149
v 175.192 53.028 0.599
v 175.169 52.993 0.599
v 173.101 52.346 0.599
v 173.017 55.250 0.599
v 173.608 55.321 0.599
v 173.821 55.396 -0.147
v 173.602 55.353 -0.139
v 181.193 59.580 -1.572
v 181.175 59.238 -1.572
v 180.857 59.263 -1.572
v 180.862 59.567 -1.572
v 181.197 65.949 -1.572
v 181.116 52.519 -1.572
v 181.232 52.827 -1.572
v 181.932 51.920 -1.572
v 181.787 51.802 -1.572
v 181.737 51.797 -1.572
v 179.100 51.797 -1.515
v 180.909 52.534 -1.572
v 180.845 52.827 -1.572
v 181.949 66.896 -1.572
v 179.100 67.037 -1.515
v 180.891 66.278 -1.572
v 180.840 65.979 -1.572
v 181.161 66.288 -1.572
v 181.834 67.018 -1.572
v 181.762 67.034 -1.572
v 181.038 53.005 -1.572
v 178.944 51.797 -1.496
v 178.944 67.037 -1.496
v 179.070 67.028 -0.779
v 178.918 67.028 -0.779
v 179.070 51.797 -0.832
v 178.918 51.797 -0.832
v 178.918 66.859 -0.589
v 179.070 66.859 -0.589
v 179.070 66.949 -0.645
v 178.918 66.949 -0.645
v 178.918 65.005 -0.008
v 179.070 65.005 -0.008
v 179.070 51.975 -0.589
v 178.918 51.975 -0.589
v 178.918 51.855 -0.688
v 179.070 51.855 -0.688
v 178.918 53.829 -0.008
v 179.070 53.829 -0.008
v 178.896 65.005 0.470
v 178.896 53.829 0.470
v 179.054 53.829 0.426
v 179.054 65.005 0.426
v 178.829 58.270 0.447
v 176.226 53.831 0.523
v 176.226 65.003 0.523
v 176.055 64.881 0.523
v 176.025 62.742 0.523
v 176.055 53.952 0.523
v 176.025 56.092 0.523
v 176.639 61.961 0.523
v 177.061 61.169 0.523
v 177.321 60.310 0.523
v 177.565 59.437 0.470
v 177.296 58.439 0.498
v 177.061 57.665 0.523
v 176.639 56.873 0.523
v 177.703 59.352 0.460
v 177.453 58.270 0.447
v 168.653 63.713 52.735
v 168.373 63.627 52.732
v 168.372 63.972 52.732
v 168.646 63.908 52.736
v 168.194 63.778 52.755
v 168.195 63.826 52.753
v 168.697 63.951 53.764
v 168.388 64.074 53.761
v 168.161 63.907 53.765
v 168.156 63.712 53.766
v 168.388 63.523 53.761
v 168.700 63.657 53.763
v 168.055 63.640 53.937
v 168.132 63.339 53.985
v 168.394 63.328 53.968
v 168.675 63.341 53.978
v 168.805 63.600 53.931
v 168.805 63.997 53.931
v 168.675 64.256 53.978
v 168.399 64.282 53.972
v 168.132 64.258 53.985
v 168.068 64.003 53.938
v 168.392 63.466 53.885
v 168.390 64.139 53.892
v 167.590 62.779 53.969
v 169.260 64.867 53.970
v 169.538 64.518 53.977
v 169.523 64.626 53.966
v 167.435 63.022 53.984
v 168.506 62.332 54.019
v 168.002 62.495 53.965
v 169.721 63.943 53.985
v 167.437 64.548 53.968
v 168.775 65.130 53.966
v 167.216 64.396 53.967
v 167.636 64.862 53.966
v 167.243 63.186 53.970
v 167.234 62.885 53.935
v 168.702 62.700 53.995
v 170.018 63.983 53.905
v 169.612 63.520 54.041
v 168.307 65.164 53.966
v 167.124 63.950 53.970
v 169.187 63.096 54.046
v 167.102 63.648 53.967
v 167.991 65.091 53.966
v 167.496 62.761 51.461
v 169.542 64.721 51.460
v 169.356 64.906 51.462
v 167.658 62.461 53.934
v 167.295 62.867 51.461
v 167.346 64.638 53.964
v 167.492 64.831 51.455
v 167.249 64.752 51.455
v 167.052 63.141 51.456
v 166.923 63.662 51.456
v 166.917 64.049 51.456
v 167.069 64.396 51.459
v 167.969 65.249 51.456
v 168.371 65.341 51.455
v 168.809 65.302 51.456
v 169.167 65.146 51.456
v 167.595 65.095 51.457
v 169.142 65.120 53.930
v 168.735 65.133 54.366
v 168.254 65.133 54.366
v 168.041 62.328 51.456
v 167.626 62.470 51.456
v 168.413 62.251 51.480
v 168.504 62.091 54.315
v 168.569 62.187 54.183
v 169.709 64.585 51.459
v 169.867 64.407 51.456
v 169.998 63.859 51.460
v 169.936 63.702 54.038
v 166.907 63.344 51.456
v 166.938 64.348 51.456
v 169.481 65.022 51.455
v 168.402 62.193 51.479
v 168.519 65.405 51.463
v 169.802 64.653 51.470
v 168.349 62.111 53.311
v 168.492 62.158 52.814
v 168.477 62.173 52.424
v 168.487 62.205 52.303
v 168.469 62.217 51.987
v 169.692 63.404 54.231
v 169.342 63.122 54.335
v 169.162 62.910 54.272
v 168.838 62.551 54.231
v 169.930 63.592 54.307
v 168.805 62.555 54.078
v 170.038 63.777 51.998
v 170.016 63.792 51.688
v 170.064 63.764 52.384
v 170.089 63.752 52.844
v 170.128 63.764 53.272
v 170.087 63.804 52.327
v 170.066 63.805 51.897
v 168.450 62.183 51.972
v 170.303 63.968 53.468
v 170.134 63.950 53.331
v 170.204 63.830 53.398
v 170.181 63.778 53.421
v 170.204 63.793 53.430
v 170.146 64.031 53.541
v 170.837 64.320 53.494
v 171.544 64.463 53.499
v 172.197 64.494 53.496
v 172.826 64.533 53.496
v 173.464 64.490 53.499
v 174.064 64.530 53.493
v 174.814 64.320 53.494
v 175.324 63.973 53.478
v 170.948 64.163 53.504
v 172.584 64.498 53.526
v 174.422 64.447 53.499
v 174.670 64.181 53.501
v 175.517 63.950 53.333
v 175.489 64.015 53.516
v 175.525 63.762 53.262
v 175.451 63.790 53.430
v 175.586 63.763 52.412
v 175.613 63.776 51.998
v 175.634 63.792 51.687
v 175.655 63.859 51.460
v 175.566 63.751 52.814
v 175.564 63.807 52.327
v 175.581 63.816 51.897
v 168.277 62.018 53.469
v 168.170 62.015 53.578
v 168.276 56.808 53.467
v 167.975 57.541 53.497
v 167.864 58.170 53.496
v 167.598 58.775 53.496
v 167.619 59.417 53.496
v 167.599 60.058 53.496
v 167.864 60.665 53.496
v 167.975 61.293 53.497
v 168.331 57.005 53.510
v 167.831 58.454 53.526
v 167.831 60.380 53.526
v 168.348 56.724 53.314
v 168.164 56.816 53.588
v 168.477 56.656 52.378
v 168.490 56.680 52.844
v 168.408 56.562 51.468
v 168.463 56.633 51.994
v 168.413 56.626 51.492
v 168.407 65.230 52.878
v 168.655 65.218 52.902
v 168.389 65.458 52.879
v 168.655 65.448 52.902
v 175.726 63.593 54.323
v 175.708 63.699 54.042
v 175.752 64.471 51.456
v 176.091 64.715 51.460
v 176.170 65.022 51.455
v 176.411 65.124 51.456
v 176.772 65.264 51.456
v 177.132 65.405 51.463
v 177.626 65.281 51.456
v 178.048 65.098 51.456
v 178.216 65.046 51.470
v 178.363 64.732 51.455
v 178.690 64.359 51.458
v 178.734 64.049 51.456
v 178.728 63.662 51.456
v 178.678 63.210 51.456
v 178.312 62.888 51.461
v 178.025 62.470 51.456
v 177.605 62.324 51.457
v 177.250 62.193 51.477
v 177.237 62.251 51.480
v 177.183 65.316 51.455
v 175.872 64.451 51.458
v 175.846 63.878 53.968
v 175.934 63.622 54.021
v 177.292 62.109 53.308
v 177.176 62.172 52.402
v 177.161 62.154 52.844
v 177.182 62.217 51.987
v 177.166 62.206 52.269
v 177.195 62.184 52.002
v 177.135 62.332 54.020
v 177.082 62.187 54.183
v 177.151 62.088 54.313
v 176.810 62.550 54.258
v 176.309 63.122 54.335
v 176.140 63.242 54.272
v 175.960 63.404 54.231
v 176.450 63.116 54.046
v 177.178 62.721 53.985
v 176.842 62.561 54.096
v 176.890 62.715 53.996
v 176.093 64.503 53.976
v 176.123 64.628 53.966
v 178.122 62.688 51.461
v 178.025 62.733 53.970
v 177.994 62.461 53.935
v 177.542 62.469 53.965
v 178.312 62.954 53.958
v 178.161 63.040 53.985
v 178.326 63.109 53.976
v 176.383 64.854 53.970
v 176.223 64.559 53.984
v 176.299 64.897 51.461
v 178.130 64.895 51.455
v 176.871 65.132 53.965
v 177.322 65.163 53.967
v 176.509 65.120 53.929
v 176.917 65.133 54.366
v 177.398 65.133 54.366
v 177.579 65.111 53.970
v 178.013 64.861 53.967
v 177.810 65.047 53.962
v 178.353 64.463 53.967
v 178.572 64.395 51.458
v 178.525 63.966 53.968
v 178.527 63.652 53.968
v 178.575 63.207 51.458
v 178.307 64.639 53.963
v 176.920 64.253 53.983
v 177.475 63.333 53.983
v 177.574 63.603 53.934
v 176.850 64.016 53.933
v 177.219 63.325 53.968
v 176.829 63.633 53.932
v 177.215 64.278 53.971
v 176.939 63.358 53.978
v 177.475 64.265 53.983
v 177.574 63.994 53.934
v 176.928 63.693 53.763
v 177.192 63.517 53.764
v 177.476 63.674 53.761
v 177.473 63.933 53.763
v 177.192 64.080 53.764
v 176.934 63.925 53.761
v 177.197 63.461 53.884
v 177.202 64.140 53.887
v 177.430 63.739 52.737
v 177.426 63.885 52.738
v 177.194 63.987 52.731
v 176.979 63.867 52.740
v 176.977 63.734 52.741
v 177.194 63.612 52.731
v 177.293 61.942 53.460
v 177.672 61.321 53.496
v 177.928 60.747 53.496
v 178.081 60.119 53.497
v 178.033 59.417 53.496
v 178.050 58.776 53.496
v 177.936 58.116 53.495
v 177.683 57.542 53.496
v 177.291 56.883 53.456
v 177.324 57.015 53.512
v 177.351 61.750 53.526
v 177.771 60.686 53.504
v 177.771 58.148 53.504
v 177.451 62.047 53.521
v 177.287 56.725 53.303
v 177.453 56.784 53.519
v 177.173 56.657 52.411
v 177.192 56.635 51.979
v 177.240 56.565 51.470
v 177.159 56.677 52.814
v 177.237 56.627 51.492
v 177.200 65.229 52.875
v 176.974 65.213 52.930
v 177.214 65.456 52.876
v 176.974 65.447 52.930
v 177.157 56.755 54.323
v 177.078 56.626 54.152
v 177.140 56.494 54.011
v 177.545 56.609 51.465
v 177.616 56.491 51.455
v 178.079 56.277 51.461
v 178.314 55.946 51.461
v 178.678 55.625 51.456
v 178.728 55.173 51.456
v 178.735 54.777 51.457
v 178.684 54.462 51.457
v 178.355 54.093 51.455
v 178.216 53.788 51.470
v 178.050 53.725 51.455
v 177.626 53.553 51.456
v 177.168 53.493 51.457
v 176.772 53.570 51.456
v 176.417 53.694 51.455
v 176.104 54.118 51.461
v 175.752 54.363 51.456
v 175.667 54.938 51.454
v 175.642 55.020 51.499
v 175.518 55.066 53.282
v 175.587 55.068 52.378
v 175.562 55.082 52.844
v 175.611 55.056 51.991
v 175.710 55.136 54.042
v 175.714 55.234 54.313
v 175.439 55.023 53.421
v 175.492 54.809 53.525
v 175.320 54.854 53.480
v 175.393 55.006 53.463
v 175.519 54.878 53.330
v 174.673 54.647 53.496
v 174.044 54.288 53.496
v 173.464 54.344 53.499
v 172.826 54.301 53.496
v 172.197 54.340 53.496
v 171.544 54.371 53.499
v 170.952 54.661 53.499
v 170.307 54.856 53.470
v 174.490 54.609 53.526
v 172.584 54.336 53.526
v 170.204 55.005 53.398
v 170.220 55.020 53.429
v 170.132 55.067 53.273
v 170.169 55.063 53.407
v 170.131 54.877 53.330
v 170.066 55.070 52.410
v 170.044 55.050 51.979
v 170.009 55.020 51.500
v 170.085 55.083 52.814
v 169.991 54.937 51.454
v 175.878 54.368 51.456
v 175.868 55.074 53.981
v 175.849 54.891 53.961
v 176.080 55.538 54.258
v 176.412 55.831 54.231
v 176.779 56.237 54.311
v 177.103 56.121 53.985
v 176.468 55.688 54.003
v 175.985 55.497 54.109
v 176.443 55.885 54.082
v 176.830 56.261 54.070
v 176.909 56.106 53.990
v 178.122 56.137 51.460
v 178.028 56.096 53.970
v 177.951 56.324 53.942
v 177.547 56.363 53.965
v 176.120 54.239 53.970
v 167.927 58.045 54.346
v 168.128 57.536 54.314
v 167.860 58.460 54.314
v 167.803 58.727 54.324
v 167.738 59.417 54.346
v 167.860 60.374 54.314
v 167.803 60.107 54.324
v 168.128 61.298 54.314
v 167.927 60.790 54.346
v 168.159 61.444 54.346
v 168.879 62.628 54.346
v 170.724 64.018 54.314
v 170.485 63.934 54.346
v 171.775 64.392 54.343
v 171.128 64.194 54.324
v 172.489 64.491 54.343
v 173.173 64.493 54.346
v 173.545 64.422 54.314
v 173.861 64.398 54.346
v 174.525 64.217 54.351
v 175.354 63.798 54.314
v 175.166 63.934 54.346
v 174.523 64.194 54.324
v 176.772 62.628 54.346
v 177.320 61.734 54.314
v 177.492 61.444 54.346
v 177.720 60.795 54.343
v 177.865 60.089 54.343
v 177.913 59.417 54.346
v 177.865 58.746 54.343
v 177.720 58.039 54.343
v 177.320 57.100 54.314
v 177.492 57.390 54.346
v 176.298 55.699 54.346
v 175.354 55.037 54.314
v 175.166 54.900 54.346
v 174.523 54.627 54.340
v 173.545 54.412 54.314
v 173.861 54.436 54.346
v 172.489 54.343 54.343
v 173.173 54.341 54.346
v 171.775 54.442 54.343
v 171.123 54.627 54.344
v 170.724 54.817 54.314
v 169.919 55.249 54.315
v 170.485 54.900 54.346
v 169.353 55.699 54.346
v 169.692 55.430 54.231
v 169.188 55.893 54.258
v 168.881 56.223 54.322
v 168.509 56.737 54.307
v 168.159 57.390 54.346
v 167.777 58.723 54.357
v 168.862 56.193 54.365
v 171.111 54.593 54.366
v 174.540 54.593 54.366
v 176.789 56.193 54.365
v 171.119 64.219 54.357
v 167.777 60.111 54.357
v 176.085 54.160 53.954
v 176.221 54.240 53.976
v 176.393 53.965 53.969
v 176.299 53.936 51.461
v 178.303 55.873 53.960
v 178.123 53.930 51.456
v 177.321 53.673 53.968
v 176.805 53.602 53.915
v 176.917 53.701 54.366
v 177.398 53.701 54.366
v 177.548 53.704 53.966
v 177.732 53.942 53.985
v 177.811 53.784 53.958
v 178.011 53.964 53.966
v 178.330 54.322 53.967
v 178.465 55.575 53.965
v 178.575 55.627 51.458
v 178.529 55.170 53.968
v 178.517 54.797 53.972
v 178.520 54.346 51.458
v 178.308 54.181 53.953
v 176.850 54.810 53.935
v 177.577 55.216 53.931
v 177.214 54.536 53.977
v 176.958 54.566 53.982
v 176.827 55.194 53.931
v 176.927 55.465 53.978
v 177.220 55.497 53.964
v 177.571 54.832 53.935
v 177.467 54.545 53.985
v 177.500 55.467 53.979
v 176.926 55.130 53.761
v 176.937 54.899 53.763
v 177.192 54.754 53.764
v 177.464 54.881 53.761
v 177.481 55.139 53.763
v 177.192 55.317 53.764
v 177.204 54.681 53.898
v 177.192 55.366 53.876
v 177.430 55.095 52.737
v 177.192 55.219 52.731
v 176.975 55.075 52.740
v 176.984 54.938 52.743
v 177.197 54.845 52.731
v 177.426 54.949 52.738
v 177.200 53.606 52.875
v 176.974 53.621 52.930
v 177.214 53.378 52.876
v 176.974 53.388 52.930
v 169.924 55.117 54.032
v 170.094 54.787 53.879
v 168.035 56.491 51.455
v 167.571 56.275 51.460
v 167.296 55.968 51.461
v 167.052 55.693 51.456
v 166.907 55.490 51.456
v 166.923 55.173 51.456
v 166.916 54.777 51.457
v 166.943 54.471 51.455
v 167.253 54.066 51.455
v 167.591 53.728 51.456
v 167.969 53.585 51.456
v 168.401 53.480 51.456
v 168.809 53.533 51.456
v 169.155 53.675 51.455
v 169.538 54.106 51.460
v 169.867 54.427 51.456
v 169.802 54.181 51.470
v 167.115 54.361 51.459
v 168.077 56.605 51.464
v 169.711 54.246 51.456
v 168.496 56.488 54.008
v 168.573 56.626 54.148
v 169.645 55.218 54.005
v 169.172 55.704 54.003
v 168.696 56.118 53.989
v 168.799 56.268 54.070
v 169.184 55.902 54.082
v 169.667 55.505 54.078
v 169.520 54.239 53.971
v 169.687 54.796 53.985
v 167.494 56.063 51.460
v 167.576 56.035 53.971
v 167.700 56.324 53.943
v 167.988 56.329 53.967
v 167.246 55.938 53.936
v 169.549 54.177 53.955
v 169.257 53.963 53.969
v 169.355 53.925 51.462
v 167.263 54.352 53.968
v 167.117 54.797 53.971
v 167.122 55.166 53.970
v 167.186 55.580 53.964
v 167.343 54.181 53.953
v 167.499 53.995 51.456
v 167.453 54.283 53.968
v 167.633 53.967 53.965
v 168.404 54.538 53.977
v 168.680 54.553 53.983
v 168.127 55.470 53.983
v 168.069 54.822 53.940
v 168.796 54.823 53.933
v 168.807 55.220 53.928
v 168.704 55.470 53.977
v 167.911 53.896 53.985
v 168.182 54.542 53.985
v 168.052 55.186 53.935
v 168.404 55.494 53.964
v 168.838 53.608 53.919
v 168.306 53.670 53.966
v 168.015 53.731 53.963
v 168.735 53.701 54.366
v 168.254 53.701 54.366
v 168.155 55.112 53.764
v 168.164 54.916 53.768
v 168.388 54.760 53.761
v 168.687 54.864 53.763
v 168.706 55.157 53.764
v 168.388 55.311 53.761
v 168.388 54.687 53.898
v 168.381 55.360 53.877
v 168.653 55.121 52.735
v 168.364 55.196 52.731
v 168.194 55.036 52.754
v 168.382 54.852 52.733
v 168.646 54.926 52.736
v 168.407 53.604 52.878
v 168.655 53.617 52.902
v 168.389 53.376 52.879
v 168.655 53.386 52.902
v 174.820 54.509 53.495
v 175.464 54.745 53.882
v 175.337 54.686 53.961
v 174.852 54.468 53.966
v 175.539 52.915 53.495
v 175.654 54.382 53.754
v 175.780 54.138 53.740
v 175.953 53.901 53.752
v 176.454 53.528 53.749
v 176.181 53.687 53.757
v 176.736 53.411 53.604
v 176.665 53.359 53.861
v 176.487 53.299 53.954
v 176.104 53.585 53.929
v 175.751 53.768 53.984
v 175.619 54.142 53.929
v 175.186 54.472 53.985
v 176.457 53.466 53.872
v 175.512 54.496 53.907
v 175.593 53.011 53.984
v 175.575 52.973 53.960
v 176.798 53.350 53.538
v 176.917 53.156 54.345
v 173.189 51.954 54.345
v 173.239 52.058 53.498
v 172.299 51.991 54.346
v 172.334 52.099 53.496
v 172.790 52.048 53.494
v 172.683 51.920 54.348
v 168.854 53.350 53.536
v 168.734 53.156 54.345
v 168.917 53.412 53.610
v 170.100 52.921 53.497
v 168.969 53.361 53.845
v 169.135 53.309 53.942
v 170.076 52.973 53.960
v 170.831 54.509 53.495
v 170.807 54.463 53.968
v 170.059 53.011 53.984
v 169.986 54.073 53.935
v 170.261 54.457 53.980
v 169.899 53.768 53.984
v 169.546 53.586 53.928
v 170.280 54.702 53.946
v 169.197 53.528 53.749
v 169.470 53.687 53.757
v 169.698 53.901 53.752
v 169.871 54.138 53.740
v 169.997 54.382 53.754
v 170.146 54.803 53.539
v 170.119 54.502 53.890
v 169.202 53.450 53.890
v 177.711 61.504 53.526
v 178.076 60.204 53.507
v 177.416 62.124 53.377
v 177.994 60.799 53.964
v 178.119 60.213 53.964
v 177.723 61.509 53.936
v 177.798 61.348 53.946
v 177.528 62.002 53.916
v 177.780 62.207 53.740
v 178.106 62.363 53.752
v 178.392 62.589 53.752
v 178.593 62.827 53.670
v 178.639 62.526 53.968
v 178.636 62.729 53.881
v 178.484 62.499 53.929
v 178.230 62.161 53.984
v 177.836 62.023 53.972
v 177.823 61.358 53.977
v 178.139 60.109 53.952
v 178.672 60.131 53.497
v 178.647 60.216 53.965
v 178.636 60.121 53.952
v 178.698 60.210 53.502
v 178.665 62.870 53.546
v 178.818 63.269 53.463
v 178.875 63.540 53.490
v 178.877 55.267 53.492
v 178.835 55.526 53.467
v 178.901 63.799 54.346
v 178.901 55.036 54.346
v 178.666 55.963 53.542
v 177.734 53.426 54.346
v 178.049 53.565 54.343
v 178.338 53.768 54.340
v 178.551 54.013 54.345
v 178.752 54.340 54.343
v 178.868 54.701 54.340
v 177.397 53.314 54.345
v 177.667 53.416 53.516
v 177.367 53.340 53.483
v 177.491 53.373 53.489
v 178.869 64.123 54.343
v 178.762 64.471 54.340
v 178.574 64.800 54.343
v 178.336 65.062 54.343
v 177.737 65.419 54.337
v 178.049 65.269 54.343
v 177.727 65.388 54.365
v 177.397 65.520 54.345
v 177.548 65.448 53.498
v 177.368 65.494 53.483
v 178.593 56.008 53.673
v 178.701 58.768 53.497
v 178.637 56.093 53.874
v 178.638 56.293 53.964
v 178.652 58.782 53.965
v 177.715 57.344 53.526
v 178.137 58.776 53.967
v 177.907 56.771 53.971
v 177.821 57.497 53.967
v 178.003 58.069 53.964
v 177.529 56.833 53.917
v 178.229 56.672 53.984
v 178.498 56.319 53.931
v 177.418 56.709 53.378
v 178.106 56.471 53.752
v 178.392 56.245 53.752
v 177.728 57.338 53.936
v 170.284 64.133 53.946
v 170.806 64.371 53.967
v 170.100 65.913 53.497
v 170.048 64.335 53.752
v 169.904 64.652 53.752
v 169.698 64.933 53.752
v 169.198 65.306 53.749
v 169.470 65.147 53.757
v 168.862 65.476 53.547
v 168.968 65.465 53.840
v 169.135 65.524 53.943
v 169.547 65.249 53.929
v 169.883 65.052 53.980
v 170.004 64.729 53.931
v 170.262 64.378 53.980
v 170.119 64.332 53.891
v 170.072 65.851 53.966
v 168.734 65.678 54.345
v 172.299 66.843 54.346
v 172.334 66.735 53.496
v 173.189 66.880 54.345
v 173.239 66.777 53.498
v 172.790 66.786 53.494
v 172.683 66.914 54.348
v 176.788 65.476 53.546
v 176.917 65.678 54.345
v 175.539 65.920 53.495
v 176.667 65.470 53.856
v 176.487 65.535 53.954
v 175.579 65.852 53.965
v 174.836 64.373 53.967
v 175.186 64.362 53.985
v 175.620 64.692 53.928
v 176.067 65.220 53.934
v 175.752 65.066 53.984
v 175.337 64.148 53.962
v 175.603 64.335 53.752
v 175.747 64.652 53.752
v 175.953 64.933 53.752
v 176.181 65.147 53.757
v 176.453 65.306 53.749
v 175.463 64.090 53.883
v 175.513 64.338 53.906
v 167.690 60.728 53.499
v 167.936 61.490 53.526
v 167.923 61.496 53.936
v 168.117 62.002 53.918
v 167.830 61.338 53.967
v 167.514 60.016 53.963
v 167.648 60.765 53.964
v 166.950 60.069 53.497
v 167.546 62.096 53.985
v 167.043 62.529 53.969
v 167.029 62.852 53.595
v 167.259 62.589 53.752
v 167.545 62.363 53.752
v 167.871 62.207 53.740
v 167.516 60.214 53.982
v 167.017 60.212 53.982
v 166.987 60.052 53.953
v 166.988 62.511 53.950
v 166.988 62.719 53.869
v 166.969 62.876 53.528
v 166.833 63.269 53.464
v 166.778 63.544 53.489
v 166.818 55.530 53.466
v 166.775 55.278 53.491
v 166.750 55.036 54.346
v 166.750 63.799 54.346
v 166.969 55.957 53.526
v 166.783 54.701 54.340
v 166.899 54.340 54.343
v 167.100 54.013 54.345
v 167.313 53.768 54.340
v 167.917 53.426 54.346
v 167.602 53.565 54.343
v 168.254 53.314 54.345
v 167.985 53.415 53.515
v 168.274 53.343 53.484
v 168.131 53.379 53.493
v 167.914 65.419 54.337
v 167.602 65.269 54.343
v 167.315 65.062 54.343
v 167.077 64.800 54.343
v 166.889 64.471 54.340
v 166.782 64.123 54.343
v 167.924 65.388 54.365
v 168.254 65.520 54.345
v 168.099 65.446 53.497
v 168.274 65.491 53.483
v 174.144 65.645 54.348
v 174.669 53.188 54.348
v 174.167 65.849 54.348
v 174.392 65.394 54.366
v 174.395 65.448 54.347
v 174.667 65.640 54.347
v 174.402 53.419 54.360
v 174.642 65.867 54.350
v 174.392 53.373 54.341
v 174.146 53.163 54.347
v 174.177 52.962 54.350
v 174.635 52.960 54.348
v 174.395 65.961 54.348
v 174.395 52.872 54.348
v 174.149 65.657 54.004
v 174.396 65.465 54.008
v 174.707 65.635 53.998
v 174.763 65.964 53.977
v 174.395 65.946 54.007
v 174.055 65.852 53.985
v 174.389 65.108 53.964
v 174.151 53.148 54.004
v 174.390 52.873 54.006
v 174.765 52.865 53.977
v 174.707 53.196 53.997
v 174.394 53.359 54.012
v 173.992 52.961 53.973
v 174.448 53.527 53.978
v 167.029 55.983 53.602
v 166.950 58.770 53.497
v 166.987 56.108 53.864
v 166.989 56.305 53.949
v 166.987 58.782 53.954
v 167.690 58.107 53.499
v 167.936 57.344 53.526
v 167.514 58.772 53.968
v 167.016 58.771 53.981
v 167.040 56.292 53.967
v 167.648 58.069 53.964
v 167.830 57.497 53.967
v 167.523 56.708 53.981
v 168.118 56.831 53.917
v 167.259 56.245 53.752
v 167.545 56.471 53.752
v 167.923 57.338 53.936
v 178.174 59.417 53.964
v 178.421 59.493 54.048
v 167.474 59.417 53.967
v 167.017 59.892 53.982
v 174.003 53.639 53.964
v 174.295 52.588 53.948
v 174.267 52.522 53.492
v 173.852 52.948 53.499
v 174.922 52.733 53.499
v 174.963 53.312 53.501
v 175.139 53.316 53.496
v 174.380 53.731 53.497
v 174.026 53.627 53.498
v 174.003 65.195 53.964
v 174.298 66.234 53.961
v 173.852 65.886 53.499
v 174.026 65.207 53.498
v 174.267 66.312 53.492
v 174.398 65.095 53.496
v 174.922 66.101 53.499
v 174.963 65.522 53.501
v 175.131 65.492 53.496
v 178.423 59.321 54.049
v 173.377 54.147 53.499
v 172.755 54.119 53.496
v 172.116 54.166 53.496
v 173.727 52.908 53.499
v 175.115 53.433 53.502
v 174.414 54.363 53.496
v 170.281 52.864 53.500
v 175.362 52.868 53.504
v 175.162 52.848 53.968
v 175.133 53.271 53.964
v 174.558 53.838 53.501
v 174.563 53.863 53.985
v 174.080 54.222 53.961
v 175.072 53.441 53.985
v 170.341 52.892 53.963
v 172.377 52.230 53.967
v 174.179 52.485 53.510
v 172.826 52.167 53.967
v 173.274 52.230 53.967
v 172.436 54.123 53.526
v 174.118 52.502 53.963
v 173.679 52.916 53.971
v 172.435 54.108 53.936
v 172.127 54.111 53.967
v 171.532 54.231 53.961
v 173.356 54.094 53.964
v 172.749 54.066 53.967
v 173.946 54.177 53.976
v 171.507 54.198 53.985
v 173.717 53.169 53.976
v 172.825 53.354 53.975
v 172.825 53.770 53.975
v 172.038 53.147 53.975
v 172.825 52.559 53.975
v 172.825 52.939 53.975
v 172.116 64.668 53.496
v 172.755 64.715 53.496
v 173.377 64.688 53.499
v 170.281 65.970 53.500
v 173.727 65.927 53.499
v 174.179 66.349 53.510
v 173.682 65.913 53.970
v 174.117 66.332 53.963
v 173.278 66.614 53.958
v 172.436 64.711 53.526
v 173.969 64.607 53.513
v 174.005 64.638 53.970
v 172.435 64.726 53.936
v 172.749 64.768 53.967
v 173.356 64.740 53.964
v 171.537 64.618 53.973
v 172.127 64.723 53.967
v 171.519 64.591 53.950
v 172.373 66.614 53.958
v 170.341 65.942 53.963
v 172.826 66.668 53.967
v 173.268 66.584 53.984
v 172.383 66.584 53.984
v 175.362 65.966 53.504
v 175.162 65.986 53.968
v 175.119 65.535 53.962
v 175.124 65.389 53.510
v 175.073 65.381 53.969
v 174.560 64.986 53.511
v 174.492 64.905 53.969
v 174.144 64.590 53.955
v 173.717 65.637 53.978
v 172.825 65.895 53.975
v 172.825 65.480 53.975
v 172.825 65.065 53.975
v 172.038 65.687 53.975
v 172.825 66.276 53.975
v 176.764 55.619 10.781
v 176.927 55.866 10.787
v 177.175 55.870 10.783
v 177.359 55.746 10.777
v 177.431 55.544 10.784
v 177.232 55.232 10.780
v 176.865 55.270 10.783
v 177.411 55.334 10.804
v 175.953 55.336 10.349
v 175.741 56.258 10.436
v 178.668 57.187 10.404
v 175.567 54.992 10.424
v 177.544 58.131 10.404
v 177.381 53.600 10.401
v 176.934 53.471 10.408
v 175.726 55.463 10.301
v 178.623 58.570 10.416
v 178.585 54.785 10.421
v 178.641 55.121 10.407
v 175.918 53.119 10.402
v 175.143 54.787 10.405
v 178.072 53.891 10.414
v 177.521 53.629 10.391
v 178.485 54.437 10.400
v 178.265 54.069 10.390
v 176.112 56.656 10.437
v 176.593 57.359 10.437
v 177.267 58.020 10.784
v 177.554 58.141 10.786
v 176.490 56.541 10.798
v 176.838 57.049 10.798
v 175.739 55.531 10.813
v 176.154 56.102 10.801
v 175.726 55.818 10.767
v 177.082 57.513 10.800
v 177.678 60.055 10.782
v 177.722 59.417 10.785
v 177.678 58.779 10.782
v 177.554 60.693 10.786
v 175.548 55.022 10.397
v 176.918 53.404 9.954
v 175.890 53.054 9.939
v 178.650 58.644 10.390
v 178.790 57.246 9.937
v 178.683 58.740 9.938
v 177.577 58.181 9.950
v 179.178 56.832 9.934
v 178.617 54.787 10.390
v 177.873 53.758 10.422
v 178.772 54.752 9.937
v 178.506 54.382 9.939
v 178.331 54.013 9.931
v 178.838 55.072 9.935
v 175.852 55.291 10.089
v 175.150 54.850 9.936
v 175.660 55.265 9.961
v 176.917 53.193 9.935
v 175.710 55.410 10.149
v 174.915 54.795 9.934
v 174.274 54.683 9.938
v 173.512 54.420 9.936
v 172.843 54.326 9.933
v 172.251 54.417 9.936
v 171.699 54.433 9.933
v 170.764 54.778 9.931
v 170.330 55.142 9.938
v 169.650 55.513 9.936
v 169.165 55.954 9.933
v 168.739 56.457 9.936
v 168.317 57.095 9.935
v 168.095 57.662 9.936
v 167.978 58.396 9.935
v 167.884 59.075 9.935
v 167.884 59.759 9.935
v 167.978 60.438 9.935
v 168.095 61.172 9.936
v 168.317 61.739 9.935
v 168.739 62.377 9.936
v 169.160 62.876 9.935
v 169.650 63.321 9.936
v 170.330 63.692 9.938
v 170.764 64.056 9.931
v 171.659 64.344 9.930
v 172.251 64.417 9.936
v 172.843 64.508 9.933
v 173.512 64.415 9.936
v 174.274 64.152 9.938
v 174.915 64.039 9.934
v 175.672 63.546 9.992
v 175.154 55.080 9.964
v 173.315 54.520 9.964
v 171.549 54.639 9.941
v 169.023 56.292 9.964
v 167.880 58.159 9.938
v 167.924 58.934 9.964
v 167.924 59.900 9.964
v 167.880 60.675 9.938
v 169.023 62.542 9.964
v 171.531 64.177 9.957
v 173.315 64.315 9.964
v 175.154 63.754 9.964
v 177.638 58.346 9.929
v 178.766 54.353 9.934
v 177.959 53.631 9.937
v 177.630 53.597 9.941
v 178.078 53.844 9.938
v 177.397 53.544 9.935
v 177.319 53.673 10.820
v 176.842 53.710 10.827
v 178.011 53.980 10.831
v 177.699 53.980 10.805
v 177.654 53.675 10.823
v 176.729 53.974 10.805
v 176.403 53.978 10.831
v 177.619 58.453 10.424
v 178.683 60.094 9.938
v 178.650 59.949 10.424
v 177.649 60.444 9.930
v 177.619 60.382 10.424
v 177.590 60.638 9.939
v 178.634 60.248 10.403
v 177.544 60.703 10.404
v 178.797 61.597 9.937
v 177.694 59.871 10.424
v 177.694 58.963 10.424
v 177.268 60.814 10.784
v 178.668 61.649 10.404
v 179.199 61.985 9.935
v 179.133 62.203 9.919
v 178.833 63.761 9.935
v 178.641 63.713 10.406
v 178.339 64.808 9.930
v 178.766 64.481 9.934
v 178.772 64.082 9.937
v 178.508 64.444 9.940
v 178.485 64.398 10.400
v 178.617 64.048 10.390
v 178.266 64.763 10.391
v 178.585 64.049 10.421
v 178.061 64.950 10.415
v 177.521 65.205 10.391
v 177.873 65.076 10.422
v 176.632 61.401 10.431
v 176.112 62.178 10.437
v 175.740 62.576 10.435
v 176.593 61.475 10.437
v 176.147 62.740 10.801
v 176.490 62.293 10.798
v 176.891 62.054 10.821
v 176.896 61.641 10.790
v 177.082 61.322 10.800
v 175.743 63.290 10.810
v 177.977 65.177 9.935
v 178.072 64.982 9.947
v 177.617 65.215 9.944
v 177.397 65.290 9.935
v 177.381 65.235 10.401
v 175.852 63.544 10.091
v 175.717 63.413 10.242
v 175.734 63.327 10.354
v 175.963 63.490 10.356
v 175.143 64.047 10.405
v 175.552 63.818 10.403
v 175.150 63.984 9.935
v 175.894 65.772 9.943
v 175.918 65.715 10.402
v 175.875 65.817 9.917
v 176.917 65.584 9.936
v 176.933 65.362 10.404
v 177.432 63.256 10.784
v 177.335 63.068 10.776
v 177.159 62.947 10.785
v 176.942 62.950 10.789
v 176.779 63.186 10.781
v 176.863 63.561 10.782
v 177.232 63.602 10.780
v 177.422 63.439 10.790
v 177.320 65.164 10.820
v 176.838 65.121 10.827
v 176.390 64.837 10.832
v 176.382 65.286 10.830
v 177.636 65.098 10.824
v 178.011 64.854 10.831
v 178.031 65.175 10.822
v 175.539 55.297 10.806
v 175.868 55.499 10.829
v 175.757 55.493 11.302
v 175.488 54.864 10.826
v 175.135 55.116 10.752
v 174.900 54.965 10.785
v 174.276 54.727 10.782
v 173.311 54.560 10.752
v 173.631 54.573 10.785
v 172.969 54.508 10.785
v 172.309 54.536 10.782
v 171.625 54.659 10.782
v 171.014 54.852 10.785
v 170.309 55.200 10.808
v 176.891 53.274 10.811
v 176.368 53.521 10.828
v 176.061 53.738 10.828
v 175.817 54.022 10.837
v 175.621 54.342 10.828
v 175.786 54.003 10.807
v 175.748 55.472 11.889
v 175.739 55.450 12.476
v 175.746 55.413 13.300
v 175.716 55.291 13.327
v 175.627 54.821 13.325
v 175.801 55.355 13.298
v 175.892 55.226 10.821
v 175.868 54.814 10.826
v 176.139 54.241 10.830
v 175.728 54.299 13.323
v 176.110 54.128 13.319
v 176.158 53.759 13.323
v 176.452 53.588 13.320
v 176.774 53.578 13.324
v 177.112 53.375 13.314
v 177.461 53.389 13.310
v 177.646 53.587 13.329
v 178.013 53.612 13.317
v 178.304 54.126 13.320
v 178.607 54.129 13.306
v 178.752 54.446 13.323
v 178.739 54.770 13.323
v 178.723 55.163 13.324
v 178.742 55.622 13.324
v 178.669 55.837 13.295
v 178.305 55.941 13.319
v 178.237 56.328 13.323
v 177.963 56.392 13.323
v 177.203 56.672 13.323
v 177.619 56.636 13.323
v 177.188 53.545 13.326
v 175.831 54.634 13.295
v 175.910 54.384 13.324
v 176.141 54.198 11.453
v 176.171 54.206 11.453
v 176.350 54.033 11.453
v 176.305 53.947 13.319
v 176.221 54.226 10.839
v 178.107 53.944 13.319
v 170.087 55.291 10.884
v 169.836 55.528 10.800
v 169.945 55.455 11.081
v 170.109 55.186 11.046
v 170.139 54.842 11.038
v 169.962 54.919 10.874
v 170.310 54.855 10.830
v 169.928 55.297 13.325
v 170.012 54.804 13.323
v 169.904 55.413 13.300
v 169.902 55.474 11.836
v 169.911 55.452 12.427
v 170.029 54.399 11.043
v 169.871 54.099 11.043
v 169.705 53.878 11.038
v 169.494 53.689 11.043
v 169.207 53.507 11.043
v 168.793 53.363 11.035
v 168.798 53.159 10.813
v 169.261 53.320 10.820
v 169.568 53.587 10.861
v 169.861 53.734 10.811
v 170.010 54.073 10.864
v 170.245 54.359 10.811
v 170.104 54.412 10.903
v 169.654 53.915 10.893
v 169.062 53.687 10.853
v 172.298 51.989 10.787
v 172.647 51.914 10.787
v 173.179 51.951 10.787
v 168.734 53.221 9.933
v 172.415 52.078 9.934
v 173.169 52.023 9.935
v 176.983 53.642 11.607
v 176.983 53.350 11.607
v 172.791 52.076 9.934
v 177.197 53.629 11.661
v 177.198 53.340 11.662
v 177.352 53.639 11.206
v 178.038 54.004 11.453
v 178.271 54.241 10.831
v 178.224 54.197 11.453
v 178.243 54.206 11.453
v 178.493 54.375 13.319
v 178.544 55.608 13.320
v 178.510 54.759 10.825
v 178.938 55.184 10.811
v 178.533 55.201 10.820
v 178.325 55.706 10.815
v 178.266 55.846 10.833
v 178.239 55.867 11.453
v 178.110 56.125 13.319
v 178.011 56.093 10.831
v 178.038 56.067 11.453
v 176.864 56.485 13.320
v 177.115 56.504 13.324
v 177.577 56.439 13.324
v 176.996 56.633 13.313
v 177.991 56.375 10.828
v 177.576 56.355 10.824
v 177.155 56.405 10.827
v 176.739 56.418 10.828
v 176.771 56.494 11.889
v 176.749 56.485 11.302
v 176.793 56.503 12.476
v 177.175 56.754 10.828
v 176.890 56.660 10.824
v 177.518 56.738 10.828
v 177.860 56.641 10.825
v 178.433 56.254 10.828
v 178.681 55.942 10.828
v 178.838 55.614 10.828
v 179.351 56.872 10.786
v 179.135 57.127 10.775
v 179.401 56.812 10.757
v 179.105 57.179 9.943
v 179.418 56.816 9.949
v 178.941 57.301 10.785
v 178.903 57.425 10.788
v 178.932 57.437 9.938
v 178.935 61.511 10.785
v 178.933 61.396 9.937
v 179.014 61.622 10.783
v 179.030 61.600 9.942
v 179.351 61.968 10.785
v 179.401 62.035 10.757
v 179.419 62.009 9.951
v 178.940 63.643 10.810
v 178.890 54.737 10.805
v 178.791 54.390 10.805
v 178.650 54.109 10.805
v 178.612 54.017 9.946
v 178.504 53.929 10.805
v 178.363 53.756 9.936
v 178.352 53.769 10.805
v 178.001 53.527 10.805
v 177.747 53.386 9.946
v 177.397 53.282 9.936
v 177.606 53.366 10.837
v 177.369 53.305 10.811
v 177.744 65.438 9.936
v 178.363 65.079 9.936
v 177.397 65.552 9.936
v 178.612 64.817 9.946
v 177.803 65.400 10.805
v 177.605 65.469 10.834
v 178.385 65.039 10.805
v 178.643 64.721 10.805
v 178.269 64.616 10.840
v 178.790 64.445 10.805
v 178.890 64.097 10.805
v 177.369 65.529 10.812
v 177.518 62.096 10.828
v 177.866 62.180 10.810
v 177.968 62.417 10.830
v 178.421 62.553 10.818
v 178.682 62.892 10.828
v 178.838 63.220 10.828
v 178.274 62.973 10.839
v 177.185 62.078 10.826
v 177.198 65.494 11.662
v 177.352 65.195 11.206
v 177.197 65.205 11.661
v 176.983 65.484 11.607
v 176.983 65.192 11.607
v 176.739 62.411 10.828
v 176.749 62.349 11.302
v 176.864 62.346 13.319
v 176.793 62.331 12.476
v 176.771 62.340 11.889
v 176.995 62.198 13.303
v 177.229 62.157 13.323
v 177.152 62.429 10.827
v 177.566 62.476 10.824
v 178.011 62.743 10.831
v 177.100 62.303 13.329
v 177.617 62.185 13.310
v 177.963 62.442 13.323
v 178.237 62.506 13.323
v 178.306 62.893 13.319
v 178.669 62.997 13.295
v 178.742 63.212 13.324
v 178.723 63.671 13.324
v 178.739 64.064 13.323
v 178.752 64.388 13.323
v 178.607 64.705 13.306
v 178.305 64.707 13.320
v 178.020 65.178 13.323
v 177.668 65.228 13.327
v 177.461 65.436 13.320
v 177.114 65.449 13.323
v 176.774 65.232 13.326
v 176.771 65.409 13.308
v 176.430 65.185 13.326
v 176.158 65.076 13.323
v 176.109 64.706 13.320
v 175.672 64.385 13.324
v 175.616 63.914 13.324
v 177.585 62.364 13.328
v 178.109 62.711 13.319
v 176.891 65.560 10.811
v 176.061 65.096 10.828
v 176.125 64.622 10.839
v 175.621 64.492 10.828
v 175.488 63.974 10.826
v 175.732 63.497 13.321
v 175.800 63.477 13.298
v 175.748 63.363 11.889
v 175.757 63.341 11.302
v 175.739 63.384 12.476
v 175.866 63.336 10.830
v 175.549 63.524 10.808
v 175.786 64.831 10.807
v 175.904 64.430 13.322
v 175.882 63.547 10.820
v 176.137 64.563 10.815
v 175.880 64.007 10.824
v 170.305 63.632 10.808
v 171.014 63.982 10.785
v 171.621 64.167 10.776
v 172.309 64.299 10.782
v 172.969 64.326 10.785
v 173.311 64.274 10.752
v 173.631 64.262 10.785
v 174.276 64.107 10.782
v 174.900 63.869 10.785
v 175.135 63.718 10.752
v 171.642 64.211 10.805
v 178.038 62.767 11.453
v 178.239 62.967 11.453
v 178.280 63.051 10.815
v 178.544 63.226 13.320
v 178.544 64.371 13.320
v 178.531 63.624 10.820
v 178.511 64.051 10.822
v 178.279 64.552 10.816
v 176.171 64.629 11.453
v 176.350 64.801 11.453
v 176.304 64.884 13.319
v 176.245 64.475 10.813
v 177.207 65.253 13.320
v 178.108 64.890 13.319
v 178.038 64.830 11.453
v 178.239 64.630 11.453
v 170.090 63.540 10.885
v 169.833 63.306 10.801
v 170.311 63.979 10.830
v 169.962 63.915 10.874
v 170.141 63.966 11.040
v 170.077 63.584 11.045
v 169.922 63.360 11.109
v 169.915 63.493 13.319
v 169.911 63.382 12.427
v 169.902 63.361 11.836
v 170.038 63.914 13.325
v 168.803 65.678 10.812
v 168.793 65.471 11.035
v 169.207 65.327 11.043
v 169.494 65.145 11.043
v 169.705 64.956 11.038
v 169.871 64.736 11.043
v 170.029 64.435 11.043
v 170.246 64.476 10.811
v 170.010 64.761 10.863
v 169.862 65.101 10.811
v 169.590 65.221 10.862
v 169.251 65.495 10.831
v 169.055 65.111 10.851
v 169.513 64.621 10.843
v 170.105 64.422 10.902
v 172.298 66.845 10.787
v 173.179 66.883 10.787
v 172.647 66.920 10.787
v 172.408 66.735 9.936
v 168.734 65.602 9.938
v 172.791 66.758 9.934
v 173.182 66.790 9.936
v 168.425 62.159 13.325
v 167.966 62.370 13.329
v 167.619 62.460 13.325
v 167.330 62.891 13.318
v 167.099 63.212 13.323
v 166.904 63.220 13.323
v 166.875 63.714 13.330
v 166.840 64.060 13.327
v 166.900 64.388 13.323
v 167.323 64.710 13.318
v 167.574 65.131 13.326
v 167.965 65.245 13.325
v 168.507 65.449 13.320
v 168.799 65.283 13.327
v 169.144 65.169 13.326
v 169.493 65.076 13.323
v 169.536 64.711 13.320
v 169.941 64.364 13.326
v 168.880 65.409 13.308
v 168.188 65.434 13.324
v 166.982 62.999 13.295
v 167.399 62.496 13.304
v 168.034 62.185 13.310
v 169.712 64.490 13.317
v 169.760 63.312 10.820
v 168.913 62.440 10.812
v 169.049 62.520 10.752
v 169.175 62.729 10.788
v 169.702 63.535 10.806
v 169.740 64.090 10.820
v 169.509 64.557 10.816
v 169.476 64.630 11.453
v 169.343 64.889 13.318
v 169.248 64.854 10.832
v 169.275 64.830 11.453
v 168.444 65.253 13.320
v 167.523 64.857 13.320
v 168.747 65.140 10.826
v 168.324 65.164 10.820
v 168.782 62.345 13.319
v 168.379 62.342 13.325
v 168.644 62.192 13.300
v 168.860 62.332 12.427
v 168.882 62.341 11.836
v 168.850 62.287 11.078
v 168.432 62.093 11.038
v 168.659 62.150 11.044
v 168.678 62.030 10.841
v 167.968 62.514 10.825
v 168.359 62.426 10.826
v 167.738 62.336 10.915
v 167.593 62.797 10.835
v 167.522 62.742 13.320
v 168.513 61.903 10.820
v 168.081 62.126 11.043
v 167.572 62.339 11.043
v 167.143 62.688 11.043
v 166.964 62.939 11.035
v 166.844 62.911 10.860
v 166.779 62.408 10.798
v 167.292 62.367 10.858
v 167.658 62.094 10.831
v 168.054 62.003 10.864
v 167.348 62.970 10.842
v 168.152 60.918 10.782
v 168.331 61.386 10.782
v 168.407 61.562 10.779
v 168.112 60.444 10.784
v 168.035 60.492 10.424
v 168.503 60.247 10.433
v 168.230 60.293 10.793
v 168.546 60.132 10.462
v 168.234 58.611 10.800
v 168.170 59.147 10.800
v 168.173 59.642 10.798
v 168.543 58.686 10.459
v 168.509 59.082 10.463
v 168.503 59.585 10.463
v 168.464 58.548 10.424
v 167.940 59.899 10.424
v 167.940 58.935 10.424
v 168.035 58.342 10.424
v 168.227 58.523 10.792
v 168.106 58.388 10.785
v 168.551 57.023 10.774
v 168.327 57.446 10.785
v 168.152 57.916 10.782
v 168.489 56.916 10.828
v 167.534 62.850 11.453
v 167.386 62.966 11.453
v 167.423 63.035 10.814
v 167.107 64.371 13.320
v 167.016 63.600 13.314
v 167.020 64.071 13.317
v 167.307 63.088 10.817
v 167.097 63.646 10.824
v 167.138 64.029 10.821
v 167.316 64.520 10.818
v 167.352 64.622 10.841
v 167.388 64.631 11.453
v 167.524 64.736 11.453
v 167.599 64.815 10.836
v 167.423 64.565 10.815
v 168.012 65.099 10.825
v 167.597 65.185 10.818
v 168.717 65.363 10.408
v 168.271 65.227 10.407
v 166.792 63.180 10.863
v 166.736 63.615 10.812
v 166.897 63.071 11.029
v 166.731 63.860 10.800
v 168.683 56.798 10.844
v 167.541 59.584 10.784
v 167.189 59.583 10.784
v 166.739 59.417 10.796
v 167.202 59.230 10.783
v 166.779 56.426 10.798
v 167.265 56.440 10.857
v 168.054 56.831 10.864
v 167.540 59.247 10.784
v 166.739 57.936 10.796
v 167.675 56.705 10.864
v 166.838 55.905 10.859
v 166.739 60.898 10.796
v 168.912 56.394 10.814
v 168.445 56.738 11.042
v 168.698 56.664 11.044
v 168.860 56.539 11.081
v 168.785 56.486 13.319
v 168.860 56.502 12.427
v 168.882 56.493 11.836
v 168.657 56.627 13.315
v 168.424 56.676 13.324
v 166.954 55.877 11.030
v 167.143 56.147 11.043
v 167.572 56.495 11.043
v 168.081 56.708 11.043
v 167.353 55.857 10.838
v 166.784 55.622 10.861
v 166.736 55.188 10.810
v 166.732 54.967 10.802
v 166.891 55.747 11.035
v 166.835 63.799 9.936
v 166.835 55.036 9.936
v 167.590 59.545 10.430
v 167.202 59.579 10.448
v 167.215 59.234 10.449
v 167.586 59.277 10.431
v 166.832 64.376 10.805
v 166.862 64.485 9.940
v 166.819 64.134 9.934
v 166.969 64.660 10.805
v 166.947 64.673 9.969
v 167.142 64.754 9.937
v 167.299 65.089 9.940
v 167.232 65.011 10.805
v 167.640 65.200 9.937
v 168.033 65.464 10.898
v 167.907 65.438 9.936
v 166.843 55.917 9.916
v 167.299 53.745 9.940
v 167.640 53.635 9.937
v 167.542 53.587 10.805
v 167.142 54.080 9.937
v 167.135 53.946 10.805
v 166.947 54.161 9.969
v 166.964 54.171 10.805
v 166.832 54.458 10.805
v 166.862 54.349 9.940
v 166.819 54.700 9.934
v 167.904 53.386 9.946
v 167.995 53.664 10.822
v 167.965 53.573 9.930
v 168.254 53.282 9.936
v 168.045 53.371 11.031
v 168.096 53.352 10.943
v 168.269 53.301 10.931
v 168.270 53.333 11.032
v 168.254 65.552 9.936
v 168.043 65.463 11.033
v 168.271 65.535 10.930
v 168.270 65.501 11.032
v 169.176 56.104 10.788
v 169.760 55.521 10.819
v 169.049 56.314 10.752
v 168.360 56.409 10.826
v 167.961 56.315 10.824
v 167.580 56.021 10.833
v 167.781 56.263 10.855
v 169.686 55.230 10.806
v 169.737 54.734 10.819
v 169.511 54.233 10.835
v 169.890 54.371 13.329
v 169.537 54.123 13.320
v 169.493 53.759 13.323
v 169.117 53.635 13.323
v 168.815 53.526 13.323
v 168.463 53.545 13.326
v 167.986 53.574 13.326
v 167.562 53.661 13.320
v 167.326 54.122 13.318
v 166.900 54.446 13.323
v 166.840 54.775 13.327
v 166.875 55.120 13.330
v 166.904 55.614 13.323
v 167.099 55.622 13.323
v 167.329 55.944 13.318
v 167.619 56.374 13.325
v 168.032 56.636 13.323
v 167.399 56.338 13.304
v 166.982 55.836 13.295
v 168.497 53.376 13.311
v 168.186 53.390 13.313
v 169.711 54.336 13.319
v 168.371 56.485 13.324
v 167.940 56.403 13.323
v 167.522 56.092 13.320
v 167.524 55.973 11.453
v 167.388 55.868 11.453
v 167.426 55.768 10.808
v 167.158 54.375 13.319
v 167.020 54.763 13.317
v 167.016 55.234 13.314
v 167.346 54.241 10.833
v 167.121 54.756 10.826
v 167.109 55.176 10.822
v 167.186 55.591 10.828
v 167.378 54.198 11.453
v 167.524 53.975 13.320
v 167.417 54.208 11.453
v 167.587 54.033 11.453
v 167.387 54.204 11.453
v 167.428 54.243 10.831
v 167.640 53.979 10.833
v 169.342 53.945 13.318
v 167.949 53.937 10.805
v 168.323 53.670 10.820
v 168.718 53.472 10.404
v 168.735 53.689 10.827
v 168.271 53.607 10.407
v 169.247 53.981 10.832
v 168.817 53.936 10.805
v 169.275 54.004 11.453
v 169.462 54.197 11.453
v 169.480 54.206 11.453
v 168.425 65.495 11.661
v 168.655 65.486 11.627
v 168.299 65.195 11.206
v 168.427 65.206 11.661
v 168.655 65.194 11.627
v 168.655 53.349 11.627
v 168.425 53.339 11.661
v 168.427 53.628 11.661
v 168.655 53.640 11.627
v 168.299 53.639 11.206
v 168.733 53.404 9.952
v 169.733 53.119 10.402
v 169.761 53.054 9.939
v 170.503 54.779 10.407
v 170.572 54.804 9.939
v 169.980 55.083 10.403
v 169.489 55.445 10.406
v 169.035 55.876 10.406
v 168.648 56.346 10.403
v 169.279 55.672 10.376
v 168.312 56.857 10.408
v 169.294 55.688 9.964
v 170.048 55.107 9.938
v 168.350 56.921 9.933
v 167.023 56.863 10.402
v 166.970 56.916 9.939
v 167.028 55.036 10.406
v 168.003 53.689 10.406
v 167.588 53.921 10.410
v 167.203 54.378 10.411
v 167.059 54.742 10.406
v 168.254 53.544 9.935
v 167.725 53.795 10.387
v 167.285 54.195 10.392
v 167.454 53.939 9.935
v 167.093 54.435 9.935
v 167.013 54.732 9.949
v 168.254 65.290 9.935
v 168.003 65.145 10.406
v 167.984 65.203 9.935
v 167.013 64.102 9.949
v 167.059 64.093 10.406
v 167.093 64.399 9.935
v 167.150 64.374 10.406
v 167.297 64.630 10.406
v 167.454 64.895 9.935
v 167.523 64.866 10.408
v 167.731 65.028 10.403
v 167.028 63.799 10.406
v 167.023 61.971 10.402
v 166.970 61.919 9.939
v 168.312 61.977 10.408
v 168.350 61.913 9.933
v 168.648 62.488 10.403
v 169.035 62.959 10.406
v 169.473 63.409 10.424
v 169.980 63.751 10.403
v 169.279 63.163 10.376
v 169.494 63.383 10.400
v 170.503 64.055 10.407
v 169.733 65.715 10.402
v 169.757 65.772 9.943
v 169.776 65.817 9.917
v 170.572 64.031 9.939
v 169.294 63.146 9.964
v 170.048 63.727 9.938
v 167.808 60.668 10.390
v 167.741 60.304 10.376
v 167.958 61.205 10.403
v 167.686 60.120 10.406
v 167.780 60.675 10.419
v 168.164 61.687 10.405
v 167.959 57.627 10.403
v 167.779 58.152 10.420
v 167.687 58.704 10.406
v 167.808 58.159 10.392
v 167.741 58.531 10.376
v 168.162 57.149 10.405
v 167.023 61.689 10.402
v 167.023 57.145 10.402
v 167.765 58.535 9.964
v 167.737 58.794 9.935
v 167.699 59.417 9.935
v 167.737 60.040 9.935
v 167.765 60.299 9.964
v 166.970 57.093 9.939
v 166.970 61.742 9.939
v 178.333 59.334 10.492
v 178.175 59.356 10.488
v 178.161 59.438 10.488
v 178.357 59.436 10.488
v 173.935 64.422 9.935
v 174.433 64.286 9.938
v 175.721 65.836 9.939
v 171.218 64.286 9.938
v 169.930 65.836 9.939
v 171.218 54.549 9.938
v 169.904 52.987 9.920
v 174.433 54.549 9.938
v 173.935 54.412 9.935
v 175.748 52.987 9.920
v 169.945 53.005 9.949
v 172.370 52.211 9.949
v 172.051 54.336 9.964
v 170.766 54.656 10.407
v 170.003 53.030 10.402
v 172.446 52.243 10.410
v 172.037 54.292 10.403
v 171.374 54.439 10.403
v 172.815 54.234 10.405
v 172.541 52.195 10.384
v 172.825 52.181 10.400
v 172.808 52.213 10.422
v 172.051 64.498 9.964
v 172.825 64.589 10.394
v 172.812 66.644 10.406
v 172.542 66.627 10.400
v 172.403 66.580 10.408
v 171.374 64.395 10.403
v 172.037 64.542 10.403
v 170.762 64.167 10.401
v 169.991 65.809 10.395
v 172.800 64.615 10.420
v 170.778 64.211 10.424
v 170.037 65.789 10.422
v 173.281 52.211 9.949
v 175.706 53.005 9.949
v 174.277 54.439 10.403
v 173.614 54.292 10.403
v 174.885 54.656 10.407
v 173.178 52.241 10.412
v 175.648 53.030 10.402
v 173.109 52.195 10.384
v 173.002 54.202 10.424
v 174.889 64.168 10.401
v 175.661 65.809 10.395
v 173.248 66.580 10.408
v 173.614 64.542 10.403
v 174.277 64.395 10.403
v 173.087 66.623 10.405
v 174.873 64.211 10.424
v 173.002 64.632 10.424
v 175.614 65.789 10.422
v 169.296 54.383 53.985
v 169.296 54.383 10.805
v 168.728 54.001 53.985
v 168.382 53.958 53.985
v 168.382 53.958 10.805
v 167.526 55.592 53.985
v 168.050 56.034 53.985
v 168.050 56.034 10.805
v 168.389 56.114 53.985
v 168.389 56.114 10.805
v 168.734 56.069 10.805
v 169.300 55.682 10.805
v 169.415 55.949 10.805
v 169.415 55.949 53.985
v 178.032 54.350 53.985
v 178.032 54.350 10.805
v 177.218 53.962 53.985
v 177.218 53.962 10.805
v 176.767 54.057 53.985
v 176.209 54.625 53.985
v 176.209 54.625 10.805
v 176.312 55.628 10.805
v 176.467 55.988 10.805
v 177.539 56.056 53.985
v 177.539 56.056 10.805
v 178.089 55.647 53.985
v 178.089 55.647 10.805
v 176.182 55.888 53.985
v 169.296 63.146 10.805
v 169.118 62.798 53.985
v 168.728 62.764 10.805
v 168.382 62.721 53.985
v 167.968 62.743 53.985
v 168.382 62.721 10.805
v 167.968 62.743 10.805
v 167.975 64.858 53.985
v 167.975 64.858 10.805
v 168.389 64.877 53.985
v 168.734 64.832 53.985
v 168.389 64.877 10.805
v 168.734 64.832 10.805
v 169.300 64.445 53.985
v 169.300 64.445 10.805
v 169.409 62.878 10.805
v 169.409 62.878 53.985
v 169.645 63.238 53.985
v 180.451 59.557 29.812
v 180.765 59.569 29.812
v 180.782 59.246 29.812
v 180.463 59.253 29.812
v 180.456 59.246 29.707
v 180.796 59.229 29.708
v 180.809 59.584 29.708
v 180.455 59.585 29.708
v 178.907 58.516 29.685
v 178.866 67.843 29.678
v 180.026 61.189 29.705
v 180.096 67.813 29.685
v 180.059 61.567 29.703
v 180.369 60.960 29.702
v 180.698 61.178 29.704
v 180.729 65.758 29.694
v 180.380 61.707 29.704
v 180.685 61.530 29.704
v 180.391 65.979 29.730
v 180.527 65.761 29.695
v 180.466 66.326 29.723
v 181.638 67.241 29.671
v 181.012 66.085 29.685
v 180.795 66.329 29.721
v 180.126 60.990 29.686
v 180.912 67.838 29.708
v 181.581 58.516 29.685
v 180.864 65.964 29.734
v 180.977 67.784 29.686
v 180.007 57.616 29.704
v 180.059 57.267 29.703
v 180.136 57.823 29.702
v 178.876 51.015 29.667
v 180.096 51.021 29.685
v 180.475 52.497 29.720
v 180.373 52.816 29.731
v 180.732 53.050 29.711
v 180.521 53.048 29.710
v 180.380 57.127 29.704
v 180.380 57.871 29.704
v 180.627 57.814 29.687
v 180.666 57.267 29.704
v 180.710 57.604 29.705
v 181.012 52.750 29.685
v 180.892 52.823 29.733
v 181.642 51.595 29.667
v 180.784 52.494 29.722
v 180.936 51.020 29.695
v 180.096 58.516 29.685
v 180.898 50.982 29.717
v 181.018 51.041 29.710
v 181.030 67.803 29.729
v 181.014 67.785 29.696
v 180.535 61.005 29.725
v 180.841 65.966 29.960
v 180.780 66.319 29.980
v 180.476 66.314 29.982
v 180.411 65.981 29.967
v 180.865 52.830 29.958
v 180.718 53.043 30.016
v 180.397 52.821 29.964
v 180.528 53.044 30.026
v 180.486 52.509 29.984
v 180.769 52.505 29.980
v 181.012 52.750 30.066
v 181.012 66.085 30.066
v 180.527 65.761 30.056
v 180.729 65.758 30.057
v 180.703 57.575 29.812
v 180.673 57.311 29.812
v 180.416 57.160 29.812
v 180.075 57.283 29.812
v 180.021 57.593 29.812
v 180.153 57.804 29.812
v 180.379 57.850 29.812
v 180.479 57.640 29.812
v 180.699 61.221 29.812
v 180.497 61.133 29.812
v 180.341 60.978 29.812
v 180.040 61.211 29.812
v 180.075 61.551 29.812
v 180.416 61.674 29.812
v 180.689 61.487 29.812
v 181.690 67.219 29.073
v 181.690 51.615 29.074
v 182.289 52.111 29.074
v 182.297 66.704 29.073
v 182.336 66.588 29.069
v 182.337 52.235 29.073
v 182.292 66.693 29.868
v 181.029 67.799 29.863
v 182.330 66.575 29.863
v 180.817 67.478 30.066
v 181.948 66.516 30.066
v 180.936 67.844 29.866
v 182.328 52.240 29.864
v 181.029 51.035 29.863
v 182.289 52.131 29.869
v 181.948 52.318 30.066
v 180.935 51.126 29.932
v 180.907 50.981 29.866
v 178.859 50.978 29.684
v 178.808 67.857 29.073
v 178.808 50.977 29.073
v 178.787 64.610 29.050
v 178.787 65.093 29.050
v 178.787 63.572 29.050
v 178.787 60.356 29.050
v 178.787 59.417 29.050
v 178.787 67.091 29.050
v 178.787 54.225 29.050
v 178.787 56.465 29.050
v 178.787 52.508 29.050
v 178.787 51.743 29.050
v 178.787 51.156 29.050
v 177.743 50.972 29.078
v 177.807 50.975 29.863
v 177.860 51.357 30.066
v 177.745 50.985 29.868
v 177.652 51.031 29.064
v 177.651 51.029 29.865
v 175.334 53.336 29.074
v 177.362 51.348 29.050
v 176.968 51.743 29.050
v 177.335 51.670 29.050
v 176.203 52.508 29.050
v 176.779 51.932 29.050
v 176.063 52.871 29.050
v 175.345 53.339 29.866
v 175.292 53.451 29.070
v 175.314 53.653 29.972
v 175.373 53.812 30.054
v 175.407 53.806 30.065
v 175.425 53.792 30.066
v 175.343 54.848 29.997
v 175.588 54.908 30.034
v 175.316 54.865 29.072
v 175.319 54.225 29.050
v 175.561 55.020 29.080
v 175.545 55.002 29.955
v 175.608 54.975 29.057
v 175.827 54.847 29.978
v 175.841 54.868 29.073
v 175.795 54.518 30.066
v 175.941 54.403 30.016
v 176.162 54.014 30.053
v 176.381 53.789 30.066
v 176.831 53.667 30.019
v 177.276 53.610 30.019
v 177.574 53.656 30.019
v 177.865 53.743 30.046
v 178.039 53.897 30.005
v 178.320 54.141 30.019
v 178.483 54.395 30.019
v 178.652 54.869 30.052
v 178.648 55.280 30.053
v 178.604 55.593 30.066
v 178.343 55.912 30.031
v 177.962 56.247 30.019
v 177.603 56.414 30.031
v 177.102 56.475 30.020
v 178.175 56.036 29.986
v 178.524 55.561 30.013
v 178.573 55.268 29.975
v 178.570 54.781 29.985
v 176.352 53.937 29.994
v 177.137 56.408 29.071
v 177.671 56.322 29.071
v 178.025 56.435 29.065
v 178.070 56.081 29.075
v 178.473 56.088 29.061
v 178.423 55.635 29.075
v 178.555 55.265 29.071
v 178.605 54.975 29.050
v 178.549 54.827 29.072
v 178.421 54.404 29.069
v 178.428 53.987 29.070
v 177.961 53.907 29.073
v 177.932 53.515 29.066
v 177.602 53.602 29.063
v 177.284 53.666 29.067
v 176.840 53.710 29.069
v 176.340 53.988 29.071
v 175.988 54.416 29.068
v 177.807 67.859 29.863
v 177.720 67.847 29.074
v 177.860 67.478 30.066
v 177.713 67.837 29.868
v 177.632 67.789 29.863
v 177.640 67.788 29.055
v 175.322 65.472 29.073
v 176.779 66.902 29.050
v 176.968 67.091 29.050
v 176.113 65.892 29.051
v 177.335 67.459 29.050
v 175.332 65.470 29.870
v 175.289 65.351 29.070
v 175.339 65.114 30.007
v 175.417 65.036 30.066
v 175.318 63.964 29.074
v 175.342 63.998 30.001
v 175.319 64.610 29.050
v 175.591 63.922 30.030
v 175.589 63.835 29.069
v 175.841 63.967 29.073
v 175.827 63.990 29.981
v 177.603 62.420 30.031
v 177.980 62.559 30.053
v 178.330 62.859 30.059
v 178.604 63.241 30.066
v 178.648 63.554 30.053
v 178.652 63.965 30.052
v 178.483 64.440 30.019
v 178.320 64.693 30.019
v 178.107 64.906 30.019
v 177.855 65.071 30.019
v 177.574 65.178 30.019
v 177.276 65.224 30.019
v 176.831 65.167 30.019
v 176.387 65.036 30.063
v 176.124 64.784 30.056
v 175.795 64.317 30.066
v 175.942 64.421 30.013
v 176.347 64.886 29.988
v 178.570 64.053 29.985
v 178.573 63.567 29.975
v 178.462 63.177 30.003
v 178.070 62.720 29.981
v 177.099 62.355 30.021
v 177.021 62.159 30.065
v 177.171 61.733 30.011
v 177.171 57.101 30.011
v 177.020 56.660 30.065
v 177.452 61.121 30.038
v 177.622 60.449 30.019
v 177.715 59.763 30.019
v 177.715 59.071 30.019
v 177.622 58.385 30.019
v 177.452 57.713 30.038
v 176.937 62.138 30.001
v 177.392 61.101 29.952
v 177.495 60.723 29.944
v 177.652 59.857 29.944
v 177.652 58.977 29.944
v 177.495 58.112 29.944
v 177.392 57.734 29.952
v 176.935 56.683 30.000
v 176.946 62.293 29.989
v 176.900 62.120 29.074
v 176.923 62.316 29.074
v 177.138 62.430 29.072
v 176.952 56.519 29.984
v 176.927 56.507 29.076
v 176.899 56.698 29.072
v 177.367 57.701 29.071
v 177.467 58.119 29.103
v 177.563 58.397 29.071
v 177.623 58.980 29.103
v 177.655 59.075 29.071
v 177.658 59.728 29.069
v 177.623 59.854 29.103
v 177.567 60.430 29.069
v 177.467 60.715 29.103
v 177.367 61.133 29.071
v 177.119 61.709 29.074
v 177.119 57.125 29.074
v 177.545 61.170 29.063
v 177.605 57.504 29.068
v 175.986 64.399 29.070
v 175.937 64.875 29.067
v 176.340 64.846 29.071
v 176.836 65.110 29.069
v 177.284 65.168 29.067
v 177.572 65.118 29.069
v 177.916 65.272 29.067
v 178.028 64.883 29.075
v 178.426 64.841 29.070
v 178.429 64.413 29.071
v 178.549 64.008 29.072
v 178.605 63.859 29.050
v 178.558 63.570 29.069
v 178.410 63.164 29.071
v 178.044 62.727 29.071
v 177.671 62.512 29.071
v 177.222 53.673 29.622
v 177.206 65.161 29.622
v 175.922 53.911 29.070
v 175.738 54.162 29.069
v 177.225 51.978 29.071
v 178.081 52.508 29.050
v 178.475 51.695 29.073
v 175.665 65.287 29.068
v 175.708 64.638 29.076
v 178.344 65.087 29.068
v 177.344 67.074 29.050
v 177.856 67.488 29.069
v 177.413 67.091 29.050
v 178.362 67.485 29.073
v 178.475 67.139 29.073
v 177.413 51.743 29.050
v 177.855 51.345 29.068
v 178.362 51.349 29.073
v 177.207 52.508 29.050
v 176.714 52.443 29.050
v 175.665 53.535 29.068
v 176.139 53.067 29.073
v 175.670 54.285 29.070
v 176.149 53.692 29.072
v 176.486 53.490 29.067
v 176.326 52.879 29.073
v 176.837 53.367 29.069
v 177.213 53.332 29.066
v 178.333 53.749 29.072
v 177.594 53.367 29.072
v 178.526 52.508 29.050
v 178.391 56.295 29.076
v 177.609 65.457 29.068
v 177.215 65.502 29.066
v 176.831 65.462 29.067
v 177.225 66.856 29.071
v 176.779 66.457 29.050
v 176.463 65.329 29.063
v 176.326 65.955 29.073
v 176.148 65.138 29.070
v 175.658 64.499 29.060
v 176.134 65.757 29.077
v 177.961 58.698 29.069
v 177.834 58.051 29.069
v 178.006 59.309 29.067
v 177.367 56.855 29.052
v 178.495 57.832 29.069
v 178.492 57.545 29.073
v 178.493 59.306 29.070
v 177.539 56.740 29.070
v 178.493 62.670 29.070
v 178.319 62.500 29.069
v 177.523 62.056 29.070
v 177.367 61.979 29.052
v 178.036 62.304 29.074
v 178.497 61.214 29.067
v 178.526 60.356 29.050
v 177.834 60.783 29.069
v 177.917 60.333 29.075
v 177.961 60.137 29.069
v 178.006 59.525 29.067
v 178.492 59.529 29.071
v 176.145 53.112 29.685
v 176.335 53.519 29.685
v 176.082 53.696 29.685
v 175.848 53.934 29.685
v 175.705 54.139 29.685
v 175.705 53.552 29.685
v 176.717 53.360 29.685
v 177.207 53.293 29.685
v 176.370 52.887 29.685
v 177.207 52.050 29.685
v 178.312 51.385 29.685
v 177.636 53.339 29.685
v 177.872 51.385 29.685
v 177.918 53.437 29.685
v 178.217 53.607 29.685
v 178.455 53.809 29.685
v 178.455 51.883 29.685
v 177.876 62.182 29.685
v 178.332 62.469 29.685
v 177.561 62.086 29.685
v 178.455 61.366 29.685
v 176.145 65.723 29.685
v 175.705 65.283 29.685
v 176.082 65.138 29.685
v 175.848 64.901 29.685
v 176.335 65.315 29.685
v 175.705 64.696 29.685
v 176.593 65.411 29.084
v 177.207 65.542 29.685
v 177.207 66.784 29.685
v 176.370 65.947 29.685
v 176.717 65.474 29.685
v 178.336 65.126 29.685
v 177.918 65.397 29.685
v 178.455 66.951 29.685
v 177.636 65.495 29.685
v 178.312 67.449 29.685
v 177.872 67.449 29.685
v 177.865 56.625 29.099
v 178.332 56.366 29.685
v 178.455 57.468 29.685
v 177.876 56.652 29.685
v 177.561 56.749 29.685
v 177.947 58.523 29.099
v 177.476 57.032 29.086
v 177.974 58.519 29.685
v 177.790 57.754 29.685
v 177.543 57.117 29.685
v 178.046 59.268 29.685
v 178.455 59.268 29.685
v 178.455 57.852 29.685
v 177.564 61.589 29.081
v 178.481 60.995 29.081
v 178.046 59.566 29.685
v 178.455 59.566 29.685
v 177.974 60.316 29.685
v 177.790 61.080 29.685
v 177.543 61.718 29.685
v 178.455 60.983 29.685
v 178.059 63.146 10.805
v 177.603 62.794 53.985
v 177.603 62.794 10.805
v 176.475 62.795 53.985
v 176.475 62.795 10.805
v 176.286 63.248 10.805
v 176.814 64.797 53.985
v 176.814 64.797 10.805
v 177.269 64.870 53.985
v 177.269 64.870 10.805
v 177.610 64.800 53.985
v 177.610 64.800 10.805
v 178.064 64.445 53.985
v 178.064 64.445 10.805
v 175.995 63.243 53.985
v 176.143 62.995 53.985
v -168.653 -63.713 52.735
v -168.373 -63.627 52.732
v -168.372 -63.972 52.732
v -168.646 -63.908 52.736
v -168.194 -63.778 52.755
v -168.195 -63.826 52.753
v -168.697 -63.951 53.764
v -168.388 -64.074 53.761
v -168.161 -63.907 53.765
v -168.156 -63.712 53.766
v -168.388 -63.523 53.761
v -168.700 -63.657 53.763
v -168.055 -63.640 53.937
v -168.132 -63.339 53.985
v -168.394 -63.328 53.968
v -168.675 -63.341 53.978
v -168.805 -63.600 53.931
v -168.805 -63.997 53.931
v -168.675 -64.256 53.978
v -168.399 -64.282 53.972
v -168.132 -64.258 53.985
v -168.068 -64.003 53.938
v -168.392 -63.466 53.885
v -168.390 -64.139 53.892
v -167.590 -62.779 53.969
v -169.260 -64.867 53.970
v -169.538 -64.518 53.977
v -169.523 -64.626 53.966
v -167.435 -63.022 53.984
v -168.506 -62.332 54.019
v -168.002 -62.495 53.965
v -169.721 -63.943 53.985
v -167.437 -64.548 53.968
v -168.775 -65.130 53.966
v -167.216 -64.396 53.967
v -167.636 -64.862 53.966
v -167.243 -63.186 53.970
v -167.234 -62.885 53.935
v -168.702 -62.700 53.995
v -170.018 -63.983 53.905
v -169.612 -63.520 54.041
v -168.307 -65.164 53.966
v -167.124 -63.950 53.970
v -169.187 -63.096 54.046
v -167.102 -63.648 53.967
v -167.991 -65.091 53.966
v -167.496 -62.761 51.461
v -169.542 -64.721 51.460
v -169.356 -64.906 51.462
v -167.658 -62.461 53.934
v -167.295 -62.867 51.461
v -167.346 -64.638 53.964
v -167.492 -64.831 51.455
v -167.249 -64.752 51.455
v -167.052 -63.141 51.456
v -166.923 -63.662 51.456
v -166.917 -64.049 51.456
v -167.069 -64.396 51.459
v -167.969 -65.249 51.456
v -168.371 -65.341 51.455
v -168.809 -65.302 51.456
v -169.167 -65.146 51.456
v -167.595 -65.095 51.457
v -169.142 -65.120 53.930
v -168.735 -65.133 54.366
v -168.254 -65.133 54.366
v -168.041 -62.328 51.456
v -167.626 -62.470 51.456
v -168.413 -62.251 51.480
v -168.504 -62.091 54.315
v -168.569 -62.187 54.183
v -169.709 -64.585 51.459
v -169.867 -64.407 51.456
v -169.998 -63.859 51.460
v -169.936 -63.702 54.038
v -166.907 -63.344 51.456
v -166.938 -64.348 51.456
v -169.481 -65.022 51.455
v -168.402 -62.193 51.479
v -168.519 -65.405 51.463
v -169.802 -64.653 51.470
v -168.349 -62.111 53.311
v -168.492 -62.158 52.814
v -168.477 -62.173 52.424
v -168.487 -62.205 52.303
v -168.469 -62.217 51.987
v -169.692 -63.404 54.231
v -169.342 -63.122 54.335
v -169.162 -62.910 54.272
v -168.838 -62.551 54.231
v -169.930 -63.592 54.307
v -168.805 -62.555 54.078
v -170.038 -63.777 51.998
v -170.016 -63.792 51.688
v -170.064 -63.764 52.384
v -170.089 -63.752 52.844
v -170.128 -63.764 53.272
v -170.087 -63.804 52.327
v -170.066 -63.805 51.897
v -168.450 -62.183 51.972
v -170.303 -63.968 53.468
v -170.134 -63.950 53.331
v -170.204 -63.830 53.398
v -170.181 -63.778 53.421
v -170.204 -63.793 53.430
v -170.146 -64.031 53.541
v -170.837 -64.320 53.494
v -171.544 -64.463 53.499
v -172.197 -64.494 53.496
v -172.826 -64.533 53.496
v -173.464 -64.490 53.499
v -174.064 -64.530 53.493
v -174.814 -64.320 53.494
v -175.324 -63.973 53.478
v -170.948 -64.163 53.504
v -172.584 -64.498 53.526
v -174.422 -64.447 53.499
v -174.670 -64.181 53.501
v -175.517 -63.950 53.333
v -175.489 -64.015 53.516
v -175.525 -63.762 53.262
v -175.451 -63.790 53.430
v -175.586 -63.763 52.412
v -175.613 -63.776 51.998
v -175.634 -63.792 51.687
v -175.655 -63.859 51.460
v -175.566 -63.751 52.814
v -175.564 -63.807 52.327
v -175.581 -63.816 51.897
v -168.277 -62.018 53.469
v -168.170 -62.015 53.578
v -168.276 -56.808 53.467
v -167.975 -57.541 53.497
v -167.864 -58.170 53.496
v -167.598 -58.775 53.496
v -167.619 -59.417 53.496
v -167.599 -60.058 53.496
v -167.864 -60.665 53.496
v -167.975 -61.293 53.497
v -168.331 -57.005 53.510
v -167.831 -58.454 53.526
v -167.831 -60.380 53.526
v -168.348 -56.724 53.314
v -168.164 -56.816 53.588
v -168.477 -56.656 52.378
v -168.490 -56.680 52.844
v -168.408 -56.562 51.468
v -168.463 -56.633 51.994
v -168.413 -56.626 51.492
v -168.407 -65.230 52.878
v -168.655 -65.218 52.902
v -168.389 -65.458 52.879
v -168.655 -65.448 52.902
v -175.726 -63.593 54.323
v -175.708 -63.699 54.042
v -175.752 -64.471 51.456
v -176.091 -64.715 51.460
v -176.170 -65.022 51.455
v -176.411 -65.124 51.456
v -176.772 -65.264 51.456
v -177.132 -65.405 51.463
v -177.626 -65.281 51.456
v -178.048 -65.098 51.456
v -178.216 -65.046 51.470
v -178.363 -64.732 51.455
v -178.690 -64.359 51.458
v -178.734 -64.049 51.456
v -178.728 -63.662 51.456
v -178.678 -63.210 51.456
v -178.312 -62.888 51.461
v -178.025 -62.470 51.456
v -177.605 -62.324 51.457
v -177.250 -62.193 51.477
v -177.237 -62.251 51.480
v -177.183 -65.316 51.455
v -175.872 -64.451 51.458
v -175.846 -63.878 53.968
v -175.934 -63.622 54.021
v -177.292 -62.109 53.308
v -177.176 -62.172 52.402
v -177.161 -62.154 52.844
v -177.182 -62.217 51.987
v -177.166 -62.206 52.269
v -177.195 -62.184 52.002
v -177.135 -62.332 54.020
v -177.082 -62.187 54.183
v -177.151 -62.088 54.313
v -176.810 -62.550 54.258
v -176.309 -63.122 54.335
v -176.140 -63.242 54.272
v -175.960 -63.404 54.231
v -176.450 -63.116 54.046
v -177.178 -62.721 53.985
v -176.842 -62.561 54.096
v -176.890 -62.715 53.996
v -176.093 -64.503 53.976
v -176.123 -64.628 53.966
v -178.122 -62.688 51.461
v -178.025 -62.733 53.970
v -177.994 -62.461 53.935
v -177.542 -62.469 53.965
v -178.312 -62.954 53.958
v -178.161 -63.040 53.985
v -178.326 -63.109 53.976
v -176.383 -64.854 53.970
v -176.223 -64.559 53.984
v -176.299 -64.897 51.461
v -178.130 -64.895 51.455
v -176.871 -65.132 53.965
v -177.322 -65.163 53.967
v -176.509 -65.120 53.929
v -176.917 -65.133 54.366
v -177.398 -65.133 54.366
v -177.579 -65.111 53.970
v -178.013 -64.861 53.967
v -177.810 -65.047 53.962
v -178.353 -64.463 53.967
v -178.572 -64.395 51.458
v -178.525 -63.966 53.968
v -178.527 -63.652 53.968
v -178.575 -63.207 51.458
v -178.307 -64.639 53.963
v -176.920 -64.253 53.983
v -177.475 -63.333 53.983
v -177.574 -63.603 53.934
v -176.850 -64.016 53.933
v -177.219 -63.325 53.968
v -176.829 -63.633 53.932
v -177.215 -64.278 53.971
v -176.939 -63.358 53.978
v -177.475 -64.265 53.983
v -177.574 -63.994 53.934
v -176.928 -63.693 53.763
v -177.192 -63.517 53.764
v -177.476 -63.674 53.761
v -177.473 -63.933 53.763
v -177.192 -64.080 53.764
v -176.934 -63.925 53.761
v -177.197 -63.461 53.884
v -177.202 -64.140 53.887
v -177.430 -63.739 52.737
v -177.426 -63.885 52.738
v -177.194 -63.987 52.731
v -176.979 -63.867 52.740
v -176.977 -63.734 52.741
v -177.194 -63.612 52.731
v -177.293 -61.942 53.460
v -177.672 -61.321 53.496
v -177.928 -60.747 53.496
v -178.081 -60.119 53.497
v -178.033 -59.417 53.496
v -178.050 -58.776 53.496
v -177.936 -58.116 53.495
v -177.683 -57.542 53.496
v -177.291 -56.883 53.456
v -177.324 -57.015 53.512
v -177.351 -61.750 53.526
v -177.771 -60.686 53.504
v -177.771 -58.148 53.504
v -177.451 -62.047 53.521
v -177.287 -56.725 53.303
v -177.453 -56.784 53.519
v -177.173 -56.657 52.411
v -177.192 -56.635 51.979
v -177.240 -56.565 51.470
v -177.159 -56.677 52.814
v -177.237 -56.627 51.492
v -177.200 -65.229 52.875
v -176.974 -65.213 52.930
v -177.214 -65.456 52.876
v -176.974 -65.447 52.930
v -177.157 -56.755 54.323
v -177.078 -56.626 54.152
v -177.140 -56.494 54.011
v -177.545 -56.609 51.465
v -177.616 -56.491 51.455
v -178.079 -56.277 51.461
v -178.314 -55.946 51.461
v -178.678 -55.625 51.456
v -178.728 -55.173 51.456
v -178.735 -54.777 51.457
v -178.684 -54.462 51.457
v -178.355 -54.093 51.455
v -178.216 -53.788 51.470
v -178.050 -53.725 51.455
v -177.626 -53.553 51.456
v -177.168 -53.493 51.457
v -176.772 -53.570 51.456
v -176.417 -53.694 51.455
v -176.104 -54.118 51.461
v -175.752 -54.363 51.456
v -175.667 -54.938 51.454
v -175.642 -55.020 51.499
v -175.518 -55.066 53.282
v -175.587 -55.068 52.378
v -175.562 -55.082 52.844
v -175.611 -55.056 51.991
v -175.710 -55.136 54.042
v -175.714 -55.234 54.313
v -175.439 -55.023 53.421
v -175.492 -54.809 53.525
v -175.320 -54.854 53.480
v -175.393 -55.006 53.463
v -175.519 -54.878 53.330
v -174.673 -54.647 53.496
v -174.044 -54.288 53.496
v -173.464 -54.344 53.499
v -172.826 -54.301 53.496
v -172.197 -54.340 53.496
v -171.544 -54.371 53.499
v -170.952 -54.661 53.499
v -170.307 -54.856 53.470
v -174.490 -54.609 53.526
v -172.584 -54.336 53.526
v -170.204 -55.005 53.398
v -170.220 -55.020 53.429
v -170.132 -55.067 53.273
v -170.169 -55.063 53.407
v -170.131 -54.877 53.330
v -170.066 -55.070 52.410
v -170.044 -55.050 51.979
v -170.009 -55.020 51.500
v -170.085 -55.083 52.814
v -169.991 -54.937 51.454
v -175.878 -54.368 51.456
v -175.868 -55.074 53.981
v -175.849 -54.891 53.961
v -176.080 -55.538 54.258
v -176.412 -55.831 54.231
v -176.779 -56.237 54.311
v -177.103 -56.121 53.985
v -176.468 -55.688 54.003
v -175.985 -55.497 54.109
v -176.443 -55.885 54.082
v -176.830 -56.261 54.070
v -176.909 -56.106 53.990
v -178.122 -56.137 51.460
v -178.028 -56.096 53.970
v -177.951 -56.324 53.942
v -177.547 -56.363 53.965
v -176.120 -54.239 53.970
v -167.927 -58.045 54.346
v -168.128 -57.536 54.314
v -167.860 -58.460 54.314
v -167.803 -58.727 54.324
v -167.738 -59.417 54.346
v -167.860 -60.374 54.314
v -167.803 -60.107 54.324
v -168.128 -61.298 54.314
v -167.927 -60.790 54.346
v -168.159 -61.444 54.346
v -168.879 -62.628 54.346
v -170.724 -64.018 54.314
v -170.485 -63.934 54.346
v -171.775 -64.392 54.343
v -171.128 -64.194 54.324
v -172.489 -64.491 54.343
v -173.173 -64.493 54.346
v -173.545 -64.422 54.314
v -173.861 -64.398 54.346
v -174.525 -64.217 54.351
v -175.354 -63.798 54.314
v -175.166 -63.934 54.346
v -174.523 -64.194 54.324
v -176.772 -62.628 54.346
v -177.320 -61.734 54.314
v -177.492 -61.444 54.346
v -177.720 -60.795 54.343
v -177.865 -60.089 54.343
v -177.913 -59.417 54.346
v -177.865 -58.746 54.343
v -177.720 -58.039 54.343
v -177.320 -57.100 54.314
v -177.492 -57.390 54.346
v -176.298 -55.699 54.346
v -175.354 -55.037 54.314
v -175.166 -54.900 54.346
v -174.523 -54.627 54.340
v -173.545 -54.412 54.314
v -173.861 -54.436 54.346
v -172.489 -54.343 54.343
v -173.173 -54.341 54.346
v -171.775 -54.442 54.343
v -171.123 -54.627 54.344
v -170.724 -54.817 54.314
v -169.919 -55.249 54.315
v -170.485 -54.900 54.346
v -169.353 -55.699 54.346
v -169.692 -55.430 54.231
v -169.188 -55.893 54.258
v -168.881 -56.223 54.322
v -168.509 -56.737 54.307
v -168.159 -57.390 54.346
v -167.777 -58.723 54.357
v -168.862 -56.193 54.365
v -171.111 -54.593 54.366
v -174.540 -54.593 54.366
v -176.789 -56.193 54.365
v -171.119 -64.219 54.357
v -167.777 -60.111 54.357
v -176.085 -54.160 53.954
v -176.221 -54.240 53.976
v -176.393 -53.965 53.969
v -176.299 -53.936 51.461
v -178.303 -55.873 53.960
v -178.123 -53.930 51.456
v -177.321 -53.673 53.968
v -176.805 -53.602 53.915
v -176.917 -53.701 54.366
v -177.398 -53.701 54.366
v -177.548 -53.704 53.966
v -177.732 -53.942 53.985
v -177.811 -53.784 53.958
v -178.011 -53.964 53.966
v -178.330 -54.322 53.967
v -178.465 -55.575 53.965
v -178.575 -55.627 51.458
v -178.529 -55.170 53.968
v -178.517 -54.797 53.972
v -178.520 -54.346 51.458
v -178.308 -54.181 53.953
v -176.850 -54.810 53.935
v -177.577 -55.216 53.931
v -177.214 -54.536 53.977
v -176.958 -54.566 53.982
v -176.827 -55.194 53.931
v -176.927 -55.465 53.978
v -177.220 -55.497 53.964
v -177.571 -54.832 53.935
v -177.467 -54.545 53.985
v -177.500 -55.467 53.979
v -176.926 -55.130 53.761
v -176.937 -54.899 53.763
v -177.192 -54.754 53.764
v -177.464 -54.881 53.761
v -177.481 -55.139 53.763
v -177.192 -55.317 53.764
v -177.204 -54.681 53.898
v -177.192 -55.366 53.876
v -177.430 -55.095 52.737
v -177.192 -55.219 52.731
v -176.975 -55.075 52.740
v -176.984 -54.938 52.743
v -177.197 -54.845 52.731
v -177.426 -54.949 52.738
v -177.200 -53.606 52.875
v -176.974 -53.621 52.930
v -177.214 -53.378 52.876
v -176.974 -53.388 52.930
v -169.924 -55.117 54.032
v -170.094 -54.787 53.879
v -168.035 -56.491 51.455
v -167.571 -56.275 51.460
v -167.296 -55.968 51.461
v -167.052 -55.693 51.456
v -166.907 -55.490 51.456
v -166.923 -55.173 51.456
v -166.916 -54.777 51.457
v -166.943 -54.471 51.455
v -167.253 -54.066 51.455
v -167.591 -53.728 51.456
v -167.969 -53.585 51.456
v -168.401 -53.480 51.456
v -168.809 -53.533 51.456
v -169.155 -53.675 51.455
v -169.538 -54.106 51.460
v -169.867 -54.427 51.456
v -169.802 -54.181 51.470
v -167.115 -54.361 51.459
v -168.077 -56.605 51.464
v -169.711 -54.246 51.456
v -168.496 -56.488 54.008
v -168.573 -56.626 54.148
v -169.645 -55.218 54.005
v -169.172 -55.704 54.003
v -168.696 -56.118 53.989
v -168.799 -56.268 54.070
v -169.184 -55.902 54.082
v -169.667 -55.505 54.078
v -169.520 -54.239 53.971
v -169.687 -54.796 53.985
v -167.494 -56.063 51.460
v -167.576 -56.035 53.971
v -167.700 -56.324 53.943
v -167.988 -56.329 53.967
v -167.246 -55.938 53.936
v -169.549 -54.177 53.955
v -169.257 -53.963 53.969
v -169.355 -53.925 51.462
v -167.263 -54.352 53.968
v -167.117 -54.797 53.971
v -167.122 -55.166 53.970
v -167.186 -55.580 53.964
v -167.343 -54.181 53.953
v -167.499 -53.995 51.456
v -167.453 -54.283 53.968
v -167.633 -53.967 53.965
v -168.404 -54.538 53.977
v -168.680 -54.553 53.983
v -168.127 -55.470 53.983
v -168.069 -54.822 53.940
v -168.796 -54.823 53.933
v -168.807 -55.220 53.928
v -168.704 -55.470 53.977
v -167.911 -53.896 53.985
v -168.182 -54.542 53.985
v -168.052 -55.186 53.935
v -168.404 -55.494 53.964
v -168.838 -53.608 53.919
v -168.306 -53.670 53.966
v -168.015 -53.731 53.963
v -168.735 -53.701 54.366
v -168.254 -53.701 54.366
v -168.155 -55.112 53.764
v -168.164 -54.916 53.768
v -168.388 -54.760 53.761
v -168.687 -54.864 53.763
v -168.706 -55.157 53.764
v -168.388 -55.311 53.761
v -168.388 -54.687 53.898
v -168.381 -55.360 53.877
v -168.653 -55.121 52.735
v -168.364 -55.196 52.731
v -168.194 -55.036 52.754
v -168.382 -54.852 52.733
v -168.646 -54.926 52.736
v -168.407 -53.604 52.878
v -168.655 -53.617 52.902
v -168.389 -53.376 52.879
v -168.655 -53.386 52.902
v -174.820 -54.509 53.495
v -175.464 -54.745 53.882
v -175.337 -54.686 53.961
v -174.852 -54.468 53.966
v -175.539 -52.915 53.495
v -175.654 -54.382 53.754
v -175.780 -54.138 53.740
v -175.953 -53.901 53.752
v -176.454 -53.528 53.749
v -176.181 -53.687 53.757
v -176.736 -53.411 53.604
v -176.665 -53.359 53.861
v -176.487 -53.299 53.954
v -176.104 -53.585 53.929
v -175.751 -53.768 53.984
v -175.619 -54.142 53.929
v -175.186 -54.472 53.985
v -176.457 -53.466 53.872
v -175.512 -54.496 53.907
v -175.593 -53.011 53.984
v -175.575 -52.973 53.960
v -176.798 -53.350 53.538
v -176.917 -53.156 54.345
v -173.189 -51.954 54.345
v -173.239 -52.058 53.498
v -172.299 -51.991 54.346
v -172.334 -52.099 53.496
v -172.790 -52.048 53.494
v -172.683 -51.920 54.348
v -168.854 -53.350 53.536
v -168.734 -53.156 54.345
v -168.917 -53.412 53.610
v -170.100 -52.921 53.497
v -168.969 -53.361 53.845
v -169.135 -53.309 53.942
v -170.076 -52.973 53.960
v -170.831 -54.509 53.495
v -170.807 -54.463 53.968
v -170.059 -53.011 53.984
v -169.986 -54.073 53.935
v -170.261 -54.457 53.980
v -169.899 -53.768 53.984
v -169.546 -53.586 53.928
v -170.280 -54.702 53.946
v -169.197 -53.528 53.749
v -169.470 -53.687 53.757
v -169.698 -53.901 53.752
v -169.871 -54.138 53.740
v -169.997 -54.382 53.754
v -170.146 -54.803 53.539
v -170.119 -54.502 53.890
v -169.202 -53.450 53.890
v -177.711 -61.504 53.526
v -178.076 -60.204 53.507
v -177.416 -62.124 53.377
v -177.994 -60.799 53.964
v -178.119 -60.213 53.964
v -177.723 -61.509 53.936
v -177.798 -61.348 53.946
v -177.528 -62.002 53.916
v -177.780 -62.207 53.740
v -178.106 -62.363 53.752
v -178.392 -62.589 53.752
v -178.593 -62.827 53.670
v -178.639 -62.526 53.968
v -178.636 -62.729 53.881
v -178.484 -62.499 53.929
v -178.230 -62.161 53.984
v -177.836 -62.023 53.972
v -177.823 -61.358 53.977
v -178.139 -60.109 53.952
v -178.672 -60.131 53.497
v -178.647 -60.216 53.965
v -178.636 -60.121 53.952
v -178.698 -60.210 53.502
v -178.665 -62.870 53.546
v -178.818 -63.269 53.463
v -178.875 -63.540 53.490
v -178.877 -55.267 53.492
v -178.835 -55.526 53.467
v -178.901 -63.799 54.346
v -178.901 -55.036 54.346
v -178.666 -55.963 53.542
v -177.734 -53.426 54.346
v -178.049 -53.565 54.343
v -178.338 -53.768 54.340
v -178.551 -54.013 54.345
v -178.752 -54.340 54.343
v -178.868 -54.701 54.340
v -177.397 -53.314 54.345
v -177.667 -53.416 53.516
v -177.367 -53.340 53.483
v -177.491 -53.373 53.489
v -178.869 -64.123 54.343
v -178.762 -64.471 54.340
v -178.574 -64.800 54.343
v -178.336 -65.062 54.343
v -177.737 -65.419 54.337
v -178.049 -65.269 54.343
v -177.727 -65.388 54.365
v -177.397 -65.520 54.345
v -177.548 -65.448 53.498
v -177.368 -65.494 53.483
v -178.593 -56.008 53.673
v -178.701 -58.768 53.497
v -178.637 -56.093 53.874
v -178.638 -56.293 53.964
v -178.652 -58.782 53.965
v -177.715 -57.344 53.526
v -178.137 -58.776 53.967
v -177.907 -56.771 53.971
v -177.821 -57.497 53.967
v -178.003 -58.069 53.964
v -177.529 -56.833 53.917
v -178.229 -56.672 53.984
v -178.498 -56.319 53.931
v -177.418 -56.709 53.378
v -178.106 -56.471 53.752
v -178.392 -56.245 53.752
v -177.728 -57.338 53.936
v -170.284 -64.133 53.946
v -170.806 -64.371 53.967
v -170.100 -65.913 53.497
v -170.048 -64.335 53.752
v -169.904 -64.652 53.752
v -169.698 -64.933 53.752
v -169.198 -65.306 53.749
v -169.470 -65.147 53.757
v -168.862 -65.476 53.547
v -168.968 -65.465 53.840
v -169.135 -65.524 53.943
v -169.547 -65.249 53.929
v -169.883 -65.052 53.980
v -170.004 -64.729 53.931
v -170.262 -64.378 53.980
v -170.119 -64.332 53.891
v -170.072 -65.851 53.966
v -168.734 -65.678 54.345
v -172.299 -66.843 54.346
v -172.334 -66.735 53.496
v -173.189 -66.880 54.345
v -173.239 -66.777 53.498
v -172.790 -66.786 53.494
v -172.683 -66.914 54.348
v -176.788 -65.476 53.546
v -176.917 -65.678 54.345
v -175.539 -65.920 53.495
v -176.667 -65.470 53.856
v -176.487 -65.535 53.954
v -175.579 -65.852 53.965
v -174.836 -64.373 53.967
v -175.186 -64.362 53.985
v -175.620 -64.692 53.928
v -176.067 -65.220 53.934
v -175.752 -65.066 53.984
v -175.337 -64.148 53.962
v -175.603 -64.335 53.752
v -175.747 -64.652 53.752
v -175.953 -64.933 53.752
v -176.181 -65.147 53.757
v -176.453 -65.306 53.749
v -175.463 -64.090 53.883
v -175.513 -64.338 53.906
v -167.690 -60.728 53.499
v -167.936 -61.490 53.526
v -167.923 -61.496 53.936
v -168.117 -62.002 53.918
v -167.830 -61.338 53.967
v -167.514 -60.016 53.963
v -167.648 -60.765 53.964
v -166.950 -60.069 53.497
v -167.546 -62.096 53.985
v -167.043 -62.529 53.969
v -167.029 -62.852 53.595
v -167.259 -62.589 53.752
v -167.545 -62.363 53.752
v -167.871 -62.207 53.740
v -167.516 -60.214 53.982
v -167.017 -60.212 53.982
v -166.987 -60.052 53.953
v -166.988 -62.511 53.950
v -166.988 -62.719 53.869
v -166.969 -62.876 53.528
v -166.833 -63.269 53.464
v -166.778 -63.544 53.489
v -166.818 -55.530 53.466
v -166.775 -55.278 53.491
v -166.750 -55.036 54.346
v -166.750 -63.799 54.346
v -166.969 -55.957 53.526
v -166.783 -54.701 54.340
v -166.899 -54.340 54.343
v -167.100 -54.013 54.345
v -167.313 -53.768 54.340
v -167.917 -53.426 54.346
v -167.602 -53.565 54.343
v -168.254 -53.314 54.345
v -167.985 -53.415 53.515
v -168.274 -53.343 53.484
v -168.131 -53.379 53.493
v -167.914 -65.419 54.337
v -167.602 -65.269 54.343
v -167.315 -65.062 54.343
v -167.077 -64.800 54.343
v -166.889 -64.471 54.340
v -166.782 -64.123 54.343
v -167.924 -65.388 54.365
v -168.254 -65.520 54.345
v -168.099 -65.446 53.497
v -168.274 -65.491 53.483
v -174.144 -65.645 54.348
v -174.669 -53.188 54.348
v -174.167 -65.849 54.348
v -174.392 -65.394 54.366
v -174.395 -65.448 54.347
v -174.667 -65.640 54.347
v -174.402 -53.419 54.360
v -174.642 -65.867 54.350
v -174.392 -53.373 54.341
v -174.146 -53.163 54.347
v -174.177 -52.962 54.350
v -174.635 -52.960 54.348
v -174.395 -65.961 54.348
v -174.395 -52.872 54.348
v -174.149 -65.657 54.004
v -174.396 -65.465 54.008
v -174.707 -65.635 53.998
v -174.763 -65.964 53.977
v -174.395 -65.946 54.007
v -174.055 -65.852 53.985
v -174.389 -65.108 53.964
v -174.151 -53.148 54.004
v -174.390 -52.873 54.006
v -174.765 -52.865 53.977
v -174.707 -53.196 53.997
v -174.394 -53.359 54.012
v -173.992 -52.961 53.973
v -174.448 -53.527 53.978
v -167.029 -55.983 53.602
v -166.950 -58.770 53.497
v -166.987 -56.108 53.864
v -166.989 -56.305 53.949
v -166.987 -58.782 53.954
v -167.690 -58.107 53.499
v -167.936 -57.344 53.526
v -167.514 -58.772 53.968
v -167.016 -58.771 53.981
v -167.040 -56.292 53.967
v -167.648 -58.069 53.964
v -167.830 -57.497 53.967
v -167.523 -56.708 53.981
v -168.118 -56.831 53.917
v -167.259 -56.245 53.752
v -167.545 -56.471 53.752
v -167.923 -57.338 53.936
v -178.174 -59.417 53.964
v -178.421 -59.493 54.048
v -167.474 -59.417 53.967
v -167.017 -59.892 53.982
v -174.003 -53.639 53.964
v -174.295 -52.588 53.948
v -174.267 -52.522 53.492
v -173.852 -52.948 53.499
v -174.922 -52.733 53.499
v -174.963 -53.312 53.501
v -175.139 -53.316 53.496
v -174.380 -53.731 53.497
v -174.026 -53.627 53.498
v -174.003 -65.195 53.964
v -174.298 -66.234 53.961
v -173.852 -65.886 53.499
v -174.026 -65.207 53.498
v -174.267 -66.312 53.492
v -174.398 -65.095 53.496
v -174.922 -66.101 53.499
v -174.963 -65.522 53.501
v -175.131 -65.492 53.496
v -178.423 -59.321 54.049
v -173.377 -54.147 53.499
v -172.755 -54.119 53.496
v -172.116 -54.166 53.496
v -173.727 -52.908 53.499
v -175.115 -53.433 53.502
v -174.414 -54.363 53.496
v -170.281 -52.864 53.500
v -175.362 -52.868 53.504
v -175.162 -52.848 53.968
v -175.133 -53.271 53.964
v -174.558 -53.838 53.501
v -174.563 -53.863 53.985
v -174.080 -54.222 53.961
v -175.072 -53.441 53.985
v -170.341 -52.892 53.963
v -172.377 -52.230 53.967
v -174.179 -52.485 53.510
v -172.826 -52.167 53.967
v -173.274 -52.230 53.967
v -172.436 -54.123 53.526
v -174.118 -52.502 53.963
v -173.679 -52.916 53.971
v -172.435 -54.108 53.936
v -172.127 -54.111 53.967
v -171.532 -54.231 53.961
v -173.356 -54.094 53.964
v -172.749 -54.066 53.967
v -173.946 -54.177 53.976
v -171.507 -54.198 53.985
v -173.717 -53.169 53.976
v -172.825 -53.354 53.975
v -172.825 -53.770 53.975
v -172.038 -53.147 53.975
v -172.825 -52.559 53.975
v -172.825 -52.939 53.975
v -172.116 -64.668 53.496
v -172.755 -64.715 53.496
v -173.377 -64.688 53.499
v -170.281 -65.970 53.500
v -173.727 -65.927 53.499
v -174.179 -66.349 53.510
v -173.682 -65.913 53.970
v -174.117 -66.332 53.963
v -173.278 -66.614 53.958
v -172.436 -64.711 53.526
v -173.969 -64.607 53.513
v -174.005 -64.638 53.970
v -172.435 -64.726 53.936
v -172.749 -64.768 53.967
v -173.356 -64.740 53.964
v -171.537 -64.618 53.973
v -172.127 -64.723 53.967
v -171.519 -64.591 53.950
v -172.373 -66.614 53.958
v -170.341 -65.942 53.963
v -172.826 -66.668 53.967
v -173.268 -66.584 53.984
v -172.383 -66.584 53.984
v -175.362 -65.966 53.504
v -175.162 -65.986 53.968
v -175.119 -65.535 53.962
v -175.124 -65.389 53.510
v -175.073 -65.381 53.969
v -174.560 -64.986 53.511
v -174.492 -64.905 53.969
v -174.144 -64.590 53.955
v -173.717 -65.637 53.978
v -172.825 -65.895 53.975
v -172.825 -65.480 53.975
v -172.825 -65.065 53.975
v -172.038 -65.687 53.975
v -172.825 -66.276 53.975
v -177.319 -63.102 0.884
v -177.296 -63.148 10.424
v -177.244 -63.617 0.884
v -177.261 -63.636 10.424
v -176.867 -63.561 0.882
v -176.864 -63.518 10.424
v -176.769 -63.191 0.883
v -176.753 -63.201 10.424
v -177.444 -63.223 0.885
v -177.461 -63.176 10.424
v -177.461 -63.497 10.424
v -177.433 -63.454 0.887
v -177.371 -63.810 0.899
v -177.371 -63.810 10.424
v -177.954 -64.080 0.899
v -177.954 -64.080 10.424
v -177.075 -62.934 10.424
v -177.134 -62.941 0.887
v -176.921 -62.912 10.424
v -176.949 -62.952 0.887
v -176.543 -63.359 0.899
v -176.543 -63.359 10.424
v -175.944 -63.100 0.899
v -176.033 -63.297 10.421
v -178.908 -62.215 0.899
v -178.908 -62.215 10.424
v -175.898 -62.952 0.899
v -175.898 -62.952 10.424
v -176.392 -62.214 0.899
v -176.392 -62.214 10.424
v -176.464 -62.064 0.899
v -176.454 -62.061 10.425
v -178.940 -61.913 0.880
v -178.963 -61.993 10.413
v -178.289 -61.895 0.899
v -178.315 -61.895 10.424
v -177.894 -62.258 0.887
v -177.892 -62.288 10.424
v -178.020 -62.082 10.424
v -178.105 -62.045 0.880
v -177.508 -62.019 0.883
v -177.501 -62.041 10.424
v -177.597 -61.616 0.885
v -177.576 -61.562 10.424
v -178.001 -61.633 0.881
v -177.970 -61.674 10.424
v -177.381 -61.962 0.899
v -177.381 -61.962 10.424
v -177.386 -61.775 10.424
v -177.386 -61.775 0.899
v -177.536 -61.392 0.899
v -177.536 -61.392 10.424
v -177.062 -61.113 0.899
v -177.062 -61.113 10.424
v -176.840 -61.135 0.898
v -176.868 -61.133 10.439
v -177.125 -60.903 0.899
v -176.863 -60.747 0.896
v -179.050 -62.116 0.877
v -179.059 -62.267 0.899
v -177.885 -64.220 0.899
v -177.765 -64.197 0.899
v -179.059 -62.267 10.424
v -179.055 -62.086 10.404
v -177.885 -64.220 10.424
v -177.110 -60.919 10.459
v -176.972 -60.982 10.424
v -177.765 -64.197 10.424
v -178.074 -56.755 0.877
v -177.994 -56.731 10.424
v -178.003 -57.198 0.878
v -177.970 -57.160 10.424
v -177.584 -57.183 0.881
v -177.576 -57.236 10.424
v -177.540 -56.761 0.879
v -177.499 -56.780 10.424
v -177.873 -56.552 0.890
v -177.899 -56.535 10.424
v -178.289 -56.938 0.899
v -178.315 -56.939 10.424
v -178.955 -56.850 0.880
v -178.962 -56.834 10.414
v -177.381 -56.872 10.424
v -177.381 -56.872 0.899
v -177.386 -57.059 10.424
v -177.386 -57.059 0.899
v -177.549 -57.429 0.899
v -177.549 -57.429 10.424
v -177.041 -57.694 0.899
v -177.041 -57.694 10.424
v -177.938 -54.721 0.899
v -177.938 -54.721 10.424
v -176.834 -57.687 0.898
v -176.839 -57.663 10.440
v -176.457 -56.755 0.899
v -176.448 -56.757 10.425
v -177.247 -55.212 0.884
v -177.270 -55.184 10.424
v -177.442 -55.573 0.884
v -177.464 -55.642 10.424
v -177.441 -55.314 10.424
v -177.430 -55.312 0.898
v -177.363 -55.701 0.885
v -177.363 -55.652 10.424
v -176.759 -55.617 0.883
v -177.143 -55.873 0.885
v -177.067 -55.887 10.424
v -176.750 -55.597 10.424
v -176.867 -55.272 0.881
v -176.884 -55.290 10.424
v -176.923 -55.864 0.885
v -176.890 -55.893 10.424
v -176.543 -55.474 0.899
v -176.543 -55.474 10.424
v -175.946 -55.711 0.899
v -176.036 -55.478 10.416
v -175.917 -55.852 0.899
v -175.917 -55.852 10.424
v -177.765 -54.637 0.899
v -177.129 -57.905 0.899
v -176.867 -58.058 0.896
v -179.044 -56.700 0.876
v -179.059 -56.567 0.899
v -179.059 -56.567 10.424
v -179.055 -56.749 10.404
v -177.765 -54.637 10.424
v -177.134 -57.902 10.424
v -176.949 -57.843 10.424
v -180.451 -59.557 29.812
v -180.765 -59.569 29.812
v -180.782 -59.246 29.812
v -180.463 -59.253 29.812
v -180.456 -59.246 29.707
v -180.796 -59.229 29.708
v -180.809 -59.584 29.708
v -180.455 -59.585 29.708
v -178.907 -58.516 29.685
v -178.866 -67.843 29.678
v -180.026 -61.189 29.705
v -180.096 -67.813 29.685
v -180.059 -61.567 29.703
v -180.369 -60.960 29.702
v -180.698 -61.178 29.704
v -180.729 -65.758 29.694
v -180.380 -61.707 29.704
v -180.685 -61.530 29.704
v -180.391 -65.979 29.730
v -180.527 -65.761 29.695
v -180.466 -66.326 29.723
v -181.638 -67.241 29.671
v -181.012 -66.085 29.685
v -180.795 -66.329 29.721
v -180.126 -60.990 29.686
v -180.912 -67.838 29.708
v -181.581 -58.516 29.685
v -180.864 -65.964 29.734
v -180.977 -67.784 29.686
v -180.007 -57.616 29.704
v -180.059 -57.267 29.703
v -180.136 -57.823 29.702
v -178.876 -51.015 29.667
v -180.096 -51.021 29.685
v -180.475 -52.497 29.720
v -180.373 -52.816 29.731
v -180.732 -53.050 29.711
v -180.521 -53.048 29.710
v -180.380 -57.127 29.704
v -180.380 -57.871 29.704
v -180.627 -57.814 29.687
v -180.666 -57.267 29.704
v -180.710 -57.604 29.705
v -181.012 -52.750 29.685
v -180.892 -52.823 29.733
v -181.642 -51.595 29.667
v -180.784 -52.494 29.722
v -180.936 -51.020 29.695
v -180.096 -58.516 29.685
v -180.898 -50.982 29.717
v -181.018 -51.041 29.710
v -181.030 -67.803 29.729
v -181.014 -67.785 29.696
v -180.535 -61.005 29.725
v -180.841 -65.966 29.960
v -180.780 -66.319 29.980
v -180.476 -66.314 29.982
v -180.411 -65.981 29.967
v -180.865 -52.830 29.958
v -180.718 -53.043 30.016
v -180.397 -52.821 29.964
v -180.528 -53.044 30.026
v -180.486 -52.509 29.984
v -180.769 -52.505 29.980
v -181.012 -52.750 30.066
v -181.012 -66.085 30.066
v -180.527 -65.761 30.056
v -180.729 -65.758 30.057
v -180.703 -57.575 29.812
v -180.673 -57.311 29.812
v -180.416 -57.160 29.812
v -180.075 -57.283 29.812
v -180.021 -57.593 29.812
v -180.153 -57.804 29.812
v -180.379 -57.850 29.812
v -180.479 -57.640 29.812
v -180.699 -61.221 29.812
v -180.497 -61.133 29.812
v -180.341 -60.978 29.812
v -180.040 -61.211 29.812
v -180.075 -61.551 29.812
v -180.416 -61.674 29.812
v -180.689 -61.487 29.812
v -181.690 -67.219 29.073
v -181.690 -51.615 29.074
v -182.289 -52.111 29.074
v -182.297 -66.704 29.073
v -182.336 -66.588 29.069
v -182.337 -52.235 29.073
v -182.292 -66.693 29.868
v -181.029 -67.799 29.863
v -182.330 -66.575 29.863
v -180.817 -67.478 30.066
v -181.948 -66.516 30.066
v -180.936 -67.844 29.866
v -182.328 -52.240 29.864
v -181.029 -51.035 29.863
v -182.289 -52.131 29.869
v -181.948 -52.318 30.066
v -180.935 -51.126 29.932
v -180.907 -50.981 29.866
v -178.859 -50.978 29.684
v -178.808 -67.857 29.073
v -178.808 -50.977 29.073
v -178.787 -64.610 29.050
v -178.787 -65.093 29.050
v -178.787 -63.572 29.050
v -178.787 -60.356 29.050
v -178.787 -59.417 29.050
v -178.787 -67.091 29.050
v -178.787 -54.225 29.050
v -178.787 -56.465 29.050
v -178.787 -52.508 29.050
v -178.787 -51.743 29.050
v -178.787 -51.156 29.050
v -177.743 -50.972 29.078
v -177.807 -50.975 29.863
v -177.860 -51.357 30.066
v -177.745 -50.985 29.868
v -177.652 -51.031 29.064
v -177.651 -51.029 29.865
v -175.334 -53.336 29.074
v -177.362 -51.348 29.050
v -176.968 -51.743 29.050
v -177.335 -51.670 29.050
v -176.203 -52.508 29.050
v -176.779 -51.932 29.050
v -176.063 -52.871 29.050
v -175.345 -53.339 29.866
v -175.292 -53.451 29.070
v -175.314 -53.653 29.972
v -175.373 -53.812 30.054
v -175.407 -53.806 30.065
v -175.425 -53.792 30.066
v -175.343 -54.848 29.997
v -175.588 -54.908 30.034
v -175.316 -54.865 29.072
v -175.319 -54.225 29.050
v -175.561 -55.020 29.080
v -175.545 -55.002 29.955
v -175.608 -54.975 29.057
v -175.827 -54.847 29.978
v -175.841 -54.868 29.073
v -175.795 -54.518 30.066
v -175.941 -54.403 30.016
v -176.162 -54.014 30.053
v -176.381 -53.789 30.066
v -176.831 -53.667 30.019
v -177.276 -53.610 30.019
v -177.574 -53.656 30.019
v -177.865 -53.743 30.046
v -178.039 -53.897 30.005
v -178.320 -54.141 30.019
v -178.483 -54.395 30.019
v -178.652 -54.869 30.052
v -178.648 -55.280 30.053
v -178.604 -55.593 30.066
v -178.343 -55.912 30.031
v -177.962 -56.247 30.019
v -177.603 -56.414 30.031
v -177.102 -56.475 30.020
v -178.175 -56.036 29.986
v -178.524 -55.561 30.013
v -178.573 -55.268 29.975
v -178.570 -54.781 29.985
v -176.352 -53.937 29.994
v -177.137 -56.408 29.071
v -177.671 -56.322 29.071
v -178.025 -56.435 29.065
v -178.070 -56.081 29.075
v -178.473 -56.088 29.061
v -178.423 -55.635 29.075
v -178.555 -55.265 29.071
v -178.605 -54.975 29.050
v -178.549 -54.827 29.072
v -178.421 -54.404 29.069
v -178.428 -53.987 29.070
v -177.961 -53.907 29.073
v -177.932 -53.515 29.066
v -177.602 -53.602 29.063
v -177.284 -53.666 29.067
v -176.840 -53.710 29.069
v -176.340 -53.988 29.071
v -175.988 -54.416 29.068
v -177.807 -67.859 29.863
v -177.720 -67.847 29.074
v -177.860 -67.478 30.066
v -177.713 -67.837 29.868
v -177.632 -67.789 29.863
v -177.640 -67.788 29.055
v -175.322 -65.472 29.073
v -176.779 -66.902 29.050
v -176.968 -67.091 29.050
v -176.113 -65.892 29.051
v -177.335 -67.459 29.050
v -175.332 -65.470 29.870
v -175.289 -65.351 29.070
v -175.339 -65.114 30.007
v -175.417 -65.036 30.066
v -175.318 -63.964 29.074
v -175.342 -63.998 30.001
v -175.319 -64.610 29.050
v -175.591 -63.922 30.030
v -175.589 -63.835 29.069
v -175.841 -63.967 29.073
v -175.827 -63.990 29.981
v -177.603 -62.420 30.031
v -177.980 -62.559 30.053
v -178.330 -62.859 30.059
v -178.604 -63.241 30.066
v -178.648 -63.554 30.053
v -178.652 -63.965 30.052
v -178.483 -64.440 30.019
v -178.320 -64.693 30.019
v -178.107 -64.906 30.019
v -177.855 -65.071 30.019
v -177.574 -65.178 30.019
v -177.276 -65.224 30.019
v -176.831 -65.167 30.019
v -176.387 -65.036 30.063
v -176.124 -64.784 30.056
v -175.795 -64.317 30.066
v -175.942 -64.421 30.013
v -176.347 -64.886 29.988
v -178.570 -64.053 29.985
v -178.573 -63.567 29.975
v -178.462 -63.177 30.003
v -178.070 -62.720 29.981
v -177.099 -62.355 30.021
v -177.021 -62.159 30.065
v -177.171 -61.733 30.011
v -177.171 -57.101 30.011
v -177.020 -56.660 30.065
v -177.452 -61.121 30.038
v -177.622 -60.449 30.019
v -177.715 -59.763 30.019
v -177.715 -59.071 30.019
v -177.622 -58.385 30.019
v -177.452 -57.713 30.038
v -176.937 -62.138 30.001
v -177.392 -61.101 29.952
v -177.495 -60.723 29.944
v -177.652 -59.857 29.944
v -177.652 -58.977 29.944
v -177.495 -58.112 29.944
v -177.392 -57.734 29.952
v -176.935 -56.683 30.000
v -176.946 -62.293 29.989
v -176.900 -62.120 29.074
v -176.923 -62.316 29.074
v -177.138 -62.430 29.072
v -176.952 -56.519 29.984
v -176.927 -56.507 29.076
v -176.899 -56.698 29.072
v -177.367 -57.701 29.071
v -177.467 -58.119 29.103
v -177.563 -58.397 29.071
v -177.623 -58.980 29.103
v -177.655 -59.075 29.071
v -177.658 -59.728 29.069
v -177.623 -59.854 29.103
v -177.567 -60.430 29.069
v -177.467 -60.715 29.103
v -177.367 -61.133 29.071
v -177.119 -61.709 29.074
v -177.119 -57.125 29.074
v -177.545 -61.170 29.063
v -177.605 -57.504 29.068
v -175.986 -64.399 29.070
v -175.937 -64.875 29.067
v -176.340 -64.846 29.071
v -176.836 -65.110 29.069
v -177.284 -65.168 29.067
v -177.572 -65.118 29.069
v -177.916 -65.272 29.067
v -178.028 -64.883 29.075
v -178.426 -64.841 29.070
v -178.429 -64.413 29.071
v -178.549 -64.008 29.072
v -178.605 -63.859 29.050
v -178.558 -63.570 29.069
v -178.410 -63.164 29.071
v -178.044 -62.727 29.071
v -177.671 -62.512 29.071
v -177.222 -53.673 29.622
v -177.206 -65.161 29.622
v -175.922 -53.911 29.070
v -175.738 -54.162 29.069
v -177.225 -51.978 29.071
v -178.081 -52.508 29.050
v -178.475 -51.695 29.073
v -175.665 -65.287 29.068
v -175.708 -64.638 29.076
v -178.344 -65.087 29.068
v -177.344 -67.074 29.050
v -177.856 -67.488 29.069
v -177.413 -67.091 29.050
v -178.362 -67.485 29.073
v -178.475 -67.139 29.073
v -177.413 -51.743 29.050
v -177.855 -51.345 29.068
v -178.362 -51.349 29.073
v -177.207 -52.508 29.050
v -176.714 -52.443 29.050
v -175.665 -53.535 29.068
v -176.139 -53.067 29.073
v -175.670 -54.285 29.070
v -176.149 -53.692 29.072
v -176.486 -53.490 29.067
v -176.326 -52.879 29.073
v -176.837 -53.367 29.069
v -177.213 -53.332 29.066
v -178.333 -53.749 29.072
v -177.594 -53.367 29.072
v -178.526 -52.508 29.050
v -178.391 -56.295 29.076
v -177.609 -65.457 29.068
v -177.215 -65.502 29.066
v -176.831 -65.462 29.067
v -177.225 -66.856 29.071
v -176.779 -66.457 29.050
v -176.463 -65.329 29.063
v -176.326 -65.955 29.073
v -176.148 -65.138 29.070
v -175.658 -64.499 29.060
v -176.134 -65.757 29.077
v -177.961 -58.698 29.069
v -177.834 -58.051 29.069
v -178.006 -59.309 29.067
v -177.367 -56.855 29.052
v -178.495 -57.832 29.069
v -178.492 -57.545 29.073
v -178.493 -59.306 29.070
v -177.539 -56.740 29.070
v -178.493 -62.670 29.070
v -178.319 -62.500 29.069
v -177.523 -62.056 29.070
v -177.367 -61.979 29.052
v -178.036 -62.304 29.074
v -178.497 -61.214 29.067
v -178.526 -60.356 29.050
v -177.834 -60.783 29.069
v -177.917 -60.333 29.075
v -177.961 -60.137 29.069
v -178.006 -59.525 29.067
v -178.492 -59.529 29.071
v -176.145 -53.112 29.685
v -176.335 -53.519 29.685
v -176.082 -53.696 29.685
v -175.848 -53.934 29.685
v -175.705 -54.139 29.685
v -175.705 -53.552 29.685
v -176.717 -53.360 29.685
v -177.207 -53.293 29.685
v -176.370 -52.887 29.685
v -177.207 -52.050 29.685
v -178.312 -51.385 29.685
v -177.636 -53.339 29.685
v -177.872 -51.385 29.685
v -177.918 -53.437 29.685
v -178.217 -53.607 29.685
v -178.455 -53.809 29.685
v -178.455 -51.883 29.685
v -177.876 -62.182 29.685
v -178.332 -62.469 29.685
v -177.561 -62.086 29.685
v -178.455 -61.366 29.685
v -176.145 -65.723 29.685
v -175.705 -65.283 29.685
v -176.082 -65.138 29.685
v -175.848 -64.901 29.685
v -176.335 -65.315 29.685
v -175.705 -64.696 29.685
v -176.593 -65.411 29.084
v -177.207 -65.542 29.685
v -177.207 -66.784 29.685
v -176.370 -65.947 29.685
v -176.717 -65.474 29.685
v -178.336 -65.126 29.685
v -177.918 -65.397 29.685
v -178.455 -66.951 29.685
v -177.636 -65.495 29.685
v -178.312 -67.449 29.685
v -177.872 -67.449 29.685
v -177.865 -56.625 29.099
v -178.332 -56.366 29.685
v -178.455 -57.468 29.685
v -177.876 -56.652 29.685
v -177.561 -56.749 29.685
v -177.947 -58.523 29.099
v -177.476 -57.032 29.086
v -177.974 -58.519 29.685
v -177.790 -57.754 29.685
v -177.543 -57.117 29.685
v -178.046 -59.268 29.685
v -178.455 -59.268 29.685
v -178.455 -57.852 29.685
v -177.564 -61.589 29.081
v -178.481 -60.995 29.081
v -178.046 -59.566 29.685
v -178.455 -59.566 29.685
v -177.974 -60.316 29.685
v -177.790 -61.080 29.685
v -177.543 -61.718 29.685
v -178.455 -60.983 29.685
v -178.032 -54.350 53.985
v -178.032 -54.350 10.805
v -177.699 -53.980 10.805
v -177.218 -53.962 53.985
v -177.218 -53.962 10.805
v -176.767 -54.057 53.985
v -176.729 -53.974 10.805
v -176.221 -54.226 10.839
v -176.209 -54.625 53.985
v -176.209 -54.625 10.805
v -175.868 -54.814 10.826
v -175.892 -55.226 10.821
v -176.312 -55.628 10.805
v -176.467 -55.988 10.805
v -176.927 -55.866 10.787
v -177.539 -56.056 53.985
v -177.175 -55.870 10.783
v -177.539 -56.056 10.805
v -178.089 -55.647 53.985
v -178.011 -56.093 10.831
v -178.089 -55.647 10.805
v -178.533 -55.201 10.820
v -178.510 -54.759 10.825
v -178.266 -55.846 10.833
v -178.325 -55.706 10.815
v -178.271 -54.241 10.831
v -177.319 -53.673 10.820
v -176.842 -53.710 10.827
v -176.403 -53.978 10.831
v -176.139 -54.241 10.830
v -178.011 -53.980 10.831
v -177.654 -53.675 10.823
v -176.154 -56.102 10.801
v -175.868 -55.499 10.829
v -176.739 -56.418 10.828
v -177.155 -56.405 10.827
v -177.576 -56.355 10.824
v -176.182 -55.888 53.985
v -169.686 -55.230 10.806
v -169.737 -54.734 10.819
v -169.296 -54.383 53.985
v -169.296 -54.383 10.805
v -168.728 -54.001 53.985
v -169.247 -53.981 10.832
v -168.817 -53.936 10.805
v -168.382 -53.958 53.985
v -168.382 -53.958 10.805
v -167.949 -53.937 10.805
v -167.428 -54.243 10.831
v -167.121 -54.756 10.826
v -167.109 -55.176 10.822
v -167.526 -55.592 53.985
v -167.426 -55.768 10.808
v -168.050 -56.034 53.985
v -167.580 -56.021 10.833
v -168.050 -56.034 10.805
v -168.389 -56.114 53.985
v -168.389 -56.114 10.805
v -168.734 -56.069 10.805
v -169.176 -56.104 10.788
v -169.300 -55.682 10.805
v -168.360 -56.409 10.826
v -168.912 -56.394 10.814
v -169.415 -55.949 10.805
v -169.760 -55.521 10.819
v -169.654 -53.915 10.893
v -168.735 -53.689 10.827
v -168.323 -53.670 10.820
v -167.961 -56.315 10.824
v -167.995 -53.664 10.822
v -169.511 -54.233 10.835
v -167.640 -53.979 10.833
v -167.346 -54.241 10.833
v -167.186 -55.591 10.828
v -167.353 -55.857 10.838
v -169.415 -55.949 53.985
v -177.983 -61.113 56.916
v -178.085 -61.507 56.915
v -178.400 -61.636 56.916
v -178.465 -61.139 56.916
v -177.984 -61.120 57.531
v -178.457 -61.132 57.531
v -178.406 -61.628 57.531
v -178.096 -61.514 57.531
v -178.402 -60.390 57.532
v -178.012 -60.368 57.531
v -178.044 -59.973 57.530
v -178.462 -59.970 57.529
v -178.401 -59.685 57.533
v -177.992 -59.712 57.532
v -178.397 -59.136 57.532
v -178.494 -58.803 57.529
v -178.006 -59.113 57.531
v -178.031 -58.800 57.530
v -178.395 -58.438 57.532
v -178.005 -58.453 57.532
v -178.391 -62.064 57.532
v -178.407 -56.739 57.530
v -178.703 -62.286 57.532
v -178.246 -62.256 57.535
v -177.998 -61.880 57.531
v -176.633 -64.334 57.541
v -176.673 -63.949 57.531
v -177.144 -63.475 57.531
v -176.427 -63.613 57.532
v -176.810 -63.217 57.532
v -176.707 -63.504 57.530
v -177.531 -63.436 57.541
v -177.213 -63.212 57.532
v -176.413 -64.014 57.532
v -178.703 -56.547 57.532
v -178.238 -56.556 57.535
v -177.999 -56.954 57.532
v -178.090 -57.305 57.532
v -177.590 -55.766 57.532
v -177.174 -55.547 57.532
v -177.531 -55.397 57.541
v -178.058 -56.179 57.533
v -178.001 -56.373 57.531
v -177.255 -56.041 57.533
v -177.491 -55.984 57.532
v -177.650 -56.414 57.532
v -178.732 -56.828 57.532
v -178.666 -57.209 57.532
v -178.388 -57.181 57.531
v -178.649 -57.767 57.535
v -178.656 -61.047 57.533
v -178.663 -61.627 57.532
v -178.753 -61.998 57.532
v -177.556 -61.619 57.532
v -177.663 -61.280 57.535
v -177.658 -57.534 57.534
v -177.556 -57.215 57.532
v -178.460 -57.674 57.531
v -178.010 -57.688 57.532
v -175.444 -53.767 57.533
v -175.265 -53.625 57.532
v -175.229 -53.209 57.541
v -175.078 -53.992 57.532
v -174.806 -53.583 57.532
v -175.644 -54.007 57.532
v -174.799 -53.157 57.532
v -174.731 -52.772 57.534
v -174.377 -52.520 57.532
v -174.389 -52.899 57.531
v -174.631 -52.552 57.532
v -174.128 -52.578 57.532
v -173.925 -52.815 57.533
v -174.399 -53.574 57.532
v -174.088 -53.175 57.533
v -173.930 -53.519 57.532
v -174.488 -53.950 57.541
v -174.880 -54.456 57.541
v -174.863 -54.026 57.532
v -174.398 -53.359 57.530
v -175.264 -54.421 57.532
v -175.329 -54.905 57.541
v -175.731 -54.943 57.529
v -175.718 -55.030 57.540
v -175.930 -54.776 57.532
v -176.105 -55.235 57.532
v -176.010 -54.543 57.532
v -175.590 -54.340 57.532
v -176.633 -54.499 57.541
v -176.257 -54.453 57.532
v -175.856 -53.975 57.532
v -176.405 -54.797 57.532
v -177.165 -55.330 57.531
v -177.082 -54.948 57.541
v -176.819 -55.566 57.532
v -176.634 -55.189 57.530
v -176.676 -54.879 57.532
v -176.430 -55.209 57.532
v -176.142 -55.451 57.532
v -176.560 -55.883 57.532
v -176.676 -56.252 57.541
v -176.765 -55.900 57.532
v -176.341 -55.689 57.541
v -177.108 -56.274 57.531
v -177.607 -56.755 57.532
v -178.016 -57.881 57.531
v -178.381 -57.929 57.532
v -177.660 -58.470 57.541
v -177.660 -58.782 57.541
v -178.684 -57.842 57.531
v -178.664 -58.475 57.532
v -178.816 -58.782 57.541
v -177.660 -59.002 57.541
v -177.660 -59.862 57.541
v -178.664 -59.089 57.532
v -178.816 -59.925 57.541
v -178.661 -59.744 57.532
v -177.660 -60.242 57.541
v -177.660 -60.979 57.541
v -178.052 -60.928 57.531
v -178.360 -60.889 57.533
v -178.697 -60.970 57.532
v -178.666 -60.357 57.532
v -177.596 -62.070 57.532
v -177.667 -62.398 57.532
v -177.997 -62.452 57.532
v -177.125 -62.133 57.541
v -176.676 -62.582 57.541
v -177.051 -62.525 57.531
v -177.242 -62.729 57.532
v -176.773 -62.907 57.532
v -177.482 -62.803 57.532
v -178.055 -62.660 57.532
v -177.577 -63.060 57.532
v -176.570 -62.948 57.532
v -176.145 -63.369 57.533
v -175.778 -63.480 57.541
v -176.114 -63.573 57.532
v -175.930 -64.047 57.532
v -175.997 -64.285 57.532
v -175.591 -64.460 57.532
v -175.724 -63.857 57.531
v -175.329 -63.929 57.541
v -175.268 -64.397 57.532
v -174.880 -64.378 57.541
v -175.650 -64.790 57.532
v -176.257 -64.381 57.532
v -175.856 -64.859 57.532
v -175.467 -65.046 57.535
v -174.858 -64.795 57.532
v -175.077 -64.791 57.531
v -175.262 -65.198 57.532
v -174.817 -65.215 57.532
v -174.488 -64.884 57.541
v -174.399 -65.254 57.532
v -173.981 -65.973 57.533
v -174.069 -65.628 57.533
v -173.930 -65.315 57.532
v -174.392 -65.471 57.531
v -174.799 -65.660 57.532
v -174.396 -65.934 57.531
v -175.229 -65.625 57.541
v -174.721 -65.980 57.533
v -174.689 -66.253 57.532
v -174.377 -66.313 57.532
v -174.128 -66.256 57.532
v -178.457 -59.172 57.224
v -178.457 -59.662 57.224
v -178.645 -59.103 57.224
v -178.645 -59.731 57.224
v -177.997 -59.144 57.224
v -177.997 -59.690 57.224
v -178.001 -57.880 57.224
v -177.931 -57.798 57.224
v -177.997 -58.420 57.224
v -178.449 -57.908 57.224
v -178.457 -58.392 57.224
v -178.585 -57.798 57.224
v -178.612 -57.797 57.224
v -178.648 -57.836 57.224
v -178.645 -58.461 57.224
v -177.532 -62.090 57.224
v -177.643 -62.425 57.224
v -177.101 -62.542 57.224
v -177.305 -62.616 57.224
v -178.442 -62.056 57.224
v -178.428 -61.706 57.224
v -178.645 -61.643 57.224
v -178.659 -61.950 57.224
v -177.997 -60.414 57.224
v -178.047 -60.916 57.224
v -177.926 -61.021 57.224
v -178.571 -61.022 57.224
v -178.402 -60.889 57.224
v -178.663 -60.977 57.224
v -178.631 -61.020 57.224
v -178.645 -60.373 57.224
v -178.457 -60.442 57.224
v -174.413 -53.590 57.224
v -174.853 -54.011 57.224
v -174.788 -53.595 57.224
v -175.286 -54.498 57.224
v -175.616 -54.357 57.224
v -175.743 -54.903 57.224
v -175.814 -54.723 57.224
v -176.020 -54.521 57.224
v -175.747 -54.033 57.224
v -175.831 -53.988 57.224
v -176.240 -54.448 57.224
v -177.073 -55.408 57.224
v -176.780 -55.533 57.224
v -177.135 -55.344 57.224
v -176.679 -54.897 57.224
v -176.423 -55.288 57.224
v -176.645 -55.181 57.224
v -176.163 -55.440 57.224
v -176.174 -55.374 57.224
v -176.577 -55.866 57.224
v -176.652 -55.850 57.224
v -177.159 -56.271 57.224
v -177.532 -56.744 57.224
v -177.643 -56.409 57.224
v -177.517 -55.968 57.224
v -177.992 -56.275 57.224
v -177.595 -55.783 57.224
v -178.036 -56.185 57.224
v -178.660 -56.878 57.229
v -178.645 -57.191 57.224
v -178.410 -57.110 57.224
v -178.468 -56.736 57.238
v -176.020 -64.313 57.224
v -175.616 -64.432 57.224
v -175.739 -64.770 57.224
v -175.831 -64.846 57.224
v -176.240 -64.386 57.224
v -174.796 -65.195 57.224
v -174.848 -64.809 57.224
v -174.413 -65.244 57.224
v -174.855 -65.645 57.224
v -175.246 -65.251 57.224
v -175.741 -63.911 57.224
v -175.814 -64.111 57.224
v -175.286 -64.336 57.224
v -176.423 -63.545 57.224
v -176.733 -63.215 57.224
v -176.168 -63.443 57.224
v -176.167 -63.377 57.224
v -176.577 -62.968 57.224
v -176.642 -62.972 57.224
v -176.746 -63.531 57.224
v -176.675 -63.928 57.224
v -177.124 -63.478 57.224
v -177.508 -62.819 57.224
v -177.979 -62.544 57.224
v -177.582 -63.043 57.224
v -178.043 -62.631 57.224
v -175.246 -53.583 57.224
v -174.857 -53.172 57.224
v -177.541 -61.614 57.224
v -177.629 -61.322 57.224
v -177.629 -57.512 57.224
v -173.789 -65.676 57.528
v -173.918 -65.306 57.224
v -177.556 -61.619 56.915
v -177.658 -61.300 56.913
v -177.541 -57.220 57.224
v -177.658 -57.534 56.913
v -173.789 -53.158 57.528
v -173.918 -53.528 57.224
v -177.556 -57.215 56.915
v -177.660 -58.470 56.906
v -177.660 -58.782 56.906
v -177.660 -59.862 56.906
v -177.660 -59.002 56.906
v -177.660 -60.313 56.906
v -173.816 -65.476 57.224
v -173.778 -65.670 57.224
v -173.796 -65.868 57.224
v -173.923 -66.097 57.224
v -174.121 -66.269 57.224
v -174.377 -66.328 57.224
v -174.696 -66.266 57.224
v -174.858 -66.152 57.224
v -173.930 -65.315 56.916
v -178.752 -62.249 57.224
v -174.701 -65.940 56.916
v -174.689 -66.253 56.916
v -174.377 -66.313 56.916
v -174.128 -66.256 56.916
v -173.961 -65.989 56.916
v -173.789 -65.676 56.919
v -174.084 -65.641 56.916
v -176.284 -63.088 56.906
v -176.676 -62.582 56.906
v -175.778 -63.480 56.906
v -175.329 -63.929 56.906
v -174.488 -64.884 56.906
v -174.880 -64.378 56.906
v -174.858 -52.682 57.224
v -174.696 -52.568 57.224
v -174.377 -52.506 57.224
v -174.121 -52.565 57.224
v -173.923 -52.737 57.224
v -173.796 -52.966 57.224
v -173.778 -53.164 57.224
v -173.816 -53.358 57.224
v -173.930 -53.519 56.916
v -178.703 -62.286 56.916
v -178.754 -61.996 56.916
v -175.856 -64.859 56.915
v -175.465 -65.035 56.916
v -176.633 -64.334 56.906
v -177.082 -63.885 56.906
v -177.531 -63.436 56.906
v -175.229 -65.625 56.906
v -178.233 -62.267 56.916
v -178.713 -56.537 57.224
v -174.085 -53.179 56.916
v -173.789 -53.158 56.919
v -173.958 -52.839 56.915
v -174.128 -52.578 56.916
v -174.377 -52.520 56.916
v -174.631 -52.552 56.916
v -174.740 -52.760 56.916
v -175.329 -54.905 56.906
v -174.880 -54.456 56.906
v -175.718 -55.030 56.907
v -176.560 -55.883 56.916
v -176.676 -56.252 56.906
v -174.488 -53.950 56.906
v -178.754 -56.837 56.916
v -178.703 -56.547 56.916
v -177.082 -54.948 56.906
v -177.531 -55.397 56.906
v -176.633 -54.499 56.906
v -175.856 -53.975 56.915
v -178.236 -56.546 56.917
v -175.229 -53.209 56.906
v -175.485 -53.760 56.912
v -178.666 -61.625 56.915
v -178.656 -61.047 56.915
v -178.666 -60.357 56.915
v -178.697 -60.970 56.915
v -178.664 -59.089 56.916
v -178.816 -59.925 56.906
v -178.816 -58.782 56.906
v -178.664 -58.475 56.916
v -178.649 -57.767 56.913
v -178.666 -57.209 56.915
v -178.684 -57.842 56.916
v -178.046 -59.982 56.916
v -178.399 -59.685 56.915
v -178.478 -59.972 56.916
v -178.399 -60.390 56.915
v -178.005 -60.375 56.916
v -177.992 -59.712 56.916
v -178.031 -58.809 56.917
v -178.005 -58.454 56.916
v -178.399 -58.436 56.915
v -178.496 -58.811 56.916
v -178.394 -59.136 56.915
v -177.999 -59.116 56.916
v -178.101 -57.299 56.915
v -178.388 -57.172 56.916
v -178.456 -57.671 56.915
v -178.000 -57.681 56.915
v -177.993 -62.447 56.917
v -178.387 -62.065 56.916
v -177.995 -61.880 56.917
v -177.602 -62.076 56.916
v -177.667 -62.401 56.916
v -174.389 -53.358 56.919
v -174.793 -53.159 56.916
v -174.403 -52.899 56.918
v -174.399 -53.573 56.915
v -175.588 -54.339 56.916
v -175.636 -54.008 56.917
v -175.269 -53.629 56.916
v -175.082 -53.983 56.918
v -175.260 -54.414 56.916
v -176.421 -55.210 56.916
v -176.397 -54.801 56.917
v -175.927 -54.774 56.916
v -176.093 -55.220 56.916
v -177.250 -56.045 56.916
v -177.177 -55.562 56.916
v -176.817 -55.574 56.916
v -176.770 -55.906 56.916
v -177.990 -56.955 56.918
v -178.388 -56.743 56.916
v -178.000 -56.379 56.917
v -177.652 -56.417 56.916
v -177.607 -56.757 56.916
v -174.388 -65.933 56.918
v -174.800 -65.659 56.916
v -174.403 -65.472 56.918
v -175.645 -64.785 56.917
v -175.598 -64.456 56.916
v -175.272 -64.406 56.916
v -175.076 -64.796 56.918
v -175.262 -65.196 56.916
v -176.402 -64.017 56.917
v -176.420 -63.614 56.916
v -176.115 -63.567 56.917
v -175.929 -64.036 56.916
v -177.222 -63.200 56.917
v -177.231 -62.728 56.916
v -176.772 -62.915 56.916
v -176.813 -63.220 56.916
v -178.062 -62.645 56.916
v -177.577 -63.060 56.916
v -177.482 -62.803 56.915
v -177.491 -55.984 56.916
v -178.058 -56.179 56.915
v -177.590 -55.766 56.916
v -174.863 -54.026 56.916
v -174.806 -53.583 56.915
v -176.257 -54.453 56.916
v -176.010 -54.543 56.916
v -175.731 -54.943 56.918
v -176.676 -54.879 56.916
v -176.634 -55.189 56.917
v -177.165 -55.330 56.916
v -176.142 -55.451 56.916
v -176.341 -55.689 56.906
v -177.108 -56.274 56.917
v -178.381 -57.929 56.915
v -178.016 -57.881 56.917
v -178.661 -59.744 56.916
v -178.360 -60.889 56.915
v -178.052 -60.925 56.916
v -177.049 -62.528 56.917
v -176.673 -63.949 56.916
v -176.710 -63.507 56.916
v -177.144 -63.475 56.916
v -176.145 -63.369 56.915
v -176.570 -62.948 56.916
v -176.257 -64.381 56.916
v -175.997 -64.285 56.915
v -175.724 -63.857 56.917
v -174.817 -65.215 56.915
v -174.399 -65.254 56.916
v -174.858 -64.795 56.916
v -169.740 -64.090 10.820
v -169.702 -63.535 10.806
v -169.296 -63.146 10.805
v -169.118 -62.798 53.985
v -169.175 -62.729 10.788
v -168.728 -62.764 10.805
v -168.382 -62.721 53.985
v -167.968 -62.743 53.985
v -168.382 -62.721 10.805
v -167.968 -62.743 10.805
v -167.593 -62.797 10.835
v -167.423 -63.035 10.814
v -167.097 -63.646 10.824
v -167.138 -64.029 10.821
v -167.423 -64.565 10.815
v -167.975 -64.858 53.985
v -167.599 -64.815 10.836
v -167.975 -64.858 10.805
v -168.389 -64.877 53.985
v -168.734 -64.832 53.985
v -168.389 -64.877 10.805
v -168.734 -64.832 10.805
v -169.300 -64.445 53.985
v -169.248 -64.854 10.832
v -169.300 -64.445 10.805
v -168.324 -65.164 10.820
v -168.747 -65.140 10.826
v -169.513 -64.621 10.843
v -169.509 -64.557 10.816
v -169.409 -62.878 10.805
v -168.913 -62.440 10.812
v -168.359 -62.426 10.826
v -168.012 -65.099 10.825
v -169.760 -63.312 10.820
v -167.968 -62.514 10.825
v -167.348 -62.970 10.842
v -167.307 -63.088 10.817
v -167.316 -64.520 10.818
v -167.352 -64.622 10.841
v -169.409 -62.878 53.985
v -169.645 -63.238 53.985
v -176.764 -55.619 10.781
v -177.359 -55.746 10.777
v -177.431 -55.544 10.784
v -177.232 -55.232 10.780
v -176.865 -55.270 10.783
v -177.411 -55.334 10.804
v -175.953 -55.336 10.349
v -175.741 -56.258 10.436
v -178.668 -57.187 10.404
v -175.567 -54.992 10.424
v -177.544 -58.131 10.404
v -177.381 -53.600 10.401
v -176.934 -53.471 10.408
v -175.726 -55.463 10.301
v -178.623 -58.570 10.416
v -178.585 -54.785 10.421
v -178.641 -55.121 10.407
v -175.918 -53.119 10.402
v -175.143 -54.787 10.405
v -178.072 -53.891 10.414
v -177.521 -53.629 10.391
v -178.485 -54.437 10.400
v -178.265 -54.069 10.390
v -176.112 -56.656 10.437
v -176.593 -57.359 10.437
v -177.267 -58.020 10.784
v -177.554 -58.141 10.786
v -176.490 -56.541 10.798
v -176.838 -57.049 10.798
v -175.739 -55.531 10.813
v -175.726 -55.818 10.767
v -177.082 -57.513 10.800
v -177.678 -60.055 10.782
v -177.722 -59.417 10.785
v -177.678 -58.779 10.782
v -177.554 -60.693 10.786
v -175.548 -55.022 10.397
v -176.918 -53.404 9.954
v -175.890 -53.054 9.939
v -178.650 -58.644 10.390
v -178.790 -57.246 9.937
v -178.683 -58.740 9.938
v -177.577 -58.181 9.950
v -179.178 -56.832 9.934
v -178.617 -54.787 10.390
v -177.873 -53.758 10.422
v -178.772 -54.752 9.937
v -178.506 -54.382 9.939
v -178.331 -54.013 9.931
v -178.838 -55.072 9.935
v -175.852 -55.291 10.089
v -175.150 -54.850 9.936
v -175.660 -55.265 9.961
v -176.917 -53.193 9.935
v -175.710 -55.410 10.149
v -174.915 -54.795 9.934
v -174.274 -54.683 9.938
v -173.512 -54.420 9.936
v -172.843 -54.326 9.933
v -172.251 -54.417 9.936
v -171.699 -54.433 9.933
v -170.764 -54.778 9.931
v -170.330 -55.142 9.938
v -169.650 -55.513 9.936
v -169.165 -55.954 9.933
v -168.739 -56.457 9.936
v -168.317 -57.095 9.935
v -168.095 -57.662 9.936
v -167.978 -58.396 9.935
v -167.884 -59.075 9.935
v -167.884 -59.759 9.935
v -167.978 -60.438 9.935
v -168.095 -61.172 9.936
v -168.317 -61.739 9.935
v -168.739 -62.377 9.936
v -169.160 -62.876 9.935
v -169.650 -63.321 9.936
v -170.330 -63.692 9.938
v -170.764 -64.056 9.931
v -171.659 -64.344 9.930
v -172.251 -64.417 9.936
v -172.843 -64.508 9.933
v -173.512 -64.415 9.936
v -174.274 -64.152 9.938
v -174.915 -64.039 9.934
v -175.672 -63.546 9.992
v -175.154 -55.080 9.964
v -173.315 -54.520 9.964
v -171.549 -54.639 9.941
v -169.023 -56.292 9.964
v -167.880 -58.159 9.938
v -167.924 -58.934 9.964
v -167.924 -59.900 9.964
v -167.880 -60.675 9.938
v -169.023 -62.542 9.964
v -171.531 -64.177 9.957
v -173.315 -64.315 9.964
v -175.154 -63.754 9.964
v -177.638 -58.346 9.929
v -178.766 -54.353 9.934
v -177.959 -53.631 9.937
v -177.630 -53.597 9.941
v -178.078 -53.844 9.938
v -177.397 -53.544 9.935
v -177.619 -58.453 10.424
v -178.683 -60.094 9.938
v -178.650 -59.949 10.424
v -177.649 -60.444 9.930
v -177.619 -60.382 10.424
v -177.590 -60.638 9.939
v -178.634 -60.248 10.403
v -177.544 -60.703 10.404
v -178.797 -61.597 9.937
v -177.694 -59.871 10.424
v -177.694 -58.963 10.424
v -177.268 -60.814 10.784
v -178.668 -61.649 10.404
v -179.199 -61.985 9.935
v -179.133 -62.203 9.919
v -178.833 -63.761 9.935
v -178.641 -63.713 10.406
v -178.339 -64.808 9.930
v -178.766 -64.481 9.934
v -178.772 -64.082 9.937
v -178.508 -64.444 9.940
v -178.485 -64.398 10.400
v -178.617 -64.048 10.390
v -178.266 -64.763 10.391
v -178.585 -64.049 10.421
v -178.061 -64.950 10.415
v -177.521 -65.205 10.391
v -177.873 -65.076 10.422
v -176.632 -61.401 10.431
v -176.112 -62.178 10.437
v -175.740 -62.576 10.435
v -176.593 -61.475 10.437
v -176.147 -62.740 10.801
v -176.490 -62.293 10.798
v -176.891 -62.054 10.821
v -176.896 -61.641 10.790
v -177.082 -61.322 10.800
v -175.743 -63.290 10.810
v -177.977 -65.177 9.935
v -178.072 -64.982 9.947
v -177.617 -65.215 9.944
v -177.397 -65.290 9.935
v -177.381 -65.235 10.401
v -175.852 -63.544 10.091
v -175.717 -63.413 10.242
v -175.734 -63.327 10.354
v -175.963 -63.490 10.356
v -175.143 -64.047 10.405
v -175.552 -63.818 10.403
v -175.150 -63.984 9.935
v -175.894 -65.772 9.943
v -175.918 -65.715 10.402
v -175.875 -65.817 9.917
v -176.917 -65.584 9.936
v -176.933 -65.362 10.404
v -177.432 -63.256 10.784
v -177.335 -63.068 10.776
v -177.159 -62.947 10.785
v -176.942 -62.950 10.789
v -176.779 -63.186 10.781
v -176.863 -63.561 10.782
v -177.232 -63.602 10.780
v -177.422 -63.439 10.790
v -177.320 -65.164 10.820
v -176.838 -65.121 10.827
v -176.390 -64.837 10.832
v -176.382 -65.286 10.830
v -177.636 -65.098 10.824
v -178.011 -64.854 10.831
v -178.031 -65.175 10.822
v -175.539 -55.297 10.806
v -175.757 -55.493 11.302
v -175.488 -54.864 10.826
v -175.135 -55.116 10.752
v -174.900 -54.965 10.785
v -174.276 -54.727 10.782
v -173.311 -54.560 10.752
v -173.631 -54.573 10.785
v -172.969 -54.508 10.785
v -172.309 -54.536 10.782
v -171.625 -54.659 10.782
v -171.014 -54.852 10.785
v -170.309 -55.200 10.808
v -176.891 -53.274 10.811
v -176.368 -53.521 10.828
v -176.061 -53.738 10.828
v -175.817 -54.022 10.837
v -175.621 -54.342 10.828
v -175.786 -54.003 10.807
v -175.748 -55.472 11.889
v -175.739 -55.450 12.476
v -175.746 -55.413 13.300
v -175.716 -55.291 13.327
v -175.627 -54.821 13.325
v -175.801 -55.355 13.298
v -175.728 -54.299 13.323
v -176.110 -54.128 13.319
v -176.158 -53.759 13.323
v -176.452 -53.588 13.320
v -176.774 -53.578 13.324
v -177.112 -53.375 13.314
v -177.461 -53.389 13.310
v -177.646 -53.587 13.329
v -178.013 -53.612 13.317
v -178.304 -54.126 13.320
v -178.607 -54.129 13.306
v -178.752 -54.446 13.323
v -178.739 -54.770 13.323
v -178.723 -55.163 13.324
v -178.742 -55.622 13.324
v -178.669 -55.837 13.295
v -178.305 -55.941 13.319
v -178.237 -56.328 13.323
v -177.963 -56.392 13.323
v -177.203 -56.672 13.323
v -177.619 -56.636 13.323
v -177.188 -53.545 13.326
v -175.831 -54.634 13.295
v -175.910 -54.384 13.324
v -176.141 -54.198 11.453
v -176.171 -54.206 11.453
v -176.350 -54.033 11.453
v -176.305 -53.947 13.319
v -178.107 -53.944 13.319
v -170.087 -55.291 10.884
v -169.836 -55.528 10.800
v -169.945 -55.455 11.081
v -170.109 -55.186 11.046
v -170.139 -54.842 11.038
v -169.962 -54.919 10.874
v -170.310 -54.855 10.830
v -169.928 -55.297 13.325
v -170.012 -54.804 13.323
v -169.904 -55.413 13.300
v -169.902 -55.474 11.836
v -169.911 -55.452 12.427
v -170.029 -54.399 11.043
v -169.871 -54.099 11.043
v -169.705 -53.878 11.038
v -169.494 -53.689 11.043
v -169.207 -53.507 11.043
v -168.793 -53.363 11.035
v -168.798 -53.159 10.813
v -169.261 -53.320 10.820
v -169.568 -53.587 10.861
v -169.861 -53.734 10.811
v -170.010 -54.073 10.864
v -170.245 -54.359 10.811
v -170.104 -54.412 10.903
v -169.062 -53.687 10.853
v -172.298 -51.989 10.787
v -172.647 -51.914 10.787
v -173.179 -51.951 10.787
v -168.734 -53.221 9.933
v -172.415 -52.078 9.934
v -173.169 -52.023 9.935
v -176.983 -53.642 11.607
v -176.983 -53.350 11.607
v -172.791 -52.076 9.934
v -177.197 -53.629 11.661
v -177.198 -53.340 11.662
v -177.352 -53.639 11.206
v -178.038 -54.004 11.453
v -178.224 -54.197 11.453
v -178.243 -54.206 11.453
v -178.493 -54.375 13.319
v -178.544 -55.608 13.320
v -178.938 -55.184 10.811
v -178.239 -55.867 11.453
v -178.110 -56.125 13.319
v -178.038 -56.067 11.453
v -176.864 -56.485 13.320
v -177.115 -56.504 13.324
v -177.577 -56.439 13.324
v -176.996 -56.633 13.313
v -177.991 -56.375 10.828
v -176.771 -56.494 11.889
v -176.749 -56.485 11.302
v -176.793 -56.503 12.476
v -177.175 -56.754 10.828
v -176.890 -56.660 10.824
v -177.518 -56.738 10.828
v -177.860 -56.641 10.825
v -178.433 -56.254 10.828
v -178.681 -55.942 10.828
v -178.838 -55.614 10.828
v -179.351 -56.872 10.786
v -179.135 -57.127 10.775
v -179.401 -56.812 10.757
v -179.105 -57.179 9.943
v -179.418 -56.816 9.949
v -178.941 -57.301 10.785
v -178.903 -57.425 10.788
v -178.932 -57.437 9.938
v -178.935 -61.511 10.785
v -178.933 -61.396 9.937
v -179.014 -61.622 10.783
v -179.030 -61.600 9.942
v -179.351 -61.968 10.785
v -179.401 -62.035 10.757
v -179.419 -62.009 9.951
v -178.940 -63.643 10.810
v -178.890 -54.737 10.805
v -178.791 -54.390 10.805
v -178.650 -54.109 10.805
v -178.612 -54.017 9.946
v -178.504 -53.929 10.805
v -178.363 -53.756 9.936
v -178.352 -53.769 10.805
v -178.001 -53.527 10.805
v -177.747 -53.386 9.946
v -177.397 -53.282 9.936
v -177.606 -53.366 10.837
v -177.369 -53.305 10.811
v -177.744 -65.438 9.936
v -178.363 -65.079 9.936
v -177.397 -65.552 9.936
v -178.612 -64.817 9.946
v -177.803 -65.400 10.805
v -177.605 -65.469 10.834
v -178.385 -65.039 10.805
v -178.643 -64.721 10.805
v -178.269 -64.616 10.840
v -178.790 -64.445 10.805
v -178.890 -64.097 10.805
v -177.369 -65.529 10.812
v -177.518 -62.096 10.828
v -177.866 -62.180 10.810
v -177.968 -62.417 10.830
v -178.421 -62.553 10.818
v -178.682 -62.892 10.828
v -178.838 -63.220 10.828
v -178.274 -62.973 10.839
v -177.185 -62.078 10.826
v -177.198 -65.494 11.662
v -177.352 -65.195 11.206
v -177.197 -65.205 11.661
v -176.983 -65.484 11.607
v -176.983 -65.192 11.607
v -176.739 -62.411 10.828
v -176.749 -62.349 11.302
v -176.864 -62.346 13.319
v -176.793 -62.331 12.476
v -176.771 -62.340 11.889
v -176.995 -62.198 13.303
v -177.229 -62.157 13.323
v -177.152 -62.429 10.827
v -177.566 -62.476 10.824
v -178.011 -62.743 10.831
v -177.100 -62.303 13.329
v -177.617 -62.185 13.310
v -177.963 -62.442 13.323
v -178.237 -62.506 13.323
v -178.306 -62.893 13.319
v -178.669 -62.997 13.295
v -178.742 -63.212 13.324
v -178.723 -63.671 13.324
v -178.739 -64.064 13.323
v -178.752 -64.388 13.323
v -178.607 -64.705 13.306
v -178.305 -64.707 13.320
v -178.020 -65.178 13.323
v -177.668 -65.228 13.327
v -177.461 -65.436 13.320
v -177.114 -65.449 13.323
v -176.774 -65.232 13.326
v -176.771 -65.409 13.308
v -176.430 -65.185 13.326
v -176.158 -65.076 13.323
v -176.109 -64.706 13.320
v -175.672 -64.385 13.324
v -175.616 -63.914 13.324
v -177.585 -62.364 13.328
v -178.109 -62.711 13.319
v -176.891 -65.560 10.811
v -176.061 -65.096 10.828
v -176.125 -64.622 10.839
v -175.621 -64.492 10.828
v -175.488 -63.974 10.826
v -175.732 -63.497 13.321
v -175.800 -63.477 13.298
v -175.748 -63.363 11.889
v -175.757 -63.341 11.302
v -175.739 -63.384 12.476
v -175.866 -63.336 10.830
v -175.549 -63.524 10.808
v -175.786 -64.831 10.807
v -175.904 -64.430 13.322
v -175.882 -63.547 10.820
v -176.137 -64.563 10.815
v -175.880 -64.007 10.824
v -170.305 -63.632 10.808
v -171.014 -63.982 10.785
v -171.621 -64.167 10.776
v -172.309 -64.299 10.782
v -172.969 -64.326 10.785
v -173.311 -64.274 10.752
v -173.631 -64.262 10.785
v -174.276 -64.107 10.782
v -174.900 -63.869 10.785
v -175.135 -63.718 10.752
v -171.642 -64.211 10.805
v -178.038 -62.767 11.453
v -178.239 -62.967 11.453
v -178.280 -63.051 10.815
v -178.544 -63.226 13.320
v -178.544 -64.371 13.320
v -178.531 -63.624 10.820
v -178.511 -64.051 10.822
v -178.279 -64.552 10.816
v -176.171 -64.629 11.453
v -176.350 -64.801 11.453
v -176.304 -64.884 13.319
v -176.245 -64.475 10.813
v -177.207 -65.253 13.320
v -178.108 -64.890 13.319
v -178.038 -64.830 11.453
v -178.239 -64.630 11.453
v -170.090 -63.540 10.885
v -169.833 -63.306 10.801
v -170.311 -63.979 10.830
v -169.962 -63.915 10.874
v -170.141 -63.966 11.040
v -170.077 -63.584 11.045
v -169.922 -63.360 11.109
v -169.915 -63.493 13.319
v -169.911 -63.382 12.427
v -169.902 -63.361 11.836
v -170.038 -63.914 13.325
v -168.803 -65.678 10.812
v -168.793 -65.471 11.035
v -169.207 -65.327 11.043
v -169.494 -65.145 11.043
v -169.705 -64.956 11.038
v -169.871 -64.736 11.043
v -170.029 -64.435 11.043
v -170.246 -64.476 10.811
v -170.010 -64.761 10.863
v -169.862 -65.101 10.811
v -169.590 -65.221 10.862
v -169.251 -65.495 10.831
v -169.055 -65.111 10.851
v -170.105 -64.422 10.902
v -172.298 -66.845 10.787
v -173.179 -66.883 10.787
v -172.647 -66.920 10.787
v -172.408 -66.735 9.936
v -168.734 -65.602 9.938
v -172.791 -66.758 9.934
v -173.182 -66.790 9.936
v -168.425 -62.159 13.325
v -167.966 -62.370 13.329
v -167.619 -62.460 13.325
v -167.330 -62.891 13.318
v -167.099 -63.212 13.323
v -166.904 -63.220 13.323
v -166.875 -63.714 13.330
v -166.840 -64.060 13.327
v -166.900 -64.388 13.323
v -167.323 -64.710 13.318
v -167.574 -65.131 13.326
v -167.965 -65.245 13.325
v -168.507 -65.449 13.320
v -168.799 -65.283 13.327
v -169.144 -65.169 13.326
v -169.493 -65.076 13.323
v -169.536 -64.711 13.320
v -169.941 -64.364 13.326
v -168.880 -65.409 13.308
v -168.188 -65.434 13.324
v -166.982 -62.999 13.295
v -167.399 -62.496 13.304
v -168.034 -62.185 13.310
v -169.712 -64.490 13.317
v -169.049 -62.520 10.752
v -169.476 -64.630 11.453
v -169.343 -64.889 13.318
v -169.275 -64.830 11.453
v -168.444 -65.253 13.320
v -167.523 -64.857 13.320
v -168.782 -62.345 13.319
v -168.379 -62.342 13.325
v -168.644 -62.192 13.300
v -168.860 -62.332 12.427
v -168.882 -62.341 11.836
v -168.850 -62.287 11.078
v -168.432 -62.093 11.038
v -168.659 -62.150 11.044
v -168.678 -62.030 10.841
v -167.738 -62.336 10.915
v -167.522 -62.742 13.320
v -168.513 -61.903 10.820
v -168.081 -62.126 11.043
v -167.572 -62.339 11.043
v -167.143 -62.688 11.043
v -166.964 -62.939 11.035
v -166.844 -62.911 10.860
v -166.779 -62.408 10.798
v -167.292 -62.367 10.858
v -167.658 -62.094 10.831
v -168.054 -62.003 10.864
v -168.152 -60.918 10.782
v -168.331 -61.386 10.782
v -168.407 -61.562 10.779
v -168.112 -60.444 10.784
v -168.035 -60.492 10.424
v -168.503 -60.247 10.433
v -168.230 -60.293 10.793
v -168.546 -60.132 10.462
v -168.234 -58.611 10.800
v -168.170 -59.147 10.800
v -168.173 -59.642 10.798
v -168.543 -58.686 10.459
v -168.509 -59.082 10.463
v -168.503 -59.585 10.463
v -168.464 -58.548 10.424
v -167.940 -59.899 10.424
v -167.940 -58.935 10.424
v -168.035 -58.342 10.424
v -168.227 -58.523 10.792
v -168.106 -58.388 10.785
v -168.551 -57.023 10.774
v -168.327 -57.446 10.785
v -168.152 -57.916 10.782
v -168.489 -56.916 10.828
v -167.534 -62.850 11.453
v -167.386 -62.966 11.453
v -167.107 -64.371 13.320
v -167.016 -63.600 13.314
v -167.020 -64.071 13.317
v -167.388 -64.631 11.453
v -167.524 -64.736 11.453
v -167.597 -65.185 10.818
v -168.717 -65.363 10.408
v -168.271 -65.227 10.407
v -166.792 -63.180 10.863
v -166.736 -63.615 10.812
v -166.897 -63.071 11.029
v -166.731 -63.860 10.800
v -168.683 -56.798 10.844
v -167.541 -59.584 10.784
v -167.189 -59.583 10.784
v -166.739 -59.417 10.796
v -167.202 -59.230 10.783
v -166.779 -56.426 10.798
v -167.265 -56.440 10.857
v -168.054 -56.831 10.864
v -167.540 -59.247 10.784
v -166.739 -57.936 10.796
v -167.675 -56.705 10.864
v -166.838 -55.905 10.859
v -166.739 -60.898 10.796
v -168.445 -56.738 11.042
v -168.698 -56.664 11.044
v -168.860 -56.539 11.081
v -168.785 -56.486 13.319
v -168.860 -56.502 12.427
v -168.882 -56.493 11.836
v -168.657 -56.627 13.315
v -168.424 -56.676 13.324
v -166.954 -55.877 11.030
v -167.143 -56.147 11.043
v -167.572 -56.495 11.043
v -168.081 -56.708 11.043
v -166.784 -55.622 10.861
v -166.736 -55.188 10.810
v -166.732 -54.967 10.802
v -166.891 -55.747 11.035
v -166.835 -63.799 9.936
v -166.835 -55.036 9.936
v -167.590 -59.545 10.430
v -167.202 -59.579 10.448
v -167.215 -59.234 10.449
v -167.586 -59.277 10.431
v -166.832 -64.376 10.805
v -166.862 -64.485 9.940
v -166.819 -64.134 9.934
v -166.969 -64.660 10.805
v -166.947 -64.673 9.969
v -167.142 -64.754 9.937
v -167.299 -65.089 9.940
v -167.232 -65.011 10.805
v -167.640 -65.200 9.937
v -168.033 -65.464 10.898
v -167.907 -65.438 9.936
v -166.843 -55.917 9.916
v -167.299 -53.745 9.940
v -167.640 -53.635 9.937
v -167.542 -53.587 10.805
v -167.142 -54.080 9.937
v -167.135 -53.946 10.805
v -166.947 -54.161 9.969
v -166.964 -54.171 10.805
v -166.832 -54.458 10.805
v -166.862 -54.349 9.940
v -166.819 -54.700 9.934
v -167.904 -53.386 9.946
v -167.965 -53.573 9.930
v -168.254 -53.282 9.936
v -168.045 -53.371 11.031
v -168.096 -53.352 10.943
v -168.269 -53.301 10.931
v -168.270 -53.333 11.032
v -168.254 -65.552 9.936
v -168.043 -65.463 11.033
v -168.271 -65.535 10.930
v -168.270 -65.501 11.032
v -169.049 -56.314 10.752
v -167.781 -56.263 10.855
v -169.890 -54.371 13.329
v -169.537 -54.123 13.320
v -169.493 -53.759 13.323
v -169.117 -53.635 13.323
v -168.815 -53.526 13.323
v -168.463 -53.545 13.326
v -167.986 -53.574 13.326
v -167.562 -53.661 13.320
v -167.326 -54.122 13.318
v -166.900 -54.446 13.323
v -166.840 -54.775 13.327
v -166.875 -55.120 13.330
v -166.904 -55.614 13.323
v -167.099 -55.622 13.323
v -167.329 -55.944 13.318
v -167.619 -56.374 13.325
v -168.032 -56.636 13.323
v -167.399 -56.338 13.304
v -166.982 -55.836 13.295
v -168.497 -53.376 13.311
v -168.186 -53.390 13.313
v -169.711 -54.336 13.319
v -168.371 -56.485 13.324
v -167.940 -56.403 13.323
v -167.522 -56.092 13.320
v -167.524 -55.973 11.453
v -167.388 -55.868 11.453
v -167.158 -54.375 13.319
v -167.020 -54.763 13.317
v -167.016 -55.234 13.314
v -167.378 -54.198 11.453
v -167.524 -53.975 13.320
v -167.417 -54.208 11.453
v -167.587 -54.033 11.453
v -167.387 -54.204 11.453
v -169.342 -53.945 13.318
v -168.718 -53.472 10.404
v -168.271 -53.607 10.407
v -169.275 -54.004 11.453
v -169.462 -54.197 11.453
v -169.480 -54.206 11.453
v -168.425 -65.495 11.661
v -168.655 -65.486 11.627
v -168.299 -65.195 11.206
v -168.427 -65.206 11.661
v -168.655 -65.194 11.627
v -168.655 -53.349 11.627
v -168.425 -53.339 11.661
v -168.427 -53.628 11.661
v -168.655 -53.640 11.627
v -168.299 -53.639 11.206
v -168.733 -53.404 9.952
v -169.733 -53.119 10.402
v -169.761 -53.054 9.939
v -170.503 -54.779 10.407
v -170.572 -54.804 9.939
v -169.980 -55.083 10.403
v -169.489 -55.445 10.406
v -169.035 -55.876 10.406
v -168.648 -56.346 10.403
v -169.279 -55.672 10.376
v -168.312 -56.857 10.408
v -169.294 -55.688 9.964
v -170.048 -55.107 9.938
v -168.350 -56.921 9.933
v -167.023 -56.863 10.402
v -166.970 -56.916 9.939
v -167.028 -55.036 10.406
v -168.003 -53.689 10.406
v -167.588 -53.921 10.410
v -167.203 -54.378 10.411
v -167.059 -54.742 10.406
v -168.254 -53.544 9.935
v -167.725 -53.795 10.387
v -167.285 -54.195 10.392
v -167.454 -53.939 9.935
v -167.093 -54.435 9.935
v -167.013 -54.732 9.949
v -168.254 -65.290 9.935
v -168.003 -65.145 10.406
v -167.984 -65.203 9.935
v -167.013 -64.102 9.949
v -167.059 -64.093 10.406
v -167.093 -64.399 9.935
v -167.150 -64.374 10.406
v -167.297 -64.630 10.406
v -167.454 -64.895 9.935
v -167.523 -64.866 10.408
v -167.731 -65.028 10.403
v -167.028 -63.799 10.406
v -167.023 -61.971 10.402
v -166.970 -61.919 9.939
v -168.312 -61.977 10.408
v -168.350 -61.913 9.933
v -168.648 -62.488 10.403
v -169.035 -62.959 10.406
v -169.473 -63.409 10.424
v -169.980 -63.751 10.403
v -169.279 -63.163 10.376
v -169.494 -63.383 10.400
v -170.503 -64.055 10.407
v -169.733 -65.715 10.402
v -169.757 -65.772 9.943
v -169.776 -65.817 9.917
v -170.572 -64.031 9.939
v -169.294 -63.146 9.964
v -170.048 -63.727 9.938
v -167.808 -60.668 10.390
v -167.741 -60.304 10.376
v -167.958 -61.205 10.403
v -167.686 -60.120 10.406
v -167.780 -60.675 10.419
v -168.164 -61.687 10.405
v -167.959 -57.627 10.403
v -167.779 -58.152 10.420
v -167.687 -58.704 10.406
v -167.808 -58.159 10.392
v -167.741 -58.531 10.376
v -168.162 -57.149 10.405
v -167.023 -61.689 10.402
v -167.023 -57.145 10.402
v -167.765 -58.535 9.964
v -167.737 -58.794 9.935
v -167.699 -59.417 9.935
v -167.737 -60.040 9.935
v -167.765 -60.299 9.964
v -166.970 -57.093 9.939
v -166.970 -61.742 9.939
v -178.333 -59.334 10.492
v -178.175 -59.356 10.488
v -178.161 -59.438 10.488
v -178.357 -59.436 10.488
v -173.935 -64.422 9.935
v -174.433 -64.286 9.938
v -175.721 -65.836 9.939
v -171.218 -64.286 9.938
v -169.930 -65.836 9.939
v -171.218 -54.549 9.938
v -169.904 -52.987 9.920
v -174.433 -54.549 9.938
v -173.935 -54.412 9.935
v -175.748 -52.987 9.920
v -169.945 -53.005 9.949
v -172.370 -52.211 9.949
v -172.051 -54.336 9.964
v -170.766 -54.656 10.407
v -170.003 -53.030 10.402
v -172.446 -52.243 10.410
v -172.037 -54.292 10.403
v -171.374 -54.439 10.403
v -172.815 -54.234 10.405
v -172.541 -52.195 10.384
v -172.825 -52.181 10.400
v -172.808 -52.213 10.422
v -172.051 -64.498 9.964
v -172.825 -64.589 10.394
v -172.812 -66.644 10.406
v -172.542 -66.627 10.400
v -172.403 -66.580 10.408
v -171.374 -64.395 10.403
v -172.037 -64.542 10.403
v -170.762 -64.167 10.401
v -169.991 -65.809 10.395
v -172.800 -64.615 10.420
v -170.778 -64.211 10.424
v -170.037 -65.789 10.422
v -173.281 -52.211 9.949
v -175.706 -53.005 9.949
v -174.277 -54.439 10.403
v -173.614 -54.292 10.403
v -174.885 -54.656 10.407
v -173.178 -52.241 10.412
v -175.648 -53.030 10.402
v -173.109 -52.195 10.384
v -173.002 -54.202 10.424
v -174.889 -64.168 10.401
v -175.661 -65.809 10.395
v -173.248 -66.580 10.408
v -173.614 -64.542 10.403
v -174.277 -64.395 10.403
v -173.087 -66.623 10.405
v -174.873 -64.211 10.424
v -173.002 -64.632 10.424
v -175.614 -65.789 10.422
v -181.193 -59.580 -1.572
v -181.175 -59.238 -1.572
v -180.857 -59.263 -1.572
v -180.862 -59.567 -1.572
v -181.197 -65.949 -1.572
v -181.116 -52.519 -1.572
v -181.232 -52.827 -1.572
v -181.932 -51.920 -1.572
v -181.787 -51.802 -1.572
v -181.737 -51.797 -1.572
v -179.100 -51.797 -1.515
v -180.909 -52.534 -1.572
v -180.845 -52.827 -1.572
v -181.949 -66.896 -1.572
v -179.100 -67.037 -1.515
v -180.891 -66.278 -1.572
v -180.840 -65.979 -1.572
v -181.161 -66.288 -1.572
v -181.834 -67.018 -1.572
v -181.762 -67.035 -1.572
v -181.039 -53.005 -1.572
v -178.944 -51.797 -1.496
v -178.944 -67.037 -1.496
v -179.070 -67.028 -0.779
v -178.918 -67.028 -0.779
v -179.070 -51.797 -0.832
v -178.918 -51.797 -0.832
v -178.918 -66.859 -0.589
v -179.070 -66.859 -0.589
v -179.070 -66.949 -0.645
v -178.918 -66.949 -0.645
v -178.918 -65.005 -0.008
v -179.070 -65.005 -0.008
v -179.070 -51.975 -0.589
v -178.918 -51.975 -0.589
v -178.918 -51.855 -0.688
v -179.070 -51.855 -0.688
v -178.918 -53.829 -0.008
v -179.070 -53.829 -0.008
v -178.896 -65.005 0.470
v -178.896 -53.829 0.470
v -179.054 -53.829 0.426
v -179.054 -65.005 0.426
v -178.829 -58.270 0.447
v -176.226 -53.831 0.523
v -177.669 -53.827 0.569
v -177.596 -65.049 0.580
v -176.226 -65.003 0.523
v -176.055 -64.881 0.523
v -176.025 -62.742 0.523
v -176.055 -53.952 0.523
v -176.025 -56.092 0.523
v -176.639 -61.961 0.523
v -177.061 -61.169 0.523
v -177.321 -60.310 0.523
v -177.565 -59.437 0.470
v -177.296 -58.439 0.498
v -177.061 -57.665 0.523
v -176.639 -56.873 0.523
v -177.128 -62.971 0.549
v -177.524 -62.010 0.549
v -177.707 -62.217 0.549
v -178.118 -62.014 0.551
v -177.335 -63.086 0.544
v -176.793 -63.194 0.546
v -178.056 -56.744 0.546
v -177.421 -55.539 0.558
v -178.014 -57.179 0.549
v -178.007 -61.643 0.551
v -177.887 -62.227 0.549
v -177.422 -63.304 0.554
v -176.968 -62.983 0.561
v -176.864 -63.548 0.552
v -177.624 -61.646 0.546
v -177.221 -63.585 0.546
v -177.355 -55.676 0.538
v -177.607 -57.171 0.549
v -176.881 -55.272 0.552
v -176.786 -55.618 0.546
v -177.581 -56.752 0.546
v -177.139 -55.856 0.549
v -177.224 -55.243 0.549
v -176.950 -55.844 0.561
v -177.910 -59.306 0.537
v -177.923 -59.500 0.549
v -177.703 -59.352 0.460
v -177.453 -58.270 0.447
v -178.059 -63.146 10.805
v -177.603 -62.794 53.985
v -177.603 -62.794 10.805
v -176.475 -62.795 53.985
v -176.475 -62.795 10.805
v -176.286 -63.248 10.805
v -176.814 -64.797 53.985
v -176.814 -64.797 10.805
v -177.269 -64.870 53.985
v -177.269 -64.870 10.805
v -177.610 -64.800 53.985
v -177.610 -64.800 10.805
v -178.064 -64.445 53.985
v -178.064 -64.445 10.805
v -175.995 -63.243 53.985
v -176.143 -62.995 53.985
v -177.415 -63.416 0.599
v -166.789 -63.668 0.878
v -166.824 -62.601 0.899
v -166.824 -58.088 0.899
v -167.553 -58.944 0.866
v -166.824 -60.746 0.899
v -167.247 -59.877 0.857
v -167.568 -59.876 0.859
v -167.866 -59.266 0.862
v -166.930 -59.543 0.857
v -166.940 -59.236 0.859
v -167.868 -59.558 0.860
v -167.273 -58.942 0.862
v -167.811 -59.808 0.899
v -169.038 -61.216 0.892
v -169.357 -61.779 0.894
v -169.748 -62.269 0.894
v -168.817 -60.669 0.895
v -171.889 -63.505 0.894
v -172.488 -63.593 0.892
v -170.725 -63.048 0.894
v -171.290 -63.320 0.894
v -170.137 -62.656 0.899
v -175.896 -62.269 0.894
v -176.286 -61.779 0.894
v -175.458 -62.680 0.895
v -177.019 -59.417 0.896
v -176.968 -58.792 0.894
v -176.968 -60.042 0.894
v -176.286 -57.055 0.894
v -175.896 -56.565 0.894
v -169.038 -57.618 0.892
v -169.357 -57.055 0.894
v -170.056 -56.277 0.892
v -169.748 -56.565 0.894
v -168.675 -58.792 0.894
v -168.628 -59.417 0.894
v -168.817 -58.165 0.895
v -168.675 -60.042 0.894
v -177.721 -56.576 0.895
v -177.699 -62.236 0.884
v -173.155 -63.593 0.892
v -173.755 -63.505 0.894
v -174.353 -63.320 0.894
v -172.652 -63.640 0.899
v -174.919 -63.048 0.894
v -178.563 -64.782 0.872
v -178.310 -65.059 0.876
v -178.778 -64.411 0.872
v -178.895 -64.038 0.872
v -178.929 -63.660 0.878
v -177.987 -65.289 0.872
v -177.633 -65.450 0.876
v -173.088 -66.887 0.880
v -177.232 -65.540 0.899
v -172.627 -66.903 0.878
v -172.237 -66.824 0.876
v -168.288 -65.485 0.899
v -167.613 -65.210 0.882
v -167.143 -64.773 0.876
v -166.947 -64.433 0.876
v -166.827 -64.060 0.876
v -168.080 -65.458 0.876
v -166.947 -54.410 0.876
v -167.143 -54.070 0.876
v -166.785 -55.173 0.876
v -166.827 -54.783 0.876
v -167.431 -53.807 0.899
v -167.626 -53.620 0.881
v -166.824 -56.233 0.899
v -168.089 -53.416 0.899
v -168.288 -53.357 0.899
v -170.195 -56.124 0.899
v -172.235 -52.016 0.876
v -171.889 -55.329 0.894
v -171.290 -55.513 0.894
v -172.652 -55.217 0.899
v -172.488 -55.241 0.892
v -170.723 -55.782 0.896
v -172.625 -51.936 0.878
v -173.087 -51.952 0.880
v -175.587 -56.277 0.892
v -174.353 -55.513 0.894
v -173.155 -55.241 0.892
v -177.232 -53.296 0.899
v -175.436 -56.138 0.894
v -174.921 -55.782 0.896
v -173.755 -55.329 0.894
v -177.986 -53.545 0.872
v -177.621 -53.416 0.899
v -178.537 -54.030 0.875
v -178.769 -54.405 0.869
v -178.895 -54.797 0.872
v -178.933 -55.175 0.876
v -178.936 -56.009 0.877
v -178.932 -57.004 0.876
v -178.894 -58.088 0.899
v -178.935 -56.233 0.899
v -178.894 -60.746 0.899
v -178.935 -61.775 0.874
v -178.958 -62.601 0.899
v -178.935 -63.070 0.877
v -168.288 -62.601 0.899
v -168.288 -63.662 0.899
v -168.288 -60.746 0.899
v -177.844 -58.088 0.899
v -177.844 -60.746 0.899
v -168.288 -58.088 0.899
v -168.288 -56.233 0.899
v -177.232 -56.233 0.899
v -177.844 -62.601 0.899
v -177.844 -63.662 0.899
v -177.634 -53.375 0.870
v -178.313 -53.772 0.873
v -178.966 -55.175 0.599
v -178.968 -55.960 0.599
v -179.074 -56.736 0.599
v -178.979 -56.946 0.599
v -178.966 -57.022 0.599
v -178.966 -60.540 0.599
v -178.967 -61.768 0.599
v -178.981 -61.836 0.599
v -179.090 -62.105 0.599
v -178.967 -63.133 0.599
v -178.966 -63.660 0.599
v -178.687 -64.618 0.838
v -173.409 -52.004 0.870
v -177.644 -53.347 -0.168
v -173.418 -51.975 -0.168
v -168.076 -53.376 0.870
v -173.022 -51.892 -0.168
v -172.638 -51.896 -0.170
v -172.223 -51.978 -0.168
v -167.391 -53.763 0.856
v -168.067 -53.348 -0.168
v -167.701 -53.512 -0.168
v -167.378 -53.748 -0.168
v -167.111 -54.047 -0.168
v -166.911 -54.394 -0.168
v -166.788 -54.775 -0.168
v -166.746 -55.173 -0.168
v -177.988 -53.496 -0.165
v -178.321 -53.761 -0.159
v -178.323 -53.825 0.599
v -178.331 -53.766 0.599
v -178.782 -54.379 0.599
v -178.948 -54.918 0.599
v -167.392 -65.080 0.856
v -166.746 -63.669 -0.168
v -166.788 -64.068 -0.168
v -166.911 -64.449 -0.168
v -167.111 -64.796 -0.168
v -167.379 -65.095 -0.168
v -167.702 -65.331 -0.168
v -168.068 -65.495 -0.168
v -173.410 -66.834 0.870
v -172.224 -66.861 -0.168
v -172.640 -66.943 -0.170
v -173.024 -66.947 -0.168
v -173.419 -66.863 -0.168
v -177.645 -65.488 -0.168
v -178.320 -65.068 -0.157
v -178.001 -65.331 -0.168
v -177.889 -65.401 -0.135
v -178.948 -63.917 0.599
v -178.861 -64.284 0.599
v -178.703 -64.627 0.599
v -178.482 -64.933 0.599
v -178.322 -65.042 0.599
v -166.758 -59.251 -0.179
v -166.755 -59.553 -0.178
v -178.301 -53.802 -0.142
v -177.675 -65.072 -0.163
v -177.736 -53.802 -0.142
v -177.639 -53.743 -0.169
v -177.471 -53.717 0.599
v -175.495 -53.029 -0.164
v -175.517 -53.075 0.599
v -175.476 -52.988 -0.187
v -174.382 -55.565 -0.167
v -174.410 -55.540 0.599
v -174.657 -63.111 -0.166
v -175.167 -62.810 -0.169
v -175.633 -62.436 -0.166
v -176.066 -61.966 -0.166
v -176.401 -61.467 -0.169
v -176.349 -61.139 -0.164
v -176.665 -60.915 -0.169
v -176.825 -60.318 -0.164
v -176.838 -59.548 -0.170
v -176.935 -59.111 -0.169
v -176.825 -58.515 -0.164
v -176.665 -57.919 -0.169
v -176.349 -57.695 -0.164
v -176.401 -57.367 -0.169
v -176.066 -56.868 -0.166
v -175.633 -56.398 -0.166
v -175.167 -56.024 -0.169
v -174.657 -55.722 -0.166
v -174.381 -63.268 -0.167
v -175.496 -56.401 0.599
v -174.841 -55.768 0.599
v -176.169 -56.929 0.599
v -176.619 -57.693 0.599
v -176.898 -58.535 0.599
v -176.796 -59.417 0.599
v -176.781 -60.355 0.599
v -176.619 -61.141 0.599
v -176.169 -61.905 0.599
v -175.496 -62.433 0.599
v -174.841 -63.066 0.599
v -174.410 -63.294 0.599
v -175.502 -65.795 -0.148
v -175.518 -65.761 0.599
v -175.489 -65.825 -0.178
v -177.840 -56.588 0.599
v -177.765 -56.593 0.599
v -168.748 -58.551 0.884
v -169.449 -56.967 0.884
v -170.210 -56.142 0.892
v -170.734 -55.800 0.884
v -171.534 -55.456 0.884
v -174.109 -55.456 0.884
v -174.910 -55.800 0.884
v -176.194 -56.967 0.884
v -176.896 -58.551 0.884
v -176.998 -59.417 0.884
v -176.896 -60.283 0.884
v -176.591 -61.232 0.890
v -176.194 -61.867 0.884
v -175.608 -62.512 0.884
v -174.109 -63.378 0.884
v -171.534 -63.378 0.884
v -170.035 -62.512 0.884
v -169.449 -61.867 0.884
v -168.748 -60.283 0.884
v -170.210 -62.692 0.892
v -176.591 -57.602 0.890
v -167.090 -59.072 0.834
v -167.710 -59.082 0.830
v -167.737 -59.729 0.828
v -167.063 -59.734 0.832
v -166.982 -59.325 0.341
v -167.205 -59.194 0.320
v -167.197 -58.810 0.579
v -167.541 -58.860 0.535
v -167.607 -59.211 0.320
v -167.904 -59.223 0.496
v -167.930 -59.534 0.496
v -167.609 -59.617 0.319
v -167.544 -59.942 0.496
v -167.203 -60.010 0.562
v -167.191 -59.613 0.320
v -166.977 -59.463 0.341
v -168.805 -59.417 0.599
v -169.016 -58.608 0.599
v -169.214 -58.009 0.599
v -169.674 -57.130 0.599
v -170.218 -56.525 0.599
v -170.876 -56.047 0.599
v -171.468 -55.484 0.599
v -172.415 -55.547 0.599
v -173.130 -55.554 0.599
v -174.086 -55.567 0.599
v -174.698 -56.026 0.599
v -175.933 -57.105 0.599
v -176.376 -57.834 0.599
v -176.628 -58.608 0.599
v -176.376 -61.000 0.599
v -175.933 -61.729 0.599
v -174.698 -62.808 0.599
v -174.086 -63.267 0.599
v -173.130 -63.280 0.599
v -172.415 -63.287 0.599
v -171.468 -63.350 0.599
v -170.766 -62.700 0.599
v -170.218 -62.309 0.599
v -169.594 -61.556 0.599
v -169.214 -60.825 0.599
v -169.016 -60.226 0.599
v -167.575 -59.585 -0.485
v -167.211 -59.590 -0.485
v -167.212 -59.241 -0.485
v -167.561 -59.225 -0.485
v -167.606 -58.895 -0.487
v -167.930 -59.596 -0.487
v -167.157 -58.875 -0.323
v -167.915 -59.178 -0.487
v -166.873 -59.182 -0.379
v -167.606 -59.939 -0.487
v -167.156 -59.960 -0.315
v -166.844 -59.596 -0.383
v -166.962 -59.820 -0.372
v -172.197 -63.228 0.599
v -171.187 -63.211 0.599
v -170.018 -62.072 0.599
v -168.983 -58.999 0.599
v -168.983 -59.834 0.599
v -175.321 -56.474 0.599
v -176.326 -61.038 0.599
v -175.321 -62.360 0.599
v -176.326 -57.795 0.599
v -176.593 -58.587 0.599
v -176.593 -60.247 0.599
v -169.513 -57.426 0.599
v -170.018 -56.761 0.599
v -170.655 -56.221 0.599
v -171.392 -55.830 0.599
v -172.197 -55.606 0.599
v -176.683 -58.821 -0.169
v -176.547 -58.238 -0.169
v -176.007 -57.159 -0.166
v -175.637 -56.708 -0.169
v -175.204 -56.325 -0.166
v -174.683 -55.985 -0.166
v -174.113 -55.562 -0.170
v -173.566 -55.581 -0.169
v -172.956 -55.510 -0.171
v -172.374 -55.536 -0.169
v -173.032 -55.539 -0.139
v -171.474 -55.521 -0.163
v -171.902 -55.452 -0.176
v -171.240 -55.848 -0.166
v -170.715 -56.104 -0.166
v -170.643 -56.204 -0.139
v -170.222 -56.500 -0.169
v -169.843 -56.911 -0.158
v -169.466 -57.420 -0.166
v -169.136 -57.959 -0.172
v -169.025 -58.528 -0.164
v -168.831 -59.114 -0.169
v -168.826 -59.677 -0.170
v -168.964 -58.998 -0.139
v -168.964 -59.836 -0.139
v -169.025 -60.305 -0.164
v -169.136 -60.875 -0.172
v -169.466 -61.414 -0.166
v -169.843 -61.923 -0.158
v -170.222 -62.334 -0.169
v -170.692 -62.690 -0.166
v -171.226 -62.975 -0.164
v -171.234 -63.227 -0.170
v -171.474 -63.314 -0.164
v -172.374 -63.298 -0.169
v -172.956 -63.324 -0.171
v -171.963 -63.346 -0.172
v -173.032 -63.294 -0.139
v -173.566 -63.252 -0.169
v -174.148 -63.257 -0.168
v -174.683 -62.849 -0.166
v -175.204 -62.509 -0.166
v -175.637 -62.126 -0.169
v -176.007 -61.675 -0.166
v -176.539 -60.593 -0.164
v -176.683 -60.013 -0.169
v -169.656 -56.877 -0.171
v -168.853 -58.508 -0.170
v -168.853 -60.325 -0.170
v -169.656 -61.957 -0.171
v -176.572 -60.604 -0.188
v -167.115 -59.998 -0.174
v -167.115 -58.836 -0.175
v -166.916 -58.990 -0.191
v -166.916 -59.844 -0.191
v -167.857 -59.851 0.599
v -167.809 -58.933 0.599
v -167.104 -55.219 -0.169
v -167.151 -55.188 0.599
v -167.189 -54.739 -0.168
v -167.234 -54.751 0.599
v -167.314 -54.438 -0.175
v -167.571 -54.171 0.599
v -167.621 -54.057 -0.173
v -167.373 -54.445 0.599
v -167.819 -53.943 0.599
v -168.107 -53.768 0.599
v -168.087 -53.726 -0.168
v -168.295 -53.645 -0.169
v -168.308 -53.687 0.599
v -167.811 -53.900 -0.157
v -170.171 -53.085 0.599
v -170.169 -53.037 -0.162
v -170.325 -53.040 -0.167
v -170.168 -52.998 -0.188
v -170.430 -53.043 0.599
v -171.164 -55.599 0.599
v -171.234 -55.600 -0.170
v -170.121 -62.558 0.599
v -170.854 -63.063 0.599
v -170.524 -62.809 -0.169
v -170.871 -63.031 -0.139
v -169.512 -61.909 0.599
v -170.053 -62.438 -0.166
v -169.277 -61.472 -0.169
v -169.056 -61.145 0.599
v -168.774 -60.301 0.599
v -168.994 -60.925 -0.152
v -169.089 -61.130 -0.139
v -168.774 -58.532 0.599
v -168.994 -57.909 -0.152
v -169.056 -57.689 0.599
v -169.512 -56.925 0.599
v -169.277 -57.362 -0.169
v -169.089 -57.704 -0.139
v -170.053 -56.396 -0.166
v -170.121 -56.275 0.599
v -170.524 -56.025 -0.169
v -170.854 -55.771 0.599
v -170.268 -65.778 -0.168
v -170.342 -65.760 0.599
v -170.176 -65.793 -0.150
v -170.422 -65.849 -0.168
v -170.171 -65.754 0.599
v -170.168 -65.824 -0.183
v -168.296 -65.198 -0.170
v -168.310 -65.156 0.599
v -167.151 -63.654 0.599
v -167.234 -64.091 0.599
v -167.374 -64.398 0.599
v -167.572 -64.671 0.599
v -167.819 -64.900 0.599
v -168.108 -65.075 0.599
v -167.104 -63.645 -0.169
v -168.084 -65.115 -0.168
v -167.805 -64.938 -0.157
v -167.615 -64.788 -0.176
v -167.324 -64.408 -0.170
v -167.184 -64.091 -0.171
v -177.453 -60.540 0.599
v -177.982 -59.468 0.726
v -177.981 -59.328 0.726
v -173.160 -66.526 -0.168
v -175.230 -65.852 -0.166
v -175.252 -65.792 -0.174
v -172.825 -63.569 -0.167
v -173.380 -63.504 -0.169
v -172.798 -66.528 -0.167
v -173.160 -52.311 -0.170
v -175.226 -52.972 -0.168
v -175.245 -53.028 -0.164
v -172.798 -52.311 -0.166
v -172.822 -55.265 -0.167
v -173.380 -55.330 -0.169
v -172.349 -52.341 -0.169
v -170.454 -52.970 -0.169
v -172.269 -55.329 -0.169
v -172.344 -66.497 -0.169
v -172.269 -63.504 -0.169
v -175.184 -65.828 0.599
v -173.101 -66.493 0.599
v -175.196 -65.791 0.599
v -172.772 -66.486 0.599
v -172.783 -63.606 0.599
v -173.017 -63.584 0.599
v -173.608 -63.513 0.599
v -173.818 -63.427 -0.164
v -173.602 -63.481 -0.139
v -172.384 -66.461 0.599
v -170.493 -65.829 0.599
v -172.045 -63.514 0.599
v -171.865 -63.437 -0.161
v -170.509 -52.993 0.599
v -172.383 -52.378 0.599
v -172.772 -52.353 0.599
v -172.783 -55.227 0.599
v -172.045 -55.319 0.599
v -171.879 -55.386 -0.149
v -175.192 -53.028 0.599
v -175.169 -52.993 0.599
v -173.101 -52.346 0.599
v -173.017 -55.250 0.599
v -173.608 -55.321 0.599
v -173.821 -55.396 -0.147
v -173.602 -55.353 -0.139
v -54.383 169.296 53.985
v -54.383 169.296 10.805
v -54.001 168.728 53.985
v -53.958 168.382 53.985
v -53.958 168.382 10.805
v -55.592 167.526 53.985
v -56.034 168.050 53.985
v -56.034 168.050 10.805
v -56.114 168.389 53.985
v -56.114 168.389 10.805
v -56.069 168.734 10.805
v -55.682 169.300 10.805
v -55.949 169.415 10.805
v -55.949 169.415 53.985
v -63.146 169.296 10.805
v -62.798 169.118 53.985
v -62.764 168.728 10.805
v -62.721 168.382 53.985
v -62.743 167.968 53.985
v -62.721 168.382 10.805
v -62.743 167.968 10.805
v -64.858 167.975 53.985
v -64.858 167.975 10.805
v -64.877 168.389 53.985
v -64.832 168.734 53.985
v -64.877 168.389 10.805
v -64.832 168.734 10.805
v -64.445 169.300 53.985
v -64.445 169.300 10.805
v -62.878 169.409 10.805
v -62.878 169.409 53.985
v -63.238 169.645 53.985
v -63.146 178.059 10.805
v -62.794 177.603 53.985
v -62.794 177.603 10.805
v -62.795 176.475 53.985
v -62.795 176.475 10.805
v -63.248 176.286 10.805
v -64.797 176.814 53.985
v -64.797 176.814 10.805
v -64.870 177.269 53.985
v -64.870 177.269 10.805
v -64.800 177.610 53.985
v -64.800 177.610 10.805
v -64.445 178.064 53.985
v -64.445 178.064 10.805
v -63.243 175.995 53.985
v -62.995 176.143 53.985
v -63.810 177.371 0.899
v -63.810 177.371 10.424
v -64.080 177.954 0.899
v -64.080 177.954 10.424
v -63.359 176.543 0.899
v -63.359 176.543 10.424
v -63.100 175.944 0.899
v -62.215 178.908 0.899
v -62.215 178.908 10.424
v -62.952 175.898 0.899
v -62.952 175.898 10.424
v -62.214 176.392 0.899
v -62.214 176.392 10.424
v -62.064 176.464 0.899
v -61.895 178.315 10.424
v -62.288 177.892 10.424
v -62.082 178.020 10.424
v -62.041 177.501 10.424
v -61.562 177.576 10.424
v -61.674 177.970 10.424
v -61.962 177.381 0.899
v -61.962 177.381 10.424
v -61.775 177.386 10.424
v -61.775 177.386 0.899
v -61.392 177.536 0.899
v -61.392 177.536 10.424
v -61.113 177.062 0.899
v -61.113 177.062 10.424
v -62.267 179.059 0.899
v -64.220 177.885 0.899
v -64.197 177.765 0.899
v -62.267 179.059 10.424
v -64.220 177.885 10.424
v -60.982 176.972 10.424
v -64.197 177.765 10.424
v -56.731 177.994 10.424
v -57.160 177.970 10.424
v -57.236 177.576 10.424
v -56.780 177.499 10.424
v -56.535 177.899 10.424
v -56.939 178.315 10.424
v -56.872 177.381 10.424
v -56.872 177.381 0.899
v -57.059 177.386 10.424
v -57.059 177.386 0.899
v -57.429 177.549 0.899
v -57.429 177.549 10.424
v -57.694 177.041 0.899
v -57.694 177.041 10.424
v -54.721 177.938 0.899
v -54.721 177.938 10.424
v -56.755 176.457 0.899
v -55.474 176.543 0.899
v -55.474 176.543 10.424
v -55.711 175.946 0.899
v -55.852 175.917 0.899
v -55.852 175.917 10.424
v -54.637 177.765 0.899
v -56.567 179.059 0.899
v -56.567 179.059 10.424
v -54.637 177.765 10.424
v -57.843 176.949 10.424
v -59.557 180.451 29.812
v -59.569 180.765 29.812
v -59.246 180.782 29.812
v -59.253 180.463 29.812
v -59.246 180.456 29.707
v -59.229 180.796 29.708
v -59.584 180.809 29.708
v -59.585 180.455 29.708
v -58.516 178.907 29.685
v -67.843 178.866 29.678
v -61.189 180.026 29.705
v -67.813 180.096 29.685
v -61.567 180.059 29.703
v -60.960 180.369 29.702
v -61.178 180.698 29.704
v -65.758 180.729 29.694
v -61.707 180.380 29.704
v -61.530 180.685 29.704
v -65.979 180.391 29.730
v -65.761 180.527 29.695
v -66.326 180.466 29.723
v -67.241 181.638 29.671
v -66.085 181.012 29.685
v -66.329 180.795 29.721
v -60.990 180.126 29.686
v -67.838 180.912 29.708
v -58.516 181.581 29.685
v -65.964 180.864 29.734
v -67.784 180.977 29.686
v -57.616 180.007 29.704
v -57.267 180.059 29.703
v -57.823 180.136 29.702
v -51.015 178.876 29.667
v -51.021 180.096 29.685
v -52.497 180.475 29.720
v -52.816 180.373 29.731
v -53.050 180.732 29.711
v -53.048 180.521 29.710
v -57.127 180.380 29.704
v -57.871 180.380 29.704
v -57.814 180.627 29.687
v -57.267 180.666 29.704
v -57.604 180.710 29.705
v -52.750 181.012 29.685
v -52.823 180.892 29.733
v -51.595 181.642 29.667
v -52.494 180.784 29.722
v -51.020 180.936 29.695
v -58.516 180.096 29.685
v -50.982 180.898 29.717
v -51.041 181.018 29.710
v -67.803 181.030 29.729
v -67.785 181.014 29.696
v -61.005 180.535 29.725
v -65.966 180.841 29.960
v -66.319 180.780 29.980
v -66.314 180.476 29.982
v -65.981 180.411 29.967
v -52.830 180.865 29.958
v -53.043 180.718 30.016
v -52.821 180.397 29.964
v -53.044 180.528 30.026
v -52.509 180.486 29.984
v -52.505 180.769 29.980
v -52.750 181.012 30.066
v -66.085 181.012 30.066
v -65.761 180.527 30.056
v -65.758 180.729 30.057
v -57.575 180.703 29.812
v -57.311 180.673 29.812
v -57.160 180.416 29.812
v -57.283 180.075 29.812
v -57.593 180.021 29.812
v -57.804 180.153 29.812
v -57.850 180.379 29.812
v -57.640 180.479 29.812
v -61.221 180.699 29.812
v -61.133 180.497 29.812
v -60.978 180.341 29.812
v -61.211 180.040 29.812
v -61.551 180.075 29.812
v -61.674 180.416 29.812
v -61.487 180.689 29.812
v -67.219 181.690 29.073
v -51.615 181.690 29.074
v -52.111 182.289 29.074
v -66.704 182.297 29.073
v -66.588 182.336 29.069
v -52.235 182.337 29.073
v -66.693 182.292 29.868
v -67.799 181.029 29.863
v -66.575 182.330 29.863
v -67.478 180.817 30.066
v -66.516 181.948 30.066
v -67.844 180.936 29.866
v -52.240 182.328 29.864
v -51.035 181.029 29.863
v -52.131 182.289 29.869
v -52.318 181.948 30.066
v -51.126 180.935 29.932
v -50.981 180.907 29.866
v -50.978 178.859 29.684
v -67.857 178.808 29.073
v -50.977 178.808 29.073
v -64.610 178.787 29.050
v -65.093 178.787 29.050
v -63.572 178.787 29.050
v -60.356 178.787 29.050
v -59.417 178.787 29.050
v -67.091 178.787 29.050
v -54.225 178.787 29.050
v -56.465 178.787 29.050
v -52.508 178.787 29.050
v -51.743 178.787 29.050
v -51.156 178.787 29.050
v -50.972 177.743 29.078
v -50.975 177.807 29.863
v -51.357 177.860 30.066
v -50.985 177.745 29.868
v -51.031 177.652 29.064
v -51.029 177.651 29.865
v -53.336 175.334 29.074
v -51.348 177.362 29.050
v -51.743 176.968 29.050
v -51.670 177.335 29.050
v -52.508 176.203 29.050
v -51.932 176.779 29.050
v -52.871 176.063 29.050
v -53.339 175.345 29.866
v -53.451 175.292 29.070
v -53.653 175.314 29.972
v -53.812 175.373 30.054
v -53.806 175.407 30.065
v -53.792 175.425 30.066
v -54.848 175.343 29.997
v -54.908 175.588 30.034
v -54.865 175.316 29.072
v -54.225 175.319 29.050
v -55.020 175.561 29.080
v -55.002 175.545 29.955
v -54.975 175.608 29.057
v -54.847 175.827 29.978
v -54.868 175.841 29.073
v -54.518 175.795 30.066
v -54.403 175.941 30.016
v -54.014 176.162 30.053
v -53.789 176.381 30.066
v -53.667 176.831 30.019
v -53.610 177.276 30.019
v -53.656 177.574 30.019
v -53.743 177.865 30.046
v -53.897 178.039 30.005
v -54.141 178.320 30.019
v -54.395 178.483 30.019
v -54.869 178.652 30.052
v -55.280 178.648 30.053
v -55.593 178.604 30.066
v -55.912 178.343 30.031
v -56.247 177.962 30.019
v -56.414 177.603 30.031
v -56.475 177.102 30.020
v -56.036 178.175 29.986
v -55.561 178.524 30.013
v -55.268 178.573 29.975
v -54.781 178.570 29.985
v -53.937 176.352 29.994
v -56.408 177.137 29.071
v -56.322 177.671 29.071
v -56.435 178.025 29.065
v -56.081 178.070 29.075
v -56.088 178.473 29.061
v -55.635 178.423 29.075
v -55.265 178.555 29.071
v -54.975 178.605 29.050
v -54.827 178.549 29.072
v -54.404 178.421 29.069
v -53.987 178.428 29.070
v -53.907 177.961 29.073
v -53.515 177.932 29.066
v -53.602 177.602 29.063
v -53.666 177.284 29.067
v -53.710 176.840 29.069
v -53.988 176.340 29.071
v -54.416 175.988 29.068
v -67.859 177.807 29.863
v -67.847 177.720 29.074
v -67.478 177.860 30.066
v -67.837 177.713 29.868
v -67.789 177.632 29.863
v -67.788 177.640 29.055
v -65.472 175.322 29.073
v -66.902 176.779 29.050
v -67.091 176.968 29.050
v -65.892 176.113 29.051
v -67.459 177.335 29.050
v -65.470 175.332 29.870
v -65.351 175.289 29.070
v -65.114 175.339 30.007
v -65.036 175.417 30.066
v -63.964 175.318 29.074
v -63.998 175.342 30.001
v -64.610 175.319 29.050
v -63.922 175.591 30.030
v -63.835 175.589 29.069
v -63.967 175.841 29.073
v -63.990 175.827 29.981
v -62.420 177.603 30.031
v -62.559 177.980 30.053
v -62.859 178.330 30.059
v -63.241 178.604 30.066
v -63.554 178.648 30.053
v -63.965 178.652 30.052
v -64.440 178.483 30.019
v -64.693 178.320 30.019
v -64.906 178.107 30.019
v -65.071 177.855 30.019
v -65.178 177.574 30.019
v -65.224 177.276 30.019
v -65.167 176.831 30.019
v -65.036 176.387 30.063
v -64.784 176.124 30.056
v -64.317 175.795 30.066
v -64.421 175.942 30.013
v -64.886 176.347 29.988
v -64.053 178.570 29.985
v -63.567 178.573 29.975
v -63.177 178.462 30.003
v -62.720 178.070 29.981
v -62.355 177.099 30.021
v -62.159 177.021 30.065
v -61.733 177.171 30.011
v -57.101 177.171 30.011
v -56.660 177.020 30.065
v -61.121 177.452 30.038
v -60.449 177.622 30.019
v -59.763 177.715 30.019
v -59.071 177.715 30.019
v -58.385 177.622 30.019
v -57.713 177.452 30.038
v -62.138 176.937 30.001
v -61.101 177.392 29.952
v -60.723 177.495 29.944
v -59.857 177.652 29.944
v -58.977 177.652 29.944
v -58.112 177.495 29.944
v -57.734 177.392 29.952
v -56.683 176.935 30.000
v -62.293 176.946 29.989
v -62.120 176.900 29.074
v -62.316 176.923 29.074
v -62.430 177.138 29.072
v -56.519 176.952 29.984
v -56.507 176.927 29.076
v -56.698 176.899 29.072
v -57.701 177.367 29.071
v -58.119 177.467 29.103
v -58.397 177.563 29.071
v -58.980 177.623 29.103
v -59.075 177.655 29.071
v -59.728 177.658 29.069
v -59.854 177.623 29.103
v -60.430 177.567 29.069
v -60.715 177.467 29.103
v -61.133 177.367 29.071
v -61.709 177.119 29.074
v -57.125 177.119 29.074
v -61.170 177.545 29.063
v -57.504 177.605 29.068
v -64.399 175.986 29.070
v -64.875 175.937 29.067
v -64.846 176.340 29.071
v -65.110 176.836 29.069
v -65.168 177.284 29.067
v -65.118 177.572 29.069
v -65.272 177.916 29.067
v -64.883 178.028 29.075
v -64.841 178.426 29.070
v -64.413 178.429 29.071
v -64.008 178.549 29.072
v -63.859 178.605 29.050
v -63.570 178.558 29.069
v -63.164 178.410 29.071
v -62.727 178.044 29.071
v -62.512 177.671 29.071
v -53.673 177.222 29.622
v -65.161 177.206 29.622
v -53.911 175.922 29.070
v -54.162 175.738 29.069
v -51.978 177.225 29.071
v -52.508 178.081 29.050
v -51.695 178.475 29.073
v -65.287 175.665 29.068
v -64.638 175.708 29.076
v -65.087 178.344 29.068
v -67.074 177.344 29.050
v -67.488 177.856 29.069
v -67.091 177.413 29.050
v -67.485 178.362 29.073
v -67.139 178.475 29.073
v -51.743 177.413 29.050
v -51.345 177.855 29.068
v -51.349 178.362 29.073
v -52.508 177.207 29.050
v -52.443 176.714 29.050
v -53.535 175.665 29.068
v -53.067 176.139 29.073
v -54.285 175.670 29.070
v -53.692 176.149 29.072
v -53.490 176.486 29.067
v -52.879 176.326 29.073
v -53.367 176.837 29.069
v -53.332 177.213 29.066
v -53.749 178.333 29.072
v -53.367 177.594 29.072
v -52.508 178.526 29.050
v -56.295 178.391 29.076
v -65.457 177.609 29.068
v -65.502 177.215 29.066
v -65.462 176.831 29.067
v -66.856 177.225 29.071
v -66.457 176.779 29.050
v -65.329 176.463 29.063
v -65.955 176.326 29.073
v -65.138 176.148 29.070
v -64.499 175.658 29.060
v -65.757 176.134 29.077
v -58.698 177.961 29.069
v -58.051 177.834 29.069
v -59.309 178.006 29.067
v -56.855 177.367 29.052
v -57.832 178.495 29.069
v -57.545 178.492 29.073
v -59.306 178.493 29.070
v -56.740 177.539 29.070
v -62.670 178.493 29.070
v -62.500 178.319 29.069
v -62.056 177.523 29.070
v -61.979 177.367 29.052
v -62.304 178.036 29.074
v -61.214 178.497 29.067
v -60.356 178.526 29.050
v -60.783 177.834 29.069
v -60.333 177.917 29.075
v -60.137 177.961 29.069
v -59.525 178.006 29.067
v -59.529 178.492 29.071
v -53.112 176.145 29.685
v -53.519 176.335 29.685
v -53.696 176.082 29.685
v -53.934 175.848 29.685
v -54.139 175.705 29.685
v -53.552 175.705 29.685
v -53.360 176.717 29.685
v -53.293 177.207 29.685
v -52.887 176.370 29.685
v -52.050 177.207 29.685
v -51.385 178.312 29.685
v -53.339 177.636 29.685
v -51.385 177.872 29.685
v -53.437 177.918 29.685
v -53.607 178.217 29.685
v -53.809 178.455 29.685
v -51.883 178.455 29.685
v -62.182 177.876 29.685
v -62.469 178.332 29.685
v -62.086 177.561 29.685
v -61.366 178.455 29.685
v -65.723 176.145 29.685
v -65.283 175.705 29.685
v -65.138 176.082 29.685
v -64.901 175.848 29.685
v -65.315 176.335 29.685
v -64.696 175.705 29.685
v -65.411 176.593 29.084
v -65.542 177.207 29.685
v -66.784 177.207 29.685
v -65.947 176.370 29.685
v -65.474 176.717 29.685
v -65.126 178.336 29.685
v -65.397 177.918 29.685
v -66.951 178.455 29.685
v -65.495 177.636 29.685
v -67.449 178.312 29.685
v -67.449 177.872 29.685
v -56.625 177.865 29.099
v -56.366 178.332 29.685
v -57.468 178.455 29.685
v -56.652 177.876 29.685
v -56.749 177.561 29.685
v -58.523 177.947 29.099
v -57.032 177.476 29.086
v -58.519 177.974 29.685
v -57.754 177.790 29.685
v -57.117 177.543 29.685
v -59.268 178.046 29.685
v -59.268 178.455 29.685
v -57.852 178.455 29.685
v -61.589 177.564 29.081
v -60.995 178.481 29.081
v -59.566 178.046 29.685
v -59.566 178.455 29.685
v -60.316 177.974 29.685
v -61.080 177.790 29.685
v -61.718 177.543 29.685
v -60.983 178.455 29.685
v -61.507 178.085 56.915
v -61.120 177.984 57.531
v -61.132 178.457 57.531
v -61.628 178.406 57.531
v -61.514 178.096 57.531
v -60.390 178.402 57.532
v -60.368 178.012 57.531
v -59.973 178.044 57.530
v -59.970 178.462 57.529
v -59.685 178.401 57.533
v -59.712 177.992 57.532
v -59.136 178.397 57.532
v -58.803 178.494 57.529
v -59.113 178.006 57.531
v -58.800 178.031 57.530
v -58.438 178.395 57.532
v -58.453 178.005 57.532
v -62.064 178.391 57.532
v -56.739 178.407 57.530
v -62.286 178.703 57.532
v -62.256 178.246 57.535
v -61.880 177.998 57.531
v -64.334 176.633 57.541
v -63.949 176.673 57.531
v -63.475 177.144 57.531
v -63.613 176.427 57.532
v -63.217 176.810 57.532
v -63.504 176.707 57.530
v -63.436 177.531 57.541
v -63.212 177.213 57.532
v -64.014 176.413 57.532
v -56.547 178.703 57.532
v -56.556 178.238 57.535
v -56.954 177.999 57.532
v -57.305 178.090 57.532
v -55.766 177.590 57.532
v -55.547 177.174 57.532
v -55.397 177.531 57.541
v -56.179 178.058 57.533
v -56.373 178.001 57.531
v -56.041 177.255 57.533
v -55.984 177.491 57.532
v -56.414 177.650 57.532
v -56.828 178.732 57.532
v -57.209 178.666 57.532
v -57.181 178.388 57.531
v -57.767 178.649 57.535
v -61.047 178.656 57.533
v -61.627 178.663 57.532
v -61.998 178.753 57.532
v -61.619 177.556 57.532
v -61.280 177.663 57.535
v -57.534 177.658 57.534
v -57.215 177.556 57.532
v -57.674 178.460 57.531
v -57.688 178.010 57.532
v -53.767 175.444 57.533
v -53.625 175.265 57.532
v -53.209 175.229 57.541
v -53.992 175.078 57.532
v -53.583 174.806 57.532
v -54.007 175.644 57.532
v -53.157 174.799 57.532
v -52.772 174.731 57.534
v -52.520 174.377 57.532
v -52.899 174.389 57.531
v -52.552 174.631 57.532
v -52.578 174.128 57.532
v -52.815 173.925 57.533
v -53.574 174.399 57.532
v -53.175 174.088 57.533
v -53.519 173.930 57.532
v -53.950 174.488 57.541
v -54.456 174.880 57.541
v -54.026 174.863 57.532
v -53.359 174.398 57.530
v -54.421 175.264 57.532
v -54.905 175.329 57.541
v -54.943 175.731 57.529
v -55.030 175.718 57.540
v -54.776 175.930 57.532
v -55.235 176.105 57.532
v -54.543 176.010 57.532
v -54.340 175.590 57.532
v -54.499 176.633 57.541
v -54.453 176.257 57.532
v -53.975 175.856 57.532
v -54.797 176.405 57.532
v -55.330 177.165 57.531
v -54.948 177.082 57.541
v -55.566 176.819 57.532
v -55.189 176.634 57.530
v -54.879 176.676 57.532
v -55.209 176.430 57.532
v -55.451 176.142 57.532
v -55.883 176.560 57.532
v -56.252 176.676 57.541
v -55.900 176.765 57.532
v -55.689 176.341 57.541
v -56.274 177.108 57.531
v -56.755 177.607 57.532
v -57.881 178.016 57.531
v -57.929 178.381 57.532
v -58.470 177.660 57.541
v -58.782 177.660 57.541
v -57.842 178.684 57.531
v -58.475 178.664 57.532
v -58.782 178.816 57.541
v -59.002 177.660 57.541
v -59.862 177.660 57.541
v -59.089 178.664 57.532
v -59.925 178.816 57.541
v -59.744 178.661 57.532
v -60.242 177.660 57.541
v -60.979 177.660 57.541
v -60.928 178.052 57.531
v -60.889 178.360 57.533
v -60.970 178.697 57.532
v -60.357 178.666 57.532
v -62.070 177.596 57.532
v -62.398 177.667 57.532
v -62.452 177.997 57.532
v -62.133 177.125 57.541
v -62.582 176.676 57.541
v -62.525 177.051 57.531
v -62.729 177.242 57.532
v -62.907 176.773 57.532
v -62.803 177.482 57.532
v -62.660 178.055 57.532
v -63.060 177.577 57.532
v -62.948 176.570 57.532
v -63.369 176.145 57.533
v -63.480 175.778 57.541
v -63.573 176.114 57.532
v -64.047 175.930 57.532
v -64.285 175.997 57.532
v -64.460 175.591 57.532
v -63.857 175.724 57.531
v -63.929 175.329 57.541
v -64.397 175.268 57.532
v -64.378 174.880 57.541
v -64.790 175.650 57.532
v -64.381 176.257 57.532
v -64.859 175.856 57.532
v -65.046 175.467 57.535
v -64.795 174.858 57.532
v -64.791 175.077 57.531
v -65.198 175.262 57.532
v -65.215 174.817 57.532
v -64.884 174.488 57.541
v -65.254 174.399 57.532
v -65.973 173.981 57.533
v -65.628 174.069 57.533
v -65.315 173.930 57.532
v -65.471 174.392 57.531
v -65.660 174.799 57.532
v -65.934 174.396 57.531
v -65.625 175.229 57.541
v -65.980 174.721 57.533
v -66.253 174.689 57.532
v -66.313 174.377 57.532
v -66.256 174.128 57.532
v -59.172 178.457 57.224
v -59.662 178.457 57.224
v -59.103 178.645 57.224
v -59.731 178.645 57.224
v -57.880 178.001 57.224
v -57.798 177.931 57.224
v -58.420 177.997 57.224
v -53.595 174.788 57.224
v -54.498 175.286 57.224
v -54.357 175.616 57.224
v -54.903 175.743 57.224
v -54.723 175.814 57.224
v -54.521 176.020 57.224
v -54.033 175.747 57.224
v -53.988 175.831 57.224
v -54.448 176.240 57.224
v -55.408 177.073 57.224
v -55.533 176.780 57.224
v -55.344 177.135 57.224
v -54.897 176.679 57.224
v -55.288 176.423 57.224
v -55.181 176.645 57.224
v -55.440 176.163 57.224
v -55.374 176.174 57.224
v -55.866 176.577 57.224
v -55.850 176.652 57.224
v -56.271 177.159 57.224
v -56.744 177.532 57.224
v -56.878 178.660 57.229
v -57.191 178.645 57.224
v -57.110 178.410 57.224
v -56.736 178.468 57.238
v -65.645 174.855 57.224
v -65.251 175.246 57.224
v -53.583 175.246 57.224
v -53.172 174.857 57.224
v -61.614 177.541 57.224
v -61.322 177.629 57.224
v -57.512 177.629 57.224
v -65.676 173.789 57.528
v -65.306 173.918 57.224
v -61.619 177.556 56.915
v -61.300 177.658 56.913
v -57.220 177.541 57.224
v -57.534 177.658 56.913
v -53.158 173.789 57.528
v -53.528 173.918 57.224
v -57.215 177.556 56.915
v -58.470 177.660 56.906
v -58.782 177.660 56.906
v -59.862 177.660 56.906
v -59.002 177.660 56.906
v -60.313 177.660 56.906
v -65.476 173.816 57.224
v -65.670 173.778 57.224
v -65.868 173.796 57.224
v -66.097 173.923 57.224
v -66.269 174.121 57.224
v -66.328 174.377 57.224
v -66.266 174.696 57.224
v -66.152 174.858 57.224
v -65.315 173.930 56.916
v -62.249 178.752 57.224
v -65.940 174.701 56.916
v -66.253 174.689 56.916
v -66.313 174.377 56.916
v -66.256 174.128 56.916
v -65.989 173.961 56.916
v -65.676 173.789 56.919
v -65.641 174.084 56.916
v -63.088 176.284 56.906
v -62.582 176.676 56.906
v -63.480 175.778 56.906
v -63.929 175.329 56.906
v -64.884 174.488 56.906
v -64.378 174.880 56.906
v -52.682 174.858 57.224
v -52.568 174.696 57.224
v -52.506 174.377 57.224
v -52.565 174.121 57.224
v -52.737 173.923 57.224
v -52.966 173.796 57.224
v -53.164 173.778 57.224
v -53.358 173.816 57.224
v -53.519 173.930 56.916
v -62.286 178.703 56.916
v -65.035 175.465 56.916
v -64.334 176.633 56.906
v -63.885 177.082 56.906
v -63.436 177.531 56.906
v -65.625 175.229 56.906
v -62.267 178.233 56.916
v -56.537 178.713 57.224
v -53.179 174.085 56.916
v -53.158 173.789 56.919
v -52.839 173.958 56.915
v -52.578 174.128 56.916
v -52.520 174.377 56.916
v -52.552 174.631 56.916
v -52.760 174.740 56.916
v -54.905 175.329 56.906
v -54.456 174.880 56.906
v -55.030 175.718 56.907
v -55.883 176.560 56.916
v -56.252 176.676 56.906
v -53.950 174.488 56.906
v -56.837 178.754 56.916
v -56.547 178.703 56.916
v -54.948 177.082 56.906
v -55.397 177.531 56.906
v -54.499 176.633 56.906
v -53.975 175.856 56.915
v -56.546 178.236 56.917
v -53.209 175.229 56.906
v -53.760 175.485 56.912
v -59.089 178.664 56.916
v -59.925 178.816 56.906
v -58.782 178.816 56.906
v -57.209 178.666 56.915
v -59.982 178.046 56.916
v -59.972 178.478 56.916
v -58.809 178.031 56.917
v -58.454 178.005 56.916
v -58.811 178.496 56.916
v -57.299 178.101 56.915
v -57.172 178.388 56.916
v -57.681 178.000 56.915
v -61.880 177.995 56.917
v -53.358 174.389 56.919
v -53.159 174.793 56.916
v -52.899 174.403 56.918
v -53.573 174.399 56.915
v -54.339 175.588 56.916
v -54.008 175.636 56.917
v -53.629 175.269 56.916
v -53.983 175.082 56.918
v -54.414 175.260 56.916
v -55.210 176.421 56.916
v -54.801 176.397 56.917
v -54.774 175.927 56.916
v -55.220 176.093 56.916
v -56.045 177.250 56.916
v -55.562 177.177 56.916
v -55.574 176.817 56.916
v -55.906 176.770 56.916
v -56.955 177.990 56.918
v -56.743 178.388 56.916
v -56.757 177.607 56.916
v -65.933 174.388 56.918
v -65.659 174.800 56.916
v -65.472 174.403 56.918
v -64.796 175.076 56.918
v -65.196 175.262 56.916
v -55.766 177.590 56.916
v -54.026 174.863 56.916
v -53.583 174.806 56.915
v -54.453 176.257 56.916
v -54.543 176.010 56.916
v -54.943 175.731 56.918
v -54.879 176.676 56.916
v -55.189 176.634 56.917
v -55.330 177.165 56.916
v -55.451 176.142 56.916
v -55.689 176.341 56.906
v -56.274 177.108 56.917
v -57.881 178.016 56.917
v -59.744 178.661 56.916
f 2503 2507 2508
f 2508 2506 2503
f 2506 2508 2509
f 2509 2505 2506
f 2505 2509 2510
f 2510 2504 2505
f 2510 2503 2504
f 2510 2507 2503
f 2515 2617 2514
f 2516 2513 2515
f 2511 2514 2617
f 2521 2522 2520
f 2613 2518 2521
f 2518 2613 2517
f 2517 2520 2519
f 2526 2523 2525
f 2527 2510 2523
f 2528 2529 2530
f 2531 2532 2533
f 2530 2534 2528
f 2529 2528 2536
f 2535 2534 2530
f 2524 2538 2537
f 2539 2524 2540
f 2543 2538 2544
f 2544 2541 2543
f 2545 2544 2538
f 2541 2546 2542
f 2542 2543 2541
f 2541 2547 2546
f 2546 2547 2548
f 2548 2545 2546
f 2508 2623 2553
f 2553 2554 2509
f 2525 2523 2555
f 2556 2510 2527
f 2539 2540 2559
f 2540 2558 2559
f 2550 2560 2551
f 2551 2540 2524
f 2607 2561 2560
f 2558 2540 2561
f 2561 2607 2558
f 2608 2607 2560
f 2508 2507 2622
f 2557 2507 2510
f 2523 2510 2509
f 2509 2508 2553
f 2563 2564 2562
f 2565 2566 2563
f 2569 2564 2568
f 2571 2570 2572
f 2571 2572 2569
f 2571 2573 2570
f 2571 2574 2573
f 2576 2574 2575
f 2575 2578 2577
f 2577 2576 2575
f 2582 2579 2580
f 2579 2578 2580
f 2565 2580 2566
f 2582 2580 2565
f 2574 2576 2581
f 2566 2575 2581
f 2581 2575 2574
f 2582 2583 2579
f 2584 2586 2587
f 2585 2584 2587
f 2585 2583 2584
f 2586 2588 2589
f 2591 2592 2590
f 2590 2586 2591
f 2588 2591 2586
f 2593 2586 2590
f 2562 2592 2567
f 2594 2595 2543
f 2542 2594 2543
f 2594 2597 2595
f 2590 2595 2598
f 2595 2597 2598
f 2593 2590 2598
f 2585 2587 2600
f 2600 2601 2585
f 2601 2603 2602
f 2597 2596 2599
f 2559 2602 2605
f 2539 2559 2606
f 2605 2606 2559
f 2605 2602 2603
f 2605 2603 2546
f 2558 2607 2522
f 2522 2610 2609
f 2522 2520 2610
f 2552 2560 2611
f 2521 2612 2613
f 2610 2520 2519
f 2614 2610 2519
f 2614 2519 2516
f 2516 2513 2615
f 2616 2617 2618
f 2613 2616 2517
f 2515 2618 2617
f 2619 2513 2512
f 2512 2513 2511
f 2620 2619 2512
f 2512 2621 2620
f 2622 2507 2621
f 2621 2507 2557
f 2624 2511 2617
f 2628 2556 2625
f 2625 2556 2527
f 2632 2629 2630
f 2630 2631 2632
f 2629 2628 2630
f 2633 2626 2631
f 2526 2634 2627
f 2635 2534 2535
f 2635 2634 2534
f 2535 2631 2633
f 2633 2635 2535
f 2629 2636 2637
f 2637 2638 2629
f 2629 2632 2636
f 2637 2639 2638
f 2640 2642 2641
f 2643 2644 2638
f 2640 2643 2639
f 2643 2638 2639
f 2652 2646 2645
f 2646 2644 2645
f 2644 2643 2645
f 2528 2649 2648
f 2536 2648 2641
f 2536 2528 2648
f 2641 2640 2536
f 2647 2649 2650
f 2652 2654 2651
f 2651 2655 2646
f 2651 2646 2652
f 2656 2657 2658
f 2659 2655 2656
f 2656 2658 2659
f 2656 2660 2658
f 2661 2660 2654
f 2656 2654 2660
f 2650 2663 2653
f 2661 2663 2664
f 2665 2662 2664
f 2662 2665 2666
f 2662 2666 2667
f 2662 2667 2657
f 2654 2652 2653
f 2625 2630 2628
f 2621 2557 2620
f 2516 2615 2614
f 2522 2609 2558
f 2600 2604 2601
f 2582 2584 2583
f 2566 2581 2568
f 2560 2550 2552
f 2615 2513 2619
f 2556 2557 2510
f 2549 2524 2537
f 2517 2668 2669
f 2669 2515 2517
f 2517 2616 2670
f 2670 2668 2517
f 2618 2515 2669
f 2669 2671 2618
f 2669 2668 2671
f 2670 2671 2668
f 2671 2670 2616
f 2616 2618 2671
f 2517 2515 2516
f 2516 2519 2517
f 2673 2672 2519
f 2519 2516 2673
f 2607 2561 2675
f 2561 2607 2674
f 2674 2675 2561
f 2675 2674 2607
f 2608 2521 2522
f 2522 2607 2608
f 2607 2522 2676
f 2676 2674 2607
f 2677 2678 2521
f 2521 2608 2677
f 2608 2560 2679
f 2560 2552 2680
f 2552 2611 2681
f 2681 2680 2552
f 2680 2679 2560
f 2679 2677 2608
f 2612 2521 2678
f 2678 2682 2612
f 2678 2677 2682
f 2681 2682 2677
f 2611 2612 2682
f 2682 2681 2611
f 2679 2680 2681
f 2681 2677 2679
f 2683 2625 2626
f 2626 2684 2683
f 2630 2625 2683
f 2683 2685 2630
f 2686 2631 2630
f 2630 2685 2686
f 2685 2683 2684
f 2626 2631 2686
f 2686 2684 2626
f 2684 2686 2685
f 2523 2509 2688
f 2688 2687 2523
f 2509 2554 2689
f 2689 2688 2509
f 2555 2523 2687
f 2687 2690 2555
f 2688 2690 2687
f 2689 2690 2688
f 2690 2689 2554
f 2554 2555 2690
f 2511 2622 2621
f 2621 2512 2511
f 2691 2512 2621
f 2621 2692 2691
f 2692 2621 2507
f 2507 2693 2692
f 2692 2621 2512
f 2512 2691 2692
f 2694 2508 2622
f 2622 2695 2694
f 2623 2553 2697
f 2553 2508 2694
f 2694 2697 2553
f 2697 2696 2623
f 2624 2623 2696
f 2696 2698 2624
f 2622 2511 2699
f 2699 2695 2622
f 2511 2624 2698
f 2698 2699 2511
f 2698 2695 2699
f 2697 2694 2696
f 2695 2698 2696
f 2694 2695 2696
f 2575 2580 2578
f 2575 2700 2701
f 2701 2580 2575
f 2575 2566 2702
f 2702 2700 2575
f 2566 2580 2701
f 2701 2702 2566
f 2701 2700 2702
f 2703 2582 2589
f 2589 2704 2703
f 2582 2703 2705
f 2705 2584 2582
f 2704 2589 2584
f 2584 2705 2704
f 2584 2589 2586
f 2584 2586 2706
f 2706 2705 2584
f 2705 2703 2704
f 2589 2704 2707
f 2707 2588 2589
f 2589 2567 2708
f 2708 2704 2589
f 2567 2592 2709
f 2709 2708 2567
f 2591 2588 2707
f 2707 2710 2591
f 2704 2708 2707
f 2709 2707 2708
f 2707 2709 2710
f 2592 2591 2710
f 2710 2709 2592
f 2711 2542 2596
f 2596 2712 2711
f 2597 2594 2598
f 2594 2542 2711
f 2711 2713 2594
f 2712 2713 2711
f 2598 2594 2713
f 2713 2714 2598
f 2593 2598 2599
f 2597 2599 2598
f 2715 2599 2597
f 2716 2597 2598
f 2598 2714 2716
f 2597 2716 2715
f 2596 2597 2716
f 2716 2712 2596
f 2714 2713 2716
f 2716 2713 2712
f 2600 2587 2718
f 2587 2599 2715
f 2715 2718 2587
f 2718 2717 2600
f 2600 2717 2719
f 2719 2601 2600
f 2599 2596 2712
f 2712 2715 2599
f 2603 2601 2719
f 2719 2720 2603
f 2717 2718 2715
f 2719 2715 2712
f 2712 2720 2719
f 2715 2719 2717
f 2712 2596 2603
f 2603 2720 2712
f 2605 2546 2548
f 2606 2605 2721
f 2721 2722 2606
f 2723 2548 2606
f 2606 2722 2723
f 2723 2722 2721
f 2605 2546 2721
f 2605 2548 2723
f 2723 2721 2605
f 2548 2547 2724
f 2724 2723 2548
f 2545 2548 2723
f 2723 2725 2545
f 2547 2541 2726
f 2726 2724 2547
f 2544 2545 2725
f 2725 2727 2544
f 2725 2723 2724
f 2725 2724 2727
f 2541 2544 2727
f 2727 2726 2541
f 2724 2726 2727
f 2728 2549 2550
f 2550 2729 2728
f 2550 2551 2730
f 2730 2729 2550
f 2549 2728 2524
f 2731 2524 2728
f 2730 2728 2729
f 2731 2728 2730
f 2551 2524 2731
f 2731 2730 2551
f 2642 2641 2732
f 2732 2733 2642
f 2647 2642 2733
f 2733 2734 2647
f 2649 2647 2734
f 2734 2735 2649
f 2649 2735 2736
f 2736 2648 2649
f 2734 2733 2732
f 2736 2734 2732
f 2734 2736 2735
f 2641 2648 2736
f 2736 2732 2641
f 2651 2654 2737
f 2737 2738 2651
f 2654 2656 2739
f 2739 2737 2654
f 2651 2656 2655
f 2656 2651 2738
f 2738 2739 2656
f 2739 2738 2737
f 2661 2654 2737
f 2737 2740 2661
f 2654 2653 2741
f 2741 2737 2654
f 2740 2737 2741
f 2663 2661 2653
f 2653 2661 2740
f 2740 2741 2653
f 2742 2643 2640
f 2640 2743 2742
f 2640 2642 2733
f 2733 2743 2640
f 2742 2744 2645
f 2645 2643 2742
f 2733 2642 2645
f 2645 2744 2733
f 2733 2742 2743
f 2733 2744 2742
f 2531 2745 2746
f 2746 2532 2531
f 2531 2639 2747
f 2639 2637 2748
f 2748 2747 2639
f 2747 2745 2531
f 2637 2636 2749
f 2749 2748 2637
f 2745 2747 2748
f 2750 2746 2749
f 2746 2745 2749
f 2748 2749 2745
f 2636 2632 2750
f 2632 2532 2746
f 2746 2750 2632
f 2750 2749 2636
f 2529 2536 2531
f 2531 2533 2751
f 2751 2745 2531
f 2752 2529 2531
f 2531 2745 2752
f 2752 2745 2751
f 2530 2529 2752
f 2752 2753 2530
f 2535 2530 2532
f 2746 2532 2530
f 2530 2753 2746
f 2753 2752 2751
f 2533 2532 2746
f 2746 2751 2533
f 2753 2751 2746
f 2684 2754 2633
f 2633 2626 2684
f 2626 2627 2755
f 2755 2684 2626
f 2635 2633 2754
f 2754 2756 2635
f 2634 2635 2756
f 2756 2757 2634
f 2754 2684 2755
f 2757 2754 2755
f 2754 2757 2756
f 2627 2634 2757
f 2757 2755 2627
f 2563 2566 2702
f 2702 2758 2563
f 2566 2568 2759
f 2759 2702 2566
f 2563 2568 2564
f 2702 2759 2758
f 2563 2758 2759
f 2759 2568 2563
f 2557 2558 2619
f 2619 2620 2557
f 2558 2610 2614
f 2609 2610 2558
f 2614 2615 2558
f 2615 2619 2558
f 2659 2644 2646
f 2659 2556 2638
f 2638 2644 2659
f 2556 2629 2638
f 2646 2655 2659
f 2556 2628 2629
f 2557 2556 2760
f 2760 2761 2557
f 2762 2558 2557
f 2557 2761 2762
f 2763 2658 2657
f 2760 2556 2659
f 2659 2764 2760
f 2765 2766 2761
f 2761 2760 2765
f 2559 2601 2602
f 2559 2585 2601
f 2577 2583 2585
f 2585 2559 2577
f 2577 2578 2579
f 2579 2583 2577
f 2559 2558 2762
f 2762 2767 2559
f 2762 2761 2766
f 2766 2768 2762
f 2576 2769 2574
f 2767 2770 2577
f 2577 2559 2767
f 2768 2771 2767
f 2767 2762 2768
f 2768 2766 2774
f 2774 2775 2768
f 2766 2776 2774
f 2775 2773 2768
f 2773 2772 2768
f 2525 2534 2634
f 2525 2664 2528
f 2528 2534 2525
f 2664 2649 2528
f 2634 2526 2525
f 2664 2663 2650
f 2650 2649 2664
f 2764 2659 2658
f 2777 2658 2763
f 2778 2763 2657
f 2780 2657 2667
f 2781 2667 2666
f 2782 2666 2665
f 2783 2665 2664
f 2664 2784 2783
f 2665 2783 2782
f 2666 2782 2781
f 2667 2781 2780
f 2657 2780 2779
f 2657 2779 2778
f 2763 2778 2777
f 2658 2777 2764
f 2765 2760 2764
f 2764 2785 2765
f 2784 2664 2525
f 2525 2786 2784
f 2784 2787 2788
f 2783 2788 2789
f 2782 2789 2790
f 2781 2790 2791
f 2779 2791 2792
f 2778 2792 2793
f 2777 2793 2785
f 2785 2764 2777
f 2793 2777 2778
f 2792 2778 2779
f 2791 2779 2780
f 2791 2780 2781
f 2790 2781 2782
f 2789 2782 2783
f 2788 2783 2784
f 2765 2794 2795
f 2765 2796 2794
f 2785 2797 2796
f 2796 2765 2785
f 2785 2798 2799
f 2799 2797 2785
f 2569 2592 2562
f 2569 2590 2592
f 2537 2595 2590
f 2590 2569 2537
f 2537 2543 2595
f 2562 2564 2569
f 2537 2538 2543
f 2801 2569 2572
f 2801 2572 2570
f 2802 2570 2573
f 2803 2573 2574
f 2805 2574 2769
f 2806 2769 2576
f 2807 2576 2577
f 2577 2770 2807
f 2576 2807 2806
f 2769 2806 2805
f 2574 2805 2804
f 2574 2804 2803
f 2573 2803 2802
f 2570 2802 2801
f 2569 2801 2800
f 2767 2771 2808
f 2808 2770 2767
f 2552 2550 2549
f 2549 2612 2611
f 2549 2613 2612
f 2549 2616 2613
f 2549 2555 2617
f 2624 2617 2555
f 2617 2616 2549
f 2611 2552 2549
f 2555 2553 2623
f 2554 2553 2555
f 2623 2624 2555
f 2786 2525 2555
f 2555 2690 2786
f 2784 2786 2809
f 2809 2787 2784
f 2793 2792 2791
f 2555 2549 2728
f 2728 2690 2555
f 2786 2810 2809
f 2810 2786 2690
f 2787 2811 2812
f 2787 2813 2811
f 2809 2814 2813
f 2813 2787 2809
f 2809 2815 2814
f 2812 2816 2787
f 2809 2817 2815
f 2800 2818 2537
f 2537 2569 2800
f 2770 2808 2819
f 2807 2819 2820
f 2806 2820 2821
f 2804 2821 2822
f 2803 2822 2823
f 2802 2823 2824
f 2801 2824 2825
f 2825 2800 2801
f 2824 2801 2802
f 2823 2802 2803
f 2822 2803 2804
f 2821 2804 2805
f 2821 2805 2806
f 2820 2806 2807
f 2819 2807 2770
f 2808 2826 2827
f 2808 2771 2828
f 2828 2826 2808
f 2771 2829 2828
f 2771 2830 2829
f 2827 2831 2808
f 2728 2549 2537
f 2537 2818 2728
f 2810 2690 2728
f 2728 2832 2810
f 2800 2825 2833
f 2833 2818 2800
f 2820 2819 2821
f 2818 2833 2832
f 2832 2728 2818
f 2833 2834 2835
f 2833 2825 2836
f 2836 2834 2833
f 2825 2837 2836
f 2835 2838 2833
f 2825 2839 2840
f 2840 2837 2825
f 2842 2841 2810
f 2843 2844 2810
f 2832 2845 2846
f 2832 2847 2845
f 2846 2810 2832
f 2832 2848 2847
f 2846 2843 2810
f 2844 2842 2810
f 2832 2850 2849
f 2849 2851 2832
f 2851 2848 2832
f 2515 2514 2513
f 2571 2569 2568
f 2574 2571 2576
f 2548 2545 2606
f 2852 2513 2514
f 2514 2853 2852
f 2853 2514 2515
f 2514 2854 2853
f 2514 2855 2854
f 2856 2855 2512
f 2855 2511 2512
f 2512 2852 2856
f 2512 2513 2852
f 2514 2511 2855
f 2857 2852 2853
f 2858 2520 2522
f 2522 2859 2858
f 2859 2522 2521
f 2521 2860 2859
f 2860 2521 2518
f 2518 2861 2860
f 2518 2862 2861
f 2863 2862 2519
f 2862 2517 2519
f 2858 2863 2519
f 2519 2520 2858
f 2518 2517 2862
f 2864 2540 2551
f 2551 2865 2864
f 2551 2866 2865
f 2867 2866 2561
f 2866 2560 2561
f 2864 2867 2540
f 2867 2561 2540
f 2551 2560 2866
f 2627 2868 2817
f 2817 2526 2627
f 2817 2523 2526
f 2869 2527 2523
f 2625 2527 2871
f 2527 2870 2871
f 2871 2626 2625
f 2627 2626 2868
f 2626 2872 2868
f 2871 2872 2626
f 2869 2870 2527
f 2817 2869 2523
f 2581 2873 2874
f 2874 2568 2581
f 2568 2874 2825
f 2825 2571 2568
f 2576 2571 2821
f 2571 2875 2821
f 2581 2576 2819
f 2819 2873 2581
f 2821 2819 2576
f 2825 2875 2571
f 2589 2877 2878
f 2878 2567 2589
f 2878 2562 2567
f 2562 2840 2879
f 2879 2563 2562
f 2879 2565 2563
f 2582 2565 2880
f 2589 2582 2877
f 2582 2881 2877
f 2880 2881 2582
f 2879 2880 2565
f 2878 2840 2562
f 2878 2840 2879
f 2599 2882 2883
f 2883 2593 2599
f 2586 2593 2883
f 2587 2586 2885
f 2586 2884 2885
f 2587 2885 2882
f 2882 2599 2587
f 2883 2884 2586
f 2546 2886 2887
f 2887 2542 2546
f 2887 2596 2542
f 2603 2596 2888
f 2603 2889 2886
f 2886 2546 2603
f 2888 2889 2603
f 2887 2888 2596
f 2539 2890 2891
f 2891 2524 2539
f 2891 2538 2524
f 2838 2545 2538
f 2606 2545 2893
f 2545 2892 2893
f 2606 2894 2890
f 2890 2539 2606
f 2893 2894 2606
f 2838 2892 2545
f 2891 2838 2538
f 2662 2895 2787
f 2787 2664 2662
f 2661 2664 2787
f 2896 2660 2661
f 2658 2660 2793
f 2660 2897 2793
f 2793 2657 2658
f 2662 2657 2791
f 2791 2895 2662
f 2793 2791 2657
f 2896 2897 2660
f 2787 2896 2661
f 2898 2642 2647
f 2645 2642 2900
f 2642 2899 2900
f 2900 2652 2645
f 2653 2652 2902
f 2652 2901 2902
f 2653 2902 2812
f 2812 2650 2653
f 2812 2647 2650
f 2812 2898 2647
f 2900 2901 2652
f 2898 2899 2642
f 2903 2531 2536
f 2904 2639 2531
f 2640 2639 2906
f 2639 2905 2906
f 2640 2906 2903
f 2903 2536 2640
f 2904 2905 2639
f 2903 2904 2531
f 2631 2535 2907
f 2908 2632 2631
f 2909 2532 2632
f 2535 2532 2907
f 2532 2910 2907
f 2909 2910 2532
f 2908 2909 2632
f 2907 2908 2631
f 2862 2863 2858
f 2859 2860 2858
f 2847 2861 2862
f 2860 2861 2847
f 2856 2852 2855
f 2854 2855 2846
f 2846 2853 2854
f 2869 2504 2870
f 2817 2911 2912
f 2912 2815 2817
f 2817 2868 2911
f 2907 2912 2913
f 2868 2913 2872
f 2868 2908 2913
f 2907 2815 2912
f 2908 2907 2913
f 2838 2891 2833
f 2890 2864 2891
f 2892 2893 2914
f 2914 2886 2892
f 2838 2915 2892
f 2835 2916 2915
f 2887 2914 2916
f 2887 2916 2835
f 2914 2887 2886
f 2915 2838 2835
f 2866 2851 2849
f 2833 2891 2832
f 2771 2864 2890
f 2870 2504 2765
f 2504 2766 2765
f 2864 2865 2891
f 2865 2866 2850
f 2849 2850 2866
f 2768 2867 2864
f 2866 2867 2929
f 2867 2768 2929
f 2931 2932 2506
f 2503 2932 2766
f 2504 2503 2766
f 2503 2506 2932
f 2869 2505 2504
f 2841 2506 2505
f 2809 2869 2817
f 2917 2831 2827
f 2917 2827 2881
f 2876 2821 2819
f 2876 2819 2808
f 2808 2831 2876
f 2821 2876 2873
f 2873 2819 2821
f 2874 2873 2918
f 2876 2918 2873
f 2880 2918 2917
f 2917 2881 2880
f 2874 2839 2825
f 2875 2824 2823
f 2875 2825 2824
f 2875 2823 2822
f 2875 2822 2821
f 2840 2839 2879
f 2880 2879 2918
f 2840 2878 2837
f 2836 2837 2919
f 2919 2884 2883
f 2884 2919 2920
f 2883 2836 2919
f 2920 2877 2884
f 2885 2921 2828
f 2885 2884 2921
f 2921 2826 2828
f 2827 2826 2881
f 2826 2921 2881
f 2922 2834 2836
f 2836 2883 2922
f 2922 2923 2834
f 2835 2834 2924
f 2834 2923 2924
f 2887 2835 2924
f 2889 2829 2830
f 2828 2829 2925
f 2829 2926 2925
f 2925 2885 2828
f 2882 2888 2923
f 2771 2894 2927
f 2927 2830 2771
f 2889 2830 2927
f 2894 2771 2890
f 2892 2886 2893
f 2886 2889 2927
f 2848 2860 2847
f 2773 2858 2859
f 2772 2773 2859
f 2772 2859 2929
f 2847 2862 2845
f 2930 2853 2846
f 2774 2857 2863
f 2863 2858 2773
f 2863 2773 2775
f 2774 2852 2857
f 2846 2855 2843
f 2842 2506 2844
f 2776 2932 2856
f 2856 2852 2776
f 2765 2795 2933
f 2933 2871 2765
f 2870 2765 2871
f 2933 2795 2909
f 2909 2908 2933
f 2908 2868 2872
f 2908 2872 2913
f 2813 2814 2934
f 2814 2935 2934
f 2903 2813 2934
f 2936 2815 2907
f 2936 2814 2815
f 2936 2935 2814
f 2796 2905 2937
f 2937 2794 2796
f 2938 2909 2795
f 2795 2794 2938
f 2812 2811 2898
f 2939 2813 2903
f 2939 2811 2813
f 2906 2899 2940
f 2903 2906 2940
f 2940 2939 2903
f 2900 2797 2799
f 2900 2799 2901
f 2905 2941 2906
f 2796 2797 2941
f 2905 2796 2941
f 2787 2816 2896
f 2895 2788 2787
f 2895 2789 2788
f 2895 2790 2789
f 2895 2791 2790
f 2902 2816 2812
f 2943 2798 2785
f 2793 2791 2943
f 2785 2793 2943
f 2901 2799 2944
f 2799 2798 2944
f 2942 2902 2901
f 2944 2942 2901
f 2943 2791 2897
f 2897 2942 2943
f 2791 2793 2897
f 2897 2896 2942
f 2900 2941 2797
f 2932 2776 2766
f 2863 2775 2774
f 2930 2846 2845
f 2929 2768 2772
f 2810 2869 2809
f 2506 2841 2842
f 2866 2929 2928
f 2776 2852 2774
f 2771 2768 2864
f 2845 2862 2668
f 2668 2670 2845
f 2930 2845 2670
f 2670 2671 2930
f 2853 2930 2671
f 2671 2669 2853
f 2668 2862 2853
f 2853 2669 2668
f 2676 2674 2929
f 2929 2859 2676
f 2860 2928 2929
f 2929 2859 2860
f 2929 2867 2675
f 2867 2929 2674
f 2674 2675 2867
f 2675 2674 2929
f 2832 2891 2731
f 2731 2728 2832
f 2850 2832 2728
f 2728 2729 2850
f 2891 2865 2730
f 2730 2731 2891
f 2865 2850 2729
f 2729 2730 2865
f 2894 2722 2721
f 2721 2927 2894
f 2722 2894 2893
f 2893 2723 2722
f 2886 2927 2893
f 2893 2927 2721
f 2927 2886 2721
f 2721 2723 2893
f 2925 2829 2719
f 2719 2717 2925
f 2829 2889 2720
f 2720 2719 2829
f 2720 2889 2888
f 2888 2712 2720
f 2882 2715 2712
f 2712 2888 2882
f 2882 2885 2718
f 2885 2925 2717
f 2717 2718 2885
f 2718 2715 2882
f 2902 2942 2737
f 2737 2741 2902
f 2942 2896 2740
f 2740 2737 2942
f 2902 2896 2816
f 2896 2902 2741
f 2741 2740 2896
f 2704 2877 2881
f 2881 2703 2704
f 2877 2921 2884
f 2877 2704 2705
f 2705 2921 2877
f 2884 2921 2705
f 2705 2706 2884
f 2921 2705 2703
f 2703 2881 2921
f 2712 2716 2923
f 2923 2888 2712
f 2712 2888 2887
f 2887 2711 2712
f 2887 2924 2713
f 2713 2711 2887
f 2922 2714 2713
f 2713 2924 2922
f 2922 2924 2923
f 2882 2923 2922
f 2922 2883 2882
f 2714 2922 2923
f 2716 2923 2882
f 2882 2715 2716
f 2923 2716 2714
f 2920 2707 2704
f 2704 2877 2920
f 2920 2919 2710
f 2710 2707 2920
f 2837 2709 2710
f 2710 2919 2837
f 2837 2878 2708
f 2708 2709 2837
f 2710 2708 2707
f 2708 2710 2709
f 2878 2877 2704
f 2704 2708 2878
f 2918 2879 2758
f 2758 2702 2918
f 2874 2759 2758
f 2758 2879 2874
f 2874 2879 2839
f 2874 2918 2702
f 2702 2759 2874
f 2918 2876 2700
f 2700 2702 2918
f 2917 2918 2702
f 2702 2701 2917
f 2917 2701 2700
f 2700 2876 2917
f 2831 2917 2876
f 2935 2910 2904
f 2904 2910 2746
f 2746 2745 2904
f 2910 2909 2750
f 2909 2938 2749
f 2749 2750 2909
f 2750 2746 2910
f 2937 2938 2794
f 2938 2937 2748
f 2748 2749 2938
f 2937 2905 2747
f 2905 2904 2745
f 2745 2747 2905
f 2747 2748 2937
f 2913 2912 2756
f 2756 2754 2913
f 2912 2911 2757
f 2757 2756 2912
f 2911 2868 2755
f 2755 2757 2911
f 2872 2913 2754
f 2754 2684 2872
f 2868 2872 2684
f 2684 2755 2868
f 2684 2872 2871
f 2871 2683 2684
f 2908 2872 2684
f 2684 2686 2908
f 2685 2933 2908
f 2908 2686 2685
f 2871 2933 2685
f 2685 2683 2871
f 2841 2689 2690
f 2690 2810 2841
f 2869 2810 2690
f 2690 2687 2869
f 2841 2505 2688
f 2688 2689 2841
f 2505 2869 2687
f 2687 2688 2505
f 2942 2944 2738
f 2738 2737 2942
f 2798 2943 2944
f 2943 2942 2737
f 2737 2739 2943
f 2944 2943 2739
f 2739 2738 2944
f 2899 2898 2734
f 2734 2733 2899
f 2898 2811 2735
f 2735 2734 2898
f 2940 2899 2733
f 2733 2732 2940
f 2939 2940 2732
f 2732 2736 2939
f 2811 2939 2736
f 2736 2735 2811
f 2899 2906 2743
f 2743 2733 2899
f 2743 2906 2941
f 2941 2742 2743
f 2744 2900 2899
f 2899 2733 2744
f 2941 2900 2744
f 2744 2742 2941
f 2903 2934 2904
f 2745 2904 2934
f 2934 2752 2745
f 2935 2904 2745
f 2745 2751 2935
f 2936 2934 2935
f 2934 2936 2753
f 2753 2752 2934
f 2936 2907 2910
f 2753 2936 2910
f 2910 2746 2753
f 2910 2935 2751
f 2751 2746 2910
f 2893 2892 2725
f 2725 2723 2893
f 2914 2893 2723
f 2723 2724 2914
f 2892 2915 2727
f 2727 2725 2892
f 2915 2916 2726
f 2726 2727 2915
f 2916 2914 2724
f 2724 2726 2916
f 2928 2860 2678
f 2678 2677 2928
f 2860 2848 2682
f 2682 2678 2860
f 2851 2681 2682
f 2682 2848 2851
f 2851 2849 2680
f 2849 2866 2679
f 2866 2928 2677
f 2677 2679 2866
f 2679 2680 2849
f 2680 2681 2851
f 2677 2681 2680
f 2680 2679 2677
f 2695 2931 2506
f 2506 2694 2695
f 2699 2855 2931
f 2931 2695 2699
f 2506 2842 2697
f 2842 2844 2696
f 2696 2697 2842
f 2697 2694 2506
f 2843 2698 2696
f 2696 2844 2843
f 2843 2855 2699
f 2699 2698 2843
f 2856 2932 2931
f 2931 2855 2856
f 2691 2692 2932
f 2932 2856 2691
f 2693 2503 2932
f 2932 2692 2693
f 2856 2932 2692
f 2692 2691 2856
f 2863 2857 2853
f 2853 2862 2863
f 2672 2673 2857
f 2857 2863 2672
f 2947 2945 2946
f 2949 2947 2948
f 2951 2949 2950
f 2950 2952 2951
f 2948 2950 2949
f 2946 2948 2947
f 2953 2954 2946
f 2946 2945 2953
f 2955 2956 2946
f 2945 2946 2954
f 2954 2953 2945
f 2946 2945 2955
f 2955 2957 2958
f 2958 2956 2955
f 2951 2952 2959
f 2959 2960 2951
f 2960 2959 2961
f 2962 2961 2950
f 2950 2949 2962
f 2961 2962 2960
f 2963 2949 2950
f 2950 2964 2963
f 2965 2963 2964
f 2964 2966 2965
f 2957 2967 2968
f 2968 2958 2957
f 2969 2965 2966
f 2966 2970 2969
f 2971 2969 2970
f 2970 2972 2971
f 2967 2973 2974
f 2974 2968 2967
f 2975 2976 2977
f 2978 2977 2974
f 2974 2973 2978
f 2977 2978 2975
f 2979 2980 2976
f 2976 2975 2979
f 2981 2982 2983
f 2985 2981 2984
f 2973 2985 2986
f 2979 2973 2974
f 2974 2980 2979
f 2986 2974 2973
f 2984 2986 2985
f 2983 2984 2981
f 2987 2988 2983
f 2983 2982 2987
f 2981 2984 2988
f 2988 2987 2981
f 2981 2989 2990
f 2990 2984 2981
f 2989 2991 2992
f 2992 2990 2989
f 2991 2993 2994
f 2994 2992 2991
f 2993 2971 2972
f 2972 2994 2993
f 2995 2973 2967
f 2985 2991 2989
f 2996 2963 2965
f 2989 2981 2985
f 2965 2969 2997
f 2998 2999 2957
f 2965 2997 2996
f 2985 2995 2991
f 2947 2949 2963
f 2975 2978 2973
f 2963 2996 2947
f 2967 2957 2999
f 2973 2979 2975
f 2987 2982 2981
f 2947 2957 2955
f 2996 2957 2947
f 2985 2973 2995
f 2960 2962 2949
f 2955 2945 2947
f 2949 2951 2960
f 2971 2993 2969
f 3000 2958 2968
f 2958 3000 3001
f 2968 2974 3002
f 2986 2984 2990
f 2966 2964 3003
f 2990 2992 2986
f 2956 2958 2948
f 3003 3004 2966
f 3004 2970 2966
f 2948 2946 2956
f 2948 3003 2964
f 2992 3002 2986
f 3002 2974 2986
f 2976 2980 2974
f 2964 2950 2948
f 2959 2952 2950
f 2984 2983 2988
f 2974 2977 2976
f 2958 3003 2948
f 2950 2961 2959
f 2972 2970 2994
f 2991 2995 3002
f 3002 2992 2991
f 2967 2968 3002
f 3002 2995 2967
f 2957 2958 3001
f 2998 3001 3000
f 3000 2999 2998
f 3001 2998 2957
f 2967 2999 3000
f 3000 2968 2967
f 2969 2993 2994
f 2994 2970 2969
f 2969 2970 3004
f 2997 3004 3003
f 3003 2996 2997
f 3004 2997 2969
f 2957 2996 3003
f 3003 2958 2957
f 3007 3005 3006
f 3009 3007 3008
f 3011 3009 3010
f 3005 3011 3012
f 3012 3006 3005
f 3010 3012 3011
f 3008 3010 3009
f 3006 3008 3007
f 3013 3014 3006
f 3006 3005 3013
f 3007 3008 3015
f 3016 3015 3014
f 3014 3013 3016
f 3015 3016 3007
f 3007 3017 3018
f 3018 3008 3007
f 3017 3019 3020
f 3020 3018 3017
f 3005 3006 3021
f 3022 3021 3023
f 3023 3024 3022
f 3021 3022 3005
f 3024 3023 3012
f 3012 3011 3024
f 3025 3011 3012
f 3012 3026 3025
f 3027 3025 3026
f 3026 3028 3027
f 3019 3029 3030
f 3030 3020 3019
f 3031 3027 3028
f 3028 3032 3031
f 3033 3031 3032
f 3032 3034 3033
f 3035 3033 3034
f 3034 3036 3035
f 3029 3037 3038
f 3038 3030 3029
f 3037 3039 3040
f 3040 3038 3037
f 3041 3042 3043
f 3044 3043 3040
f 3040 3039 3044
f 3043 3044 3041
f 3044 3043 3042
f 3042 3041 3044
f 3047 3045 3046
f 3049 3047 3048
f 3044 3049 3050
f 3050 3043 3044
f 3048 3050 3049
f 3046 3048 3047
f 3051 3052 3046
f 3046 3045 3051
f 3047 3048 3053
f 3054 3053 3052
f 3052 3051 3054
f 3053 3054 3047
f 3047 3055 3056
f 3056 3048 3047
f 3055 3057 3058
f 3058 3056 3055
f 3057 3059 3060
f 3060 3058 3057
f 3059 3035 3036
f 3036 3060 3059
f 3061 3062 3057
f 3062 3059 3057
f 3049 3057 3055
f 3064 3037 3029
f 3064 3063 3037
f 3055 3047 3049
f 3019 3066 3065
f 3049 3044 3039
f 3039 3037 3049
f 3019 3017 3066
f 3049 3037 3057
f 3054 3045 3047
f 3045 3054 3051
f 3009 3011 3025
f 3025 3027 3009
f 3007 3066 3017
f 3019 3064 3029
f 3027 3066 3009
f 3005 3022 3024
f 3066 3007 3009
f 3011 3005 3024
f 3016 3005 3007
f 3005 3016 3013
f 3035 3059 3031
f 3033 3035 3031
f 3030 3067 3020
f 3030 3038 3067
f 3038 3068 3067
f 3058 3060 3071
f 3072 3018 3020
f 3050 3048 3056
f 3058 3071 3070
f 3050 3038 3040
f 3020 3069 3072
f 3056 3058 3050
f 3018 3072 3008
f 3010 3028 3026
f 3052 3053 3046
f 3058 3038 3050
f 3023 3021 3006
f 3014 3015 3006
f 3048 3046 3053
f 3040 3043 3050
f 3023 3006 3012
f 3026 3012 3010
f 3008 3006 3015
f 3072 3028 3010
f 3010 3008 3072
f 3032 3036 3034
f 3036 3032 3060
f 3057 3037 3038
f 3038 3058 3057
f 3064 3067 3068
f 3063 3068 3038
f 3038 3037 3063
f 3068 3063 3064
f 3057 3058 3070
f 3061 3070 3071
f 3062 3071 3060
f 3060 3059 3062
f 3071 3062 3061
f 3070 3061 3057
f 3066 3072 3069
f 3065 3069 3020
f 3020 3019 3065
f 3069 3065 3066
f 3064 3019 3020
f 3020 3067 3064
f 3031 3059 3060
f 3060 3032 3031
f 3066 3027 3028
f 3028 3072 3066
f 3073 3074 3009
f 3074 3075 3007
f 3075 3076 3016
f 3076 3077 3013
f 3077 3078 3005
f 3078 3079 3022
f 3079 3080 3024
f 3080 3073 3011
f 3011 3024 3080
f 3024 3022 3079
f 3022 3005 3078
f 3005 3013 3077
f 3013 3016 3076
f 3016 3007 3075
f 3007 3009 3074
f 3009 3011 3073
f 3182 3183 3081
f 3184 3182 3082
f 3185 3186 3061
f 3083 3187 3084
f 3085 3086 3087
f 3087 3184 3085
f 3085 3083 3089
f 3088 3084 3187
f 3187 3184 3091
f 3091 3088 3187
f 3184 3093 3091
f 3090 3089 3083
f 3089 3086 3085
f 3092 3090 3083
f 3087 3093 3184
f 3188 3187 3083
f 3182 3094 3095
f 3095 3096 3182
f 3184 3097 3094
f 3094 3182 3184
f 3183 3098 3099
f 3099 3124 3183
f 3183 3100 3101
f 3183 3182 3102
f 3101 3098 3183
f 3102 3100 3183
f 3061 3022 3059
f 3022 3103 3104
f 3104 3059 3022
f 3022 3105 3103
f 2996 3061 3106
f 3106 3107 2996
f 3061 3108 3106
f 3062 3108 3061
f 3107 2997 2996
f 3189 3109 3110
f 3189 2969 3109
f 2996 2997 2969
f 2969 3189 2996
f 3187 3188 3111
f 3188 3112 3111
f 3188 3113 3114
f 3114 3112 3188
f 3187 3115 3116
f 3116 3184 3187
f 3187 3117 3115
f 3184 3118 3097
f 3116 3118 3184
f 3189 2953 3119
f 3185 2996 2949
f 2996 3189 2951
f 3119 2951 3189
f 2951 2949 2996
f 3045 3022 3061
f 3186 3049 3047
f 3120 3190 3022
f 3047 3061 3186
f 3045 3120 3022
f 3047 3045 3061
f 3190 3191 3013
f 3191 3007 3016
f 3016 3013 3191
f 3190 3013 3005
f 3005 3022 3190
f 3011 3124 3121
f 3011 3122 3123
f 3105 3022 3024
f 3121 3122 3011
f 3011 3123 3125
f 3011 3125 3105
f 3105 3024 3011
f 3124 3011 3009
f 3191 3126 3127
f 3191 3128 3126
f 3191 3129 3128
f 3191 3130 3129
f 3127 3131 3191
f 3007 3191 3131
f 3131 3132 3007
f 3133 3124 3009
f 3134 3009 3007
f 3009 3134 3133
f 3133 3135 3124
f 3124 3136 3137
f 3135 3136 3124
f 3183 3138 3139
f 3183 3140 3141
f 3139 3140 3183
f 3183 3142 3138
f 3183 3137 3142
f 3141 3081 3183
f 3188 3143 3144
f 3188 3145 3146
f 3188 3147 3148
f 3146 3143 3188
f 3144 3147 3188
f 3188 3149 3145
f 3148 3150 3188
f 3151 3152 3113
f 3153 3154 3155
f 3156 3157 3153
f 3151 3158 3152
f 3155 3151 3153
f 3153 3159 3156
f 3155 3158 3151
f 3157 3154 3153
f 3163 3159 2985
f 2985 3159 3160
f 3160 3164 2985
f 3189 2987 2982
f 3161 3165 2981
f 3162 3167 2981
f 2985 2981 3163
f 2973 2985 3164
f 3161 2981 2987
f 3165 3166 2981
f 3167 3163 2981
f 2987 3189 3161
f 3166 3162 2981
f 3163 3156 3159
f 3168 2953 2975
f 2953 2979 2975
f 3168 2978 2973
f 2953 3189 2982
f 2975 2978 3168
f 2973 3164 3169
f 2982 2979 2953
f 2953 3171 3172
f 2953 3168 3170
f 3170 3171 2953
f 3172 3173 2953
f 3173 3174 2953
f 2955 2957 3175
f 3177 2945 2953
f 2998 2957 2945
f 2947 3175 3176
f 3177 2998 2945
f 2947 3176 3185
f 2947 2955 3175
f 2957 2955 2945
f 3176 3178 3186
f 3044 3039 3063
f 3039 3179 3037
f 3186 3178 3049
f 3044 3063 3180
f 3180 3041 3044
f 3180 3190 3041
f 3037 3063 3039
f 3049 3178 3179
f 3039 3049 3179
f 3191 3190 3181
f 3181 3130 3191
f 3190 3180 3181
f 3186 3185 3176
f 3174 3177 2953
f 2973 3169 3168
f 3113 3188 3151
f 3150 3151 3188
f 3137 3183 3124
f 3132 3134 3007
f 3120 3041 3190
f 2949 2947 3185
f 3111 3117 3187
f 3110 3161 3189
f 3059 3062 3061
f 3096 3102 3182
f 3083 3149 3188
f 3084 3092 3083
f 3061 2996 3185
f 3082 3085 3184
f 3081 3082 3182
f 3169 3192 3168
f 3193 3170 3168
f 3173 3194 3195
f 3195 3174 3173
f 3196 2998 3174
f 3174 3195 3196
f 3177 3174 2998
f 2957 2998 3196
f 2957 3196 3197
f 3197 3198 3175
f 3175 2957 3197
f 3179 3178 3176
f 3176 3175 3179
f 3175 3198 3199
f 3199 3179 3175
f 3199 3200 3179
f 3200 3037 3179
f 3037 3200 3201
f 3202 3063 3037
f 3037 3201 3202
f 3180 3063 3181
f 3202 3203 3181
f 3181 3063 3202
f 3130 3181 3203
f 3203 3204 3130
f 3205 3126 3128
f 3206 3192 3169
f 3160 3169 3164
f 3169 3160 3206
f 3207 3192 3206
f 3206 3208 3207
f 3151 3150 3153
f 3153 3150 3209
f 3208 3206 3160
f 3210 3160 3159
f 3211 3159 3153
f 3153 3212 3211
f 3159 3211 3210
f 3160 3210 3208
f 3148 3147 3144
f 3209 3150 3148
f 3213 3148 3144
f 3212 3153 3209
f 3209 3214 3212
f 3145 3083 3085
f 3085 3081 3145
f 3085 3082 3081
f 3145 3149 3083
f 3214 3209 3148
f 3215 3148 3213
f 3216 3213 3144
f 3217 3144 3143
f 3218 3143 3146
f 3219 3146 3145
f 3145 3220 3219
f 3146 3219 3218
f 3143 3218 3217
f 3144 3217 3216
f 3213 3216 3215
f 3148 3215 3214
f 3168 3221 3222
f 3221 3168 3192
f 3223 3170 3193
f 3193 3224 3223
f 3224 3168 3222
f 3223 3225 3170
f 3225 3171 3170
f 3225 3226 3172
f 3194 3173 3172
f 3172 3226 3194
f 3172 3171 3225
f 3193 3168 3224
f 3192 3207 3221
f 3138 3227 3139
f 3136 3142 3137
f 3228 3081 3141
f 3229 3141 3140
f 3230 3140 3139
f 3231 3139 3227
f 3232 3227 3138
f 3233 3138 3142
f 3142 3234 3233
f 3138 3233 3232
f 3227 3232 3231
f 3139 3231 3230
f 3140 3230 3229
f 3141 3229 3228
f 3142 3136 3236
f 3236 3234 3142
f 3236 3136 3135
f 3237 3135 3133
f 3238 3133 3235
f 3235 3239 3238
f 3133 3238 3237
f 3135 3237 3236
f 3132 3235 3133
f 3134 3132 3133
f 3239 3235 3132
f 3132 3240 3239
f 3241 3242 3131
f 3242 3243 3131
f 3240 3132 3131
f 3244 3129 3130
f 3245 3128 3129
f 3129 3244 3245
f 3246 3205 3128
f 3128 3245 3246
f 3246 3247 3126
f 3241 3131 3248
f 3247 3248 3127
f 3248 3131 3127
f 3127 3126 3247
f 3126 3205 3246
f 3130 3204 3244
f 3131 3243 3240
f 3145 3250 3249
f 3250 3145 3081
f 3081 3228 3250
f 3249 3220 3145
f 3223 3222 3251
f 3222 3223 3224
f 3243 3242 3240
f 3252 3241 3248
f 3248 3253 3252
f 3254 3255 3223
f 3223 3251 3254
f 3256 3251 3222
f 3256 3254 3251
f 3255 3254 3256
f 3257 3255 3256
f 3256 3258 3259
f 3259 3257 3256
f 3260 3258 3256
f 3258 3261 3262
f 3262 3259 3258
f 3258 3260 3261
f 3268 3269 3267
f 3276 3274 3275
f 3282 3283 3279
f 3283 3280 3279
f 3284 3282 3278
f 3278 3277 3284
f 3284 3277 3276
f 3276 3285 3284
f 3286 3285 3274
f 3285 3275 3274
f 3274 3273 3286
f 3286 3273 3272
f 3272 3287 3286
f 3288 3287 3271
f 3288 3270 3269
f 3269 3289 3288
f 3290 3289 3267
f 3289 3268 3267
f 3290 3266 3265
f 3265 3291 3290
f 3291 3265 3264
f 3264 3292 3291
f 3283 3262 3280
f 3262 3261 3280
f 3263 3293 3292
f 3263 3281 3293
f 3264 3263 3292
f 3267 3266 3290
f 3269 3268 3289
f 3271 3270 3288
f 3272 3271 3287
f 3276 3275 3285
f 3279 3278 3282
f 3294 3295 3293
f 3293 3281 3294
f 3252 3253 3295
f 3295 3294 3252
f 3296 3294 3281
f 3294 3296 3252
f 3297 3298 3045
f 3298 3299 3041
f 3299 3300 3044
f 3300 3301 3049
f 3301 3302 3047
f 3302 3297 3045
f 3045 3047 3302
f 3047 3049 3301
f 3049 3044 3300
f 3044 3041 3299
f 3041 3120 3298
f 3120 3045 3298
f 2951 3119 2953
f 3303 3304 2945
f 3304 2953 2945
f 3304 3305 2953
f 3305 2951 2953
f 2951 3305 3306
f 2949 3306 3307
f 3307 3308 2947
f 2945 3308 3303
f 2945 2947 3308
f 2947 2949 3307
f 2949 2951 3306
f 3309 3310 2987
f 3310 3311 2982
f 3311 3312 2979
f 3312 3313 2975
f 3313 3314 2973
f 3314 3315 2985
f 3315 3309 2981
f 2981 2985 3315
f 2985 2973 3314
f 2973 2975 3313
f 2975 2979 3312
f 2979 2982 3311
f 2982 2987 3310
f 2987 2981 3309
f 3113 3318 3114
f 3318 3152 3158
f 3163 3157 3156
f 3110 3165 3161
f 3124 3099 3121
f 3096 3335 3102
f 3336 2969 2997
f 3327 3059 3104
f 3316 3115 3117
f 3317 3112 3114
f 3319 3158 3155
f 3320 3155 3154
f 3167 3162 3321
f 3322 3166 3165
f 3110 3109 3323
f 2997 3107 3324
f 3325 3106 3108
f 3326 3108 3062
f 3062 3327 3059
f 3328 3104 3103
f 3103 3105 3329
f 3330 3123 3122
f 3098 3101 3331
f 3332 3335 3096
f 3096 3095 3333
f 3097 3118 3334
f 3106 3325 3107
f 3166 3322 3162
f 3158 3319 3318
f 2969 3336 3109
f 3102 3335 3100
f 3113 3152 3318
f 3339 3093 3087
f 3340 3086 3089
f 3093 3339 3091
f 3088 3338 3084
f 3092 3337 3090
f 3089 3090 3341
f 3090 3337 3342
f 3337 3092 3342
f 3092 3084 3344
f 3084 3338 3345
f 3338 3088 3346
f 3088 3091 3347
f 3091 3339 3348
f 3339 3087 3349
f 3087 3086 3350
f 3086 3340 3351
f 3340 3089 3351
f 3352 3351 3089
f 3351 3350 3086
f 3350 3349 3087
f 3349 3348 3339
f 3348 3347 3091
f 3347 3346 3088
f 3346 3345 3338
f 3345 3344 3084
f 3344 3343 3092
f 3343 3342 3092
f 3342 3341 3090
f 3341 3352 3089
f 3353 3116 3115
f 3115 3354 3353
f 3355 3354 3117
f 3354 3316 3117
f 3356 3355 3111
f 3111 3112 3356
f 3356 3317 3114
f 3114 3357 3356
f 3358 3357 3318
f 3357 3113 3318
f 3358 3319 3155
f 3155 3359 3358
f 3360 3359 3154
f 3359 3320 3154
f 3361 3360 3157
f 3157 3163 3361
f 3361 3163 3167
f 3167 3362 3361
f 3363 3362 3162
f 3362 3321 3162
f 3363 3322 3165
f 3165 3282 3363
f 3364 3282 3110
f 3282 3161 3110
f 3365 3364 3109
f 3109 3336 3365
f 3364 3323 3109
f 3365 2969 2997
f 2997 3366 3365
f 3287 3366 3107
f 3366 3324 3107
f 3287 3325 3108
f 3108 3288 3287
f 3367 3288 3062
f 3288 3326 3062
f 3368 3367 3327
f 3327 3104 3368
f 3367 3059 3327
f 3368 3328 3103
f 3103 3291 3368
f 3369 3291 3105
f 3291 3329 3105
f 3369 3125 3123
f 3123 3370 3369
f 3371 3370 3122
f 3370 3330 3122
f 3372 3371 3121
f 3121 3099 3372
f 3372 3099 3098
f 3098 3373 3372
f 3374 3373 3101
f 3373 3331 3101
f 3374 3100 3335
f 3335 3375 3374
f 3376 3375 3096
f 3375 3332 3096
f 3376 3095 3094
f 3094 3377 3376
f 3376 3333 3095
f 3377 3094 3097
f 3097 3378 3377
f 3353 3378 3118
f 3378 3334 3118
f 3118 3116 3353
f 3097 3334 3378
f 3096 3333 3376
f 3335 3332 3375
f 3101 3100 3374
f 3098 3331 3373
f 3122 3121 3371
f 3123 3330 3370
f 3105 3125 3369
f 3103 3329 3291
f 3104 3328 3368
f 3062 3059 3367
f 3108 3326 3288
f 3107 3325 3287
f 2997 3324 3366
f 3336 2969 3365
f 3110 3323 3364
f 3165 3161 3282
f 3162 3322 3363
f 3167 3321 3362
f 3154 3157 3360
f 3155 3320 3359
f 3318 3319 3358
f 3114 3113 3357
f 3112 3317 3356
f 3117 3111 3355
f 3115 3316 3354
f 3349 3350 3351
f 3351 3348 3349
f 3346 3347 3348
f 3348 3345 3346
f 3341 3342 3351
f 3344 3345 3342
f 3351 3352 3341
f 3342 3343 3344
f 3380 3379 3351
f 3379 3348 3351
f 3342 3381 3380
f 3380 3351 3342
f 3382 3381 3342
f 3379 3382 3345
f 3345 3348 3379
f 3342 3345 3382
f 3383 3385 3381
f 3381 3382 3383
f 3386 3382 3379
f 3379 3384 3386
f 3387 3390 3380
f 3382 3386 3383
f 3380 3381 3387
f 3379 3388 3384
f 3389 3388 3379
f 3379 3380 3389
f 3380 3391 3389
f 3391 3380 3390
f 3387 3381 3385
f 3372 3392 3371
f 3373 3393 3392
f 3392 3372 3373
f 3393 3373 3374
f 3375 3394 3374
f 3353 3395 3396
f 3363 3282 3397
f 3394 3375 3376
f 3378 3396 3377
f 3353 3354 3395
f 3291 3399 3368
f 3396 3378 3353
f 3364 3365 3400
f 3401 3400 3365
f 3402 3288 3367
f 3355 3395 3354
f 3355 3356 3403
f 3356 3357 3404
f 3364 3397 3282
f 3365 3366 3401
f 3287 3401 3366
f 3367 3398 3402
f 3399 3291 3369
f 3404 3403 3356
f 3357 3358 3405
f 3288 3402 3287
f 3405 3404 3357
f 3358 3359 3406
f 3359 3360 3407
f 3407 3406 3359
f 3398 3367 3368
f 3361 3407 3360
f 3406 3405 3358
f 3287 3271 3408
f 3408 3401 3287
f 3400 3401 3409
f 3401 3273 3409
f 3400 3275 3410
f 3410 3364 3400
f 3364 3410 3411
f 3411 3397 3364
f 3363 3397 3412
f 3412 3413 3363
f 3363 3413 3414
f 3414 3362 3363
f 3361 3362 3415
f 3362 3414 3415
f 3361 3416 3417
f 3361 3418 3416
f 3417 3407 3361
f 3406 3407 3419
f 3407 3420 3419
f 3405 3406 3421
f 3421 3422 3405
f 3405 3423 3424
f 3424 3404 3405
f 3403 3404 3425
f 3403 3426 3427
f 3427 3355 3403
f 3395 3355 3428
f 3355 3427 3428
f 3395 3429 3430
f 3430 3396 3395
f 3395 3431 3429
f 3396 3432 3433
f 3433 3377 3396
f 3376 3377 3434
f 3434 3435 3376
f 3376 3435 3436
f 3436 3394 3376
f 3374 3394 3437
f 3394 3436 3437
f 3374 3438 3439
f 3439 3393 3374
f 3393 3440 3441
f 3441 3392 3393
f 3371 3392 3442
f 3442 3443 3371
f 3392 3444 3442
f 3371 3445 3446
f 3446 3370 3371
f 3369 3370 3447
f 3369 3448 3449
f 3449 3399 3369
f 3368 3399 3450
f 3399 3449 3450
f 3398 3368 3451
f 3451 3268 3398
f 3398 3268 3452
f 3452 3402 3398
f 3287 3402 3453
f 3402 3270 3453
f 3453 3271 3287
f 3452 3270 3402
f 3450 3451 3368
f 3447 3448 3369
f 3446 3447 3370
f 3443 3445 3371
f 3441 3444 3392
f 3439 3440 3393
f 3437 3438 3374
f 3433 3434 3377
f 3430 3432 3396
f 3428 3431 3395
f 3425 3426 3403
f 3424 3425 3404
f 3422 3423 3405
f 3419 3421 3406
f 3417 3420 3407
f 3415 3418 3361
f 3411 3412 3397
f 3409 3275 3400
f 3408 3273 3401
f 3428 3455 3429
f 3433 3456 3434
f 3439 3440 3441
f 3452 3458 3453
f 3425 3454 3426
f 3436 3457 3437
f 3273 3408 3409
f 3415 3416 3418
f 3420 3417 3419
f 3423 3422 3424
f 3428 3429 3431
f 3432 3430 3433
f 3441 3442 3444
f 3445 3443 3446
f 3452 3453 3270
f 3457 3436 3435
f 3454 3425 3424
f 3458 3452 3268
f 3440 3439 3438
f 3456 3433 3430
f 3455 3428 3427
f 3460 3461 3387
f 3461 3249 3387
f 3249 3250 3390
f 3250 3462 3391
f 3462 3459 3389
f 3389 3391 3462
f 3391 3390 3250
f 3390 3387 3249
f 3387 3385 3460
f 3463 3384 3388
f 3349 3388 3389
f 3343 3385 3383
f 3464 3383 3386
f 3346 3386 3384
f 3460 3385 3343
f 3350 3389 3459
f 3384 3347 3346
f 3386 3346 3464
f 3383 3464 3344
f 3383 3344 3343
f 3389 3350 3349
f 3388 3349 3463
f 3384 3463 3347
f 3465 3460 3343
f 3343 3466 3465
f 3466 3467 3465
f 3467 3466 3468
f 3469 3467 3468
f 3471 3472 3470
f 3471 3470 3473
f 3475 3473 3474
f 3476 3475 3474
f 3474 3477 3476
f 3475 3478 3473
f 3473 3478 3471
f 3471 3469 3472
f 3468 3472 3469
f 3471 3478 3475
f 3476 3477 3479
f 3479 3480 3476
f 3482 3480 3481
f 3479 3483 3481
f 3481 3480 3479
f 3481 3483 3484
f 3484 3485 3481
f 3486 3487 3488
f 3487 3489 3488
f 3490 3486 3491
f 3491 3457 3490
f 3490 3457 3492
f 3492 3493 3490
f 3494 3493 3495
f 3493 3496 3495
f 3495 3456 3494
f 3494 3456 3430
f 3430 3353 3494
f 3497 3353 3429
f 3353 3430 3429
f 3497 3455 3498
f 3498 3499 3497
f 3500 3499 3501
f 3499 3502 3501
f 3500 3454 3503
f 3503 3504 3500
f 3504 3503 3505
f 3505 3506 3504
f 3487 3393 3440
f 3506 3422 3485
f 3485 3484 3506
f 3440 3489 3487
f 3505 3422 3506
f 3501 3454 3500
f 3498 3502 3499
f 3429 3455 3497
f 3492 3496 3493
f 3488 3491 3486
f 3427 3498 3455
f 3434 3495 3492
f 3505 3485 3422
f 3502 3498 3501
f 3492 3495 3496
f 3489 3440 3488
f 3495 3434 3456
f 3498 3427 3501
f 3507 3440 3393
f 3393 3508 3507
f 3507 3509 3510
f 3507 3508 3511
f 3509 3507 3511
f 3510 3509 3512
f 3513 3509 3511
f 3511 3514 3513
f 3515 3516 3517
f 3349 3350 3515
f 3515 3518 3349
f 3518 3519 3349
f 3349 3508 3490
f 3517 3518 3515
f 3519 3520 3349
f 3508 3486 3490
f 3393 3487 3508
f 3463 3493 3494
f 3494 3353 3347
f 3483 3506 3484
f 3344 3464 3500
f 3520 3514 3349
f 3511 3508 3514
f 3487 3486 3508
f 3463 3490 3493
f 3464 3346 3497
f 3483 3504 3506
f 3500 3483 3344
f 3344 3473 3470
f 3466 3470 3472
f 3514 3508 3349
f 3497 3499 3464
f 3500 3504 3483
f 3483 3479 3344
f 3344 3474 3473
f 3344 3470 3466
f 3472 3468 3466
f 3490 3463 3349
f 3353 3346 3347
f 3344 3477 3474
f 3347 3463 3494
f 3499 3500 3464
f 3346 3353 3497
f 3466 3343 3344
f 3479 3477 3344
f 3521 3515 3350
f 3350 3459 3521
f 3522 3513 3514
f 3522 3520 3519
f 3519 3523 3522
f 3524 3519 3518
f 3525 3518 3517
f 3525 3517 3516
f 3521 3516 3515
f 3521 3526 3516
f 3516 3526 3525
f 3525 3524 3518
f 3524 3523 3519
f 3514 3520 3522
f 3513 3512 3509
f 3522 3524 3523
f 3077 3253 3529
f 3079 3288 3289
f 3080 3289 3290
f 3292 3293 3073
f 3529 3288 3079
f 3290 3291 3073
f 3291 3292 3073
f 3293 3074 3073
f 3253 3076 3075
f 3289 3080 3079
f 3074 3293 3295
f 3077 3076 3253
f 3073 3080 3290
f 3253 3075 3074
f 3529 3078 3077
f 3079 3078 3529
f 3074 3295 3253
f 3300 3201 3200
f 3199 3529 3301
f 3253 3248 3299
f 3299 3246 3245
f 3299 3248 3247
f 3200 3301 3300
f 3202 3201 3300
f 3200 3199 3301
f 3247 3246 3299
f 3300 3203 3202
f 3299 3244 3204
f 3299 3245 3244
f 3300 3204 3203
f 3302 3301 3529
f 3529 3297 3302
f 3298 3297 3253
f 3253 3299 3298
f 3204 3300 3299
f 3297 3529 3253
f 3303 3197 3196
f 3223 3304 3303
f 3303 3225 3223
f 3255 3257 3305
f 3305 3304 3255
f 3307 3527 3528
f 3303 3308 3198
f 3195 3194 3303
f 3226 3225 3303
f 3257 3529 3306
f 3198 3197 3303
f 3303 3196 3195
f 3257 3306 3305
f 3527 3306 3529
f 3528 3308 3307
f 3194 3226 3303
f 3528 3198 3308
f 3223 3255 3304
f 3199 3528 3527
f 3199 3198 3528
f 3529 3199 3527
f 3307 3306 3527
f 3309 3262 3283
f 3529 3257 3313
f 3257 3259 3315
f 3259 3262 3315
f 3309 3283 3282
f 3284 3310 3309
f 3529 3311 3286
f 3311 3310 3285
f 3262 3309 3315
f 3309 3282 3284
f 3285 3286 3311
f 3529 3313 3312
f 3315 3314 3257
f 3286 3287 3529
f 3287 3288 3529
f 3257 3314 3313
f 3284 3285 3310
f 3312 3311 3529
f 3531 3528 3527
f 3527 3530 3531
f 3239 3296 3533
f 3533 3532 3239
f 3534 3296 3281
f 3443 3535 3536
f 3266 3451 3450
f 3267 3268 3451
f 3453 3270 3271
f 3532 3238 3239
f 3536 3446 3443
f 3537 3443 3237
f 3265 3450 3449
f 3451 3266 3267
f 3269 3458 3268
f 3270 3453 3458
f 3537 3535 3443
f 3281 3265 3449
f 3281 3449 3448
f 3281 3264 3265
f 3458 3269 3270
f 3534 3533 3296
f 3450 3265 3266
f 3536 3447 3446
f 3237 3238 3537
f 3240 3252 3296
f 3240 3242 3252
f 3532 3537 3238
f 3281 3448 3447
f 3242 3241 3252
f 3296 3239 3240
f 3208 3538 3539
f 3261 3260 3540
f 3538 3208 3210
f 3539 3260 3208
f 3210 3541 3538
f 3272 3273 3408
f 3279 3280 3413
f 3539 3540 3260
f 3541 3210 3211
f 3416 3542 3541
f 3273 3274 3409
f 3276 3277 3410
f 3277 3278 3411
f 3278 3279 3412
f 3413 3412 3279
f 3410 3275 3276
f 3412 3411 3278
f 3280 3261 3413
f 3541 3211 3416
f 3416 3415 3543
f 3275 3409 3274
f 3415 3414 3543
f 3411 3410 3277
f 3543 3542 3416
f 3408 3271 3272
f 3261 3414 3413
f 3207 3208 3260
f 3260 3256 3207
f 3256 3221 3207
f 3212 3481 3545
f 3218 3219 3467
f 3211 3545 3544
f 3545 3211 3212
f 3217 3218 3469
f 3214 3476 3480
f 3467 3469 3218
f 3220 3461 3460
f 3212 3480 3482
f 3214 3475 3476
f 3215 3478 3475
f 3471 3216 3217
f 3417 3416 3542
f 3544 3541 3211
f 3480 3212 3214
f 3475 3214 3215
f 3471 3215 3216
f 3469 3471 3217
f 3460 3465 3220
f 3485 3503 3424
f 3219 3220 3465
f 3454 3424 3503
f 3417 3546 3420
f 3471 3478 3215
f 3485 3505 3503
f 3454 3501 3426
f 3212 3482 3481
f 3465 3467 3219
f 3419 3422 3421
f 3220 3249 3461
f 3427 3426 3501
f 3485 3424 3422
f 3542 3546 3417
f 3422 3419 3485
f 3231 3232 3524
f 3232 3233 3524
f 3228 3521 3459
f 3233 3523 3524
f 3233 3513 3522
f 3229 3526 3521
f 3512 3513 3233
f 3459 3462 3228
f 3521 3228 3229
f 3230 3525 3526
f 3230 3231 3525
f 3237 3537 3547
f 3526 3229 3230
f 3522 3523 3233
f 3547 3236 3237
f 3524 3525 3231
f 3547 3510 3236
f 3442 3548 3535
f 3236 3510 3512
f 3535 3443 3442
f 3512 3234 3236
f 3512 3233 3234
f 3492 3435 3434
f 3491 3437 3457
f 3444 3548 3442
f 3462 3250 3228
f 3488 3438 3437
f 3438 3488 3440
f 3437 3491 3488
f 3435 3492 3457
f 3256 3222 3221
f 3281 3263 3264
f 3532 3533 3549
f 3549 3550 3532
f 3533 3551 3549
f 3551 3533 3534
f 3281 3293 3551
f 3551 3534 3281
f 3537 3532 3550
f 3537 3550 3552
f 3535 3537 3552
f 3552 3553 3535
f 3549 3551 3293
f 3550 3554 3553
f 3293 3370 3549
f 3553 3552 3550
f 3549 3370 3555
f 3550 3555 3554
f 3555 3550 3549
f 3370 3447 3556
f 3556 3555 3370
f 3554 3555 3536
f 3555 3557 3536
f 3536 3535 3554
f 3556 3557 3555
f 3370 3281 3447
f 3281 3370 3293
f 3553 3554 3535
f 3557 3556 3536
f 3556 3447 3536
f 3547 3537 3552
f 3552 3558 3547
f 3547 3558 3559
f 3559 3510 3547
f 3559 3508 3510
f 3441 3507 3510
f 3507 3441 3440
f 3441 3510 3508
f 3508 3373 3441
f 3508 3559 3373
f 3558 3552 3553
f 3559 3558 3560
f 3560 3373 3559
f 3553 3560 3558
f 3553 3535 3548
f 3548 3560 3553
f 3373 3560 3561
f 3561 3441 3373
f 3548 3561 3560
f 3444 3561 3548
f 3561 3444 3441
f 3544 3545 3562
f 3562 3563 3544
f 3483 3545 3481
f 3483 3562 3545
f 3481 3485 3419
f 3419 3359 3483
f 3483 3481 3419
f 3544 3563 3564
f 3564 3541 3544
f 3542 3541 3564
f 3564 3565 3542
f 3562 3483 3359
f 3565 3564 3563
f 3562 3359 3566
f 3563 3566 3565
f 3566 3563 3562
f 3359 3419 3567
f 3567 3566 3359
f 3565 3566 3546
f 3566 3567 3546
f 3546 3542 3565
f 3420 3567 3419
f 3567 3420 3546
f 3568 3540 3539
f 3539 3569 3568
f 3261 3540 3568
f 3568 3262 3261
f 3538 3570 3569
f 3569 3539 3538
f 3564 3570 3541
f 3570 3538 3541
f 3362 3568 3569
f 3362 3262 3568
f 3570 3564 3565
f 3565 3571 3570
f 3569 3570 3572
f 3572 3362 3569
f 3571 3572 3570
f 3571 3542 3543
f 3543 3572 3571
f 3362 3572 3573
f 3572 3574 3573
f 3573 3414 3362
f 3543 3574 3572
f 3262 3362 3261
f 3414 3261 3362
f 3542 3571 3565
f 3414 3573 3543
f 3574 3543 3573
f 3577 3578 3576
f 3578 3575 3576
f 3576 3579 3580
f 3580 3577 3576
f 3575 3578 3581
f 3577 3582 3581
f 3581 3578 3577
f 3577 3583 3582
f 3577 3580 3583
f 3583 3580 3579
f 3579 3584 3583
f 3584 3579 3576
f 3586 3576 3575
f 3586 3585 3576
f 3585 3584 3576
f 3581 3586 3575
f 3584 3585 3597
f 3585 3586 3591
f 3586 3581 3592
f 3581 3582 3598
f 3582 3583 3596
f 3583 3584 3587
f 3587 3597 3589
f 3589 3597 3590
f 3592 3598 3593
f 3587 3589 3588
f 3594 3596 3595
f 3596 3594 3598
f 3594 3593 3598
f 3591 3590 3597
f 3587 3596 3583
f 3596 3598 3582
f 3598 3592 3581
f 3592 3591 3586
f 3591 3597 3585
f 3597 3587 3584
f 3600 3601 3592
f 3603 3587 3588
f 3604 3605 3589
f 3605 3599 3588
f 3606 3591 3592
f 3603 3607 3587
f 3593 3608 3600
f 3588 3599 3603
f 3607 3596 3587
f 3607 3610 3595
f 3610 3594 3595
f 3608 3593 3594
f 3592 3593 3600
f 3609 3607 3603
f 3588 3589 3605
f 3595 3596 3607
f 3604 3590 3613
f 3606 3614 3615
f 3616 3608 3594
f 3592 3601 3606
f 3590 3618 3613
f 3615 3590 3606
f 3611 3619 3603
f 3617 3609 3603
f 3615 3618 3590
f 3590 3591 3606
f 3619 3617 3603
f 3620 3594 3610
f 3589 3590 3604
f 3620 3616 3594
f 3612 3611 3603
f 3599 3612 3603
f 3600 3602 3601
f 3602 3600 3623
f 3623 3622 3602
f 3605 3624 3599
f 3621 3625 3612
f 3612 3599 3621
f 3609 3626 3607
f 3627 3607 3626
f 3626 3628 3627
f 3619 3629 3630
f 3619 3611 3629
f 3617 3619 3630
f 3609 3617 3631
f 3611 3612 3625
f 3625 3629 3611
f 3609 3628 3626
f 3609 3632 3628
f 3631 3632 3609
f 3630 3631 3617
f 3627 3610 3607
f 3622 3623 3636
f 3601 3614 3606
f 3608 3638 3600
f 3639 3608 3616
f 3616 3640 3639
f 3605 3604 3641
f 3624 3605 3641
f 3642 3621 3599
f 3643 3641 3604
f 3599 3624 3642
f 3641 3642 3624
f 3601 3646 3647
f 3601 3647 3648
f 3648 3614 3601
f 3646 3601 3602
f 3602 3622 3646
f 3646 3622 3647
f 3649 3614 3648
f 3650 3630 3629
f 3651 3632 3631
f 3652 3622 3636
f 3632 3651 3628
f 3642 3625 3621
f 3627 3628 3637
f 3643 3641 3653
f 3647 3622 3655
f 3634 3654 3635
f 3604 3658 3659
f 3657 3658 3604
f 3659 3660 3604
f 3604 3660 3643
f 3604 3645 3657
f 3645 3644 3657
f 3656 3657 3644
f 3615 3661 3662
f 3666 3618 3663
f 3618 3662 3663
f 3664 3644 3645
f 3645 3666 3664
f 3666 3645 3604
f 3615 3614 3649
f 3665 3615 3649
f 3665 3661 3615
f 3604 3613 3666
f 3663 3664 3666
f 3662 3618 3615
f 3666 3613 3618
f 3649 3648 3668
f 3668 3667 3649
f 3649 3667 3669
f 3669 3670 3649
f 3670 3665 3649
f 3665 3670 3671
f 3667 3668 3648
f 3669 3667 3673
f 3673 3667 3648
f 3673 3648 3669
f 3672 3669 3648
f 3674 3660 3658
f 3656 3658 3657
f 3653 3643 3674
f 3643 3660 3674
f 3659 3658 3660
f 3677 3675 3676
f 3675 3671 3676
f 3671 3679 3678
f 3671 3675 3679
f 3676 3680 3675
f 3675 3681 3689
f 3689 3681 3682
f 3683 3684 3690
f 3686 3692 3691
f 3692 3687 3688
f 3687 3692 3686
f 3696 3694 3695
f 3694 3693 3695
f 3694 3696 3688
f 3703 3697 3702
f 3700 3698 3703
f 3695 3697 3701
f 3703 3698 3697
f 3700 3699 3698
f 3715 3708 3709
f 3711 3712 3716
f 3714 3706 3707
f 3722 3723 3719
f 3722 3721 3723
f 3637 3633 3620
f 3638 3608 3636
f 3608 3635 3636
f 3633 3634 3616
f 3616 3620 3633
f 3610 3627 3637
f 3636 3600 3638
f 3724 3634 3635
f 3725 3724 3635
f 3725 3635 3608
f 3724 3616 3634
f 3636 3623 3600
f 3620 3610 3637
f 3727 3726 3724
f 3724 3725 3727
f 3701 3697 3729
f 3697 3698 3729
f 3729 3698 3699
f 3699 3700 3729
f 3729 3728 3701
f 3695 3701 3728
f 3749 3735 3736
f 3738 3739 3737
f 3746 3747 3748
f 3735 3749 3734
f 3700 3751 3729
f 3751 3752 3729
f 3758 3748 3747
f 3758 3756 3748
f 3756 3754 3757
f 3758 3747 3754
f 3754 3756 3758
f 3748 3756 3759
f 3756 3757 3759
f 3760 3757 3754
f 3757 3760 3759
f 3754 3755 3760
f 3755 3761 3760
f 3761 3755 3753
f 3769 3768 3766
f 3766 3768 3762
f 3766 3763 3764
f 3764 3752 3766
f 3765 3728 3729
f 3767 3769 3766
f 3769 3767 3759
f 3768 3769 3759
f 3762 3768 3760
f 3760 3761 3762
f 3759 3760 3768
f 3729 3752 3765
f 3764 3765 3752
f 3762 3763 3766
f 3775 3773 3774
f 3774 3745 3746
f 3746 3775 3774
f 3745 3774 3773
f 3773 3772 3745
f 3748 3759 3775
f 3775 3746 3748
f 3776 3744 3772
f 3772 3773 3776
f 3777 3778 3773
f 3776 3773 3778
f 3770 3751 3700
f 3750 3731 3771
f 3771 3770 3750
f 3700 3750 3770
f 3779 3771 3731
f 3770 3779 3780
f 3779 3770 3771
f 3731 3781 3779
f 3783 3779 3785
f 3786 3784 3783
f 3786 3787 3784
f 3789 3788 3790
f 3789 3782 3739
f 3739 3791 3789
f 3737 3739 3782
f 3700 3730 3750
f 3731 3732 3781
f 3731 3750 3730
f 3733 3781 3732
f 3772 3744 3745
f 3792 3740 3791
f 3791 3740 3741
f 3741 3793 3791
f 3793 3741 3742
f 3742 3794 3793
f 3742 3778 3794
f 3778 3742 3743
f 3778 3743 3795
f 3778 3795 3744
f 3744 3776 3778
f 3739 3791 3796
f 3739 3792 3791
f 3780 3779 3797
f 3773 3798 3799
f 3799 3777 3773
f 3751 3800 3802
f 3783 3803 3797
f 3801 3775 3759
f 3800 3751 3770
f 3770 3780 3800
f 3797 3779 3783
f 3773 3775 3798
f 3802 3804 3759
f 3778 3791 3793
f 3797 3800 3780
f 3783 3784 3803
f 3751 3802 3752
f 3791 3777 3799
f 3804 3801 3759
f 3784 3789 3805
f 3789 3806 3805
f 3789 3799 3806
f 3802 3766 3752
f 3767 3802 3759
f 3801 3798 3775
f 3789 3784 3788
f 3767 3766 3802
f 3791 3778 3777
f 3778 3793 3794
f 3805 3803 3784
f 3799 3789 3791
f 3792 3740 3741
f 3795 3743 3744
f 3742 3795 3743
f 3740 3792 3739
f 3807 3808 3802
f 3808 3809 3799
f 3809 3810 3806
f 3810 3811 3814
f 3811 3812 3800
f 3812 3807 3802
f 3802 3813 3804
f 3806 3814 3803
f 3801 3799 3798
f 3803 3800 3797
f 3803 3805 3806
f 3800 3803 3814
f 3799 3801 3813
f 3801 3804 3813
f 3802 3800 3812
f 3800 3814 3811
f 3814 3806 3810
f 3806 3799 3809
f 3799 3813 3808
f 3813 3802 3808
f 3815 3816 3810
f 3816 3817 3810
f 3817 3812 3811
f 3817 3818 3812
f 3812 3818 3819
f 3819 3807 3812
f 3807 3819 3820
f 3820 3809 3808
f 3809 3820 3815
f 3808 3807 3820
f 3811 3810 3817
f 3810 3809 3815
f 3820 3819 3818
f 3818 3817 3820
f 3817 3816 3820
f 3816 3815 3820
f 3832 3823 3824
f 3833 3827 3828
f 3828 3829 3830
f 3831 3821 3822
f 3827 3833 3826
f 3823 3832 3822
f 3841 3839 3838
f 3835 3837 3840
f 3785 3733 3734
f 3734 3783 3785
f 3737 3789 3790
f 3790 3736 3737
f 3785 3779 3733
f 3779 3781 3733
f 3782 3789 3737
f 3736 3788 3784
f 3749 3784 3842
f 3843 3783 3734
f 3842 3843 3734
f 3734 3749 3842
f 3784 3749 3736
f 3736 3790 3788
f 3845 3843 3842
f 3842 3844 3845
f 3840 3837 3847
f 3837 3838 3848
f 3848 3847 3837
f 3838 3839 3848
f 3847 3846 3840
f 3835 3840 3846
f 3850 3849 3851
f 3859 3857 3858
f 3841 3849 3850
f 3871 3866 3869
f 3871 3867 3866
f 3866 3867 3872
f 3872 3867 3871
f 3872 3871 3869
f 3869 3870 3872
f 3870 3873 3872
f 3873 3870 3868
f 3877 3876 3874
f 3876 3874 3875
f 3875 3874 3878
f 3874 3868 3878
f 3887 3879 3880
f 3888 3882 3883
f 3891 3890 3889
f 3890 3891 3892
f 3893 3890 3886
f 3893 3889 3890
f 3893 3891 3889
f 3895 3898 3896
f 3891 3894 3897
f 3872 3900 3866
f 3900 3901 3866
f 3900 3907 3908
f 3906 3908 3909
f 3908 3907 3902
f 3908 3903 3904
f 3904 3909 3908
f 3904 3846 3847
f 3909 3847 3848
f 3910 3909 3848
f 3848 3905 3910
f 3907 3900 3872
f 3902 3907 3872
f 3872 3873 3902
f 3910 3905 3906
f 3847 3909 3904
f 3902 3903 3908
f 3909 3910 3906
f 3908 3906 3900
f 3707 3708 3916
f 3918 3916 3708
f 3708 3715 3918
f 3715 3709 3919
f 3920 3919 3709
f 3709 3710 3920
f 3920 3710 3711
f 3716 3921 3922
f 3922 3711 3716
f 3921 3716 3712
f 3713 3923 3924
f 3924 3712 3713
f 3644 3704 3656
f 3925 3713 3704
f 3704 3644 3925
f 3925 3923 3713
f 3926 3664 3663
f 3661 3665 3662
f 3689 3927 3928
f 3928 3665 3675
f 3665 3678 3679
f 3671 3678 3665
f 3679 3675 3665
f 3682 3929 3930
f 3930 3689 3682
f 3929 3682 3683
f 3683 3931 3929
f 3683 3690 3931
f 3684 3685 3932
f 3931 3690 3684
f 3933 3932 3685
f 3685 3686 3934
f 3935 3934 3686
f 3686 3691 3935
f 3937 3938 3692
f 3938 3691 3692
f 3688 3936 3937
f 3692 3688 3937
f 3938 3935 3691
f 3765 3764 3728
f 3728 3696 3695
f 3728 3936 3688
f 3688 3696 3728
f 3763 3762 3939
f 3821 3940 3761
f 3753 3821 3761
f 3831 3822 3941
f 3942 3941 3822
f 3822 3832 3942
f 3943 3942 3832
f 3832 3824 3943
f 3824 3825 3944
f 3826 3945 3944
f 3944 3825 3826
f 3945 3826 3833
f 3833 3946 3945
f 3946 3833 3828
f 3830 3947 3948
f 3948 3828 3830
f 3846 3829 3835
f 3846 3947 3830
f 3830 3829 3846
f 3949 3903 3902
f 3903 3949 3904
f 3873 3874 3877
f 3868 3874 3873
f 3951 3876 3879
f 3879 3952 3951
f 3876 3951 3950
f 3950 3877 3876
f 3952 3887 3880
f 3881 3953 3954
f 3954 3880 3881
f 3882 3955 3956
f 3956 3881 3882
f 3882 3888 3955
f 3957 3955 3883
f 3955 3888 3883
f 3883 3884 3957
f 3884 3885 3958
f 3959 3958 3885
f 3960 3892 3891
f 3890 3892 3960
f 3885 3886 3961
f 3961 3959 3885
f 3886 3960 3961
f 3886 3890 3960
f 3962 3960 3963
f 3967 3966 3714
f 3707 3917 3967
f 3966 3706 3714
f 3717 3706 3966
f 3714 3707 3967
f 3963 3964 3962
f 3958 3957 3884
f 3881 3956 3953
f 3880 3954 3952
f 3879 3887 3952
f 3877 3950 3873
f 3828 3948 3946
f 3944 3943 3824
f 3941 3940 3831
f 3821 3831 3940
f 3934 3933 3685
f 3932 3931 3684
f 3689 3930 3927
f 3928 3675 3689
f 3664 3926 3644
f 3712 3924 3921
f 3711 3922 3920
f 3919 3918 3715
f 3916 3917 3707
f 3958 3970 3957
f 3952 3971 3951
f 3965 3969 3962
f 3904 3972 3846
f 3919 3968 3916
f 3938 3935 3934
f 3930 3973 3928
f 3922 3974 3920
f 3918 3919 3916
f 3916 3967 3917
f 3965 3962 3964
f 3959 3961 3958
f 3956 3954 3953
f 3950 3951 3873
f 3873 3949 3902
f 3846 3948 3947
f 3940 3941 3761
f 3761 3939 3762
f 3764 3763 3728
f 3728 3937 3936
f 3933 3934 3932
f 3930 3928 3927
f 3663 3662 3926
f 3923 3925 3924
f 3924 3922 3921
f 3974 3922 3924
f 3973 3930 3929
f 3935 3938 3937
f 3968 3919 3920
f 3972 3904 3949
f 3969 3965 3966
f 3971 3952 3954
f 3970 3958 3961
f 3915 3899 3866
f 3866 3901 3915
f 3915 3864 3899
f 3915 3975 3864
f 3864 3915 3976
f 3976 3977 3978
f 3978 3864 3976
f 3913 3914 3850
f 3839 3850 3914
f 3914 3848 3839
f 3912 3913 3851
f 3850 3851 3913
f 3912 3851 3911
f 3912 3911 3852
f 3852 3979 3912
f 3980 3859 3860
f 3862 3978 3863
f 3983 3982 3981
f 3981 3984 3983
f 3985 3986 3988
f 3985 3988 3987
f 3988 3989 3857
f 3857 3980 3988
f 3864 3978 3863
f 3850 3839 3841
f 3851 3852 3911
f 3980 3857 3859
f 3899 3864 3865
f 3899 3865 3866
f 3991 3853 3990
f 3992 3853 3854
f 3992 3990 3853
f 3993 3992 3854
f 3989 3993 3855
f 3989 3856 3994
f 3990 3979 3852
f 3852 3991 3990
f 3989 3857 3995
f 3857 3989 3994
f 3855 3856 3989
f 3854 3855 3993
f 3900 3996 3915
f 3996 3976 3915
f 3912 3914 3913
f 3901 3900 3915
f 3996 3977 3976
f 3988 3977 3998
f 3912 3848 3914
f 3977 3996 3999
f 4000 3996 3900
f 3906 3905 4001
f 3912 3997 3848
f 3977 3988 3986
f 3905 4002 4001
f 3989 4003 3997
f 3988 4004 4003
f 3999 3998 3977
f 3906 4001 4000
f 3905 3848 4002
f 3997 3912 3989
f 4003 3989 3988
f 3998 4004 3988
f 3977 3985 3981
f 3977 3981 3982
f 3990 3992 3979
f 3977 3986 3985
f 4000 3900 3906
f 3997 4005 3848
f 3992 3993 3979
f 4005 4002 3848
f 3993 3989 3979
f 3912 3979 3989
f 3991 3853 3854
f 3994 3856 3857
f 3855 3994 3856
f 3853 3991 3852
f 4006 4007 3996
f 4007 4008 3996
f 4008 4009 4003
f 4009 4010 4003
f 4010 4011 4013
f 4011 4006 4000
f 3997 4013 4002
f 4002 4013 4001
f 3996 4012 3998
f 3998 4003 4004
f 4003 3998 4012
f 3998 3999 3996
f 4000 4001 4013
f 4002 4005 3997
f 4000 4013 4011
f 4013 3997 4010
f 3997 4003 4010
f 4003 4012 4008
f 4012 3996 4008
f 3996 4000 4006
f 4014 4015 4010
f 4015 4006 4011
f 4015 4016 4006
f 4007 4016 4017
f 4007 4017 4018
f 4018 4009 4008
f 4009 4018 4019
f 4019 4014 4010
f 4010 4009 4019
f 4008 4007 4018
f 4007 4006 4016
f 4011 4010 4015
f 4018 4017 4016
f 4016 4015 4018
f 4015 4019 4018
f 4014 4019 4015
f 3859 3860 3987
f 3985 3987 3860
f 3977 3982 3862
f 3862 3863 3977
f 3860 3861 3981
f 3981 3985 3860
f 3980 3859 3988
f 3977 3863 3978
f 4020 3861 3862
f 3862 4021 4020
f 4021 3862 3982
f 4020 3981 3861
f 3987 3988 3859
f 4023 4022 4020
f 4020 4021 4023
f 3897 3894 4024
f 3894 3895 4024
f 3895 3896 4024
f 3896 3898 4024
f 4024 3960 3897
f 3891 3897 3960
f 3898 4025 4024
f 3723 4026 4044
f 4042 4040 4041
f 4033 4034 4043
f 4044 4027 4026
f 3721 3722 4046
f 3722 3719 4046
f 4047 4046 3719
f 3719 3720 4047
f 3720 3966 4047
f 3966 3720 3717
f 4049 4052 4048
f 4050 4051 4049
f 4051 3965 3964
f 3964 4052 4051
f 4052 3964 3963
f 4024 4053 3960
f 4053 3963 3960
f 4051 4050 4046
f 4046 4047 4051
f 3965 4051 4047
f 4047 3966 3965
f 4024 4048 4053
f 3963 4053 4052
f 4052 4049 4051
f 4053 4048 4052
f 4054 4055 4025
f 4055 4048 4024
f 4024 4025 4055
f 4058 4027 4026
f 4026 4059 4058
f 4026 4046 4059
f 4027 4058 4057
f 4046 4026 3721
f 4056 4027 4057
f 4056 4057 4060
f 4060 4028 4056
f 4054 4025 3898
f 4045 4040 4054
f 4041 4045 4054
f 3898 4041 4054
f 4061 4054 4040
f 4054 4040 4063
f 4063 4062 4054
f 4064 4043 4032
f 4032 4065 4064
f 4065 4032 4031
f 4031 4066 4065
f 4031 4067 4066
f 4067 4031 4029
f 4043 4064 4068
f 4068 4034 4043
f 4067 4029 4028
f 4028 4060 4067
f 4070 4068 4064
f 4069 4034 4068
f 4068 4070 4069
f 4070 4071 4069
f 4029 4031 4030
f 4032 4043 4033
f 4035 4034 4069
f 3721 4026 3723
f 4041 4040 4045
f 4056 4028 4027
f 4036 4069 4035
f 4063 4040 4039
f 4062 4072 4073
f 4058 4074 4057
f 4054 4048 4055
f 4054 4073 4048
f 4076 4077 4048
f 4062 4071 4072
f 4050 4049 4078
f 4057 4070 4064
f 4071 4075 4080
f 4059 4082 4074
f 4077 4049 4048
f 4079 4071 4062
f 4075 4071 4070
f 4081 4070 4057
f 4074 4058 4059
f 4082 4059 4046
f 4050 4082 4046
f 4084 4085 4062
f 4057 4064 4065
f 4080 4072 4071
f 4074 4081 4057
f 4077 4078 4049
f 4048 4073 4076
f 4083 4084 4062
f 4057 4066 4067
f 4081 4075 4070
f 4078 4082 4050
f 4057 4065 4066
f 4085 4079 4062
f 4067 4060 4057
f 4073 4054 4062
f 4086 4087 4084
f 4084 4083 4086
f 4071 4079 4085
f 4088 4089 4075
f 4089 4090 4094
f 4090 4091 4076
f 4091 4092 4076
f 4092 4093 4095
f 4093 4088 4081
f 4077 4095 4082
f 4077 4082 4078
f 4075 4094 4072
f 4072 4076 4073
f 4082 4081 4074
f 4075 4072 4080
f 4081 4082 4095
f 4076 4072 4094
f 4081 4095 4093
f 4095 4077 4092
f 4077 4076 4092
f 4076 4094 4090
f 4094 4075 4089
f 4075 4081 4088
f 4097 4093 4092
f 4092 4096 4097
f 4097 4088 4093
f 4097 4098 4088
f 4089 4098 4099
f 4091 4099 4100
f 4100 4096 4092
f 4092 4091 4100
f 4091 4090 4099
f 4090 4089 4099
f 4089 4088 4098
f 4098 4097 4099
f 4100 4099 4097
f 4096 4100 4097
f 4039 4083 4062
f 4039 4038 4083
f 4035 4071 4085
f 4085 4036 4035
f 4063 4039 4062
f 4071 4035 4069
f 4036 4085 4084
f 4037 4084 4101
f 4102 4083 4038
f 4038 4101 4102
f 4038 4037 4101
f 4084 4037 4036
f 4104 4102 4101
f 4101 4103 4104
f 3875 4106 3876
f 3876 4106 4107
f 4105 3876 4107
f 4107 4108 4105
f 4110 4112 3975
f 4112 4114 4118
f 4114 4113 4122
f 4118 4122 4117
f 4120 3975 4119
f 4112 4110 4111
f 4115 3982 4113
f 4122 3982 4116
f 4116 4117 4122
f 4123 4121 4107
f 4107 4106 4123
f 4110 4123 4106
f 4106 3875 4110
f 3982 4122 4113
f 4118 4119 3975
f 4120 4121 4123
f 4122 4118 4114
f 4118 3975 4112
f 3975 4120 4110
f 4120 4123 4110
f 4121 4108 4107
f 4124 4118 4117
f 4124 4119 4118
f 4124 4120 4119
f 4120 4124 4121
f 4124 4108 4121
f 4124 4125 4108
f 4109 4105 4108
f 4108 4125 4109
f 4117 4125 4124
f 4116 4126 4117
f 4109 4125 4117
f 4117 4126 4109
f 4115 4116 3982
f 4116 4115 4126
f 3982 4127 4126
f 4021 3982 4126
f 4126 4023 4021
f 3982 3983 4127
f 4129 4126 4127
f 4127 4128 4129
f 4130 4131 4132
f 4133 4132 4129
f 4129 4128 4133
f 4132 4133 4130
f 4131 4130 4135
f 4135 4134 4131
f 4102 4104 4134
f 4134 4135 4083
f 4134 4083 4102
f 4135 4086 4083
f 4137 4138 4139
f 4137 4134 4138
f 4139 4140 4137
f 4138 4083 4139
f 4134 4136 4138
f 4083 4138 4136
f 4137 4140 4142
f 4142 4141 4137
f 4143 4140 4139
f 4142 4143 4144
f 4144 4145 4142
f 4143 4146 4144
f 4139 4147 4143
f 4147 4146 4143
f 4145 4148 4142
f 4140 4143 4142
f 4149 4150 4147
f 4150 4151 4061
f 4151 4153 4144
f 4147 4061 4144
f 4144 4155 4145
f 4147 4144 4146
f 4139 4083 4156
f 4149 4083 4136
f 4149 4156 4083
f 4152 4153 4151
f 4155 4153 4025
f 4154 4025 4153
f 4155 4025 4148
f 4148 4145 4155
f 4147 4139 4156
f 4155 4144 4153
f 4144 4061 4151
f 4061 4147 4150
f 4147 4156 4149
f 4141 4142 4148
f 4148 3886 4141
f 3886 4148 4154
f 4154 4148 4025
f 4154 3893 3886
f 3753 3834 3821
f 4157 3822 3834
f 3823 4158 3824
f 4159 3834 3753
f 4161 4158 3823
f 3823 4160 4161
f 4162 4163 3822
f 3823 3822 4163
f 4163 4160 3823
f 4157 3834 4164
f 4164 4162 4157
f 3822 4157 4162
f 3834 4166 3774
f 4166 4167 4171
f 4173 3774 4172
f 4166 3834 4165
f 4168 3776 4167
f 4171 3776 4170
f 4170 4169 4171
f 3776 4171 4167
f 4171 4172 3774
f 3774 4173 4164
f 4171 3774 4166
f 3774 4164 3834
f 4160 4163 4174
f 4164 4174 4163
f 4164 4163 4162
f 3824 4161 4175
f 4161 3824 4158
f 4177 4160 4174
f 4174 4173 4177
f 4177 4161 4160
f 4177 4172 4171
f 4174 4164 4173
f 4173 4172 4177
f 4171 4169 4177
f 3824 4175 4178
f 4178 4176 3824
f 4177 4175 4161
f 4177 4178 4175
f 4179 4176 4177
f 4178 4177 4176
f 4179 4169 4170
f 4179 4177 4169
f 4170 4180 4179
f 4180 4170 3776
f 3776 4168 4180
f 4183 4184 4182
f 4181 4182 4184
f 4183 4182 4185
f 4185 4186 4183
f 4190 4191 4189
f 4195 4188 4194
f 4194 4196 4195
f 3981 4194 3984
f 4020 4022 4196
f 4196 3981 4020
f 3981 4196 4194
f 4196 4197 4195
f 4202 4204 4203
f 4205 4204 4202
f 4206 4207 4205
f 4205 4202 4206
f 4205 4207 3784
f 3787 4205 3784
f 3842 3784 4207
f 4207 3844 3842
f 4211 4187 4210
f 4209 4187 4211
f 4211 4212 4209
f 3836 3828 4213
f 3826 4209 4212
f 4212 4214 3826
f 3829 3836 3835
f 4212 4215 4216
f 4216 4217 4212
f 4215 4218 4216
f 4212 4219 4215
f 4212 4211 4220
f 4220 4219 4212
f 4217 4214 4212
f 4210 3979 4220
f 4187 4208 3979
f 3979 4210 4187
f 4220 4211 4210
f 4190 4189 3859
f 4191 4190 3857
f 3858 3857 4190
f 4192 4191 3857
f 4193 4192 3856
f 3835 4221 3849
f 3835 3849 3837
f 3849 3838 3837
f 3849 3841 3838
f 3836 3850 3849
f 4221 3836 3849
f 3851 3836 4222
f 4223 3852 3851
f 3851 4222 4223
f 4208 4187 3852
f 4208 3852 4223
f 3853 4187 4184
f 3854 4184 4183
f 4184 3854 3853
f 4193 3855 4183
f 4183 3855 3854
f 4189 4188 4195
f 4195 3859 4189
f 4022 3861 3860
f 4022 4195 4197
f 4197 4196 4022
f 4022 3860 4195
f 4023 4126 3862
f 3862 3861 4022
f 4022 4023 3862
f 4113 3862 4115
f 4126 4115 3862
f 3863 4113 4114
f 3864 4114 4112
f 3864 4112 4111
f 3864 4111 4110
f 3866 3875 3878
f 3865 4110 3875
f 3878 3870 3869
f 3869 3866 3878
f 3868 3870 3878
f 3866 3865 3875
f 4110 3865 3864
f 4114 3864 3863
f 4113 3863 3862
f 3860 3859 4195
f 4183 4186 4193
f 3853 3852 4187
f 3851 3850 3836
f 3856 3855 4193
f 3857 3856 4192
f 3859 3858 4190
f 3835 3836 4221
f 4213 4224 4218
f 4218 3836 4213
f 4216 3828 3827
f 4224 4213 3828
f 3828 4216 4224
f 4214 4217 3827
f 3827 3826 4214
f 3827 4217 4216
f 4223 4222 3913
f 4222 3836 4218
f 3913 4218 4215
f 4220 3913 4215
f 4220 4215 4219
f 4223 3979 4208
f 4223 4220 3979
f 4218 3913 4222
f 3913 4220 4223
f 4224 4216 4218
f 3680 4225 3675
f 3681 3675 4225
f 4225 4226 3681
f 3614 4225 3680
f 4228 4229 4238
f 4229 4230 3602
f 4230 4232 4236
f 4232 4231 3638
f 4236 3638 4235
f 4233 4234 4231
f 3638 4234 4235
f 4240 4239 4225
f 4225 3614 4240
f 4228 4240 3614
f 3614 3680 4228
f 4234 3638 4231
f 4236 4237 4238
f 4238 4239 4240
f 4236 4238 3602
f 3638 4236 4232
f 4236 3602 4230
f 3602 4238 4229
f 4238 4240 4228
f 4226 4239 4238
f 4241 4236 4235
f 4226 4225 4239
f 4241 4237 4236
f 4238 4241 4226
f 4238 4237 4241
f 4227 3681 4226
f 4226 4241 4227
f 4227 4241 4235
f 4235 4234 4227
f 4234 4233 4227
f 3608 4242 4233
f 3725 3608 4233
f 4233 3727 3725
f 3608 3639 4242
f 4244 4233 4242
f 4242 4243 4244
f 4245 4246 4247
f 4248 4247 4244
f 4244 4243 4248
f 4247 4248 4245
f 4246 4245 4250
f 4250 4249 4246
f 3843 3845 4249
f 4249 4250 3783
f 4249 3783 3843
f 4250 3786 3783
f 4252 4253 4249
f 4251 4249 4253
f 4253 4254 4251
f 4251 4254 4255
f 4255 3687 4251
f 4256 4255 4254
f 4256 4254 4257
f 4254 4258 4259
f 4259 4257 4254
f 4253 4258 4254
f 3740 4199 4198
f 4199 3740 3739
f 3739 4200 4199
f 3739 4201 4200
f 4201 3738 3737
f 3737 4203 4201
f 3693 3700 3697
f 3700 3702 3697
f 3697 3695 3693
f 3703 3702 3700
f 4261 3730 3694
f 3694 3730 3700
f 3693 3694 3700
f 4261 4262 3730
f 3731 3730 4262
f 4262 4263 3731
f 4263 4264 3732
f 3733 3732 4264
f 4264 4265 3733
f 3734 3733 4265
f 3734 4265 4249
f 3844 3735 3734
f 3734 3845 3844
f 3845 3734 4249
f 3844 4207 4206
f 4206 3736 3844
f 3736 3735 3844
f 4203 3737 4206
f 4206 3737 3736
f 4198 4185 4182
f 4182 3741 4198
f 3743 3742 4181
f 4182 4181 3742
f 3744 3743 4181
f 4181 4180 3744
f 4168 4167 3744
f 4180 4168 3744
f 4167 4166 3745
f 4166 4165 3745
f 4165 3746 3745
f 3746 3834 4159
f 3746 4165 3834
f 3746 3754 3758
f 3753 3755 3754
f 3754 3746 3753
f 3746 4159 3753
f 3758 3747 3746
f 3745 3744 4167
f 3742 3741 4182
f 4206 4202 4203
f 3732 3731 4263
f 4201 3739 3738
f 4198 3741 3740
f 3687 4255 4260
f 4260 3688 3687
f 3688 4266 3694
f 3688 4260 4266
f 4265 4264 4258
f 4264 4263 3771
f 4263 4262 4257
f 4262 4261 4267
f 4257 4267 4256
f 4253 4252 3785
f 4265 4252 4249
f 4265 3785 4252
f 4267 4261 4266
f 3694 4266 4261
f 4267 4266 4260
f 4260 4256 4267
f 4257 4259 4258
f 4257 4258 3771
f 4258 4253 3785
f 4267 4257 4262
f 4257 3771 4263
f 3771 4258 4264
f 4258 3785 4265
f 4260 4255 4256
f 3705 3713 4269
f 3656 3704 3705
f 4269 4270 4271
f 4271 3705 4269
f 4272 3713 4268
f 4270 4269 3713
f 3713 4272 4270
f 4273 4274 4268
f 4268 3711 4273
f 4268 4274 4272
f 4271 3705 3704
f 4279 4280 3624
f 4280 3705 4271
f 4277 3624 4276
f 4279 3612 4278
f 4279 4277 3612
f 4281 3705 4280
f 4271 4276 3624
f 4271 3624 4280
f 3624 4277 4279
f 4270 4272 4271
f 4274 4273 4282
f 4283 4276 4272
f 4272 4274 4283
f 4276 4271 4272
f 4277 4276 4283
f 4274 4282 4283
f 4284 4282 4273
f 4282 4284 4283
f 3711 4275 4284
f 4284 4273 3711
f 4285 4277 4283
f 4283 4284 4285
f 4275 4286 4285
f 4275 4287 4286
f 4285 4284 4275
f 3612 4286 4287
f 4277 4285 4286
f 4286 3612 4277
f 4287 4278 3612
f 4289 4288 4290
f 4290 4291 4289
f 4289 4291 4292
f 4292 4293 4289
f 4297 4298 4300
f 4302 4303 4301
f 4301 4299 4302
f 4301 4303 4084
f 4087 4301 4084
f 4101 4084 4303
f 4303 4103 4101
f 4303 4302 4304
f 4311 4305 4306
f 4305 4311 4312
f 4307 4306 3637
f 4308 4307 3628
f 3637 3628 4307
f 4309 4308 3628
f 3632 3651 4309
f 3651 3631 4310
f 4310 4309 3651
f 3656 3643 3658
f 3674 3658 3643
f 4281 3641 3705
f 3641 3643 3656
f 3656 3705 3641
f 3642 4281 4280
f 4279 3625 3642
f 3642 4280 4279
f 4278 3625 4279
f 4288 3650 3629
f 4287 4288 3625
f 4278 4287 3625
f 4288 3630 3650
f 4288 4289 3630
f 4310 3631 4289
f 4289 3631 3630
f 4306 4305 4313
f 4313 3637 4306
f 3726 3654 3634
f 4313 4314 3726
f 3726 3633 4313
f 3727 4233 3635
f 3635 3654 3726
f 3726 3727 3635
f 4231 3636 4233
f 4233 3636 3635
f 3636 4231 4232
f 4230 3622 3652
f 3652 4232 4230
f 4229 3655 3622
f 3622 4230 4229
f 3647 4229 4228
f 3648 3680 3676
f 3647 4228 3680
f 3676 3670 3669
f 3669 3648 3676
f 3671 3670 3676
f 3648 3647 3680
f 4229 3647 3655
f 4232 3652 3636
f 3634 3633 3726
f 3633 3637 4313
f 4289 4293 4310
f 3629 3625 4288
f 3642 3641 4281
f 3628 3632 4309
f 3616 4312 3640
f 3724 3726 4314
f 4314 3616 3724
f 3616 4314 4312
f 4313 4305 4312
f 4312 4314 4313
f 4293 4292 3920
f 4315 3639 3973
f 4292 3968 3920
f 3639 3928 3973
f 3920 3974 4293
f 4315 4242 3639
f 3639 3665 3928
f 4315 3929 3931
f 3934 3935 4318
f 3983 3846 3972
f 3662 3665 3639
f 4293 3926 3662
f 4293 3925 3644
f 3974 3924 4293
f 4292 3967 3916
f 4315 4317 4243
f 4315 3973 3929
f 4319 3932 3934
f 4320 4319 3728
f 3983 3948 3846
f 3983 3945 3946
f 3662 3640 4293
f 3924 3925 4293
f 4292 3966 3967
f 4087 4297 4300
f 4087 4292 4295
f 4243 4242 4315
f 4315 3931 3932
f 4318 4319 3934
f 3728 3763 4320
f 3763 3786 4320
f 3946 3948 3983
f 4323 3873 3951
f 4321 3971 3954
f 3640 4307 4308
f 3640 4311 4306
f 3644 3926 4293
f 4292 3969 3966
f 4292 4087 3962
f 3962 4087 4086
f 4295 4296 4087
f 4322 4320 3786
f 3945 3983 3984
f 3787 3786 3763
f 4316 4326 4127
f 4316 3983 3972
f 4323 3949 3873
f 4323 4321 3954
f 4325 4324 4128
f 3640 4309 4310
f 4306 4307 3640
f 3916 3968 4292
f 4086 3960 3962
f 4296 4297 4087
f 4250 4245 4327
f 4317 4327 4245
f 3932 4319 4315
f 4319 4318 3935
f 4186 3944 3945
f 4185 3943 3944
f 3939 4185 3787
f 3972 4323 4316
f 4323 3972 3949
f 4321 3951 3971
f 3954 3956 4323
f 4324 3956 4128
f 4308 4309 3640
f 3962 3969 4292
f 4300 4299 4087
f 4248 4243 4317
f 3935 3937 4319
f 3944 4186 4185
f 4185 3941 3942
f 3763 3939 3787
f 4316 4127 3983
f 3956 4324 4323
f 3640 4312 4311
f 4299 4301 4087
f 4245 4248 4317
f 3937 3728 4319
f 3942 3943 4185
f 3939 3761 4185
f 3787 4201 4203
f 3787 4198 4199
f 3951 4321 4323
f 3984 4188 4189
f 3639 3640 3662
f 4327 4322 3786
f 3761 3941 4185
f 3787 4200 4201
f 3787 4185 4198
f 4128 4127 4328
f 4127 4326 4328
f 3984 4192 4193
f 4189 4191 3984
f 4327 3786 4250
f 3984 4186 3945
f 4199 4200 3787
f 4128 4328 4325
f 3961 3960 4086
f 3955 4133 4128
f 3955 4130 4133
f 4191 4192 3984
f 4203 4204 3787
f 4135 3970 3961
f 4130 3957 3970
f 3984 4194 4188
f 4204 4205 3787
f 3970 4135 4130
f 4128 3956 3955
f 4310 4293 3640
f 3955 3957 4130
f 4193 4186 3984
f 4086 4135 3961
f 4315 4319 4330
f 4319 4320 4330
f 4320 4322 4332
f 4322 4327 4333
f 4327 4317 4333
f 4317 4315 4329
f 4329 4334 4317
f 4334 4333 4317
f 4333 4332 4322
f 4332 4331 4320
f 4331 4330 4320
f 4330 4329 4315
f 4324 4325 4337
f 4325 4328 4337
f 4328 4326 4337
f 4326 4316 4339
f 4316 4323 4340
f 4323 4324 4340
f 4336 4340 4324
f 4340 4339 4316
f 4339 4338 4326
f 4338 4337 4326
f 4337 4336 4324
f 4337 4341 4336
f 4344 4346 4345
f 4344 4347 4346
f 4345 4294 4344
f 4349 3707 3718
f 3709 4350 4347
f 4347 4344 3709
f 4346 4347 4351
f 4351 4352 4346
f 4351 4347 4350
f 4351 4353 4354
f 4351 4350 4353
f 4354 4355 4351
f 4351 4355 4352
f 4354 4356 4355
f 4352 4060 4345
f 4060 4343 4294
f 4294 4345 4060
f 4345 4346 4352
f 4295 4032 4033
f 4033 4296 4295
f 4296 4043 4034
f 4034 4297 4296
f 4034 4298 4297
f 4035 4300 4298
f 3893 3898 3894
f 3894 3891 3893
f 3898 3895 3894
f 4153 4041 4154
f 4154 4041 3898
f 3893 4154 3898
f 4042 4041 4153
f 4153 4152 4042
f 4152 4151 4040
f 4151 4150 4040
f 4039 4040 4150
f 4150 4149 4039
f 4038 4039 4134
f 4136 4134 4039
f 4039 4149 4136
f 4103 4037 4038
f 4038 4104 4103
f 4104 4038 4134
f 4103 4303 4304
f 4302 4036 4103
f 4103 4036 4037
f 4300 4035 4302
f 4302 4035 4036
f 4295 4292 4291
f 4291 4032 4295
f 4030 4031 4290
f 4291 4290 4031
f 4028 4029 4294
f 4290 4294 4029
f 4029 4030 4290
f 4294 4343 4028
f 4343 4357 4028
f 4357 4358 4027
f 4358 3718 4027
f 3718 4026 4027
f 4044 3718 3717
f 3717 3723 4044
f 3717 3720 3719
f 3719 3723 3717
f 4044 4026 3718
f 4027 4028 4357
f 4031 4032 4291
f 4302 4299 4300
f 4304 4302 4103
f 4040 4042 4152
f 4298 4034 4035
f 4296 4033 4043
f 3718 3706 3717
f 4350 3709 4348
f 4348 4353 4350
f 4359 4354 3707
f 4354 4353 4348
f 4348 3707 4354
f 4349 3718 4356
f 4356 4359 4349
f 3707 4349 4359
f 3718 4358 4058
f 4358 4357 4352
f 4356 4058 4355
f 4343 4060 4357
f 4060 4352 4357
f 4352 4355 4058
f 4352 4058 4358
f 4058 4356 3718
f 3718 3706 4356
f 4356 4354 4359
f 3821 3834 3822
f 4181 4176 4179
f 3836 3829 3828
f 4184 4187 4209
f 4209 4181 4184
f 4179 4180 4181
f 4209 4176 4181
f 4176 4178 4175
f 4175 3824 4176
f 4176 4209 4212
f 4212 4178 4176
f 3825 4360 4214
f 3825 3824 4175
f 4175 4360 3825
f 4214 3826 3825
f 4209 3826 4214
f 4214 4212 4209
f 4175 4361 4360
f 4360 4361 4214
f 3713 3712 4268
f 3708 4348 3709
f 3707 3706 3718
f 3705 3704 3713
f 4348 3708 3707
f 4288 4287 4275
f 4288 4275 4344
f 4290 4288 4344
f 4344 4294 4290
f 3711 4268 3712
f 3710 3709 4350
f 3710 4362 4273
f 4273 3711 3710
f 4350 4362 3710
f 4275 4284 4347
f 4347 4344 4275
f 4275 3711 4273
f 4273 4284 4275
f 4344 4347 4350
f 4350 3709 4344
f 4351 4363 4362
f 4363 4273 4362
f 4362 4350 4351
f 4284 4363 4351
f 4351 4347 4284
f 4273 4363 4284
f 4339 4340 4342
f 4341 4364 4336
f 4364 4340 4336
f 4342 4340 4364
f 4337 4365 4341
f 4338 4365 4337
f 4366 4367 4341
f 4341 4365 4366
f 4368 4366 4365
f 4365 4338 4368
f 4369 4368 4338
f 4338 4339 4369
f 4369 4370 4368
f 4369 4339 4342
f 4342 4371 4369
f 4371 4342 4364
f 4364 4372 4371
f 4370 4369 4371
f 4367 4372 4364
f 4364 4341 4367
f 4335 4330 4331
f 4329 4330 4373
f 4329 4373 4334
f 4330 4335 4373
f 4374 4333 4334
f 4375 4334 4373
f 4373 4376 4375
f 4332 4333 4374
f 4377 4374 4334
f 4334 4375 4377
f 4378 4376 4373
f 4373 4335 4378
f 4377 4379 4332
f 4332 4374 4377
f 4380 4331 4332
f 4332 4379 4380
f 4378 4335 4331
f 4331 4380 4378
f 4381 4380 4379
f 4378 4380 4381
f 4178 4212 4361
f 4212 4382 4361
f 4175 4178 4361
f 4212 4214 4382
f 4382 4214 4361
f 3882 3880 4383
f 4384 4385 3883
f 3883 3882 4384
f 4366 4386 4367
f 3884 3883 4385
f 3884 4141 3885
f 3879 4105 4388
f 4141 3886 3885
f 4372 4367 4386
f 4388 3880 3879
f 3880 4371 4372
f 4131 4134 4389
f 3880 3882 3881
f 4105 4370 4387
f 4383 4384 3882
f 4137 4389 4134
f 3879 3876 4105
f 4389 4137 4141
f 4370 4105 4109
f 4126 4129 4368
f 4368 4109 4126
f 4366 4368 4129
f 4368 4390 4109
f 4370 4109 4390
f 4370 4390 4391
f 4391 4392 4370
f 4370 4392 4338
f 4338 4368 4370
f 4391 4368 4338
f 4368 4391 4390
f 4391 4338 4392
f 4371 4393 4370
f 4387 4370 4393
f 4393 4371 4342
f 4342 4394 4393
f 4371 3880 4395
f 4395 4342 4371
f 4395 3880 4388
f 4388 4108 4395
f 4388 4105 4108
f 4387 4108 4105
f 4387 4396 4108
f 4395 4108 4394
f 4396 4394 4108
f 4394 4342 4395
f 4393 4394 4396
f 4396 4387 4393
f 4131 4389 4397
f 4397 4398 4131
f 4399 4366 4129
f 4386 4366 4399
f 4129 4132 4400
f 4132 4131 4398
f 4398 4400 4132
f 4400 4401 4129
f 4385 4384 4402
f 4141 4142 4397
f 4397 4389 4141
f 4386 4399 4403
f 4403 4404 4386
f 4129 4401 4403
f 4403 4399 4129
f 4372 4364 4395
f 4395 3880 4372
f 4402 4405 4406
f 4407 3884 4385
f 4385 4406 4407
f 4408 4409 4384
f 4402 4384 4409
f 4409 4405 4402
f 4142 4141 3884
f 3884 4407 4142
f 4408 3880 4395
f 3880 4408 4383
f 4384 4383 4408
f 4406 4385 4402
f 4404 4364 4372
f 4372 4386 4404
f 4409 4406 4405
f 4408 4395 4410
f 4407 4411 4142
f 4406 4411 4407
f 4410 4395 4364
f 4364 4404 4412
f 4415 4397 4411
f 4416 4400 4398
f 4406 4409 4414
f 4397 4142 4411
f 4404 4403 4401
f 4411 4406 4415
f 4414 4408 4364
f 4401 4416 4404
f 4398 4415 4416
f 4409 4408 4414
f 4412 4413 4414
f 4404 4416 4417
f 4414 4415 4406
f 4364 4408 4410
f 4398 4397 4415
f 4364 4412 4414
f 4401 4400 4416
f 4412 4404 4417
f 4412 4415 4413
f 4415 4414 4413
f 4417 4415 4412
f 4417 4416 4415
f 4418 3683 3682
f 4419 3684 3683
f 4420 3685 3684
f 3683 4418 4419
f 4420 3686 3685
f 3684 4419 4420
f 4376 4378 3686
f 3681 4227 4421
f 3687 3686 3691
f 4233 4421 4227
f 4246 4379 4377
f 4422 4375 4376
f 4381 4251 3687
f 4375 4422 4377
f 4249 4251 4379
f 4421 4233 4244
f 4379 4246 4249
f 4377 4423 4246
f 4423 4377 4422
f 4424 4422 4376
f 4376 4373 4424
f 4422 4424 4425
f 4425 4423 4422
f 4426 4423 4425
f 4423 4426 4246
f 4427 4419 4418
f 4428 3686 4420
f 3686 4428 4376
f 4376 4428 4429
f 4429 4373 4376
f 4427 4430 4431
f 4432 4420 4419
f 4419 4431 4432
f 4433 4434 4418
f 4427 4418 4434
f 4434 4430 4427
f 4420 4432 4428
f 4429 4428 4432
f 4226 4435 3682
f 4435 4433 3682
f 3682 3681 4226
f 4418 3682 4433
f 4431 4419 4427
f 4244 4436 4437
f 4437 4421 4244
f 4244 4247 4438
f 4247 4246 4426
f 4426 4438 4247
f 4438 4436 4244
f 4438 4440 4436
f 4438 4426 4439
f 4425 4439 4426
f 3681 4421 4437
f 4437 4226 3681
f 4430 4434 4431
f 4433 4435 4434
f 4226 4433 4435
f 4436 4440 4437
f 4251 4441 4379
f 4441 4251 4381
f 4381 4442 4441
f 4381 4443 4442
f 4381 4379 4332
f 4332 4443 4381
f 4441 4442 4332
f 4332 4379 4441
f 4332 4442 4443
f 3687 4444 4381
f 4444 3687 4255
f 4255 4445 4444
f 4381 4446 4378
f 4444 4445 4443
f 4443 4381 4444
f 4443 4447 4446
f 4446 4381 4443
f 4378 4335 4448
f 4448 3686 4378
f 4255 3686 4448
f 3686 4255 3691
f 4255 3687 3691
f 4448 4429 4255
f 4255 4429 4447
f 4447 4445 4255
f 4447 4429 4335
f 4429 4448 4335
f 4443 4445 4447
f 4446 4447 4335
f 4335 4378 4446
f 4449 4424 4373
f 4453 4434 4433
f 4433 4437 4453
f 4434 4453 4452
f 4454 4453 4440
f 4452 4431 4434
f 4440 4438 4454
f 4424 4454 4439
f 4449 4432 4452
f 4433 4226 4437
f 4453 4437 4440
f 4450 4454 4424
f 4454 4438 4439
f 4373 4429 4449
f 4449 4429 4432
f 4439 4425 4424
f 4452 4451 4449
f 4452 4432 4431
f 4424 4449 4451
f 4424 4453 4450
f 4451 4453 4424
f 4453 4454 4450
f 4451 4452 4453
f 4460 4461 4462
f 4460 4463 4464
f 4465 4466 4460
f 4459 4468 4455
f 4462 4463 4460
f 4460 4464 4465
f 4458 4465 4459
f 4459 4455 4458
f 4461 4457 4456
f 4469 4470 4471
f 4465 4469 4471
f 4456 4468 4461
f 4472 4473 4468
f 4467 4466 4465
f 4471 4459 4465
f 4467 4458 4457
f 4474 4472 4470
f 4467 4465 4458
f 4457 4475 4467
f 4468 4462 4461
f 4470 4469 4474
f 4474 4473 4472
f 4459 4472 4468
f 4461 4475 4457
f 4456 4455 4468
f 4475 4461 4456
f 4467 4475 4456
f 4456 4457 4467
f 4459 4471 4458
f 4457 4469 4467
f 4457 4458 4469
f 4469 4458 4471
f 4467 4469 4465
f 4476 4477 4469
f 4469 4465 4476
f 4478 4469 4477
f 4477 4479 4478
f 4465 4480 4481
f 4481 4476 4465
f 4482 4483 4484
f 4485 4484 4478
f 4478 4479 4485
f 4484 4485 4482
f 4486 4487 4483
f 4483 4482 4486
f 4488 4489 4490
f 4491 4490 4481
f 4481 4480 4491
f 4490 4491 4488
f 4492 4489 4488
f 4488 4493 4492
f 4479 4482 4485
f 4479 4492 4486
f 4489 4481 4490
f 4486 4482 4479
f 4481 4489 4492
f 4494 4486 4492
f 4492 4495 4494
f 4477 4476 4481
f 4492 4477 4481
f 4479 4477 4492
f 4480 4487 4493
f 4493 4488 4480
f 4478 4483 4487
f 4491 4480 4488
f 4496 4493 4487
f 4484 4483 4478
f 4487 4497 4496
f 4465 4469 4478
f 4487 4465 4478
f 4480 4465 4487
f 4494 4495 4498
f 4494 4495 4496
f 4496 4497 4494
f 4495 4499 3255
f 4493 4496 4495
f 4495 4492 4493
f 3253 4500 4494
f 4486 4494 4497
f 4497 4487 4486
f 3079 3297 3298
f 3298 3078 3079
f 3308 3300 3301
f 3299 4494 3077
f 4505 3079 3080
f 3301 3302 3308
f 3300 3308 4494
f 3299 3300 4494
f 4494 3075 3077
f 3079 4505 3297
f 3077 3078 3298
f 3303 3312 3313
f 4494 3308 3303
f 4505 4506 3302
f 3302 3307 3308
f 3077 3298 3299
f 3073 4502 4505
f 3303 4495 4494
f 3302 3297 4505
f 4500 4501 3074
f 4503 4499 3315
f 4506 4507 3302
f 4507 3307 3302
f 3307 4508 4509
f 3080 3073 4505
f 3073 4501 4502
f 4503 3315 3309
f 4499 3314 3315
f 4495 3312 3314
f 3307 4507 4508
f 3307 4509 4510
f 3073 3074 4501
f 3309 4504 4503
f 3313 4495 3303
f 3303 3311 3312
f 3075 4494 4500
f 3314 4499 4495
f 3313 3312 4495
f 3074 3075 4500
f 4510 4511 3307
f 3306 4511 3310
f 3306 3310 3311
f 3311 3303 3306
f 3309 4511 4504
f 4511 3306 3307
f 3309 3310 4511
f 3255 4513 3306
f 4498 4495 3303
f 3255 3306 3303
f 4513 3307 3306
f 4513 4498 3308
f 3303 4495 3255
f 3308 3307 4513
f 4498 3303 3308
f 3528 3301 3300
f 3300 4494 3528
f 4508 3253 3297
f 3301 3528 3527
f 3299 3253 4494
f 3527 3302 3301
f 3527 3297 3302
f 4513 3253 4508
f 3528 4512 4508
f 4513 4508 3528
f 3297 3527 4508
f 4508 3527 3528
f 3528 4494 4498
f 3255 3312 3313
f 3314 3255 4499
f 4510 4513 3311
f 3314 3312 3255
f 4510 4509 4513
f 4511 4510 3311
f 3311 3310 4511
f 3313 3312 4513
f 3312 3311 4513
f 3078 4513 4508
f 4513 4509 4508
f 3079 4507 4506
f 3079 4508 4507
f 3079 4506 4505
f 4513 3078 3077
f 3077 3075 3253
f 3079 3078 4508
f 3075 4500 3253
f 3077 3253 4513
f 3313 4513 3255
f 3528 4498 4513
f 4519 4521 4518
f 2976 2977 4518
f 2977 4519 4518
f 2977 2974 4519
f 2974 2986 4520
f 2986 2984 4520
f 2984 4514 4520
f 2988 4515 4514
f 4514 2984 2988
f 2983 4516 4515
f 4515 2988 2983
f 2983 2980 4516
f 2980 4517 4516
f 2980 2976 4517
f 4518 4517 2976
f 4520 4519 2974
f 2984 4522 2992
f 2976 4524 2958
f 2984 4525 4522
f 4523 2988 2992
f 2958 3001 2976
f 2986 4528 4525
f 2992 4529 4523
f 4526 4530 4524
f 2974 4531 4527
f 4528 2986 2974
f 2984 2986 4525
f 4524 2976 4526
f 2977 2976 4532
f 2983 2972 2970
f 2972 2983 2988
f 4531 2974 2977
f 2974 4527 4528
f 2988 2984 2992
f 4523 2972 2988
f 2970 3003 2983
f 4532 4531 2977
f 4533 4534 4525
f 4531 4535 4536
f 4531 4537 4538
f 4526 2976 2980
f 4525 4528 4533
f 3001 4532 2976
f 4527 4531 4536
f 4538 4535 4531
f 4526 2980 2983
f 3003 4526 2983
f 2972 4523 4539
f 4540 2970 2972
f 2970 4541 3003
f 3003 4541 4542
f 4542 4526 3003
f 4543 2972 4539
f 2972 4543 4544
f 4544 4540 2972
f 4546 4539 4545
f 4539 4547 4545
f 4547 4539 4523
f 2970 4544 4548
f 4548 4541 2970
f 2970 4540 4544
f 4546 4543 4539
f 4522 4525 4553
f 4553 4525 4534
f 4533 4528 4554
f 4554 4555 4533
f 4526 4556 4530
f 4530 4556 4524
f 4557 4524 4556
f 4556 4558 4557
f 4556 4526 4559
f 4559 4558 4556
f 4557 4560 2958
f 2958 4524 4557
f 4532 4561 4531
f 4562 4536 4535
f 4537 4531 4561
f 4564 4537 4561
f 4561 4563 4564
f 4564 4565 4538
f 4566 4563 4561
f 4561 4532 4566
f 4538 4537 4564
f 4566 4532 3001
f 3001 4560 4566
f 4568 4553 4534
f 4553 4569 4567
f 4567 4522 4553
f 4568 4569 4553
f 4533 4568 4534
f 4568 4533 4555
f 4555 4554 4570
f 4522 4571 4529
f 2992 4522 4529
f 4522 4567 4571
f 4567 4569 4571
f 4529 4547 4523
f 4529 4545 4547
f 4605 4577 4578
f 4612 4596 4597
f 4569 4572 4603
f 4604 4574 4575
f 4581 4582 4606
f 4607 4584 4585
f 4585 4586 4608
f 4609 4587 4588
f 4588 4589 4610
f 4611 4591 4592
f 4598 4599 4613
f 4614 4601 4602
f 4596 4612 4595
f 4577 4605 4576
f 4559 4615 4558
f 3001 2958 4560
f 4616 4564 4563
f 4536 4617 4618
f 4536 4562 4617
f 4617 4562 4535
f 4535 4619 4617
f 4619 4535 4538
f 4538 4565 4619
f 4536 4620 4527
f 4536 4618 4620
f 4528 4621 4622
f 4528 4527 4621
f 4623 4624 4625
f 4627 4622 4626
f 4615 4628 4556
f 4556 4558 4615
f 4629 4558 4556
f 4556 4630 4629
f 4631 4629 4630
f 4630 4632 4631
f 4631 4633 4629
f 4634 4629 4633
f 4633 4635 4634
f 4549 4552 4632
f 4632 4552 4635
f 4635 4631 4632
f 4632 4637 4549
f 4637 4638 4550
f 4638 4551 4550
f 4628 4615 4526
f 4551 4638 4628
f 4628 4542 4551
f 4615 4559 4526
f 4526 4542 4628
f 4550 4549 4637
f 4635 4633 4631
f 3070 4635 4552
f 4552 4639 3070
f 4636 4629 4634
f 4634 4640 4636
f 4636 4640 3038
f 3038 4641 4636
f 4641 3038 3068
f 4643 4642 4641
f 4643 4641 3068
f 3068 4644 4643
f 4648 4645 4646
f 4648 4646 4647
f 4648 4647 4650
f 4643 4644 4650
f 4648 4649 4651
f 4651 4645 4648
f 4650 4647 4643
f 4650 4649 4648
f 4649 4650 4652
f 4653 4654 4655
f 4652 4650 4644
f 4657 4658 3036
f 3036 4656 4659
f 4664 4662 4663
f 3036 4659 4662
f 4659 4663 4662
f 4657 3036 4661
f 4664 3060 3070
f 4664 4663 3060
f 4663 4656 3060
f 4663 4659 4656
f 3070 4639 4664
f 4657 4661 4660
f 4660 4665 4658
f 4660 4658 4657
f 4662 4661 3036
f 4645 4667 4666
f 4667 4645 4651
f 4651 4653 4667
f 4666 4667 4653
f 4653 4655 4666
f 4668 4666 4654
f 4666 4655 4654
f 4670 4669 4668
f 4668 4654 4670
f 4658 4665 4673
f 4672 4602 4671
f 4671 4674 4672
f 4674 4673 4672
f 4674 3028 4673
f 4675 4676 4677
f 4676 4602 4677
f 4671 4602 4676
f 4676 4674 4671
f 4677 4678 4679
f 4679 4675 4677
f 4680 4678 4677
f 4678 4680 4681
f 4679 4678 4681
f 4681 4682 4679
f 3008 4649 4652
f 3015 4652 4644
f 3014 3068 3038
f 3006 3038 4640
f 3008 4651 4649
f 4644 3014 3015
f 3028 4674 3012
f 4652 3015 3008
f 4644 3068 3014
f 3021 3006 4640
f 3021 4634 4635
f 3010 3012 4674
f 4676 4682 3010
f 4658 4673 3028
f 4654 4653 3008
f 4640 4634 3021
f 4658 3012 3023
f 3028 3012 4658
f 4682 3008 3010
f 4682 4670 3008
f 3038 3006 3014
f 4635 3023 3021
f 4674 4676 3010
f 4653 4651 3008
f 3023 4635 4658
f 4658 4635 3036
f 3070 4656 4635
f 4654 3008 4670
f 4679 4682 4676
f 3060 4656 3070
f 4656 3036 4635
f 4676 4675 4679
f 3014 4684 4683
f 3014 3006 4684
f 3006 3021 4684
f 3021 3023 4686
f 3023 3012 4687
f 3010 4688 4687
f 4687 3012 3010
f 3008 4689 4688
f 4688 3010 3008
f 3008 3015 4689
f 3015 3014 4690
f 3014 4683 4690
f 4690 4689 3015
f 4687 4686 3023
f 4686 4685 3021
f 4685 4684 3021
f 4692 4691 4682
f 4691 4670 4682
f 4693 4692 4694
f 4697 4695 4696
f 4702 4703 4698
f 4707 4706 4705
f 4714 4715 4717
f 4716 4717 4715
f 4545 4718 4700
f 4545 4719 4718
f 4720 4719 4545
f 4545 4721 4720
f 4545 4698 4721
f 4721 4698 4701
f 4701 4722 4721
f 4720 4721 4699
f 4720 4699 4545
f 4721 4723 4699
f 4736 4737 4738
f 4748 4732 4734
f 4734 4735 4733
f 4743 4741 4742
f 4732 4748 4731
f 4733 4734 4732
f 4725 4724 4721
f 4726 4725 4750
f 4725 4749 4750
f 4724 4723 4721
f 4724 4699 4723
f 4750 4728 4726
f 4722 4749 4725
f 4721 4722 4725
f 4722 4750 4749
f 4751 4726 4728
f 4728 4753 4752
f 4728 4754 4753
f 4728 4752 4751
f 4752 4753 4755
f 4755 4726 4752
f 4726 4751 4752
f 4627 4755 4753
f 4754 4627 4753
f 4726 4755 4627
f 4734 4756 4735
f 4730 4754 4731
f 4760 4757 4758
f 4758 4759 4760
f 4757 4760 4761
f 4711 4757 4762
f 4762 4763 4711
f 4761 4762 4757
f 4758 4757 4711
f 4764 4765 4761
f 4761 4760 4764
f 4759 4766 4764
f 4764 4760 4759
f 4759 4767 4768
f 4768 4766 4759
f 4761 4769 4781
f 4769 4770 4779
f 4770 4771 4782
f 4771 4772 4777
f 4772 4773 4783
f 4773 4774 4775
f 4779 4782 4777
f 4777 4783 4776
f 4763 4781 4780
f 4779 4777 4778
f 4779 4780 4781
f 4775 4776 4783
f 4781 4763 4762
f 4775 4783 4773
f 4783 4777 4772
f 4777 4782 4771
f 4782 4779 4770
f 4779 4781 4769
f 4781 4762 4761
f 4780 4716 4707
f 4763 4709 4710
f 4703 4704 4701
f 4707 4708 4780
f 4763 4708 4709
f 4703 4701 4698
f 4704 4706 4701
f 4716 4701 4707
f 4711 4763 4710
f 4784 4776 4775
f 4706 4707 4701
f 4784 4777 4776
f 4784 4779 4778
f 4784 4716 4780
f 4708 4763 4780
f 4778 4777 4784
f 4780 4779 4784
f 4716 4785 4786
f 4716 4784 4785
f 4786 4717 4716
f 4786 4714 4717
f 4786 4713 4714
f 4712 4713 4786
f 4788 4784 4775
f 4775 4787 4788
f 4786 4789 4570
f 4570 4712 4786
f 4712 4528 4622
f 4528 4712 4570
f 4712 4622 4790
f 4554 4528 4570
f 4790 4791 4712
f 4789 4786 4785
f 4792 4785 4784
f 4784 4788 4792
f 4785 4792 4789
f 4791 4790 4793
f 4793 4794 4791
f 4730 4731 4622
f 4735 4623 4625
f 4625 4734 4735
f 4734 4625 4795
f 4625 4621 4795
f 4748 4795 4793
f 4790 4622 4731
f 4731 4748 4793
f 4793 4790 4731
f 4623 4735 4756
f 4754 4730 4627
f 4795 4748 4734
f 4622 4627 4730
f 4796 4623 4756
f 4796 4756 4736
f 4797 4623 4796
f 4796 4798 4797
f 4736 4798 4796
f 4798 4799 4736
f 4799 4798 4797
f 4736 4797 4798
f 4802 4797 4800
f 4800 4739 4802
f 4739 4740 4803
f 4740 4804 4803
f 4801 4805 4804
f 4804 4740 4801
f 4797 4736 4800
f 4805 4801 4743
f 4743 4806 4805
f 4803 4802 4739
f 4802 4803 4804
f 4807 4806 4743
f 4807 4743 4808
f 4809 4806 4807
f 4807 4810 4809
f 4808 4810 4807
f 4809 4805 4806
f 4808 4809 4810
f 4754 4729 4730
f 4735 4736 4756
f 4736 4738 4800
f 4743 4801 4741
f 4801 4740 4741
f 4750 4727 4728
f 4739 4800 4738
f 4746 4812 4813
f 4754 4728 4729
f 4808 4743 4744
f 4745 4747 4813
f 4747 4746 4813
f 4750 4722 4727
f 4745 4808 4744
f 4746 4814 4811
f 4812 4746 4811
f 4815 4745 4813
f 4813 4816 4815
f 4813 4817 4816
f 4813 4812 4817
f 4815 4809 4745
f 4809 4808 4745
f 4817 4812 4811
f 4811 4818 4817
f 4818 4819 4820
f 4818 4821 4819
f 4818 4811 4821
f 4746 4822 4823
f 4823 4811 4814
f 4811 4823 4818
f 4814 4746 4823
f 4827 4826 4806
f 4832 4830 4829
f 4833 4560 4829
f 4831 4829 4833
f 4829 4560 4832
f 4829 4830 4834
f 4566 4560 4833
f 4835 4834 4557
f 4557 4836 4835
f 4834 4832 4557
f 4832 4834 4830
f 4837 4835 4836
f 4836 4838 4837
f 4839 4837 4840
f 4636 4840 4837
f 4837 4838 4636
f 4841 4837 4839
f 4840 4641 4841
f 4841 4839 4840
f 4843 4842 4841
f 4841 4641 4843
f 4643 4843 4641
f 4833 4829 4803
f 4803 4566 4833
f 4566 4803 4845
f 4845 4563 4566
f 4563 4845 4846
f 4846 4616 4563
f 4616 4846 4847
f 4847 4848 4616
f 4849 4850 4848
f 4850 4851 4852
f 4852 4617 4850
f 4852 4853 4617
f 4852 4625 4853
f 4849 4851 4850
f 4847 4849 4848
f 4565 4848 4850
f 4853 4618 4617
f 4848 4565 4616
f 4854 4618 4853
f 4854 4625 4855
f 4625 4854 4853
f 4855 4856 4854
f 4738 4846 4845
f 4845 4739 4738
f 4737 4847 4846
f 4846 4738 4737
f 4737 4849 4847
f 4735 4852 4851
f 4851 4736 4735
f 4851 4849 4736
f 4716 4727 4722
f 4722 4701 4716
f 4715 4728 4727
f 4727 4716 4715
f 4714 4729 4728
f 4728 4715 4714
f 4713 4730 4729
f 4729 4714 4713
f 4712 4731 4730
f 4730 4713 4712
f 4732 4731 4794
f 4731 4791 4794
f 4731 4712 4791
f 4794 4855 4733
f 4794 4733 4732
f 4855 4625 4852
f 4855 4852 4734
f 4855 4734 4733
f 4803 4739 4845
f 4741 4740 4803
f 4827 4742 4741
f 4743 4742 4827
f 4744 4743 4826
f 4743 4806 4826
f 4744 4826 4815
f 4825 4824 4747
f 4745 4815 4825
f 4746 4747 4824
f 4824 4822 4746
f 4747 4745 4825
f 4745 4744 4815
f 4827 4806 4743
f 4828 4827 4741
f 4803 4828 4741
f 4794 4856 4855
f 4735 4734 4852
f 4737 4736 4849
f 4620 4854 4527
f 4794 4793 4795
f 4795 4856 4794
f 4527 4856 4621
f 4795 4621 4856
f 4854 4856 4527
f 4836 4558 4629
f 4618 4854 4620
f 4840 4636 4641
f 4616 4565 4564
f 4836 4557 4558
f 4838 4836 4629
f 4857 4668 4669
f 4666 4668 4857
f 4619 4850 4617
f 4619 4565 4850
f 4858 4645 4666
f 4560 4557 4832
f 4669 4859 4857
f 4629 4636 4838
f 4645 4860 4646
f 4860 4645 4858
f 4843 4643 4844
f 4844 4841 4843
f 4666 4857 4861
f 4857 4862 4861
f 4858 4666 4697
f 4860 4858 4863
f 4646 4860 4864
f 4860 4865 4864
f 4647 4646 4866
f 4643 4647 4867
f 4867 4844 4643
f 4866 4867 4647
f 4864 4866 4646
f 4863 4865 4860
f 4697 4863 4858
f 4861 4697 4666
f 4859 4868 4862
f 4857 4859 4862
f 4873 4875 4872
f 4872 4871 4875
f 4869 4870 4871
f 4670 4859 4669
f 4877 4868 4878
f 4868 4691 4878
f 4878 4879 4877
f 4670 4868 4859
f 4691 4868 4670
f 4880 4877 4879
f 4879 4881 4880
f 4882 4884 4885
f 4885 4886 4882
f 4882 4662 4884
f 4887 4884 4662
f 4662 4888 4887
f 4662 4876 4888
f 4886 4883 4882
f 4884 4887 4888
f 4892 4884 4888
f 4905 4904 4906
f 4908 4909 4910
f 4915 4893 4894
f 4897 4898 4896
f 4905 4906 4907
f 4893 4915 4888
f 4909 4908 4907
f 4902 4903 4901
f 4890 4889 4915
f 4889 4892 4915
f 4871 4890 4915
f 4894 4891 4871
f 4889 4884 4892
f 4889 4882 4884
f 4894 4916 4891
f 4915 4894 4871
f 4861 4905 4904
f 4904 4863 4697
f 4903 4902 4865
f 4902 4864 4865
f 4865 4863 4903
f 4902 4901 4866
f 4866 4864 4902
f 4901 4900 4867
f 4867 4866 4901
f 4888 4876 4869
f 4869 4893 4888
f 4871 4894 4893
f 4893 4869 4871
f 4871 4895 4894
f 4871 4872 4895
f 4895 4872 4875
f 4875 4896 4895
f 4896 4875 4873
f 4873 4897 4896
f 4898 4873 4874
f 4898 4874 4844
f 4844 4899 4898
f 4844 4867 4900
f 4844 4900 4899
f 4906 4905 4862
f 4905 4861 4862
f 4907 4906 4877
f 4862 4868 4877
f 4877 4906 4862
f 4880 4917 4908
f 4877 4908 4909
f 4877 4909 4907
f 4877 4880 4908
f 4917 4694 4910
f 4694 4918 4911
f 4918 4919 4912
f 4919 4920 4913
f 4920 4921 4913
f 4921 4914 4913
f 4913 4912 4919
f 4912 4911 4918
f 4911 4910 4694
f 4910 4908 4917
f 4898 4897 4873
f 4904 4903 4863
f 4697 4861 4904
f 4665 4924 4925
f 4665 4926 4924
f 4665 4922 4926
f 4665 4927 4922
f 4923 4922 4927
f 4914 4921 4928
f 4928 4922 4914
f 4928 4665 4922
f 4920 4919 4929
f 4918 4929 4919
f 4930 4933 4932
f 4933 4930 4914
f 4933 4914 4922
f 4922 4931 4933
f 4931 4922 4923
f 4923 4927 4931
f 4932 4919 4930
f 4919 4912 4930
f 4939 4940 4938
f 4928 4942 4943
f 4944 4936 4937
f 4936 4944 4935
f 4945 4891 4916
f 4945 4916 4896
f 4875 4891 4945
f 4945 4946 4875
f 4896 4946 4945
f 4891 4875 4947
f 4896 4875 4946
f 4948 4899 4950
f 4900 4951 4844
f 4949 4952 4951
f 4951 4900 4949
f 4947 4875 4896
f 4952 4949 4903
f 4903 4865 4952
f 4896 4948 4947
f 4844 4950 4899
f 4950 4947 4948
f 4951 4950 4844
f 4912 4919 4953
f 4954 4955 4912
f 4912 4953 4954
f 4954 4953 4693
f 4919 4693 4953
f 4956 4693 4932
f 4919 4932 4693
f 4954 4693 4955
f 4904 4905 4695
f 4910 4694 4692
f 4692 4908 4910
f 4879 4957 4908
f 4908 4881 4879
f 4881 4908 4692
f 4905 4957 4878
f 4878 4695 4905
f 4878 4691 4695
f 4697 4696 4958
f 4694 4910 4955
f 4955 4693 4694
f 4958 4904 4697
f 4879 4878 4957
f 4695 4697 4904
f 4958 4904 4905
f 4908 4955 4910
f 4898 4948 4896
f 4898 4899 4948
f 4901 4949 4900
f 4905 4907 4957
f 4911 4912 4955
f 4955 4910 4911
f 4915 4892 4888
f 4895 4916 4894
f 4949 4901 4903
f 4908 4957 4907
f 4895 4896 4916
f 4958 4903 4904
f 4930 4912 4913
f 4914 4930 4913
f 4958 4696 4959
f 4960 4865 4903
f 4960 4903 4958
f 4696 4865 4960
f 4960 4959 4696
f 4958 4959 4960
f 4661 4662 4882
f 4639 4876 4664
f 4869 4876 4639
f 4662 4664 4876
f 4639 4552 4869
f 4818 4724 4725
f 4552 4870 4869
f 4686 4661 4882
f 4552 4841 4871
f 4824 4542 4541
f 4548 4822 4541
f 4544 4543 4823
f 4543 4546 4818
f 4818 4699 4724
f 4871 4870 4552
f 4841 4873 4872
f 4548 4544 4822
f 4543 4818 4823
f 4725 4726 4818
f 4552 4549 4837
f 4872 4871 4841
f 4841 4844 4874
f 4541 4822 4824
f 4546 4545 4818
f 4542 4834 4835
f 4835 4837 4550
f 4874 4873 4841
f 4550 4551 4835
f 4687 4688 4932
f 4823 4822 4544
f 4699 4818 4545
f 4841 4552 4837
f 4549 4550 4837
f 4687 4932 4661
f 4516 4815 4816
f 4797 4518 4521
f 4932 4931 4927
f 4542 4825 4815
f 4542 4829 4834
f 4686 4687 4661
f 4816 4817 4516
f 4815 4516 4809
f 4518 4797 4805
f 4927 4661 4932
f 4933 4931 4932
f 4829 4815 4826
f 4824 4825 4542
f 4693 4688 4689
f 4882 4685 4686
f 4685 4882 4889
f 4891 4683 4684
f 4817 4818 4515
f 4726 4627 4520
f 4519 4622 4623
f 4519 4623 4797
f 4829 4827 4828
f 4815 4829 4542
f 4835 4551 4542
f 4690 4891 4947
f 4515 4516 4817
f 4518 4805 4809
f 4826 4827 4829
f 4952 4689 4690
f 4952 4696 4689
f 4688 4693 4932
f 4818 4514 4515
f 4818 4726 4514
f 4622 4519 4520
f 4797 4802 4804
f 4521 4519 4797
f 4809 4516 4517
f 4660 4661 4927
f 4689 4696 4693
f 4889 4890 4685
f 4871 4684 4685
f 4891 4690 4683
f 4520 4514 4726
f 4520 4627 4622
f 4517 4518 4809
f 4623 4621 4625
f 4623 4622 4621
f 4665 4660 4927
f 4685 4890 4871
f 4947 4952 4690
f 4693 4691 4692
f 4695 4693 4696
f 4804 4805 4797
f 4828 4803 4829
f 4684 4871 4891
f 4695 4691 4693
f 4950 4951 4952
f 4947 4950 4952
f 4696 4952 4865
f 4966 4962 4961
f 4934 4963 4964
f 4964 4961 4934
f 4961 4964 4965
f 4965 4966 4961
f 4962 4966 4967
f 4934 4961 4962
f 4967 4968 4969
f 4969 4970 4967
f 4971 4966 4965
f 4971 4968 4966
f 4968 4967 4966
f 4973 4974 4984
f 4974 4975 4982
f 4975 4976 4985
f 4976 4977 4980
f 4977 4978 4986
f 4978 4965 4964
f 4972 4984 4983
f 4986 4964 4963
f 4980 4986 4979
f 4963 4979 4986
f 4980 4981 4982
f 4980 4982 4985
f 4982 4983 4984
f 4964 4986 4978
f 4986 4980 4977
f 4980 4985 4976
f 4985 4982 4975
f 4982 4984 4974
f 4984 4972 4973
f 4979 4937 4938
f 4935 4963 4934
f 4935 4944 4963
f 4979 4963 4937
f 4921 4940 4941
f 4944 4937 4963
f 4938 4920 4979
f 4928 4921 4941
f 4921 4938 4940
f 4938 4921 4920
f 4987 4980 4979
f 4979 4920 4987
f 4987 4981 4980
f 4987 4982 4981
f 4987 4983 4982
f 4929 4918 4988
f 4920 4929 4988
f 4972 4983 4987
f 4928 4941 4942
f 4988 4694 4917
f 4988 4989 4920
f 4918 4694 4988
f 4989 4987 4920
f 4990 4991 4972
f 4972 4987 4990
f 4990 4987 4989
f 4992 4989 4988
f 4988 4993 4992
f 4989 4992 4990
f 4880 4881 4692
f 4692 4682 4880
f 4917 4880 4682
f 4681 4917 4682
f 4988 4917 4681
f 4681 4993 4988
f 5007 5012 5006
f 4995 5016 4994
f 4998 4999 4997
f 5007 5012 5008
f 4997 4999 5014
f 5013 5005 5006
f 5016 4995 4996
f 5015 4996 4997
f 4971 5017 5011
f 5010 5017 5011
f 4970 4969 4962
f 4969 4968 4962
f 5018 4962 4968
f 4967 4970 4962
f 5021 5019 5020
f 4964 4961 4968
f 5023 4964 4971
f 5024 5023 5017
f 5023 5011 5017
f 5017 4985 5024
f 5017 5010 4985
f 4961 5018 4968
f 4971 5011 5023
f 4968 4971 4964
f 4964 5022 4961
f 5018 4961 5022
f 5022 4964 5023
f 5025 4985 5010
f 5025 5010 5026
f 5027 4985 5025
f 5025 5028 5027
f 5026 5028 5025
f 5027 5024 4985
f 5026 5027 5028
f 5005 5030 5004
f 5026 5010 5008
f 5027 4984 5031
f 5035 5033 4994
f 5033 5034 4994
f 5019 5033 5036
f 5019 5036 5037
f 5019 5037 5038
f 4994 5039 5040
f 5040 5035 4994
f 5040 5033 5035
f 5040 5038 5033
f 5038 5036 5033
f 5038 5037 5036
f 5042 4996 4995
f 5042 4995 5034
f 5034 5043 5042
f 5034 5019 5043
f 5034 5033 5019
f 5044 5045 4996
f 5045 5046 4996
f 5042 5044 4996
f 5044 5042 5045
f 5040 5039 5047
f 5040 5041 5019
f 5019 5038 5040
f 5047 5041 5040
f 5048 5049 5044
f 5049 5050 5057
f 5056 5044 5055
f 5047 5048 5056
f 5047 5039 5048
f 5050 5051 5052
f 5052 5057 5050
f 5052 5054 5057
f 5052 5053 5054
f 5054 5055 5044
f 5057 5054 5049
f 5054 5044 5049
f 5044 5056 5048
f 5060 5047 5059
f 5059 5060 5058
f 5061 5063 5062
f 5061 5064 5063
f 5064 5065 5063
f 5071 5068 5067
f 5066 5069 5070
f 5070 5067 5066
f 5064 5068 5071
f 5071 5065 5064
f 5067 5070 5071
f 5073 5062 5063
f 5074 5070 5069
f 5063 5065 5073
f 5069 5072 5074
f 5074 5073 5071
f 5065 5071 5073
f 5071 5070 5074
f 5072 5075 5074
f 5072 5069 5076
f 5076 5077 5072
f 5066 5076 5069
f 5075 5072 5077
f 5081 5078 5079
f 5046 5045 5082
f 5082 4997 5046
f 5082 5083 4997
f 5082 5045 5057
f 5057 5083 5082
f 5083 5057 4997
f 5087 5001 5000
f 5086 5000 4998
f 5000 5086 5087
f 5001 5087 5085
f 5045 5084 5088
f 5088 5057 5045
f 5085 5087 5090
f 5087 5086 5089
f 4998 5088 5089
f 5089 5086 4998
f 5088 4998 4997
f 4997 5057 5088
f 5091 5092 5003
f 5003 5085 5091
f 5089 5090 5087
f 5090 5091 5085
f 5009 5008 5010
f 5006 5029 5007
f 5004 5003 5030
f 5003 5002 5085
f 5001 5085 5002
f 5029 5006 5005
f 4998 5000 4999
f 5046 4997 4996
f 4995 4994 5034
f 5003 5092 5093
f 5003 5093 5094
f 5094 5030 5003
f 5094 5093 5092
f 5092 5095 5094
f 5094 5095 5030
f 5092 5096 5091
f 5091 5096 5095
f 5095 5092 5091
f 5024 5022 5023
f 5045 5042 5043
f 5024 5018 5022
f 5045 5021 5018
f 5027 5096 5084
f 5095 5027 5097
f 5019 5021 5045
f 5043 5019 5045
f 5018 5024 5045
f 5027 5095 5096
f 5084 5089 5088
f 5084 5045 5027
f 5027 5032 5097
f 5031 5032 5027
f 5084 5090 5089
f 5084 5091 5090
f 5024 5027 5045
f 5091 5084 5096
f 5095 5097 5098
f 5099 5032 5031
f 5099 5100 5032
f 5051 5103 5101
f 5101 5052 5051
f 5081 5105 5078
f 5077 5076 5106
f 5076 5066 5106
f 5064 5061 5106
f 5066 5067 5106
f 5061 5108 5107
f 5068 5064 5106
f 5109 5110 5111
f 5113 5081 5079
f 5056 5058 5060
f 5108 5109 5107
f 5113 5115 5112
f 5056 5061 5058
f 5107 5106 5061
f 5114 5110 5109
f 5112 5081 5113
f 5113 5079 5080
f 5053 5117 5054
f 5055 5054 5117
f 5055 5108 5061
f 5109 5108 5114
f 5080 5106 5113
f 5106 5080 5077
f 5117 5108 5055
f 5060 5047 5056
f 5061 5056 5055
f 5067 5068 5106
f 5109 5111 5115
f 5113 5109 5115
f 5119 5120 5105
f 5120 5121 5118
f 5118 5105 5120
f 5105 5081 5119
f 5121 5122 5123
f 5123 5124 5121
f 5121 5120 5122
f 5125 5122 5120
f 5120 5119 5126
f 5126 5125 5120
f 5128 5129 5111
f 5129 5130 5112
f 5081 5112 5130
f 5128 5131 5116
f 5116 5127 5128
f 5131 5111 5116
f 5111 5110 5116
f 5130 5119 5081
f 5112 5115 5129
f 5115 5111 5129
f 5111 5131 5128
f 5132 5127 5116
f 5135 5127 5132
f 5132 5116 5110
f 5133 5132 5110
f 5101 5102 5053
f 5052 5101 5053
f 5136 5117 5053
f 5136 5137 5108
f 5108 5117 5136
f 5137 5114 5108
f 5137 5110 5114
f 5137 5133 5110
f 5053 5102 5136
f 5139 5106 5107
f 5109 5140 5139
f 5139 5107 5109
f 5109 5113 5140
f 5113 5141 5140
f 5106 5138 5141
f 5141 5113 5106
f 5139 5138 5106
f 5142 5143 5144
f 5144 5104 5142
f 5145 5146 5143
f 5143 5142 5145
f 5146 5145 5092
f 5147 5092 5149
f 5149 5148 5147
f 5098 5150 5148
f 5150 5098 5151
f 5151 5152 5150
f 5136 5102 5104
f 5104 5144 5136
f 5148 5149 5098
f 5147 5146 5092
f 5153 5137 5136
f 5154 5155 5156
f 5157 5154 5158
f 5156 5158 5154
f 5158 5159 5157
f 5160 5161 5162
f 5162 5159 5160
f 5161 5134 5163
f 5163 5162 5161
f 5155 5164 5165
f 5137 5163 5133
f 5134 5133 5163
f 5165 5156 5155
f 5158 5160 5159
f 5162 5157 5159
f 5166 5164 5155
f 5164 5166 5167
f 5164 5167 5170
f 5169 5164 5168
f 5170 5169 5164
f 5164 5169 5165
f 5171 5168 5169
f 5169 5170 5171
f 5146 5147 5143
f 5151 5172 5152
f 5151 5174 5172
f 5175 5174 5151
f 5151 5173 5175
f 5073 5074 4586
f 4586 4587 5073
f 5074 4608 4586
f 5080 4607 5075
f 5074 5075 4585
f 5075 4607 4585
f 4585 4608 5074
f 4583 4584 5079
f 5080 5079 4584
f 4584 4607 5080
f 4606 4582 5118
f 4582 5105 5118
f 4583 5078 5105
f 5105 4582 4583
f 4581 5176 5177
f 4606 5178 5176
f 5176 4581 4606
f 5177 4580 4581
f 4758 4711 4579
f 4580 5177 4758
f 4758 4579 4580
f 4605 4578 4710
f 4711 4710 4578
f 4578 4579 4711
f 4576 4605 4709
f 4709 4708 4576
f 4604 4575 4707
f 4708 4707 4575
f 4575 4576 4708
f 4573 4574 4706
f 4705 4706 4574
f 4574 4604 4705
f 4603 4572 4703
f 4572 4573 4704
f 4704 4703 4572
f 4571 4569 4603
f 4603 4529 4571
f 4529 4603 4702
f 4698 4545 4529
f 4529 4702 4698
f 4673 4665 4928
f 4928 4672 4673
f 4928 4943 4672
f 4614 4602 4672
f 4672 4943 4614
f 4601 4942 4941
f 4614 4943 4942
f 4942 4601 4614
f 4941 4600 4601
f 4939 4613 4599
f 4600 4941 4940
f 4940 4599 4600
f 4937 4597 4598
f 4613 4939 4938
f 4938 4598 4613
f 4597 4937 4936
f 4936 4612 4597
f 4934 4594 4595
f 4612 4936 4935
f 4935 4595 4612
f 4593 4594 4962
f 4594 4934 4962
f 4611 4592 5021
f 4592 4593 5018
f 5018 5021 4592
f 4590 4591 5041
f 5041 5047 4590
f 5019 5041 4591
f 4611 5020 5019
f 5019 4591 4611
f 5058 4610 4589
f 4589 5059 5058
f 4590 5060 5059
f 5059 4589 4590
f 5073 4609 4588
f 4588 5062 5073
f 5058 5061 5062
f 5062 4610 5058
f 4588 4610 5062
f 5047 5060 4590
f 5021 5020 4611
f 4962 5018 4593
f 4595 4935 4934
f 4598 4938 4937
f 4599 4940 4939
f 4703 4702 4603
f 4706 4704 4573
f 4707 4705 4604
f 4710 4709 4605
f 5118 5178 4606
f 5079 5078 4583
f 5075 5077 5080
f 4587 4609 5073
f 5118 5176 5178
f 5124 5123 5118
f 5123 5122 5118
f 5121 5124 5118
f 5181 5180 5182
f 5177 4764 4766
f 4766 4758 5177
f 4758 4766 4768
f 4758 4768 4767
f 4758 4767 4759
f 5183 5184 4762
f 5177 5183 4757
f 4762 4757 5183
f 5122 5125 5126
f 5201 5203 5200
f 5192 5206 5205
f 5191 5205 5190
f 5204 5198 5200
f 5198 5199 5200
f 5205 5191 5192
f 5207 5186 4765
f 5207 5184 5185
f 5207 4765 5184
f 4765 4762 5184
f 4762 4765 4764
f 4764 4757 4762
f 5185 5187 5207
f 4764 5177 4757
f 5179 5118 5208
f 5118 5122 5208
f 5180 5179 5208
f 5201 5182 5180
f 5201 5181 5182
f 5201 5210 5181
f 5209 5201 5180
f 5208 5209 5180
f 5211 5181 5210
f 5200 5212 5211
f 5211 5210 5200
f 5211 5212 5131
f 5131 5181 5211
f 5200 5131 5212
f 5215 5196 5214
f 5216 5197 5215
f 5196 5215 5197
f 5197 5216 5199
f 5181 5131 5213
f 5199 5216 5219
f 5215 5218 5219
f 5219 5216 5215
f 5218 5215 5214
f 5220 5131 5200
f 5200 5199 5220
f 5214 5194 5217
f 5214 5217 5218
f 5219 5220 5199
f 5221 5217 5194
f 5222 5224 5223
f 5223 5194 5222
f 5194 5225 5221
f 5223 5225 5194
f 5223 5224 5226
f 5223 5226 5217
f 5217 5225 5223
f 5217 5221 5225
f 5227 5226 5224
f 5222 5227 5224
f 5193 5222 5192
f 5227 5165 5229
f 5208 5122 5126
f 5195 5214 5196
f 5198 5197 5199
f 5214 5195 5194
f 5189 5188 5228
f 5187 5228 5188
f 5202 5209 5208
f 5187 5186 5207
f 5208 5126 5202
f 5201 5200 5210
f 5209 5202 5201
f 5222 5194 5193
f 5232 5230 5231
f 5230 5233 5231
f 5234 5235 4783
f 5232 4783 5235
f 5236 5234 5228
f 5187 5185 5237
f 5237 5238 5187
f 5237 5236 5228
f 5185 5234 5236
f 5236 5237 5185
f 5228 5187 5237
f 5181 5179 5180
f 5181 5118 5179
f 5118 5181 5176
f 5184 5183 5185
f 5185 5177 5176
f 5234 5213 5226
f 5183 5177 5185
f 5176 5181 5185
f 5226 5227 5234
f 5219 5218 5213
f 5213 5131 5220
f 5234 5185 5213
f 5234 5232 5235
f 5226 5213 5217
f 5220 5219 5213
f 5234 5230 5232
f 5229 5234 5227
f 5218 5217 5213
f 5181 5213 5185
f 5229 5165 5234
f 5165 5230 5234
f 5238 5237 5185
f 5173 5151 5005
f 5013 5175 5173
f 5173 5005 5013
f 5013 5006 5175
f 5004 5005 5098
f 5005 5151 5098
f 5003 5004 5098
f 5098 5149 5003
f 5003 5149 5092
f 5002 5003 5145
f 5003 5092 5145
f 5001 5002 5142
f 5000 5104 5102
f 5104 5000 5001
f 5000 5102 5101
f 4999 5103 5051
f 5051 5014 4999
f 4999 5101 5103
f 4997 5014 5051
f 5050 5049 5015
f 4996 5015 5049
f 5049 5048 5016
f 5048 5039 4994
f 5011 4965 4978
f 5010 5011 4977
f 5011 4978 4977
f 5009 5010 4976
f 5010 4977 4976
f 4976 4975 5009
f 5008 5009 4975
f 4975 4974 5008
f 5007 5008 4974
f 4974 4973 5007
f 5006 5012 5239
f 5240 5239 5007
f 5012 5007 5239
f 5240 5007 4973
f 5239 5175 5006
f 5011 4971 4965
f 4994 5016 5048
f 5016 4996 5049
f 5015 4997 5050
f 5051 5050 4997
f 5101 4999 5000
f 5142 5104 5001
f 5145 5142 5002
f 5031 4984 5008
f 5008 5007 5031
f 5004 5098 5097
f 5097 5005 5004
f 5005 5097 5241
f 5097 5032 5241
f 5029 5241 5242
f 5243 5031 5007
f 5007 5242 5243
f 5007 5029 5242
f 4984 5027 5026
f 5098 5004 5030
f 5030 5095 5098
f 5026 5008 4984
f 5241 5029 5005
f 5240 5243 5242
f 5242 5239 5240
f 4774 5190 5244
f 5190 5245 5244
f 5245 5190 5205
f 5190 4774 4773
f 4773 5189 5190
f 5189 4773 4772
f 4772 5188 5189
f 5188 4772 4771
f 4771 5187 5188
f 4770 5186 5187
f 4765 5186 4769
f 5130 5202 5126
f 5129 5201 5202
f 5202 5130 5129
f 5128 5200 5203
f 5203 5129 5128
f 5200 5128 5127
f 5127 5204 5200
f 5135 5132 5198
f 5198 5204 5127
f 5127 5135 5198
f 5197 5198 5132
f 5132 5133 5197
f 5196 5197 5134
f 5133 5134 5197
f 5196 5134 5161
f 5161 5195 5196
f 5195 5161 5160
f 5160 5194 5195
f 5160 5158 5194
f 5193 5158 5156
f 5156 5192 5193
f 5206 5192 5168
f 5171 5205 5206
f 5192 5165 5169
f 5169 5168 5192
f 5245 5205 5171
f 5168 5171 5206
f 5156 5165 5192
f 5193 5194 5158
f 5129 5203 5201
f 5126 5119 5130
f 4769 4761 4765
f 4770 4769 5186
f 4771 4770 5187
f 5193 5192 5165
f 5232 5190 5189
f 5189 5234 4783
f 5246 5191 5190
f 5247 5246 5190
f 5247 5190 5232
f 5192 5191 5248
f 5248 5165 5192
f 5248 5230 5165
f 5234 5189 5228
f 5222 5193 5227
f 5246 5248 5191
f 5189 4783 5232
f 5165 5227 5193
f 5244 5245 5246
f 5246 5247 5244
f 4787 5231 5249
f 5231 4774 5232
f 5247 5232 4774
f 5231 4775 4774
f 4774 5244 5247
f 4787 4775 5231
f 5250 5251 5249
f 5249 5231 5250
f 4787 5249 5251
f 5251 5250 5252
f 5252 5253 5251
f 5258 5255 5256
f 5251 5253 4578
f 5258 5256 4581
f 4582 4581 5256
f 5256 5257 4582
f 5254 5255 4580
f 5260 4580 5255
f 5255 5258 5260
f 5252 5254 5261
f 5259 5262 4582
f 4582 5257 5259
f 5261 5253 5252
f 4580 5261 5254
f 4581 5260 5258
f 5260 4581 4580
f 4578 5253 5261
f 5262 5259 5263
f 5263 5264 5262
f 5266 5268 5269
f 5267 5268 5266
f 5255 5254 5231
f 5233 5265 5256
f 5265 5263 5259
f 5256 5255 5233
f 5259 5257 5265
f 5266 5265 5233
f 5257 5256 5265
f 5250 5231 5254
f 5231 5233 5255
f 5254 5252 5250
f 5269 5265 5266
f 5245 5233 5230
f 5245 5230 5248
f 5270 5233 5167
f 5233 5245 5171
f 5170 5167 5233
f 5171 5170 5233
f 5248 5246 5245
f 5266 5233 5270
f 5270 5166 5266
f 5266 5271 5267
f 5267 5272 5268
f 5137 5264 5263
f 5263 5265 5137
f 5166 5155 5271
f 5155 5273 5267
f 5273 5157 5272
f 5157 5274 5268
f 5274 5275 5269
f 5275 5137 5265
f 5265 5269 5275
f 5269 5268 5274
f 5268 5272 5157
f 5272 5267 5273
f 5267 5271 5155
f 5271 5266 5166
f 5264 5137 5153
f 5275 5163 5137
f 5163 5275 5274
f 5239 5242 5241
f 5241 5032 5239
f 5032 5100 5239
f 5100 5172 5174
f 5100 5174 5175
f 5175 5239 5100
f 5172 5100 5276
f 5277 5278 5276
f 5276 5100 5277
f 5136 5279 5280
f 5279 5281 5282
f 5281 5147 5283
f 5147 5284 5285
f 5284 5150 5286
f 5150 5278 5277
f 5277 5286 5150
f 5286 5285 5284
f 5285 5283 5147
f 5283 5282 5281
f 5282 5280 5279
f 5280 5287 5136
f 5277 5285 5286
f 5279 5144 5281
f 5144 5279 5136
f 5136 5287 5288
f 5288 5289 5136
f 5291 5289 5288
f 5288 5290 5291
f 5293 5294 5297
f 5293 5297 5296
f 5295 5297 5294
f 5287 5292 5290
f 5100 5294 5293
f 5294 5100 5099
f 5277 5280 5282
f 5299 5298 5295
f 5287 5293 5292
f 5099 5295 5294
f 5277 5283 5285
f 5277 5287 5280
f 5295 5099 5299
f 5293 5287 5100
f 5100 5287 5277
f 5282 5283 5277
f 5290 5288 5287
f 5243 5240 4973
f 4972 5099 5031
f 4973 5031 5243
f 5099 4972 4991
f 5031 4973 4972
f 5299 5099 4991
f 4991 5300 5299
f 4991 5301 5300
f 5300 5302 5298
f 5298 5299 5300
f 5303 5296 5297
f 5295 5304 4593
f 4593 5297 5295
f 4591 5292 5293
f 5296 5303 4592
f 4592 5293 5296
f 5290 5292 4591
f 5298 5302 5304
f 5304 5295 5298
f 4591 5291 5290
f 5293 4592 4591
f 5297 4593 5303
f 4595 5300 5301
f 4595 5302 5300
f 4593 4592 5303
f 5302 4595 5304
f 5308 5309 5305
f 5306 5308 5305
f 5307 5305 5309
f 5311 5312 5314
f 5314 5313 5315
f 5313 5314 5312
f 5317 5307 5138
f 5317 5310 5307
f 5138 5307 5309
f 5318 5140 5141
f 5138 5139 5317
f 5313 5312 5141
f 5141 5311 5318
f 5139 5318 5317
f 5311 5316 5318
f 5139 5140 5318
f 5312 5311 5141
f 5138 5309 5308
f 5316 5311 4584
f 4584 5311 5314
f 5315 5319 4607
f 4607 5314 5315
f 5319 5315 5313
f 5320 5313 5141
f 5141 5321 5320
f 5313 5320 5319
f 5322 5321 5138
f 5323 5322 5308
f 5308 5306 5323
f 5306 5305 4610
f 4589 4610 5305
f 5305 5307 4589
f 5310 4590 4589
f 4589 5307 5310
f 4610 5323 5306
f 5138 5308 5322
f 5141 5138 5321
f 5314 4607 4584
f 4584 4583 5316
f 5324 5325 5317
f 5317 5318 5324
f 5324 5318 5316
f 5316 4583 5324
f 5319 5320 4607
f 4610 5322 5323
f 5325 4590 5310
f 5310 5317 5325
f 4630 4556 5326
f 4556 4628 5326
f 4638 5327 5326
f 5328 4638 4637
f 5326 4628 4638
f 5328 5327 4638
f 4630 5329 5328
f 5328 4637 4630
f 5326 5329 4630
f 4637 4632 4630
f 5328 5329 5326
f 5327 5328 5326
f 5155 5154 5273
f 5157 5273 5154
f 5157 5162 5274
f 5163 5274 5162
f 4600 4599 5330
f 5330 5331 4600
f 4601 4600 5331
f 4677 4601 5332
f 4993 4681 5332
f 4680 5332 4681
f 4677 4602 4601
f 5332 4680 4677
f 4592 5291 4591
f 4592 4590 5291
f 5304 4594 4593
f 5321 4587 4586
f 5304 4595 4594
f 5148 5284 5147
f 4586 5320 5321
f 5322 4610 4588
f 5333 4596 4595
f 4991 5334 5301
f 4595 5301 5334
f 5289 5291 4590
f 5143 5281 5144
f 5320 4586 4585
f 4588 4587 5322
f 4590 5325 5289
f 5281 5143 5147
f 5152 5278 5150
f 5152 5172 5276
f 4585 4607 5320
f 5284 5148 5150
f 5276 5278 5152
f 5321 5322 4587
f 4590 4592 4591
f 5264 5324 4583
f 4582 5262 4581
f 5262 4583 4581
f 5136 5325 5324
f 5153 5136 5264
f 5324 5264 5136
f 5289 5325 5136
f 4582 4581 4583
f 4583 5262 5264
f 5334 4991 4990
f 4578 4577 5335
f 4580 4579 5261
f 4788 4787 5336
f 4579 4578 5261
f 5251 5336 4787
f 5336 5251 4578
f 4573 5337 5338
f 5338 4574 4573
f 4568 4555 5339
f 4570 5339 4555
f 5339 4572 4568
f 4572 4569 4568
f 5337 4573 4572
f 5339 4570 4789
f 5270 5167 5166
f 4578 5340 5336
f 4788 5336 5340
f 5340 5341 4788
f 4577 4576 5342
f 4578 5343 5344
f 5344 5340 4578
f 5341 5340 5344
f 5344 5345 5341
f 5347 5335 4577
f 4577 5346 5347
f 5348 5346 4576
f 5346 5342 4576
f 5343 4578 5335
f 5335 5347 5343
f 4576 4575 5348
f 5346 4577 5342
f 5341 5345 5349
f 5349 4788 5341
f 5350 4792 4788
f 4788 5349 5350
f 4575 4792 5350
f 5350 5348 4575
f 5348 5351 5345
f 5345 5344 5347
f 5347 5346 5345
f 5344 5343 5347
f 5345 5346 5348
f 5348 5350 5351
f 5349 5345 5350
f 5351 5350 5345
f 5352 4597 4596
f 4598 5353 5354
f 5354 4992 4598
f 5354 5355 4990
f 4990 4992 5354
f 5355 5356 4990
f 5357 5358 4596
f 5352 4596 5358
f 5359 5357 5333
f 5353 4598 4597
f 4597 5358 5353
f 4597 5352 5358
f 5333 4595 5359
f 4596 5333 5357
f 4990 5356 5360
f 5360 5334 4990
f 4595 5334 5360
f 5360 5359 4595
f 5361 5353 5358
f 5357 5359 5362
f 5361 5358 5356
f 5356 5358 5357
f 5356 5354 5361
f 5357 5363 5356
f 5357 5362 5363
f 5359 5360 5363
f 5362 5359 5363
f 5354 5353 5361
f 5363 5360 5356
f 5354 5356 5355
f 4572 5339 5365
f 5366 5367 5338
f 4574 5338 5367
f 5368 5366 5337
f 5348 4575 4574
f 4574 5367 5348
f 5337 4572 5368
f 5338 5337 5366
f 4789 5364 5365
f 5365 5339 4789
f 5364 5369 5370
f 5370 5365 5364
f 5364 4789 5371
f 5350 5371 4789
f 4789 4792 5350
f 5371 5369 5364
f 4572 5365 5370
f 5370 5368 4572
f 5372 5367 5369
f 5369 5367 5366
f 5366 5370 5369
f 5366 5368 5370
f 5350 5351 5369
f 5350 5369 5371
f 5372 5348 5367
f 5351 5348 5372
f 5369 5351 5372
f 4601 5373 5374
f 5374 5332 4601
f 4993 5332 5374
f 5374 5375 4993
f 5376 5377 5330
f 5331 5330 5377
f 5353 5376 4599
f 5373 4601 5331
f 5331 5377 5373
f 4599 4598 5353
f 5330 4599 5376
f 4993 5375 5378
f 5354 4992 4993
f 4993 5378 5354
f 5377 5379 5373
f 5376 5353 5361
f 5376 5361 5380
f 5380 5378 5375
f 5375 5381 5377
f 5377 5376 5375
f 5381 5379 5377
f 5375 5376 5380
f 5380 5354 5378
f 5380 5361 5354
f 5373 5379 5381
f 5381 5374 5373
f 5375 5374 5381
f 4055 4048 5183
f 5382 4055 5184
f 4062 5382 5383
f 5384 4062 5234
f 5385 5384 5235
f 4079 5385 5386
f 4070 4079 5229
f 4065 4070 5226
f 4066 4065 5218
f 5387 4066 5219
f 4057 5387 5213
f 5388 4057 5181
f 5390 5388 5389
f 4050 5390 5391
f 4052 4050 5392
f 4049 4052 5176
f 4048 4049 5393
f 5393 5183 4048
f 5176 5393 4049
f 5392 5176 4052
f 5391 5392 4050
f 5389 5391 5390
f 5181 5389 5388
f 5213 5181 4057
f 5219 5213 5387
f 5218 5219 4066
f 5226 5218 4065
f 5229 5226 4070
f 5386 5229 4079
f 5235 5386 5385
f 5234 5235 5384
f 5383 5234 4062
f 5184 5383 5382
f 5183 5184 4055
f 5179 5118 5392
f 5394 5393 5176
f 5394 5177 5393
f 5177 5183 5393
f 5234 5383 4782
f 5230 5386 5235
f 5180 5179 5391
f 5392 5118 5176
f 5235 5232 5230
f 5165 5229 5386
f 5392 5391 5179
f 5184 5185 5383
f 5227 5226 5229
f 5227 5217 5226
f 5386 5230 5165
f 5226 5217 5218
f 5181 5180 5389
f 5383 5185 4782
f 5391 5389 5180
f 4053 5177 5394
f 5395 5394 5176
f 4052 5176 5118
f 4051 5118 5179
f 4046 5179 5180
f 4059 5180 5181
f 4057 5181 5131
f 4060 5131 5220
f 4067 5220 5219
f 4065 5218 5217
f 4064 5217 5227
f 4071 5227 5229
f 4079 5229 5165
f 4085 5165 5230
f 4084 5230 5232
f 4083 5232 5234
f 4062 5234 4782
f 4061 4782 5185
f 4054 5185 5184
f 4048 5183 5177
f 5177 4053 4048
f 5184 4055 4054
f 5185 4054 4061
f 4782 4061 4062
f 5234 4062 4083
f 5232 4083 4084
f 5230 4084 4085
f 5165 4085 4079
f 5229 4079 4071
f 5227 4071 4064
f 5217 4064 4065
f 5219 4066 4067
f 5220 4067 4060
f 5131 4060 4057
f 5181 4057 4059
f 5180 4059 4046
f 5179 4046 4051
f 5118 4051 4052
f 5176 4052 5395
f 5394 5395 4053
f 4061 5382 4062
f 4061 4054 5382
f 4053 4049 4048
f 4052 4049 5395
f 4049 4053 5395
f 4046 5390 4050
f 4060 5387 4057
f 4060 4067 5387
f 4065 4064 4070
f 4085 4084 5385
f 5382 4054 4055
f 4052 4051 4050
f 4059 5388 5390
f 4079 4070 4071
f 5385 4079 4085
f 4084 4083 5384
f 5388 4059 4057
f 5384 5385 4084
f 5390 4046 4059
f 4070 4064 4071
f 5387 4067 4066
f 4062 5384 4083
f 3986 5396 5397
f 5398 3986 4624
f 5400 5398 5399
f 3976 5400 4626
f 5401 3976 4755
f 3901 5401 5402
f 3900 3901 4725
f 3906 3900 4724
f 3908 3906 5403
f 3910 3908 5404
f 3905 3910 4515
f 5405 3905 4516
f 3912 5405 5406
f 5407 3912 4809
f 3992 5407 5408
f 3993 3992 4804
f 5396 3993 4802
f 4802 5397 5396
f 4804 4802 3993
f 5408 4804 3992
f 4809 5408 5407
f 5406 4809 3912
f 4516 5406 5405
f 4515 4516 3905
f 5404 4515 3910
f 5403 5404 3908
f 4724 5403 3906
f 4725 4724 3900
f 5402 4725 3901
f 4755 5402 5401
f 4626 4755 3976
f 5399 4626 5400
f 4624 5399 5398
f 5397 4624 3986
f 4806 4805 5408
f 4621 4622 4626
f 4804 5408 4805
f 4797 5397 4802
f 4626 5399 4621
f 4627 4755 4626
f 4809 4806 5408
f 4623 4624 5397
f 4726 5402 4755
f 5397 4797 4623
f 4625 4621 5399
f 4725 5402 4726
f 5399 4624 4625
f 4699 5403 4724
f 5404 5403 4546
f 5404 4818 4515
f 4817 4816 5406
f 5403 4699 4546
f 5406 4516 4817
f 4809 5406 4816
f 3989 4797 4802
f 3992 4804 4805
f 3990 4805 4806
f 3979 4806 4809
f 3912 4809 4816
f 3914 4816 4817
f 3848 4817 4818
f 3909 4818 5404
f 3908 5404 4546
f 5409 4546 4699
f 3907 4699 4724
f 3901 4725 4726
f 3915 4726 4627
f 3977 4627 4622
f 3982 4622 4621
f 3981 4621 4625
f 3985 4625 4623
f 3988 4623 4797
f 4797 3989 3988
f 4623 3988 3985
f 4625 3985 3981
f 4621 3981 3982
f 4622 3982 3977
f 4627 3977 3915
f 4726 3915 3901
f 4724 3900 3907
f 4699 3907 5409
f 4546 5409 3908
f 5404 3908 3909
f 4818 3909 3848
f 4817 3848 3914
f 4816 3914 3912
f 4809 3912 3979
f 4806 3979 3990
f 4805 3990 3992
f 4802 3993 3989
f 3981 5398 5400
f 3977 3982 5400
f 3985 3986 5398
f 5396 3986 3988
f 3989 3993 5396
f 5400 3982 3981
f 3990 5407 3992
f 3848 3905 5405
f 5409 3906 3908
f 5409 3907 3906
f 3915 5401 3901
f 5398 3981 3985
f 5407 3990 3979
f 3912 3914 5405
f 3976 5401 3915
f 3915 3977 3976
f 5396 3988 3989
f 5405 3914 3848
f 3908 3910 3909
f 3900 3906 3907
f 5400 3976 3977
f 5407 3979 3912
f 3615 3606 5023
f 3618 3615 5022
f 5411 3618 5410
f 3613 5411 5021
f 5413 3613 5412
f 5414 5413 5415
f 3599 5414 5416
f 3603 3599 5045
f 3619 3603 5084
f 3617 3619 5089
f 3607 3617 5090
f 3610 3607 5096
f 5417 3610 5095
f 5419 5417 5418
f 5420 5419 5421
f 3600 5420 5422
f 5423 3600 5027
f 3606 5423 5424
f 5424 5023 3606
f 5027 5424 5423
f 5422 5027 3600
f 5421 5422 5420
f 5418 5421 5419
f 5095 5418 5417
f 5096 5095 3610
f 5090 5096 3607
f 5089 5090 3617
f 5084 5089 3619
f 5045 5084 3603
f 5416 5045 3599
f 5415 5416 5414
f 5412 5415 5413
f 5021 5412 3613
f 5410 5021 5411
f 5022 5410 3618
f 5023 5022 3615
f 5032 5031 5422
f 4985 5424 5027
f 4985 5024 5424
f 5024 5023 5424
f 5021 5410 5425
f 5021 5019 5412
f 5043 5415 5412
f 5097 5032 5421
f 5422 5031 5027
f 5412 5019 5043
f 5042 5416 5415
f 5422 5421 5032
f 5045 5057 5084
f 5410 5022 5018
f 5415 5043 5042
f 5090 5091 5096
f 5095 5096 5092
f 5410 5018 5425
f 5084 5057 5088
f 5421 5418 5097
f 3601 5024 4985
f 3602 4985 5027
f 3600 5027 5031
f 3608 5031 5032
f 3616 5032 5097
f 3620 5097 5418
f 3610 5095 5092
f 3626 5092 5091
f 3609 5091 5090
f 3619 5089 5088
f 3611 5088 5057
f 3612 5057 5045
f 5414 5416 5042
f 3605 5042 5043
f 3604 5043 5019
f 3666 5019 5021
f 5411 5021 5425
f 5426 5425 5018
f 5427 5018 5022
f 3606 5023 5024
f 5024 3601 3606
f 5022 3615 5427
f 5018 5427 5426
f 5425 5426 5411
f 5021 5411 3666
f 5019 3666 3604
f 5043 3604 3605
f 5042 3605 5414
f 5045 3599 3612
f 5057 3612 3611
f 5088 3611 3619
f 5090 3617 3609
f 5091 3609 3626
f 5092 3626 3610
f 5418 5417 3620
f 5097 3620 3616
f 5032 3616 3608
f 5031 3608 3600
f 5027 3600 3602
f 4985 3602 3601
f 5426 3618 5411
f 5426 5427 3618
f 5427 3615 3618
f 3601 5423 3606
f 3600 5423 3602
f 5423 3601 3602
f 3616 5419 5420
f 3626 3607 3610
f 3605 3604 5413
f 3600 3608 5420
f 5420 3608 3616
f 3620 5417 5419
f 5413 5414 3605
f 3613 5413 3604
f 5419 3616 3620
f 3607 3609 3617
f 5411 3613 3666
f 5430 5431 5429
f 5431 5428 5429
f 5428 5431 5432
f 5431 5430 5432
f 5430 5433 5432
f 5430 5429 5434
f 5429 5428 5435
f 5435 5434 5429
f 5434 5433 5430
f 5432 5435 5428
f 5436 5437 5438
f 5437 5439 5440
f 5437 5440 5438
f 5441 5434 5435
f 5434 5441 5442
f 5476 5441 5435
f 5435 5432 5476
f 5443 5445 5444
f 5440 5446 5447
f 5443 5434 5442
f 5439 5448 5446
f 5447 5444 5440
f 5442 5445 5443
f 5449 5450 5451
f 5432 5433 5476
f 5476 5438 5452
f 5446 5440 5439
f 5454 5455 5450
f 5444 5447 5443
f 5452 5441 5476
f 5450 5449 5454
f 5456 5449 5451
f 5454 5443 5455
f 5453 5451 5448
f 5453 5456 5451
f 5443 5454 5434
f 5454 5433 5434
f 5454 5476 5433
f 5448 5439 5453
f 5436 5457 5458
f 5436 5476 5459
f 5459 5457 5436
f 5458 5460 5436
f 5464 5465 5466
f 5463 5461 5458
f 5463 5462 5461
f 5476 5454 5467
f 5454 5468 5467
f 5464 5469 5470
f 5454 5471 5472
f 5467 5459 5476
f 5470 5454 5464
f 5466 5469 5464
f 5465 5463 5458
f 5454 5470 5468
f 5471 5454 5473
f 5473 5474 5471
f 5475 5461 5462
f 5458 5466 5465
f 5472 5464 5454
f 5474 5473 5475
f 5462 5474 5475
f 5458 5461 5460
f 5438 5476 5436
f 5479 5480 5453
f 5480 5456 5453
f 5468 5470 5467
f 5441 5481 5442
f 5452 5438 5441
f 5455 5482 5483
f 5483 5451 5455
f 5448 5451 5483
f 5446 5448 5485
f 5448 5484 5485
f 5455 5446 5482
f 5446 5485 5482
f 5447 5446 5455
f 5450 5455 5451
f 5455 5443 5447
f 5483 5484 5448
f 5486 5464 5472
f 5465 5464 5487
f 5463 5465 5488
f 5465 5489 5488
f 5462 5463 5490
f 5463 5488 5490
f 5474 5462 5491
f 5462 5490 5491
f 5472 5474 5486
f 5474 5491 5486
f 5472 5471 5474
f 5487 5489 5465
f 5486 5487 5464
f 5492 5486 5491
f 5482 5493 5483
f 5485 5494 5495
f 5495 5482 5485
f 5470 5469 5497
f 5469 5466 5498
f 5466 5458 5499
f 5458 5457 5500
f 5457 5459 5501
f 5459 5467 5502
f 5467 5470 5503
f 5496 5503 5470
f 5503 5502 5467
f 5502 5501 5459
f 5501 5500 5457
f 5500 5499 5458
f 5499 5498 5466
f 5498 5497 5469
f 5497 5496 5470
f 5500 5501 5503
f 5501 5502 5503
f 5496 5497 5503
f 5497 5498 5503
f 5498 5499 5503
f 5499 5500 5503
f 5442 5481 5505
f 5481 5441 5506
f 5441 5438 5507
f 5438 5440 5508
f 5440 5444 5509
f 5444 5445 5509
f 5445 5442 5504
f 5504 5510 5445
f 5510 5509 5445
f 5509 5508 5440
f 5508 5507 5438
f 5507 5506 5441
f 5506 5505 5481
f 5505 5504 5442
f 5505 5507 5508
f 5508 5509 5505
f 5509 5510 5505
f 5510 5504 5505
f 5506 5507 5505
f 5478 5475 5473
f 5454 5449 5473
f 5449 5480 5479
f 5449 5456 5480
f 5511 5512 5473
f 5473 5449 5511
f 5511 5515 5516
f 5516 5513 5511
f 5511 5514 5515
f 5513 5512 5511
f 5514 5511 5449
f 5518 5517 5449
f 5449 5517 5514
f 5449 5479 5518
f 5514 5517 5519
f 5519 5515 5514
f 5518 5520 5521
f 5521 5517 5518
f 5518 5522 5520
f 5453 5522 5518
f 5518 5479 5453
f 5516 5515 5519
f 5519 5523 5516
f 5524 5478 5473
f 5473 5525 5524
f 5473 5513 5525
f 5473 5512 5513
f 5523 5519 5521
f 5521 5526 5523
f 5519 5517 5521
f 5525 5523 5526
f 5513 5523 5525
f 5513 5516 5523
f 5524 5525 5526
f 5526 5527 5524
f 5527 5475 5478
f 5477 5475 5527
f 5527 5528 5477
f 5524 5527 5478
f 5529 5460 5475
f 5461 5475 5460
f 5475 5477 5529
f 5437 5453 5439
f 5436 5460 5437
f 5531 5530 5437
f 5437 5460 5531
f 5531 5460 5529
f 5530 5532 5533
f 5530 5534 5532
f 5530 5535 5534
f 5530 5531 5536
f 5536 5535 5530
f 5533 5537 5530
f 5531 5538 5539
f 5531 5540 5538
f 5539 5536 5531
f 5531 5541 5540
f 5531 5542 5541
f 5543 5531 5529
f 5529 5544 5543
f 5529 5528 5544
f 5529 5477 5528
f 5528 5527 5545
f 5545 5544 5528
f 5546 5544 5545
f 5543 5544 5546
f 5546 5548 5543
f 5548 5547 5543
f 5547 5551 5552
f 5549 5553 5554
f 5554 5547 5549
f 5549 5555 5553
f 5554 5551 5547
f 5552 5550 5547
f 5549 5547 5548
f 5548 5556 5549
f 5556 5558 5557
f 5557 5549 5556
f 5545 5558 5556
f 5556 5548 5545
f 5548 5546 5545
f 5558 5560 5559
f 5558 5561 5560
f 5558 5545 5561
f 5562 5558 5559
f 5563 5559 5560
f 5559 5563 5562
f 5560 5561 5563
f 5564 5557 5558
f 5558 5562 5564
f 5557 5564 5565
f 5564 5562 5563
f 5566 5564 5563
f 5566 5563 5567
f 5566 5568 5564
f 5570 5563 5569
f 5563 5570 5568
f 5563 5568 5566
f 5593 5574 5575
f 5589 5585 5586
f 5591 5583 5590
f 5592 5582 5591
f 5590 5584 5585
f 5572 5569 5563
f 5571 5572 5563
f 5584 5590 5583
f 5578 5579 5577
f 5583 5591 5582
f 5573 5593 5572
f 5582 5592 5581
f 5574 5593 5573
f 5605 5606 5607
f 5601 5602 5600
f 5598 5599 5597
f 5596 5597 5595
f 5522 5453 5437
f 5437 5612 5522
f 5613 5612 5437
f 5437 5530 5613
f 5522 5612 5614
f 5614 5520 5522
f 5612 5615 5614
f 5613 5615 5612
f 5616 5615 5613
f 5618 5617 5619
f 5617 5620 5619
f 5619 5621 5618
f 5622 5620 5617
f 5613 5617 5618
f 5613 5618 5623
f 5623 5616 5613
f 5618 5625 5623
f 5625 5618 5624
f 5614 5616 5623
f 5614 5615 5616
f 5623 5625 5614
f 5626 5614 5625
f 5627 5628 5625
f 5625 5624 5627
f 5629 5627 5624
f 5628 5630 5625
f 5630 5626 5625
f 5627 5630 5628
f 5627 5631 5630
f 5632 5633 5630
f 5630 5631 5632
f 5652 5639 5640
f 5651 5647 5648
f 5653 5638 5639
f 5651 5648 5650
f 5654 5637 5638
f 5650 5648 5649
f 5650 5649 5630
f 5630 5633 5650
f 5637 5654 5636
f 5639 5652 5653
f 5638 5653 5654
f 5635 5655 5634
f 5636 5654 5655
f 5636 5655 5635
f 5647 5651 5646
f 5656 5657 5634
f 5657 5658 5634
f 5659 5660 5588
f 5658 5661 5634
f 5662 5663 5634
f 5646 5485 5626
f 5661 5662 5634
f 5563 5561 5571
f 5561 5488 5575
f 5495 5494 5582
f 5485 5644 5643
f 5646 5645 5485
f 5635 5634 5663
f 5561 5575 5574
f 5488 5576 5575
f 5582 5488 5495
f 5614 5626 5485
f 5645 5644 5485
f 5626 5648 5647
f 5649 5626 5630
f 5494 5638 5637
f 5664 5636 5635
f 5488 5578 5577
f 5488 5580 5579
f 5582 5581 5488
f 5647 5646 5626
f 5649 5648 5626
f 5485 5642 5641
f 5494 5639 5638
f 5494 5485 5639
f 5663 5664 5635
f 5636 5664 5494
f 5561 5572 5571
f 5577 5576 5488
f 5488 5581 5580
f 5485 5484 5614
f 5485 5643 5642
f 5587 5494 5665
f 5587 5666 5659
f 5561 5573 5572
f 5579 5578 5488
f 5485 5641 5640
f 5494 5584 5583
f 5494 5586 5585
f 5664 5665 5494
f 5587 5665 5666
f 5574 5573 5561
f 5545 5527 5490
f 5521 5487 5486
f 5637 5636 5494
f 5583 5582 5494
f 5588 5587 5659
f 5545 5490 5488
f 5486 5526 5521
f 5640 5639 5485
f 5585 5584 5494
f 5488 5561 5545
f 5527 5526 5491
f 5492 5491 5526
f 5486 5492 5526
f 5487 5521 5493
f 5484 5520 5614
f 5587 5586 5494
f 5493 5482 5487
f 5488 5489 5495
f 5483 5493 5521
f 5491 5490 5527
f 5482 5495 5487
f 5483 5521 5520
f 5495 5489 5487
f 5484 5483 5520
f 5673 5666 5665
f 5668 5661 5658
f 5657 5667 5658
f 5669 5662 5668
f 5670 5663 5662
f 5665 5664 5671
f 5673 5665 5672
f 5659 5674 5660
f 5661 5668 5662
f 5666 5673 5659
f 5675 5667 5656
f 5667 5657 5656
f 5676 5667 5675
f 5675 5677 5676
f 5677 5675 5656
f 5656 5678 5677
f 5674 5588 5660
f 5679 5588 5674
f 5680 5588 5679
f 5680 5594 5588
f 5680 5679 5674
f 5681 5680 5674
f 5659 5673 5682
f 5672 5683 5682
f 5682 5673 5672
f 5672 5665 5684
f 5671 5685 5684
f 5684 5665 5671
f 5671 5664 5686
f 5663 5687 5686
f 5686 5664 5663
f 5670 5688 5687
f 5687 5663 5670
f 5670 5662 5689
f 5669 5690 5689
f 5689 5662 5669
f 5669 5668 5691
f 5658 5692 5691
f 5691 5668 5658
f 5658 5667 5676
f 5676 5692 5658
f 5659 5693 5681
f 5681 5674 5659
f 5691 5690 5669
f 5689 5688 5670
f 5686 5685 5671
f 5684 5683 5672
f 5682 5693 5659
f 5691 5694 5689
f 5682 5695 5693
f 5691 5694 5692
f 5683 5684 5682
f 5685 5686 5684
f 5689 5687 5688
f 5691 5689 5690
f 5695 5682 5684
f 5698 5696 5697
f 5706 5707 5708
f 5702 5703 5701
f 5572 5593 5610
f 5593 5575 5609
f 5577 5579 5605
f 5579 5580 5604
f 5580 5581 5603
f 5581 5592 5602
f 5592 5591 5600
f 5591 5590 5599
f 5590 5585 5599
f 5585 5589 5597
f 5589 5586 5597
f 5586 5587 5595
f 5587 5588 5594
f 5569 5572 5611
f 5576 5577 5712
f 5577 5607 5712
f 5607 5608 5712
f 5608 5609 5712
f 5712 5609 5575
f 5712 5575 5576
f 5611 5570 5569
f 5594 5595 5587
f 5595 5597 5586
f 5597 5599 5585
f 5599 5600 5591
f 5600 5602 5592
f 5602 5603 5581
f 5603 5604 5580
f 5604 5605 5579
f 5605 5607 5577
f 5609 5610 5593
f 5610 5611 5572
f 5656 5634 5711
f 5634 5655 5710
f 5655 5654 5709
f 5654 5653 5708
f 5653 5652 5706
f 5652 5640 5705
f 5640 5641 5704
f 5641 5642 5703
f 5642 5643 5703
f 5643 5644 5701
f 5646 5651 5698
f 5651 5650 5696
f 5713 5701 5644
f 5713 5644 5645
f 5645 5646 5713
f 5646 5699 5713
f 5713 5699 5700
f 5650 5633 5632
f 5632 5696 5650
f 5713 5700 5701
f 5696 5698 5651
f 5698 5699 5646
f 5701 5703 5643
f 5703 5704 5641
f 5704 5705 5640
f 5705 5706 5652
f 5706 5708 5653
f 5708 5709 5654
f 5709 5710 5655
f 5710 5711 5634
f 5711 5678 5656
f 5714 5715 5611
f 5540 5541 5718
f 5719 5720 5629
f 5537 5533 5721
f 5723 5724 5622
f 5622 5617 5723
f 5613 5530 5725
f 5724 5722 5622
f 5617 5613 5723
f 5725 5723 5613
f 5725 5530 5726
f 5726 5530 5537
f 5542 5531 5543
f 5543 5547 5542
f 5550 5552 5727
f 5547 5728 5729
f 5728 5547 5550
f 5727 5728 5550
f 5541 5542 5718
f 5729 5542 5547
f 5718 5542 5729
f 5716 5551 5554
f 5554 5731 5716
f 5716 5552 5551
f 5549 5732 5733
f 5565 5734 5732
f 5733 5555 5549
f 5732 5557 5565
f 5564 5568 5734
f 5565 5564 5734
f 5734 5568 5570
f 5570 5611 5734
f 5735 5714 5610
f 5610 5736 5735
f 5553 5555 5737
f 5736 5737 5555
f 5611 5610 5714
f 5737 5731 5553
f 5736 5610 5609
f 5609 5739 5738
f 5739 5609 5608
f 5605 5740 5606
f 5740 5605 5604
f 5741 5608 5607
f 5741 5739 5608
f 5603 5538 5604
f 5717 5607 5606
f 5540 5742 5604
f 5604 5538 5540
f 5538 5601 5600
f 5594 5596 5595
f 5743 5597 5596
f 5600 5598 5538
f 5597 5743 5598
f 5538 5602 5601
f 5603 5602 5538
f 5539 5538 5598
f 5600 5599 5598
f 5680 5681 5693
f 5594 5680 5693
f 5692 5677 5678
f 5692 5676 5677
f 5678 5691 5692
f 5532 5534 5707
f 5534 5708 5707
f 5707 5706 5532
f 5706 5705 5532
f 5721 5703 5702
f 5533 5532 5704
f 5704 5703 5721
f 5702 5701 5721
f 5701 5744 5702
f 5702 5744 5726
f 5700 5745 5744
f 5701 5700 5744
f 5746 5745 5699
f 5747 5748 5619
f 5620 5722 5747
f 5700 5699 5745
f 5619 5748 5750
f 5749 5746 5699
f 5750 5621 5619
f 5621 5750 5749
f 5699 5751 5749
f 5698 5697 5751
f 5751 5699 5698
f 5629 5720 5752
f 5752 5631 5627
f 5752 5696 5632
f 5696 5752 5720
f 5632 5631 5752
f 5720 5697 5696
f 5752 5627 5629
f 5618 5621 5753
f 5719 5624 5618
f 5753 5719 5618
f 5754 5755 5684
f 5686 5756 5754
f 5695 5757 5682
f 5684 5686 5754
f 5757 5758 5759
f 5695 5684 5755
f 5536 5760 5756
f 5536 5759 5758
f 5756 5687 5536
f 5594 5761 5596
f 5758 5760 5536
f 5539 5743 5759
f 5594 5757 5761
f 5759 5536 5539
f 5686 5687 5756
f 5757 5594 5682
f 5534 5762 5709
f 5762 5763 5710
f 5764 5765 5678
f 5710 5709 5762
f 5763 5766 5710
f 5766 5764 5711
f 5678 5711 5764
f 5535 5768 5767
f 5711 5710 5766
f 5534 5535 5767
f 5709 5708 5534
f 5767 5762 5534
f 5691 5678 5765
f 5769 5689 5694
f 5769 5770 5689
f 5771 5772 5687
f 5689 5770 5771
f 5536 5687 5772
f 5535 5536 5773
f 5687 5689 5771
f 5772 5773 5536
f 5773 5768 5535
f 5691 5765 5694
f 5619 5620 5747
f 5704 5721 5533
f 5705 5704 5532
f 5693 5682 5594
f 5598 5743 5539
f 5549 5557 5732
f 5731 5554 5553
f 5622 5722 5620
f 5721 5726 5537
f 5629 5624 5719
f 5718 5742 5540
f 5715 5734 5611
f 5736 5555 5733
f 5736 5733 5774
f 5774 5775 5736
f 5776 5777 5714
f 5714 5777 5778
f 5778 5734 5715
f 5775 5776 5735
f 5735 5736 5775
f 5778 5715 5714
f 5714 5735 5776
f 5732 5734 5778
f 5778 5779 5732
f 5774 5779 5776
f 5779 5778 5777
f 5777 5776 5779
f 5776 5775 5774
f 5732 5779 5774
f 5774 5733 5732
f 5609 5738 5736
f 5730 5716 5739
f 5738 5739 5781
f 5781 5780 5738
f 5780 5736 5738
f 5780 5783 5782
f 5780 5781 5783
f 5737 5782 5783
f 5783 5716 5737
f 5737 5736 5780
f 5780 5782 5737
f 5739 5716 5783
f 5783 5781 5739
f 5731 5737 5716
f 5717 5729 5607
f 5717 5718 5729
f 5741 5607 5729
f 5741 5729 5784
f 5784 5785 5741
f 5785 5781 5741
f 5781 5739 5741
f 5785 5786 5783
f 5785 5784 5786
f 5783 5781 5785
f 5728 5716 5783
f 5783 5786 5728
f 5728 5786 5784
f 5784 5729 5728
f 5716 5739 5781
f 5781 5783 5716
f 5727 5716 5728
f 5727 5552 5716
f 5606 5718 5717
f 5742 5718 5604
f 5606 5788 5787
f 5740 5789 5788
f 5740 5604 5789
f 5606 5740 5788
f 5604 5718 5790
f 5790 5789 5604
f 5606 5787 5790
f 5790 5718 5606
f 5790 5787 5788
f 5788 5789 5790
f 5765 5764 5767
f 5766 5792 5791
f 5764 5791 5793
f 5792 5766 5763
f 5763 5762 5792
f 5764 5766 5791
f 5767 5794 5792
f 5792 5762 5767
f 5767 5764 5793
f 5793 5794 5767
f 5794 5791 5792
f 5794 5793 5791
f 5753 5621 5719
f 5753 5621 5749
f 5720 5752 5719
f 5719 5753 5795
f 5795 5796 5719
f 5796 5797 5798
f 5795 5799 5797
f 5797 5796 5795
f 5798 5800 5796
f 5797 5751 5697
f 5697 5798 5797
f 5799 5749 5751
f 5751 5797 5799
f 5697 5720 5800
f 5800 5798 5697
f 5719 5796 5800
f 5800 5720 5719
f 5749 5799 5795
f 5795 5753 5749
f 5748 5747 5750
f 5746 5749 5801
f 5745 5802 5803
f 5803 5747 5745
f 5750 5747 5803
f 5803 5804 5750
f 5746 5805 5802
f 5746 5801 5805
f 5802 5745 5746
f 5804 5803 5805
f 5803 5802 5805
f 5750 5804 5805
f 5805 5801 5750
f 5801 5749 5750
f 5704 5726 5721
f 5806 5704 5721
f 5807 5806 5702
f 5806 5721 5702
f 5704 5806 5808
f 5808 5726 5704
f 5702 5726 5808
f 5808 5807 5702
f 5806 5807 5808
f 5744 5725 5726
f 5744 5809 5810
f 5810 5725 5744
f 5802 5809 5744
f 5744 5745 5802
f 5809 5802 5803
f 5803 5810 5809
f 5803 5811 5810
f 5723 5725 5810
f 5810 5811 5723
f 5747 5723 5811
f 5811 5803 5747
f 5747 5803 5802
f 5802 5745 5747
f 5723 5747 5724
f 5722 5724 5747
f 5759 5598 5743
f 5761 5757 5759
f 5596 5761 5812
f 5759 5743 5813
f 5813 5814 5759
f 5815 5813 5596
f 5816 5815 5761
f 5815 5812 5761
f 5743 5596 5813
f 5596 5812 5815
f 5759 5814 5816
f 5816 5761 5759
f 5813 5815 5814
f 5815 5816 5814
f 5755 5754 5817
f 5818 5761 5695
f 5761 5757 5695
f 5758 5761 5818
f 5758 5757 5761
f 5819 5820 5755
f 5820 5695 5755
f 5820 5821 5695
f 5821 5818 5695
f 5822 5819 5754
f 5819 5817 5754
f 5754 5756 5822
f 5755 5817 5819
f 5823 5824 5819
f 5824 5821 5820
f 5820 5819 5824
f 5819 5822 5823
f 5758 5824 5823
f 5823 5760 5758
f 5758 5818 5821
f 5821 5824 5758
f 5756 5760 5823
f 5823 5822 5756
f 5694 5769 5825
f 5770 5771 5769
f 5825 5694 5765
f 5825 5765 5764
f 5773 5767 5768
f 5773 5826 5767
f 5772 5827 5828
f 5828 5773 5772
f 5829 5770 5769
f 5769 5830 5829
f 5827 5772 5771
f 5771 5829 5827
f 5830 5694 5825
f 5825 5831 5830
f 5771 5770 5829
f 5769 5694 5830
f 5826 5773 5828
f 5828 5832 5826
f 5832 5829 5830
f 5828 5827 5829
f 5829 5832 5828
f 5830 5831 5832
f 5826 5832 5831
f 5831 5825 5826
f 5767 5826 5764
f 5825 5764 5826
f 3794 3793 4951
f 3777 3794 4950
f 3773 3777 5833
f 5834 3773 4891
f 3767 5834 5835
f 3769 3767 4685
f 5836 3769 4686
f 3766 5836 5837
f 3752 3766 5838
f 3751 3752 4931
f 3780 3751 4933
f 3779 3780 4956
f 5839 3779 4693
f 5841 5839 5840
f 5843 5841 5842
f 3789 5843 5844
f 5845 3789 4696
f 3793 5845 5846
f 5846 4951 3793
f 4696 5846 5845
f 5844 4696 3789
f 5842 5844 5843
f 5840 5842 5841
f 4693 5840 5839
f 4956 4693 3779
f 4933 4956 3780
f 4931 4933 3751
f 5838 4931 3752
f 5837 5838 3766
f 4686 5837 5836
f 4685 4686 3769
f 5835 4685 3767
f 4891 5835 5834
f 5833 4891 3773
f 4950 5833 3777
f 4951 4950 3794
f 4691 4695 5842
f 4696 4952 5846
f 5844 5842 4695
f 4952 4951 5846
f 4891 4890 5835
f 4890 4685 5835
f 4692 4691 5842
f 5844 4695 4696
f 4882 5837 4686
f 5837 4660 5838
f 5833 4950 4947
f 4933 4932 4956
f 5838 4927 4931
f 4693 4956 4919
f 5833 4947 4891
f 4693 4692 5840
f 5838 4660 4927
f 4956 4932 4919
f 5842 5840 4692
f 3791 4952 4696
f 3789 4696 4695
f 3788 4695 4691
f 3784 4691 4692
f 3783 4692 4693
f 3779 4693 4919
f 3771 4919 4932
f 3770 4932 4933
f 3752 4931 4927
f 5847 4927 4660
f 5848 4660 5837
f 5836 5837 4882
f 3768 4882 4889
f 3759 4889 4890
f 3775 4890 4891
f 3773 4891 4947
f 3778 4947 4950
f 3793 4951 4952
f 4952 3791 3793
f 4950 3794 3778
f 4947 3778 3773
f 4891 3773 3775
f 4890 3775 3759
f 4889 3759 3768
f 4882 3768 5836
f 5837 5836 5848
f 4660 5848 5847
f 4927 5847 3752
f 4933 3751 3770
f 4932 3770 3771
f 4919 3771 3779
f 4693 3779 3783
f 4692 3783 3784
f 4691 3784 3788
f 4695 3788 3789
f 4696 3789 3791
f 3778 3794 3777
f 3791 5845 3793
f 5845 3791 3789
f 3788 5841 5843
f 3771 3780 3779
f 3771 3770 3780
f 3752 5847 3766
f 3768 3759 3767
f 3789 3788 5843
f 5841 3788 3784
f 3783 5839 5841
f 3783 3779 5839
f 5847 5848 3766
f 3767 3769 3768
f 3759 3775 3767
f 3769 5836 3768
f 5834 3767 3775
f 5841 3784 3783
f 3766 5848 5836
f 3780 3770 3751
f 3773 5834 3775
f 5849 5853 5854
f 5854 5852 5849
f 5852 5854 5855
f 5855 5851 5852
f 5851 5855 5856
f 5856 5850 5851
f 5856 5849 5850
f 5856 5853 5849
f 5861 5963 5860
f 5862 5859 5861
f 5857 5860 5963
f 5867 5868 5866
f 5959 5864 5867
f 5864 5959 5863
f 5863 5866 5865
f 5872 5869 5871
f 5873 5856 5869
f 5874 5875 5876
f 5877 5878 5879
f 5876 5880 5874
f 5875 5874 5882
f 5881 5880 5876
f 5870 5884 5883
f 5885 5870 5886
f 5889 5884 5890
f 5890 5887 5889
f 5891 5890 5884
f 5887 5892 5888
f 5888 5889 5887
f 5887 5893 5892
f 5892 5893 5894
f 5894 5891 5892
f 5854 5969 5899
f 5899 5900 5855
f 5871 5869 5901
f 5902 5856 5873
f 5885 5886 5905
f 5886 5904 5905
f 5896 5906 5897
f 5897 5886 5870
f 5953 5907 5906
f 5904 5886 5907
f 5907 5953 5904
f 5954 5953 5906
f 5854 5853 5968
f 5903 5853 5856
f 5869 5856 5855
f 5855 5854 5899
f 5909 5910 5908
f 5911 5912 5909
f 5915 5910 5914
f 5917 5916 5918
f 5917 5918 5915
f 5917 5919 5916
f 5917 5920 5919
f 5922 5920 5921
f 5921 5924 5923
f 5923 5922 5921
f 5928 5925 5926
f 5925 5924 5926
f 5911 5926 5912
f 5928 5926 5911
f 5920 5922 5927
f 5912 5921 5927
f 5927 5921 5920
f 5928 5929 5925
f 5930 5932 5933
f 5931 5930 5933
f 5931 5929 5930
f 5932 5934 5935
f 5937 5938 5936
f 5936 5932 5937
f 5934 5937 5932
f 5939 5932 5936
f 5908 5938 5913
f 5940 5941 5889
f 5888 5940 5889
f 5940 5943 5941
f 5936 5941 5944
f 5941 5943 5944
f 5939 5936 5944
f 5931 5933 5946
f 5946 5947 5931
f 5947 5949 5948
f 5943 5942 5945
f 5905 5948 5951
f 5885 5905 5952
f 5951 5952 5905
f 5951 5948 5949
f 5951 5949 5892
f 5904 5953 5868
f 5868 5956 5955
f 5868 5866 5956
f 5898 5906 5957
f 5867 5958 5959
f 5956 5866 5865
f 5960 5956 5865
f 5960 5865 5862
f 5862 5859 5961
f 5962 5963 5964
f 5959 5962 5863
f 5861 5964 5963
f 5965 5859 5858
f 5858 5859 5857
f 5966 5965 5858
f 5858 5967 5966
f 5968 5853 5967
f 5967 5853 5903
f 5970 5857 5963
f 5974 5902 5971
f 5971 5902 5873
f 5978 5975 5976
f 5976 5977 5978
f 5975 5974 5976
f 5979 5972 5977
f 5872 5980 5973
f 5981 5880 5881
f 5981 5980 5880
f 5881 5977 5979
f 5979 5981 5881
f 5975 5982 5983
f 5983 5984 5975
f 5975 5978 5982
f 5983 5985 5984
f 5986 5988 5987
f 5989 5990 5984
f 5986 5989 5985
f 5989 5984 5985
f 5998 5992 5991
f 5992 5990 5991
f 5990 5989 5991
f 5874 5995 5994
f 5882 5994 5987
f 5882 5874 5994
f 5987 5986 5882
f 5993 5995 5996
f 5998 6000 5997
f 5997 6001 5992
f 5997 5992 5998
f 6002 6003 6004
f 6005 6001 6002
f 6002 6004 6005
f 6002 6006 6004
f 6007 6006 6000
f 6002 6000 6006
f 5996 6009 5999
f 6007 6009 6010
f 6011 6008 6010
f 6008 6011 6012
f 6008 6012 6013
f 6008 6013 6003
f 6000 5998 5999
f 5971 5976 5974
f 5967 5903 5966
f 5862 5961 5960
f 5868 5955 5904
f 5946 5950 5947
f 5928 5930 5929
f 5912 5927 5914
f 5906 5896 5898
f 5961 5859 5965
f 5902 5903 5856
f 5895 5870 5883
f 5863 6014 6015
f 6015 5861 5863
f 5863 5962 6016
f 6016 6014 5863
f 5964 5861 6015
f 6015 6017 5964
f 6015 6014 6017
f 6016 6017 6014
f 6017 6016 5962
f 5962 5964 6017
f 5863 5861 5862
f 5862 5865 5863
f 6019 6018 5865
f 5865 5862 6019
f 5953 5907 6021
f 5907 5953 6020
f 6020 6021 5907
f 6021 6020 5953
f 5954 5867 5868
f 5868 5953 5954
f 5953 5868 6022
f 6022 6020 5953
f 6023 6024 5867
f 5867 5954 6023
f 5954 5906 6025
f 5906 5898 6026
f 5898 5957 6027
f 6027 6026 5898
f 6026 6025 5906
f 6025 6023 5954
f 5958 5867 6024
f 6024 6028 5958
f 6024 6023 6028
f 6027 6028 6023
f 5957 5958 6028
f 6028 6027 5957
f 6025 6026 6027
f 6027 6023 6025
f 6029 5971 5972
f 5972 6030 6029
f 5976 5971 6029
f 6029 6031 5976
f 6032 5977 5976
f 5976 6031 6032
f 6031 6029 6030
f 5972 5977 6032
f 6032 6030 5972
f 6030 6032 6031
f 5869 5855 6034
f 6034 6033 5869
f 5855 5900 6035
f 6035 6034 5855
f 5901 5869 6033
f 6033 6036 5901
f 6034 6036 6033
f 6035 6036 6034
f 6036 6035 5900
f 5900 5901 6036
f 5857 5968 5967
f 5967 5858 5857
f 6037 5858 5967
f 5967 6038 6037
f 6038 5967 5853
f 5853 6039 6038
f 6038 5967 5858
f 5858 6037 6038
f 6040 5854 5968
f 5968 6041 6040
f 5969 5899 6043
f 5899 5854 6040
f 6040 6043 5899
f 6043 6042 5969
f 5970 5969 6042
f 6042 6044 5970
f 5968 5857 6045
f 6045 6041 5968
f 5857 5970 6044
f 6044 6045 5857
f 6044 6041 6045
f 6043 6040 6042
f 6041 6044 6042
f 6040 6041 6042
f 5921 5926 5924
f 5921 6046 6047
f 6047 5926 5921
f 5921 5912 6048
f 6048 6046 5921
f 5912 5926 6047
f 6047 6048 5912
f 6047 6046 6048
f 6049 5928 5935
f 5935 6050 6049
f 5928 6049 6051
f 6051 5930 5928
f 6050 5935 5930
f 5930 6051 6050
f 5930 5935 5932
f 5930 5932 6052
f 6052 6051 5930
f 6051 6049 6050
f 5935 6050 6053
f 6053 5934 5935
f 5935 5913 6054
f 6054 6050 5935
f 5913 5938 6055
f 6055 6054 5913
f 5937 5934 6053
f 6053 6056 5937
f 6050 6054 6053
f 6055 6053 6054
f 6053 6055 6056
f 5938 5937 6056
f 6056 6055 5938
f 6057 5888 5942
f 5942 6058 6057
f 5943 5940 5944
f 5940 5888 6057
f 6057 6059 5940
f 6058 6059 6057
f 5944 5940 6059
f 6059 6060 5944
f 5939 5944 5945
f 5943 5945 5944
f 6061 5945 5943
f 6062 5943 5944
f 5944 6060 6062
f 5943 6062 6061
f 5942 5943 6062
f 6062 6058 5942
f 6060 6059 6062
f 6062 6059 6058
f 5946 5933 6064
f 5933 5945 6061
f 6061 6064 5933
f 6064 6063 5946
f 5946 6063 6065
f 6065 5947 5946
f 5945 5942 6058
f 6058 6061 5945
f 5949 5947 6065
f 6065 6066 5949
f 6063 6064 6061
f 6065 6061 6058
f 6058 6066 6065
f 6061 6065 6063
f 6058 5942 5949
f 5949 6066 6058
f 5951 5892 5894
f 5952 5951 6067
f 6067 6068 5952
f 6069 5894 5952
f 5952 6068 6069
f 6069 6068 6067
f 5951 5892 6067
f 5951 5894 6069
f 6069 6067 5951
f 5894 5893 6070
f 6070 6069 5894
f 5891 5894 6069
f 6069 6071 5891
f 5893 5887 6072
f 6072 6070 5893
f 5890 5891 6071
f 6071 6073 5890
f 6071 6069 6070
f 6071 6070 6073
f 5887 5890 6073
f 6073 6072 5887
f 6070 6072 6073
f 6074 5895 5896
f 5896 6075 6074
f 5896 5897 6076
f 6076 6075 5896
f 5895 6074 5870
f 6077 5870 6074
f 6076 6074 6075
f 6077 6074 6076
f 5897 5870 6077
f 6077 6076 5897
f 5988 5987 6078
f 6078 6079 5988
f 5993 5988 6079
f 6079 6080 5993
f 5995 5993 6080
f 6080 6081 5995
f 5995 6081 6082
f 6082 5994 5995
f 6080 6079 6078
f 6082 6080 6078
f 6080 6082 6081
f 5987 5994 6082
f 6082 6078 5987
f 5997 6000 6083
f 6083 6084 5997
f 6000 6002 6085
f 6085 6083 6000
f 5997 6002 6001
f 6002 5997 6084
f 6084 6085 6002
f 6085 6084 6083
f 6007 6000 6083
f 6083 6086 6007
f 6000 5999 6087
f 6087 6083 6000
f 6086 6083 6087
f 6009 6007 5999
f 5999 6007 6086
f 6086 6087 5999
f 6088 5989 5986
f 5986 6089 6088
f 5986 5988 6079
f 6079 6089 5986
f 6088 6090 5991
f 5991 5989 6088
f 6079 5988 5991
f 5991 6090 6079
f 6079 6088 6089
f 6079 6090 6088
f 5877 6091 6092
f 6092 5878 5877
f 5877 5985 6093
f 5985 5983 6094
f 6094 6093 5985
f 6093 6091 5877
f 5983 5982 6095
f 6095 6094 5983
f 6091 6093 6094
f 6096 6092 6095
f 6092 6091 6095
f 6094 6095 6091
f 5982 5978 6096
f 5978 5878 6092
f 6092 6096 5978
f 6096 6095 5982
f 5875 5882 5877
f 5877 5879 6097
f 6097 6091 5877
f 6098 5875 5877
f 5877 6091 6098
f 6098 6091 6097
f 5876 5875 6098
f 6098 6099 5876
f 5881 5876 5878
f 6092 5878 5876
f 5876 6099 6092
f 6099 6098 6097
f 5879 5878 6092
f 6092 6097 5879
f 6099 6097 6092
f 6030 6100 5979
f 5979 5972 6030
f 5972 5973 6101
f 6101 6030 5972
f 5981 5979 6100
f 6100 6102 5981
f 5980 5981 6102
f 6102 6103 5980
f 6100 6030 6101
f 6103 6100 6101
f 6100 6103 6102
f 5973 5980 6103
f 6103 6101 5973
f 5909 5912 6048
f 6048 6104 5909
f 5912 5914 6105
f 6105 6048 5912
f 5909 5914 5910
f 6048 6105 6104
f 5909 6104 6105
f 6105 5914 5909
f 5903 5904 5965
f 5965 5966 5903
f 5904 5956 5960
f 5955 5956 5904
f 5960 5961 5904
f 5961 5965 5904
f 6005 5990 5992
f 6005 5902 5984
f 5984 5990 6005
f 5902 5975 5984
f 5992 6001 6005
f 5902 5974 5975
f 5903 5902 6106
f 6106 6107 5903
f 6108 5904 5903
f 5903 6107 6108
f 6109 6004 6003
f 6106 5902 6005
f 6005 6110 6106
f 6111 6112 6107
f 6107 6106 6111
f 5905 5947 5948
f 5905 5931 5947
f 5923 5929 5931
f 5931 5905 5923
f 5923 5924 5925
f 5925 5929 5923
f 5905 5904 6108
f 6108 6113 5905
f 6108 6107 6112
f 6112 6114 6108
f 5922 6115 5920
f 6113 6116 5923
f 5923 5905 6113
f 6114 6117 6113
f 6113 6108 6114
f 6114 6112 6120
f 6120 6121 6114
f 6112 6122 6120
f 6121 6119 6114
f 6119 6118 6114
f 5871 5880 5980
f 5871 6010 5874
f 5874 5880 5871
f 6010 5995 5874
f 5980 5872 5871
f 6010 6009 5996
f 5996 5995 6010
f 6110 6005 6004
f 6123 6004 6109
f 6124 6109 6003
f 6126 6003 6013
f 6127 6013 6012
f 6128 6012 6011
f 6129 6011 6010
f 6010 6130 6129
f 6011 6129 6128
f 6012 6128 6127
f 6013 6127 6126
f 6003 6126 6125
f 6003 6125 6124
f 6109 6124 6123
f 6004 6123 6110
f 6111 6106 6110
f 6110 6131 6111
f 6130 6010 5871
f 5871 6132 6130
f 6130 6133 6134
f 6129 6134 6135
f 6128 6135 6136
f 6127 6136 6137
f 6125 6137 6138
f 6124 6138 6139
f 6123 6139 6131
f 6131 6110 6123
f 6139 6123 6124
f 6138 6124 6125
f 6137 6125 6126
f 6137 6126 6127
f 6136 6127 6128
f 6135 6128 6129
f 6134 6129 6130
f 6111 6140 6141
f 6111 6142 6140
f 6131 6143 6142
f 6142 6111 6131
f 6131 6144 6145
f 6145 6143 6131
f 5915 5938 5908
f 5915 5936 5938
f 5883 5941 5936
f 5936 5915 5883
f 5883 5889 5941
f 5908 5910 5915
f 5883 5884 5889
f 6147 5915 5918
f 6147 5918 5916
f 6148 5916 5919
f 6149 5919 5920
f 6151 5920 6115
f 6152 6115 5922
f 6153 5922 5923
f 5923 6116 6153
f 5922 6153 6152
f 6115 6152 6151
f 5920 6151 6150
f 5920 6150 6149
f 5919 6149 6148
f 5916 6148 6147
f 5915 6147 6146
f 6113 6117 6154
f 6154 6116 6113
f 5898 5896 5895
f 5895 5958 5957
f 5895 5959 5958
f 5895 5962 5959
f 5895 5901 5963
f 5970 5963 5901
f 5963 5962 5895
f 5957 5898 5895
f 5901 5899 5969
f 5900 5899 5901
f 5969 5970 5901
f 6132 5871 5901
f 5901 6036 6132
f 6130 6132 6155
f 6155 6133 6130
f 6139 6138 6137
f 5901 5895 6074
f 6074 6036 5901
f 6132 6156 6155
f 6156 6132 6036
f 6133 6157 6158
f 6133 6159 6157
f 6155 6160 6159
f 6159 6133 6155
f 6155 6161 6160
f 6158 6162 6133
f 6155 6163 6161
f 6146 6164 5883
f 5883 5915 6146
f 6116 6154 6165
f 6153 6165 6166
f 6152 6166 6167
f 6150 6167 6168
f 6149 6168 6169
f 6148 6169 6170
f 6147 6170 6171
f 6171 6146 6147
f 6170 6147 6148
f 6169 6148 6149
f 6168 6149 6150
f 6167 6150 6151
f 6167 6151 6152
f 6166 6152 6153
f 6165 6153 6116
f 6154 6172 6173
f 6154 6117 6174
f 6174 6172 6154
f 6117 6175 6174
f 6117 6176 6175
f 6173 6177 6154
f 6074 5895 5883
f 5883 6164 6074
f 6156 6036 6074
f 6074 6178 6156
f 6146 6171 6179
f 6179 6164 6146
f 6166 6165 6167
f 6164 6179 6178
f 6178 6074 6164
f 6179 6180 6181
f 6179 6171 6182
f 6182 6180 6179
f 6171 6183 6182
f 6181 6184 6179
f 6171 6185 6186
f 6186 6183 6171
f 6188 6187 6156
f 6189 6190 6156
f 6178 6191 6192
f 6178 6193 6191
f 6192 6156 6178
f 6178 6194 6193
f 6192 6189 6156
f 6190 6188 6156
f 6178 6196 6195
f 6195 6197 6178
f 6197 6194 6178
f 5861 5860 5859
f 5917 5915 5914
f 5920 5917 5922
f 5894 5891 5952
f 6198 5859 5860
f 5860 6199 6198
f 6199 5860 5861
f 5860 6200 6199
f 5860 6201 6200
f 6202 6201 5858
f 6201 5857 5858
f 5858 6198 6202
f 5858 5859 6198
f 5860 5857 6201
f 6203 6198 6199
f 6204 5866 5868
f 5868 6205 6204
f 6205 5868 5867
f 5867 6206 6205
f 6206 5867 5864
f 5864 6207 6206
f 5864 6208 6207
f 6209 6208 5865
f 6208 5863 5865
f 6204 6209 5865
f 5865 5866 6204
f 5864 5863 6208
f 6210 5886 5897
f 5897 6211 6210
f 5897 6212 6211
f 6213 6212 5907
f 6212 5906 5907
f 6210 6213 5886
f 6213 5907 5886
f 5897 5906 6212
f 5973 6214 6163
f 6163 5872 5973
f 6163 5869 5872
f 6215 5873 5869
f 5971 5873 6217
f 5873 6216 6217
f 6217 5972 5971
f 5973 5972 6214
f 5972 6218 6214
f 6217 6218 5972
f 6215 6216 5873
f 6163 6215 5869
f 5927 6219 6220
f 6220 5914 5927
f 5914 6220 6171
f 6171 5917 5914
f 5922 5917 6167
f 5917 6221 6167
f 5927 5922 6165
f 6165 6219 5927
f 6167 6165 5922
f 6171 6221 5917
f 5935 6223 6224
f 6224 5913 5935
f 6224 5908 5913
f 5908 6186 6225
f 6225 5909 5908
f 6225 5911 5909
f 5928 5911 6226
f 5935 5928 6223
f 5928 6227 6223
f 6226 6227 5928
f 6225 6226 5911
f 6224 6186 5908
f 6224 6186 6225
f 5945 6228 6229
f 6229 5939 5945
f 5932 5939 6229
f 5933 5932 6231
f 5932 6230 6231
f 5933 6231 6228
f 6228 5945 5933
f 6229 6230 5932
f 5892 6232 6233
f 6233 5888 5892
f 6233 5942 5888
f 5949 5942 6234
f 5949 6235 6232
f 6232 5892 5949
f 6234 6235 5949
f 6233 6234 5942
f 5885 6236 6237
f 6237 5870 5885
f 6237 5884 5870
f 6184 5891 5884
f 5952 5891 6239
f 5891 6238 6239
f 5952 6240 6236
f 6236 5885 5952
f 6239 6240 5952
f 6184 6238 5891
f 6237 6184 5884
f 6008 6241 6133
f 6133 6010 6008
f 6007 6010 6133
f 6242 6006 6007
f 6004 6006 6139
f 6006 6243 6139
f 6139 6003 6004
f 6008 6003 6137
f 6137 6241 6008
f 6139 6137 6003
f 6242 6243 6006
f 6133 6242 6007
f 6244 5988 5993
f 5991 5988 6246
f 5988 6245 6246
f 6246 5998 5991
f 5999 5998 6248
f 5998 6247 6248
f 5999 6248 6158
f 6158 5996 5999
f 6158 5993 5996
f 6158 6244 5993
f 6246 6247 5998
f 6244 6245 5988
f 6249 5877 5882
f 6250 5985 5877
f 5986 5985 6252
f 5985 6251 6252
f 5986 6252 6249
f 6249 5882 5986
f 6250 6251 5985
f 6249 6250 5877
f 5977 5881 6253
f 6254 5978 5977
f 6255 5878 5978
f 5881 5878 6253
f 5878 6256 6253
f 6255 6256 5878
f 6254 6255 5978
f 6253 6254 5977
f 6208 6209 6204
f 6205 6206 6204
f 6193 6207 6208
f 6206 6207 6193
f 6202 6198 6201
f 6200 6201 6192
f 6192 6199 6200
f 6215 5850 6216
f 6163 6257 6258
f 6258 6161 6163
f 6163 6214 6257
f 6253 6258 6259
f 6214 6259 6218
f 6214 6254 6259
f 6253 6161 6258
f 6254 6253 6259
f 6184 6237 6179
f 6236 6210 6237
f 6238 6239 6260
f 6260 6232 6238
f 6184 6261 6238
f 6181 6262 6261
f 6233 6260 6262
f 6233 6262 6181
f 6260 6233 6232
f 6261 6184 6181
f 6212 6197 6195
f 6179 6237 6178
f 6117 6210 6236
f 6216 5850 6111
f 5850 6112 6111
f 6210 6211 6237
f 6211 6212 6196
f 6195 6196 6212
f 6114 6213 6210
f 6212 6213 6275
f 6213 6114 6275
f 6277 6278 5852
f 5849 6278 6112
f 5850 5849 6112
f 5849 5852 6278
f 6215 5851 5850
f 6187 5852 5851
f 6155 6215 6163
f 6263 6177 6173
f 6263 6173 6227
f 6222 6167 6165
f 6222 6165 6154
f 6154 6177 6222
f 6167 6222 6219
f 6219 6165 6167
f 6220 6219 6264
f 6222 6264 6219
f 6226 6264 6263
f 6263 6227 6226
f 6220 6185 6171
f 6221 6170 6169
f 6221 6171 6170
f 6221 6169 6168
f 6221 6168 6167
f 6186 6185 6225
f 6226 6225 6264
f 6186 6224 6183
f 6182 6183 6265
f 6265 6230 6229
f 6230 6265 6266
f 6229 6182 6265
f 6266 6223 6230
f 6231 6267 6174
f 6231 6230 6267
f 6267 6172 6174
f 6173 6172 6227
f 6172 6267 6227
f 6268 6180 6182
f 6182 6229 6268
f 6268 6269 6180
f 6181 6180 6270
f 6180 6269 6270
f 6233 6181 6270
f 6235 6175 6176
f 6174 6175 6271
f 6175 6272 6271
f 6271 6231 6174
f 6228 6234 6269
f 6117 6240 6273
f 6273 6176 6117
f 6235 6176 6273
f 6240 6117 6236
f 6238 6232 6239
f 6232 6235 6273
f 6194 6206 6193
f 6119 6204 6205
f 6118 6119 6205
f 6118 6205 6275
f 6193 6208 6191
f 6276 6199 6192
f 6120 6203 6209
f 6209 6204 6119
f 6209 6119 6121
f 6120 6198 6203
f 6192 6201 6189
f 6188 5852 6190
f 6122 6278 6202
f 6202 6198 6122
f 6111 6141 6279
f 6279 6217 6111
f 6216 6111 6217
f 6279 6141 6255
f 6255 6254 6279
f 6254 6214 6218
f 6254 6218 6259
f 6159 6160 6280
f 6160 6281 6280
f 6249 6159 6280
f 6282 6161 6253
f 6282 6160 6161
f 6282 6281 6160
f 6142 6251 6283
f 6283 6140 6142
f 6284 6255 6141
f 6141 6140 6284
f 6158 6157 6244
f 6285 6159 6249
f 6285 6157 6159
f 6252 6245 6286
f 6249 6252 6286
f 6286 6285 6249
f 6246 6143 6145
f 6246 6145 6247
f 6251 6287 6252
f 6142 6143 6287
f 6251 6142 6287
f 6133 6162 6242
f 6241 6134 6133
f 6241 6135 6134
f 6241 6136 6135
f 6241 6137 6136
f 6248 6162 6158
f 6289 6144 6131
f 6139 6137 6289
f 6131 6139 6289
f 6247 6145 6290
f 6145 6144 6290
f 6288 6248 6247
f 6290 6288 6247
f 6289 6137 6243
f 6243 6288 6289
f 6137 6139 6243
f 6243 6242 6288
f 6246 6287 6143
f 6278 6122 6112
f 6209 6121 6120
f 6276 6192 6191
f 6275 6114 6118
f 6156 6215 6155
f 5852 6187 6188
f 6212 6275 6274
f 6122 6198 6120
f 6117 6114 6210
f 6191 6208 6014
f 6014 6016 6191
f 6276 6191 6016
f 6016 6017 6276
f 6199 6276 6017
f 6017 6015 6199
f 6014 6208 6199
f 6199 6015 6014
f 6022 6020 6275
f 6275 6205 6022
f 6206 6274 6275
f 6275 6205 6206
f 6275 6213 6021
f 6213 6275 6020
f 6020 6021 6213
f 6021 6020 6275
f 6178 6237 6077
f 6077 6074 6178
f 6196 6178 6074
f 6074 6075 6196
f 6237 6211 6076
f 6076 6077 6237
f 6211 6196 6075
f 6075 6076 6211
f 6240 6068 6067
f 6067 6273 6240
f 6068 6240 6239
f 6239 6069 6068
f 6232 6273 6239
f 6239 6273 6067
f 6273 6232 6067
f 6067 6069 6239
f 6271 6175 6065
f 6065 6063 6271
f 6175 6235 6066
f 6066 6065 6175
f 6066 6235 6234
f 6234 6058 6066
f 6228 6061 6058
f 6058 6234 6228
f 6228 6231 6064
f 6231 6271 6063
f 6063 6064 6231
f 6064 6061 6228
f 6248 6288 6083
f 6083 6087 6248
f 6288 6242 6086
f 6086 6083 6288
f 6248 6242 6162
f 6242 6248 6087
f 6087 6086 6242
f 6050 6223 6227
f 6227 6049 6050
f 6223 6267 6230
f 6223 6050 6051
f 6051 6267 6223
f 6230 6267 6051
f 6051 6052 6230
f 6267 6051 6049
f 6049 6227 6267
f 6058 6062 6269
f 6269 6234 6058
f 6058 6234 6233
f 6233 6057 6058
f 6233 6270 6059
f 6059 6057 6233
f 6268 6060 6059
f 6059 6270 6268
f 6268 6270 6269
f 6228 6269 6268
f 6268 6229 6228
f 6060 6268 6269
f 6062 6269 6228
f 6228 6061 6062
f 6269 6062 6060
f 6266 6053 6050
f 6050 6223 6266
f 6266 6265 6056
f 6056 6053 6266
f 6183 6055 6056
f 6056 6265 6183
f 6183 6224 6054
f 6054 6055 6183
f 6056 6054 6053
f 6054 6056 6055
f 6224 6223 6050
f 6050 6054 6224
f 6264 6225 6104
f 6104 6048 6264
f 6220 6105 6104
f 6104 6225 6220
f 6220 6225 6185
f 6220 6264 6048
f 6048 6105 6220
f 6264 6222 6046
f 6046 6048 6264
f 6263 6264 6048
f 6048 6047 6263
f 6263 6047 6046
f 6046 6222 6263
f 6177 6263 6222
f 6281 6256 6250
f 6250 6256 6092
f 6092 6091 6250
f 6256 6255 6096
f 6255 6284 6095
f 6095 6096 6255
f 6096 6092 6256
f 6283 6284 6140
f 6284 6283 6094
f 6094 6095 6284
f 6283 6251 6093
f 6251 6250 6091
f 6091 6093 6251
f 6093 6094 6283
f 6259 6258 6102
f 6102 6100 6259
f 6258 6257 6103
f 6103 6102 6258
f 6257 6214 6101
f 6101 6103 6257
f 6218 6259 6100
f 6100 6030 6218
f 6214 6218 6030
f 6030 6101 6214
f 6030 6218 6217
f 6217 6029 6030
f 6254 6218 6030
f 6030 6032 6254
f 6031 6279 6254
f 6254 6032 6031
f 6217 6279 6031
f 6031 6029 6217
f 6187 6035 6036
f 6036 6156 6187
f 6215 6156 6036
f 6036 6033 6215
f 6187 5851 6034
f 6034 6035 6187
f 5851 6215 6033
f 6033 6034 5851
f 6288 6290 6084
f 6084 6083 6288
f 6144 6289 6290
f 6289 6288 6083
f 6083 6085 6289
f 6290 6289 6085
f 6085 6084 6290
f 6245 6244 6080
f 6080 6079 6245
f 6244 6157 6081
f 6081 6080 6244
f 6286 6245 6079
f 6079 6078 6286
f 6285 6286 6078
f 6078 6082 6285
f 6157 6285 6082
f 6082 6081 6157
f 6245 6252 6089
f 6089 6079 6245
f 6089 6252 6287
f 6287 6088 6089
f 6090 6246 6245
f 6245 6079 6090
f 6287 6246 6090
f 6090 6088 6287
f 6249 6280 6250
f 6091 6250 6280
f 6280 6098 6091
f 6281 6250 6091
f 6091 6097 6281
f 6282 6280 6281
f 6280 6282 6099
f 6099 6098 6280
f 6282 6253 6256
f 6099 6282 6256
f 6256 6092 6099
f 6256 6281 6097
f 6097 6092 6256
f 6239 6238 6071
f 6071 6069 6239
f 6260 6239 6069
f 6069 6070 6260
f 6238 6261 6073
f 6073 6071 6238
f 6261 6262 6072
f 6072 6073 6261
f 6262 6260 6070
f 6070 6072 6262
f 6274 6206 6024
f 6024 6023 6274
f 6206 6194 6028
f 6028 6024 6206
f 6197 6027 6028
f 6028 6194 6197
f 6197 6195 6026
f 6195 6212 6025
f 6212 6274 6023
f 6023 6025 6212
f 6025 6026 6195
f 6026 6027 6197
f 6023 6027 6026
f 6026 6025 6023
f 6041 6277 5852
f 5852 6040 6041
f 6045 6201 6277
f 6277 6041 6045
f 5852 6188 6043
f 6188 6190 6042
f 6042 6043 6188
f 6043 6040 5852
f 6189 6044 6042
f 6042 6190 6189
f 6189 6201 6045
f 6045 6044 6189
f 6202 6278 6277
f 6277 6201 6202
f 6037 6038 6278
f 6278 6202 6037
f 6039 5849 6278
f 6278 6038 6039
f 6202 6278 6038
f 6038 6037 6202
f 6209 6203 6199
f 6199 6208 6209
f 6018 6019 6203
f 6203 6209 6018
f 6293 6291 6292
f 6295 6293 6294
f 6297 6295 6296
f 6296 6298 6297
f 6294 6296 6295
f 6292 6294 6293
f 6299 6300 6292
f 6292 6291 6299
f 6301 6302 6292
f 6291 6292 6300
f 6300 6299 6291
f 6292 6291 6301
f 6301 6303 6304
f 6304 6302 6301
f 6297 6298 6305
f 6305 6306 6297
f 6306 6305 6307
f 6308 6307 6296
f 6296 6295 6308
f 6307 6308 6306
f 6309 6295 6296
f 6296 6310 6309
f 6311 6309 6310
f 6310 6312 6311
f 6303 6313 6314
f 6314 6304 6303
f 6315 6311 6312
f 6312 6316 6315
f 6317 6315 6316
f 6316 6318 6317
f 6313 6319 6320
f 6320 6314 6313
f 6321 6322 6323
f 6324 6323 6320
f 6320 6319 6324
f 6323 6324 6321
f 6325 6326 6322
f 6322 6321 6325
f 6327 6328 6329
f 6331 6327 6330
f 6319 6331 6332
f 6325 6319 6320
f 6320 6326 6325
f 6332 6320 6319
f 6330 6332 6331
f 6329 6330 6327
f 6333 6334 6329
f 6329 6328 6333
f 6327 6330 6334
f 6334 6333 6327
f 6327 6335 6336
f 6336 6330 6327
f 6335 6337 6338
f 6338 6336 6335
f 6337 6339 6340
f 6340 6338 6337
f 6339 6317 6318
f 6318 6340 6339
f 6341 6319 6313
f 6331 6337 6335
f 6342 6309 6311
f 6335 6327 6331
f 6311 6315 6343
f 6344 6345 6303
f 6311 6343 6342
f 6331 6341 6337
f 6293 6295 6309
f 6321 6324 6319
f 6309 6342 6293
f 6313 6303 6345
f 6319 6325 6321
f 6333 6328 6327
f 6293 6303 6301
f 6342 6303 6293
f 6331 6319 6341
f 6306 6308 6295
f 6301 6291 6293
f 6295 6297 6306
f 6317 6339 6315
f 6346 6304 6314
f 6304 6346 6347
f 6314 6320 6348
f 6332 6330 6336
f 6312 6310 6349
f 6336 6338 6332
f 6302 6304 6294
f 6349 6350 6312
f 6350 6316 6312
f 6294 6292 6302
f 6294 6349 6310
f 6338 6348 6332
f 6348 6320 6332
f 6322 6326 6320
f 6310 6296 6294
f 6305 6298 6296
f 6330 6329 6334
f 6320 6323 6322
f 6304 6349 6294
f 6296 6307 6305
f 6318 6316 6340
f 6337 6341 6348
f 6348 6338 6337
f 6313 6314 6348
f 6348 6341 6313
f 6303 6304 6347
f 6344 6347 6346
f 6346 6345 6344
f 6347 6344 6303
f 6313 6345 6346
f 6346 6314 6313
f 6315 6339 6340
f 6340 6316 6315
f 6315 6316 6350
f 6343 6350 6349
f 6349 6342 6343
f 6350 6343 6315
f 6303 6342 6349
f 6349 6304 6303
f 6353 6351 6352
f 6355 6353 6354
f 6357 6355 6356
f 6351 6357 6358
f 6358 6352 6351
f 6356 6358 6357
f 6354 6356 6355
f 6352 6354 6353
f 6359 6360 6352
f 6352 6351 6359
f 6353 6354 6361
f 6362 6361 6360
f 6360 6359 6362
f 6361 6362 6353
f 6353 6363 6364
f 6364 6354 6353
f 6363 6365 6366
f 6366 6364 6363
f 6351 6352 6367
f 6368 6367 6369
f 6369 6370 6368
f 6367 6368 6351
f 6370 6369 6358
f 6358 6357 6370
f 6371 6357 6358
f 6358 6372 6371
f 6373 6371 6372
f 6372 6374 6373
f 6365 6375 6376
f 6376 6366 6365
f 6377 6373 6374
f 6374 6378 6377
f 6379 6377 6378
f 6378 6380 6379
f 6381 6379 6380
f 6380 6382 6381
f 6375 6383 6384
f 6384 6376 6375
f 6383 6385 6386
f 6386 6384 6383
f 6387 6388 6389
f 6390 6389 6386
f 6386 6385 6390
f 6389 6390 6387
f 6390 6389 6388
f 6388 6387 6390
f 6393 6391 6392
f 6395 6393 6394
f 6390 6395 6396
f 6396 6389 6390
f 6394 6396 6395
f 6392 6394 6393
f 6397 6398 6392
f 6392 6391 6397
f 6393 6394 6399
f 6400 6399 6398
f 6398 6397 6400
f 6399 6400 6393
f 6393 6401 6402
f 6402 6394 6393
f 6401 6403 6404
f 6404 6402 6401
f 6403 6405 6406
f 6406 6404 6403
f 6405 6381 6382
f 6382 6406 6405
f 6407 6408 6403
f 6408 6405 6403
f 6395 6403 6401
f 6410 6383 6375
f 6410 6409 6383
f 6401 6393 6395
f 6365 6412 6411
f 6395 6390 6385
f 6385 6383 6395
f 6365 6363 6412
f 6395 6383 6403
f 6400 6391 6393
f 6391 6400 6397
f 6355 6357 6371
f 6371 6373 6355
f 6353 6412 6363
f 6365 6410 6375
f 6373 6412 6355
f 6351 6368 6370
f 6412 6353 6355
f 6357 6351 6370
f 6362 6351 6353
f 6351 6362 6359
f 6381 6405 6377
f 6379 6381 6377
f 6376 6413 6366
f 6376 6384 6413
f 6384 6414 6413
f 6404 6406 6417
f 6418 6364 6366
f 6396 6394 6402
f 6404 6417 6416
f 6396 6384 6386
f 6366 6415 6418
f 6402 6404 6396
f 6364 6418 6354
f 6356 6374 6372
f 6398 6399 6392
f 6404 6384 6396
f 6369 6367 6352
f 6360 6361 6352
f 6394 6392 6399
f 6386 6389 6396
f 6369 6352 6358
f 6372 6358 6356
f 6354 6352 6361
f 6418 6374 6356
f 6356 6354 6418
f 6378 6382 6380
f 6382 6378 6406
f 6403 6383 6384
f 6384 6404 6403
f 6410 6413 6414
f 6409 6414 6384
f 6384 6383 6409
f 6414 6409 6410
f 6403 6404 6416
f 6407 6416 6417
f 6408 6417 6406
f 6406 6405 6408
f 6417 6408 6407
f 6416 6407 6403
f 6412 6418 6415
f 6411 6415 6366
f 6366 6365 6411
f 6415 6411 6412
f 6410 6365 6366
f 6366 6413 6410
f 6377 6405 6406
f 6406 6378 6377
f 6412 6373 6374
f 6374 6418 6412
f 6419 6420 6355
f 6420 6421 6353
f 6421 6422 6362
f 6422 6423 6359
f 6423 6424 6351
f 6424 6425 6368
f 6425 6426 6370
f 6426 6419 6357
f 6357 6370 6426
f 6370 6368 6425
f 6368 6351 6424
f 6351 6359 6423
f 6359 6362 6422
f 6362 6353 6421
f 6353 6355 6420
f 6355 6357 6419
f 6528 6529 6427
f 6530 6528 6428
f 6531 6532 6407
f 6429 6533 6430
f 6431 6432 6433
f 6433 6530 6431
f 6431 6429 6435
f 6434 6430 6533
f 6533 6530 6437
f 6437 6434 6533
f 6530 6439 6437
f 6436 6435 6429
f 6435 6432 6431
f 6438 6436 6429
f 6433 6439 6530
f 6534 6533 6429
f 6528 6440 6441
f 6441 6442 6528
f 6530 6443 6440
f 6440 6528 6530
f 6529 6444 6445
f 6445 6470 6529
f 6529 6446 6447
f 6529 6528 6448
f 6447 6444 6529
f 6448 6446 6529
f 6407 6368 6405
f 6368 6449 6450
f 6450 6405 6368
f 6368 6451 6449
f 6342 6407 6452
f 6452 6453 6342
f 6407 6454 6452
f 6408 6454 6407
f 6453 6343 6342
f 6535 6455 6456
f 6535 6315 6455
f 6342 6343 6315
f 6315 6535 6342
f 6533 6534 6457
f 6534 6458 6457
f 6534 6459 6460
f 6460 6458 6534
f 6533 6461 6462
f 6462 6530 6533
f 6533 6463 6461
f 6530 6464 6443
f 6462 6464 6530
f 6535 6299 6465
f 6531 6342 6295
f 6342 6535 6297
f 6465 6297 6535
f 6297 6295 6342
f 6391 6368 6407
f 6532 6395 6393
f 6466 6536 6368
f 6393 6407 6532
f 6391 6466 6368
f 6393 6391 6407
f 6536 6537 6359
f 6537 6353 6362
f 6362 6359 6537
f 6536 6359 6351
f 6351 6368 6536
f 6357 6470 6467
f 6357 6468 6469
f 6451 6368 6370
f 6467 6468 6357
f 6357 6469 6471
f 6357 6471 6451
f 6451 6370 6357
f 6470 6357 6355
f 6537 6472 6473
f 6537 6474 6472
f 6537 6475 6474
f 6537 6476 6475
f 6473 6477 6537
f 6353 6537 6477
f 6477 6478 6353
f 6479 6470 6355
f 6480 6355 6353
f 6355 6480 6479
f 6479 6481 6470
f 6470 6482 6483
f 6481 6482 6470
f 6529 6484 6485
f 6529 6486 6487
f 6485 6486 6529
f 6529 6488 6484
f 6529 6483 6488
f 6487 6427 6529
f 6534 6489 6490
f 6534 6491 6492
f 6534 6493 6494
f 6492 6489 6534
f 6490 6493 6534
f 6534 6495 6491
f 6494 6496 6534
f 6497 6498 6459
f 6499 6500 6501
f 6502 6503 6499
f 6497 6504 6498
f 6501 6497 6499
f 6499 6505 6502
f 6501 6504 6497
f 6503 6500 6499
f 6509 6505 6331
f 6331 6505 6506
f 6506 6510 6331
f 6535 6333 6328
f 6507 6511 6327
f 6508 6513 6327
f 6331 6327 6509
f 6319 6331 6510
f 6507 6327 6333
f 6511 6512 6327
f 6513 6509 6327
f 6333 6535 6507
f 6512 6508 6327
f 6509 6502 6505
f 6514 6299 6321
f 6299 6325 6321
f 6514 6324 6319
f 6299 6535 6328
f 6321 6324 6514
f 6319 6510 6515
f 6328 6325 6299
f 6299 6517 6518
f 6299 6514 6516
f 6516 6517 6299
f 6518 6519 6299
f 6519 6520 6299
f 6301 6303 6521
f 6523 6291 6299
f 6344 6303 6291
f 6293 6521 6522
f 6523 6344 6291
f 6293 6522 6531
f 6293 6301 6521
f 6303 6301 6291
f 6522 6524 6532
f 6390 6385 6409
f 6385 6525 6383
f 6532 6524 6395
f 6390 6409 6526
f 6526 6387 6390
f 6526 6536 6387
f 6383 6409 6385
f 6395 6524 6525
f 6385 6395 6525
f 6537 6536 6527
f 6527 6476 6537
f 6536 6526 6527
f 6532 6531 6522
f 6520 6523 6299
f 6319 6515 6514
f 6459 6534 6497
f 6496 6497 6534
f 6483 6529 6470
f 6478 6480 6353
f 6466 6387 6536
f 6295 6293 6531
f 6457 6463 6533
f 6456 6507 6535
f 6405 6408 6407
f 6442 6448 6528
f 6429 6495 6534
f 6430 6438 6429
f 6407 6342 6531
f 6428 6431 6530
f 6427 6428 6528
f 6515 6538 6514
f 6539 6516 6514
f 6519 6540 6541
f 6541 6520 6519
f 6542 6344 6520
f 6520 6541 6542
f 6523 6520 6344
f 6303 6344 6542
f 6303 6542 6543
f 6543 6544 6521
f 6521 6303 6543
f 6525 6524 6522
f 6522 6521 6525
f 6521 6544 6545
f 6545 6525 6521
f 6545 6546 6525
f 6546 6383 6525
f 6383 6546 6547
f 6548 6409 6383
f 6383 6547 6548
f 6526 6409 6527
f 6548 6549 6527
f 6527 6409 6548
f 6476 6527 6549
f 6549 6550 6476
f 6551 6472 6474
f 6552 6538 6515
f 6506 6515 6510
f 6515 6506 6552
f 6553 6538 6552
f 6552 6554 6553
f 6497 6496 6499
f 6499 6496 6555
f 6554 6552 6506
f 6556 6506 6505
f 6557 6505 6499
f 6499 6558 6557
f 6505 6557 6556
f 6506 6556 6554
f 6494 6493 6490
f 6555 6496 6494
f 6559 6494 6490
f 6558 6499 6555
f 6555 6560 6558
f 6491 6429 6431
f 6431 6427 6491
f 6431 6428 6427
f 6491 6495 6429
f 6560 6555 6494
f 6561 6494 6559
f 6562 6559 6490
f 6563 6490 6489
f 6564 6489 6492
f 6565 6492 6491
f 6491 6566 6565
f 6492 6565 6564
f 6489 6564 6563
f 6490 6563 6562
f 6559 6562 6561
f 6494 6561 6560
f 6514 6567 6568
f 6567 6514 6538
f 6569 6516 6539
f 6539 6570 6569
f 6570 6514 6568
f 6569 6571 6516
f 6571 6517 6516
f 6571 6572 6518
f 6540 6519 6518
f 6518 6572 6540
f 6518 6517 6571
f 6539 6514 6570
f 6538 6553 6567
f 6484 6573 6485
f 6482 6488 6483
f 6574 6427 6487
f 6575 6487 6486
f 6576 6486 6485
f 6577 6485 6573
f 6578 6573 6484
f 6579 6484 6488
f 6488 6580 6579
f 6484 6579 6578
f 6573 6578 6577
f 6485 6577 6576
f 6486 6576 6575
f 6487 6575 6574
f 6488 6482 6582
f 6582 6580 6488
f 6582 6482 6481
f 6583 6481 6479
f 6584 6479 6581
f 6581 6585 6584
f 6479 6584 6583
f 6481 6583 6582
f 6478 6581 6479
f 6480 6478 6479
f 6585 6581 6478
f 6478 6586 6585
f 6587 6588 6477
f 6588 6589 6477
f 6586 6478 6477
f 6590 6475 6476
f 6591 6474 6475
f 6475 6590 6591
f 6592 6551 6474
f 6474 6591 6592
f 6592 6593 6472
f 6587 6477 6594
f 6593 6594 6473
f 6594 6477 6473
f 6473 6472 6593
f 6472 6551 6592
f 6476 6550 6590
f 6477 6589 6586
f 6491 6596 6595
f 6596 6491 6427
f 6427 6574 6596
f 6595 6566 6491
f 6569 6568 6597
f 6568 6569 6570
f 6589 6588 6586
f 6598 6587 6594
f 6594 6599 6598
f 6600 6601 6569
f 6569 6597 6600
f 6602 6597 6568
f 6602 6600 6597
f 6601 6600 6602
f 6603 6601 6602
f 6602 6604 6605
f 6605 6603 6602
f 6606 6604 6602
f 6604 6607 6608
f 6608 6605 6604
f 6604 6606 6607
f 6614 6615 6613
f 6622 6620 6621
f 6628 6629 6625
f 6629 6626 6625
f 6630 6628 6624
f 6624 6623 6630
f 6630 6623 6622
f 6622 6631 6630
f 6632 6631 6620
f 6631 6621 6620
f 6620 6619 6632
f 6632 6619 6618
f 6618 6633 6632
f 6634 6633 6617
f 6634 6616 6615
f 6615 6635 6634
f 6636 6635 6613
f 6635 6614 6613
f 6636 6612 6611
f 6611 6637 6636
f 6637 6611 6610
f 6610 6638 6637
f 6629 6608 6626
f 6608 6607 6626
f 6609 6639 6638
f 6609 6627 6639
f 6610 6609 6638
f 6613 6612 6636
f 6615 6614 6635
f 6617 6616 6634
f 6618 6617 6633
f 6622 6621 6631
f 6625 6624 6628
f 6640 6641 6639
f 6639 6627 6640
f 6598 6599 6641
f 6641 6640 6598
f 6642 6640 6627
f 6640 6642 6598
f 6643 6644 6391
f 6644 6645 6387
f 6645 6646 6390
f 6646 6647 6395
f 6647 6648 6393
f 6648 6643 6391
f 6391 6393 6648
f 6393 6395 6647
f 6395 6390 6646
f 6390 6387 6645
f 6387 6466 6644
f 6466 6391 6644
f 6297 6465 6299
f 6649 6650 6291
f 6650 6299 6291
f 6650 6651 6299
f 6651 6297 6299
f 6297 6651 6652
f 6295 6652 6653
f 6653 6654 6293
f 6291 6654 6649
f 6291 6293 6654
f 6293 6295 6653
f 6295 6297 6652
f 6655 6656 6333
f 6656 6657 6328
f 6657 6658 6325
f 6658 6659 6321
f 6659 6660 6319
f 6660 6661 6331
f 6661 6655 6327
f 6327 6331 6661
f 6331 6319 6660
f 6319 6321 6659
f 6321 6325 6658
f 6325 6328 6657
f 6328 6333 6656
f 6333 6327 6655
f 6459 6664 6460
f 6664 6498 6504
f 6509 6503 6502
f 6456 6511 6507
f 6470 6445 6467
f 6442 6681 6448
f 6682 6315 6343
f 6673 6405 6450
f 6662 6461 6463
f 6663 6458 6460
f 6665 6504 6501
f 6666 6501 6500
f 6513 6508 6667
f 6668 6512 6511
f 6456 6455 6669
f 6343 6453 6670
f 6671 6452 6454
f 6672 6454 6408
f 6408 6673 6405
f 6674 6450 6449
f 6449 6451 6675
f 6676 6469 6468
f 6444 6447 6677
f 6678 6681 6442
f 6442 6441 6679
f 6443 6464 6680
f 6452 6671 6453
f 6512 6668 6508
f 6504 6665 6664
f 6315 6682 6455
f 6448 6681 6446
f 6459 6498 6664
f 6685 6439 6433
f 6686 6432 6435
f 6439 6685 6437
f 6434 6684 6430
f 6438 6683 6436
f 6435 6436 6687
f 6436 6683 6688
f 6683 6438 6688
f 6438 6430 6690
f 6430 6684 6691
f 6684 6434 6692
f 6434 6437 6693
f 6437 6685 6694
f 6685 6433 6695
f 6433 6432 6696
f 6432 6686 6697
f 6686 6435 6697
f 6698 6697 6435
f 6697 6696 6432
f 6696 6695 6433
f 6695 6694 6685
f 6694 6693 6437
f 6693 6692 6434
f 6692 6691 6684
f 6691 6690 6430
f 6690 6689 6438
f 6689 6688 6438
f 6688 6687 6436
f 6687 6698 6435
f 6699 6462 6461
f 6461 6700 6699
f 6701 6700 6463
f 6700 6662 6463
f 6702 6701 6457
f 6457 6458 6702
f 6702 6663 6460
f 6460 6703 6702
f 6704 6703 6664
f 6703 6459 6664
f 6704 6665 6501
f 6501 6705 6704
f 6706 6705 6500
f 6705 6666 6500
f 6707 6706 6503
f 6503 6509 6707
f 6707 6509 6513
f 6513 6708 6707
f 6709 6708 6508
f 6708 6667 6508
f 6709 6668 6511
f 6511 6628 6709
f 6710 6628 6456
f 6628 6507 6456
f 6711 6710 6455
f 6455 6682 6711
f 6710 6669 6455
f 6711 6315 6343
f 6343 6712 6711
f 6633 6712 6453
f 6712 6670 6453
f 6633 6671 6454
f 6454 6634 6633
f 6713 6634 6408
f 6634 6672 6408
f 6714 6713 6673
f 6673 6450 6714
f 6713 6405 6673
f 6714 6674 6449
f 6449 6637 6714
f 6715 6637 6451
f 6637 6675 6451
f 6715 6471 6469
f 6469 6716 6715
f 6717 6716 6468
f 6716 6676 6468
f 6718 6717 6467
f 6467 6445 6718
f 6718 6445 6444
f 6444 6719 6718
f 6720 6719 6447
f 6719 6677 6447
f 6720 6446 6681
f 6681 6721 6720
f 6722 6721 6442
f 6721 6678 6442
f 6722 6441 6440
f 6440 6723 6722
f 6722 6679 6441
f 6723 6440 6443
f 6443 6724 6723
f 6699 6724 6464
f 6724 6680 6464
f 6464 6462 6699
f 6443 6680 6724
f 6442 6679 6722
f 6681 6678 6721
f 6447 6446 6720
f 6444 6677 6719
f 6468 6467 6717
f 6469 6676 6716
f 6451 6471 6715
f 6449 6675 6637
f 6450 6674 6714
f 6408 6405 6713
f 6454 6672 6634
f 6453 6671 6633
f 6343 6670 6712
f 6682 6315 6711
f 6456 6669 6710
f 6511 6507 6628
f 6508 6668 6709
f 6513 6667 6708
f 6500 6503 6706
f 6501 6666 6705
f 6664 6665 6704
f 6460 6459 6703
f 6458 6663 6702
f 6463 6457 6701
f 6461 6662 6700
f 6695 6696 6697
f 6697 6694 6695
f 6692 6693 6694
f 6694 6691 6692
f 6687 6688 6697
f 6690 6691 6688
f 6697 6698 6687
f 6688 6689 6690
f 6726 6725 6697
f 6725 6694 6697
f 6688 6727 6726
f 6726 6697 6688
f 6728 6727 6688
f 6725 6728 6691
f 6691 6694 6725
f 6688 6691 6728
f 6729 6731 6727
f 6727 6728 6729
f 6732 6728 6725
f 6725 6730 6732
f 6733 6736 6726
f 6728 6732 6729
f 6726 6727 6733
f 6725 6734 6730
f 6735 6734 6725
f 6725 6726 6735
f 6726 6737 6735
f 6737 6726 6736
f 6733 6727 6731
f 6718 6738 6717
f 6719 6739 6738
f 6738 6718 6719
f 6739 6719 6720
f 6721 6740 6720
f 6699 6741 6742
f 6709 6628 6743
f 6740 6721 6722
f 6724 6742 6723
f 6699 6700 6741
f 6637 6745 6714
f 6742 6724 6699
f 6710 6711 6746
f 6747 6746 6711
f 6748 6634 6713
f 6701 6741 6700
f 6701 6702 6749
f 6702 6703 6750
f 6710 6743 6628
f 6711 6712 6747
f 6633 6747 6712
f 6713 6744 6748
f 6745 6637 6715
f 6750 6749 6702
f 6703 6704 6751
f 6634 6748 6633
f 6751 6750 6703
f 6704 6705 6752
f 6705 6706 6753
f 6753 6752 6705
f 6744 6713 6714
f 6707 6753 6706
f 6752 6751 6704
f 6633 6617 6754
f 6754 6747 6633
f 6746 6747 6755
f 6747 6619 6755
f 6746 6621 6756
f 6756 6710 6746
f 6710 6756 6757
f 6757 6743 6710
f 6709 6743 6758
f 6758 6759 6709
f 6709 6759 6760
f 6760 6708 6709
f 6707 6708 6761
f 6708 6760 6761
f 6707 6762 6763
f 6707 6764 6762
f 6763 6753 6707
f 6752 6753 6765
f 6753 6766 6765
f 6751 6752 6767
f 6767 6768 6751
f 6751 6769 6770
f 6770 6750 6751
f 6749 6750 6771
f 6749 6772 6773
f 6773 6701 6749
f 6741 6701 6774
f 6701 6773 6774
f 6741 6775 6776
f 6776 6742 6741
f 6741 6777 6775
f 6742 6778 6779
f 6779 6723 6742
f 6722 6723 6780
f 6780 6781 6722
f 6722 6781 6782
f 6782 6740 6722
f 6720 6740 6783
f 6740 6782 6783
f 6720 6784 6785
f 6785 6739 6720
f 6739 6786 6787
f 6787 6738 6739
f 6717 6738 6788
f 6788 6789 6717
f 6738 6790 6788
f 6717 6791 6792
f 6792 6716 6717
f 6715 6716 6793
f 6715 6794 6795
f 6795 6745 6715
f 6714 6745 6796
f 6745 6795 6796
f 6744 6714 6797
f 6797 6614 6744
f 6744 6614 6798
f 6798 6748 6744
f 6633 6748 6799
f 6748 6616 6799
f 6799 6617 6633
f 6798 6616 6748
f 6796 6797 6714
f 6793 6794 6715
f 6792 6793 6716
f 6789 6791 6717
f 6787 6790 6738
f 6785 6786 6739
f 6783 6784 6720
f 6779 6780 6723
f 6776 6778 6742
f 6774 6777 6741
f 6771 6772 6749
f 6770 6771 6750
f 6768 6769 6751
f 6765 6767 6752
f 6763 6766 6753
f 6761 6764 6707
f 6757 6758 6743
f 6755 6621 6746
f 6754 6619 6747
f 6774 6801 6775
f 6779 6802 6780
f 6785 6786 6787
f 6798 6804 6799
f 6771 6800 6772
f 6782 6803 6783
f 6619 6754 6755
f 6761 6762 6764
f 6766 6763 6765
f 6769 6768 6770
f 6774 6775 6777
f 6778 6776 6779
f 6787 6788 6790
f 6791 6789 6792
f 6798 6799 6616
f 6803 6782 6781
f 6800 6771 6770
f 6804 6798 6614
f 6786 6785 6784
f 6802 6779 6776
f 6801 6774 6773
f 6806 6807 6733
f 6807 6595 6733
f 6595 6596 6736
f 6596 6808 6737
f 6808 6805 6735
f 6735 6737 6808
f 6737 6736 6596
f 6736 6733 6595
f 6733 6731 6806
f 6809 6730 6734
f 6695 6734 6735
f 6689 6731 6729
f 6810 6729 6732
f 6692 6732 6730
f 6806 6731 6689
f 6696 6735 6805
f 6730 6693 6692
f 6732 6692 6810
f 6729 6810 6690
f 6729 6690 6689
f 6735 6696 6695
f 6734 6695 6809
f 6730 6809 6693
f 6811 6806 6689
f 6689 6812 6811
f 6812 6813 6811
f 6813 6812 6814
f 6815 6813 6814
f 6817 6818 6816
f 6817 6816 6819
f 6821 6819 6820
f 6822 6821 6820
f 6820 6823 6822
f 6821 6824 6819
f 6819 6824 6817
f 6817 6815 6818
f 6814 6818 6815
f 6817 6824 6821
f 6822 6823 6825
f 6825 6826 6822
f 6828 6826 6827
f 6825 6829 6827
f 6827 6826 6825
f 6827 6829 6830
f 6830 6831 6827
f 6832 6833 6834
f 6833 6835 6834
f 6836 6832 6837
f 6837 6803 6836
f 6836 6803 6838
f 6838 6839 6836
f 6840 6839 6841
f 6839 6842 6841
f 6841 6802 6840
f 6840 6802 6776
f 6776 6699 6840
f 6843 6699 6775
f 6699 6776 6775
f 6843 6801 6844
f 6844 6845 6843
f 6846 6845 6847
f 6845 6848 6847
f 6846 6800 6849
f 6849 6850 6846
f 6850 6849 6851
f 6851 6852 6850
f 6833 6739 6786
f 6852 6768 6831
f 6831 6830 6852
f 6786 6835 6833
f 6851 6768 6852
f 6847 6800 6846
f 6844 6848 6845
f 6775 6801 6843
f 6838 6842 6839
f 6834 6837 6832
f 6773 6844 6801
f 6780 6841 6838
f 6851 6831 6768
f 6848 6844 6847
f 6838 6841 6842
f 6835 6786 6834
f 6841 6780 6802
f 6844 6773 6847
f 6853 6786 6739
f 6739 6854 6853
f 6853 6855 6856
f 6853 6854 6857
f 6855 6853 6857
f 6856 6855 6858
f 6859 6855 6857
f 6857 6860 6859
f 6861 6862 6863
f 6695 6696 6861
f 6861 6864 6695
f 6864 6865 6695
f 6695 6854 6836
f 6863 6864 6861
f 6865 6866 6695
f 6854 6832 6836
f 6739 6833 6854
f 6809 6839 6840
f 6840 6699 6693
f 6829 6852 6830
f 6690 6810 6846
f 6866 6860 6695
f 6857 6854 6860
f 6833 6832 6854
f 6809 6836 6839
f 6810 6692 6843
f 6829 6850 6852
f 6846 6829 6690
f 6690 6819 6816
f 6812 6816 6818
f 6860 6854 6695
f 6843 6845 6810
f 6846 6850 6829
f 6829 6825 6690
f 6690 6820 6819
f 6690 6816 6812
f 6818 6814 6812
f 6836 6809 6695
f 6699 6692 6693
f 6690 6823 6820
f 6693 6809 6840
f 6845 6846 6810
f 6692 6699 6843
f 6812 6689 6690
f 6825 6823 6690
f 6867 6861 6696
f 6696 6805 6867
f 6868 6859 6860
f 6868 6866 6865
f 6865 6869 6868
f 6870 6865 6864
f 6871 6864 6863
f 6871 6863 6862
f 6867 6862 6861
f 6867 6872 6862
f 6862 6872 6871
f 6871 6870 6864
f 6870 6869 6865
f 6860 6866 6868
f 6859 6858 6855
f 6868 6870 6869
f 6423 6599 6875
f 6425 6634 6635
f 6426 6635 6636
f 6638 6639 6419
f 6875 6634 6425
f 6636 6637 6419
f 6637 6638 6419
f 6639 6420 6419
f 6599 6422 6421
f 6635 6426 6425
f 6420 6639 6641
f 6423 6422 6599
f 6419 6426 6636
f 6599 6421 6420
f 6875 6424 6423
f 6425 6424 6875
f 6420 6641 6599
f 6646 6547 6546
f 6545 6875 6647
f 6599 6594 6645
f 6645 6592 6591
f 6645 6594 6593
f 6546 6647 6646
f 6548 6547 6646
f 6546 6545 6647
f 6593 6592 6645
f 6646 6549 6548
f 6645 6590 6550
f 6645 6591 6590
f 6646 6550 6549
f 6648 6647 6875
f 6875 6643 6648
f 6644 6643 6599
f 6599 6645 6644
f 6550 6646 6645
f 6643 6875 6599
f 6649 6543 6542
f 6569 6650 6649
f 6649 6571 6569
f 6601 6603 6651
f 6651 6650 6601
f 6653 6873 6874
f 6649 6654 6544
f 6541 6540 6649
f 6572 6571 6649
f 6603 6875 6652
f 6544 6543 6649
f 6649 6542 6541
f 6603 6652 6651
f 6873 6652 6875
f 6874 6654 6653
f 6540 6572 6649
f 6874 6544 6654
f 6569 6601 6650
f 6545 6874 6873
f 6545 6544 6874
f 6875 6545 6873
f 6653 6652 6873
f 6655 6608 6629
f 6875 6603 6659
f 6603 6605 6661
f 6605 6608 6661
f 6655 6629 6628
f 6630 6656 6655
f 6875 6657 6632
f 6657 6656 6631
f 6608 6655 6661
f 6655 6628 6630
f 6631 6632 6657
f 6875 6659 6658
f 6661 6660 6603
f 6632 6633 6875
f 6633 6634 6875
f 6603 6660 6659
f 6630 6631 6656
f 6658 6657 6875
f 6877 6874 6873
f 6873 6876 6877
f 6585 6642 6879
f 6879 6878 6585
f 6880 6642 6627
f 6789 6881 6882
f 6612 6797 6796
f 6613 6614 6797
f 6799 6616 6617
f 6878 6584 6585
f 6882 6792 6789
f 6883 6789 6583
f 6611 6796 6795
f 6797 6612 6613
f 6615 6804 6614
f 6616 6799 6804
f 6883 6881 6789
f 6627 6611 6795
f 6627 6795 6794
f 6627 6610 6611
f 6804 6615 6616
f 6880 6879 6642
f 6796 6611 6612
f 6882 6793 6792
f 6583 6584 6883
f 6586 6598 6642
f 6586 6588 6598
f 6878 6883 6584
f 6627 6794 6793
f 6588 6587 6598
f 6642 6585 6586
f 6554 6884 6885
f 6607 6606 6886
f 6884 6554 6556
f 6885 6606 6554
f 6556 6887 6884
f 6618 6619 6754
f 6625 6626 6759
f 6885 6886 6606
f 6887 6556 6557
f 6762 6888 6887
f 6619 6620 6755
f 6622 6623 6756
f 6623 6624 6757
f 6624 6625 6758
f 6759 6758 6625
f 6756 6621 6622
f 6758 6757 6624
f 6626 6607 6759
f 6887 6557 6762
f 6762 6761 6889
f 6621 6755 6620
f 6761 6760 6889
f 6757 6756 6623
f 6889 6888 6762
f 6754 6617 6618
f 6607 6760 6759
f 6553 6554 6606
f 6606 6602 6553
f 6602 6567 6553
f 6558 6827 6891
f 6564 6565 6813
f 6557 6891 6890
f 6891 6557 6558
f 6563 6564 6815
f 6560 6822 6826
f 6813 6815 6564
f 6566 6807 6806
f 6558 6826 6828
f 6560 6821 6822
f 6561 6824 6821
f 6817 6562 6563
f 6763 6762 6888
f 6890 6887 6557
f 6826 6558 6560
f 6821 6560 6561
f 6817 6561 6562
f 6815 6817 6563
f 6806 6811 6566
f 6831 6849 6770
f 6565 6566 6811
f 6800 6770 6849
f 6763 6892 6766
f 6817 6824 6561
f 6831 6851 6849
f 6800 6847 6772
f 6558 6828 6827
f 6811 6813 6565
f 6765 6768 6767
f 6566 6595 6807
f 6773 6772 6847
f 6831 6770 6768
f 6888 6892 6763
f 6768 6765 6831
f 6577 6578 6870
f 6578 6579 6870
f 6574 6867 6805
f 6579 6869 6870
f 6579 6859 6868
f 6575 6872 6867
f 6858 6859 6579
f 6805 6808 6574
f 6867 6574 6575
f 6576 6871 6872
f 6576 6577 6871
f 6583 6883 6893
f 6872 6575 6576
f 6868 6869 6579
f 6893 6582 6583
f 6870 6871 6577
f 6893 6856 6582
f 6788 6894 6881
f 6582 6856 6858
f 6881 6789 6788
f 6858 6580 6582
f 6858 6579 6580
f 6838 6781 6780
f 6837 6783 6803
f 6790 6894 6788
f 6808 6596 6574
f 6834 6784 6783
f 6784 6834 6786
f 6783 6837 6834
f 6781 6838 6803
f 6602 6568 6567
f 6627 6609 6610
f 6878 6879 6895
f 6895 6896 6878
f 6879 6897 6895
f 6897 6879 6880
f 6627 6639 6897
f 6897 6880 6627
f 6883 6878 6896
f 6883 6896 6898
f 6881 6883 6898
f 6898 6899 6881
f 6895 6897 6639
f 6896 6900 6899
f 6639 6716 6895
f 6899 6898 6896
f 6895 6716 6901
f 6896 6901 6900
f 6901 6896 6895
f 6716 6793 6902
f 6902 6901 6716
f 6900 6901 6882
f 6901 6903 6882
f 6882 6881 6900
f 6902 6903 6901
f 6716 6627 6793
f 6627 6716 6639
f 6899 6900 6881
f 6903 6902 6882
f 6902 6793 6882
f 6893 6883 6898
f 6898 6904 6893
f 6893 6904 6905
f 6905 6856 6893
f 6905 6854 6856
f 6787 6853 6856
f 6853 6787 6786
f 6787 6856 6854
f 6854 6719 6787
f 6854 6905 6719
f 6904 6898 6899
f 6905 6904 6906
f 6906 6719 6905
f 6899 6906 6904
f 6899 6881 6894
f 6894 6906 6899
f 6719 6906 6907
f 6907 6787 6719
f 6894 6907 6906
f 6790 6907 6894
f 6907 6790 6787
f 6890 6891 6908
f 6908 6909 6890
f 6829 6891 6827
f 6829 6908 6891
f 6827 6831 6765
f 6765 6705 6829
f 6829 6827 6765
f 6890 6909 6910
f 6910 6887 6890
f 6888 6887 6910
f 6910 6911 6888
f 6908 6829 6705
f 6911 6910 6909
f 6908 6705 6912
f 6909 6912 6911
f 6912 6909 6908
f 6705 6765 6913
f 6913 6912 6705
f 6911 6912 6892
f 6912 6913 6892
f 6892 6888 6911
f 6766 6913 6765
f 6913 6766 6892
f 6914 6886 6885
f 6885 6915 6914
f 6607 6886 6914
f 6914 6608 6607
f 6884 6916 6915
f 6915 6885 6884
f 6910 6916 6887
f 6916 6884 6887
f 6708 6914 6915
f 6708 6608 6914
f 6916 6910 6911
f 6911 6917 6916
f 6915 6916 6918
f 6918 6708 6915
f 6917 6918 6916
f 6917 6888 6889
f 6889 6918 6917
f 6708 6918 6919
f 6918 6920 6919
f 6919 6760 6708
f 6889 6920 6918
f 6608 6708 6607
f 6760 6607 6708
f 6888 6917 6911
f 6760 6919 6889
f 6920 6889 6919
f 6926 6927 6928
f 6926 6929 6930
f 6931 6932 6926
f 6925 6934 6921
f 6928 6929 6926
f 6926 6930 6931
f 6924 6931 6925
f 6925 6921 6924
f 6927 6923 6922
f 6935 6936 6937
f 6931 6935 6937
f 6922 6934 6927
f 6938 6939 6934
f 6933 6932 6931
f 6937 6925 6931
f 6933 6924 6923
f 6940 6938 6936
f 6933 6931 6924
f 6923 6941 6933
f 6934 6928 6927
f 6936 6935 6940
f 6940 6939 6938
f 6925 6938 6934
f 6927 6941 6923
f 6922 6921 6934
f 6941 6927 6922
f 6933 6941 6922
f 6922 6923 6933
f 6925 6937 6924
f 6923 6935 6933
f 6923 6924 6935
f 6935 6924 6937
f 6933 6935 6931
f 6942 6943 6935
f 6935 6931 6942
f 6944 6935 6943
f 6943 6945 6944
f 6931 6946 6947
f 6947 6942 6931
f 6948 6949 6950
f 6951 6950 6944
f 6944 6945 6951
f 6950 6951 6948
f 6952 6953 6949
f 6949 6948 6952
f 6954 6955 6956
f 6957 6956 6947
f 6947 6946 6957
f 6956 6957 6954
f 6958 6955 6954
f 6954 6959 6958
f 6945 6948 6951
f 6945 6958 6952
f 6955 6947 6956
f 6952 6948 6945
f 6947 6955 6958
f 6960 6952 6958
f 6958 6961 6960
f 6943 6942 6947
f 6958 6943 6947
f 6945 6943 6958
f 6946 6953 6959
f 6959 6954 6946
f 6944 6949 6953
f 6957 6946 6954
f 6962 6959 6953
f 6950 6949 6944
f 6953 6963 6962
f 6931 6935 6944
f 6953 6931 6944
f 6946 6931 6953
f 6960 6961 6964
f 6960 6961 6962
f 6962 6963 6960
f 6961 6965 6601
f 6959 6962 6961
f 6961 6958 6959
f 6599 6966 6960
f 6952 6960 6963
f 6963 6953 6952
f 6425 6643 6644
f 6644 6424 6425
f 6654 6646 6647
f 6645 6960 6423
f 6971 6425 6426
f 6647 6648 6654
f 6646 6654 6960
f 6645 6646 6960
f 6960 6421 6423
f 6425 6971 6643
f 6423 6424 6644
f 6649 6658 6659
f 6960 6654 6649
f 6971 6972 6648
f 6648 6653 6654
f 6423 6644 6645
f 6419 6968 6971
f 6649 6961 6960
f 6648 6643 6971
f 6966 6967 6420
f 6969 6965 6661
f 6972 6973 6648
f 6973 6653 6648
f 6653 6974 6975
f 6426 6419 6971
f 6419 6967 6968
f 6969 6661 6655
f 6965 6660 6661
f 6961 6658 6660
f 6653 6973 6974
f 6653 6975 6976
f 6419 6420 6967
f 6655 6970 6969
f 6659 6961 6649
f 6649 6657 6658
f 6421 6960 6966
f 6660 6965 6961
f 6659 6658 6961
f 6420 6421 6966
f 6976 6977 6653
f 6652 6977 6656
f 6652 6656 6657
f 6657 6649 6652
f 6655 6977 6970
f 6977 6652 6653
f 6655 6656 6977
f 6601 6979 6652
f 6964 6961 6649
f 6601 6652 6649
f 6979 6653 6652
f 6979 6964 6654
f 6649 6961 6601
f 6654 6653 6979
f 6964 6649 6654
f 6874 6647 6646
f 6646 6960 6874
f 6974 6599 6643
f 6647 6874 6873
f 6645 6599 6960
f 6873 6648 6647
f 6873 6643 6648
f 6979 6599 6974
f 6874 6978 6974
f 6979 6974 6874
f 6643 6873 6974
f 6974 6873 6874
f 6874 6960 6964
f 6601 6658 6659
f 6660 6601 6965
f 6976 6979 6657
f 6660 6658 6601
f 6976 6975 6979
f 6977 6976 6657
f 6657 6656 6977
f 6659 6658 6979
f 6658 6657 6979
f 6424 6979 6974
f 6979 6975 6974
f 6425 6973 6972
f 6425 6974 6973
f 6425 6972 6971
f 6979 6424 6423
f 6423 6421 6599
f 6425 6424 6974
f 6421 6966 6599
f 6423 6599 6979
f 6659 6979 6601
f 6874 6964 6979
f 6982 6983 6981
f 6983 6980 6981
f 6981 6984 6985
f 6985 6982 6981
f 6980 6983 6986
f 6982 6987 6986
f 6986 6983 6982
f 6982 6988 6987
f 6982 6985 6988
f 6988 6985 6984
f 6984 6989 6988
f 6989 6984 6981
f 6991 6981 6980
f 6991 6990 6981
f 6990 6989 6981
f 6986 6991 6980
f 6989 6990 7002
f 6990 6991 6996
f 6991 6986 6997
f 6986 6987 7003
f 6987 6988 7001
f 6988 6989 6992
f 6992 7002 6994
f 6994 7002 6995
f 6997 7003 6998
f 6992 6994 6993
f 6999 7001 7000
f 7001 6999 7003
f 6999 6998 7003
f 6996 6995 7002
f 6992 7001 6988
f 7001 7003 6987
f 7003 6997 6986
f 6997 6996 6991
f 6996 7002 6990
f 7002 6992 6989
f 7005 7006 6997
f 7008 6992 6993
f 7009 7010 6994
f 7010 7004 6993
f 7011 6996 6997
f 7008 7012 6992
f 6998 7013 7005
f 6993 7004 7008
f 7012 7001 6992
f 7012 7015 7000
f 7015 6999 7000
f 7013 6998 6999
f 6997 6998 7005
f 7014 7012 7008
f 6993 6994 7010
f 7000 7001 7012
f 7009 6995 7018
f 7011 7019 7020
f 7021 7013 6999
f 6997 7006 7011
f 6995 7023 7018
f 7020 6995 7011
f 7016 7024 7008
f 7022 7014 7008
f 7020 7023 6995
f 6995 6996 7011
f 7024 7022 7008
f 7025 6999 7015
f 6994 6995 7009
f 7025 7021 6999
f 7017 7016 7008
f 7004 7017 7008
f 7005 7007 7006
f 7007 7005 7028
f 7028 7027 7007
f 7010 7029 7004
f 7026 7030 7017
f 7017 7004 7026
f 7014 7031 7012
f 7032 7012 7031
f 7031 7033 7032
f 7024 7034 7035
f 7024 7016 7034
f 7022 7024 7035
f 7014 7022 7036
f 7016 7017 7030
f 7030 7034 7016
f 7014 7033 7031
f 7014 7037 7033
f 7036 7037 7014
f 7035 7036 7022
f 7032 7015 7012
f 7027 7028 7041
f 7006 7019 7011
f 7013 7043 7005
f 7044 7013 7021
f 7021 7045 7044
f 7010 7009 7046
f 7029 7010 7046
f 7047 7026 7004
f 7048 7046 7009
f 7004 7029 7047
f 7046 7047 7029
f 7006 7051 7052
f 7006 7052 7053
f 7053 7019 7006
f 7051 7006 7007
f 7007 7027 7051
f 7051 7027 7052
f 7054 7019 7053
f 7055 7035 7034
f 7056 7037 7036
f 7057 7027 7041
f 7037 7056 7033
f 7047 7030 7026
f 7032 7033 7042
f 7048 7046 7058
f 7052 7027 7060
f 7039 7059 7040
f 7009 7063 7064
f 7062 7063 7009
f 7064 7065 7009
f 7009 7065 7048
f 7009 7050 7062
f 7050 7049 7062
f 7061 7062 7049
f 7020 7066 7067
f 7071 7023 7068
f 7023 7067 7068
f 7069 7049 7050
f 7050 7071 7069
f 7071 7050 7009
f 7020 7019 7054
f 7070 7020 7054
f 7070 7066 7020
f 7009 7018 7071
f 7068 7069 7071
f 7067 7023 7020
f 7071 7018 7023
f 7054 7053 7073
f 7073 7072 7054
f 7054 7072 7074
f 7074 7075 7054
f 7075 7070 7054
f 7070 7075 7076
f 7072 7073 7053
f 7074 7072 7078
f 7078 7072 7053
f 7078 7053 7074
f 7077 7074 7053
f 7079 7065 7063
f 7061 7063 7062
f 7058 7048 7079
f 7048 7065 7079
f 7064 7063 7065
f 7082 7080 7081
f 7080 7076 7081
f 7076 7084 7083
f 7076 7080 7084
f 7081 7085 7080
f 7080 7086 7094
f 7094 7086 7087
f 7088 7089 7095
f 7091 7097 7096
f 7097 7092 7093
f 7092 7097 7091
f 7101 7099 7100
f 7099 7098 7100
f 7099 7101 7093
f 7108 7102 7107
f 7105 7103 7108
f 7100 7102 7106
f 7108 7103 7102
f 7105 7104 7103
f 7120 7113 7114
f 7116 7117 7121
f 7119 7111 7112
f 7127 7128 7124
f 7127 7126 7128
f 7042 7038 7025
f 7043 7013 7041
f 7013 7040 7041
f 7038 7039 7021
f 7021 7025 7038
f 7015 7032 7042
f 7041 7005 7043
f 7129 7039 7040
f 7130 7129 7040
f 7130 7040 7013
f 7129 7021 7039
f 7041 7028 7005
f 7025 7015 7042
f 7132 7131 7129
f 7129 7130 7132
f 7106 7102 7134
f 7102 7103 7134
f 7134 7103 7104
f 7104 7105 7134
f 7134 7133 7106
f 7100 7106 7133
f 7154 7140 7141
f 7143 7144 7142
f 7151 7152 7153
f 7140 7154 7139
f 7105 7156 7134
f 7156 7157 7134
f 7163 7153 7152
f 7163 7161 7153
f 7161 7159 7162
f 7163 7152 7159
f 7159 7161 7163
f 7153 7161 7164
f 7161 7162 7164
f 7165 7162 7159
f 7162 7165 7164
f 7159 7160 7165
f 7160 7166 7165
f 7166 7160 7158
f 7174 7173 7171
f 7171 7173 7167
f 7171 7168 7169
f 7169 7157 7171
f 7170 7133 7134
f 7172 7174 7171
f 7174 7172 7164
f 7173 7174 7164
f 7167 7173 7165
f 7165 7166 7167
f 7164 7165 7173
f 7134 7157 7170
f 7169 7170 7157
f 7167 7168 7171
f 7180 7178 7179
f 7179 7150 7151
f 7151 7180 7179
f 7150 7179 7178
f 7178 7177 7150
f 7153 7164 7180
f 7180 7151 7153
f 7181 7149 7177
f 7177 7178 7181
f 7182 7183 7178
f 7181 7178 7183
f 7175 7156 7105
f 7155 7136 7176
f 7176 7175 7155
f 7105 7155 7175
f 7184 7176 7136
f 7175 7184 7185
f 7184 7175 7176
f 7136 7186 7184
f 7188 7184 7190
f 7191 7189 7188
f 7191 7192 7189
f 7194 7193 7195
f 7194 7187 7144
f 7144 7196 7194
f 7142 7144 7187
f 7105 7135 7155
f 7136 7137 7186
f 7136 7155 7135
f 7138 7186 7137
f 7177 7149 7150
f 7197 7145 7196
f 7196 7145 7146
f 7146 7198 7196
f 7198 7146 7147
f 7147 7199 7198
f 7147 7183 7199
f 7183 7147 7148
f 7183 7148 7200
f 7183 7200 7149
f 7149 7181 7183
f 7144 7196 7201
f 7144 7197 7196
f 7185 7184 7202
f 7178 7203 7204
f 7204 7182 7178
f 7156 7205 7207
f 7188 7208 7202
f 7206 7180 7164
f 7205 7156 7175
f 7175 7185 7205
f 7202 7184 7188
f 7178 7180 7203
f 7207 7209 7164
f 7183 7196 7198
f 7202 7205 7185
f 7188 7189 7208
f 7156 7207 7157
f 7196 7182 7204
f 7209 7206 7164
f 7189 7194 7210
f 7194 7211 7210
f 7194 7204 7211
f 7207 7171 7157
f 7172 7207 7164
f 7206 7203 7180
f 7194 7189 7193
f 7172 7171 7207
f 7196 7183 7182
f 7183 7198 7199
f 7210 7208 7189
f 7204 7194 7196
f 7197 7145 7146
f 7200 7148 7149
f 7147 7200 7148
f 7145 7197 7144
f 7212 7213 7207
f 7213 7214 7204
f 7214 7215 7211
f 7215 7216 7219
f 7216 7217 7205
f 7217 7212 7207
f 7207 7218 7209
f 7211 7219 7208
f 7206 7204 7203
f 7208 7205 7202
f 7208 7210 7211
f 7205 7208 7219
f 7204 7206 7218
f 7206 7209 7218
f 7207 7205 7217
f 7205 7219 7216
f 7219 7211 7215
f 7211 7204 7214
f 7204 7218 7213
f 7218 7207 7213
f 7220 7221 7215
f 7221 7222 7215
f 7222 7217 7216
f 7222 7223 7217
f 7217 7223 7224
f 7224 7212 7217
f 7212 7224 7225
f 7225 7214 7213
f 7214 7225 7220
f 7213 7212 7225
f 7216 7215 7222
f 7215 7214 7220
f 7225 7224 7223
f 7223 7222 7225
f 7222 7221 7225
f 7221 7220 7225
f 7237 7228 7229
f 7238 7232 7233
f 7233 7234 7235
f 7236 7226 7227
f 7232 7238 7231
f 7228 7237 7227
f 7246 7244 7243
f 7240 7242 7245
f 7190 7138 7139
f 7139 7188 7190
f 7142 7194 7195
f 7195 7141 7142
f 7190 7184 7138
f 7184 7186 7138
f 7187 7194 7142
f 7141 7193 7189
f 7154 7189 7247
f 7248 7188 7139
f 7247 7248 7139
f 7139 7154 7247
f 7189 7154 7141
f 7141 7195 7193
f 7250 7248 7247
f 7247 7249 7250
f 7245 7242 7252
f 7242 7243 7253
f 7253 7252 7242
f 7243 7244 7253
f 7252 7251 7245
f 7240 7245 7251
f 7255 7254 7256
f 7264 7262 7263
f 7246 7254 7255
f 7276 7271 7274
f 7276 7272 7271
f 7271 7272 7277
f 7277 7272 7276
f 7277 7276 7274
f 7274 7275 7277
f 7275 7278 7277
f 7278 7275 7273
f 7282 7281 7279
f 7281 7279 7280
f 7280 7279 7283
f 7279 7273 7283
f 7292 7284 7285
f 7293 7287 7288
f 7296 7295 7294
f 7295 7296 7297
f 7298 7295 7291
f 7298 7294 7295
f 7298 7296 7294
f 7300 7303 7301
f 7296 7299 7302
f 7277 7305 7271
f 7305 7306 7271
f 7305 7312 7313
f 7311 7313 7314
f 7313 7312 7307
f 7313 7308 7309
f 7309 7314 7313
f 7309 7251 7252
f 7314 7252 7253
f 7315 7314 7253
f 7253 7310 7315
f 7312 7305 7277
f 7307 7312 7277
f 7277 7278 7307
f 7315 7310 7311
f 7252 7314 7309
f 7307 7308 7313
f 7314 7315 7311
f 7313 7311 7305
f 7112 7113 7321
f 7323 7321 7113
f 7113 7120 7323
f 7120 7114 7324
f 7325 7324 7114
f 7114 7115 7325
f 7325 7115 7116
f 7121 7326 7327
f 7327 7116 7121
f 7326 7121 7117
f 7118 7328 7329
f 7329 7117 7118
f 7049 7109 7061
f 7330 7118 7109
f 7109 7049 7330
f 7330 7328 7118
f 7331 7069 7068
f 7066 7070 7067
f 7094 7332 7333
f 7333 7070 7080
f 7070 7083 7084
f 7076 7083 7070
f 7084 7080 7070
f 7087 7334 7335
f 7335 7094 7087
f 7334 7087 7088
f 7088 7336 7334
f 7088 7095 7336
f 7089 7090 7337
f 7336 7095 7089
f 7338 7337 7090
f 7090 7091 7339
f 7340 7339 7091
f 7091 7096 7340
f 7342 7343 7097
f 7343 7096 7097
f 7093 7341 7342
f 7097 7093 7342
f 7343 7340 7096
f 7170 7169 7133
f 7133 7101 7100
f 7133 7341 7093
f 7093 7101 7133
f 7168 7167 7344
f 7226 7345 7166
f 7158 7226 7166
f 7236 7227 7346
f 7347 7346 7227
f 7227 7237 7347
f 7348 7347 7237
f 7237 7229 7348
f 7229 7230 7349
f 7231 7350 7349
f 7349 7230 7231
f 7350 7231 7238
f 7238 7351 7350
f 7351 7238 7233
f 7235 7352 7353
f 7353 7233 7235
f 7251 7234 7240
f 7251 7352 7235
f 7235 7234 7251
f 7354 7308 7307
f 7308 7354 7309
f 7278 7279 7282
f 7273 7279 7278
f 7356 7281 7284
f 7284 7357 7356
f 7281 7356 7355
f 7355 7282 7281
f 7357 7292 7285
f 7286 7358 7359
f 7359 7285 7286
f 7287 7360 7361
f 7361 7286 7287
f 7287 7293 7360
f 7362 7360 7288
f 7360 7293 7288
f 7288 7289 7362
f 7289 7290 7363
f 7364 7363 7290
f 7365 7297 7296
f 7295 7297 7365
f 7290 7291 7366
f 7366 7364 7290
f 7291 7365 7366
f 7291 7295 7365
f 7367 7365 7368
f 7372 7371 7119
f 7112 7322 7372
f 7371 7111 7119
f 7122 7111 7371
f 7119 7112 7372
f 7368 7369 7367
f 7363 7362 7289
f 7286 7361 7358
f 7285 7359 7357
f 7284 7292 7357
f 7282 7355 7278
f 7233 7353 7351
f 7349 7348 7229
f 7346 7345 7236
f 7226 7236 7345
f 7339 7338 7090
f 7337 7336 7089
f 7094 7335 7332
f 7333 7080 7094
f 7069 7331 7049
f 7117 7329 7326
f 7116 7327 7325
f 7324 7323 7120
f 7321 7322 7112
f 7363 7375 7362
f 7357 7376 7356
f 7370 7374 7367
f 7309 7377 7251
f 7324 7373 7321
f 7343 7340 7339
f 7335 7378 7333
f 7327 7379 7325
f 7323 7324 7321
f 7321 7372 7322
f 7370 7367 7369
f 7364 7366 7363
f 7361 7359 7358
f 7355 7356 7278
f 7278 7354 7307
f 7251 7353 7352
f 7345 7346 7166
f 7166 7344 7167
f 7169 7168 7133
f 7133 7342 7341
f 7338 7339 7337
f 7335 7333 7332
f 7068 7067 7331
f 7328 7330 7329
f 7329 7327 7326
f 7379 7327 7329
f 7378 7335 7334
f 7340 7343 7342
f 7373 7324 7325
f 7377 7309 7354
f 7374 7370 7371
f 7376 7357 7359
f 7375 7363 7366
f 7320 7304 7271
f 7271 7306 7320
f 7320 7269 7304
f 7320 7380 7269
f 7269 7320 7381
f 7381 7382 7383
f 7383 7269 7381
f 7318 7319 7255
f 7244 7255 7319
f 7319 7253 7244
f 7317 7318 7256
f 7255 7256 7318
f 7317 7256 7316
f 7317 7316 7257
f 7257 7384 7317
f 7385 7264 7265
f 7267 7383 7268
f 7388 7387 7386
f 7386 7389 7388
f 7390 7391 7393
f 7390 7393 7392
f 7393 7394 7262
f 7262 7385 7393
f 7269 7383 7268
f 7255 7244 7246
f 7256 7257 7316
f 7385 7262 7264
f 7304 7269 7270
f 7304 7270 7271
f 7396 7258 7395
f 7397 7258 7259
f 7397 7395 7258
f 7398 7397 7259
f 7394 7398 7260
f 7394 7261 7399
f 7395 7384 7257
f 7257 7396 7395
f 7394 7262 7400
f 7262 7394 7399
f 7260 7261 7394
f 7259 7260 7398
f 7305 7401 7320
f 7401 7381 7320
f 7317 7319 7318
f 7306 7305 7320
f 7401 7382 7381
f 7393 7382 7403
f 7317 7253 7319
f 7382 7401 7404
f 7405 7401 7305
f 7311 7310 7406
f 7317 7402 7253
f 7382 7393 7391
f 7310 7407 7406
f 7394 7408 7402
f 7393 7409 7408
f 7404 7403 7382
f 7311 7406 7405
f 7310 7253 7407
f 7402 7317 7394
f 7408 7394 7393
f 7403 7409 7393
f 7382 7390 7386
f 7382 7386 7387
f 7395 7397 7384
f 7382 7391 7390
f 7405 7305 7311
f 7402 7410 7253
f 7397 7398 7384
f 7410 7407 7253
f 7398 7394 7384
f 7317 7384 7394
f 7396 7258 7259
f 7399 7261 7262
f 7260 7399 7261
f 7258 7396 7257
f 7411 7412 7401
f 7412 7413 7401
f 7413 7414 7408
f 7414 7415 7408
f 7415 7416 7418
f 7416 7411 7405
f 7402 7418 7407
f 7407 7418 7406
f 7401 7417 7403
f 7403 7408 7409
f 7408 7403 7417
f 7403 7404 7401
f 7405 7406 7418
f 7407 7410 7402
f 7405 7418 7416
f 7418 7402 7415
f 7402 7408 7415
f 7408 7417 7413
f 7417 7401 7413
f 7401 7405 7411
f 7419 7420 7415
f 7420 7411 7416
f 7420 7421 7411
f 7412 7421 7422
f 7412 7422 7423
f 7423 7414 7413
f 7414 7423 7424
f 7424 7419 7415
f 7415 7414 7424
f 7413 7412 7423
f 7412 7411 7421
f 7416 7415 7420
f 7423 7422 7421
f 7421 7420 7423
f 7420 7424 7423
f 7419 7424 7420
f 7264 7265 7392
f 7390 7392 7265
f 7382 7387 7267
f 7267 7268 7382
f 7265 7266 7386
f 7386 7390 7265
f 7385 7264 7393
f 7382 7268 7383
f 7425 7266 7267
f 7267 7426 7425
f 7426 7267 7387
f 7425 7386 7266
f 7392 7393 7264
f 7428 7427 7425
f 7425 7426 7428
f 7302 7299 7429
f 7299 7300 7429
f 7300 7301 7429
f 7301 7303 7429
f 7429 7365 7302
f 7296 7302 7365
f 7303 7430 7429
f 7128 7431 7449
f 7447 7445 7446
f 7438 7439 7448
f 7449 7432 7431
f 7126 7127 7451
f 7127 7124 7451
f 7452 7451 7124
f 7124 7125 7452
f 7125 7371 7452
f 7371 7125 7122
f 7454 7457 7453
f 7455 7456 7454
f 7456 7370 7369
f 7369 7457 7456
f 7457 7369 7368
f 7429 7458 7365
f 7458 7368 7365
f 7456 7455 7451
f 7451 7452 7456
f 7370 7456 7452
f 7452 7371 7370
f 7429 7453 7458
f 7368 7458 7457
f 7457 7454 7456
f 7458 7453 7457
f 7459 7460 7430
f 7460 7453 7429
f 7429 7430 7460
f 7463 7432 7431
f 7431 7464 7463
f 7431 7451 7464
f 7432 7463 7462
f 7451 7431 7126
f 7461 7432 7462
f 7461 7462 7465
f 7465 7433 7461
f 7459 7430 7303
f 7450 7445 7459
f 7446 7450 7459
f 7303 7446 7459
f 7466 7459 7445
f 7459 7445 7468
f 7468 7467 7459
f 7469 7448 7437
f 7437 7470 7469
f 7470 7437 7436
f 7436 7471 7470
f 7436 7472 7471
f 7472 7436 7434
f 7448 7469 7473
f 7473 7439 7448
f 7472 7434 7433
f 7433 7465 7472
f 7475 7473 7469
f 7474 7439 7473
f 7473 7475 7474
f 7475 7476 7474
f 7434 7436 7435
f 7437 7448 7438
f 7440 7439 7474
f 7126 7431 7128
f 7446 7445 7450
f 7461 7433 7432
f 7441 7474 7440
f 7468 7445 7444
f 7467 7477 7478
f 7463 7479 7462
f 7459 7453 7460
f 7459 7478 7453
f 7481 7482 7453
f 7467 7476 7477
f 7455 7454 7483
f 7462 7475 7469
f 7476 7480 7485
f 7464 7487 7479
f 7482 7454 7453
f 7484 7476 7467
f 7480 7476 7475
f 7486 7475 7462
f 7479 7463 7464
f 7487 7464 7451
f 7455 7487 7451
f 7489 7490 7467
f 7462 7469 7470
f 7485 7477 7476
f 7479 7486 7462
f 7482 7483 7454
f 7453 7478 7481
f 7488 7489 7467
f 7462 7471 7472
f 7486 7480 7475
f 7483 7487 7455
f 7462 7470 7471
f 7490 7484 7467
f 7472 7465 7462
f 7478 7459 7467
f 7491 7492 7489
f 7489 7488 7491
f 7476 7484 7490
f 7493 7494 7480
f 7494 7495 7499
f 7495 7496 7481
f 7496 7497 7481
f 7497 7498 7500
f 7498 7493 7486
f 7482 7500 7487
f 7482 7487 7483
f 7480 7499 7477
f 7477 7481 7478
f 7487 7486 7479
f 7480 7477 7485
f 7486 7487 7500
f 7481 7477 7499
f 7486 7500 7498
f 7500 7482 7497
f 7482 7481 7497
f 7481 7499 7495
f 7499 7480 7494
f 7480 7486 7493
f 7502 7498 7497
f 7497 7501 7502
f 7502 7493 7498
f 7502 7503 7493
f 7494 7503 7504
f 7496 7504 7505
f 7505 7501 7497
f 7497 7496 7505
f 7496 7495 7504
f 7495 7494 7504
f 7494 7493 7503
f 7503 7502 7504
f 7505 7504 7502
f 7501 7505 7502
f 7444 7488 7467
f 7444 7443 7488
f 7440 7476 7490
f 7490 7441 7440
f 7468 7444 7467
f 7476 7440 7474
f 7441 7490 7489
f 7442 7489 7506
f 7507 7488 7443
f 7443 7506 7507
f 7443 7442 7506
f 7489 7442 7441
f 7509 7507 7506
f 7506 7508 7509
f 7280 7511 7281
f 7281 7511 7512
f 7510 7281 7512
f 7512 7513 7510
f 7515 7517 7380
f 7517 7519 7523
f 7519 7518 7527
f 7523 7527 7522
f 7525 7380 7524
f 7517 7515 7516
f 7520 7387 7518
f 7527 7387 7521
f 7521 7522 7527
f 7528 7526 7512
f 7512 7511 7528
f 7515 7528 7511
f 7511 7280 7515
f 7387 7527 7518
f 7523 7524 7380
f 7525 7526 7528
f 7527 7523 7519
f 7523 7380 7517
f 7380 7525 7515
f 7525 7528 7515
f 7526 7513 7512
f 7529 7523 7522
f 7529 7524 7523
f 7529 7525 7524
f 7525 7529 7526
f 7529 7513 7526
f 7529 7530 7513
f 7514 7510 7513
f 7513 7530 7514
f 7522 7530 7529
f 7521 7531 7522
f 7514 7530 7522
f 7522 7531 7514
f 7520 7521 7387
f 7521 7520 7531
f 7387 7532 7531
f 7426 7387 7531
f 7531 7428 7426
f 7387 7388 7532
f 7534 7531 7532
f 7532 7533 7534
f 7535 7536 7537
f 7538 7537 7534
f 7534 7533 7538
f 7537 7538 7535
f 7536 7535 7540
f 7540 7539 7536
f 7507 7509 7539
f 7539 7540 7488
f 7539 7488 7507
f 7540 7491 7488
f 7542 7543 7544
f 7542 7539 7543
f 7544 7545 7542
f 7543 7488 7544
f 7539 7541 7543
f 7488 7543 7541
f 7542 7545 7547
f 7547 7546 7542
f 7548 7545 7544
f 7547 7548 7549
f 7549 7550 7547
f 7548 7551 7549
f 7544 7552 7548
f 7552 7551 7548
f 7550 7553 7547
f 7545 7548 7547
f 7554 7555 7552
f 7555 7556 7466
f 7556 7558 7549
f 7552 7466 7549
f 7549 7560 7550
f 7552 7549 7551
f 7544 7488 7561
f 7554 7488 7541
f 7554 7561 7488
f 7557 7558 7556
f 7560 7558 7430
f 7559 7430 7558
f 7560 7430 7553
f 7553 7550 7560
f 7552 7544 7561
f 7560 7549 7558
f 7549 7466 7556
f 7466 7552 7555
f 7552 7561 7554
f 7546 7547 7553
f 7553 7291 7546
f 7291 7553 7559
f 7559 7553 7430
f 7559 7298 7291
f 7158 7239 7226
f 7562 7227 7239
f 7228 7563 7229
f 7564 7239 7158
f 7566 7563 7228
f 7228 7565 7566
f 7567 7568 7227
f 7228 7227 7568
f 7568 7565 7228
f 7562 7239 7569
f 7569 7567 7562
f 7227 7562 7567
f 7239 7571 7179
f 7571 7572 7576
f 7578 7179 7577
f 7571 7239 7570
f 7573 7181 7572
f 7576 7181 7575
f 7575 7574 7576
f 7181 7576 7572
f 7576 7577 7179
f 7179 7578 7569
f 7576 7179 7571
f 7179 7569 7239
f 7565 7568 7579
f 7569 7579 7568
f 7569 7568 7567
f 7229 7566 7580
f 7566 7229 7563
f 7582 7565 7579
f 7579 7578 7582
f 7582 7566 7565
f 7582 7577 7576
f 7579 7569 7578
f 7578 7577 7582
f 7576 7574 7582
f 7229 7580 7583
f 7583 7581 7229
f 7582 7580 7566
f 7582 7583 7580
f 7584 7581 7582
f 7583 7582 7581
f 7584 7574 7575
f 7584 7582 7574
f 7575 7585 7584
f 7585 7575 7181
f 7181 7573 7585
f 7588 7589 7587
f 7586 7587 7589
f 7588 7587 7590
f 7590 7591 7588
f 7595 7596 7594
f 7600 7593 7599
f 7599 7601 7600
f 7386 7599 7389
f 7425 7427 7601
f 7601 7386 7425
f 7386 7601 7599
f 7601 7602 7600
f 7607 7609 7608
f 7610 7609 7607
f 7611 7612 7610
f 7610 7607 7611
f 7610 7612 7189
f 7192 7610 7189
f 7247 7189 7612
f 7612 7249 7247
f 7616 7592 7615
f 7614 7592 7616
f 7616 7617 7614
f 7241 7233 7618
f 7231 7614 7617
f 7617 7619 7231
f 7234 7241 7240
f 7617 7620 7621
f 7621 7622 7617
f 7620 7623 7621
f 7617 7624 7620
f 7617 7616 7625
f 7625 7624 7617
f 7622 7619 7617
f 7615 7384 7625
f 7592 7613 7384
f 7384 7615 7592
f 7625 7616 7615
f 7595 7594 7264
f 7596 7595 7262
f 7263 7262 7595
f 7597 7596 7262
f 7598 7597 7261
f 7240 7626 7254
f 7240 7254 7242
f 7254 7243 7242
f 7254 7246 7243
f 7241 7255 7254
f 7626 7241 7254
f 7256 7241 7627
f 7628 7257 7256
f 7256 7627 7628
f 7613 7592 7257
f 7613 7257 7628
f 7258 7592 7589
f 7259 7589 7588
f 7589 7259 7258
f 7598 7260 7588
f 7588 7260 7259
f 7594 7593 7600
f 7600 7264 7594
f 7427 7266 7265
f 7427 7600 7602
f 7602 7601 7427
f 7427 7265 7600
f 7428 7531 7267
f 7267 7266 7427
f 7427 7428 7267
f 7518 7267 7520
f 7531 7520 7267
f 7268 7518 7519
f 7269 7519 7517
f 7269 7517 7516
f 7269 7516 7515
f 7271 7280 7283
f 7270 7515 7280
f 7283 7275 7274
f 7274 7271 7283
f 7273 7275 7283
f 7271 7270 7280
f 7515 7270 7269
f 7519 7269 7268
f 7518 7268 7267
f 7265 7264 7600
f 7588 7591 7598
f 7258 7257 7592
f 7256 7255 7241
f 7261 7260 7598
f 7262 7261 7597
f 7264 7263 7595
f 7240 7241 7626
f 7618 7629 7623
f 7623 7241 7618
f 7621 7233 7232
f 7629 7618 7233
f 7233 7621 7629
f 7619 7622 7232
f 7232 7231 7619
f 7232 7622 7621
f 7628 7627 7318
f 7627 7241 7623
f 7318 7623 7620
f 7625 7318 7620
f 7625 7620 7624
f 7628 7384 7613
f 7628 7625 7384
f 7623 7318 7627
f 7318 7625 7628
f 7629 7621 7623
f 7085 7630 7080
f 7086 7080 7630
f 7630 7631 7086
f 7019 7630 7085
f 7633 7634 7643
f 7634 7635 7007
f 7635 7637 7641
f 7637 7636 7043
f 7641 7043 7640
f 7638 7639 7636
f 7043 7639 7640
f 7645 7644 7630
f 7630 7019 7645
f 7633 7645 7019
f 7019 7085 7633
f 7639 7043 7636
f 7641 7642 7643
f 7643 7644 7645
f 7641 7643 7007
f 7043 7641 7637
f 7641 7007 7635
f 7007 7643 7634
f 7643 7645 7633
f 7631 7644 7643
f 7646 7641 7640
f 7631 7630 7644
f 7646 7642 7641
f 7643 7646 7631
f 7643 7642 7646
f 7632 7086 7631
f 7631 7646 7632
f 7632 7646 7640
f 7640 7639 7632
f 7639 7638 7632
f 7013 7647 7638
f 7130 7013 7638
f 7638 7132 7130
f 7013 7044 7647
f 7649 7638 7647
f 7647 7648 7649
f 7650 7651 7652
f 7653 7652 7649
f 7649 7648 7653
f 7652 7653 7650
f 7651 7650 7655
f 7655 7654 7651
f 7248 7250 7654
f 7654 7655 7188
f 7654 7188 7248
f 7655 7191 7188
f 7657 7658 7654
f 7656 7654 7658
f 7658 7659 7656
f 7656 7659 7660
f 7660 7092 7656
f 7661 7660 7659
f 7661 7659 7662
f 7659 7663 7664
f 7664 7662 7659
f 7658 7663 7659
f 7145 7604 7603
f 7604 7145 7144
f 7144 7605 7604
f 7144 7606 7605
f 7606 7143 7142
f 7142 7608 7606
f 7098 7105 7102
f 7105 7107 7102
f 7102 7100 7098
f 7108 7107 7105
f 7666 7135 7099
f 7099 7135 7105
f 7098 7099 7105
f 7666 7667 7135
f 7136 7135 7667
f 7667 7668 7136
f 7668 7669 7137
f 7138 7137 7669
f 7669 7670 7138
f 7139 7138 7670
f 7139 7670 7654
f 7249 7140 7139
f 7139 7250 7249
f 7250 7139 7654
f 7249 7612 7611
f 7611 7141 7249
f 7141 7140 7249
f 7608 7142 7611
f 7611 7142 7141
f 7603 7590 7587
f 7587 7146 7603
f 7148 7147 7586
f 7587 7586 7147
f 7149 7148 7586
f 7586 7585 7149
f 7573 7572 7149
f 7585 7573 7149
f 7572 7571 7150
f 7571 7570 7150
f 7570 7151 7150
f 7151 7239 7564
f 7151 7570 7239
f 7151 7159 7163
f 7158 7160 7159
f 7159 7151 7158
f 7151 7564 7158
f 7163 7152 7151
f 7150 7149 7572
f 7147 7146 7587
f 7611 7607 7608
f 7137 7136 7668
f 7606 7144 7143
f 7603 7146 7145
f 7092 7660 7665
f 7665 7093 7092
f 7093 7671 7099
f 7093 7665 7671
f 7670 7669 7663
f 7669 7668 7176
f 7668 7667 7662
f 7667 7666 7672
f 7662 7672 7661
f 7658 7657 7190
f 7670 7657 7654
f 7670 7190 7657
f 7672 7666 7671
f 7099 7671 7666
f 7672 7671 7665
f 7665 7661 7672
f 7662 7664 7663
f 7662 7663 7176
f 7663 7658 7190
f 7672 7662 7667
f 7662 7176 7668
f 7176 7663 7669
f 7663 7190 7670
f 7665 7660 7661
f 7110 7118 7674
f 7061 7109 7110
f 7674 7675 7676
f 7676 7110 7674
f 7677 7118 7673
f 7675 7674 7118
f 7118 7677 7675
f 7678 7679 7673
f 7673 7116 7678
f 7673 7679 7677
f 7676 7110 7109
f 7684 7685 7029
f 7685 7110 7676
f 7682 7029 7681
f 7684 7017 7683
f 7684 7682 7017
f 7686 7110 7685
f 7676 7681 7029
f 7676 7029 7685
f 7029 7682 7684
f 7675 7677 7676
f 7679 7678 7687
f 7688 7681 7677
f 7677 7679 7688
f 7681 7676 7677
f 7682 7681 7688
f 7679 7687 7688
f 7689 7687 7678
f 7687 7689 7688
f 7116 7680 7689
f 7689 7678 7116
f 7690 7682 7688
f 7688 7689 7690
f 7680 7691 7690
f 7680 7692 7691
f 7690 7689 7680
f 7017 7691 7692
f 7682 7690 7691
f 7691 7017 7682
f 7692 7683 7017
f 7694 7693 7695
f 7695 7696 7694
f 7694 7696 7697
f 7697 7698 7694
f 7702 7703 7705
f 7707 7708 7706
f 7706 7704 7707
f 7706 7708 7489
f 7492 7706 7489
f 7506 7489 7708
f 7708 7508 7506
f 7708 7707 7709
f 7716 7710 7711
f 7710 7716 7717
f 7712 7711 7042
f 7713 7712 7033
f 7042 7033 7712
f 7714 7713 7033
f 7037 7056 7714
f 7056 7036 7715
f 7715 7714 7056
f 7061 7048 7063
f 7079 7063 7048
f 7686 7046 7110
f 7046 7048 7061
f 7061 7110 7046
f 7047 7686 7685
f 7684 7030 7047
f 7047 7685 7684
f 7683 7030 7684
f 7693 7055 7034
f 7692 7693 7030
f 7683 7692 7030
f 7693 7035 7055
f 7693 7694 7035
f 7715 7036 7694
f 7694 7036 7035
f 7711 7710 7718
f 7718 7042 7711
f 7131 7059 7039
f 7718 7719 7131
f 7131 7038 7718
f 7132 7638 7040
f 7040 7059 7131
f 7131 7132 7040
f 7636 7041 7638
f 7638 7041 7040
f 7041 7636 7637
f 7635 7027 7057
f 7057 7637 7635
f 7634 7060 7027
f 7027 7635 7634
f 7052 7634 7633
f 7053 7085 7081
f 7052 7633 7085
f 7081 7075 7074
f 7074 7053 7081
f 7076 7075 7081
f 7053 7052 7085
f 7634 7052 7060
f 7637 7057 7041
f 7039 7038 7131
f 7038 7042 7718
f 7694 7698 7715
f 7034 7030 7693
f 7047 7046 7686
f 7033 7037 7714
f 7021 7717 7045
f 7129 7131 7719
f 7719 7021 7129
f 7021 7719 7717
f 7718 7710 7717
f 7717 7719 7718
f 7698 7697 7325
f 7720 7044 7378
f 7697 7373 7325
f 7044 7333 7378
f 7325 7379 7698
f 7720 7647 7044
f 7044 7070 7333
f 7720 7334 7336
f 7339 7340 7723
f 7388 7251 7377
f 7067 7070 7044
f 7698 7331 7067
f 7698 7330 7049
f 7379 7329 7698
f 7697 7372 7321
f 7720 7722 7648
f 7720 7378 7334
f 7724 7337 7339
f 7725 7724 7133
f 7388 7353 7251
f 7388 7350 7351
f 7067 7045 7698
f 7329 7330 7698
f 7697 7371 7372
f 7492 7702 7705
f 7492 7697 7700
f 7648 7647 7720
f 7720 7336 7337
f 7723 7724 7339
f 7133 7168 7725
f 7168 7191 7725
f 7351 7353 7388
f 7728 7278 7356
f 7726 7376 7359
f 7045 7712 7713
f 7045 7716 7711
f 7049 7331 7698
f 7697 7374 7371
f 7697 7492 7367
f 7367 7492 7491
f 7700 7701 7492
f 7727 7725 7191
f 7350 7388 7389
f 7192 7191 7168
f 7721 7731 7532
f 7721 7388 7377
f 7728 7354 7278
f 7728 7726 7359
f 7730 7729 7533
f 7045 7714 7715
f 7711 7712 7045
f 7321 7373 7697
f 7491 7365 7367
f 7701 7702 7492
f 7655 7650 7732
f 7722 7732 7650
f 7337 7724 7720
f 7724 7723 7340
f 7591 7349 7350
f 7590 7348 7349
f 7344 7590 7192
f 7377 7728 7721
f 7728 7377 7354
f 7726 7356 7376
f 7359 7361 7728
f 7729 7361 7533
f 7713 7714 7045
f 7367 7374 7697
f 7705 7704 7492
f 7653 7648 7722
f 7340 7342 7724
f 7349 7591 7590
f 7590 7346 7347
f 7168 7344 7192
f 7721 7532 7388
f 7361 7729 7728
f 7045 7717 7716
f 7704 7706 7492
f 7650 7653 7722
f 7342 7133 7724
f 7347 7348 7590
f 7344 7166 7590
f 7192 7606 7608
f 7192 7603 7604
f 7356 7726 7728
f 7389 7593 7594
f 7044 7045 7067
f 7732 7727 7191
f 7166 7346 7590
f 7192 7605 7606
f 7192 7590 7603
f 7533 7532 7733
f 7532 7731 7733
f 7389 7597 7598
f 7594 7596 7389
f 7732 7191 7655
f 7389 7591 7350
f 7604 7605 7192
f 7533 7733 7730
f 7366 7365 7491
f 7360 7538 7533
f 7360 7535 7538
f 7596 7597 7389
f 7608 7609 7192
f 7540 7375 7366
f 7535 7362 7375
f 7389 7599 7593
f 7609 7610 7192
f 7375 7540 7535
f 7533 7361 7360
f 7715 7698 7045
f 7360 7362 7535
f 7598 7591 7389
f 7491 7540 7366
f 7720 7724 7735
f 7724 7725 7735
f 7725 7727 7737
f 7727 7732 7738
f 7732 7722 7738
f 7722 7720 7734
f 7734 7739 7722
f 7739 7738 7722
f 7738 7737 7727
f 7737 7736 7725
f 7736 7735 7725
f 7735 7734 7720
f 7729 7730 7742
f 7730 7733 7742
f 7733 7731 7742
f 7731 7721 7744
f 7721 7728 7745
f 7728 7729 7745
f 7741 7745 7729
f 7745 7744 7721
f 7744 7743 7731
f 7743 7742 7731
f 7742 7741 7729
f 7742 7746 7741
f 7749 7751 7750
f 7749 7752 7751
f 7750 7699 7749
f 7754 7112 7123
f 7114 7755 7752
f 7752 7749 7114
f 7751 7752 7756
f 7756 7757 7751
f 7756 7752 7755
f 7756 7758 7759
f 7756 7755 7758
f 7759 7760 7756
f 7756 7760 7757
f 7759 7761 7760
f 7757 7465 7750
f 7465 7748 7699
f 7699 7750 7465
f 7750 7751 7757
f 7700 7437 7438
f 7438 7701 7700
f 7701 7448 7439
f 7439 7702 7701
f 7439 7703 7702
f 7440 7705 7703
f 7298 7303 7299
f 7299 7296 7298
f 7303 7300 7299
f 7558 7446 7559
f 7559 7446 7303
f 7298 7559 7303
f 7447 7446 7558
f 7558 7557 7447
f 7557 7556 7445
f 7556 7555 7445
f 7444 7445 7555
f 7555 7554 7444
f 7443 7444 7539
f 7541 7539 7444
f 7444 7554 7541
f 7508 7442 7443
f 7443 7509 7508
f 7509 7443 7539
f 7508 7708 7709
f 7707 7441 7508
f 7508 7441 7442
f 7705 7440 7707
f 7707 7440 7441
f 7700 7697 7696
f 7696 7437 7700
f 7435 7436 7695
f 7696 7695 7436
f 7433 7434 7699
f 7695 7699 7434
f 7434 7435 7695
f 7699 7748 7433
f 7748 7762 7433
f 7762 7763 7432
f 7763 7123 7432
f 7123 7431 7432
f 7449 7123 7122
f 7122 7128 7449
f 7122 7125 7124
f 7124 7128 7122
f 7449 7431 7123
f 7432 7433 7762
f 7436 7437 7696
f 7707 7704 7705
f 7709 7707 7508
f 7445 7447 7557
f 7703 7439 7440
f 7701 7438 7448
f 7123 7111 7122
f 7755 7114 7753
f 7753 7758 7755
f 7764 7759 7112
f 7759 7758 7753
f 7753 7112 7759
f 7754 7123 7761
f 7761 7764 7754
f 7112 7754 7764
f 7123 7763 7463
f 7763 7762 7757
f 7761 7463 7760
f 7748 7465 7762
f 7465 7757 7762
f 7757 7760 7463
f 7757 7463 7763
f 7463 7761 7123
f 7123 7111 7761
f 7761 7759 7764
f 7226 7239 7227
f 7586 7581 7584
f 7241 7234 7233
f 7589 7592 7614
f 7614 7586 7589
f 7584 7585 7586
f 7614 7581 7586
f 7581 7583 7580
f 7580 7229 7581
f 7581 7614 7617
f 7617 7583 7581
f 7230 7765 7619
f 7230 7229 7580
f 7580 7765 7230
f 7619 7231 7230
f 7614 7231 7619
f 7619 7617 7614
f 7580 7766 7765
f 7765 7766 7619
f 7118 7117 7673
f 7113 7753 7114
f 7112 7111 7123
f 7110 7109 7118
f 7753 7113 7112
f 7693 7692 7680
f 7693 7680 7749
f 7695 7693 7749
f 7749 7699 7695
f 7116 7673 7117
f 7115 7114 7755
f 7115 7767 7678
f 7678 7116 7115
f 7755 7767 7115
f 7680 7689 7752
f 7752 7749 7680
f 7680 7116 7678
f 7678 7689 7680
f 7749 7752 7755
f 7755 7114 7749
f 7756 7768 7767
f 7768 7678 7767
f 7767 7755 7756
f 7689 7768 7756
f 7756 7752 7689
f 7678 7768 7689
f 7744 7745 7747
f 7746 7769 7741
f 7769 7745 7741
f 7747 7745 7769
f 7742 7770 7746
f 7743 7770 7742
f 7771 7772 7746
f 7746 7770 7771
f 7773 7771 7770
f 7770 7743 7773
f 7774 7773 7743
f 7743 7744 7774
f 7774 7775 7773
f 7774 7744 7747
f 7747 7776 7774
f 7776 7747 7769
f 7769 7777 7776
f 7775 7774 7776
f 7772 7777 7769
f 7769 7746 7772
f 7740 7735 7736
f 7734 7735 7778
f 7734 7778 7739
f 7735 7740 7778
f 7779 7738 7739
f 7780 7739 7778
f 7778 7781 7780
f 7737 7738 7779
f 7782 7779 7739
f 7739 7780 7782
f 7783 7781 7778
f 7778 7740 7783
f 7782 7784 7737
f 7737 7779 7782
f 7785 7736 7737
f 7737 7784 7785
f 7783 7740 7736
f 7736 7785 7783
f 7786 7785 7784
f 7783 7785 7786
f 7583 7617 7766
f 7617 7787 7766
f 7580 7583 7766
f 7617 7619 7787
f 7787 7619 7766
f 7287 7285 7788
f 7789 7790 7288
f 7288 7287 7789
f 7771 7791 7772
f 7289 7288 7790
f 7289 7546 7290
f 7284 7510 7793
f 7546 7291 7290
f 7777 7772 7791
f 7793 7285 7284
f 7285 7776 7777
f 7536 7539 7794
f 7285 7287 7286
f 7510 7775 7792
f 7788 7789 7287
f 7542 7794 7539
f 7284 7281 7510
f 7794 7542 7546
f 7775 7510 7514
f 7531 7534 7773
f 7773 7514 7531
f 7771 7773 7534
f 7773 7795 7514
f 7775 7514 7795
f 7775 7795 7796
f 7796 7797 7775
f 7775 7797 7743
f 7743 7773 7775
f 7796 7773 7743
f 7773 7796 7795
f 7796 7743 7797
f 7776 7798 7775
f 7792 7775 7798
f 7798 7776 7747
f 7747 7799 7798
f 7776 7285 7800
f 7800 7747 7776
f 7800 7285 7793
f 7793 7513 7800
f 7793 7510 7513
f 7792 7513 7510
f 7792 7801 7513
f 7800 7513 7799
f 7801 7799 7513
f 7799 7747 7800
f 7798 7799 7801
f 7801 7792 7798
f 7536 7794 7802
f 7802 7803 7536
f 7804 7771 7534
f 7791 7771 7804
f 7534 7537 7805
f 7537 7536 7803
f 7803 7805 7537
f 7805 7806 7534
f 7790 7789 7807
f 7546 7547 7802
f 7802 7794 7546
f 7791 7804 7808
f 7808 7809 7791
f 7534 7806 7808
f 7808 7804 7534
f 7777 7769 7800
f 7800 7285 7777
f 7807 7810 7811
f 7812 7289 7790
f 7790 7811 7812
f 7813 7814 7789
f 7807 7789 7814
f 7814 7810 7807
f 7547 7546 7289
f 7289 7812 7547
f 7813 7285 7800
f 7285 7813 7788
f 7789 7788 7813
f 7811 7790 7807
f 7809 7769 7777
f 7777 7791 7809
f 7814 7811 7810
f 7813 7800 7815
f 7812 7816 7547
f 7811 7816 7812
f 7815 7800 7769
f 7769 7809 7817
f 7820 7802 7816
f 7821 7805 7803
f 7811 7814 7819
f 7802 7547 7816
f 7809 7808 7806
f 7816 7811 7820
f 7819 7813 7769
f 7806 7821 7809
f 7803 7820 7821
f 7814 7813 7819
f 7817 7818 7819
f 7809 7821 7822
f 7819 7820 7811
f 7769 7813 7815
f 7803 7802 7820
f 7769 7817 7819
f 7806 7805 7821
f 7817 7809 7822
f 7817 7820 7818
f 7820 7819 7818
f 7822 7820 7817
f 7822 7821 7820
f 7823 7088 7087
f 7824 7089 7088
f 7825 7090 7089
f 7088 7823 7824
f 7825 7091 7090
f 7089 7824 7825
f 7781 7783 7091
f 7086 7632 7826
f 7092 7091 7096
f 7638 7826 7632
f 7651 7784 7782
f 7827 7780 7781
f 7786 7656 7092
f 7780 7827 7782
f 7654 7656 7784
f 7826 7638 7649
f 7784 7651 7654
f 7782 7828 7651
f 7828 7782 7827
f 7829 7827 7781
f 7781 7778 7829
f 7827 7829 7830
f 7830 7828 7827
f 7831 7828 7830
f 7828 7831 7651
f 7832 7824 7823
f 7833 7091 7825
f 7091 7833 7781
f 7781 7833 7834
f 7834 7778 7781
f 7832 7835 7836
f 7837 7825 7824
f 7824 7836 7837
f 7838 7839 7823
f 7832 7823 7839
f 7839 7835 7832
f 7825 7837 7833
f 7834 7833 7837
f 7631 7840 7087
f 7840 7838 7087
f 7087 7086 7631
f 7823 7087 7838
f 7836 7824 7832
f 7649 7841 7842
f 7842 7826 7649
f 7649 7652 7843
f 7652 7651 7831
f 7831 7843 7652
f 7843 7841 7649
f 7843 7845 7841
f 7843 7831 7844
f 7830 7844 7831
f 7086 7826 7842
f 7842 7631 7086
f 7835 7839 7836
f 7838 7840 7839
f 7631 7838 7840
f 7841 7845 7842
f 7656 7846 7784
f 7846 7656 7786
f 7786 7847 7846
f 7786 7848 7847
f 7786 7784 7737
f 7737 7848 7786
f 7846 7847 7737
f 7737 7784 7846
f 7737 7847 7848
f 7092 7849 7786
f 7849 7092 7660
f 7660 7850 7849
f 7786 7851 7783
f 7849 7850 7848
f 7848 7786 7849
f 7848 7852 7851
f 7851 7786 7848
f 7783 7740 7853
f 7853 7091 7783
f 7660 7091 7853
f 7091 7660 7096
f 7660 7092 7096
f 7853 7834 7660
f 7660 7834 7852
f 7852 7850 7660
f 7852 7834 7740
f 7834 7853 7740
f 7848 7850 7852
f 7851 7852 7740
f 7740 7783 7851
f 7854 7829 7778
f 7858 7839 7838
f 7838 7842 7858
f 7839 7858 7857
f 7859 7858 7845
f 7857 7836 7839
f 7845 7843 7859
f 7829 7859 7844
f 7854 7837 7857
f 7838 7631 7842
f 7858 7842 7845
f 7855 7859 7829
f 7859 7843 7844
f 7778 7834 7854
f 7854 7834 7837
f 7844 7830 7829
f 7857 7856 7854
f 7857 7837 7836
f 7829 7854 7856
f 7829 7858 7855
f 7856 7858 7829
f 7858 7859 7855
f 7856 7857 7858
f 7865 7867 7864
f 6322 6323 7864
f 6323 7865 7864
f 6323 6320 7865
f 6320 6332 7866
f 6332 6330 7866
f 6330 7860 7866
f 6334 7861 7860
f 7860 6330 6334
f 6329 7862 7861
f 7861 6334 6329
f 6329 6326 7862
f 6326 7863 7862
f 6326 6322 7863
f 7864 7863 6322
f 7866 7865 6320
f 6330 7868 6338
f 6322 7870 6304
f 6330 7871 7868
f 7869 6334 6338
f 6304 6347 6322
f 6332 7874 7871
f 6338 7875 7869
f 7872 7876 7870
f 6320 7877 7873
f 7874 6332 6320
f 6330 6332 7871
f 7870 6322 7872
f 6323 6322 7878
f 6329 6318 6316
f 6318 6329 6334
f 7877 6320 6323
f 6320 7873 7874
f 6334 6330 6338
f 7869 6318 6334
f 6316 6349 6329
f 7878 7877 6323
f 7879 7880 7871
f 7877 7881 7882
f 7877 7883 7884
f 7872 6322 6326
f 7871 7874 7879
f 6347 7878 6322
f 7873 7877 7882
f 7884 7881 7877
f 7872 6326 6329
f 6349 7872 6329
f 6318 7869 7885
f 7886 6316 6318
f 6316 7887 6349
f 6349 7887 7888
f 7888 7872 6349
f 7889 6318 7885
f 6318 7889 7890
f 7890 7886 6318
f 7892 7885 7891
f 7885 7893 7891
f 7893 7885 7869
f 6316 7890 7894
f 7894 7887 6316
f 6316 7886 7890
f 7892 7889 7885
f 7868 7871 7899
f 7899 7871 7880
f 7879 7874 7900
f 7900 7901 7879
f 7872 7902 7876
f 7876 7902 7870
f 7903 7870 7902
f 7902 7904 7903
f 7902 7872 7905
f 7905 7904 7902
f 7903 7906 6304
f 6304 7870 7903
f 7878 7907 7877
f 7908 7882 7881
f 7883 7877 7907
f 7910 7883 7907
f 7907 7909 7910
f 7910 7911 7884
f 7912 7909 7907
f 7907 7878 7912
f 7884 7883 7910
f 7912 7878 6347
f 6347 7906 7912
f 7914 7899 7880
f 7899 7915 7913
f 7913 7868 7899
f 7914 7915 7899
f 7879 7914 7880
f 7914 7879 7901
f 7901 7900 7916
f 7868 7917 7875
f 6338 7868 7875
f 7868 7913 7917
f 7913 7915 7917
f 7875 7893 7869
f 7875 7891 7893
f 7951 7923 7924
f 7958 7942 7943
f 7915 7918 7949
f 7950 7920 7921
f 7927 7928 7952
f 7953 7930 7931
f 7931 7932 7954
f 7955 7933 7934
f 7934 7935 7956
f 7957 7937 7938
f 7944 7945 7959
f 7960 7947 7948
f 7942 7958 7941
f 7923 7951 7922
f 7905 7961 7904
f 6347 6304 7906
f 7962 7910 7909
f 7882 7963 7964
f 7882 7908 7963
f 7963 7908 7881
f 7881 7965 7963
f 7965 7881 7884
f 7884 7911 7965
f 7882 7966 7873
f 7882 7964 7966
f 7874 7967 7968
f 7874 7873 7967
f 7969 7970 7971
f 7973 7968 7972
f 7961 7974 7902
f 7902 7904 7961
f 7975 7904 7902
f 7902 7976 7975
f 7977 7975 7976
f 7976 7978 7977
f 7977 7979 7975
f 7980 7975 7979
f 7979 7981 7980
f 7895 7898 7978
f 7978 7898 7981
f 7981 7977 7978
f 7978 7983 7895
f 7983 7984 7896
f 7984 7897 7896
f 7974 7961 7872
f 7897 7984 7974
f 7974 7888 7897
f 7961 7905 7872
f 7872 7888 7974
f 7896 7895 7983
f 7981 7979 7977
f 6416 7981 7898
f 7898 7985 6416
f 7982 7975 7980
f 7980 7986 7982
f 7982 7986 6384
f 6384 7987 7982
f 7987 6384 6414
f 7989 7988 7987
f 7989 7987 6414
f 6414 7990 7989
f 7994 7991 7992
f 7994 7992 7993
f 7994 7993 7996
f 7989 7990 7996
f 7994 7995 7997
f 7997 7991 7994
f 7996 7993 7989
f 7996 7995 7994
f 7995 7996 7998
f 7999 8000 8001
f 7998 7996 7990
f 8003 8004 6382
f 6382 8002 8005
f 8010 8008 8009
f 6382 8005 8008
f 8005 8009 8008
f 8003 6382 8007
f 8010 6406 6416
f 8010 8009 6406
f 8009 8002 6406
f 8009 8005 8002
f 6416 7985 8010
f 8003 8007 8006
f 8006 8011 8004
f 8006 8004 8003
f 8008 8007 6382
f 7991 8013 8012
f 8013 7991 7997
f 7997 7999 8013
f 8012 8013 7999
f 7999 8001 8012
f 8014 8012 8000
f 8012 8001 8000
f 8016 8015 8014
f 8014 8000 8016
f 8004 8011 8019
f 8018 7948 8017
f 8017 8020 8018
f 8020 8019 8018
f 8020 6374 8019
f 8021 8022 8023
f 8022 7948 8023
f 8017 7948 8022
f 8022 8020 8017
f 8023 8024 8025
f 8025 8021 8023
f 8026 8024 8023
f 8024 8026 8027
f 8025 8024 8027
f 8027 8028 8025
f 6354 7995 7998
f 6361 7998 7990
f 6360 6414 6384
f 6352 6384 7986
f 6354 7997 7995
f 7990 6360 6361
f 6374 8020 6358
f 7998 6361 6354
f 7990 6414 6360
f 6367 6352 7986
f 6367 7980 7981
f 6356 6358 8020
f 8022 8028 6356
f 8004 8019 6374
f 8000 7999 6354
f 7986 7980 6367
f 8004 6358 6369
f 6374 6358 8004
f 8028 6354 6356
f 8028 8016 6354
f 6384 6352 6360
f 7981 6369 6367
f 8020 8022 6356
f 7999 7997 6354
f 6369 7981 8004
f 8004 7981 6382
f 6416 8002 7981
f 8000 6354 8016
f 8025 8028 8022
f 6406 8002 6416
f 8002 6382 7981
f 8022 8021 8025
f 6360 8030 8029
f 6360 6352 8030
f 6352 6367 8030
f 6367 6369 8032
f 6369 6358 8033
f 6356 8034 8033
f 8033 6358 6356
f 6354 8035 8034
f 8034 6356 6354
f 6354 6361 8035
f 6361 6360 8036
f 6360 8029 8036
f 8036 8035 6361
f 8033 8032 6369
f 8032 8031 6367
f 8031 8030 6367
f 8038 8037 8028
f 8037 8016 8028
f 8039 8038 8040
f 8043 8041 8042
f 8048 8049 8044
f 8053 8052 8051
f 8060 8061 8063
f 8062 8063 8061
f 7891 8064 8046
f 7891 8065 8064
f 8066 8065 7891
f 7891 8067 8066
f 7891 8044 8067
f 8067 8044 8047
f 8047 8068 8067
f 8066 8067 8045
f 8066 8045 7891
f 8067 8069 8045
f 8082 8083 8084
f 8094 8078 8080
f 8080 8081 8079
f 8089 8087 8088
f 8078 8094 8077
f 8079 8080 8078
f 8071 8070 8067
f 8072 8071 8096
f 8071 8095 8096
f 8070 8069 8067
f 8070 8045 8069
f 8096 8074 8072
f 8068 8095 8071
f 8067 8068 8071
f 8068 8096 8095
f 8097 8072 8074
f 8074 8099 8098
f 8074 8100 8099
f 8074 8098 8097
f 8098 8099 8101
f 8101 8072 8098
f 8072 8097 8098
f 7973 8101 8099
f 8100 7973 8099
f 8072 8101 7973
f 8080 8102 8081
f 8076 8100 8077
f 8106 8103 8104
f 8104 8105 8106
f 8103 8106 8107
f 8057 8103 8108
f 8108 8109 8057
f 8107 8108 8103
f 8104 8103 8057
f 8110 8111 8107
f 8107 8106 8110
f 8105 8112 8110
f 8110 8106 8105
f 8105 8113 8114
f 8114 8112 8105
f 8107 8115 8127
f 8115 8116 8125
f 8116 8117 8128
f 8117 8118 8123
f 8118 8119 8129
f 8119 8120 8121
f 8125 8128 8123
f 8123 8129 8122
f 8109 8127 8126
f 8125 8123 8124
f 8125 8126 8127
f 8121 8122 8129
f 8127 8109 8108
f 8121 8129 8119
f 8129 8123 8118
f 8123 8128 8117
f 8128 8125 8116
f 8125 8127 8115
f 8127 8108 8107
f 8126 8062 8053
f 8109 8055 8056
f 8049 8050 8047
f 8053 8054 8126
f 8109 8054 8055
f 8049 8047 8044
f 8050 8052 8047
f 8062 8047 8053
f 8057 8109 8056
f 8130 8122 8121
f 8052 8053 8047
f 8130 8123 8122
f 8130 8125 8124
f 8130 8062 8126
f 8054 8109 8126
f 8124 8123 8130
f 8126 8125 8130
f 8062 8131 8132
f 8062 8130 8131
f 8132 8063 8062
f 8132 8060 8063
f 8132 8059 8060
f 8058 8059 8132
f 8134 8130 8121
f 8121 8133 8134
f 8132 8135 7916
f 7916 8058 8132
f 8058 7874 7968
f 7874 8058 7916
f 8058 7968 8136
f 7900 7874 7916
f 8136 8137 8058
f 8135 8132 8131
f 8138 8131 8130
f 8130 8134 8138
f 8131 8138 8135
f 8137 8136 8139
f 8139 8140 8137
f 8076 8077 7968
f 8081 7969 7971
f 7971 8080 8081
f 8080 7971 8141
f 7971 7967 8141
f 8094 8141 8139
f 8136 7968 8077
f 8077 8094 8139
f 8139 8136 8077
f 7969 8081 8102
f 8100 8076 7973
f 8141 8094 8080
f 7968 7973 8076
f 8142 7969 8102
f 8142 8102 8082
f 8143 7969 8142
f 8142 8144 8143
f 8082 8144 8142
f 8144 8145 8082
f 8145 8144 8143
f 8082 8143 8144
f 8148 8143 8146
f 8146 8085 8148
f 8085 8086 8149
f 8086 8150 8149
f 8147 8151 8150
f 8150 8086 8147
f 8143 8082 8146
f 8151 8147 8089
f 8089 8152 8151
f 8149 8148 8085
f 8148 8149 8150
f 8153 8152 8089
f 8153 8089 8154
f 8155 8152 8153
f 8153 8156 8155
f 8154 8156 8153
f 8155 8151 8152
f 8154 8155 8156
f 8100 8075 8076
f 8081 8082 8102
f 8082 8084 8146
f 8089 8147 8087
f 8147 8086 8087
f 8096 8073 8074
f 8085 8146 8084
f 8092 8158 8159
f 8100 8074 8075
f 8154 8089 8090
f 8091 8093 8159
f 8093 8092 8159
f 8096 8068 8073
f 8091 8154 8090
f 8092 8160 8157
f 8158 8092 8157
f 8161 8091 8159
f 8159 8162 8161
f 8159 8163 8162
f 8159 8158 8163
f 8161 8155 8091
f 8155 8154 8091
f 8163 8158 8157
f 8157 8164 8163
f 8164 8165 8166
f 8164 8167 8165
f 8164 8157 8167
f 8092 8168 8169
f 8169 8157 8160
f 8157 8169 8164
f 8160 8092 8169
f 8173 8172 8152
f 8178 8176 8175
f 8179 7906 8175
f 8177 8175 8179
f 8175 7906 8178
f 8175 8176 8180
f 7912 7906 8179
f 8181 8180 7903
f 7903 8182 8181
f 8180 8178 7903
f 8178 8180 8176
f 8183 8181 8182
f 8182 8184 8183
f 8185 8183 8186
f 7982 8186 8183
f 8183 8184 7982
f 8187 8183 8185
f 8186 7987 8187
f 8187 8185 8186
f 8189 8188 8187
f 8187 7987 8189
f 7989 8189 7987
f 8179 8175 8149
f 8149 7912 8179
f 7912 8149 8191
f 8191 7909 7912
f 7909 8191 8192
f 8192 7962 7909
f 7962 8192 8193
f 8193 8194 7962
f 8195 8196 8194
f 8196 8197 8198
f 8198 7963 8196
f 8198 8199 7963
f 8198 7971 8199
f 8195 8197 8196
f 8193 8195 8194
f 7911 8194 8196
f 8199 7964 7963
f 8194 7911 7962
f 8200 7964 8199
f 8200 7971 8201
f 7971 8200 8199
f 8201 8202 8200
f 8084 8192 8191
f 8191 8085 8084
f 8083 8193 8192
f 8192 8084 8083
f 8083 8195 8193
f 8081 8198 8197
f 8197 8082 8081
f 8197 8195 8082
f 8062 8073 8068
f 8068 8047 8062
f 8061 8074 8073
f 8073 8062 8061
f 8060 8075 8074
f 8074 8061 8060
f 8059 8076 8075
f 8075 8060 8059
f 8058 8077 8076
f 8076 8059 8058
f 8078 8077 8140
f 8077 8137 8140
f 8077 8058 8137
f 8140 8201 8079
f 8140 8079 8078
f 8201 7971 8198
f 8201 8198 8080
f 8201 8080 8079
f 8149 8085 8191
f 8087 8086 8149
f 8173 8088 8087
f 8089 8088 8173
f 8090 8089 8172
f 8089 8152 8172
f 8090 8172 8161
f 8171 8170 8093
f 8091 8161 8171
f 8092 8093 8170
f 8170 8168 8092
f 8093 8091 8171
f 8091 8090 8161
f 8173 8152 8089
f 8174 8173 8087
f 8149 8174 8087
f 8140 8202 8201
f 8081 8080 8198
f 8083 8082 8195
f 7966 8200 7873
f 8140 8139 8141
f 8141 8202 8140
f 7873 8202 7967
f 8141 7967 8202
f 8200 8202 7873
f 8182 7904 7975
f 7964 8200 7966
f 8186 7982 7987
f 7962 7911 7910
f 8182 7903 7904
f 8184 8182 7975
f 8203 8014 8015
f 8012 8014 8203
f 7965 8196 7963
f 7965 7911 8196
f 8204 7991 8012
f 7906 7903 8178
f 8015 8205 8203
f 7975 7982 8184
f 7991 8206 7992
f 8206 7991 8204
f 8189 7989 8190
f 8190 8187 8189
f 8012 8203 8207
f 8203 8208 8207
f 8204 8012 8043
f 8206 8204 8209
f 7992 8206 8210
f 8206 8211 8210
f 7993 7992 8212
f 7989 7993 8213
f 8213 8190 7989
f 8212 8213 7993
f 8210 8212 7992
f 8209 8211 8206
f 8043 8209 8204
f 8207 8043 8012
f 8205 8214 8208
f 8203 8205 8208
f 8219 8221 8218
f 8218 8217 8221
f 8215 8216 8217
f 8016 8205 8015
f 8223 8214 8224
f 8214 8037 8224
f 8224 8225 8223
f 8016 8214 8205
f 8037 8214 8016
f 8226 8223 8225
f 8225 8227 8226
f 8228 8230 8231
f 8231 8232 8228
f 8228 8008 8230
f 8233 8230 8008
f 8008 8234 8233
f 8008 8222 8234
f 8232 8229 8228
f 8230 8233 8234
f 8238 8230 8234
f 8251 8250 8252
f 8254 8255 8256
f 8261 8239 8240
f 8243 8244 8242
f 8251 8252 8253
f 8239 8261 8234
f 8255 8254 8253
f 8248 8249 8247
f 8236 8235 8261
f 8235 8238 8261
f 8217 8236 8261
f 8240 8237 8217
f 8235 8230 8238
f 8235 8228 8230
f 8240 8262 8237
f 8261 8240 8217
f 8207 8251 8250
f 8250 8209 8043
f 8249 8248 8211
f 8248 8210 8211
f 8211 8209 8249
f 8248 8247 8212
f 8212 8210 8248
f 8247 8246 8213
f 8213 8212 8247
f 8234 8222 8215
f 8215 8239 8234
f 8217 8240 8239
f 8239 8215 8217
f 8217 8241 8240
f 8217 8218 8241
f 8241 8218 8221
f 8221 8242 8241
f 8242 8221 8219
f 8219 8243 8242
f 8244 8219 8220
f 8244 8220 8190
f 8190 8245 8244
f 8190 8213 8246
f 8190 8246 8245
f 8252 8251 8208
f 8251 8207 8208
f 8253 8252 8223
f 8208 8214 8223
f 8223 8252 8208
f 8226 8263 8254
f 8223 8254 8255
f 8223 8255 8253
f 8223 8226 8254
f 8263 8040 8256
f 8040 8264 8257
f 8264 8265 8258
f 8265 8266 8259
f 8266 8267 8259
f 8267 8260 8259
f 8259 8258 8265
f 8258 8257 8264
f 8257 8256 8040
f 8256 8254 8263
f 8244 8243 8219
f 8250 8249 8209
f 8043 8207 8250
f 8011 8270 8271
f 8011 8272 8270
f 8011 8268 8272
f 8011 8273 8268
f 8269 8268 8273
f 8260 8267 8274
f 8274 8268 8260
f 8274 8011 8268
f 8266 8265 8275
f 8264 8275 8265
f 8276 8279 8278
f 8279 8276 8260
f 8279 8260 8268
f 8268 8277 8279
f 8277 8268 8269
f 8269 8273 8277
f 8278 8265 8276
f 8265 8258 8276
f 8285 8286 8284
f 8274 8288 8289
f 8290 8282 8283
f 8282 8290 8281
f 8291 8237 8262
f 8291 8262 8242
f 8221 8237 8291
f 8291 8292 8221
f 8242 8292 8291
f 8237 8221 8293
f 8242 8221 8292
f 8294 8245 8296
f 8246 8297 8190
f 8295 8298 8297
f 8297 8246 8295
f 8293 8221 8242
f 8298 8295 8249
f 8249 8211 8298
f 8242 8294 8293
f 8190 8296 8245
f 8296 8293 8294
f 8297 8296 8190
f 8258 8265 8299
f 8300 8301 8258
f 8258 8299 8300
f 8300 8299 8039
f 8265 8039 8299
f 8302 8039 8278
f 8265 8278 8039
f 8300 8039 8301
f 8250 8251 8041
f 8256 8040 8038
f 8038 8254 8256
f 8225 8303 8254
f 8254 8227 8225
f 8227 8254 8038
f 8251 8303 8224
f 8224 8041 8251
f 8224 8037 8041
f 8043 8042 8304
f 8040 8256 8301
f 8301 8039 8040
f 8304 8250 8043
f 8225 8224 8303
f 8041 8043 8250
f 8304 8250 8251
f 8254 8301 8256
f 8244 8294 8242
f 8244 8245 8294
f 8247 8295 8246
f 8251 8253 8303
f 8257 8258 8301
f 8301 8256 8257
f 8261 8238 8234
f 8241 8262 8240
f 8295 8247 8249
f 8254 8303 8253
f 8241 8242 8262
f 8304 8249 8250
f 8276 8258 8259
f 8260 8276 8259
f 8304 8042 8305
f 8306 8211 8249
f 8306 8249 8304
f 8042 8211 8306
f 8306 8305 8042
f 8304 8305 8306
f 8007 8008 8228
f 7985 8222 8010
f 8215 8222 7985
f 8008 8010 8222
f 7985 7898 8215
f 8164 8070 8071
f 7898 8216 8215
f 8032 8007 8228
f 7898 8187 8217
f 8170 7888 7887
f 7894 8168 7887
f 7890 7889 8169
f 7889 7892 8164
f 8164 8045 8070
f 8217 8216 7898
f 8187 8219 8218
f 7894 7890 8168
f 7889 8164 8169
f 8071 8072 8164
f 7898 7895 8183
f 8218 8217 8187
f 8187 8190 8220
f 7887 8168 8170
f 7892 7891 8164
f 7888 8180 8181
f 8181 8183 7896
f 8220 8219 8187
f 7896 7897 8181
f 8033 8034 8278
f 8169 8168 7890
f 8045 8164 7891
f 8187 7898 8183
f 7895 7896 8183
f 8033 8278 8007
f 7862 8161 8162
f 8143 7864 7867
f 8278 8277 8273
f 7888 8171 8161
f 7888 8175 8180
f 8032 8033 8007
f 8162 8163 7862
f 8161 7862 8155
f 7864 8143 8151
f 8273 8007 8278
f 8279 8277 8278
f 8175 8161 8172
f 8170 8171 7888
f 8039 8034 8035
f 8228 8031 8032
f 8031 8228 8235
f 8237 8029 8030
f 8163 8164 7861
f 8072 7973 7866
f 7865 7968 7969
f 7865 7969 8143
f 8175 8173 8174
f 8161 8175 7888
f 8181 7897 7888
f 8036 8237 8293
f 7861 7862 8163
f 7864 8151 8155
f 8172 8173 8175
f 8298 8035 8036
f 8298 8042 8035
f 8034 8039 8278
f 8164 7860 7861
f 8164 8072 7860
f 7968 7865 7866
f 8143 8148 8150
f 7867 7865 8143
f 8155 7862 7863
f 8006 8007 8273
f 8035 8042 8039
f 8235 8236 8031
f 8217 8030 8031
f 8237 8036 8029
f 7866 7860 8072
f 7866 7973 7968
f 7863 7864 8155
f 7969 7967 7971
f 7969 7968 7967
f 8011 8006 8273
f 8031 8236 8217
f 8293 8298 8036
f 8039 8037 8038
f 8041 8039 8042
f 8150 8151 8143
f 8174 8149 8175
f 8030 8217 8237
f 8041 8037 8039
f 8296 8297 8298
f 8293 8296 8298
f 8042 8298 8211
f 8312 8308 8307
f 8280 8309 8310
f 8310 8307 8280
f 8307 8310 8311
f 8311 8312 8307
f 8308 8312 8313
f 8280 8307 8308
f 8313 8314 8315
f 8315 8316 8313
f 8317 8312 8311
f 8317 8314 8312
f 8314 8313 8312
f 8319 8320 8330
f 8320 8321 8328
f 8321 8322 8331
f 8322 8323 8326
f 8323 8324 8332
f 8324 8311 8310
f 8318 8330 8329
f 8332 8310 8309
f 8326 8332 8325
f 8309 8325 8332
f 8326 8327 8328
f 8326 8328 8331
f 8328 8329 8330
f 8310 8332 8324
f 8332 8326 8323
f 8326 8331 8322
f 8331 8328 8321
f 8328 8330 8320
f 8330 8318 8319
f 8325 8283 8284
f 8281 8309 8280
f 8281 8290 8309
f 8325 8309 8283
f 8267 8286 8287
f 8290 8283 8309
f 8284 8266 8325
f 8274 8267 8287
f 8267 8284 8286
f 8284 8267 8266
f 8333 8326 8325
f 8325 8266 8333
f 8333 8327 8326
f 8333 8328 8327
f 8333 8329 8328
f 8275 8264 8334
f 8266 8275 8334
f 8318 8329 8333
f 8274 8287 8288
f 8334 8040 8263
f 8334 8335 8266
f 8264 8040 8334
f 8335 8333 8266
f 8336 8337 8318
f 8318 8333 8336
f 8336 8333 8335
f 8338 8335 8334
f 8334 8339 8338
f 8335 8338 8336
f 8226 8227 8038
f 8038 8028 8226
f 8263 8226 8028
f 8027 8263 8028
f 8334 8263 8027
f 8027 8339 8334
f 8353 8358 8352
f 8341 8362 8340
f 8344 8345 8343
f 8353 8358 8354
f 8343 8345 8360
f 8359 8351 8352
f 8362 8341 8342
f 8361 8342 8343
f 8317 8363 8357
f 8356 8363 8357
f 8316 8315 8308
f 8315 8314 8308
f 8364 8308 8314
f 8313 8316 8308
f 8367 8365 8366
f 8310 8307 8314
f 8369 8310 8317
f 8370 8369 8363
f 8369 8357 8363
f 8363 8331 8370
f 8363 8356 8331
f 8307 8364 8314
f 8317 8357 8369
f 8314 8317 8310
f 8310 8368 8307
f 8364 8307 8368
f 8368 8310 8369
f 8371 8331 8356
f 8371 8356 8372
f 8373 8331 8371
f 8371 8374 8373
f 8372 8374 8371
f 8373 8370 8331
f 8372 8373 8374
f 8351 8376 8350
f 8372 8356 8354
f 8373 8330 8377
f 8381 8379 8340
f 8379 8380 8340
f 8365 8379 8382
f 8365 8382 8383
f 8365 8383 8384
f 8340 8385 8386
f 8386 8381 8340
f 8386 8379 8381
f 8386 8384 8379
f 8384 8382 8379
f 8384 8383 8382
f 8388 8342 8341
f 8388 8341 8380
f 8380 8389 8388
f 8380 8365 8389
f 8380 8379 8365
f 8390 8391 8342
f 8391 8392 8342
f 8388 8390 8342
f 8390 8388 8391
f 8386 8385 8393
f 8386 8387 8365
f 8365 8384 8386
f 8393 8387 8386
f 8394 8395 8390
f 8395 8396 8403
f 8402 8390 8401
f 8393 8394 8402
f 8393 8385 8394
f 8396 8397 8398
f 8398 8403 8396
f 8398 8400 8403
f 8398 8399 8400
f 8400 8401 8390
f 8403 8400 8395
f 8400 8390 8395
f 8390 8402 8394
f 8406 8393 8405
f 8405 8406 8404
f 8407 8409 8408
f 8407 8410 8409
f 8410 8411 8409
f 8417 8414 8413
f 8412 8415 8416
f 8416 8413 8412
f 8410 8414 8417
f 8417 8411 8410
f 8413 8416 8417
f 8419 8408 8409
f 8420 8416 8415
f 8409 8411 8419
f 8415 8418 8420
f 8420 8419 8417
f 8411 8417 8419
f 8417 8416 8420
f 8418 8421 8420
f 8418 8415 8422
f 8422 8423 8418
f 8412 8422 8415
f 8421 8418 8423
f 8427 8424 8425
f 8392 8391 8428
f 8428 8343 8392
f 8428 8429 8343
f 8428 8391 8403
f 8403 8429 8428
f 8429 8403 8343
f 8433 8347 8346
f 8432 8346 8344
f 8346 8432 8433
f 8347 8433 8431
f 8391 8430 8434
f 8434 8403 8391
f 8431 8433 8436
f 8433 8432 8435
f 8344 8434 8435
f 8435 8432 8344
f 8434 8344 8343
f 8343 8403 8434
f 8437 8438 8349
f 8349 8431 8437
f 8435 8436 8433
f 8436 8437 8431
f 8355 8354 8356
f 8352 8375 8353
f 8350 8349 8376
f 8349 8348 8431
f 8347 8431 8348
f 8375 8352 8351
f 8344 8346 8345
f 8392 8343 8342
f 8341 8340 8380
f 8349 8438 8439
f 8349 8439 8440
f 8440 8376 8349
f 8440 8439 8438
f 8438 8441 8440
f 8440 8441 8376
f 8438 8442 8437
f 8437 8442 8441
f 8441 8438 8437
f 8370 8368 8369
f 8391 8388 8389
f 8370 8364 8368
f 8391 8367 8364
f 8373 8442 8430
f 8441 8373 8443
f 8365 8367 8391
f 8389 8365 8391
f 8364 8370 8391
f 8373 8441 8442
f 8430 8435 8434
f 8430 8391 8373
f 8373 8378 8443
f 8377 8378 8373
f 8430 8436 8435
f 8430 8437 8436
f 8370 8373 8391
f 8437 8430 8442
f 8441 8443 8444
f 8445 8378 8377
f 8445 8446 8378
f 8397 8449 8447
f 8447 8398 8397
f 8427 8451 8424
f 8423 8422 8452
f 8422 8412 8452
f 8410 8407 8452
f 8412 8413 8452
f 8407 8454 8453
f 8414 8410 8452
f 8455 8456 8457
f 8459 8427 8425
f 8402 8404 8406
f 8454 8455 8453
f 8459 8461 8458
f 8402 8407 8404
f 8453 8452 8407
f 8460 8456 8455
f 8458 8427 8459
f 8459 8425 8426
f 8399 8463 8400
f 8401 8400 8463
f 8401 8454 8407
f 8455 8454 8460
f 8426 8452 8459
f 8452 8426 8423
f 8463 8454 8401
f 8406 8393 8402
f 8407 8402 8401
f 8413 8414 8452
f 8455 8457 8461
f 8459 8455 8461
f 8465 8466 8451
f 8466 8467 8464
f 8464 8451 8466
f 8451 8427 8465
f 8467 8468 8469
f 8469 8470 8467
f 8467 8466 8468
f 8471 8468 8466
f 8466 8465 8472
f 8472 8471 8466
f 8474 8475 8457
f 8475 8476 8458
f 8427 8458 8476
f 8474 8477 8462
f 8462 8473 8474
f 8477 8457 8462
f 8457 8456 8462
f 8476 8465 8427
f 8458 8461 8475
f 8461 8457 8475
f 8457 8477 8474
f 8478 8473 8462
f 8481 8473 8478
f 8478 8462 8456
f 8479 8478 8456
f 8447 8448 8399
f 8398 8447 8399
f 8482 8463 8399
f 8482 8483 8454
f 8454 8463 8482
f 8483 8460 8454
f 8483 8456 8460
f 8483 8479 8456
f 8399 8448 8482
f 8485 8452 8453
f 8455 8486 8485
f 8485 8453 8455
f 8455 8459 8486
f 8459 8487 8486
f 8452 8484 8487
f 8487 8459 8452
f 8485 8484 8452
f 8488 8489 8490
f 8490 8450 8488
f 8491 8492 8489
f 8489 8488 8491
f 8492 8491 8438
f 8493 8438 8495
f 8495 8494 8493
f 8444 8496 8494
f 8496 8444 8497
f 8497 8498 8496
f 8482 8448 8450
f 8450 8490 8482
f 8494 8495 8444
f 8493 8492 8438
f 8499 8483 8482
f 8500 8501 8502
f 8503 8500 8504
f 8502 8504 8500
f 8504 8505 8503
f 8506 8507 8508
f 8508 8505 8506
f 8507 8480 8509
f 8509 8508 8507
f 8501 8510 8511
f 8483 8509 8479
f 8480 8479 8509
f 8511 8502 8501
f 8504 8506 8505
f 8508 8503 8505
f 8512 8510 8501
f 8510 8512 8513
f 8510 8513 8516
f 8515 8510 8514
f 8516 8515 8510
f 8510 8515 8511
f 8517 8514 8515
f 8515 8516 8517
f 8492 8493 8489
f 8497 8518 8498
f 8497 8520 8518
f 8521 8520 8497
f 8497 8519 8521
f 8419 8420 7932
f 7932 7933 8419
f 8420 7954 7932
f 8426 7953 8421
f 8420 8421 7931
f 8421 7953 7931
f 7931 7954 8420
f 7929 7930 8425
f 8426 8425 7930
f 7930 7953 8426
f 7952 7928 8464
f 7928 8451 8464
f 7929 8424 8451
f 8451 7928 7929
f 7927 8522 8523
f 7952 8524 8522
f 8522 7927 7952
f 8523 7926 7927
f 8104 8057 7925
f 7926 8523 8104
f 8104 7925 7926
f 7951 7924 8056
f 8057 8056 7924
f 7924 7925 8057
f 7922 7951 8055
f 8055 8054 7922
f 7950 7921 8053
f 8054 8053 7921
f 7921 7922 8054
f 7919 7920 8052
f 8051 8052 7920
f 7920 7950 8051
f 7949 7918 8049
f 7918 7919 8050
f 8050 8049 7918
f 7917 7915 7949
f 7949 7875 7917
f 7875 7949 8048
f 8044 7891 7875
f 7875 8048 8044
f 8019 8011 8274
f 8274 8018 8019
f 8274 8289 8018
f 7960 7948 8018
f 8018 8289 7960
f 7947 8288 8287
f 7960 8289 8288
f 8288 7947 7960
f 8287 7946 7947
f 8285 7959 7945
f 7946 8287 8286
f 8286 7945 7946
f 8283 7943 7944
f 7959 8285 8284
f 8284 7944 7959
f 7943 8283 8282
f 8282 7958 7943
f 8280 7940 7941
f 7958 8282 8281
f 8281 7941 7958
f 7939 7940 8308
f 7940 8280 8308
f 7957 7938 8367
f 7938 7939 8364
f 8364 8367 7938
f 7936 7937 8387
f 8387 8393 7936
f 8365 8387 7937
f 7957 8366 8365
f 8365 7937 7957
f 8404 7956 7935
f 7935 8405 8404
f 7936 8406 8405
f 8405 7935 7936
f 8419 7955 7934
f 7934 8408 8419
f 8404 8407 8408
f 8408 7956 8404
f 7934 7956 8408
f 8393 8406 7936
f 8367 8366 7957
f 8308 8364 7939
f 7941 8281 8280
f 7944 8284 8283
f 7945 8286 8285
f 8049 8048 7949
f 8052 8050 7919
f 8053 8051 7950
f 8056 8055 7951
f 8464 8524 7952
f 8425 8424 7929
f 8421 8423 8426
f 7933 7955 8419
f 8464 8522 8524
f 8470 8469 8464
f 8469 8468 8464
f 8467 8470 8464
f 8527 8526 8528
f 8523 8110 8112
f 8112 8104 8523
f 8104 8112 8114
f 8104 8114 8113
f 8104 8113 8105
f 8529 8530 8108
f 8523 8529 8103
f 8108 8103 8529
f 8468 8471 8472
f 8547 8549 8546
f 8538 8552 8551
f 8537 8551 8536
f 8550 8544 8546
f 8544 8545 8546
f 8551 8537 8538
f 8553 8532 8111
f 8553 8530 8531
f 8553 8111 8530
f 8111 8108 8530
f 8108 8111 8110
f 8110 8103 8108
f 8531 8533 8553
f 8110 8523 8103
f 8525 8464 8554
f 8464 8468 8554
f 8526 8525 8554
f 8547 8528 8526
f 8547 8527 8528
f 8547 8556 8527
f 8555 8547 8526
f 8554 8555 8526
f 8557 8527 8556
f 8546 8558 8557
f 8557 8556 8546
f 8557 8558 8477
f 8477 8527 8557
f 8546 8477 8558
f 8561 8542 8560
f 8562 8543 8561
f 8542 8561 8543
f 8543 8562 8545
f 8527 8477 8559
f 8545 8562 8565
f 8561 8564 8565
f 8565 8562 8561
f 8564 8561 8560
f 8566 8477 8546
f 8546 8545 8566
f 8560 8540 8563
f 8560 8563 8564
f 8565 8566 8545
f 8567 8563 8540
f 8568 8570 8569
f 8569 8540 8568
f 8540 8571 8567
f 8569 8571 8540
f 8569 8570 8572
f 8569 8572 8563
f 8563 8571 8569
f 8563 8567 8571
f 8573 8572 8570
f 8568 8573 8570
f 8539 8568 8538
f 8573 8511 8575
f 8554 8468 8472
f 8541 8560 8542
f 8544 8543 8545
f 8560 8541 8540
f 8535 8534 8574
f 8533 8574 8534
f 8548 8555 8554
f 8533 8532 8553
f 8554 8472 8548
f 8547 8546 8556
f 8555 8548 8547
f 8568 8540 8539
f 8578 8576 8577
f 8576 8579 8577
f 8580 8581 8129
f 8578 8129 8581
f 8582 8580 8574
f 8533 8531 8583
f 8583 8584 8533
f 8583 8582 8574
f 8531 8580 8582
f 8582 8583 8531
f 8574 8533 8583
f 8527 8525 8526
f 8527 8464 8525
f 8464 8527 8522
f 8530 8529 8531
f 8531 8523 8522
f 8580 8559 8572
f 8529 8523 8531
f 8522 8527 8531
f 8572 8573 8580
f 8565 8564 8559
f 8559 8477 8566
f 8580 8531 8559
f 8580 8578 8581
f 8572 8559 8563
f 8566 8565 8559
f 8580 8576 8578
f 8575 8580 8573
f 8564 8563 8559
f 8527 8559 8531
f 8575 8511 8580
f 8511 8576 8580
f 8584 8583 8531
f 8519 8497 8351
f 8359 8521 8519
f 8519 8351 8359
f 8359 8352 8521
f 8350 8351 8444
f 8351 8497 8444
f 8349 8350 8444
f 8444 8495 8349
f 8349 8495 8438
f 8348 8349 8491
f 8349 8438 8491
f 8347 8348 8488
f 8346 8450 8448
f 8450 8346 8347
f 8346 8448 8447
f 8345 8449 8397
f 8397 8360 8345
f 8345 8447 8449
f 8343 8360 8397
f 8396 8395 8361
f 8342 8361 8395
f 8395 8394 8362
f 8394 8385 8340
f 8357 8311 8324
f 8356 8357 8323
f 8357 8324 8323
f 8355 8356 8322
f 8356 8323 8322
f 8322 8321 8355
f 8354 8355 8321
f 8321 8320 8354
f 8353 8354 8320
f 8320 8319 8353
f 8352 8358 8585
f 8586 8585 8353
f 8358 8353 8585
f 8586 8353 8319
f 8585 8521 8352
f 8357 8317 8311
f 8340 8362 8394
f 8362 8342 8395
f 8361 8343 8396
f 8397 8396 8343
f 8447 8345 8346
f 8488 8450 8347
f 8491 8488 8348
f 8377 8330 8354
f 8354 8353 8377
f 8350 8444 8443
f 8443 8351 8350
f 8351 8443 8587
f 8443 8378 8587
f 8375 8587 8588
f 8589 8377 8353
f 8353 8588 8589
f 8353 8375 8588
f 8330 8373 8372
f 8444 8350 8376
f 8376 8441 8444
f 8372 8354 8330
f 8587 8375 8351
f 8586 8589 8588
f 8588 8585 8586
f 8120 8536 8590
f 8536 8591 8590
f 8591 8536 8551
f 8536 8120 8119
f 8119 8535 8536
f 8535 8119 8118
f 8118 8534 8535
f 8534 8118 8117
f 8117 8533 8534
f 8116 8532 8533
f 8111 8532 8115
f 8476 8548 8472
f 8475 8547 8548
f 8548 8476 8475
f 8474 8546 8549
f 8549 8475 8474
f 8546 8474 8473
f 8473 8550 8546
f 8481 8478 8544
f 8544 8550 8473
f 8473 8481 8544
f 8543 8544 8478
f 8478 8479 8543
f 8542 8543 8480
f 8479 8480 8543
f 8542 8480 8507
f 8507 8541 8542
f 8541 8507 8506
f 8506 8540 8541
f 8506 8504 8540
f 8539 8504 8502
f 8502 8538 8539
f 8552 8538 8514
f 8517 8551 8552
f 8538 8511 8515
f 8515 8514 8538
f 8591 8551 8517
f 8514 8517 8552
f 8502 8511 8538
f 8539 8540 8504
f 8475 8549 8547
f 8472 8465 8476
f 8115 8107 8111
f 8116 8115 8532
f 8117 8116 8533
f 8539 8538 8511
f 8578 8536 8535
f 8535 8580 8129
f 8592 8537 8536
f 8593 8592 8536
f 8593 8536 8578
f 8538 8537 8594
f 8594 8511 8538
f 8594 8576 8511
f 8580 8535 8574
f 8568 8539 8573
f 8592 8594 8537
f 8535 8129 8578
f 8511 8573 8539
f 8590 8591 8592
f 8592 8593 8590
f 8133 8577 8595
f 8577 8120 8578
f 8593 8578 8120
f 8577 8121 8120
f 8120 8590 8593
f 8133 8121 8577
f 8596 8597 8595
f 8595 8577 8596
f 8133 8595 8597
f 8597 8596 8598
f 8598 8599 8597
f 8604 8601 8602
f 8597 8599 7924
f 8604 8602 7927
f 7928 7927 8602
f 8602 8603 7928
f 8600 8601 7926
f 8606 7926 8601
f 8601 8604 8606
f 8598 8600 8607
f 8605 8608 7928
f 7928 8603 8605
f 8607 8599 8598
f 7926 8607 8600
f 7927 8606 8604
f 8606 7927 7926
f 7924 8599 8607
f 8608 8605 8609
f 8609 8610 8608
f 8612 8614 8615
f 8613 8614 8612
f 8601 8600 8577
f 8579 8611 8602
f 8611 8609 8605
f 8602 8601 8579
f 8605 8603 8611
f 8612 8611 8579
f 8603 8602 8611
f 8596 8577 8600
f 8577 8579 8601
f 8600 8598 8596
f 8615 8611 8612
f 8591 8579 8576
f 8591 8576 8594
f 8616 8579 8513
f 8579 8591 8517
f 8516 8513 8579
f 8517 8516 8579
f 8594 8592 8591
f 8612 8579 8616
f 8616 8512 8612
f 8612 8617 8613
f 8613 8618 8614
f 8483 8610 8609
f 8609 8611 8483
f 8512 8501 8617
f 8501 8619 8613
f 8619 8503 8618
f 8503 8620 8614
f 8620 8621 8615
f 8621 8483 8611
f 8611 8615 8621
f 8615 8614 8620
f 8614 8618 8503
f 8618 8613 8619
f 8613 8617 8501
f 8617 8612 8512
f 8610 8483 8499
f 8621 8509 8483
f 8509 8621 8620
f 8585 8588 8587
f 8587 8378 8585
f 8378 8446 8585
f 8446 8518 8520
f 8446 8520 8521
f 8521 8585 8446
f 8518 8446 8622
f 8623 8624 8622
f 8622 8446 8623
f 8482 8625 8626
f 8625 8627 8628
f 8627 8493 8629
f 8493 8630 8631
f 8630 8496 8632
f 8496 8624 8623
f 8623 8632 8496
f 8632 8631 8630
f 8631 8629 8493
f 8629 8628 8627
f 8628 8626 8625
f 8626 8633 8482
f 8623 8631 8632
f 8625 8490 8627
f 8490 8625 8482
f 8482 8633 8634
f 8634 8635 8482
f 8637 8635 8634
f 8634 8636 8637
f 8639 8640 8643
f 8639 8643 8642
f 8641 8643 8640
f 8633 8638 8636
f 8446 8640 8639
f 8640 8446 8445
f 8623 8626 8628
f 8645 8644 8641
f 8633 8639 8638
f 8445 8641 8640
f 8623 8629 8631
f 8623 8633 8626
f 8641 8445 8645
f 8639 8633 8446
f 8446 8633 8623
f 8628 8629 8623
f 8636 8634 8633
f 8589 8586 8319
f 8318 8445 8377
f 8319 8377 8589
f 8445 8318 8337
f 8377 8319 8318
f 8645 8445 8337
f 8337 8646 8645
f 8337 8647 8646
f 8646 8648 8644
f 8644 8645 8646
f 8649 8642 8643
f 8641 8650 7939
f 7939 8643 8641
f 7937 8638 8639
f 8642 8649 7938
f 7938 8639 8642
f 8636 8638 7937
f 8644 8648 8650
f 8650 8641 8644
f 7937 8637 8636
f 8639 7938 7937
f 8643 7939 8649
f 7941 8646 8647
f 7941 8648 8646
f 7939 7938 8649
f 8648 7941 8650
f 8654 8655 8651
f 8652 8654 8651
f 8653 8651 8655
f 8657 8658 8660
f 8660 8659 8661
f 8659 8660 8658
f 8663 8653 8484
f 8663 8656 8653
f 8484 8653 8655
f 8664 8486 8487
f 8484 8485 8663
f 8659 8658 8487
f 8487 8657 8664
f 8485 8664 8663
f 8657 8662 8664
f 8485 8486 8664
f 8658 8657 8487
f 8484 8655 8654
f 8662 8657 7930
f 7930 8657 8660
f 8661 8665 7953
f 7953 8660 8661
f 8665 8661 8659
f 8666 8659 8487
f 8487 8667 8666
f 8659 8666 8665
f 8668 8667 8484
f 8669 8668 8654
f 8654 8652 8669
f 8652 8651 7956
f 7935 7956 8651
f 8651 8653 7935
f 8656 7936 7935
f 7935 8653 8656
f 7956 8669 8652
f 8484 8654 8668
f 8487 8484 8667
f 8660 7953 7930
f 7930 7929 8662
f 8670 8671 8663
f 8663 8664 8670
f 8670 8664 8662
f 8662 7929 8670
f 8665 8666 7953
f 7956 8668 8669
f 8671 7936 8656
f 8656 8663 8671
f 7976 7902 8672
f 7902 7974 8672
f 7984 8673 8672
f 8674 7984 7983
f 8672 7974 7984
f 8674 8673 7984
f 7976 8675 8674
f 8674 7983 7976
f 8672 8675 7976
f 7983 7978 7976
f 8674 8675 8672
f 8673 8674 8672
f 8501 8500 8619
f 8503 8619 8500
f 8503 8508 8620
f 8509 8620 8508
f 7946 7945 8676
f 8676 8677 7946
f 7947 7946 8677
f 8023 7947 8678
f 8339 8027 8678
f 8026 8678 8027
f 8023 7948 7947
f 8678 8026 8023
f 7938 8637 7937
f 7938 7936 8637
f 8650 7940 7939
f 8667 7933 7932
f 8650 7941 7940
f 8494 8630 8493
f 7932 8666 8667
f 8668 7956 7934
f 8679 7942 7941
f 8337 8680 8647
f 7941 8647 8680
f 8635 8637 7936
f 8489 8627 8490
f 8666 7932 7931
f 7934 7933 8668
f 7936 8671 8635
f 8627 8489 8493
f 8498 8624 8496
f 8498 8518 8622
f 7931 7953 8666
f 8630 8494 8496
f 8622 8624 8498
f 8667 8668 7933
f 7936 7938 7937
f 8610 8670 7929
f 7928 8608 7927
f 8608 7929 7927
f 8482 8671 8670
f 8499 8482 8610
f 8670 8610 8482
f 8635 8671 8482
f 7928 7927 7929
f 7929 8608 8610
f 8680 8337 8336
f 7924 7923 8681
f 7926 7925 8607
f 8134 8133 8682
f 7925 7924 8607
f 8597 8682 8133
f 8682 8597 7924
f 7919 8683 8684
f 8684 7920 7919
f 7914 7901 8685
f 7916 8685 7901
f 8685 7918 7914
f 7918 7915 7914
f 8683 7919 7918
f 8685 7916 8135
f 8616 8513 8512
f 7924 8686 8682
f 8134 8682 8686
f 8686 8687 8134
f 7923 7922 8688
f 7924 8689 8690
f 8690 8686 7924
f 8687 8686 8690
f 8690 8691 8687
f 8693 8681 7923
f 7923 8692 8693
f 8694 8692 7922
f 8692 8688 7922
f 8689 7924 8681
f 8681 8693 8689
f 7922 7921 8694
f 8692 7923 8688
f 8687 8691 8695
f 8695 8134 8687
f 8696 8138 8134
f 8134 8695 8696
f 7921 8138 8696
f 8696 8694 7921
f 8694 8697 8691
f 8691 8690 8693
f 8693 8692 8691
f 8690 8689 8693
f 8691 8692 8694
f 8694 8696 8697
f 8695 8691 8696
f 8697 8696 8691
f 8698 7943 7942
f 7944 8699 8700
f 8700 8338 7944
f 8700 8701 8336
f 8336 8338 8700
f 8701 8702 8336
f 8703 8704 7942
f 8698 7942 8704
f 8705 8703 8679
f 8699 7944 7943
f 7943 8704 8699
f 7943 8698 8704
f 8679 7941 8705
f 7942 8679 8703
f 8336 8702 8706
f 8706 8680 8336
f 7941 8680 8706
f 8706 8705 7941
f 8707 8699 8704
f 8703 8705 8708
f 8707 8704 8702
f 8702 8704 8703
f 8702 8700 8707
f 8703 8709 8702
f 8703 8708 8709
f 8705 8706 8709
f 8708 8705 8709
f 8700 8699 8707
f 8709 8706 8702
f 8700 8702 8701
f 7918 8685 8711
f 8712 8713 8684
f 7920 8684 8713
f 8714 8712 8683
f 8694 7921 7920
f 7920 8713 8694
f 8683 7918 8714
f 8684 8683 8712
f 8135 8710 8711
f 8711 8685 8135
f 8710 8715 8716
f 8716 8711 8710
f 8710 8135 8717
f 8696 8717 8135
f 8135 8138 8696
f 8717 8715 8710
f 7918 8711 8716
f 8716 8714 7918
f 8718 8713 8715
f 8715 8713 8712
f 8712 8716 8715
f 8712 8714 8716
f 8696 8697 8715
f 8696 8715 8717
f 8718 8694 8713
f 8697 8694 8718
f 8715 8697 8718
f 7947 8719 8720
f 8720 8678 7947
f 8339 8678 8720
f 8720 8721 8339
f 8722 8723 8676
f 8677 8676 8723
f 8699 8722 7945
f 8719 7947 8677
f 8677 8723 8719
f 7945 7944 8699
f 8676 7945 8722
f 8339 8721 8724
f 8700 8338 8339
f 8339 8724 8700
f 8723 8725 8719
f 8722 8699 8707
f 8722 8707 8726
f 8726 8724 8721
f 8721 8727 8723
f 8723 8722 8721
f 8727 8725 8723
f 8721 8722 8726
f 8726 8700 8724
f 8726 8707 8700
f 8719 8725 8727
f 8727 8720 8719
f 8721 8720 8727
f 7460 7453 8529
f 8728 7460 8530
f 7467 8728 8729
f 8730 7467 8580
f 8731 8730 8581
f 7484 8731 8732
f 7475 7484 8575
f 7470 7475 8572
f 7471 7470 8564
f 8733 7471 8565
f 7462 8733 8559
f 8734 7462 8527
f 8736 8734 8735
f 7455 8736 8737
f 7457 7455 8738
f 7454 7457 8522
f 7453 7454 8739
f 8739 8529 7453
f 8522 8739 7454
f 8738 8522 7457
f 8737 8738 7455
f 8735 8737 8736
f 8527 8735 8734
f 8559 8527 7462
f 8565 8559 8733
f 8564 8565 7471
f 8572 8564 7470
f 8575 8572 7475
f 8732 8575 7484
f 8581 8732 8731
f 8580 8581 8730
f 8729 8580 7467
f 8530 8729 8728
f 8529 8530 7460
f 8525 8464 8738
f 8740 8739 8522
f 8740 8523 8739
f 8523 8529 8739
f 8580 8729 8128
f 8576 8732 8581
f 8526 8525 8737
f 8738 8464 8522
f 8581 8578 8576
f 8511 8575 8732
f 8738 8737 8525
f 8530 8531 8729
f 8573 8572 8575
f 8573 8563 8572
f 8732 8576 8511
f 8572 8563 8564
f 8527 8526 8735
f 8729 8531 8128
f 8737 8735 8526
f 7458 8523 8740
f 8741 8740 8522
f 7457 8522 8464
f 7456 8464 8525
f 7451 8525 8526
f 7464 8526 8527
f 7462 8527 8477
f 7465 8477 8566
f 7472 8566 8565
f 7470 8564 8563
f 7469 8563 8573
f 7476 8573 8575
f 7484 8575 8511
f 7490 8511 8576
f 7489 8576 8578
f 7488 8578 8580
f 7467 8580 8128
f 7466 8128 8531
f 7459 8531 8530
f 7453 8529 8523
f 8523 7458 7453
f 8530 7460 7459
f 8531 7459 7466
f 8128 7466 7467
f 8580 7467 7488
f 8578 7488 7489
f 8576 7489 7490
f 8511 7490 7484
f 8575 7484 7476
f 8573 7476 7469
f 8563 7469 7470
f 8565 7471 7472
f 8566 7472 7465
f 8477 7465 7462
f 8527 7462 7464
f 8526 7464 7451
f 8525 7451 7456
f 8464 7456 7457
f 8522 7457 8741
f 8740 8741 7458
f 7466 8728 7467
f 7466 7459 8728
f 7458 7454 7453
f 7457 7454 8741
f 7454 7458 8741
f 7451 8736 7455
f 7465 8733 7462
f 7465 7472 8733
f 7470 7469 7475
f 7490 7489 8731
f 8728 7459 7460
f 7457 7456 7455
f 7464 8734 8736
f 7484 7475 7476
f 8731 7484 7490
f 7489 7488 8730
f 8734 7464 7462
f 8730 8731 7489
f 8736 7451 7464
f 7475 7469 7476
f 8733 7472 7471
f 7467 8730 7488
f 7391 8742 8743
f 8744 7391 7970
f 8746 8744 8745
f 7381 8746 7972
f 8747 7381 8101
f 7306 8747 8748
f 7305 7306 8071
f 7311 7305 8070
f 7313 7311 8749
f 7315 7313 8750
f 7310 7315 7861
f 8751 7310 7862
f 7317 8751 8752
f 8753 7317 8155
f 7397 8753 8754
f 7398 7397 8150
f 8742 7398 8148
f 8148 8743 8742
f 8150 8148 7398
f 8754 8150 7397
f 8155 8754 8753
f 8752 8155 7317
f 7862 8752 8751
f 7861 7862 7310
f 8750 7861 7315
f 8749 8750 7313
f 8070 8749 7311
f 8071 8070 7305
f 8748 8071 7306
f 8101 8748 8747
f 7972 8101 7381
f 8745 7972 8746
f 7970 8745 8744
f 8743 7970 7391
f 8152 8151 8754
f 7967 7968 7972
f 8150 8754 8151
f 8143 8743 8148
f 7972 8745 7967
f 7973 8101 7972
f 8155 8152 8754
f 7969 7970 8743
f 8072 8748 8101
f 8743 8143 7969
f 7971 7967 8745
f 8071 8748 8072
f 8745 7970 7971
f 8045 8749 8070
f 8750 8749 7892
f 8750 8164 7861
f 8163 8162 8752
f 8749 8045 7892
f 8752 7862 8163
f 8155 8752 8162
f 7394 8143 8148
f 7397 8150 8151
f 7395 8151 8152
f 7384 8152 8155
f 7317 8155 8162
f 7319 8162 8163
f 7253 8163 8164
f 7314 8164 8750
f 7313 8750 7892
f 8755 7892 8045
f 7312 8045 8070
f 7306 8071 8072
f 7320 8072 7973
f 7382 7973 7968
f 7387 7968 7967
f 7386 7967 7971
f 7390 7971 7969
f 7393 7969 8143
f 8143 7394 7393
f 7969 7393 7390
f 7971 7390 7386
f 7967 7386 7387
f 7968 7387 7382
f 7973 7382 7320
f 8072 7320 7306
f 8070 7305 7312
f 8045 7312 8755
f 7892 8755 7313
f 8750 7313 7314
f 8164 7314 7253
f 8163 7253 7319
f 8162 7319 7317
f 8155 7317 7384
f 8152 7384 7395
f 8151 7395 7397
f 8148 7398 7394
f 7386 8744 8746
f 7382 7387 8746
f 7390 7391 8744
f 8742 7391 7393
f 7394 7398 8742
f 8746 7387 7386
f 7395 8753 7397
f 7253 7310 8751
f 8755 7311 7313
f 8755 7312 7311
f 7320 8747 7306
f 8744 7386 7390
f 8753 7395 7384
f 7317 7319 8751
f 7381 8747 7320
f 7320 7382 7381
f 8742 7393 7394
f 8751 7319 7253
f 7313 7315 7314
f 7305 7311 7312
f 8746 7381 7382
f 8753 7384 7317
f 7020 7011 8369
f 7023 7020 8368
f 8757 7023 8756
f 7018 8757 8367
f 8759 7018 8758
f 8760 8759 8761
f 7004 8760 8762
f 7008 7004 8391
f 7024 7008 8430
f 7022 7024 8435
f 7012 7022 8436
f 7015 7012 8442
f 8763 7015 8441
f 8765 8763 8764
f 8766 8765 8767
f 7005 8766 8768
f 8769 7005 8373
f 7011 8769 8770
f 8770 8369 7011
f 8373 8770 8769
f 8768 8373 7005
f 8767 8768 8766
f 8764 8767 8765
f 8441 8764 8763
f 8442 8441 7015
f 8436 8442 7012
f 8435 8436 7022
f 8430 8435 7024
f 8391 8430 7008
f 8762 8391 7004
f 8761 8762 8760
f 8758 8761 8759
f 8367 8758 7018
f 8756 8367 8757
f 8368 8756 7023
f 8369 8368 7020
f 8378 8377 8768
f 8331 8770 8373
f 8331 8370 8770
f 8370 8369 8770
f 8367 8756 8771
f 8367 8365 8758
f 8389 8761 8758
f 8443 8378 8767
f 8768 8377 8373
f 8758 8365 8389
f 8388 8762 8761
f 8768 8767 8378
f 8391 8403 8430
f 8756 8368 8364
f 8761 8389 8388
f 8436 8437 8442
f 8441 8442 8438
f 8756 8364 8771
f 8430 8403 8434
f 8767 8764 8443
f 7006 8370 8331
f 7007 8331 8373
f 7005 8373 8377
f 7013 8377 8378
f 7021 8378 8443
f 7025 8443 8764
f 7015 8441 8438
f 7031 8438 8437
f 7014 8437 8436
f 7024 8435 8434
f 7016 8434 8403
f 7017 8403 8391
f 8760 8762 8388
f 7010 8388 8389
f 7009 8389 8365
f 7071 8365 8367
f 8757 8367 8771
f 8772 8771 8364
f 8773 8364 8368
f 7011 8369 8370
f 8370 7006 7011
f 8368 7020 8773
f 8364 8773 8772
f 8771 8772 8757
f 8367 8757 7071
f 8365 7071 7009
f 8389 7009 7010
f 8388 7010 8760
f 8391 7004 7017
f 8403 7017 7016
f 8434 7016 7024
f 8436 7022 7014
f 8437 7014 7031
f 8438 7031 7015
f 8764 8763 7025
f 8443 7025 7021
f 8378 7021 7013
f 8377 7013 7005
f 8373 7005 7007
f 8331 7007 7006
f 8772 7023 8757
f 8772 8773 7023
f 8773 7020 7023
f 7006 8769 7011
f 7005 8769 7007
f 8769 7006 7007
f 7021 8765 8766
f 7031 7012 7015
f 7010 7009 8759
f 7005 7013 8766
f 8766 7013 7021
f 7025 8763 8765
f 8759 8760 7010
f 7018 8759 7009
f 8765 7021 7025
f 7012 7014 7022
f 8757 7018 7071
f 8776 8777 8775
f 8777 8774 8775
f 8774 8777 8778
f 8777 8776 8778
f 8776 8779 8778
f 8776 8775 8780
f 8775 8774 8781
f 8781 8780 8775
f 8780 8779 8776
f 8778 8781 8774
f 8782 8783 8784
f 8783 8785 8786
f 8783 8786 8784
f 8787 8780 8781
f 8780 8787 8788
f 8822 8787 8781
f 8781 8778 8822
f 8789 8791 8790
f 8786 8792 8793
f 8789 8780 8788
f 8785 8794 8792
f 8793 8790 8786
f 8788 8791 8789
f 8795 8796 8797
f 8778 8779 8822
f 8822 8784 8798
f 8792 8786 8785
f 8800 8801 8796
f 8790 8793 8789
f 8798 8787 8822
f 8796 8795 8800
f 8802 8795 8797
f 8800 8789 8801
f 8799 8797 8794
f 8799 8802 8797
f 8789 8800 8780
f 8800 8779 8780
f 8800 8822 8779
f 8794 8785 8799
f 8782 8803 8804
f 8782 8822 8805
f 8805 8803 8782
f 8804 8806 8782
f 8810 8811 8812
f 8809 8807 8804
f 8809 8808 8807
f 8822 8800 8813
f 8800 8814 8813
f 8810 8815 8816
f 8800 8817 8818
f 8813 8805 8822
f 8816 8800 8810
f 8812 8815 8810
f 8811 8809 8804
f 8800 8816 8814
f 8817 8800 8819
f 8819 8820 8817
f 8821 8807 8808
f 8804 8812 8811
f 8818 8810 8800
f 8820 8819 8821
f 8808 8820 8821
f 8804 8807 8806
f 8784 8822 8782
f 8825 8826 8799
f 8826 8802 8799
f 8814 8816 8813
f 8787 8827 8788
f 8798 8784 8787
f 8801 8828 8829
f 8829 8797 8801
f 8794 8797 8829
f 8792 8794 8831
f 8794 8830 8831
f 8801 8792 8828
f 8792 8831 8828
f 8793 8792 8801
f 8796 8801 8797
f 8801 8789 8793
f 8829 8830 8794
f 8832 8810 8818
f 8811 8810 8833
f 8809 8811 8834
f 8811 8835 8834
f 8808 8809 8836
f 8809 8834 8836
f 8820 8808 8837
f 8808 8836 8837
f 8818 8820 8832
f 8820 8837 8832
f 8818 8817 8820
f 8833 8835 8811
f 8832 8833 8810
f 8838 8832 8837
f 8828 8839 8829
f 8831 8840 8841
f 8841 8828 8831
f 8816 8815 8843
f 8815 8812 8844
f 8812 8804 8845
f 8804 8803 8846
f 8803 8805 8847
f 8805 8813 8848
f 8813 8816 8849
f 8842 8849 8816
f 8849 8848 8813
f 8848 8847 8805
f 8847 8846 8803
f 8846 8845 8804
f 8845 8844 8812
f 8844 8843 8815
f 8843 8842 8816
f 8846 8847 8849
f 8847 8848 8849
f 8842 8843 8849
f 8843 8844 8849
f 8844 8845 8849
f 8845 8846 8849
f 8788 8827 8851
f 8827 8787 8852
f 8787 8784 8853
f 8784 8786 8854
f 8786 8790 8855
f 8790 8791 8855
f 8791 8788 8850
f 8850 8856 8791
f 8856 8855 8791
f 8855 8854 8786
f 8854 8853 8784
f 8853 8852 8787
f 8852 8851 8827
f 8851 8850 8788
f 8851 8853 8854
f 8854 8855 8851
f 8855 8856 8851
f 8856 8850 8851
f 8852 8853 8851
f 8824 8821 8819
f 8800 8795 8819
f 8795 8826 8825
f 8795 8802 8826
f 8857 8858 8819
f 8819 8795 8857
f 8857 8861 8862
f 8862 8859 8857
f 8857 8860 8861
f 8859 8858 8857
f 8860 8857 8795
f 8864 8863 8795
f 8795 8863 8860
f 8795 8825 8864
f 8860 8863 8865
f 8865 8861 8860
f 8864 8866 8867
f 8867 8863 8864
f 8864 8868 8866
f 8799 8868 8864
f 8864 8825 8799
f 8862 8861 8865
f 8865 8869 8862
f 8870 8824 8819
f 8819 8871 8870
f 8819 8859 8871
f 8819 8858 8859
f 8869 8865 8867
f 8867 8872 8869
f 8865 8863 8867
f 8871 8869 8872
f 8859 8869 8871
f 8859 8862 8869
f 8870 8871 8872
f 8872 8873 8870
f 8873 8821 8824
f 8823 8821 8873
f 8873 8874 8823
f 8870 8873 8824
f 8875 8806 8821
f 8807 8821 8806
f 8821 8823 8875
f 8783 8799 8785
f 8782 8806 8783
f 8877 8876 8783
f 8783 8806 8877
f 8877 8806 8875
f 8876 8878 8879
f 8876 8880 8878
f 8876 8881 8880
f 8876 8877 8882
f 8882 8881 8876
f 8879 8883 8876
f 8877 8884 8885
f 8877 8886 8884
f 8885 8882 8877
f 8877 8887 8886
f 8877 8888 8887
f 8889 8877 8875
f 8875 8890 8889
f 8875 8874 8890
f 8875 8823 8874
f 8874 8873 8891
f 8891 8890 8874
f 8892 8890 8891
f 8889 8890 8892
f 8892 8894 8889
f 8894 8893 8889
f 8893 8897 8898
f 8895 8899 8900
f 8900 8893 8895
f 8895 8901 8899
f 8900 8897 8893
f 8898 8896 8893
f 8895 8893 8894
f 8894 8902 8895
f 8902 8904 8903
f 8903 8895 8902
f 8891 8904 8902
f 8902 8894 8891
f 8894 8892 8891
f 8904 8906 8905
f 8904 8907 8906
f 8904 8891 8907
f 8908 8904 8905
f 8909 8905 8906
f 8905 8909 8908
f 8906 8907 8909
f 8910 8903 8904
f 8904 8908 8910
f 8903 8910 8911
f 8910 8908 8909
f 8912 8910 8909
f 8912 8909 8913
f 8912 8914 8910
f 8916 8909 8915
f 8909 8916 8914
f 8909 8914 8912
f 8939 8920 8921
f 8935 8931 8932
f 8937 8929 8936
f 8938 8928 8937
f 8936 8930 8931
f 8918 8915 8909
f 8917 8918 8909
f 8930 8936 8929
f 8924 8925 8923
f 8929 8937 8928
f 8919 8939 8918
f 8928 8938 8927
f 8920 8939 8919
f 8951 8952 8953
f 8947 8948 8946
f 8944 8945 8943
f 8942 8943 8941
f 8868 8799 8783
f 8783 8958 8868
f 8959 8958 8783
f 8783 8876 8959
f 8868 8958 8960
f 8960 8866 8868
f 8958 8961 8960
f 8959 8961 8958
f 8962 8961 8959
f 8964 8963 8965
f 8963 8966 8965
f 8965 8967 8964
f 8968 8966 8963
f 8959 8963 8964
f 8959 8964 8969
f 8969 8962 8959
f 8964 8971 8969
f 8971 8964 8970
f 8960 8962 8969
f 8960 8961 8962
f 8969 8971 8960
f 8972 8960 8971
f 8973 8974 8971
f 8971 8970 8973
f 8975 8973 8970
f 8974 8976 8971
f 8976 8972 8971
f 8973 8976 8974
f 8973 8977 8976
f 8978 8979 8976
f 8976 8977 8978
f 8998 8985 8986
f 8997 8993 8994
f 8999 8984 8985
f 8997 8994 8996
f 9000 8983 8984
f 8996 8994 8995
f 8996 8995 8976
f 8976 8979 8996
f 8983 9000 8982
f 8985 8998 8999
f 8984 8999 9000
f 8981 9001 8980
f 8982 9000 9001
f 8982 9001 8981
f 8993 8997 8992
f 9002 9003 8980
f 9003 9004 8980
f 9005 9006 8934
f 9004 9007 8980
f 9008 9009 8980
f 8992 8831 8972
f 9007 9008 8980
f 8909 8907 8917
f 8907 8834 8921
f 8841 8840 8928
f 8831 8990 8989
f 8992 8991 8831
f 8981 8980 9009
f 8907 8921 8920
f 8834 8922 8921
f 8928 8834 8841
f 8960 8972 8831
f 8991 8990 8831
f 8972 8994 8993
f 8995 8972 8976
f 8840 8984 8983
f 9010 8982 8981
f 8834 8924 8923
f 8834 8926 8925
f 8928 8927 8834
f 8993 8992 8972
f 8995 8994 8972
f 8831 8988 8987
f 8840 8985 8984
f 8840 8831 8985
f 9009 9010 8981
f 8982 9010 8840
f 8907 8918 8917
f 8923 8922 8834
f 8834 8927 8926
f 8831 8830 8960
f 8831 8989 8988
f 8933 8840 9011
f 8933 9012 9005
f 8907 8919 8918
f 8925 8924 8834
f 8831 8987 8986
f 8840 8930 8929
f 8840 8932 8931
f 9010 9011 8840
f 8933 9011 9012
f 8920 8919 8907
f 8891 8873 8836
f 8867 8833 8832
f 8983 8982 8840
f 8929 8928 8840
f 8934 8933 9005
f 8891 8836 8834
f 8832 8872 8867
f 8986 8985 8831
f 8931 8930 8840
f 8834 8907 8891
f 8873 8872 8837
f 8838 8837 8872
f 8832 8838 8872
f 8833 8867 8839
f 8830 8866 8960
f 8933 8932 8840
f 8839 8828 8833
f 8834 8835 8841
f 8829 8839 8867
f 8837 8836 8873
f 8828 8841 8833
f 8829 8867 8866
f 8841 8835 8833
f 8830 8829 8866
f 9019 9012 9011
f 9014 9007 9004
f 9003 9013 9004
f 9015 9008 9014
f 9016 9009 9008
f 9011 9010 9017
f 9019 9011 9018
f 9005 9020 9006
f 9007 9014 9008
f 9012 9019 9005
f 9021 9013 9002
f 9013 9003 9002
f 9022 9013 9021
f 9021 9023 9022
f 9023 9021 9002
f 9002 9024 9023
f 9020 8934 9006
f 9025 8934 9020
f 9026 8934 9025
f 9026 8940 8934
f 9026 9025 9020
f 9027 9026 9020
f 9005 9019 9028
f 9018 9029 9028
f 9028 9019 9018
f 9018 9011 9030
f 9017 9031 9030
f 9030 9011 9017
f 9017 9010 9032
f 9009 9033 9032
f 9032 9010 9009
f 9016 9034 9033
f 9033 9009 9016
f 9016 9008 9035
f 9015 9036 9035
f 9035 9008 9015
f 9015 9014 9037
f 9004 9038 9037
f 9037 9014 9004
f 9004 9013 9022
f 9022 9038 9004
f 9005 9039 9027
f 9027 9020 9005
f 9037 9036 9015
f 9035 9034 9016
f 9032 9031 9017
f 9030 9029 9018
f 9028 9039 9005
f 9037 9040 9035
f 9028 9041 9039
f 9037 9040 9038
f 9029 9030 9028
f 9031 9032 9030
f 9035 9033 9034
f 9037 9035 9036
f 9041 9028 9030
f 9044 9042 9043
f 9052 9053 9054
f 9048 9049 9047
f 8918 8939 8956
f 8939 8921 8955
f 8923 8925 8951
f 8925 8926 8950
f 8926 8927 8949
f 8927 8938 8948
f 8938 8937 8946
f 8937 8936 8945
f 8936 8931 8945
f 8931 8935 8943
f 8935 8932 8943
f 8932 8933 8941
f 8933 8934 8940
f 8915 8918 8957
f 8922 8923 9058
f 8923 8953 9058
f 8953 8954 9058
f 8954 8955 9058
f 9058 8955 8921
f 9058 8921 8922
f 8957 8916 8915
f 8940 8941 8933
f 8941 8943 8932
f 8943 8945 8931
f 8945 8946 8937
f 8946 8948 8938
f 8948 8949 8927
f 8949 8950 8926
f 8950 8951 8925
f 8951 8953 8923
f 8955 8956 8939
f 8956 8957 8918
f 9002 8980 9057
f 8980 9001 9056
f 9001 9000 9055
f 9000 8999 9054
f 8999 8998 9052
f 8998 8986 9051
f 8986 8987 9050
f 8987 8988 9049
f 8988 8989 9049
f 8989 8990 9047
f 8992 8997 9044
f 8997 8996 9042
f 9059 9047 8990
f 9059 8990 8991
f 8991 8992 9059
f 8992 9045 9059
f 9059 9045 9046
f 8996 8979 8978
f 8978 9042 8996
f 9059 9046 9047
f 9042 9044 8997
f 9044 9045 8992
f 9047 9049 8989
f 9049 9050 8987
f 9050 9051 8986
f 9051 9052 8998
f 9052 9054 8999
f 9054 9055 9000
f 9055 9056 9001
f 9056 9057 8980
f 9057 9024 9002
f 9060 9061 8957
f 8886 8887 9064
f 9065 9066 8975
f 8883 8879 9067
f 9069 9070 8968
f 8968 8963 9069
f 8959 8876 9071
f 9070 9068 8968
f 8963 8959 9069
f 9071 9069 8959
f 9071 8876 9072
f 9072 8876 8883
f 8888 8877 8889
f 8889 8893 8888
f 8896 8898 9073
f 8893 9074 9075
f 9074 8893 8896
f 9073 9074 8896
f 8887 8888 9064
f 9075 8888 8893
f 9064 8888 9075
f 9062 8897 8900
f 8900 9077 9062
f 9062 8898 8897
f 8895 9078 9079
f 8911 9080 9078
f 9079 8901 8895
f 9078 8903 8911
f 8910 8914 9080
f 8911 8910 9080
f 9080 8914 8916
f 8916 8957 9080
f 9081 9060 8956
f 8956 9082 9081
f 8899 8901 9083
f 9082 9083 8901
f 8957 8956 9060
f 9083 9077 8899
f 9082 8956 8955
f 8955 9085 9084
f 9085 8955 8954
f 8951 9086 8952
f 9086 8951 8950
f 9087 8954 8953
f 9087 9085 8954
f 8949 8884 8950
f 9063 8953 8952
f 8886 9088 8950
f 8950 8884 8886
f 8884 8947 8946
f 8940 8942 8941
f 9089 8943 8942
f 8946 8944 8884
f 8943 9089 8944
f 8884 8948 8947
f 8949 8948 8884
f 8885 8884 8944
f 8946 8945 8944
f 9026 9027 9039
f 8940 9026 9039
f 9038 9023 9024
f 9038 9022 9023
f 9024 9037 9038
f 8878 8880 9053
f 8880 9054 9053
f 9053 9052 8878
f 9052 9051 8878
f 9067 9049 9048
f 8879 8878 9050
f 9050 9049 9067
f 9048 9047 9067
f 9047 9090 9048
f 9048 9090 9072
f 9046 9091 9090
f 9047 9046 9090
f 9092 9091 9045
f 9093 9094 8965
f 8966 9068 9093
f 9046 9045 9091
f 8965 9094 9096
f 9095 9092 9045
f 9096 8967 8965
f 8967 9096 9095
f 9045 9097 9095
f 9044 9043 9097
f 9097 9045 9044
f 8975 9066 9098
f 9098 8977 8973
f 9098 9042 8978
f 9042 9098 9066
f 8978 8977 9098
f 9066 9043 9042
f 9098 8973 8975
f 8964 8967 9099
f 9065 8970 8964
f 9099 9065 8964
f 9100 9101 9030
f 9032 9102 9100
f 9041 9103 9028
f 9030 9032 9100
f 9103 9104 9105
f 9041 9030 9101
f 8882 9106 9102
f 8882 9105 9104
f 9102 9033 8882
f 8940 9107 8942
f 9104 9106 8882
f 8885 9089 9105
f 8940 9103 9107
f 9105 8882 8885
f 9032 9033 9102
f 9103 8940 9028
f 8880 9108 9055
f 9108 9109 9056
f 9110 9111 9024
f 9056 9055 9108
f 9109 9112 9056
f 9112 9110 9057
f 9024 9057 9110
f 8881 9114 9113
f 9057 9056 9112
f 8880 8881 9113
f 9055 9054 8880
f 9113 9108 8880
f 9037 9024 9111
f 9115 9035 9040
f 9115 9116 9035
f 9117 9118 9033
f 9035 9116 9117
f 8882 9033 9118
f 8881 8882 9119
f 9033 9035 9117
f 9118 9119 8882
f 9119 9114 8881
f 9037 9111 9040
f 8965 8966 9093
f 9050 9067 8879
f 9051 9050 8878
f 9039 9028 8940
f 8944 9089 8885
f 8895 8903 9078
f 9077 8900 8899
f 8968 9068 8966
f 9067 9072 8883
f 8975 8970 9065
f 9064 9088 8886
f 9061 9080 8957
f 9082 8901 9079
f 9082 9079 9120
f 9120 9121 9082
f 9122 9123 9060
f 9060 9123 9124
f 9124 9080 9061
f 9121 9122 9081
f 9081 9082 9121
f 9124 9061 9060
f 9060 9081 9122
f 9078 9080 9124
f 9124 9125 9078
f 9120 9125 9122
f 9125 9124 9123
f 9123 9122 9125
f 9122 9121 9120
f 9078 9125 9120
f 9120 9079 9078
f 8955 9084 9082
f 9076 9062 9085
f 9084 9085 9127
f 9127 9126 9084
f 9126 9082 9084
f 9126 9129 9128
f 9126 9127 9129
f 9083 9128 9129
f 9129 9062 9083
f 9083 9082 9126
f 9126 9128 9083
f 9085 9062 9129
f 9129 9127 9085
f 9077 9083 9062
f 9063 9075 8953
f 9063 9064 9075
f 9087 8953 9075
f 9087 9075 9130
f 9130 9131 9087
f 9131 9127 9087
f 9127 9085 9087
f 9131 9132 9129
f 9131 9130 9132
f 9129 9127 9131
f 9074 9062 9129
f 9129 9132 9074
f 9074 9132 9130
f 9130 9075 9074
f 9062 9085 9127
f 9127 9129 9062
f 9073 9062 9074
f 9073 8898 9062
f 8952 9064 9063
f 9088 9064 8950
f 8952 9134 9133
f 9086 9135 9134
f 9086 8950 9135
f 8952 9086 9134
f 8950 9064 9136
f 9136 9135 8950
f 8952 9133 9136
f 9136 9064 8952
f 9136 9133 9134
f 9134 9135 9136
f 9111 9110 9113
f 9112 9138 9137
f 9110 9137 9139
f 9138 9112 9109
f 9109 9108 9138
f 9110 9112 9137
f 9113 9140 9138
f 9138 9108 9113
f 9113 9110 9139
f 9139 9140 9113
f 9140 9137 9138
f 9140 9139 9137
f 9099 8967 9065
f 9099 8967 9095
f 9066 9098 9065
f 9065 9099 9141
f 9141 9142 9065
f 9142 9143 9144
f 9141 9145 9143
f 9143 9142 9141
f 9144 9146 9142
f 9143 9097 9043
f 9043 9144 9143
f 9145 9095 9097
f 9097 9143 9145
f 9043 9066 9146
f 9146 9144 9043
f 9065 9142 9146
f 9146 9066 9065
f 9095 9145 9141
f 9141 9099 9095
f 9094 9093 9096
f 9092 9095 9147
f 9091 9148 9149
f 9149 9093 9091
f 9096 9093 9149
f 9149 9150 9096
f 9092 9151 9148
f 9092 9147 9151
f 9148 9091 9092
f 9150 9149 9151
f 9149 9148 9151
f 9096 9150 9151
f 9151 9147 9096
f 9147 9095 9096
f 9050 9072 9067
f 9152 9050 9067
f 9153 9152 9048
f 9152 9067 9048
f 9050 9152 9154
f 9154 9072 9050
f 9048 9072 9154
f 9154 9153 9048
f 9152 9153 9154
f 9090 9071 9072
f 9090 9155 9156
f 9156 9071 9090
f 9148 9155 9090
f 9090 9091 9148
f 9155 9148 9149
f 9149 9156 9155
f 9149 9157 9156
f 9069 9071 9156
f 9156 9157 9069
f 9093 9069 9157
f 9157 9149 9093
f 9093 9149 9148
f 9148 9091 9093
f 9069 9093 9070
f 9068 9070 9093
f 9105 8944 9089
f 9107 9103 9105
f 8942 9107 9158
f 9105 9089 9159
f 9159 9160 9105
f 9161 9159 8942
f 9162 9161 9107
f 9161 9158 9107
f 9089 8942 9159
f 8942 9158 9161
f 9105 9160 9162
f 9162 9107 9105
f 9159 9161 9160
f 9161 9162 9160
f 9101 9100 9163
f 9164 9107 9041
f 9107 9103 9041
f 9104 9107 9164
f 9104 9103 9107
f 9165 9166 9101
f 9166 9041 9101
f 9166 9167 9041
f 9167 9164 9041
f 9168 9165 9100
f 9165 9163 9100
f 9100 9102 9168
f 9101 9163 9165
f 9169 9170 9165
f 9170 9167 9166
f 9166 9165 9170
f 9165 9168 9169
f 9104 9170 9169
f 9169 9106 9104
f 9104 9164 9167
f 9167 9170 9104
f 9102 9106 9169
f 9169 9168 9102
f 9040 9115 9171
f 9116 9117 9115
f 9171 9040 9111
f 9171 9111 9110
f 9119 9113 9114
f 9119 9172 9113
f 9118 9173 9174
f 9174 9119 9118
f 9175 9116 9115
f 9115 9176 9175
f 9173 9118 9117
f 9117 9175 9173
f 9176 9040 9171
f 9171 9177 9176
f 9117 9116 9175
f 9115 9040 9176
f 9172 9119 9174
f 9174 9178 9172
f 9178 9175 9176
f 9174 9173 9175
f 9175 9178 9174
f 9176 9177 9178
f 9172 9178 9177
f 9177 9171 9172
f 9113 9172 9110
f 9171 9110 9172
f 7199 7198 8297
f 7182 7199 8296
f 7178 7182 9179
f 9180 7178 8237
f 7172 9180 9181
f 7174 7172 8031
f 9182 7174 8032
f 7171 9182 9183
f 7157 7171 9184
f 7156 7157 8277
f 7185 7156 8279
f 7184 7185 8302
f 9185 7184 8039
f 9187 9185 9186
f 9189 9187 9188
f 7194 9189 9190
f 9191 7194 8042
f 7198 9191 9192
f 9192 8297 7198
f 8042 9192 9191
f 9190 8042 7194
f 9188 9190 9189
f 9186 9188 9187
f 8039 9186 9185
f 8302 8039 7184
f 8279 8302 7185
f 8277 8279 7156
f 9184 8277 7157
f 9183 9184 7171
f 8032 9183 9182
f 8031 8032 7174
f 9181 8031 7172
f 8237 9181 9180
f 9179 8237 7178
f 8296 9179 7182
f 8297 8296 7199
f 8037 8041 9188
f 8042 8298 9192
f 9190 9188 8041
f 8298 8297 9192
f 8237 8236 9181
f 8236 8031 9181
f 8038 8037 9188
f 9190 8041 8042
f 8228 9183 8032
f 9183 8006 9184
f 9179 8296 8293
f 8279 8278 8302
f 9184 8273 8277
f 8039 8302 8265
f 9179 8293 8237
f 8039 8038 9186
f 9184 8006 8273
f 8302 8278 8265
f 9188 9186 8038
f 7196 8298 8042
f 7194 8042 8041
f 7193 8041 8037
f 7189 8037 8038
f 7188 8038 8039
f 7184 8039 8265
f 7176 8265 8278
f 7175 8278 8279
f 7157 8277 8273
f 9193 8273 8006
f 9194 8006 9183
f 9182 9183 8228
f 7173 8228 8235
f 7164 8235 8236
f 7180 8236 8237
f 7178 8237 8293
f 7183 8293 8296
f 7198 8297 8298
f 8298 7196 7198
f 8296 7199 7183
f 8293 7183 7178
f 8237 7178 7180
f 8236 7180 7164
f 8235 7164 7173
f 8228 7173 9182
f 9183 9182 9194
f 8006 9194 9193
f 8273 9193 7157
f 8279 7156 7175
f 8278 7175 7176
f 8265 7176 7184
f 8039 7184 7188
f 8038 7188 7189
f 8037 7189 7193
f 8041 7193 7194
f 8042 7194 7196
f 7183 7199 7182
f 7196 9191 7198
f 9191 7196 7194
f 7193 9187 9189
f 7176 7185 7184
f 7176 7175 7185
f 7157 9193 7171
f 7173 7164 7172
f 7194 7193 9189
f 9187 7193 7189
f 7188 9185 9187
f 7188 7184 9185
f 9193 9194 7171
f 7172 7174 7173
f 7164 7180 7172
f 7174 9182 7173
f 9180 7172 7180
f 9187 7189 7188
f 7171 9194 9182
f 7185 7175 7156
f 7178 9180 7180
f 9197 9198 9196
f 9198 9195 9196
f 9196 9199 9200
f 9200 9197 9196
f 9195 9198 9201
f 9197 9202 9201
f 9201 9198 9197
f 9197 9203 9202
f 9197 9200 9203
f 9203 9200 9199
f 9199 9204 9203
f 9204 9199 9196
f 9206 9196 9195
f 9206 9205 9196
f 9205 9204 9196
f 9201 9206 9195
f 9204 9205 9217
f 9205 9206 9211
f 9206 9201 9212
f 9201 9202 9218
f 9202 9203 9216
f 9203 9204 9207
f 9207 9217 9209
f 9209 9217 9210
f 9212 9218 9213
f 9207 9209 9208
f 9214 9216 9215
f 9216 9214 9218
f 9214 9213 9218
f 9211 9210 9217
f 9207 9216 9203
f 9216 9218 9202
f 9218 9212 9201
f 9212 9211 9206
f 9211 9217 9205
f 9217 9207 9204
f 9220 9221 9212
f 9223 9207 9208
f 9224 9225 9209
f 9225 9219 9208
f 9226 9211 9212
f 9223 9227 9207
f 9213 9228 9220
f 9208 9219 9223
f 9227 9216 9207
f 9227 9230 9215
f 9230 9214 9215
f 9228 9213 9214
f 9212 9213 9220
f 9229 9227 9223
f 9208 9209 9225
f 9215 9216 9227
f 9224 9210 9233
f 9226 9234 9235
f 9236 9228 9214
f 9212 9221 9226
f 9210 9238 9233
f 9235 9210 9226
f 9231 9239 9223
f 9237 9229 9223
f 9235 9238 9210
f 9210 9211 9226
f 9239 9237 9223
f 9240 9214 9230
f 9209 9210 9224
f 9240 9236 9214
f 9232 9231 9223
f 9219 9232 9223
f 9220 9222 9221
f 9222 9220 9243
f 9243 9242 9222
f 9225 9244 9219
f 9241 9245 9232
f 9232 9219 9241
f 9229 9246 9227
f 9247 9227 9246
f 9246 9248 9247
f 9239 9249 9250
f 9239 9231 9249
f 9237 9239 9250
f 9229 9237 9251
f 9231 9232 9245
f 9245 9249 9231
f 9229 9248 9246
f 9229 9252 9248
f 9251 9252 9229
f 9250 9251 9237
f 9247 9230 9227
f 9242 9243 9256
f 9221 9234 9226
f 9228 9258 9220
f 9259 9228 9236
f 9236 9260 9259
f 9225 9224 9261
f 9244 9225 9261
f 9262 9241 9219
f 9263 9261 9224
f 9219 9244 9262
f 9261 9262 9244
f 9221 9266 9267
f 9221 9267 9268
f 9268 9234 9221
f 9266 9221 9222
f 9222 9242 9266
f 9266 9242 9267
f 9269 9234 9268
f 9270 9250 9249
f 9271 9252 9251
f 9272 9242 9256
f 9252 9271 9248
f 9262 9245 9241
f 9247 9248 9257
f 9263 9261 9273
f 9267 9242 9275
f 9254 9274 9255
f 9224 9278 9279
f 9277 9278 9224
f 9279 9280 9224
f 9224 9280 9263
f 9224 9265 9277
f 9265 9264 9277
f 9276 9277 9264
f 9235 9281 9282
f 9286 9238 9283
f 9238 9282 9283
f 9284 9264 9265
f 9265 9286 9284
f 9286 9265 9224
f 9235 9234 9269
f 9285 9235 9269
f 9285 9281 9235
f 9224 9233 9286
f 9283 9284 9286
f 9282 9238 9235
f 9286 9233 9238
f 9269 9268 9288
f 9288 9287 9269
f 9269 9287 9289
f 9289 9290 9269
f 9290 9285 9269
f 9285 9290 9291
f 9287 9288 9268
f 9289 9287 9293
f 9293 9287 9268
f 9293 9268 9289
f 9292 9289 9268
f 9294 9280 9278
f 9276 9278 9277
f 9273 9263 9294
f 9263 9280 9294
f 9279 9278 9280
f 9297 9295 9296
f 9295 9291 9296
f 9291 9299 9298
f 9291 9295 9299
f 9296 9300 9295
f 9295 9301 9309
f 9309 9301 9302
f 9303 9304 9310
f 9306 9312 9311
f 9312 9307 9308
f 9307 9312 9306
f 9316 9314 9315
f 9314 9313 9315
f 9314 9316 9308
f 9323 9317 9322
f 9320 9318 9323
f 9315 9317 9321
f 9323 9318 9317
f 9320 9319 9318
f 9335 9328 9329
f 9331 9332 9336
f 9334 9326 9327
f 9342 9343 9339
f 9342 9341 9343
f 9257 9253 9240
f 9258 9228 9256
f 9228 9255 9256
f 9253 9254 9236
f 9236 9240 9253
f 9230 9247 9257
f 9256 9220 9258
f 9344 9254 9255
f 9345 9344 9255
f 9345 9255 9228
f 9344 9236 9254
f 9256 9243 9220
f 9240 9230 9257
f 9347 9346 9344
f 9344 9345 9347
f 9321 9317 9349
f 9317 9318 9349
f 9349 9318 9319
f 9319 9320 9349
f 9349 9348 9321
f 9315 9321 9348
f 9369 9355 9356
f 9358 9359 9357
f 9366 9367 9368
f 9355 9369 9354
f 9320 9371 9349
f 9371 9372 9349
f 9378 9368 9367
f 9378 9376 9368
f 9376 9374 9377
f 9378 9367 9374
f 9374 9376 9378
f 9368 9376 9379
f 9376 9377 9379
f 9380 9377 9374
f 9377 9380 9379
f 9374 9375 9380
f 9375 9381 9380
f 9381 9375 9373
f 9389 9388 9386
f 9386 9388 9382
f 9386 9383 9384
f 9384 9372 9386
f 9385 9348 9349
f 9387 9389 9386
f 9389 9387 9379
f 9388 9389 9379
f 9382 9388 9380
f 9380 9381 9382
f 9379 9380 9388
f 9349 9372 9385
f 9384 9385 9372
f 9382 9383 9386
f 9395 9393 9394
f 9394 9365 9366
f 9366 9395 9394
f 9365 9394 9393
f 9393 9392 9365
f 9368 9379 9395
f 9395 9366 9368
f 9396 9364 9392
f 9392 9393 9396
f 9397 9398 9393
f 9396 9393 9398
f 9390 9371 9320
f 9370 9351 9391
f 9391 9390 9370
f 9320 9370 9390
f 9399 9391 9351
f 9390 9399 9400
f 9399 9390 9391
f 9351 9401 9399
f 9403 9399 9405
f 9406 9404 9403
f 9406 9407 9404
f 9409 9408 9410
f 9409 9402 9359
f 9359 9411 9409
f 9357 9359 9402
f 9320 9350 9370
f 9351 9352 9401
f 9351 9370 9350
f 9353 9401 9352
f 9392 9364 9365
f 9412 9360 9411
f 9411 9360 9361
f 9361 9413 9411
f 9413 9361 9362
f 9362 9414 9413
f 9362 9398 9414
f 9398 9362 9363
f 9398 9363 9415
f 9398 9415 9364
f 9364 9396 9398
f 9359 9411 9416
f 9359 9412 9411
f 9400 9399 9417
f 9393 9418 9419
f 9419 9397 9393
f 9371 9420 9422
f 9403 9423 9417
f 9421 9395 9379
f 9420 9371 9390
f 9390 9400 9420
f 9417 9399 9403
f 9393 9395 9418
f 9422 9424 9379
f 9398 9411 9413
f 9417 9420 9400
f 9403 9404 9423
f 9371 9422 9372
f 9411 9397 9419
f 9424 9421 9379
f 9404 9409 9425
f 9409 9426 9425
f 9409 9419 9426
f 9422 9386 9372
f 9387 9422 9379
f 9421 9418 9395
f 9409 9404 9408
f 9387 9386 9422
f 9411 9398 9397
f 9398 9413 9414
f 9425 9423 9404
f 9419 9409 9411
f 9412 9360 9361
f 9415 9363 9364
f 9362 9415 9363
f 9360 9412 9359
f 9427 9428 9422
f 9428 9429 9419
f 9429 9430 9426
f 9430 9431 9434
f 9431 9432 9420
f 9432 9427 9422
f 9422 9433 9424
f 9426 9434 9423
f 9421 9419 9418
f 9423 9420 9417
f 9423 9425 9426
f 9420 9423 9434
f 9419 9421 9433
f 9421 9424 9433
f 9422 9420 9432
f 9420 9434 9431
f 9434 9426 9430
f 9426 9419 9429
f 9419 9433 9428
f 9433 9422 9428
f 9435 9436 9430
f 9436 9437 9430
f 9437 9432 9431
f 9437 9438 9432
f 9432 9438 9439
f 9439 9427 9432
f 9427 9439 9440
f 9440 9429 9428
f 9429 9440 9435
f 9428 9427 9440
f 9431 9430 9437
f 9430 9429 9435
f 9440 9439 9438
f 9438 9437 9440
f 9437 9436 9440
f 9436 9435 9440
f 9452 9443 9444
f 9453 9447 9448
f 9448 9449 9450
f 9451 9441 9442
f 9447 9453 9446
f 9443 9452 9442
f 9461 9459 9458
f 9455 9457 9460
f 9405 9353 9354
f 9354 9403 9405
f 9357 9409 9410
f 9410 9356 9357
f 9405 9399 9353
f 9399 9401 9353
f 9402 9409 9357
f 9356 9408 9404
f 9369 9404 9462
f 9463 9403 9354
f 9462 9463 9354
f 9354 9369 9462
f 9404 9369 9356
f 9356 9410 9408
f 9465 9463 9462
f 9462 9464 9465
f 9460 9457 9467
f 9457 9458 9468
f 9468 9467 9457
f 9458 9459 9468
f 9467 9466 9460
f 9455 9460 9466
f 9470 9469 9471
f 9479 9477 9478
f 9461 9469 9470
f 9491 9486 9489
f 9491 9487 9486
f 9486 9487 9492
f 9492 9487 9491
f 9492 9491 9489
f 9489 9490 9492
f 9490 9493 9492
f 9493 9490 9488
f 9497 9496 9494
f 9496 9494 9495
f 9495 9494 9498
f 9494 9488 9498
f 9507 9499 9500
f 9508 9502 9503
f 9511 9510 9509
f 9510 9511 9512
f 9513 9510 9506
f 9513 9509 9510
f 9513 9511 9509
f 9515 9518 9516
f 9511 9514 9517
f 9492 9520 9486
f 9520 9521 9486
f 9520 9527 9528
f 9526 9528 9529
f 9528 9527 9522
f 9528 9523 9524
f 9524 9529 9528
f 9524 9466 9467
f 9529 9467 9468
f 9530 9529 9468
f 9468 9525 9530
f 9527 9520 9492
f 9522 9527 9492
f 9492 9493 9522
f 9530 9525 9526
f 9467 9529 9524
f 9522 9523 9528
f 9529 9530 9526
f 9528 9526 9520
f 9327 9328 9536
f 9538 9536 9328
f 9328 9335 9538
f 9335 9329 9539
f 9540 9539 9329
f 9329 9330 9540
f 9540 9330 9331
f 9336 9541 9542
f 9542 9331 9336
f 9541 9336 9332
f 9333 9543 9544
f 9544 9332 9333
f 9264 9324 9276
f 9545 9333 9324
f 9324 9264 9545
f 9545 9543 9333
f 9546 9284 9283
f 9281 9285 9282
f 9309 9547 9548
f 9548 9285 9295
f 9285 9298 9299
f 9291 9298 9285
f 9299 9295 9285
f 9302 9549 9550
f 9550 9309 9302
f 9549 9302 9303
f 9303 9551 9549
f 9303 9310 9551
f 9304 9305 9552
f 9551 9310 9304
f 9553 9552 9305
f 9305 9306 9554
f 9555 9554 9306
f 9306 9311 9555
f 9557 9558 9312
f 9558 9311 9312
f 9308 9556 9557
f 9312 9308 9557
f 9558 9555 9311
f 9385 9384 9348
f 9348 9316 9315
f 9348 9556 9308
f 9308 9316 9348
f 9383 9382 9559
f 9441 9560 9381
f 9373 9441 9381
f 9451 9442 9561
f 9562 9561 9442
f 9442 9452 9562
f 9563 9562 9452
f 9452 9444 9563
f 9444 9445 9564
f 9446 9565 9564
f 9564 9445 9446
f 9565 9446 9453
f 9453 9566 9565
f 9566 9453 9448
f 9450 9567 9568
f 9568 9448 9450
f 9466 9449 9455
f 9466 9567 9450
f 9450 9449 9466
f 9569 9523 9522
f 9523 9569 9524
f 9493 9494 9497
f 9488 9494 9493
f 9571 9496 9499
f 9499 9572 9571
f 9496 9571 9570
f 9570 9497 9496
f 9572 9507 9500
f 9501 9573 9574
f 9574 9500 9501
f 9502 9575 9576
f 9576 9501 9502
f 9502 9508 9575
f 9577 9575 9503
f 9575 9508 9503
f 9503 9504 9577
f 9504 9505 9578
f 9579 9578 9505
f 9580 9512 9511
f 9510 9512 9580
f 9505 9506 9581
f 9581 9579 9505
f 9506 9580 9581
f 9506 9510 9580
f 9582 9580 9583
f 9587 9586 9334
f 9327 9537 9587
f 9586 9326 9334
f 9337 9326 9586
f 9334 9327 9587
f 9583 9584 9582
f 9578 9577 9504
f 9501 9576 9573
f 9500 9574 9572
f 9499 9507 9572
f 9497 9570 9493
f 9448 9568 9566
f 9564 9563 9444
f 9561 9560 9451
f 9441 9451 9560
f 9554 9553 9305
f 9552 9551 9304
f 9309 9550 9547
f 9548 9295 9309
f 9284 9546 9264
f 9332 9544 9541
f 9331 9542 9540
f 9539 9538 9335
f 9536 9537 9327
f 9578 9590 9577
f 9572 9591 9571
f 9585 9589 9582
f 9524 9592 9466
f 9539 9588 9536
f 9558 9555 9554
f 9550 9593 9548
f 9542 9594 9540
f 9538 9539 9536
f 9536 9587 9537
f 9585 9582 9584
f 9579 9581 9578
f 9576 9574 9573
f 9570 9571 9493
f 9493 9569 9522
f 9466 9568 9567
f 9560 9561 9381
f 9381 9559 9382
f 9384 9383 9348
f 9348 9557 9556
f 9553 9554 9552
f 9550 9548 9547
f 9283 9282 9546
f 9543 9545 9544
f 9544 9542 9541
f 9594 9542 9544
f 9593 9550 9549
f 9555 9558 9557
f 9588 9539 9540
f 9592 9524 9569
f 9589 9585 9586
f 9591 9572 9574
f 9590 9578 9581
f 9535 9519 9486
f 9486 9521 9535
f 9535 9484 9519
f 9535 9595 9484
f 9484 9535 9596
f 9596 9597 9598
f 9598 9484 9596
f 9533 9534 9470
f 9459 9470 9534
f 9534 9468 9459
f 9532 9533 9471
f 9470 9471 9533
f 9532 9471 9531
f 9532 9531 9472
f 9472 9599 9532
f 9600 9479 9480
f 9482 9598 9483
f 9603 9602 9601
f 9601 9604 9603
f 9605 9606 9608
f 9605 9608 9607
f 9608 9609 9477
f 9477 9600 9608
f 9484 9598 9483
f 9470 9459 9461
f 9471 9472 9531
f 9600 9477 9479
f 9519 9484 9485
f 9519 9485 9486
f 9611 9473 9610
f 9612 9473 9474
f 9612 9610 9473
f 9613 9612 9474
f 9609 9613 9475
f 9609 9476 9614
f 9610 9599 9472
f 9472 9611 9610
f 9609 9477 9615
f 9477 9609 9614
f 9475 9476 9609
f 9474 9475 9613
f 9520 9616 9535
f 9616 9596 9535
f 9532 9534 9533
f 9521 9520 9535
f 9616 9597 9596
f 9608 9597 9618
f 9532 9468 9534
f 9597 9616 9619
f 9620 9616 9520
f 9526 9525 9621
f 9532 9617 9468
f 9597 9608 9606
f 9525 9622 9621
f 9609 9623 9617
f 9608 9624 9623
f 9619 9618 9597
f 9526 9621 9620
f 9525 9468 9622
f 9617 9532 9609
f 9623 9609 9608
f 9618 9624 9608
f 9597 9605 9601
f 9597 9601 9602
f 9610 9612 9599
f 9597 9606 9605
f 9620 9520 9526
f 9617 9625 9468
f 9612 9613 9599
f 9625 9622 9468
f 9613 9609 9599
f 9532 9599 9609
f 9611 9473 9474
f 9614 9476 9477
f 9475 9614 9476
f 9473 9611 9472
f 9626 9627 9616
f 9627 9628 9616
f 9628 9629 9623
f 9629 9630 9623
f 9630 9631 9633
f 9631 9626 9620
f 9617 9633 9622
f 9622 9633 9621
f 9616 9632 9618
f 9618 9623 9624
f 9623 9618 9632
f 9618 9619 9616
f 9620 9621 9633
f 9622 9625 9617
f 9620 9633 9631
f 9633 9617 9630
f 9617 9623 9630
f 9623 9632 9628
f 9632 9616 9628
f 9616 9620 9626
f 9634 9635 9630
f 9635 9626 9631
f 9635 9636 9626
f 9627 9636 9637
f 9627 9637 9638
f 9638 9629 9628
f 9629 9638 9639
f 9639 9634 9630
f 9630 9629 9639
f 9628 9627 9638
f 9627 9626 9636
f 9631 9630 9635
f 9638 9637 9636
f 9636 9635 9638
f 9635 9639 9638
f 9634 9639 9635
f 9479 9480 9607
f 9605 9607 9480
f 9597 9602 9482
f 9482 9483 9597
f 9480 9481 9601
f 9601 9605 9480
f 9600 9479 9608
f 9597 9483 9598
f 9640 9481 9482
f 9482 9641 9640
f 9641 9482 9602
f 9640 9601 9481
f 9607 9608 9479
f 9643 9642 9640
f 9640 9641 9643
f 9517 9514 9644
f 9514 9515 9644
f 9515 9516 9644
f 9516 9518 9644
f 9644 9580 9517
f 9511 9517 9580
f 9518 9645 9644
f 9343 9646 9664
f 9662 9660 9661
f 9653 9654 9663
f 9664 9647 9646
f 9341 9342 9666
f 9342 9339 9666
f 9667 9666 9339
f 9339 9340 9667
f 9340 9586 9667
f 9586 9340 9337
f 9669 9672 9668
f 9670 9671 9669
f 9671 9585 9584
f 9584 9672 9671
f 9672 9584 9583
f 9644 9673 9580
f 9673 9583 9580
f 9671 9670 9666
f 9666 9667 9671
f 9585 9671 9667
f 9667 9586 9585
f 9644 9668 9673
f 9583 9673 9672
f 9672 9669 9671
f 9673 9668 9672
f 9674 9675 9645
f 9675 9668 9644
f 9644 9645 9675
f 9678 9647 9646
f 9646 9679 9678
f 9646 9666 9679
f 9647 9678 9677
f 9666 9646 9341
f 9676 9647 9677
f 9676 9677 9680
f 9680 9648 9676
f 9674 9645 9518
f 9665 9660 9674
f 9661 9665 9674
f 9518 9661 9674
f 9681 9674 9660
f 9674 9660 9683
f 9683 9682 9674
f 9684 9663 9652
f 9652 9685 9684
f 9685 9652 9651
f 9651 9686 9685
f 9651 9687 9686
f 9687 9651 9649
f 9663 9684 9688
f 9688 9654 9663
f 9687 9649 9648
f 9648 9680 9687
f 9690 9688 9684
f 9689 9654 9688
f 9688 9690 9689
f 9690 9691 9689
f 9649 9651 9650
f 9652 9663 9653
f 9655 9654 9689
f 9341 9646 9343
f 9661 9660 9665
f 9676 9648 9647
f 9656 9689 9655
f 9683 9660 9659
f 9682 9692 9693
f 9678 9694 9677
f 9674 9668 9675
f 9674 9693 9668
f 9696 9697 9668
f 9682 9691 9692
f 9670 9669 9698
f 9677 9690 9684
f 9691 9695 9700
f 9679 9702 9694
f 9697 9669 9668
f 9699 9691 9682
f 9695 9691 9690
f 9701 9690 9677
f 9694 9678 9679
f 9702 9679 9666
f 9670 9702 9666
f 9704 9705 9682
f 9677 9684 9685
f 9700 9692 9691
f 9694 9701 9677
f 9697 9698 9669
f 9668 9693 9696
f 9703 9704 9682
f 9677 9686 9687
f 9701 9695 9690
f 9698 9702 9670
f 9677 9685 9686
f 9705 9699 9682
f 9687 9680 9677
f 9693 9674 9682
f 9706 9707 9704
f 9704 9703 9706
f 9691 9699 9705
f 9708 9709 9695
f 9709 9710 9714
f 9710 9711 9696
f 9711 9712 9696
f 9712 9713 9715
f 9713 9708 9701
f 9697 9715 9702
f 9697 9702 9698
f 9695 9714 9692
f 9692 9696 9693
f 9702 9701 9694
f 9695 9692 9700
f 9701 9702 9715
f 9696 9692 9714
f 9701 9715 9713
f 9715 9697 9712
f 9697 9696 9712
f 9696 9714 9710
f 9714 9695 9709
f 9695 9701 9708
f 9717 9713 9712
f 9712 9716 9717
f 9717 9708 9713
f 9717 9718 9708
f 9709 9718 9719
f 9711 9719 9720
f 9720 9716 9712
f 9712 9711 9720
f 9711 9710 9719
f 9710 9709 9719
f 9709 9708 9718
f 9718 9717 9719
f 9720 9719 9717
f 9716 9720 9717
f 9659 9703 9682
f 9659 9658 9703
f 9655 9691 9705
f 9705 9656 9655
f 9683 9659 9682
f 9691 9655 9689
f 9656 9705 9704
f 9657 9704 9721
f 9722 9703 9658
f 9658 9721 9722
f 9658 9657 9721
f 9704 9657 9656
f 9724 9722 9721
f 9721 9723 9724
f 9495 9726 9496
f 9496 9726 9727
f 9725 9496 9727
f 9727 9728 9725
f 9730 9732 9595
f 9732 9734 9738
f 9734 9733 9742
f 9738 9742 9737
f 9740 9595 9739
f 9732 9730 9731
f 9735 9602 9733
f 9742 9602 9736
f 9736 9737 9742
f 9743 9741 9727
f 9727 9726 9743
f 9730 9743 9726
f 9726 9495 9730
f 9602 9742 9733
f 9738 9739 9595
f 9740 9741 9743
f 9742 9738 9734
f 9738 9595 9732
f 9595 9740 9730
f 9740 9743 9730
f 9741 9728 9727
f 9744 9738 9737
f 9744 9739 9738
f 9744 9740 9739
f 9740 9744 9741
f 9744 9728 9741
f 9744 9745 9728
f 9729 9725 9728
f 9728 9745 9729
f 9737 9745 9744
f 9736 9746 9737
f 9729 9745 9737
f 9737 9746 9729
f 9735 9736 9602
f 9736 9735 9746
f 9602 9747 9746
f 9641 9602 9746
f 9746 9643 9641
f 9602 9603 9747
f 9749 9746 9747
f 9747 9748 9749
f 9750 9751 9752
f 9753 9752 9749
f 9749 9748 9753
f 9752 9753 9750
f 9751 9750 9755
f 9755 9754 9751
f 9722 9724 9754
f 9754 9755 9703
f 9754 9703 9722
f 9755 9706 9703
f 9757 9758 9759
f 9757 9754 9758
f 9759 9760 9757
f 9758 9703 9759
f 9754 9756 9758
f 9703 9758 9756
f 9757 9760 9762
f 9762 9761 9757
f 9763 9760 9759
f 9762 9763 9764
f 9764 9765 9762
f 9763 9766 9764
f 9759 9767 9763
f 9767 9766 9763
f 9765 9768 9762
f 9760 9763 9762
f 9769 9770 9767
f 9770 9771 9681
f 9771 9773 9764
f 9767 9681 9764
f 9764 9775 9765
f 9767 9764 9766
f 9759 9703 9776
f 9769 9703 9756
f 9769 9776 9703
f 9772 9773 9771
f 9775 9773 9645
f 9774 9645 9773
f 9775 9645 9768
f 9768 9765 9775
f 9767 9759 9776
f 9775 9764 9773
f 9764 9681 9771
f 9681 9767 9770
f 9767 9776 9769
f 9761 9762 9768
f 9768 9506 9761
f 9506 9768 9774
f 9774 9768 9645
f 9774 9513 9506
f 9373 9454 9441
f 9777 9442 9454
f 9443 9778 9444
f 9779 9454 9373
f 9781 9778 9443
f 9443 9780 9781
f 9782 9783 9442
f 9443 9442 9783
f 9783 9780 9443
f 9777 9454 9784
f 9784 9782 9777
f 9442 9777 9782
f 9454 9786 9394
f 9786 9787 9791
f 9793 9394 9792
f 9786 9454 9785
f 9788 9396 9787
f 9791 9396 9790
f 9790 9789 9791
f 9396 9791 9787
f 9791 9792 9394
f 9394 9793 9784
f 9791 9394 9786
f 9394 9784 9454
f 9780 9783 9794
f 9784 9794 9783
f 9784 9783 9782
f 9444 9781 9795
f 9781 9444 9778
f 9797 9780 9794
f 9794 9793 9797
f 9797 9781 9780
f 9797 9792 9791
f 9794 9784 9793
f 9793 9792 9797
f 9791 9789 9797
f 9444 9795 9798
f 9798 9796 9444
f 9797 9795 9781
f 9797 9798 9795
f 9799 9796 9797
f 9798 9797 9796
f 9799 9789 9790
f 9799 9797 9789
f 9790 9800 9799
f 9800 9790 9396
f 9396 9788 9800
f 9803 9804 9802
f 9801 9802 9804
f 9803 9802 9805
f 9805 9806 9803
f 9810 9811 9809
f 9815 9808 9814
f 9814 9816 9815
f 9601 9814 9604
f 9640 9642 9816
f 9816 9601 9640
f 9601 9816 9814
f 9816 9817 9815
f 9822 9824 9823
f 9825 9824 9822
f 9826 9827 9825
f 9825 9822 9826
f 9825 9827 9404
f 9407 9825 9404
f 9462 9404 9827
f 9827 9464 9462
f 9831 9807 9830
f 9829 9807 9831
f 9831 9832 9829
f 9456 9448 9833
f 9446 9829 9832
f 9832 9834 9446
f 9449 9456 9455
f 9832 9835 9836
f 9836 9837 9832
f 9835 9838 9836
f 9832 9839 9835
f 9832 9831 9840
f 9840 9839 9832
f 9837 9834 9832
f 9830 9599 9840
f 9807 9828 9599
f 9599 9830 9807
f 9840 9831 9830
f 9810 9809 9479
f 9811 9810 9477
f 9478 9477 9810
f 9812 9811 9477
f 9813 9812 9476
f 9455 9841 9469
f 9455 9469 9457
f 9469 9458 9457
f 9469 9461 9458
f 9456 9470 9469
f 9841 9456 9469
f 9471 9456 9842
f 9843 9472 9471
f 9471 9842 9843
f 9828 9807 9472
f 9828 9472 9843
f 9473 9807 9804
f 9474 9804 9803
f 9804 9474 9473
f 9813 9475 9803
f 9803 9475 9474
f 9809 9808 9815
f 9815 9479 9809
f 9642 9481 9480
f 9642 9815 9817
f 9817 9816 9642
f 9642 9480 9815
f 9643 9746 9482
f 9482 9481 9642
f 9642 9643 9482
f 9733 9482 9735
f 9746 9735 9482
f 9483 9733 9734
f 9484 9734 9732
f 9484 9732 9731
f 9484 9731 9730
f 9486 9495 9498
f 9485 9730 9495
f 9498 9490 9489
f 9489 9486 9498
f 9488 9490 9498
f 9486 9485 9495
f 9730 9485 9484
f 9734 9484 9483
f 9733 9483 9482
f 9480 9479 9815
f 9803 9806 9813
f 9473 9472 9807
f 9471 9470 9456
f 9476 9475 9813
f 9477 9476 9812
f 9479 9478 9810
f 9455 9456 9841
f 9833 9844 9838
f 9838 9456 9833
f 9836 9448 9447
f 9844 9833 9448
f 9448 9836 9844
f 9834 9837 9447
f 9447 9446 9834
f 9447 9837 9836
f 9843 9842 9533
f 9842 9456 9838
f 9533 9838 9835
f 9840 9533 9835
f 9840 9835 9839
f 9843 9599 9828
f 9843 9840 9599
f 9838 9533 9842
f 9533 9840 9843
f 9844 9836 9838
f 9300 9845 9295
f 9301 9295 9845
f 9845 9846 9301
f 9234 9845 9300
f 9848 9849 9858
f 9849 9850 9222
f 9850 9852 9856
f 9852 9851 9258
f 9856 9258 9855
f 9853 9854 9851
f 9258 9854 9855
f 9860 9859 9845
f 9845 9234 9860
f 9848 9860 9234
f 9234 9300 9848
f 9854 9258 9851
f 9856 9857 9858
f 9858 9859 9860
f 9856 9858 9222
f 9258 9856 9852
f 9856 9222 9850
f 9222 9858 9849
f 9858 9860 9848
f 9846 9859 9858
f 9861 9856 9855
f 9846 9845 9859
f 9861 9857 9856
f 9858 9861 9846
f 9858 9857 9861
f 9847 9301 9846
f 9846 9861 9847
f 9847 9861 9855
f 9855 9854 9847
f 9854 9853 9847
f 9228 9862 9853
f 9345 9228 9853
f 9853 9347 9345
f 9228 9259 9862
f 9864 9853 9862
f 9862 9863 9864
f 9865 9866 9867
f 9868 9867 9864
f 9864 9863 9868
f 9867 9868 9865
f 9866 9865 9870
f 9870 9869 9866
f 9463 9465 9869
f 9869 9870 9403
f 9869 9403 9463
f 9870 9406 9403
f 9872 9873 9869
f 9871 9869 9873
f 9873 9874 9871
f 9871 9874 9875
f 9875 9307 9871
f 9876 9875 9874
f 9876 9874 9877
f 9874 9878 9879
f 9879 9877 9874
f 9873 9878 9874
f 9360 9819 9818
f 9819 9360 9359
f 9359 9820 9819
f 9359 9821 9820
f 9821 9358 9357
f 9357 9823 9821
f 9313 9320 9317
f 9320 9322 9317
f 9317 9315 9313
f 9323 9322 9320
f 9881 9350 9314
f 9314 9350 9320
f 9313 9314 9320
f 9881 9882 9350
f 9351 9350 9882
f 9882 9883 9351
f 9883 9884 9352
f 9353 9352 9884
f 9884 9885 9353
f 9354 9353 9885
f 9354 9885 9869
f 9464 9355 9354
f 9354 9465 9464
f 9465 9354 9869
f 9464 9827 9826
f 9826 9356 9464
f 9356 9355 9464
f 9823 9357 9826
f 9826 9357 9356
f 9818 9805 9802
f 9802 9361 9818
f 9363 9362 9801
f 9802 9801 9362
f 9364 9363 9801
f 9801 9800 9364
f 9788 9787 9364
f 9800 9788 9364
f 9787 9786 9365
f 9786 9785 9365
f 9785 9366 9365
f 9366 9454 9779
f 9366 9785 9454
f 9366 9374 9378
f 9373 9375 9374
f 9374 9366 9373
f 9366 9779 9373
f 9378 9367 9366
f 9365 9364 9787
f 9362 9361 9802
f 9826 9822 9823
f 9352 9351 9883
f 9821 9359 9358
f 9818 9361 9360
f 9307 9875 9880
f 9880 9308 9307
f 9308 9886 9314
f 9308 9880 9886
f 9885 9884 9878
f 9884 9883 9391
f 9883 9882 9877
f 9882 9881 9887
f 9877 9887 9876
f 9873 9872 9405
f 9885 9872 9869
f 9885 9405 9872
f 9887 9881 9886
f 9314 9886 9881
f 9887 9886 9880
f 9880 9876 9887
f 9877 9879 9878
f 9877 9878 9391
f 9878 9873 9405
f 9887 9877 9882
f 9877 9391 9883
f 9391 9878 9884
f 9878 9405 9885
f 9880 9875 9876
f 9325 9333 9889
f 9276 9324 9325
f 9889 9890 9891
f 9891 9325 9889
f 9892 9333 9888
f 9890 9889 9333
f 9333 9892 9890
f 9893 9894 9888
f 9888 9331 9893
f 9888 9894 9892
f 9891 9325 9324
f 9899 9900 9244
f 9900 9325 9891
f 9897 9244 9896
f 9899 9232 9898
f 9899 9897 9232
f 9901 9325 9900
f 9891 9896 9244
f 9891 9244 9900
f 9244 9897 9899
f 9890 9892 9891
f 9894 9893 9902
f 9903 9896 9892
f 9892 9894 9903
f 9896 9891 9892
f 9897 9896 9903
f 9894 9902 9903
f 9904 9902 9893
f 9902 9904 9903
f 9331 9895 9904
f 9904 9893 9331
f 9905 9897 9903
f 9903 9904 9905
f 9895 9906 9905
f 9895 9907 9906
f 9905 9904 9895
f 9232 9906 9907
f 9897 9905 9906
f 9906 9232 9897
f 9907 9898 9232
f 9909 9908 9910
f 9910 9911 9909
f 9909 9911 9912
f 9912 9913 9909
f 9917 9918 9920
f 9922 9923 9921
f 9921 9919 9922
f 9921 9923 9704
f 9707 9921 9704
f 9721 9704 9923
f 9923 9723 9721
f 9923 9922 9924
f 9931 9925 9926
f 9925 9931 9932
f 9927 9926 9257
f 9928 9927 9248
f 9257 9248 9927
f 9929 9928 9248
f 9252 9271 9929
f 9271 9251 9930
f 9930 9929 9271
f 9276 9263 9278
f 9294 9278 9263
f 9901 9261 9325
f 9261 9263 9276
f 9276 9325 9261
f 9262 9901 9900
f 9899 9245 9262
f 9262 9900 9899
f 9898 9245 9899
f 9908 9270 9249
f 9907 9908 9245
f 9898 9907 9245
f 9908 9250 9270
f 9908 9909 9250
f 9930 9251 9909
f 9909 9251 9250
f 9926 9925 9933
f 9933 9257 9926
f 9346 9274 9254
f 9933 9934 9346
f 9346 9253 9933
f 9347 9853 9255
f 9255 9274 9346
f 9346 9347 9255
f 9851 9256 9853
f 9853 9256 9255
f 9256 9851 9852
f 9850 9242 9272
f 9272 9852 9850
f 9849 9275 9242
f 9242 9850 9849
f 9267 9849 9848
f 9268 9300 9296
f 9267 9848 9300
f 9296 9290 9289
f 9289 9268 9296
f 9291 9290 9296
f 9268 9267 9300
f 9849 9267 9275
f 9852 9272 9256
f 9254 9253 9346
f 9253 9257 9933
f 9909 9913 9930
f 9249 9245 9908
f 9262 9261 9901
f 9248 9252 9929
f 9236 9932 9260
f 9344 9346 9934
f 9934 9236 9344
f 9236 9934 9932
f 9933 9925 9932
f 9932 9934 9933
f 9913 9912 9540
f 9935 9259 9593
f 9912 9588 9540
f 9259 9548 9593
f 9540 9594 9913
f 9935 9862 9259
f 9259 9285 9548
f 9935 9549 9551
f 9554 9555 9938
f 9603 9466 9592
f 9282 9285 9259
f 9913 9546 9282
f 9913 9545 9264
f 9594 9544 9913
f 9912 9587 9536
f 9935 9937 9863
f 9935 9593 9549
f 9939 9552 9554
f 9940 9939 9348
f 9603 9568 9466
f 9603 9565 9566
f 9282 9260 9913
f 9544 9545 9913
f 9912 9586 9587
f 9707 9917 9920
f 9707 9912 9915
f 9863 9862 9935
f 9935 9551 9552
f 9938 9939 9554
f 9348 9383 9940
f 9383 9406 9940
f 9566 9568 9603
f 9943 9493 9571
f 9941 9591 9574
f 9260 9927 9928
f 9260 9931 9926
f 9264 9546 9913
f 9912 9589 9586
f 9912 9707 9582
f 9582 9707 9706
f 9915 9916 9707
f 9942 9940 9406
f 9565 9603 9604
f 9407 9406 9383
f 9936 9946 9747
f 9936 9603 9592
f 9943 9569 9493
f 9943 9941 9574
f 9945 9944 9748
f 9260 9929 9930
f 9926 9927 9260
f 9536 9588 9912
f 9706 9580 9582
f 9916 9917 9707
f 9870 9865 9947
f 9937 9947 9865
f 9552 9939 9935
f 9939 9938 9555
f 9806 9564 9565
f 9805 9563 9564
f 9559 9805 9407
f 9592 9943 9936
f 9943 9592 9569
f 9941 9571 9591
f 9574 9576 9943
f 9944 9576 9748
f 9928 9929 9260
f 9582 9589 9912
f 9920 9919 9707
f 9868 9863 9937
f 9555 9557 9939
f 9564 9806 9805
f 9805 9561 9562
f 9383 9559 9407
f 9936 9747 9603
f 9576 9944 9943
f 9260 9932 9931
f 9919 9921 9707
f 9865 9868 9937
f 9557 9348 9939
f 9562 9563 9805
f 9559 9381 9805
f 9407 9821 9823
f 9407 9818 9819
f 9571 9941 9943
f 9604 9808 9809
f 9259 9260 9282
f 9947 9942 9406
f 9381 9561 9805
f 9407 9820 9821
f 9407 9805 9818
f 9748 9747 9948
f 9747 9946 9948
f 9604 9812 9813
f 9809 9811 9604
f 9947 9406 9870
f 9604 9806 9565
f 9819 9820 9407
f 9748 9948 9945
f 9581 9580 9706
f 9575 9753 9748
f 9575 9750 9753
f 9811 9812 9604
f 9823 9824 9407
f 9755 9590 9581
f 9750 9577 9590
f 9604 9814 9808
f 9824 9825 9407
f 9590 9755 9750
f 9748 9576 9575
f 9930 9913 9260
f 9575 9577 9750
f 9813 9806 9604
f 9706 9755 9581
f 9935 9939 9950
f 9939 9940 9950
f 9940 9942 9952
f 9942 9947 9953
f 9947 9937 9953
f 9937 9935 9949
f 9949 9954 9937
f 9954 9953 9937
f 9953 9952 9942
f 9952 9951 9940
f 9951 9950 9940
f 9950 9949 9935
f 9944 9945 9957
f 9945 9948 9957
f 9948 9946 9957
f 9946 9936 9959
f 9936 9943 9960
f 9943 9944 9960
f 9956 9960 9944
f 9960 9959 9936
f 9959 9958 9946
f 9958 9957 9946
f 9957 9956 9944
f 9957 9961 9956
f 9964 9966 9965
f 9964 9967 9966
f 9965 9914 9964
f 9969 9327 9338
f 9329 9970 9967
f 9967 9964 9329
f 9966 9967 9971
f 9971 9972 9966
f 9971 9967 9970
f 9971 9973 9974
f 9971 9970 9973
f 9974 9975 9971
f 9971 9975 9972
f 9974 9976 9975
f 9972 9680 9965
f 9680 9963 9914
f 9914 9965 9680
f 9965 9966 9972
f 9915 9652 9653
f 9653 9916 9915
f 9916 9663 9654
f 9654 9917 9916
f 9654 9918 9917
f 9655 9920 9918
f 9513 9518 9514
f 9514 9511 9513
f 9518 9515 9514
f 9773 9661 9774
f 9774 9661 9518
f 9513 9774 9518
f 9662 9661 9773
f 9773 9772 9662
f 9772 9771 9660
f 9771 9770 9660
f 9659 9660 9770
f 9770 9769 9659
f 9658 9659 9754
f 9756 9754 9659
f 9659 9769 9756
f 9723 9657 9658
f 9658 9724 9723
f 9724 9658 9754
f 9723 9923 9924
f 9922 9656 9723
f 9723 9656 9657
f 9920 9655 9922
f 9922 9655 9656
f 9915 9912 9911
f 9911 9652 9915
f 9650 9651 9910
f 9911 9910 9651
f 9648 9649 9914
f 9910 9914 9649
f 9649 9650 9910
f 9914 9963 9648
f 9963 9977 9648
f 9977 9978 9647
f 9978 9338 9647
f 9338 9646 9647
f 9664 9338 9337
f 9337 9343 9664
f 9337 9340 9339
f 9339 9343 9337
f 9664 9646 9338
f 9647 9648 9977
f 9651 9652 9911
f 9922 9919 9920
f 9924 9922 9723
f 9660 9662 9772
f 9918 9654 9655
f 9916 9653 9663
f 9338 9326 9337
f 9970 9329 9968
f 9968 9973 9970
f 9979 9974 9327
f 9974 9973 9968
f 9968 9327 9974
f 9969 9338 9976
f 9976 9979 9969
f 9327 9969 9979
f 9338 9978 9678
f 9978 9977 9972
f 9976 9678 9975
f 9963 9680 9977
f 9680 9972 9977
f 9972 9975 9678
f 9972 9678 9978
f 9678 9976 9338
f 9338 9326 9976
f 9976 9974 9979
f 9441 9454 9442
f 9801 9796 9799
f 9456 9449 9448
f 9804 9807 9829
f 9829 9801 9804
f 9799 9800 9801
f 9829 9796 9801
f 9796 9798 9795
f 9795 9444 9796
f 9796 9829 9832
f 9832 9798 9796
f 9445 9980 9834
f 9445 9444 9795
f 9795 9980 9445
f 9834 9446 9445
f 9829 9446 9834
f 9834 9832 9829
f 9795 9981 9980
f 9980 9981 9834
f 9333 9332 9888
f 9328 9968 9329
f 9327 9326 9338
f 9325 9324 9333
f 9968 9328 9327
f 9908 9907 9895
f 9908 9895 9964
f 9910 9908 9964
f 9964 9914 9910
f 9331 9888 9332
f 9330 9329 9970
f 9330 9982 9893
f 9893 9331 9330
f 9970 9982 9330
f 9895 9904 9967
f 9967 9964 9895
f 9895 9331 9893
f 9893 9904 9895
f 9964 9967 9970
f 9970 9329 9964
f 9971 9983 9982
f 9983 9893 9982
f 9982 9970 9971
f 9904 9983 9971
f 9971 9967 9904
f 9893 9983 9904
f 9959 9960 9962
f 9961 9984 9956
f 9984 9960 9956
f 9962 9960 9984
f 9957 9985 9961
f 9958 9985 9957
f 9986 9987 9961
f 9961 9985 9986
f 9988 9986 9985
f 9985 9958 9988
f 9989 9988 9958
f 9958 9959 9989
f 9989 9990 9988
f 9989 9959 9962
f 9962 9991 9989
f 9991 9962 9984
f 9984 9992 9991
f 9990 9989 9991
f 9987 9992 9984
f 9984 9961 9987
f 9955 9950 9951
f 9949 9950 9993
f 9949 9993 9954
f 9950 9955 9993
f 9994 9953 9954
f 9995 9954 9993
f 9993 9996 9995
f 9952 9953 9994
f 9997 9994 9954
f 9954 9995 9997
f 9998 9996 9993
f 9993 9955 9998
f 9997 9999 9952
f 9952 9994 9997
f 10000 9951 9952
f 9952 9999 10000
f 9998 9955 9951
f 9951 10000 9998
f 10001 10000 9999
f 9998 10000 10001
f 9798 9832 9981
f 9832 10002 9981
f 9795 9798 9981
f 9832 9834 10002
f 10002 9834 9981
f 9502 9500 10003
f 10004 10005 9503
f 9503 9502 10004
f 9986 10006 9987
f 9504 9503 10005
f 9504 9761 9505
f 9499 9725 10008
f 9761 9506 9505
f 9992 9987 10006
f 10008 9500 9499
f 9500 9991 9992
f 9751 9754 10009
f 9500 9502 9501
f 9725 9990 10007
f 10003 10004 9502
f 9757 10009 9754
f 9499 9496 9725
f 10009 9757 9761
f 9990 9725 9729
f 9746 9749 9988
f 9988 9729 9746
f 9986 9988 9749
f 9988 10010 9729
f 9990 9729 10010
f 9990 10010 10011
f 10011 10012 9990
f 9990 10012 9958
f 9958 9988 9990
f 10011 9988 9958
f 9988 10011 10010
f 10011 9958 10012
f 9991 10013 9990
f 10007 9990 10013
f 10013 9991 9962
f 9962 10014 10013
f 9991 9500 10015
f 10015 9962 9991
f 10015 9500 10008
f 10008 9728 10015
f 10008 9725 9728
f 10007 9728 9725
f 10007 10016 9728
f 10015 9728 10014
f 10016 10014 9728
f 10014 9962 10015
f 10013 10014 10016
f 10016 10007 10013
f 9751 10009 10017
f 10017 10018 9751
f 10019 9986 9749
f 10006 9986 10019
f 9749 9752 10020
f 9752 9751 10018
f 10018 10020 9752
f 10020 10021 9749
f 10005 10004 10022
f 9761 9762 10017
f 10017 10009 9761
f 10006 10019 10023
f 10023 10024 10006
f 9749 10021 10023
f 10023 10019 9749
f 9992 9984 10015
f 10015 9500 9992
f 10022 10025 10026
f 10027 9504 10005
f 10005 10026 10027
f 10028 10029 10004
f 10022 10004 10029
f 10029 10025 10022
f 9762 9761 9504
f 9504 10027 9762
f 10028 9500 10015
f 9500 10028 10003
f 10004 10003 10028
f 10026 10005 10022
f 10024 9984 9992
f 9992 10006 10024
f 10029 10026 10025
f 10028 10015 10030
f 10027 10031 9762
f 10026 10031 10027
f 10030 10015 9984
f 9984 10024 10032
f 10035 10017 10031
f 10036 10020 10018
f 10026 10029 10034
f 10017 9762 10031
f 10024 10023 10021
f 10031 10026 10035
f 10034 10028 9984
f 10021 10036 10024
f 10018 10035 10036
f 10029 10028 10034
f 10032 10033 10034
f 10024 10036 10037
f 10034 10035 10026
f 9984 10028 10030
f 10018 10017 10035
f 9984 10032 10034
f 10021 10020 10036
f 10032 10024 10037
f 10032 10035 10033
f 10035 10034 10033
f 10037 10035 10032
f 10037 10036 10035
f 10038 9303 9302
f 10039 9304 9303
f 10040 9305 9304
f 9303 10038 10039
f 10040 9306 9305
f 9304 10039 10040
f 9996 9998 9306
f 9301 9847 10041
f 9307 9306 9311
f 9853 10041 9847
f 9866 9999 9997
f 10042 9995 9996
f 10001 9871 9307
f 9995 10042 9997
f 9869 9871 9999
f 10041 9853 9864
f 9999 9866 9869
f 9997 10043 9866
f 10043 9997 10042
f 10044 10042 9996
f 9996 9993 10044
f 10042 10044 10045
f 10045 10043 10042
f 10046 10043 10045
f 10043 10046 9866
f 10047 10039 10038
f 10048 9306 10040
f 9306 10048 9996
f 9996 10048 10049
f 10049 9993 9996
f 10047 10050 10051
f 10052 10040 10039
f 10039 10051 10052
f 10053 10054 10038
f 10047 10038 10054
f 10054 10050 10047
f 10040 10052 10048
f 10049 10048 10052
f 9846 10055 9302
f 10055 10053 9302
f 9302 9301 9846
f 10038 9302 10053
f 10051 10039 10047
f 9864 10056 10057
f 10057 10041 9864
f 9864 9867 10058
f 9867 9866 10046
f 10046 10058 9867
f 10058 10056 9864
f 10058 10060 10056
f 10058 10046 10059
f 10045 10059 10046
f 9301 10041 10057
f 10057 9846 9301
f 10050 10054 10051
f 10053 10055 10054
f 9846 10053 10055
f 10056 10060 10057
f 9871 10061 9999
f 10061 9871 10001
f 10001 10062 10061
f 10001 10063 10062
f 10001 9999 9952
f 9952 10063 10001
f 10061 10062 9952
f 9952 9999 10061
f 9952 10062 10063
f 9307 10064 10001
f 10064 9307 9875
f 9875 10065 10064
f 10001 10066 9998
f 10064 10065 10063
f 10063 10001 10064
f 10063 10067 10066
f 10066 10001 10063
f 9998 9955 10068
f 10068 9306 9998
f 9875 9306 10068
f 9306 9875 9311
f 9875 9307 9311
f 10068 10049 9875
f 9875 10049 10067
f 10067 10065 9875
f 10067 10049 9955
f 10049 10068 9955
f 10063 10065 10067
f 10066 10067 9955
f 9955 9998 10066
f 10069 10044 9993
f 10073 10054 10053
f 10053 10057 10073
f 10054 10073 10072
f 10074 10073 10060
f 10072 10051 10054
f 10060 10058 10074
f 10044 10074 10059
f 10069 10052 10072
f 10053 9846 10057
f 10073 10057 10060
f 10070 10074 10044
f 10074 10058 10059
f 9993 10049 10069
f 10069 10049 10052
f 10059 10045 10044
f 10072 10071 10069
f 10072 10052 10051
f 10044 10069 10071
f 10044 10073 10070
f 10071 10073 10044
f 10073 10074 10070
f 10071 10072 10073
f 10077 10075 10076
f 10079 10077 10078
f 10081 10079 10080
f 10075 10081 10082
f 10082 10076 10075
f 10080 10082 10081
f 10078 10080 10079
f 10076 10078 10077
f 10083 10084 10076
f 10076 10075 10083
f 10077 10078 10085
f 10086 10085 10084
f 10084 10083 10086
f 10085 10086 10077
f 10077 10087 10088
f 10088 10078 10077
f 10087 10089 10090
f 10090 10088 10087
f 10075 10076 10091
f 10092 10091 10093
f 10093 10094 10092
f 10091 10092 10075
f 10094 10093 10082
f 10082 10081 10094
f 10095 10081 10082
f 10082 10096 10095
f 10097 10095 10096
f 10096 10098 10097
f 10089 10099 10100
f 10100 10090 10089
f 10101 10097 10098
f 10098 10102 10101
f 10103 10101 10102
f 10102 10104 10103
f 10105 10103 10104
f 10104 10106 10105
f 10099 10107 10108
f 10108 10100 10099
f 10107 10109 10110
f 10110 10108 10107
f 10111 10112 10113
f 10114 10113 10110
f 10110 10109 10114
f 10113 10114 10111
f 10114 10113 10112
f 10112 10111 10114
f 10117 10115 10116
f 10119 10117 10118
f 10114 10119 10120
f 10120 10113 10114
f 10118 10120 10119
f 10116 10118 10117
f 10121 10122 10116
f 10116 10115 10121
f 10117 10118 10123
f 10124 10123 10122
f 10122 10121 10124
f 10123 10124 10117
f 10117 10125 10126
f 10126 10118 10117
f 10125 10127 10128
f 10128 10126 10125
f 10127 10129 10130
f 10130 10128 10127
f 10129 10105 10106
f 10106 10130 10129
f 10131 10132 10127
f 10132 10129 10127
f 10119 10127 10125
f 10134 10107 10099
f 10134 10133 10107
f 10125 10117 10119
f 10089 10136 10135
f 10119 10114 10109
f 10109 10107 10119
f 10089 10087 10136
f 10119 10107 10127
f 10124 10115 10117
f 10115 10124 10121
f 10079 10081 10095
f 10095 10097 10079
f 10077 10136 10087
f 10089 10134 10099
f 10097 10136 10079
f 10075 10092 10094
f 10136 10077 10079
f 10081 10075 10094
f 10086 10075 10077
f 10075 10086 10083
f 10105 10129 10101
f 10103 10105 10101
f 10100 10137 10090
f 10100 10108 10137
f 10108 10138 10137
f 10128 10130 10141
f 10142 10088 10090
f 10120 10118 10126
f 10128 10141 10140
f 10120 10108 10110
f 10090 10139 10142
f 10126 10128 10120
f 10088 10142 10078
f 10080 10098 10096
f 10122 10123 10116
f 10128 10108 10120
f 10093 10091 10076
f 10084 10085 10076
f 10118 10116 10123
f 10110 10113 10120
f 10093 10076 10082
f 10096 10082 10080
f 10078 10076 10085
f 10142 10098 10080
f 10080 10078 10142
f 10102 10106 10104
f 10106 10102 10130
f 10127 10107 10108
f 10108 10128 10127
f 10134 10137 10138
f 10133 10138 10108
f 10108 10107 10133
f 10138 10133 10134
f 10127 10128 10140
f 10131 10140 10141
f 10132 10141 10130
f 10130 10129 10132
f 10141 10132 10131
f 10140 10131 10127
f 10136 10142 10139
f 10135 10139 10090
f 10090 10089 10135
f 10139 10135 10136
f 10134 10089 10090
f 10090 10137 10134
f 10101 10129 10130
f 10130 10102 10101
f 10136 10097 10098
f 10098 10142 10136
f 10145 10143 10144
f 10147 10145 10146
f 10149 10147 10148
f 10148 10150 10149
f 10146 10148 10147
f 10144 10146 10145
f 10151 10152 10144
f 10144 10143 10151
f 10153 10154 10144
f 10143 10144 10152
f 10152 10151 10143
f 10144 10143 10153
f 10153 10155 10156
f 10156 10154 10153
f 10149 10150 10157
f 10157 10158 10149
f 10158 10157 10159
f 10160 10159 10148
f 10148 10147 10160
f 10159 10160 10158
f 10161 10147 10148
f 10148 10162 10161
f 10163 10161 10162
f 10162 10164 10163
f 10155 10165 10166
f 10166 10156 10155
f 10167 10163 10164
f 10164 10168 10167
f 10169 10167 10168
f 10168 10170 10169
f 10165 10171 10172
f 10172 10166 10165
f 10173 10174 10175
f 10176 10175 10172
f 10172 10171 10176
f 10175 10176 10173
f 10177 10178 10174
f 10174 10173 10177
f 10179 10180 10181
f 10183 10179 10182
f 10171 10183 10184
f 10177 10171 10172
f 10172 10178 10177
f 10184 10172 10171
f 10182 10184 10183
f 10181 10182 10179
f 10185 10186 10181
f 10181 10180 10185
f 10179 10182 10186
f 10186 10185 10179
f 10179 10187 10188
f 10188 10182 10179
f 10187 10189 10190
f 10190 10188 10187
f 10189 10191 10192
f 10192 10190 10189
f 10191 10169 10170
f 10170 10192 10191
f 10193 10171 10165
f 10183 10189 10187
f 10194 10161 10163
f 10187 10179 10183
f 10163 10167 10195
f 10196 10197 10155
f 10163 10195 10194
f 10183 10193 10189
f 10145 10147 10161
f 10173 10176 10171
f 10161 10194 10145
f 10165 10155 10197
f 10171 10177 10173
f 10185 10180 10179
f 10145 10155 10153
f 10194 10155 10145
f 10183 10171 10193
f 10158 10160 10147
f 10153 10143 10145
f 10147 10149 10158
f 10169 10191 10167
f 10198 10156 10166
f 10156 10198 10199
f 10166 10172 10200
f 10184 10182 10188
f 10164 10162 10201
f 10188 10190 10184
f 10154 10156 10146
f 10201 10202 10164
f 10202 10168 10164
f 10146 10144 10154
f 10146 10201 10162
f 10190 10200 10184
f 10200 10172 10184
f 10174 10178 10172
f 10162 10148 10146
f 10157 10150 10148
f 10182 10181 10186
f 10172 10175 10174
f 10156 10201 10146
f 10148 10159 10157
f 10170 10168 10192
f 10189 10193 10200
f 10200 10190 10189
f 10165 10166 10200
f 10200 10193 10165
f 10155 10156 10199
f 10196 10199 10198
f 10198 10197 10196
f 10199 10196 10155
f 10165 10197 10198
f 10198 10166 10165
f 10167 10191 10192
f 10192 10168 10167
f 10167 10168 10202
f 10195 10202 10201
f 10201 10194 10195
f 10202 10195 10167
f 10155 10194 10201
f 10201 10156 10155
f 10205 10206 10204
f 10206 10203 10204
f 10203 10206 10207
f 10206 10205 10207
f 10205 10208 10207
f 10205 10204 10209
f 10204 10203 10210
f 10210 10209 10204
f 10209 10208 10205
f 10207 10210 10203
f 10211 10212 10213
f 10212 10214 10215
f 10212 10215 10213
f 10216 10209 10210
f 10209 10216 10217
f 10251 10216 10210
f 10210 10207 10251
f 10218 10220 10219
f 10215 10221 10222
f 10218 10209 10217
f 10214 10223 10221
f 10222 10219 10215
f 10217 10220 10218
f 10224 10225 10226
f 10207 10208 10251
f 10251 10213 10227
f 10221 10215 10214
f 10229 10230 10225
f 10219 10222 10218
f 10227 10216 10251
f 10225 10224 10229
f 10231 10224 10226
f 10229 10218 10230
f 10228 10226 10223
f 10228 10231 10226
f 10218 10229 10209
f 10229 10208 10209
f 10229 10251 10208
f 10223 10214 10228
f 10211 10232 10233
f 10211 10251 10234
f 10234 10232 10211
f 10233 10235 10211
f 10239 10240 10241
f 10238 10236 10233
f 10238 10237 10236
f 10251 10229 10242
f 10229 10243 10242
f 10239 10244 10245
f 10229 10246 10247
f 10242 10234 10251
f 10245 10229 10239
f 10241 10244 10239
f 10240 10238 10233
f 10229 10245 10243
f 10246 10229 10248
f 10248 10249 10246
f 10250 10236 10237
f 10233 10241 10240
f 10247 10239 10229
f 10249 10248 10250
f 10237 10249 10250
f 10233 10236 10235
f 10213 10251 10211
f 10254 10255 10228
f 10255 10231 10228
f 10243 10245 10242
f 10216 10256 10217
f 10227 10213 10216
f 10230 10257 10258
f 10258 10226 10230
f 10223 10226 10258
f 10221 10223 10260
f 10223 10259 10260
f 10230 10221 10257
f 10221 10260 10257
f 10222 10221 10230
f 10225 10230 10226
f 10230 10218 10222
f 10258 10259 10223
f 10261 10239 10247
f 10240 10239 10262
f 10238 10240 10263
f 10240 10264 10263
f 10237 10238 10265
f 10238 10263 10265
f 10249 10237 10266
f 10237 10265 10266
f 10247 10249 10261
f 10249 10266 10261
f 10247 10246 10249
f 10262 10264 10240
f 10261 10262 10239
f 10267 10261 10266
f 10257 10268 10258
f 10260 10269 10270
f 10270 10257 10260
f 10245 10244 10272
f 10244 10241 10273
f 10241 10233 10274
f 10233 10232 10275
f 10232 10234 10276
f 10234 10242 10277
f 10242 10245 10278
f 10271 10278 10245
f 10278 10277 10242
f 10277 10276 10234
f 10276 10275 10232
f 10275 10274 10233
f 10274 10273 10241
f 10273 10272 10244
f 10272 10271 10245
f 10275 10276 10278
f 10276 10277 10278
f 10271 10272 10278
f 10272 10273 10278
f 10273 10274 10278
f 10274 10275 10278
f 10217 10256 10280
f 10256 10216 10281
f 10216 10213 10282
f 10213 10215 10283
f 10215 10219 10284
f 10219 10220 10284
f 10220 10217 10279
f 10279 10285 10220
f 10285 10284 10220
f 10284 10283 10215
f 10283 10282 10213
f 10282 10281 10216
f 10281 10280 10256
f 10280 10279 10217
f 10280 10282 10283
f 10283 10284 10280
f 10284 10285 10280
f 10285 10279 10280
f 10281 10282 10280
f 10253 10250 10248
f 10229 10224 10248
f 10224 10255 10254
f 10224 10231 10255
f 10286 10287 10248
f 10248 10224 10286
f 10286 10290 10291
f 10291 10288 10286
f 10286 10289 10290
f 10288 10287 10286
f 10289 10286 10224
f 10293 10292 10224
f 10224 10292 10289
f 10224 10254 10293
f 10289 10292 10294
f 10294 10290 10289
f 10293 10295 10296
f 10296 10292 10293
f 10293 10297 10295
f 10228 10297 10293
f 10293 10254 10228
f 10291 10290 10294
f 10294 10298 10291
f 10299 10253 10248
f 10248 10300 10299
f 10248 10288 10300
f 10248 10287 10288
f 10298 10294 10296
f 10296 10301 10298
f 10294 10292 10296
f 10300 10298 10301
f 10288 10298 10300
f 10288 10291 10298
f 10299 10300 10301
f 10301 10302 10299
f 10302 10250 10253
f 10252 10250 10302
f 10302 10303 10252
f 10299 10302 10253
f 10304 10235 10250
f 10236 10250 10235
f 10250 10252 10304
f 10212 10228 10214
f 10211 10235 10212
f 10306 10305 10212
f 10212 10235 10306
f 10306 10235 10304
f 10305 10307 10308
f 10305 10309 10307
f 10305 10310 10309
f 10305 10306 10311
f 10311 10310 10305
f 10308 10312 10305
f 10306 10313 10314
f 10306 10315 10313
f 10314 10311 10306
f 10306 10316 10315
f 10306 10317 10316
f 10318 10306 10304
f 10304 10319 10318
f 10304 10303 10319
f 10304 10252 10303
f 10303 10302 10320
f 10320 10319 10303
f 10321 10319 10320
f 10318 10319 10321
f 10321 10323 10318
f 10323 10322 10318
f 10322 10326 10327
f 10324 10328 10329
f 10329 10322 10324
f 10324 10330 10328
f 10329 10326 10322
f 10327 10325 10322
f 10324 10322 10323
f 10323 10331 10324
f 10331 10333 10332
f 10332 10324 10331
f 10320 10333 10331
f 10331 10323 10320
f 10323 10321 10320
f 10333 10335 10334
f 10333 10336 10335
f 10333 10320 10336
f 10337 10333 10334
f 10338 10334 10335
f 10334 10338 10337
f 10335 10336 10338
f 10339 10332 10333
f 10333 10337 10339
f 10332 10339 10340
f 10339 10337 10338
f 10341 10339 10338
f 10341 10338 10342
f 10341 10343 10339
f 10345 10338 10344
f 10338 10345 10343
f 10338 10343 10341
f 10368 10349 10350
f 10364 10360 10361
f 10366 10358 10365
f 10367 10357 10366
f 10365 10359 10360
f 10347 10344 10338
f 10346 10347 10338
f 10359 10365 10358
f 10353 10354 10352
f 10358 10366 10357
f 10348 10368 10347
f 10357 10367 10356
f 10349 10368 10348
f 10380 10381 10382
f 10376 10377 10375
f 10373 10374 10372
f 10371 10372 10370
f 10297 10228 10212
f 10212 10387 10297
f 10388 10387 10212
f 10212 10305 10388
f 10297 10387 10389
f 10389 10295 10297
f 10387 10390 10389
f 10388 10390 10387
f 10391 10390 10388
f 10393 10392 10394
f 10392 10395 10394
f 10394 10396 10393
f 10397 10395 10392
f 10388 10392 10393
f 10388 10393 10398
f 10398 10391 10388
f 10393 10400 10398
f 10400 10393 10399
f 10389 10391 10398
f 10389 10390 10391
f 10398 10400 10389
f 10401 10389 10400
f 10402 10403 10400
f 10400 10399 10402
f 10404 10402 10399
f 10403 10405 10400
f 10405 10401 10400
f 10402 10405 10403
f 10402 10406 10405
f 10407 10408 10405
f 10405 10406 10407
f 10427 10414 10415
f 10426 10422 10423
f 10428 10413 10414
f 10426 10423 10425
f 10429 10412 10413
f 10425 10423 10424
f 10425 10424 10405
f 10405 10408 10425
f 10412 10429 10411
f 10414 10427 10428
f 10413 10428 10429
f 10410 10430 10409
f 10411 10429 10430
f 10411 10430 10410
f 10422 10426 10421
f 10431 10432 10409
f 10432 10433 10409
f 10434 10435 10363
f 10433 10436 10409
f 10437 10438 10409
f 10421 10260 10401
f 10436 10437 10409
f 10338 10336 10346
f 10336 10263 10350
f 10270 10269 10357
f 10260 10419 10418
f 10421 10420 10260
f 10410 10409 10438
f 10336 10350 10349
f 10263 10351 10350
f 10357 10263 10270
f 10389 10401 10260
f 10420 10419 10260
f 10401 10423 10422
f 10424 10401 10405
f 10269 10413 10412
f 10439 10411 10410
f 10263 10353 10352
f 10263 10355 10354
f 10357 10356 10263
f 10422 10421 10401
f 10424 10423 10401
f 10260 10417 10416
f 10269 10414 10413
f 10269 10260 10414
f 10438 10439 10410
f 10411 10439 10269
f 10336 10347 10346
f 10352 10351 10263
f 10263 10356 10355
f 10260 10259 10389
f 10260 10418 10417
f 10362 10269 10440
f 10362 10441 10434
f 10336 10348 10347
f 10354 10353 10263
f 10260 10416 10415
f 10269 10359 10358
f 10269 10361 10360
f 10439 10440 10269
f 10362 10440 10441
f 10349 10348 10336
f 10320 10302 10265
f 10296 10262 10261
f 10412 10411 10269
f 10358 10357 10269
f 10363 10362 10434
f 10320 10265 10263
f 10261 10301 10296
f 10415 10414 10260
f 10360 10359 10269
f 10263 10336 10320
f 10302 10301 10266
f 10267 10266 10301
f 10261 10267 10301
f 10262 10296 10268
f 10259 10295 10389
f 10362 10361 10269
f 10268 10257 10262
f 10263 10264 10270
f 10258 10268 10296
f 10266 10265 10302
f 10257 10270 10262
f 10258 10296 10295
f 10270 10264 10262
f 10259 10258 10295
f 10448 10441 10440
f 10443 10436 10433
f 10432 10442 10433
f 10444 10437 10443
f 10445 10438 10437
f 10440 10439 10446
f 10448 10440 10447
f 10434 10449 10435
f 10436 10443 10437
f 10441 10448 10434
f 10450 10442 10431
f 10442 10432 10431
f 10451 10442 10450
f 10450 10452 10451
f 10452 10450 10431
f 10431 10453 10452
f 10449 10363 10435
f 10454 10363 10449
f 10455 10363 10454
f 10455 10369 10363
f 10455 10454 10449
f 10456 10455 10449
f 10434 10448 10457
f 10447 10458 10457
f 10457 10448 10447
f 10447 10440 10459
f 10446 10460 10459
f 10459 10440 10446
f 10446 10439 10461
f 10438 10462 10461
f 10461 10439 10438
f 10445 10463 10462
f 10462 10438 10445
f 10445 10437 10464
f 10444 10465 10464
f 10464 10437 10444
f 10444 10443 10466
f 10433 10467 10466
f 10466 10443 10433
f 10433 10442 10451
f 10451 10467 10433
f 10434 10468 10456
f 10456 10449 10434
f 10466 10465 10444
f 10464 10463 10445
f 10461 10460 10446
f 10459 10458 10447
f 10457 10468 10434
f 10466 10469 10464
f 10457 10470 10468
f 10466 10469 10467
f 10458 10459 10457
f 10460 10461 10459
f 10464 10462 10463
f 10466 10464 10465
f 10470 10457 10459
f 10473 10471 10472
f 10481 10482 10483
f 10477 10478 10476
f 10347 10368 10385
f 10368 10350 10384
f 10352 10354 10380
f 10354 10355 10379
f 10355 10356 10378
f 10356 10367 10377
f 10367 10366 10375
f 10366 10365 10374
f 10365 10360 10374
f 10360 10364 10372
f 10364 10361 10372
f 10361 10362 10370
f 10362 10363 10369
f 10344 10347 10386
f 10351 10352 10487
f 10352 10382 10487
f 10382 10383 10487
f 10383 10384 10487
f 10487 10384 10350
f 10487 10350 10351
f 10386 10345 10344
f 10369 10370 10362
f 10370 10372 10361
f 10372 10374 10360
f 10374 10375 10366
f 10375 10377 10367
f 10377 10378 10356
f 10378 10379 10355
f 10379 10380 10354
f 10380 10382 10352
f 10384 10385 10368
f 10385 10386 10347
f 10431 10409 10486
f 10409 10430 10485
f 10430 10429 10484
f 10429 10428 10483
f 10428 10427 10481
f 10427 10415 10480
f 10415 10416 10479
f 10416 10417 10478
f 10417 10418 10478
f 10418 10419 10476
f 10421 10426 10473
f 10426 10425 10471
f 10488 10476 10419
f 10488 10419 10420
f 10420 10421 10488
f 10421 10474 10488
f 10488 10474 10475
f 10425 10408 10407
f 10407 10471 10425
f 10488 10475 10476
f 10471 10473 10426
f 10473 10474 10421
f 10476 10478 10418
f 10478 10479 10416
f 10479 10480 10415
f 10480 10481 10427
f 10481 10483 10428
f 10483 10484 10429
f 10484 10485 10430
f 10485 10486 10409
f 10486 10453 10431
f 10489 10490 10386
f 10315 10316 10493
f 10494 10495 10404
f 10312 10308 10496
f 10498 10499 10397
f 10397 10392 10498
f 10388 10305 10500
f 10499 10497 10397
f 10392 10388 10498
f 10500 10498 10388
f 10500 10305 10501
f 10501 10305 10312
f 10317 10306 10318
f 10318 10322 10317
f 10325 10327 10502
f 10322 10503 10504
f 10503 10322 10325
f 10502 10503 10325
f 10316 10317 10493
f 10504 10317 10322
f 10493 10317 10504
f 10491 10326 10329
f 10329 10506 10491
f 10491 10327 10326
f 10324 10507 10508
f 10340 10509 10507
f 10508 10330 10324
f 10507 10332 10340
f 10339 10343 10509
f 10340 10339 10509
f 10509 10343 10345
f 10345 10386 10509
f 10510 10489 10385
f 10385 10511 10510
f 10328 10330 10512
f 10511 10512 10330
f 10386 10385 10489
f 10512 10506 10328
f 10511 10385 10384
f 10384 10514 10513
f 10514 10384 10383
f 10380 10515 10381
f 10515 10380 10379
f 10516 10383 10382
f 10516 10514 10383
f 10378 10313 10379
f 10492 10382 10381
f 10315 10517 10379
f 10379 10313 10315
f 10313 10376 10375
f 10369 10371 10370
f 10518 10372 10371
f 10375 10373 10313
f 10372 10518 10373
f 10313 10377 10376
f 10378 10377 10313
f 10314 10313 10373
f 10375 10374 10373
f 10455 10456 10468
f 10369 10455 10468
f 10467 10452 10453
f 10467 10451 10452
f 10453 10466 10467
f 10307 10309 10482
f 10309 10483 10482
f 10482 10481 10307
f 10481 10480 10307
f 10496 10478 10477
f 10308 10307 10479
f 10479 10478 10496
f 10477 10476 10496
f 10476 10519 10477
f 10477 10519 10501
f 10475 10520 10519
f 10476 10475 10519
f 10521 10520 10474
f 10522 10523 10394
f 10395 10497 10522
f 10475 10474 10520
f 10394 10523 10525
f 10524 10521 10474
f 10525 10396 10394
f 10396 10525 10524
f 10474 10526 10524
f 10473 10472 10526
f 10526 10474 10473
f 10404 10495 10527
f 10527 10406 10402
f 10527 10471 10407
f 10471 10527 10495
f 10407 10406 10527
f 10495 10472 10471
f 10527 10402 10404
f 10393 10396 10528
f 10494 10399 10393
f 10528 10494 10393
f 10529 10530 10459
f 10461 10531 10529
f 10470 10532 10457
f 10459 10461 10529
f 10532 10533 10534
f 10470 10459 10530
f 10311 10535 10531
f 10311 10534 10533
f 10531 10462 10311
f 10369 10536 10371
f 10533 10535 10311
f 10314 10518 10534
f 10369 10532 10536
f 10534 10311 10314
f 10461 10462 10531
f 10532 10369 10457
f 10309 10537 10484
f 10537 10538 10485
f 10539 10540 10453
f 10485 10484 10537
f 10538 10541 10485
f 10541 10539 10486
f 10453 10486 10539
f 10310 10543 10542
f 10486 10485 10541
f 10309 10310 10542
f 10484 10483 10309
f 10542 10537 10309
f 10466 10453 10540
f 10544 10464 10469
f 10544 10545 10464
f 10546 10547 10462
f 10464 10545 10546
f 10311 10462 10547
f 10310 10311 10548
f 10462 10464 10546
f 10547 10548 10311
f 10548 10543 10310
f 10466 10540 10469
f 10394 10395 10522
f 10479 10496 10308
f 10480 10479 10307
f 10468 10457 10369
f 10373 10518 10314
f 10324 10332 10507
f 10506 10329 10328
f 10397 10497 10395
f 10496 10501 10312
f 10404 10399 10494
f 10493 10517 10315
f 10490 10509 10386
f 10511 10330 10508
f 10511 10508 10549
f 10549 10550 10511
f 10551 10552 10489
f 10489 10552 10553
f 10553 10509 10490
f 10550 10551 10510
f 10510 10511 10550
f 10553 10490 10489
f 10489 10510 10551
f 10507 10509 10553
f 10553 10554 10507
f 10549 10554 10551
f 10554 10553 10552
f 10552 10551 10554
f 10551 10550 10549
f 10507 10554 10549
f 10549 10508 10507
f 10384 10513 10511
f 10505 10491 10514
f 10513 10514 10556
f 10556 10555 10513
f 10555 10511 10513
f 10555 10558 10557
f 10555 10556 10558
f 10512 10557 10558
f 10558 10491 10512
f 10512 10511 10555
f 10555 10557 10512
f 10514 10491 10558
f 10558 10556 10514
f 10506 10512 10491
f 10492 10504 10382
f 10492 10493 10504
f 10516 10382 10504
f 10516 10504 10559
f 10559 10560 10516
f 10560 10556 10516
f 10556 10514 10516
f 10560 10561 10558
f 10560 10559 10561
f 10558 10556 10560
f 10503 10491 10558
f 10558 10561 10503
f 10503 10561 10559
f 10559 10504 10503
f 10491 10514 10556
f 10556 10558 10491
f 10502 10491 10503
f 10502 10327 10491
f 10381 10493 10492
f 10517 10493 10379
f 10381 10563 10562
f 10515 10564 10563
f 10515 10379 10564
f 10381 10515 10563
f 10379 10493 10565
f 10565 10564 10379
f 10381 10562 10565
f 10565 10493 10381
f 10565 10562 10563
f 10563 10564 10565
f 10540 10539 10542
f 10541 10567 10566
f 10539 10566 10568
f 10567 10541 10538
f 10538 10537 10567
f 10539 10541 10566
f 10542 10569 10567
f 10567 10537 10542
f 10542 10539 10568
f 10568 10569 10542
f 10569 10566 10567
f 10569 10568 10566
f 10528 10396 10494
f 10528 10396 10524
f 10495 10527 10494
f 10494 10528 10570
f 10570 10571 10494
f 10571 10572 10573
f 10570 10574 10572
f 10572 10571 10570
f 10573 10575 10571
f 10572 10526 10472
f 10472 10573 10572
f 10574 10524 10526
f 10526 10572 10574
f 10472 10495 10575
f 10575 10573 10472
f 10494 10571 10575
f 10575 10495 10494
f 10524 10574 10570
f 10570 10528 10524
f 10523 10522 10525
f 10521 10524 10576
f 10520 10577 10578
f 10578 10522 10520
f 10525 10522 10578
f 10578 10579 10525
f 10521 10580 10577
f 10521 10576 10580
f 10577 10520 10521
f 10579 10578 10580
f 10578 10577 10580
f 10525 10579 10580
f 10580 10576 10525
f 10576 10524 10525
f 10479 10501 10496
f 10581 10479 10496
f 10582 10581 10477
f 10581 10496 10477
f 10479 10581 10583
f 10583 10501 10479
f 10477 10501 10583
f 10583 10582 10477
f 10581 10582 10583
f 10519 10500 10501
f 10519 10584 10585
f 10585 10500 10519
f 10577 10584 10519
f 10519 10520 10577
f 10584 10577 10578
f 10578 10585 10584
f 10578 10586 10585
f 10498 10500 10585
f 10585 10586 10498
f 10522 10498 10586
f 10586 10578 10522
f 10522 10578 10577
f 10577 10520 10522
f 10498 10522 10499
f 10497 10499 10522
f 10534 10373 10518
f 10536 10532 10534
f 10371 10536 10587
f 10534 10518 10588
f 10588 10589 10534
f 10590 10588 10371
f 10591 10590 10536
f 10590 10587 10536
f 10518 10371 10588
f 10371 10587 10590
f 10534 10589 10591
f 10591 10536 10534
f 10588 10590 10589
f 10590 10591 10589
f 10530 10529 10592
f 10593 10536 10470
f 10536 10532 10470
f 10533 10536 10593
f 10533 10532 10536
f 10594 10595 10530
f 10595 10470 10530
f 10595 10596 10470
f 10596 10593 10470
f 10597 10594 10529
f 10594 10592 10529
f 10529 10531 10597
f 10530 10592 10594
f 10598 10599 10594
f 10599 10596 10595
f 10595 10594 10599
f 10594 10597 10598
f 10533 10599 10598
f 10598 10535 10533
f 10533 10593 10596
f 10596 10599 10533
f 10531 10535 10598
f 10598 10597 10531
f 10469 10544 10600
f 10545 10546 10544
f 10600 10469 10540
f 10600 10540 10539
f 10548 10542 10543
f 10548 10601 10542
f 10547 10602 10603
f 10603 10548 10547
f 10604 10545 10544
f 10544 10605 10604
f 10602 10547 10546
f 10546 10604 10602
f 10605 10469 10600
f 10600 10606 10605
f 10546 10545 10604
f 10544 10469 10605
f 10601 10548 10603
f 10603 10607 10601
f 10607 10604 10605
f 10603 10602 10604
f 10604 10607 10603
f 10605 10606 10607
f 10601 10607 10606
f 10606 10600 10601
f 10542 10601 10539
f 10600 10539 10601
f 9606 10608 10609
f 10611 9606 10610
f 10613 10611 10612
f 9596 10613 10614
f 10616 9596 10615
f 9521 10616 10617
f 9520 9521 10618
f 9526 9520 10619
f 9528 9526 10620
f 9530 9528 10621
f 9525 9530 10622
f 10623 9525 10624
f 9532 10623 10625
f 10626 9532 10627
f 9612 10626 10628
f 9613 9612 10629
f 10608 9613 10630
f 10630 10609 10608
f 10629 10630 9613
f 10628 10629 9612
f 10627 10628 10626
f 10625 10627 9532
f 10624 10625 10623
f 10622 10624 9525
f 10621 10622 9530
f 10620 10621 9528
f 10619 10620 9526
f 10618 10619 9520
f 10617 10618 9521
f 10615 10617 10616
f 10614 10615 9596
f 10612 10614 10613
f 10610 10612 10611
f 10609 10610 9606
f 10631 10632 10628
f 10634 10635 10614
f 10629 10628 10632
f 10633 10609 10630
f 10614 10612 10634
f 10635 10636 10614
f 10636 10615 10614
f 10627 10631 10628
f 10638 10610 10609
f 10638 10639 10610
f 10615 10636 10637
f 10637 10617 10615
f 10609 10633 10638
f 10639 10634 10612
f 10618 10617 10637
f 10612 10610 10639
f 10641 10620 10619
f 10621 10620 10640
f 10621 10642 10622
f 10643 10624 10622
f 10643 10644 10625
f 10620 10641 10640
f 10625 10624 10643
f 10627 10625 10644
f 10622 10642 10643
f 9609 10633 10630
f 9612 10629 10632
f 9610 10632 10631
f 9599 10631 10627
f 9532 10627 10644
f 9534 10644 10643
f 9468 10643 10642
f 9529 10642 10621
f 9528 10621 10640
f 10645 10640 10641
f 9527 10641 10619
f 9521 10618 10637
f 9535 10637 10636
f 9597 10636 10635
f 9602 10635 10634
f 9601 10634 10639
f 9605 10639 10638
f 9608 10638 10633
f 10633 9609 9608
f 10638 9608 9605
f 10639 9605 9601
f 10634 9601 9602
f 10635 9602 9597
f 10636 9597 9535
f 10637 9535 9521
f 10619 9520 9527
f 10641 9527 10645
f 10640 10645 9528
f 10621 9528 9529
f 10642 9529 9468
f 10643 9468 9534
f 10644 9534 9532
f 10627 9532 9599
f 10631 9599 9610
f 10632 9610 9612
f 10630 9613 9609
f 9601 10611 10613
f 9597 9602 10613
f 9605 9606 10611
f 10608 9606 9608
f 9609 9613 10608
f 10613 9602 9601
f 9610 10626 9612
f 9468 9525 10623
f 10645 9526 9528
f 10645 9527 9526
f 9535 10616 9521
f 10611 9601 9605
f 10626 9610 9599
f 9532 9534 10623
f 9596 10616 9535
f 9535 9597 9596
f 10608 9608 9609
f 10623 9534 9468
f 9528 9530 9529
f 9520 9526 9527
f 10613 9596 9597
f 10626 9599 9532
f 9675 9668 10646
f 10648 9675 10647
f 9682 10648 10649
f 10650 9682 10651
f 10653 10650 10652
f 9699 10653 10654
f 9690 9699 10655
f 9685 9690 10656
f 9686 9685 10657
f 10659 9686 10658
f 9677 10659 10660
f 10661 9677 10662
f 10664 10661 10663
f 9670 10664 10665
f 9672 9670 10666
f 9669 9672 10667
f 9668 9669 10668
f 10668 10646 9668
f 10667 10668 9669
f 10666 10667 9672
f 10665 10666 9670
f 10663 10665 10664
f 10662 10663 10661
f 10660 10662 9677
f 10658 10660 10659
f 10657 10658 9686
f 10656 10657 9685
f 10655 10656 9690
f 10654 10655 9699
f 10652 10654 10653
f 10651 10652 10650
f 10649 10651 9682
f 10647 10649 10648
f 10646 10647 9675
f 10669 10670 10666
f 10671 10668 10667
f 10671 10672 10668
f 10672 10646 10668
f 10651 10649 10673
f 10651 10674 10652
f 10675 10654 10652
f 10676 10669 10665
f 10666 10670 10667
f 10652 10674 10675
f 10677 10655 10654
f 10666 10665 10669
f 10647 10678 10649
f 10679 10656 10655
f 10679 10680 10656
f 10654 10675 10677
f 10658 10681 10660
f 10656 10680 10657
f 10662 10660 10682
f 10662 10676 10663
f 10649 10678 10673
f 10660 10681 10682
f 10665 10663 10676
f 9673 10672 10671
f 10683 10671 10667
f 9672 10667 10670
f 9671 10670 10669
f 9666 10669 10676
f 9679 10676 10662
f 9677 10662 10682
f 9680 10682 10681
f 9687 10681 10658
f 9685 10657 10680
f 9684 10680 10679
f 9691 10679 10655
f 9699 10655 10677
f 9705 10677 10675
f 9704 10675 10674
f 9703 10674 10651
f 9682 10651 10673
f 9681 10673 10678
f 9674 10678 10647
f 9668 10646 10672
f 10672 9673 9668
f 10647 9675 9674
f 10678 9674 9681
f 10673 9681 9682
f 10651 9682 9703
f 10674 9703 9704
f 10675 9704 9705
f 10677 9705 9699
f 10655 9699 9691
f 10679 9691 9684
f 10680 9684 9685
f 10658 9686 9687
f 10681 9687 9680
f 10682 9680 9677
f 10662 9677 9679
f 10676 9679 9666
f 10669 9666 9671
f 10670 9671 9672
f 10667 9672 10683
f 10671 10683 9673
f 9681 10648 9682
f 9681 9674 10648
f 9673 9669 9668
f 9672 9669 10683
f 9669 9673 10683
f 9666 10664 9670
f 9680 10659 9677
f 9680 9687 10659
f 9685 9684 9690
f 9705 9704 10653
f 10648 9674 9675
f 9672 9671 9670
f 9679 10661 10664
f 9699 9690 9691
f 10653 9699 9705
f 9704 9703 10650
f 10661 9679 9677
f 10650 10653 9704
f 10664 9666 9679
f 9690 9684 9691
f 10659 9687 9686
f 9682 10650 9703
f 10684 10688 10689
f 10689 10687 10684
f 10687 10689 10690
f 10690 10686 10687
f 10686 10690 10691
f 10691 10685 10686
f 10691 10684 10685
f 10691 10688 10684
f 10696 10798 10695
f 10697 10694 10696
f 10692 10695 10798
f 10702 10703 10701
f 10794 10699 10702
f 10699 10794 10698
f 10698 10701 10700
f 10707 10704 10706
f 10708 10691 10704
f 10709 10710 10711
f 10712 10713 10714
f 10711 10715 10709
f 10710 10709 10717
f 10716 10715 10711
f 10705 10719 10718
f 10720 10705 10721
f 10724 10719 10725
f 10725 10722 10724
f 10726 10725 10719
f 10722 10727 10723
f 10723 10724 10722
f 10722 10728 10727
f 10727 10728 10729
f 10729 10726 10727
f 10689 10804 10734
f 10734 10735 10690
f 10706 10704 10736
f 10737 10691 10708
f 10720 10721 10740
f 10721 10739 10740
f 10731 10741 10732
f 10732 10721 10705
f 10788 10742 10741
f 10739 10721 10742
f 10742 10788 10739
f 10789 10788 10741
f 10689 10688 10803
f 10738 10688 10691
f 10704 10691 10690
f 10690 10689 10734
f 10744 10745 10743
f 10746 10747 10744
f 10750 10745 10749
f 10752 10751 10753
f 10752 10753 10750
f 10752 10754 10751
f 10752 10755 10754
f 10757 10755 10756
f 10756 10759 10758
f 10758 10757 10756
f 10763 10760 10761
f 10760 10759 10761
f 10746 10761 10747
f 10763 10761 10746
f 10755 10757 10762
f 10747 10756 10762
f 10762 10756 10755
f 10763 10764 10760
f 10765 10767 10768
f 10766 10765 10768
f 10766 10764 10765
f 10767 10769 10770
f 10772 10773 10771
f 10771 10767 10772
f 10769 10772 10767
f 10774 10767 10771
f 10743 10773 10748
f 10775 10776 10724
f 10723 10775 10724
f 10775 10778 10776
f 10771 10776 10779
f 10776 10778 10779
f 10774 10771 10779
f 10766 10768 10781
f 10781 10782 10766
f 10782 10784 10783
f 10778 10777 10780
f 10740 10783 10786
f 10720 10740 10787
f 10786 10787 10740
f 10786 10783 10784
f 10786 10784 10727
f 10739 10788 10703
f 10703 10791 10790
f 10703 10701 10791
f 10733 10741 10792
f 10702 10793 10794
f 10791 10701 10700
f 10795 10791 10700
f 10795 10700 10697
f 10697 10694 10796
f 10797 10798 10799
f 10794 10797 10698
f 10696 10799 10798
f 10800 10694 10693
f 10693 10694 10692
f 10801 10800 10693
f 10693 10802 10801
f 10803 10688 10802
f 10802 10688 10738
f 10805 10692 10798
f 10809 10737 10806
f 10806 10737 10708
f 10813 10810 10811
f 10811 10812 10813
f 10810 10809 10811
f 10814 10807 10812
f 10707 10815 10808
f 10816 10715 10716
f 10816 10815 10715
f 10716 10812 10814
f 10814 10816 10716
f 10810 10817 10818
f 10818 10819 10810
f 10810 10813 10817
f 10818 10820 10819
f 10821 10823 10822
f 10824 10825 10819
f 10821 10824 10820
f 10824 10819 10820
f 10833 10827 10826
f 10827 10825 10826
f 10825 10824 10826
f 10709 10830 10829
f 10717 10829 10822
f 10717 10709 10829
f 10822 10821 10717
f 10828 10830 10831
f 10833 10835 10832
f 10832 10836 10827
f 10832 10827 10833
f 10837 10838 10839
f 10840 10836 10837
f 10837 10839 10840
f 10837 10841 10839
f 10842 10841 10835
f 10837 10835 10841
f 10831 10844 10834
f 10842 10844 10845
f 10846 10843 10845
f 10843 10846 10847
f 10843 10847 10848
f 10843 10848 10838
f 10835 10833 10834
f 10806 10811 10809
f 10802 10738 10801
f 10697 10796 10795
f 10703 10790 10739
f 10781 10785 10782
f 10763 10765 10764
f 10747 10762 10749
f 10741 10731 10733
f 10796 10694 10800
f 10737 10738 10691
f 10730 10705 10718
f 10698 10849 10850
f 10850 10696 10698
f 10698 10797 10851
f 10851 10849 10698
f 10799 10696 10850
f 10850 10852 10799
f 10850 10849 10852
f 10851 10852 10849
f 10852 10851 10797
f 10797 10799 10852
f 10698 10696 10697
f 10697 10700 10698
f 10854 10853 10700
f 10700 10697 10854
f 10788 10742 10856
f 10742 10788 10855
f 10855 10856 10742
f 10856 10855 10788
f 10789 10702 10703
f 10703 10788 10789
f 10788 10703 10857
f 10857 10855 10788
f 10858 10859 10702
f 10702 10789 10858
f 10789 10741 10860
f 10741 10733 10861
f 10733 10792 10862
f 10862 10861 10733
f 10861 10860 10741
f 10860 10858 10789
f 10793 10702 10859
f 10859 10863 10793
f 10859 10858 10863
f 10862 10863 10858
f 10792 10793 10863
f 10863 10862 10792
f 10860 10861 10862
f 10862 10858 10860
f 10864 10806 10807
f 10807 10865 10864
f 10811 10806 10864
f 10864 10866 10811
f 10867 10812 10811
f 10811 10866 10867
f 10866 10864 10865
f 10807 10812 10867
f 10867 10865 10807
f 10865 10867 10866
f 10704 10690 10869
f 10869 10868 10704
f 10690 10735 10870
f 10870 10869 10690
f 10736 10704 10868
f 10868 10871 10736
f 10869 10871 10868
f 10870 10871 10869
f 10871 10870 10735
f 10735 10736 10871
f 10692 10803 10802
f 10802 10693 10692
f 10872 10693 10802
f 10802 10873 10872
f 10873 10802 10688
f 10688 10874 10873
f 10873 10802 10693
f 10693 10872 10873
f 10875 10689 10803
f 10803 10876 10875
f 10804 10734 10878
f 10734 10689 10875
f 10875 10878 10734
f 10878 10877 10804
f 10805 10804 10877
f 10877 10879 10805
f 10803 10692 10880
f 10880 10876 10803
f 10692 10805 10879
f 10879 10880 10692
f 10879 10876 10880
f 10878 10875 10877
f 10876 10879 10877
f 10875 10876 10877
f 10756 10761 10759
f 10756 10881 10882
f 10882 10761 10756
f 10756 10747 10883
f 10883 10881 10756
f 10747 10761 10882
f 10882 10883 10747
f 10882 10881 10883
f 10884 10763 10770
f 10770 10885 10884
f 10763 10884 10886
f 10886 10765 10763
f 10885 10770 10765
f 10765 10886 10885
f 10765 10770 10767
f 10765 10767 10887
f 10887 10886 10765
f 10886 10884 10885
f 10770 10885 10888
f 10888 10769 10770
f 10770 10748 10889
f 10889 10885 10770
f 10748 10773 10890
f 10890 10889 10748
f 10772 10769 10888
f 10888 10891 10772
f 10885 10889 10888
f 10890 10888 10889
f 10888 10890 10891
f 10773 10772 10891
f 10891 10890 10773
f 10892 10723 10777
f 10777 10893 10892
f 10778 10775 10779
f 10775 10723 10892
f 10892 10894 10775
f 10893 10894 10892
f 10779 10775 10894
f 10894 10895 10779
f 10774 10779 10780
f 10778 10780 10779
f 10896 10780 10778
f 10897 10778 10779
f 10779 10895 10897
f 10778 10897 10896
f 10777 10778 10897
f 10897 10893 10777
f 10895 10894 10897
f 10897 10894 10893
f 10781 10768 10899
f 10768 10780 10896
f 10896 10899 10768
f 10899 10898 10781
f 10781 10898 10900
f 10900 10782 10781
f 10780 10777 10893
f 10893 10896 10780
f 10784 10782 10900
f 10900 10901 10784
f 10898 10899 10896
f 10900 10896 10893
f 10893 10901 10900
f 10896 10900 10898
f 10893 10777 10784
f 10784 10901 10893
f 10786 10727 10729
f 10787 10786 10902
f 10902 10903 10787
f 10904 10729 10787
f 10787 10903 10904
f 10904 10903 10902
f 10786 10727 10902
f 10786 10729 10904
f 10904 10902 10786
f 10729 10728 10905
f 10905 10904 10729
f 10726 10729 10904
f 10904 10906 10726
f 10728 10722 10907
f 10907 10905 10728
f 10725 10726 10906
f 10906 10908 10725
f 10906 10904 10905
f 10906 10905 10908
f 10722 10725 10908
f 10908 10907 10722
f 10905 10907 10908
f 10909 10730 10731
f 10731 10910 10909
f 10731 10732 10911
f 10911 10910 10731
f 10730 10909 10705
f 10912 10705 10909
f 10911 10909 10910
f 10912 10909 10911
f 10732 10705 10912
f 10912 10911 10732
f 10823 10822 10913
f 10913 10914 10823
f 10828 10823 10914
f 10914 10915 10828
f 10830 10828 10915
f 10915 10916 10830
f 10830 10916 10917
f 10917 10829 10830
f 10915 10914 10913
f 10917 10915 10913
f 10915 10917 10916
f 10822 10829 10917
f 10917 10913 10822
f 10832 10835 10918
f 10918 10919 10832
f 10835 10837 10920
f 10920 10918 10835
f 10832 10837 10836
f 10837 10832 10919
f 10919 10920 10837
f 10920 10919 10918
f 10842 10835 10918
f 10918 10921 10842
f 10835 10834 10922
f 10922 10918 10835
f 10921 10918 10922
f 10844 10842 10834
f 10834 10842 10921
f 10921 10922 10834
f 10923 10824 10821
f 10821 10924 10923
f 10821 10823 10914
f 10914 10924 10821
f 10923 10925 10826
f 10826 10824 10923
f 10914 10823 10826
f 10826 10925 10914
f 10914 10923 10924
f 10914 10925 10923
f 10712 10926 10927
f 10927 10713 10712
f 10712 10820 10928
f 10820 10818 10929
f 10929 10928 10820
f 10928 10926 10712
f 10818 10817 10930
f 10930 10929 10818
f 10926 10928 10929
f 10931 10927 10930
f 10927 10926 10930
f 10929 10930 10926
f 10817 10813 10931
f 10813 10713 10927
f 10927 10931 10813
f 10931 10930 10817
f 10710 10717 10712
f 10712 10714 10932
f 10932 10926 10712
f 10933 10710 10712
f 10712 10926 10933
f 10933 10926 10932
f 10711 10710 10933
f 10933 10934 10711
f 10716 10711 10713
f 10927 10713 10711
f 10711 10934 10927
f 10934 10933 10932
f 10714 10713 10927
f 10927 10932 10714
f 10934 10932 10927
f 10865 10935 10814
f 10814 10807 10865
f 10807 10808 10936
f 10936 10865 10807
f 10816 10814 10935
f 10935 10937 10816
f 10815 10816 10937
f 10937 10938 10815
f 10935 10865 10936
f 10938 10935 10936
f 10935 10938 10937
f 10808 10815 10938
f 10938 10936 10808
f 10744 10747 10883
f 10883 10939 10744
f 10747 10749 10940
f 10940 10883 10747
f 10744 10749 10745
f 10883 10940 10939
f 10744 10939 10940
f 10940 10749 10744
f 10738 10739 10800
f 10800 10801 10738
f 10739 10791 10795
f 10790 10791 10739
f 10795 10796 10739
f 10796 10800 10739
f 10840 10825 10827
f 10840 10737 10819
f 10819 10825 10840
f 10737 10810 10819
f 10827 10836 10840
f 10737 10809 10810
f 10738 10737 10941
f 10941 10942 10738
f 10943 10739 10738
f 10738 10942 10943
f 10944 10839 10838
f 10941 10737 10840
f 10840 10945 10941
f 10946 10947 10942
f 10942 10941 10946
f 10740 10782 10783
f 10740 10766 10782
f 10758 10764 10766
f 10766 10740 10758
f 10758 10759 10760
f 10760 10764 10758
f 10740 10739 10943
f 10943 10948 10740
f 10943 10942 10947
f 10947 10949 10943
f 10757 10950 10755
f 10948 10951 10758
f 10758 10740 10948
f 10949 10952 10948
f 10948 10943 10949
f 10949 10947 10955
f 10955 10956 10949
f 10947 10957 10955
f 10956 10954 10949
f 10954 10953 10949
f 10706 10715 10815
f 10706 10845 10709
f 10709 10715 10706
f 10845 10830 10709
f 10815 10707 10706
f 10845 10844 10831
f 10831 10830 10845
f 10945 10840 10839
f 10958 10839 10944
f 10959 10944 10838
f 10961 10838 10848
f 10962 10848 10847
f 10963 10847 10846
f 10964 10846 10845
f 10845 10965 10964
f 10846 10964 10963
f 10847 10963 10962
f 10848 10962 10961
f 10838 10961 10960
f 10838 10960 10959
f 10944 10959 10958
f 10839 10958 10945
f 10946 10941 10945
f 10945 10966 10946
f 10965 10845 10706
f 10706 10967 10965
f 10965 10968 10969
f 10964 10969 10970
f 10963 10970 10971
f 10962 10971 10972
f 10960 10972 10973
f 10959 10973 10974
f 10958 10974 10966
f 10966 10945 10958
f 10974 10958 10959
f 10973 10959 10960
f 10972 10960 10961
f 10972 10961 10962
f 10971 10962 10963
f 10970 10963 10964
f 10969 10964 10965
f 10946 10975 10976
f 10946 10977 10975
f 10966 10978 10977
f 10977 10946 10966
f 10966 10979 10980
f 10980 10978 10966
f 10750 10773 10743
f 10750 10771 10773
f 10718 10776 10771
f 10771 10750 10718
f 10718 10724 10776
f 10743 10745 10750
f 10718 10719 10724
f 10982 10750 10753
f 10982 10753 10751
f 10983 10751 10754
f 10984 10754 10755
f 10986 10755 10950
f 10987 10950 10757
f 10988 10757 10758
f 10758 10951 10988
f 10757 10988 10987
f 10950 10987 10986
f 10755 10986 10985
f 10755 10985 10984
f 10754 10984 10983
f 10751 10983 10982
f 10750 10982 10981
f 10948 10952 10989
f 10989 10951 10948
f 10733 10731 10730
f 10730 10793 10792
f 10730 10794 10793
f 10730 10797 10794
f 10730 10736 10798
f 10805 10798 10736
f 10798 10797 10730
f 10792 10733 10730
f 10736 10734 10804
f 10735 10734 10736
f 10804 10805 10736
f 10967 10706 10736
f 10736 10871 10967
f 10965 10967 10990
f 10990 10968 10965
f 10974 10973 10972
f 10736 10730 10909
f 10909 10871 10736
f 10967 10991 10990
f 10991 10967 10871
f 10968 10992 10993
f 10968 10994 10992
f 10990 10995 10994
f 10994 10968 10990
f 10990 10996 10995
f 10993 10997 10968
f 10990 10998 10996
f 10981 10999 10718
f 10718 10750 10981
f 10951 10989 11000
f 10988 11000 11001
f 10987 11001 11002
f 10985 11002 11003
f 10984 11003 11004
f 10983 11004 11005
f 10982 11005 11006
f 11006 10981 10982
f 11005 10982 10983
f 11004 10983 10984
f 11003 10984 10985
f 11002 10985 10986
f 11002 10986 10987
f 11001 10987 10988
f 11000 10988 10951
f 10989 11007 11008
f 10989 10952 11009
f 11009 11007 10989
f 10952 11010 11009
f 10952 11011 11010
f 11008 11012 10989
f 10909 10730 10718
f 10718 10999 10909
f 10991 10871 10909
f 10909 11013 10991
f 10981 11006 11014
f 11014 10999 10981
f 11001 11000 11002
f 10999 11014 11013
f 11013 10909 10999
f 11014 11015 11016
f 11014 11006 11017
f 11017 11015 11014
f 11006 11018 11017
f 11016 11019 11014
f 11006 11020 11021
f 11021 11018 11006
f 11023 11022 10991
f 11024 11025 10991
f 11013 11026 11027
f 11013 11028 11026
f 11027 10991 11013
f 11013 11029 11028
f 11027 11024 10991
f 11025 11023 10991
f 11013 11031 11030
f 11030 11032 11013
f 11032 11029 11013
f 10696 10695 10694
f 10752 10750 10749
f 10755 10752 10757
f 10729 10726 10787
f 11033 10694 10695
f 10695 11034 11033
f 11034 10695 10696
f 10695 11035 11034
f 10695 11036 11035
f 11037 11036 10693
f 11036 10692 10693
f 10693 11033 11037
f 10693 10694 11033
f 10695 10692 11036
f 11038 11033 11034
f 11039 10701 10703
f 10703 11040 11039
f 11040 10703 10702
f 10702 11041 11040
f 11041 10702 10699
f 10699 11042 11041
f 10699 11043 11042
f 11044 11043 10700
f 11043 10698 10700
f 11039 11044 10700
f 10700 10701 11039
f 10699 10698 11043
f 11045 10721 10732
f 10732 11046 11045
f 10732 11047 11046
f 11048 11047 10742
f 11047 10741 10742
f 11045 11048 10721
f 11048 10742 10721
f 10732 10741 11047
f 10808 11049 10998
f 10998 10707 10808
f 10998 10704 10707
f 11050 10708 10704
f 10806 10708 11052
f 10708 11051 11052
f 11052 10807 10806
f 10808 10807 11049
f 10807 11053 11049
f 11052 11053 10807
f 11050 11051 10708
f 10998 11050 10704
f 10762 11054 11055
f 11055 10749 10762
f 10749 11055 11006
f 11006 10752 10749
f 10757 10752 11002
f 10752 11056 11002
f 10762 10757 11000
f 11000 11054 10762
f 11002 11000 10757
f 11006 11056 10752
f 10770 11058 11059
f 11059 10748 10770
f 11059 10743 10748
f 10743 11021 11060
f 11060 10744 10743
f 11060 10746 10744
f 10763 10746 11061
f 10770 10763 11058
f 10763 11062 11058
f 11061 11062 10763
f 11060 11061 10746
f 11059 11021 10743
f 11059 11021 11060
f 10780 11063 11064
f 11064 10774 10780
f 10767 10774 11064
f 10768 10767 11066
f 10767 11065 11066
f 10768 11066 11063
f 11063 10780 10768
f 11064 11065 10767
f 10727 11067 11068
f 11068 10723 10727
f 11068 10777 10723
f 10784 10777 11069
f 10784 11070 11067
f 11067 10727 10784
f 11069 11070 10784
f 11068 11069 10777
f 10720 11071 11072
f 11072 10705 10720
f 11072 10719 10705
f 11019 10726 10719
f 10787 10726 11074
f 10726 11073 11074
f 10787 11075 11071
f 11071 10720 10787
f 11074 11075 10787
f 11019 11073 10726
f 11072 11019 10719
f 10843 11076 10968
f 10968 10845 10843
f 10842 10845 10968
f 11077 10841 10842
f 10839 10841 10974
f 10841 11078 10974
f 10974 10838 10839
f 10843 10838 10972
f 10972 11076 10843
f 10974 10972 10838
f 11077 11078 10841
f 10968 11077 10842
f 11079 10823 10828
f 10826 10823 11081
f 10823 11080 11081
f 11081 10833 10826
f 10834 10833 11083
f 10833 11082 11083
f 10834 11083 10993
f 10993 10831 10834
f 10993 10828 10831
f 10993 11079 10828
f 11081 11082 10833
f 11079 11080 10823
f 11084 10712 10717
f 11085 10820 10712
f 10821 10820 11087
f 10820 11086 11087
f 10821 11087 11084
f 11084 10717 10821
f 11085 11086 10820
f 11084 11085 10712
f 10812 10716 11088
f 11089 10813 10812
f 11090 10713 10813
f 10716 10713 11088
f 10713 11091 11088
f 11090 11091 10713
f 11089 11090 10813
f 11088 11089 10812
f 11043 11044 11039
f 11040 11041 11039
f 11028 11042 11043
f 11041 11042 11028
f 11037 11033 11036
f 11035 11036 11027
f 11027 11034 11035
f 11050 10685 11051
f 10998 11092 11093
f 11093 10996 10998
f 10998 11049 11092
f 11088 11093 11094
f 11049 11094 11053
f 11049 11089 11094
f 11088 10996 11093
f 11089 11088 11094
f 11019 11072 11014
f 11071 11045 11072
f 11073 11074 11095
f 11095 11067 11073
f 11019 11096 11073
f 11016 11097 11096
f 11068 11095 11097
f 11068 11097 11016
f 11095 11068 11067
f 11096 11019 11016
f 11047 11032 11030
f 11014 11072 11013
f 10952 11045 11071
f 11051 10685 10946
f 10685 10947 10946
f 11045 11046 11072
f 11046 11047 11031
f 11030 11031 11047
f 10949 11048 11045
f 11047 11048 11110
f 11048 10949 11110
f 11112 11113 10687
f 10684 11113 10947
f 10685 10684 10947
f 10684 10687 11113
f 11050 10686 10685
f 11022 10687 10686
f 10990 11050 10998
f 11098 11012 11008
f 11098 11008 11062
f 11057 11002 11000
f 11057 11000 10989
f 10989 11012 11057
f 11002 11057 11054
f 11054 11000 11002
f 11055 11054 11099
f 11057 11099 11054
f 11061 11099 11098
f 11098 11062 11061
f 11055 11020 11006
f 11056 11005 11004
f 11056 11006 11005
f 11056 11004 11003
f 11056 11003 11002
f 11021 11020 11060
f 11061 11060 11099
f 11021 11059 11018
f 11017 11018 11100
f 11100 11065 11064
f 11065 11100 11101
f 11064 11017 11100
f 11101 11058 11065
f 11066 11102 11009
f 11066 11065 11102
f 11102 11007 11009
f 11008 11007 11062
f 11007 11102 11062
f 11103 11015 11017
f 11017 11064 11103
f 11103 11104 11015
f 11016 11015 11105
f 11015 11104 11105
f 11068 11016 11105
f 11070 11010 11011
f 11009 11010 11106
f 11010 11107 11106
f 11106 11066 11009
f 11063 11069 11104
f 10952 11075 11108
f 11108 11011 10952
f 11070 11011 11108
f 11075 10952 11071
f 11073 11067 11074
f 11067 11070 11108
f 11029 11041 11028
f 10954 11039 11040
f 10953 10954 11040
f 10953 11040 11110
f 11028 11043 11026
f 11111 11034 11027
f 10955 11038 11044
f 11044 11039 10954
f 11044 10954 10956
f 10955 11033 11038
f 11027 11036 11024
f 11023 10687 11025
f 10957 11113 11037
f 11037 11033 10957
f 10946 10976 11114
f 11114 11052 10946
f 11051 10946 11052
f 11114 10976 11090
f 11090 11089 11114
f 11089 11049 11053
f 11089 11053 11094
f 10994 10995 11115
f 10995 11116 11115
f 11084 10994 11115
f 11117 10996 11088
f 11117 10995 10996
f 11117 11116 10995
f 10977 11086 11118
f 11118 10975 10977
f 11119 11090 10976
f 10976 10975 11119
f 10993 10992 11079
f 11120 10994 11084
f 11120 10992 10994
f 11087 11080 11121
f 11084 11087 11121
f 11121 11120 11084
f 11081 10978 10980
f 11081 10980 11082
f 11086 11122 11087
f 10977 10978 11122
f 11086 10977 11122
f 10968 10997 11077
f 11076 10969 10968
f 11076 10970 10969
f 11076 10971 10970
f 11076 10972 10971
f 11083 10997 10993
f 11124 10979 10966
f 10974 10972 11124
f 10966 10974 11124
f 11082 10980 11125
f 10980 10979 11125
f 11123 11083 11082
f 11125 11123 11082
f 11124 10972 11078
f 11078 11123 11124
f 10972 10974 11078
f 11078 11077 11123
f 11081 11122 10978
f 11113 10957 10947
f 11044 10956 10955
f 11111 11027 11026
f 11110 10949 10953
f 10991 11050 10990
f 10687 11022 11023
f 11047 11110 11109
f 10957 11033 10955
f 10952 10949 11045
f 11026 11043 10849
f 10849 10851 11026
f 11111 11026 10851
f 10851 10852 11111
f 11034 11111 10852
f 10852 10850 11034
f 10849 11043 11034
f 11034 10850 10849
f 10857 10855 11110
f 11110 11040 10857
f 11041 11109 11110
f 11110 11040 11041
f 11110 11048 10856
f 11048 11110 10855
f 10855 10856 11048
f 10856 10855 11110
f 11013 11072 10912
f 10912 10909 11013
f 11031 11013 10909
f 10909 10910 11031
f 11072 11046 10911
f 10911 10912 11072
f 11046 11031 10910
f 10910 10911 11046
f 11075 10903 10902
f 10902 11108 11075
f 10903 11075 11074
f 11074 10904 10903
f 11067 11108 11074
f 11074 11108 10902
f 11108 11067 10902
f 10902 10904 11074
f 11106 11010 10900
f 10900 10898 11106
f 11010 11070 10901
f 10901 10900 11010
f 10901 11070 11069
f 11069 10893 10901
f 11063 10896 10893
f 10893 11069 11063
f 11063 11066 10899
f 11066 11106 10898
f 10898 10899 11066
f 10899 10896 11063
f 11083 11123 10918
f 10918 10922 11083
f 11123 11077 10921
f 10921 10918 11123
f 11083 11077 10997
f 11077 11083 10922
f 10922 10921 11077
f 10885 11058 11062
f 11062 10884 10885
f 11058 11102 11065
f 11058 10885 10886
f 10886 11102 11058
f 11065 11102 10886
f 10886 10887 11065
f 11102 10886 10884
f 10884 11062 11102
f 10893 10897 11104
f 11104 11069 10893
f 10893 11069 11068
f 11068 10892 10893
f 11068 11105 10894
f 10894 10892 11068
f 11103 10895 10894
f 10894 11105 11103
f 11103 11105 11104
f 11063 11104 11103
f 11103 11064 11063
f 10895 11103 11104
f 10897 11104 11063
f 11063 10896 10897
f 11104 10897 10895
f 11101 10888 10885
f 10885 11058 11101
f 11101 11100 10891
f 10891 10888 11101
f 11018 10890 10891
f 10891 11100 11018
f 11018 11059 10889
f 10889 10890 11018
f 10891 10889 10888
f 10889 10891 10890
f 11059 11058 10885
f 10885 10889 11059
f 11099 11060 10939
f 10939 10883 11099
f 11055 10940 10939
f 10939 11060 11055
f 11055 11060 11020
f 11055 11099 10883
f 10883 10940 11055
f 11099 11057 10881
f 10881 10883 11099
f 11098 11099 10883
f 10883 10882 11098
f 11098 10882 10881
f 10881 11057 11098
f 11012 11098 11057
f 11116 11091 11085
f 11085 11091 10927
f 10927 10926 11085
f 11091 11090 10931
f 11090 11119 10930
f 10930 10931 11090
f 10931 10927 11091
f 11118 11119 10975
f 11119 11118 10929
f 10929 10930 11119
f 11118 11086 10928
f 11086 11085 10926
f 10926 10928 11086
f 10928 10929 11118
f 11094 11093 10937
f 10937 10935 11094
f 11093 11092 10938
f 10938 10937 11093
f 11092 11049 10936
f 10936 10938 11092
f 11053 11094 10935
f 10935 10865 11053
f 11049 11053 10865
f 10865 10936 11049
f 10865 11053 11052
f 11052 10864 10865
f 11089 11053 10865
f 10865 10867 11089
f 10866 11114 11089
f 11089 10867 10866
f 11052 11114 10866
f 10866 10864 11052
f 11022 10870 10871
f 10871 10991 11022
f 11050 10991 10871
f 10871 10868 11050
f 11022 10686 10869
f 10869 10870 11022
f 10686 11050 10868
f 10868 10869 10686
f 11123 11125 10919
f 10919 10918 11123
f 10979 11124 11125
f 11124 11123 10918
f 10918 10920 11124
f 11125 11124 10920
f 10920 10919 11125
f 11080 11079 10915
f 10915 10914 11080
f 11079 10992 10916
f 10916 10915 11079
f 11121 11080 10914
f 10914 10913 11121
f 11120 11121 10913
f 10913 10917 11120
f 10992 11120 10917
f 10917 10916 10992
f 11080 11087 10924
f 10924 10914 11080
f 10924 11087 11122
f 11122 10923 10924
f 10925 11081 11080
f 11080 10914 10925
f 11122 11081 10925
f 10925 10923 11122
f 11084 11115 11085
f 10926 11085 11115
f 11115 10933 10926
f 11116 11085 10926
f 10926 10932 11116
f 11117 11115 11116
f 11115 11117 10934
f 10934 10933 11115
f 11117 11088 11091
f 10934 11117 11091
f 11091 10927 10934
f 11091 11116 10932
f 10932 10927 11091
f 11074 11073 10906
f 10906 10904 11074
f 11095 11074 10904
f 10904 10905 11095
f 11073 11096 10908
f 10908 10906 11073
f 11096 11097 10907
f 10907 10908 11096
f 11097 11095 10905
f 10905 10907 11097
f 11109 11041 10859
f 10859 10858 11109
f 11041 11029 10863
f 10863 10859 11041
f 11032 10862 10863
f 10863 11029 11032
f 11032 11030 10861
f 11030 11047 10860
f 11047 11109 10858
f 10858 10860 11047
f 10860 10861 11030
f 10861 10862 11032
f 10858 10862 10861
f 10861 10860 10858
f 10876 11112 10687
f 10687 10875 10876
f 10880 11036 11112
f 11112 10876 10880
f 10687 11023 10878
f 11023 11025 10877
f 10877 10878 11023
f 10878 10875 10687
f 11024 10879 10877
f 10877 11025 11024
f 11024 11036 10880
f 10880 10879 11024
f 11037 11113 11112
f 11112 11036 11037
f 10872 10873 11113
f 11113 11037 10872
f 10874 10684 11113
f 11113 10873 10874
f 11037 11113 10873
f 10873 10872 11037
f 11044 11038 11034
f 11034 11043 11044
f 10853 10854 11038
f 11038 11044 10853
f 9235 9226 11126
f 9238 9235 11127
f 11129 9238 11128
f 9233 11129 11130
f 11132 9233 11131
f 11133 11132 11134
f 9219 11133 11135
f 9223 9219 11136
f 9239 9223 11137
f 9237 9239 11138
f 9227 9237 11139
f 9230 9227 11140
f 11141 9230 11142
f 11144 11141 11143
f 11145 11144 11146
f 9220 11145 11147
f 11148 9220 11149
f 9226 11148 11150
f 11150 11126 9226
f 11149 11150 11148
f 11147 11149 9220
f 11146 11147 11145
f 11143 11146 11144
f 11142 11143 11141
f 11140 11142 9230
f 11139 11140 9227
f 11138 11139 9237
f 11137 11138 9239
f 11136 11137 9223
f 11135 11136 9219
f 11134 11135 11133
f 11131 11134 11132
f 11130 11131 9233
f 11128 11130 11129
f 11127 11128 9238
f 11126 11127 9235
f 11151 11152 11147
f 11153 11150 11149
f 11153 11154 11150
f 11154 11126 11150
f 11130 11128 11155
f 11130 11156 11131
f 11157 11134 11131
f 11158 11151 11146
f 11147 11152 11149
f 11131 11156 11157
f 11160 11135 11134
f 11147 11146 11151
f 11136 11161 11137
f 11128 11127 11159
f 11134 11157 11160
f 11139 11163 11140
f 11137 11162 11138
f 11142 11140 11164
f 11128 11159 11155
f 11137 11161 11162
f 11140 11163 11164
f 11146 11143 11158
f 9221 11154 11153
f 9222 11153 11149
f 9220 11149 11152
f 9228 11152 11151
f 9236 11151 11158
f 9240 11158 11143
f 9230 11142 11164
f 9246 11164 11163
f 9229 11163 11139
f 9239 11138 11162
f 9231 11162 11161
f 9232 11161 11136
f 11133 11135 11160
f 9225 11160 11157
f 9224 11157 11156
f 9286 11156 11130
f 11129 11130 11155
f 11165 11155 11159
f 11166 11159 11127
f 9226 11126 11154
f 11154 9221 9226
f 11127 9235 11166
f 11159 11166 11165
f 11155 11165 11129
f 11130 11129 9286
f 11156 9286 9224
f 11157 9224 9225
f 11160 9225 11133
f 11136 9219 9232
f 11161 9232 9231
f 11162 9231 9239
f 11139 9237 9229
f 11163 9229 9246
f 11164 9246 9230
f 11143 11141 9240
f 11158 9240 9236
f 11151 9236 9228
f 11152 9228 9220
f 11149 9220 9222
f 11153 9222 9221
f 11165 9238 11129
f 11165 11166 9238
f 11166 9235 9238
f 9221 11148 9226
f 9220 11148 9222
f 11148 9221 9222
f 9236 11144 11145
f 9246 9227 9230
f 9225 9224 11132
f 9220 9228 11145
f 11145 9228 9236
f 9240 11141 11144
f 11132 11133 9225
f 9233 11132 9224
f 11144 9236 9240
f 9227 9229 9237
f 11129 9233 9286
f 11170 11172 11169
f 10174 10175 11169
f 10175 11170 11169
f 10175 10172 11170
f 10172 10184 11171
f 10184 10182 11171
f 10182 11167 11171
f 10186 10622 11167
f 11167 10182 10186
f 10181 10624 10622
f 10622 10186 10181
f 10181 10178 10624
f 10178 11168 10624
f 10178 10174 11168
f 11169 11168 10174
f 11171 11170 10172
f 10182 11173 10190
f 10174 11175 10156
f 10182 11176 11173
f 11174 10186 10190
f 10156 10199 10174
f 10184 11179 11176
f 10190 11180 11174
f 11177 11181 11175
f 10172 11182 11178
f 11179 10184 10172
f 10182 10184 11176
f 11175 10174 11177
f 10175 10174 11183
f 10181 10170 10168
f 10170 10181 10186
f 11182 10172 10175
f 10172 11178 11179
f 10186 10182 10190
f 11174 10170 10186
f 10168 10201 10181
f 11183 11182 10175
f 11184 11185 11176
f 11182 11186 11187
f 11182 11188 11189
f 11177 10174 10178
f 11176 11179 11184
f 10199 11183 10174
f 11178 11182 11187
f 11189 11186 11182
f 11177 10178 10181
f 10201 11177 10181
f 10170 11174 11190
f 11191 10168 10170
f 10168 11192 10201
f 10201 11192 11193
f 11193 11177 10201
f 11194 10170 11190
f 10170 11194 11195
f 11195 11191 10170
f 10640 11190 11196
f 11190 11197 11196
f 11197 11190 11174
f 10168 11195 11198
f 11198 11192 10168
f 10168 11191 11195
f 10640 11194 11190
f 11173 11176 11203
f 11203 11176 11185
f 11184 11179 11204
f 11204 11205 11184
f 11177 11206 11181
f 11181 11206 11175
f 11207 11175 11206
f 11206 11208 11207
f 11206 11177 11209
f 11209 11208 11206
f 11207 11210 10156
f 10156 11175 11207
f 11183 11211 11182
f 11212 11187 11186
f 11188 11182 11211
f 11214 11188 11211
f 11211 11213 11214
f 11214 11215 11189
f 11216 11213 11211
f 11211 11183 11216
f 11189 11188 11214
f 11216 11183 10199
f 10199 11210 11216
f 11218 11203 11185
f 11203 11219 11217
f 11217 11173 11203
f 11218 11219 11203
f 11184 11218 11185
f 11218 11184 11205
f 11205 11204 11220
f 11173 11221 11180
f 10190 11173 11180
f 11173 11217 11221
f 11217 11219 11221
f 11180 11197 11174
f 11180 11196 11197
f 11255 11227 11228
f 11262 11246 11247
f 11219 11222 11253
f 11254 11224 11225
f 11231 11232 11256
f 11257 11234 11235
f 11235 11236 11258
f 11259 11237 11238
f 11238 11239 11260
f 11261 11241 11242
f 11248 11249 11263
f 11264 11251 11252
f 11246 11262 11245
f 11227 11255 11226
f 11209 11265 11208
f 10199 10156 11210
f 11266 11214 11213
f 11187 11267 11268
f 11187 11212 11267
f 11267 11212 11186
f 11186 11269 11267
f 11269 11186 11189
f 11189 11215 11269
f 11187 11270 11178
f 11187 11268 11270
f 11179 10634 10635
f 11179 11178 10634
f 11265 11271 11206
f 11206 11208 11265
f 11272 11208 11206
f 11206 11273 11272
f 11274 11272 11273
f 11273 11275 11274
f 11274 11276 11272
f 11277 11272 11276
f 11276 11278 11277
f 11199 11202 11275
f 11275 11202 11278
f 11278 11274 11275
f 11275 11280 11199
f 11280 11281 11200
f 11281 11201 11200
f 11271 11265 11177
f 11201 11281 11271
f 11271 11193 11201
f 11265 11209 11177
f 11177 11193 11271
f 11200 11199 11280
f 11278 11276 11274
f 10140 11278 11202
f 11202 11282 10140
f 11279 11272 11277
f 11277 11283 11279
f 11279 11283 10108
f 10108 11284 11279
f 11284 10108 10138
f 11286 11285 11284
f 11286 11284 10138
f 10138 11287 11286
f 11291 11288 11289
f 11291 11289 11290
f 11291 11290 11293
f 11286 11287 11293
f 11291 11292 11294
f 11294 11288 11291
f 11293 11290 11286
f 11293 11292 11291
f 11292 11293 11295
f 11296 11297 11298
f 11295 11293 11287
f 11300 11301 10106
f 10106 11299 11302
f 11307 11305 11306
f 10106 11302 11305
f 11302 11306 11305
f 11300 10106 11304
f 11307 10130 10140
f 11307 11306 10130
f 11306 11299 10130
f 11306 11302 11299
f 10140 11282 11307
f 11300 11304 11303
f 11303 11308 11301
f 11303 11301 11300
f 11305 11304 10106
f 11288 11310 11309
f 11310 11288 11294
f 11294 11296 11310
f 11309 11310 11296
f 11296 11298 11309
f 11311 11309 11297
f 11309 11298 11297
f 11313 11312 11311
f 11311 11297 11313
f 11301 11308 11316
f 11315 11252 11314
f 11314 11317 11315
f 11317 11316 11315
f 11317 10098 11316
f 11318 11319 11320
f 11319 11252 11320
f 11314 11252 11319
f 11319 11317 11314
f 11320 11321 11322
f 11322 11318 11320
f 11323 11321 11320
f 11321 11323 11324
f 11322 11321 11324
f 11324 11325 11322
f 10078 11292 11295
f 10085 11295 11287
f 10084 10138 10108
f 10076 10108 11283
f 10078 11294 11292
f 11287 10084 10085
f 10098 11317 10082
f 11295 10085 10078
f 11287 10138 10084
f 10091 10076 11283
f 10091 11277 11278
f 10080 10082 11317
f 11319 11325 10080
f 11301 11316 10098
f 11297 11296 10078
f 11283 11277 10091
f 11301 10082 10093
f 10098 10082 11301
f 11325 10078 10080
f 11325 11313 10078
f 10108 10076 10084
f 11278 10093 10091
f 11317 11319 10080
f 11296 11294 10078
f 10093 11278 11301
f 11301 11278 10106
f 10140 11299 11278
f 11297 10078 11313
f 11322 11325 11319
f 10130 11299 10140
f 11299 10106 11278
f 11319 11318 11322
f 10084 11327 11326
f 10084 10076 11327
f 10076 10091 11327
f 10091 10093 11329
f 10093 10082 11330
f 10080 11331 11330
f 11330 10082 10080
f 10078 11332 11331
f 11331 10080 10078
f 10078 10085 11332
f 10085 10084 11333
f 10084 11326 11333
f 11333 11332 10085
f 11330 11329 10093
f 11329 11328 10091
f 11328 11327 10091
f 11335 11334 11325
f 11334 11313 11325
f 11336 11335 11337
f 11340 11338 11339
f 11344 11345 11341
f 11349 11348 11347
f 11356 11357 11359
f 11358 11359 11357
f 11196 11360 11342
f 11196 11361 11360
f 11362 11361 11196
f 11196 11363 11362
f 11196 11341 11363
f 11363 11341 11343
f 11343 11364 11363
f 11362 11363 10641
f 11362 10641 11196
f 11363 11365 10641
f 11375 11376 11377
f 11387 11371 11373
f 11373 11374 11372
f 11382 11380 11381
f 11371 11387 11370
f 11372 11373 11371
f 10618 10619 11363
f 10637 10618 11389
f 10618 11388 11389
f 10619 11365 11363
f 10619 10641 11365
f 11389 11367 10637
f 11364 11388 10618
f 11363 11364 10618
f 11364 11389 11388
f 11390 10637 11367
f 11367 11392 11391
f 11367 11393 11392
f 11367 11391 11390
f 11391 11392 10615
f 10615 10637 11391
f 10637 11390 11391
f 10636 10615 11392
f 11393 10636 11392
f 11373 11394 11374
f 11369 11393 11370
f 11398 11395 11396
f 11396 11397 11398
f 11395 11398 11399
f 11353 11395 11400
f 11400 11401 11353
f 11399 11400 11395
f 11396 11395 11353
f 11402 11403 11399
f 11399 11398 11402
f 11397 11404 11402
f 11402 11398 11397
f 11397 11405 11406
f 11406 11404 11397
f 11399 11407 11419
f 11407 11408 11417
f 11408 11409 10673
f 11409 11410 11415
f 11410 11411 11420
f 11411 11412 11413
f 11417 10673 11415
f 11415 11420 11414
f 11401 11419 11418
f 11417 11415 11416
f 11417 11418 11419
f 11413 11414 11420
f 11419 11401 11400
f 11413 11420 11411
f 11420 11415 11410
f 11415 10673 11409
f 10673 11417 11408
f 11417 11419 11407
f 11419 11400 11399
f 11418 11358 11349
f 11401 11351 11352
f 11345 11346 11343
f 11349 11350 11418
f 11401 11350 11351
f 11345 11343 11341
f 11346 11348 11343
f 11358 11343 11349
f 11353 11401 11352
f 11421 11414 11413
f 11348 11349 11343
f 11421 11415 11414
f 11421 11417 11416
f 11421 11358 11418
f 11350 11401 11418
f 11416 11415 11421
f 11418 11417 11421
f 11358 11422 11423
f 11358 11421 11422
f 11423 11359 11358
f 11423 11356 11359
f 11423 11355 11356
f 11354 11355 11423
f 11425 11421 11413
f 11413 11424 11425
f 11423 11426 11220
f 11220 11354 11423
f 11354 11179 10635
f 11179 11354 11220
f 11354 10635 11427
f 11204 11179 11220
f 11427 11428 11354
f 11426 11423 11422
f 11429 11422 11421
f 11421 11425 11429
f 11422 11429 11426
f 11428 11427 11430
f 11430 11431 11428
f 11369 11370 10635
f 11374 10638 10639
f 10639 11373 11374
f 11373 10639 11432
f 10639 10634 11432
f 11387 11432 11430
f 11427 10635 11370
f 11370 11387 11430
f 11430 11427 11370
f 10638 11374 11394
f 11393 11369 10636
f 11432 11387 11373
f 10635 10636 11369
f 11433 10638 11394
f 11433 11394 11375
f 10633 10638 11433
f 11433 11434 10633
f 11375 11434 11433
f 11434 11435 11375
f 11435 11434 10633
f 11375 10633 11434
f 10630 10633 11436
f 11436 11378 10630
f 11378 11379 11438
f 11379 10629 11438
f 11437 10632 10629
f 10629 11379 11437
f 10633 11375 11436
f 10632 11437 11382
f 11382 10631 10632
f 11438 10630 11378
f 10630 11438 10629
f 11439 10631 11382
f 11439 11382 11440
f 10627 10631 11439
f 11439 11441 10627
f 11440 11441 11439
f 10627 10632 10631
f 11440 10627 11441
f 11393 11368 11369
f 11374 11375 11394
f 11375 11377 11436
f 11382 11437 11380
f 11437 11379 11380
f 11389 11366 11367
f 11378 11436 11377
f 11385 11443 11444
f 11393 11367 11368
f 11440 11382 11383
f 11384 11386 11444
f 11386 11385 11444
f 11389 11364 11366
f 11384 11440 11383
f 11385 11445 11442
f 11443 11385 11442
f 11446 11384 11444
f 11444 10644 11446
f 11444 10643 10644
f 11444 11443 10643
f 11446 10627 11384
f 10627 11440 11384
f 10643 11443 11442
f 11442 10642 10643
f 10642 11447 11448
f 10642 11449 11447
f 10642 11442 11449
f 11385 11450 11451
f 11451 11442 11445
f 11442 11451 10642
f 11445 11385 11451
f 11455 11454 10631
f 11460 11458 11457
f 11461 11210 11457
f 11459 11457 11461
f 11457 11210 11460
f 11457 11458 11462
f 11216 11210 11461
f 11463 11462 11207
f 11207 11464 11463
f 11462 11460 11207
f 11460 11462 11458
f 11465 11463 11464
f 11464 11466 11465
f 11467 11465 11468
f 11279 11468 11465
f 11465 11466 11279
f 11469 11465 11467
f 11468 11284 11469
f 11469 11467 11468
f 11471 11470 11469
f 11469 11284 11471
f 11286 11471 11284
f 11461 11457 11438
f 11438 11216 11461
f 11216 11438 11473
f 11473 11213 11216
f 11213 11473 11474
f 11474 11266 11213
f 11266 11474 11475
f 11475 11476 11266
f 11477 11478 11476
f 11478 11479 11480
f 11480 11267 11478
f 11480 11481 11267
f 11480 10639 11481
f 11477 11479 11478
f 11475 11477 11476
f 11215 11476 11478
f 11481 11268 11267
f 11476 11215 11266
f 11482 11268 11481
f 11482 10639 11483
f 10639 11482 11481
f 11483 11484 11482
f 11377 11474 11473
f 11473 11378 11377
f 11376 11475 11474
f 11474 11377 11376
f 11376 11477 11475
f 11374 11480 11479
f 11479 11375 11374
f 11479 11477 11375
f 11358 11366 11364
f 11364 11343 11358
f 11357 11367 11366
f 11366 11358 11357
f 11356 11368 11367
f 11367 11357 11356
f 11355 11369 11368
f 11368 11356 11355
f 11354 11370 11369
f 11369 11355 11354
f 11371 11370 11431
f 11370 11428 11431
f 11370 11354 11428
f 11431 11483 11372
f 11431 11372 11371
f 11483 10639 11480
f 11483 11480 11373
f 11483 11373 11372
f 11438 11378 11473
f 11380 11379 11438
f 11455 11381 11380
f 11382 11381 11455
f 11383 11382 11454
f 11382 10631 11454
f 11383 11454 11446
f 11453 11452 11386
f 11384 11446 11453
f 11385 11386 11452
f 11452 11450 11385
f 11386 11384 11453
f 11384 11383 11446
f 11455 10631 11382
f 11456 11455 11380
f 11438 11456 11380
f 11431 11484 11483
f 11374 11373 11480
f 11376 11375 11477
f 11270 11482 11178
f 11431 11430 11432
f 11432 11484 11431
f 11178 11484 10634
f 11432 10634 11484
f 11482 11484 11178
f 11464 11208 11272
f 11268 11482 11270
f 11468 11279 11284
f 11266 11215 11214
f 11464 11207 11208
f 11466 11464 11272
f 11485 11311 11312
f 11309 11311 11485
f 11269 11478 11267
f 11269 11215 11478
f 11486 11288 11309
f 11210 11207 11460
f 11312 11487 11485
f 11272 11279 11466
f 11288 11488 11289
f 11488 11288 11486
f 11471 11286 11472
f 11472 11469 11471
f 11309 11485 11489
f 11485 11490 11489
f 11486 11309 11340
f 11488 11486 11491
f 11289 11488 11492
f 11488 11493 11492
f 11290 11289 11494
f 11286 11290 11495
f 11495 11472 11286
f 11494 11495 11290
f 11492 11494 11289
f 11491 11493 11488
f 11340 11491 11486
f 11489 11340 11309
f 11487 11496 11490
f 11485 11487 11490
f 11501 11503 11500
f 11500 11499 11503
f 11497 11498 11499
f 11313 11487 11312
f 11505 11496 11506
f 11496 11334 11506
f 11506 11507 11505
f 11313 11496 11487
f 11334 11496 11313
f 11508 11505 11507
f 11507 11509 11508
f 11510 11512 11513
f 11513 11514 11510
f 11510 11305 11512
f 11515 11512 11305
f 11305 11516 11515
f 11305 11504 11516
f 11514 11511 11510
f 11512 11515 11516
f 11520 11512 11516
f 11533 11532 11534
f 11536 11537 11538
f 11543 11521 11522
f 11525 11526 11524
f 11533 11534 11535
f 11521 11543 11516
f 11537 11536 11535
f 11530 11531 11529
f 11518 11517 11543
f 11517 11520 11543
f 11499 11518 11543
f 11522 11519 11499
f 11517 11512 11520
f 11517 11510 11512
f 11522 11544 11519
f 11543 11522 11499
f 11489 11533 11532
f 11532 11491 11340
f 11531 11530 11493
f 11530 11492 11493
f 11493 11491 11531
f 11530 11529 11494
f 11494 11492 11530
f 11529 11528 11495
f 11495 11494 11529
f 11516 11504 11497
f 11497 11521 11516
f 11499 11522 11521
f 11521 11497 11499
f 11499 11523 11522
f 11499 11500 11523
f 11523 11500 11503
f 11503 11524 11523
f 11524 11503 11501
f 11501 11525 11524
f 11526 11501 11502
f 11526 11502 11472
f 11472 11527 11526
f 11472 11495 11528
f 11472 11528 11527
f 11534 11533 11490
f 11533 11489 11490
f 11535 11534 11505
f 11490 11496 11505
f 11505 11534 11490
f 11508 11545 11536
f 11505 11536 11537
f 11505 11537 11535
f 11505 11508 11536
f 11545 11337 11538
f 11337 11546 11539
f 11546 11547 11540
f 11547 11548 11541
f 11548 11549 11541
f 11549 11542 11541
f 11541 11540 11547
f 11540 11539 11546
f 11539 11538 11337
f 11538 11536 11545
f 11526 11525 11501
f 11532 11531 11491
f 11340 11489 11532
f 11308 11552 11553
f 11308 11554 11552
f 11308 11550 11554
f 11308 11555 11550
f 11551 11550 11555
f 11542 11549 11556
f 11556 11550 11542
f 11556 11308 11550
f 11548 11547 11557
f 11546 11557 11547
f 11558 11561 11560
f 11561 11558 11542
f 11561 11542 11550
f 11550 11559 11561
f 11559 11550 11551
f 11551 11555 11559
f 11560 11547 11558
f 11547 11540 11558
f 11567 11568 11566
f 11556 11570 11571
f 11572 11564 11565
f 11564 11572 11563
f 11573 11519 11544
f 11573 11544 11524
f 11503 11519 11573
f 11573 11574 11503
f 11524 11574 11573
f 11519 11503 11575
f 11524 11503 11574
f 11576 11527 11578
f 11528 11579 11472
f 11577 11580 11579
f 11579 11528 11577
f 11575 11503 11524
f 11580 11577 11531
f 11531 11493 11580
f 11524 11576 11575
f 11472 11578 11527
f 11578 11575 11576
f 11579 11578 11472
f 11540 11547 11581
f 11582 11583 11540
f 11540 11581 11582
f 11582 11581 11336
f 11547 11336 11581
f 11584 11336 11560
f 11547 11560 11336
f 11582 11336 11583
f 11532 11533 11338
f 11538 11337 11335
f 11335 11536 11538
f 11507 11585 11536
f 11536 11509 11507
f 11509 11536 11335
f 11533 11585 11506
f 11506 11338 11533
f 11506 11334 11338
f 11340 11339 11586
f 11337 11538 11583
f 11583 11336 11337
f 11586 11532 11340
f 11507 11506 11585
f 11338 11340 11532
f 11586 11532 11533
f 11536 11583 11538
f 11526 11576 11524
f 11526 11527 11576
f 11529 11577 11528
f 11533 11535 11585
f 11539 11540 11583
f 11583 11538 11539
f 11543 11520 11516
f 11523 11544 11522
f 11577 11529 11531
f 11536 11585 11535
f 11523 11524 11544
f 11586 11531 11532
f 11558 11540 11541
f 11542 11558 11541
f 11586 11339 11587
f 11588 11493 11531
f 11588 11531 11586
f 11339 11493 11588
f 11588 11587 11339
f 11586 11587 11588
f 11304 11305 11510
f 11282 11504 11307
f 11497 11504 11282
f 11305 11307 11504
f 11282 11202 11497
f 10642 10619 10618
f 11202 11498 11497
f 11329 11304 11510
f 11202 11469 11499
f 11452 11193 11192
f 11198 11450 11192
f 11195 11194 11451
f 11194 10640 10642
f 10642 10641 10619
f 11499 11498 11202
f 11469 11501 11500
f 11198 11195 11450
f 11194 10642 11451
f 10618 10637 10642
f 11202 11199 11465
f 11500 11499 11469
f 11469 11472 11502
f 11192 11450 11452
f 10640 11196 10642
f 11193 11462 11463
f 11463 11465 11200
f 11502 11501 11469
f 11200 11201 11463
f 11330 11331 11560
f 11451 11450 11195
f 10641 10642 11196
f 11469 11202 11465
f 11199 11200 11465
f 11330 11560 11304
f 10624 11446 10644
f 10633 11169 11172
f 11560 11559 11555
f 11193 11453 11446
f 11193 11457 11462
f 11329 11330 11304
f 10644 10643 10624
f 11446 10624 10627
f 11169 10633 10632
f 11555 11304 11560
f 11561 11559 11560
f 11457 11446 11454
f 11452 11453 11193
f 11336 11331 11332
f 11510 11328 11329
f 11328 11510 11517
f 11519 11326 11327
f 10637 10636 11171
f 11170 10635 10638
f 11170 10638 10633
f 11457 11455 11456
f 11446 11457 11193
f 11463 11201 11193
f 11333 11519 11575
f 11169 10632 10627
f 11454 11455 11457
f 11580 11332 11333
f 11580 11339 11332
f 11331 11336 11560
f 10642 11167 10622
f 10642 10637 11167
f 10635 11170 11171
f 10633 10630 10629
f 11172 11170 10633
f 10627 10624 11168
f 11303 11304 11555
f 11332 11339 11336
f 11517 11518 11328
f 11499 11327 11328
f 11519 11333 11326
f 11171 11167 10637
f 11171 10636 10635
f 11168 11169 10627
f 10638 10634 10639
f 10638 10635 10634
f 11308 11303 11555
f 11328 11518 11499
f 11575 11580 11333
f 11336 11334 11335
f 11338 11336 11339
f 10629 10632 10633
f 11456 11438 11457
f 11327 11499 11519
f 11338 11334 11336
f 11578 11579 11580
f 11575 11578 11580
f 11339 11580 11493
f 11594 11590 11589
f 11562 11591 11592
f 11592 11589 11562
f 11589 11592 11593
f 11593 11594 11589
f 11590 11594 11595
f 11562 11589 11590
f 11595 11596 11597
f 11597 11598 11595
f 11599 11594 11593
f 11599 11596 11594
f 11596 11595 11594
f 11601 11602 11612
f 11602 11603 11610
f 11603 11604 11153
f 11604 11605 11608
f 11605 11606 11613
f 11606 11593 11592
f 11600 11612 11611
f 11613 11592 11591
f 11608 11613 11607
f 11591 11607 11613
f 11608 11609 11610
f 11608 11610 11153
f 11610 11611 11612
f 11592 11613 11606
f 11613 11608 11605
f 11608 11153 11604
f 11153 11610 11603
f 11610 11612 11602
f 11612 11600 11601
f 11607 11565 11566
f 11563 11591 11562
f 11563 11572 11591
f 11607 11591 11565
f 11549 11568 11569
f 11572 11565 11591
f 11566 11548 11607
f 11556 11549 11569
f 11549 11566 11568
f 11566 11549 11548
f 11614 11608 11607
f 11607 11548 11614
f 11614 11609 11608
f 11614 11610 11609
f 11614 11611 11610
f 11557 11546 11615
f 11548 11557 11615
f 11600 11611 11614
f 11556 11569 11570
f 11615 11337 11545
f 11615 11616 11548
f 11546 11337 11615
f 11616 11614 11548
f 11617 11618 11600
f 11600 11614 11617
f 11617 11614 11616
f 11619 11616 11615
f 11615 11620 11619
f 11616 11619 11617
f 11508 11509 11335
f 11335 11325 11508
f 11545 11508 11325
f 11324 11545 11325
f 11615 11545 11324
f 11324 11620 11615
f 11634 11639 11633
f 11622 11643 11621
f 11625 11626 11624
f 11634 11639 11635
f 11624 11626 11641
f 11640 11632 11633
f 11643 11622 11623
f 11642 11623 11624
f 11599 11644 11638
f 11637 11644 11638
f 11598 11597 11590
f 11597 11596 11590
f 11159 11590 11596
f 11595 11598 11590
f 11130 11156 11645
f 11592 11589 11596
f 11126 11592 11599
f 11154 11126 11644
f 11126 11638 11644
f 11644 11153 11154
f 11644 11637 11153
f 11589 11159 11596
f 11599 11638 11126
f 11596 11599 11592
f 11592 11127 11589
f 11159 11589 11127
f 11127 11592 11126
f 11646 11153 11637
f 11646 11637 11647
f 11149 11153 11646
f 11646 11648 11149
f 11647 11648 11646
f 11149 11154 11153
f 11647 11149 11648
f 11632 11650 11631
f 11647 11637 11635
f 11149 11612 11152
f 11653 11651 11621
f 11651 11652 11621
f 11156 11651 11654
f 11156 11654 11655
f 11156 11655 11656
f 11621 11657 11658
f 11658 11653 11621
f 11658 11651 11653
f 11658 11656 11651
f 11656 11654 11651
f 11656 11655 11654
f 11160 11623 11622
f 11160 11622 11652
f 11652 11157 11160
f 11652 11156 11157
f 11652 11651 11156
f 11660 11136 11623
f 11136 11661 11623
f 11160 11660 11623
f 11660 11160 11136
f 11658 11657 11662
f 11658 11659 11156
f 11156 11656 11658
f 11662 11659 11658
f 11663 11664 11660
f 11664 11665 11161
f 11671 11660 11670
f 11662 11663 11671
f 11662 11657 11663
f 11665 11666 11667
f 11667 11161 11665
f 11667 11669 11161
f 11667 11668 11669
f 11669 11670 11660
f 11161 11669 11664
f 11669 11660 11664
f 11660 11671 11663
f 11674 11662 11673
f 11673 11674 11672
f 11675 11677 11676
f 11675 11678 11677
f 11678 11679 11677
f 11685 11682 11681
f 11680 11683 11684
f 11684 11681 11680
f 11678 11682 11685
f 11685 11679 11678
f 11681 11684 11685
f 11687 11676 11677
f 11688 11684 11683
f 11677 11679 11687
f 11683 11686 11688
f 11688 11687 11685
f 11679 11685 11687
f 11685 11684 11688
f 11686 11689 11688
f 11686 11683 11690
f 11690 11691 11686
f 11680 11690 11683
f 11689 11686 11691
f 11695 11692 11693
f 11661 11136 11696
f 11696 11624 11661
f 11696 11697 11624
f 11696 11136 11161
f 11161 11697 11696
f 11697 11161 11624
f 11700 11628 11627
f 11699 11627 11625
f 11627 11699 11700
f 11628 11700 11698
f 11136 11137 11162
f 11162 11161 11136
f 11698 11700 11139
f 11700 11699 11138
f 11625 11162 11138
f 11138 11699 11625
f 11162 11625 11624
f 11624 11161 11162
f 11163 11164 11630
f 11630 11698 11163
f 11138 11139 11700
f 11139 11163 11698
f 11636 11635 11637
f 11633 11649 11634
f 11631 11630 11650
f 11630 11629 11698
f 11628 11698 11629
f 11649 11633 11632
f 11625 11627 11626
f 11661 11624 11623
f 11622 11621 11652
f 11630 11164 11701
f 11630 11701 11702
f 11702 11650 11630
f 11702 11701 11164
f 11164 11142 11702
f 11702 11142 11650
f 11163 11140 11142
f 11142 11164 11163
f 11154 11127 11126
f 11136 11160 11157
f 11154 11159 11127
f 11136 11130 11159
f 11149 11140 11137
f 11142 11149 11158
f 11156 11130 11136
f 11157 11156 11136
f 11159 11154 11136
f 11149 11142 11140
f 11137 11136 11149
f 11149 11151 11158
f 11152 11151 11149
f 11137 11139 11138
f 11137 11163 11139
f 11154 11149 11136
f 11163 11137 11140
f 11142 11158 11703
f 11704 11151 11152
f 11704 11705 11151
f 11666 11708 11706
f 11706 11667 11666
f 11695 11710 11692
f 11691 11690 11711
f 11690 11680 11711
f 11678 11675 11711
f 11680 11681 11711
f 11675 11713 11712
f 11682 11678 11711
f 11714 11715 11716
f 11718 11695 11693
f 11671 11672 11674
f 11713 11714 11712
f 11718 11720 11717
f 11671 11675 11672
f 11712 11711 11675
f 11719 11715 11714
f 11717 11695 11718
f 11718 11693 11694
f 11668 11722 11669
f 11670 11669 11722
f 11670 11713 11675
f 11714 11713 11719
f 11694 11711 11718
f 11711 11694 11691
f 11722 11713 11670
f 11674 11662 11671
f 11675 11671 11670
f 11681 11682 11711
f 11714 11716 11720
f 11718 11714 11720
f 11723 11724 11710
f 11724 11725 10670
f 10670 11710 11724
f 11710 11695 11723
f 11725 11726 11727
f 11727 11728 11725
f 11725 11724 11726
f 11729 11726 11724
f 11724 11723 11730
f 11730 11729 11724
f 11732 11733 11716
f 11733 11734 11717
f 11695 11717 11734
f 11732 10682 11721
f 11721 11731 11732
f 10682 11716 11721
f 11716 11715 11721
f 11734 11723 11695
f 11717 11720 11733
f 11720 11716 11733
f 11716 10682 11732
f 11735 11731 11721
f 11738 11731 11735
f 11735 11721 11715
f 11736 11735 11715
f 11706 11707 11668
f 11667 11706 11668
f 11739 11722 11668
f 11739 11740 11713
f 11713 11722 11739
f 11740 11719 11713
f 11740 11715 11719
f 11740 11736 11715
f 11668 11707 11739
f 11742 11711 11712
f 11714 11743 11742
f 11742 11712 11714
f 11714 11718 11743
f 11718 11744 11743
f 11711 11741 11744
f 11744 11718 11711
f 11742 11741 11711
f 11745 11746 11747
f 11747 11709 11745
f 11748 11749 11746
f 11746 11745 11748
f 11749 11748 11164
f 11750 11164 11752
f 11752 11751 11750
f 11703 11753 11751
f 11753 11703 11754
f 11754 11755 11753
f 11739 11707 11709
f 11709 11747 11739
f 11751 11752 11703
f 11750 11749 11164
f 11756 11740 11739
f 11757 11758 11759
f 11760 11757 11761
f 11759 11761 11757
f 11761 11762 11760
f 11763 11764 11765
f 11765 11762 11763
f 11764 11737 11766
f 11766 11765 11764
f 11758 11767 10677
f 11740 11766 11736
f 11737 11736 11766
f 10677 11759 11758
f 11761 11763 11762
f 11765 11760 11762
f 11768 11767 11758
f 11767 11768 11769
f 11767 11769 11772
f 11771 11767 11770
f 11772 11771 11767
f 11767 11771 10677
f 11773 11770 11771
f 11771 11772 11773
f 11749 11750 11746
f 11754 11774 11755
f 11754 11776 11774
f 11777 11776 11754
f 11754 11775 11777
f 11687 11688 11236
f 11236 11237 11687
f 11688 11258 11236
f 11694 11257 11689
f 11688 11689 11235
f 11689 11257 11235
f 11235 11258 11688
f 11233 11234 11693
f 11694 11693 11234
f 11234 11257 11694
f 11256 11232 10670
f 11232 11710 10670
f 11233 11692 11710
f 11710 11232 11233
f 11231 10667 10672
f 11256 11778 10667
f 10667 11231 11256
f 10672 11230 11231
f 11396 11353 11229
f 11230 10672 11396
f 11396 11229 11230
f 11255 11228 11352
f 11353 11352 11228
f 11228 11229 11353
f 11226 11255 11351
f 11351 11350 11226
f 11254 11225 11349
f 11350 11349 11225
f 11225 11226 11350
f 11223 11224 11348
f 11347 11348 11224
f 11224 11254 11347
f 11253 11222 11345
f 11222 11223 11346
f 11346 11345 11222
f 11221 11219 11253
f 11253 11180 11221
f 11180 11253 11344
f 11341 11196 11180
f 11180 11344 11341
f 11316 11308 11556
f 11556 11315 11316
f 11556 11571 11315
f 11264 11252 11315
f 11315 11571 11264
f 11251 11570 11569
f 11264 11571 11570
f 11570 11251 11264
f 11569 11250 11251
f 11567 11263 11249
f 11250 11569 11568
f 11568 11249 11250
f 11565 11247 11248
f 11263 11567 11566
f 11566 11248 11263
f 11247 11565 11564
f 11564 11262 11247
f 11562 11244 11245
f 11262 11564 11563
f 11563 11245 11262
f 11243 11244 11590
f 11244 11562 11590
f 11261 11242 11130
f 11242 11243 11159
f 11159 11130 11242
f 11240 11241 11659
f 11659 11662 11240
f 11156 11659 11241
f 11261 11645 11156
f 11156 11241 11261
f 11672 11260 11239
f 11239 11673 11672
f 11240 11674 11673
f 11673 11239 11240
f 11687 11259 11238
f 11238 11676 11687
f 11672 11675 11676
f 11676 11260 11672
f 11238 11260 11676
f 11662 11674 11240
f 11130 11645 11261
f 11590 11159 11243
f 11245 11563 11562
f 11248 11566 11565
f 11249 11568 11567
f 11345 11344 11253
f 11348 11346 11223
f 11349 11347 11254
f 11352 11351 11255
f 10670 11778 11256
f 11693 11692 11233
f 11689 11691 11694
f 11237 11259 11687
f 10670 10667 11778
f 11728 11727 10670
f 11727 11726 10670
f 11725 11728 10670
f 10662 10676 11779
f 10672 11402 11404
f 11404 11396 10672
f 11396 11404 11406
f 11396 11406 11405
f 11396 11405 11397
f 10646 10647 11400
f 10672 10646 11395
f 11400 11395 10646
f 11726 11729 11730
f 11795 11797 11794
f 11786 11800 11799
f 11785 11799 11784
f 11798 11792 11794
f 11792 11793 11794
f 11799 11785 11786
f 11801 11780 11403
f 11801 10647 10678
f 11801 11403 10647
f 11403 11400 10647
f 11400 11403 11402
f 11402 11395 11400
f 10678 11781 11801
f 11402 10672 11395
f 10669 10670 11802
f 10670 11726 11802
f 10676 10669 11802
f 11795 11779 10676
f 11795 10662 11779
f 11795 11804 10662
f 11803 11795 10676
f 11802 11803 10676
f 11805 10662 11804
f 11794 11806 11805
f 11805 11804 11794
f 11805 11806 10682
f 10682 10662 11805
f 11794 10682 11806
f 11808 11790 11807
f 11809 11791 11808
f 11790 11808 11791
f 11791 11809 11793
f 11793 11809 10658
f 11808 10657 10658
f 10658 11809 11808
f 10657 11808 11807
f 10681 10682 11794
f 11794 11793 10681
f 11807 11788 10680
f 11807 10680 10657
f 10658 10681 11793
f 11810 10680 11788
f 11811 11813 11812
f 11812 11788 11811
f 11788 11814 11810
f 11812 11814 11788
f 11812 11813 10656
f 11812 10656 10680
f 10680 11814 11812
f 10680 11810 11814
f 10679 10656 11813
f 11811 10679 11813
f 11787 11811 11786
f 10679 10677 10655
f 11802 11726 11730
f 11789 11807 11790
f 11792 11791 11793
f 11807 11789 11788
f 11783 11782 11815
f 11781 11815 11782
f 11796 11803 11802
f 11781 11780 11801
f 11802 11730 11796
f 11795 11794 11804
f 11803 11796 11795
f 11811 11788 11787
f 10674 10675 11816
f 10675 11817 11816
f 10651 10652 11420
f 10674 11420 10652
f 11818 10651 11815
f 11781 10678 11819
f 11819 11820 11781
f 11819 11818 11815
f 10678 10651 11818
f 11818 11819 10678
f 11815 11781 11819
f 10662 10669 10676
f 10662 10670 10669
f 10670 10662 10667
f 10647 10646 10678
f 10678 10672 10667
f 10651 10660 10656
f 10646 10672 10678
f 10667 10662 10678
f 10656 10679 10651
f 10658 10657 10660
f 10651 10678 10660
f 10656 10660 10680
f 10651 10675 10674
f 10655 10651 10679
f 10657 10680 10660
f 10662 10660 10678
f 10655 10677 10651
f 10677 10675 10651
f 11820 11819 10678
f 11775 11754 11632
f 11640 11777 11775
f 11775 11632 11640
f 11640 11633 11777
f 11631 11632 11703
f 11632 11754 11703
f 11630 11631 11703
f 11703 11752 11630
f 11630 11752 11164
f 11629 11630 11748
f 11630 11164 11748
f 11628 11629 11745
f 11627 11709 11707
f 11709 11627 11628
f 11627 11707 11706
f 11626 11708 11666
f 11666 11641 11626
f 11626 11706 11708
f 11624 11641 11666
f 11665 11664 11642
f 11623 11642 11664
f 11664 11663 11643
f 11663 11657 11621
f 11638 11593 11606
f 11637 11638 11605
f 11638 11606 11605
f 11636 11637 11604
f 11637 11605 11604
f 11604 11603 11636
f 11635 11636 11603
f 11603 11602 11635
f 11634 11635 11602
f 11602 11601 11634
f 11633 11639 11821
f 11822 11821 11634
f 11639 11634 11821
f 11822 11634 11601
f 11821 11777 11633
f 11638 11599 11593
f 11621 11643 11663
f 11643 11623 11664
f 11642 11624 11665
f 11666 11665 11624
f 11706 11626 11627
f 11745 11709 11628
f 11748 11745 11629
f 11152 11612 11635
f 11635 11634 11152
f 11631 11703 11158
f 11158 11632 11631
f 11632 11158 11823
f 11158 11151 11823
f 11649 11823 11824
f 11825 11152 11634
f 11634 11824 11825
f 11634 11649 11824
f 11612 11149 11647
f 11703 11631 11650
f 11650 11142 11703
f 11647 11635 11612
f 11823 11649 11632
f 11822 11825 11824
f 11824 11821 11822
f 11412 11784 11826
f 11784 11827 11826
f 11827 11784 11799
f 11784 11412 11411
f 11411 11783 11784
f 11783 11411 11410
f 11410 11782 11783
f 11782 11410 11409
f 11409 11781 11782
f 11408 11780 11781
f 11403 11780 11407
f 11734 11796 11730
f 11733 11795 11796
f 11796 11734 11733
f 11732 11794 11797
f 11797 11733 11732
f 11794 11732 11731
f 11731 11798 11794
f 11738 11735 11792
f 11792 11798 11731
f 11731 11738 11792
f 11791 11792 11735
f 11735 11736 11791
f 11790 11791 11737
f 11736 11737 11791
f 11790 11737 11764
f 11764 11789 11790
f 11789 11764 11763
f 11763 11788 11789
f 11763 11761 11788
f 11787 11761 11759
f 11759 11786 11787
f 11800 11786 11770
f 11773 11799 11800
f 11786 10677 11771
f 11771 11770 11786
f 11827 11799 11773
f 11770 11773 11800
f 11759 10677 11786
f 11787 11788 11761
f 11733 11797 11795
f 11730 11723 11734
f 11407 11399 11403
f 11408 11407 11780
f 11409 11408 11781
f 11787 11786 10677
f 10674 11784 11783
f 11783 10651 11420
f 11828 11785 11784
f 11829 11828 11784
f 11829 11784 10674
f 11786 11785 11830
f 11830 10677 11786
f 11830 10675 10677
f 10651 11783 11815
f 11811 11787 10679
f 11828 11830 11785
f 11783 11420 10674
f 10677 10679 11787
f 11826 11827 11828
f 11828 11829 11826
f 11424 11816 11831
f 11816 11412 10674
f 11829 10674 11412
f 11816 11413 11412
f 11412 11826 11829
f 11424 11413 11816
f 11832 11833 11831
f 11831 11816 11832
f 11424 11831 11833
f 11833 11832 11834
f 11834 11835 11833
f 11840 11837 11838
f 11833 11835 11228
f 11840 11838 11231
f 11232 11231 11838
f 11838 11839 11232
f 11836 11837 11230
f 11842 11230 11837
f 11837 11840 11842
f 11834 11836 11843
f 11841 11844 11232
f 11232 11839 11841
f 11843 11835 11834
f 11230 11843 11836
f 11231 11842 11840
f 11842 11231 11230
f 11228 11835 11843
f 11844 11841 11845
f 11845 11846 11844
f 11848 11850 11851
f 11849 11850 11848
f 11837 11836 11816
f 11817 11847 11838
f 11847 11845 11841
f 11838 11837 11817
f 11841 11839 11847
f 11848 11847 11817
f 11839 11838 11847
f 11832 11816 11836
f 11816 11817 11837
f 11836 11834 11832
f 11851 11847 11848
f 11827 11817 10675
f 11827 10675 11830
f 11852 11817 11769
f 11817 11827 11773
f 11772 11769 11817
f 11773 11772 11817
f 11830 11828 11827
f 11848 11817 11852
f 11852 11768 11848
f 11848 11853 11849
f 11849 11854 11850
f 11740 11846 11845
f 11845 11847 11740
f 11768 11758 11853
f 11758 11855 11849
f 11855 11760 11854
f 11760 11856 11850
f 11856 11857 11851
f 11857 11740 11847
f 11847 11851 11857
f 11851 11850 11856
f 11850 11854 11760
f 11854 11849 11855
f 11849 11853 11758
f 11853 11848 11768
f 11846 11740 11756
f 11857 11766 11740
f 11766 11857 11856
f 11821 11824 11823
f 11823 11151 11821
f 11151 11705 11821
f 11705 11774 11776
f 11705 11776 11777
f 11777 11821 11705
f 11774 11705 11858
f 11859 11860 11858
f 11858 11705 11859
f 11739 11861 11862
f 11861 11863 11864
f 11863 11750 11865
f 11750 11866 11867
f 11866 11753 11868
f 11753 11860 11859
f 11859 11868 11753
f 11868 11867 11866
f 11867 11865 11750
f 11865 11864 11863
f 11864 11862 11861
f 11862 11869 11739
f 11859 11867 11868
f 11861 11747 11863
f 11747 11861 11739
f 11739 11869 11870
f 11870 11871 11739
f 11873 11871 11870
f 11870 11872 11873
f 11875 11876 11879
f 11875 11879 11878
f 11877 11879 11876
f 11869 11874 11872
f 11705 11876 11875
f 11876 11705 11704
f 11859 11862 11864
f 11881 11880 11877
f 11869 11875 11874
f 11704 11877 11876
f 11859 11865 11867
f 11859 11869 11862
f 11877 11704 11881
f 11875 11869 11705
f 11705 11869 11859
f 11864 11865 11859
f 11872 11870 11869
f 11825 11822 11601
f 11600 11704 11152
f 11601 11152 11825
f 11704 11600 11618
f 11152 11601 11600
f 11881 11704 11618
f 11618 11882 11881
f 11618 11883 11882
f 11882 11884 11880
f 11880 11881 11882
f 11885 11878 11879
f 11877 11886 11243
f 11243 11879 11877
f 11241 11874 11875
f 11878 11885 11242
f 11242 11875 11878
f 11872 11874 11241
f 11880 11884 11886
f 11886 11877 11880
f 11241 11873 11872
f 11875 11242 11241
f 11879 11243 11885
f 11245 11882 11883
f 11245 11884 11882
f 11243 11242 11885
f 11884 11245 11886
f 11890 11891 11887
f 11888 11890 11887
f 11889 11887 11891
f 11893 11894 11896
f 11896 11895 11897
f 11895 11896 11894
f 11899 11889 11741
f 11899 11892 11889
f 11741 11889 11891
f 11900 11743 11744
f 11741 11742 11899
f 11895 11894 11744
f 11744 11893 11900
f 11742 11900 11899
f 11893 11898 11900
f 11742 11743 11900
f 11894 11893 11744
f 11741 11891 11890
f 11898 11893 11234
f 11234 11893 11896
f 11897 11901 11257
f 11257 11896 11897
f 11901 11897 11895
f 11902 11895 11744
f 11744 11903 11902
f 11895 11902 11901
f 11904 11903 11741
f 11905 11904 11890
f 11890 11888 11905
f 11888 11887 11260
f 11239 11260 11887
f 11887 11889 11239
f 11892 11240 11239
f 11239 11889 11892
f 11260 11905 11888
f 11741 11890 11904
f 11744 11741 11903
f 11896 11257 11234
f 11234 11233 11898
f 11906 11907 11899
f 11899 11900 11906
f 11906 11900 11898
f 11898 11233 11906
f 11901 11902 11257
f 11260 11904 11905
f 11907 11240 11892
f 11892 11899 11907
f 11273 11206 11908
f 11206 11271 11908
f 11281 11909 11908
f 11910 11281 11280
f 11908 11271 11281
f 11910 11909 11281
f 11273 11911 11910
f 11910 11280 11273
f 11908 11911 11273
f 11280 11275 11273
f 11910 11911 11908
f 11909 11910 11908
f 11758 11757 11855
f 11760 11855 11757
f 11760 11765 11856
f 11766 11856 11765
f 11250 11249 11912
f 11912 11913 11250
f 11251 11250 11913
f 11320 11251 11914
f 11620 11324 11914
f 11323 11914 11324
f 11320 11252 11251
f 11914 11323 11320
f 11242 11873 11241
f 11242 11240 11873
f 11886 11244 11243
f 11903 11237 11236
f 11886 11245 11244
f 11751 11866 11750
f 11236 11902 11903
f 11904 11260 11238
f 11915 11246 11245
f 11618 11916 11883
f 11245 11883 11916
f 11871 11873 11240
f 11746 11863 11747
f 11902 11236 11235
f 11238 11237 11904
f 11240 11907 11871
f 11863 11746 11750
f 11755 11860 11753
f 11755 11774 11858
f 11235 11257 11902
f 11866 11751 11753
f 11858 11860 11755
f 11903 11904 11237
f 11240 11242 11241
f 11846 11906 11233
f 11232 11844 11231
f 11844 11233 11231
f 11739 11907 11906
f 11756 11739 11846
f 11906 11846 11739
f 11871 11907 11739
f 11232 11231 11233
f 11233 11844 11846
f 11916 11618 11617
f 11228 11227 11917
f 11230 11229 11843
f 11425 11424 11918
f 11229 11228 11843
f 11833 11918 11424
f 11918 11833 11228
f 11223 11919 11920
f 11920 11224 11223
f 11218 11205 11921
f 11220 11921 11205
f 11921 11222 11218
f 11222 11219 11218
f 11919 11223 11222
f 11921 11220 11426
f 11852 11769 11768
f 11228 11922 11918
f 11425 11918 11922
f 11922 11923 11425
f 11227 11226 11924
f 11228 11925 11926
f 11926 11922 11228
f 11923 11922 11926
f 11926 11927 11923
f 11929 11917 11227
f 11227 11928 11929
f 11930 11928 11226
f 11928 11924 11226
f 11925 11228 11917
f 11917 11929 11925
f 11226 11225 11930
f 11928 11227 11924
f 11923 11927 11931
f 11931 11425 11923
f 11932 11429 11425
f 11425 11931 11932
f 11225 11429 11932
f 11932 11930 11225
f 11930 11933 11927
f 11927 11926 11929
f 11929 11928 11927
f 11926 11925 11929
f 11927 11928 11930
f 11930 11932 11933
f 11931 11927 11932
f 11933 11932 11927
f 11934 11247 11246
f 11248 11935 11936
f 11936 11619 11248
f 11936 11937 11617
f 11617 11619 11936
f 11937 11938 11617
f 11939 11940 11246
f 11934 11246 11940
f 11941 11939 11915
f 11935 11248 11247
f 11247 11940 11935
f 11247 11934 11940
f 11915 11245 11941
f 11246 11915 11939
f 11617 11938 11942
f 11942 11916 11617
f 11245 11916 11942
f 11942 11941 11245
f 11943 11935 11940
f 11939 11941 11944
f 11943 11940 11938
f 11938 11940 11939
f 11938 11936 11943
f 11939 11945 11938
f 11939 11944 11945
f 11941 11942 11945
f 11944 11941 11945
f 11936 11935 11943
f 11945 11942 11938
f 11936 11938 11937
f 11222 11921 11947
f 11948 11949 11920
f 11224 11920 11949
f 11950 11948 11919
f 11930 11225 11224
f 11224 11949 11930
f 11919 11222 11950
f 11920 11919 11948
f 11426 11946 11947
f 11947 11921 11426
f 11946 11951 11952
f 11952 11947 11946
f 11946 11426 11953
f 11932 11953 11426
f 11426 11429 11932
f 11953 11951 11946
f 11222 11947 11952
f 11952 11950 11222
f 11954 11949 11951
f 11951 11949 11948
f 11948 11952 11951
f 11948 11950 11952
f 11932 11933 11951
f 11932 11951 11953
f 11954 11930 11949
f 11933 11930 11954
f 11951 11933 11954
f 11251 11955 11956
f 11956 11914 11251
f 11620 11914 11956
f 11956 11957 11620
f 11958 11959 11912
f 11913 11912 11959
f 11935 11958 11249
f 11955 11251 11913
f 11913 11959 11955
f 11249 11248 11935
f 11912 11249 11958
f 11620 11957 11960
f 11936 11619 11620
f 11620 11960 11936
f 11959 11961 11955
f 11958 11935 11943
f 11958 11943 11962
f 11962 11960 11957
f 11957 11963 11959
f 11959 11958 11957
f 11963 11961 11959
f 11957 11958 11962
f 11962 11936 11960
f 11962 11943 11936
f 11955 11961 11963
f 11963 11956 11955
f 11957 11956 11963
f 11969 11970 11971
f 11969 11972 11973
f 11974 11975 11969
f 11968 11977 11964
f 11971 11972 11969
f 11969 11973 11974
f 11967 11974 11968
f 11968 11964 11967
f 11970 11966 11965
f 11978 11979 11980
f 11974 11978 11980
f 11965 11977 11970
f 11981 11982 11977
f 11976 11975 11974
f 11980 11968 11974
f 11976 11967 11966
f 11983 11981 11979
f 11976 11974 11967
f 11966 11984 11976
f 11977 11971 11970
f 11979 11978 11983
f 11983 11982 11981
f 11968 11981 11977
f 11970 11984 11966
f 11965 11964 11977
f 11984 11970 11965
f 11976 11984 11965
f 11965 11966 11976
f 11968 11980 11967
f 11966 11978 11976
f 11966 11967 11978
f 11978 11967 11980
f 11976 11978 11974
f 11985 11986 11978
f 11978 11974 11985
f 11987 11978 11986
f 11986 11988 11987
f 11974 11989 11990
f 11990 11985 11974
f 11991 11992 11993
f 11994 11993 11987
f 11987 11988 11994
f 11993 11994 11991
f 11995 11996 11992
f 11992 11991 11995
f 11997 11998 11999
f 12000 11999 11990
f 11990 11989 12000
f 11999 12000 11997
f 12001 11998 11997
f 11997 12002 12001
f 11988 11991 11994
f 11988 12001 11995
f 11998 11990 11999
f 11995 11991 11988
f 11990 11998 12001
f 12003 11995 12001
f 12001 12004 12003
f 11986 11985 11990
f 12001 11986 11990
f 11988 11986 12001
f 11989 11996 12002
f 12002 11997 11989
f 11987 11992 11996
f 12000 11989 11997
f 12005 12002 11996
f 11993 11992 11987
f 11996 12006 12005
f 11974 11978 11987
f 11996 11974 11987
f 11989 11974 11996
f 12003 12004 12007
f 12003 12004 12005
f 12005 12006 12003
f 12004 12008 12009
f 12002 12005 12004
f 12004 12001 12002
f 12010 12011 12003
f 11995 12003 12006
f 12006 11996 11995
f 12023 12024 12025
f 12025 12027 12023
f 12031 12026 12032
f 12033 12003 12034
f 12016 12023 12035
f 12032 12037 12031
f 12026 12031 12003
f 12033 12026 12003
f 12003 12038 12034
f 12023 12016 12024
f 12034 12027 12025
f 12029 12039 12030
f 12003 12031 12029
f 12016 12017 12037
f 12037 12040 12031
f 12034 12025 12033
f 12028 12013 12016
f 12029 12004 12003
f 12037 12024 12016
f 12011 12012 12036
f 12014 12008 12041
f 12017 12018 12037
f 12018 12040 12037
f 12040 12019 12020
f 12035 12028 12016
f 12028 12012 12013
f 12014 12041 12042
f 12008 12045 12041
f 12004 12039 12045
f 12040 12018 12019
f 12040 12020 12021
f 12028 12036 12012
f 12042 12015 12014
f 12030 12004 12029
f 12029 12044 12039
f 12038 12003 12011
f 12045 12008 12004
f 12030 12039 12004
f 12036 12038 12011
f 12021 12022 12040
f 12043 12022 12046
f 12043 12046 12044
f 12044 12029 12043
f 12042 12022 12015
f 12022 12043 12040
f 12042 12046 12022
f 12009 12050 12043
f 12007 12004 12029
f 12009 12043 12029
f 12050 12040 12043
f 12050 12007 12031
f 12029 12004 12009
f 12031 12040 12050
f 12007 12029 12031
f 12047 12032 12026
f 12026 12003 12047
f 12019 12010 12024
f 12025 12024 12010
f 12032 12047 12048
f 12033 12010 12003
f 12048 12037 12032
f 12048 12024 12037
f 12033 12025 12010
f 12050 12010 12019
f 12047 12049 12019
f 12050 12019 12047
f 12024 12048 12019
f 12019 12048 12047
f 12047 12003 12007
f 12009 12039 12030
f 12045 12009 12008
f 12021 12050 12044
f 12045 12039 12009
f 12021 12020 12050
f 12022 12021 12044
f 12044 12046 12022
f 12030 12039 12050
f 12039 12044 12050
f 12027 12050 12019
f 12050 12020 12019
f 12023 12018 12017
f 12023 12019 12018
f 12023 12017 12016
f 12050 12027 12034
f 12034 12038 12010
f 12023 12027 12019
f 12038 12011 12010
f 12034 12010 12050
f 12030 12050 12009
f 12047 12007 12050
f 9414 9413 11579
f 9397 9414 11578
f 9393 9397 12051
f 12052 9393 11519
f 9387 12052 12053
f 9389 9387 11328
f 12054 9389 11329
f 9386 12054 12055
f 9372 9386 12056
f 9371 9372 11559
f 9400 9371 11561
f 9399 9400 11584
f 12057 9399 11336
f 12059 12057 12058
f 12061 12059 12060
f 9409 12061 12062
f 12063 9409 11339
f 9413 12063 12064
f 12064 11579 9413
f 11339 12064 12063
f 12062 11339 9409
f 12060 12062 12061
f 12058 12060 12059
f 11336 12058 12057
f 11584 11336 9399
f 11561 11584 9400
f 11559 11561 9371
f 12056 11559 9372
f 12055 12056 9386
f 11329 12055 12054
f 11328 11329 9389
f 12053 11328 9387
f 11519 12053 12052
f 12051 11519 9393
f 11578 12051 9397
f 11579 11578 9414
f 11334 11338 12060
f 11339 11580 12064
f 12062 12060 11338
f 11580 11579 12064
f 11519 11518 12053
f 11518 11328 12053
f 11335 11334 12060
f 12062 11338 11339
f 11510 12055 11329
f 12055 11303 12056
f 12051 11578 11575
f 11561 11560 11584
f 12056 11555 11559
f 11336 11584 11547
f 12051 11575 11519
f 11336 11335 12058
f 12056 11303 11555
f 11584 11560 11547
f 12060 12058 11335
f 9411 11580 11339
f 9409 11339 11338
f 9408 11338 11334
f 9404 11334 11335
f 9403 11335 11336
f 9399 11336 11547
f 9391 11547 11560
f 9390 11560 11561
f 9372 11559 11555
f 12065 11555 11303
f 12066 11303 12055
f 12054 12055 11510
f 9388 11510 11517
f 9379 11517 11518
f 9395 11518 11519
f 9393 11519 11575
f 9398 11575 11578
f 9413 11579 11580
f 11580 9411 9413
f 11578 9414 9398
f 11575 9398 9393
f 11519 9393 9395
f 11518 9395 9379
f 11517 9379 9388
f 11510 9388 12054
f 12055 12054 12066
f 11303 12066 12065
f 11555 12065 9372
f 11561 9371 9390
f 11560 9390 9391
f 11547 9391 9399
f 11336 9399 9403
f 11335 9403 9404
f 11334 9404 9408
f 11338 9408 9409
f 11339 9409 9411
f 9398 9414 9397
f 9411 12063 9413
f 12063 9411 9409
f 9408 12059 12061
f 9391 9400 9399
f 9391 9390 9400
f 9372 12065 9386
f 9388 9379 9387
f 9409 9408 12061
f 12059 9408 9404
f 9403 12057 12059
f 9403 9399 12057
f 12065 12066 9386
f 9387 9389 9388
f 9379 9395 9387
f 9389 12054 9388
f 12052 9387 9395
f 12059 9404 9403
f 9386 12066 12054
f 9400 9390 9371
f 9393 12052 9395
f 12028 12036 10079
f 12036 12038 10077
f 12038 12067 10086
f 12067 12034 10083
f 12034 12027 10075
f 12027 12023 10092
f 12023 12035 10094
f 12035 12028 10081
f 10081 10094 12035
f 10094 10092 12023
f 10092 10075 12027
f 10075 10083 12034
f 10083 10086 12067
f 10086 10077 12038
f 10077 10079 12036
f 10079 10081 12028
f 12169 12170 12068
f 12171 12169 12069
f 12172 12173 10131
f 12070 12174 12071
f 12072 12073 12074
f 12074 12171 12072
f 12072 12070 12076
f 12075 12071 12174
f 12174 12171 12078
f 12078 12075 12174
f 12171 12080 12078
f 12077 12076 12070
f 12076 12073 12072
f 12079 12077 12070
f 12074 12080 12171
f 12175 12174 12070
f 12169 12081 12082
f 12082 12083 12169
f 12171 12084 12081
f 12081 12169 12171
f 12170 12085 12086
f 12086 12111 12170
f 12170 12087 12088
f 12170 12169 12089
f 12088 12085 12170
f 12089 12087 12170
f 10131 10092 10129
f 10092 12090 12091
f 12091 10129 10092
f 10092 12092 12090
f 10194 10131 12093
f 12093 12094 10194
f 10131 12095 12093
f 10132 12095 10131
f 12094 10195 10194
f 12176 12096 12097
f 12176 10167 12096
f 10194 10195 10167
f 10167 12176 10194
f 12174 12175 12098
f 12175 12099 12098
f 12175 12100 12101
f 12101 12099 12175
f 12174 12102 12103
f 12103 12171 12174
f 12174 12104 12102
f 12171 12105 12084
f 12103 12105 12171
f 12176 10151 12106
f 12172 10194 10147
f 10194 12176 10149
f 12106 10149 12176
f 10149 10147 10194
f 10115 10092 10131
f 12173 10119 10117
f 12107 12177 10092
f 10117 10131 12173
f 10115 12107 10092
f 10117 10115 10131
f 12177 12178 10083
f 12178 10077 10086
f 10086 10083 12178
f 12177 10083 10075
f 10075 10092 12177
f 10081 12111 12108
f 10081 12109 12110
f 12092 10092 10094
f 12108 12109 10081
f 10081 12110 12112
f 10081 12112 12092
f 12092 10094 10081
f 12111 10081 10079
f 12178 12113 12114
f 12178 12115 12113
f 12178 12116 12115
f 12178 12117 12116
f 12114 12118 12178
f 10077 12178 12118
f 12118 12119 10077
f 12120 12111 10079
f 12121 10079 10077
f 10079 12121 12120
f 12120 12122 12111
f 12111 12123 12124
f 12122 12123 12111
f 12170 12125 12126
f 12170 12127 12128
f 12126 12127 12170
f 12170 12129 12125
f 12170 12124 12129
f 12128 12068 12170
f 12175 12130 12131
f 12175 12132 12133
f 12175 12134 12135
f 12133 12130 12175
f 12131 12134 12175
f 12175 12136 12132
f 12135 12137 12175
f 12138 12139 12100
f 12140 12141 12142
f 12143 12144 12140
f 12138 12145 12139
f 12142 12138 12140
f 12140 12146 12143
f 12142 12145 12138
f 12144 12141 12140
f 12150 12146 10183
f 10183 12146 12147
f 12147 12151 10183
f 12176 10185 10180
f 12148 12152 10179
f 12149 12154 10179
f 10183 10179 12150
f 10171 10183 12151
f 12148 10179 10185
f 12152 12153 10179
f 12154 12150 10179
f 10185 12176 12148
f 12153 12149 10179
f 12150 12143 12146
f 12155 10151 10173
f 10151 10177 10173
f 12155 10176 10171
f 10151 12176 10180
f 10173 10176 12155
f 10171 12151 12156
f 10180 10177 10151
f 10151 12158 12159
f 10151 12155 12157
f 12157 12158 10151
f 12159 12160 10151
f 12160 12161 10151
f 10153 10155 12162
f 12164 10143 10151
f 10196 10155 10143
f 10145 12162 12163
f 12164 10196 10143
f 10145 12163 12172
f 10145 10153 12162
f 10155 10153 10143
f 12163 12165 12173
f 10114 10109 10133
f 10109 12166 10107
f 12173 12165 10119
f 10114 10133 12167
f 12167 10111 10114
f 12167 12177 10111
f 10107 10133 10109
f 10119 12165 12166
f 10109 10119 12166
f 12178 12177 12168
f 12168 12117 12178
f 12177 12167 12168
f 12173 12172 12163
f 12161 12164 10151
f 10171 12156 12155
f 12100 12175 12138
f 12137 12138 12175
f 12124 12170 12111
f 12119 12121 10077
f 12107 10111 12177
f 10147 10145 12172
f 12098 12104 12174
f 12097 12148 12176
f 10129 10132 10131
f 12083 12089 12169
f 12070 12136 12175
f 12071 12079 12070
f 10131 10194 12172
f 12069 12072 12171
f 12068 12069 12169
f 12156 12179 12155
f 12180 12157 12155
f 12160 12181 12182
f 12182 12161 12160
f 12183 10196 12161
f 12161 12182 12183
f 12164 12161 10196
f 10155 10196 12183
f 10155 12183 12184
f 12184 12185 12162
f 12162 10155 12184
f 12166 12165 12163
f 12163 12162 12166
f 12162 12185 12186
f 12186 12166 12162
f 12186 12187 12166
f 12187 10107 12166
f 10107 12187 12188
f 12189 10133 10107
f 10107 12188 12189
f 12167 10133 12168
f 12189 12190 12168
f 12168 10133 12189
f 12117 12168 12190
f 12190 12191 12117
f 12192 12113 12115
f 12193 12179 12156
f 12147 12156 12151
f 12156 12147 12193
f 12194 12179 12193
f 12193 12195 12194
f 12138 12137 12140
f 12140 12137 12196
f 12195 12193 12147
f 12197 12147 12146
f 12198 12146 12140
f 12140 12199 12198
f 12146 12198 12197
f 12147 12197 12195
f 12135 12134 12131
f 12196 12137 12135
f 12200 12135 12131
f 12199 12140 12196
f 12196 12201 12199
f 12132 12070 12072
f 12072 12068 12132
f 12072 12069 12068
f 12132 12136 12070
f 12201 12196 12135
f 12202 12135 12200
f 12203 12200 12131
f 12204 12131 12130
f 12205 12130 12133
f 12206 12133 12132
f 12132 12207 12206
f 12133 12206 12205
f 12130 12205 12204
f 12131 12204 12203
f 12200 12203 12202
f 12135 12202 12201
f 12155 12208 12209
f 12208 12155 12179
f 12210 12157 12180
f 12180 12211 12210
f 12211 12155 12209
f 12210 12212 12157
f 12212 12158 12157
f 12212 12213 12159
f 12181 12160 12159
f 12159 12213 12181
f 12159 12158 12212
f 12180 12155 12211
f 12179 12194 12208
f 12125 12214 12126
f 12123 12129 12124
f 12215 12068 12128
f 12216 12128 12127
f 12217 12127 12126
f 12218 12126 12214
f 12219 12214 12125
f 12220 12125 12129
f 12129 12221 12220
f 12125 12220 12219
f 12214 12219 12218
f 12126 12218 12217
f 12127 12217 12216
f 12128 12216 12215
f 12129 12123 12223
f 12223 12221 12129
f 12223 12123 12122
f 12224 12122 12120
f 12225 12120 12222
f 12222 12226 12225
f 12120 12225 12224
f 12122 12224 12223
f 12119 12222 12120
f 12121 12119 12120
f 12226 12222 12119
f 12119 12227 12226
f 12228 12229 12118
f 12229 12230 12118
f 12227 12119 12118
f 12231 12116 12117
f 12232 12115 12116
f 12116 12231 12232
f 12233 12192 12115
f 12115 12232 12233
f 12233 12234 12113
f 12228 12118 12235
f 12234 12235 12114
f 12235 12118 12114
f 12114 12113 12234
f 12113 12192 12233
f 12117 12191 12231
f 12118 12230 12227
f 12132 12237 12236
f 12237 12132 12068
f 12068 12215 12237
f 12236 12207 12132
f 12210 12209 12238
f 12209 12210 12211
f 12230 12229 12227
f 12239 12228 12235
f 12235 12010 12239
f 12240 12009 12210
f 12210 12238 12240
f 12241 12238 12209
f 12241 12240 12238
f 12009 12240 12241
f 12242 12009 12241
f 12241 12243 12244
f 12244 12242 12241
f 12245 12243 12241
f 12243 12246 12247
f 12247 12244 12243
f 12243 12245 12246
f 12253 12254 12252
f 12261 12259 12260
f 12267 12268 12264
f 12268 12265 12264
f 12269 12267 12263
f 12263 12262 12269
f 12269 12262 12261
f 12261 12270 12269
f 12271 12270 12259
f 12270 12260 12259
f 12259 12258 12271
f 12271 12258 12257
f 12257 12272 12271
f 12273 12272 12256
f 12273 12255 12254
f 12254 12274 12273
f 12275 12274 12252
f 12274 12253 12252
f 12275 12251 12250
f 12250 12276 12275
f 12276 12250 12249
f 12249 12277 12276
f 12268 12247 12265
f 12247 12246 12265
f 12248 12278 12277
f 12248 12266 12278
f 12249 12248 12277
f 12252 12251 12275
f 12254 12253 12274
f 12256 12255 12273
f 12257 12256 12272
f 12261 12260 12270
f 12264 12263 12267
f 12279 12280 12278
f 12278 12266 12279
f 12239 12010 12280
f 12280 12279 12239
f 12281 12279 12266
f 12279 12281 12239
f 12024 12025 10115
f 12025 12033 10111
f 12033 12026 10114
f 12026 12032 10119
f 12032 12037 10117
f 12037 12024 10115
f 10115 10117 12037
f 10117 10119 12032
f 10119 10114 12026
f 10114 10111 12033
f 10111 12107 12025
f 12107 10115 12025
f 10149 12106 10151
f 12029 12282 10143
f 12282 10151 10143
f 12282 12283 10151
f 12283 10149 10151
f 10149 12283 12043
f 10147 12043 12040
f 12040 12031 10145
f 10143 12031 12029
f 10143 10145 12031
f 10145 10147 12040
f 10147 10149 12043
f 12042 12046 10185
f 12046 12044 10180
f 12044 12039 10177
f 12039 12030 10173
f 12030 12045 10171
f 12045 12041 10183
f 12041 12042 10179
f 10179 10183 12041
f 10183 10171 12045
f 10171 10173 12030
f 10173 10177 12039
f 10177 10180 12044
f 10180 10185 12046
f 10185 10179 12042
f 12100 12286 12101
f 12286 12139 12145
f 12150 12144 12143
f 12097 12152 12148
f 12111 12086 12108
f 12083 12303 12089
f 12304 10167 10195
f 12295 10129 12091
f 12284 12102 12104
f 12285 12099 12101
f 12287 12145 12142
f 12288 12142 12141
f 12154 12149 12289
f 12290 12153 12152
f 12097 12096 12291
f 10195 12094 12292
f 12293 12093 12095
f 12294 12095 10132
f 10132 12295 10129
f 12296 12091 12090
f 12090 12092 12297
f 12298 12110 12109
f 12085 12088 12299
f 12300 12303 12083
f 12083 12082 12301
f 12084 12105 12302
f 12093 12293 12094
f 12153 12290 12149
f 12145 12287 12286
f 10167 12304 12096
f 12089 12303 12087
f 12100 12139 12286
f 12307 12080 12074
f 12308 12073 12076
f 12080 12307 12078
f 12075 12306 12071
f 12079 12305 12077
f 12076 12077 12309
f 12077 12305 12310
f 12305 12079 12310
f 12079 12071 12312
f 12071 12306 12313
f 12306 12075 12314
f 12075 12078 12315
f 12078 12307 12316
f 12307 12074 12317
f 12074 12073 12318
f 12073 12308 12319
f 12308 12076 12319
f 12320 12319 12076
f 12319 12318 12073
f 12318 12317 12074
f 12317 12316 12307
f 12316 12315 12078
f 12315 12314 12075
f 12314 12313 12306
f 12313 12312 12071
f 12312 12311 12079
f 12311 12310 12079
f 12310 12309 12077
f 12309 12320 12076
f 12321 12103 12102
f 12102 12322 12321
f 12323 12322 12104
f 12322 12284 12104
f 12324 12323 12098
f 12098 12099 12324
f 12324 12285 12101
f 12101 12325 12324
f 12326 12325 12286
f 12325 12100 12286
f 12326 12287 12142
f 12142 12327 12326
f 12328 12327 12141
f 12327 12288 12141
f 12329 12328 12144
f 12144 12150 12329
f 12329 12150 12154
f 12154 12330 12329
f 12331 12330 12149
f 12330 12289 12149
f 12331 12290 12152
f 12152 12267 12331
f 12332 12267 12097
f 12267 12148 12097
f 12333 12332 12096
f 12096 12304 12333
f 12332 12291 12096
f 12333 10167 10195
f 10195 12334 12333
f 12272 12334 12094
f 12334 12292 12094
f 12272 12293 12095
f 12095 12273 12272
f 12335 12273 10132
f 12273 12294 10132
f 12336 12335 12295
f 12295 12091 12336
f 12335 10129 12295
f 12336 12296 12090
f 12090 12276 12336
f 12337 12276 12092
f 12276 12297 12092
f 12337 12112 12110
f 12110 12338 12337
f 12339 12338 12109
f 12338 12298 12109
f 12340 12339 12108
f 12108 12086 12340
f 12340 12086 12085
f 12085 12341 12340
f 12342 12341 12088
f 12341 12299 12088
f 12342 12087 12303
f 12303 12343 12342
f 12344 12343 12083
f 12343 12300 12083
f 12344 12082 12081
f 12081 12345 12344
f 12344 12301 12082
f 12345 12081 12084
f 12084 12346 12345
f 12321 12346 12105
f 12346 12302 12105
f 12105 12103 12321
f 12084 12302 12346
f 12083 12301 12344
f 12303 12300 12343
f 12088 12087 12342
f 12085 12299 12341
f 12109 12108 12339
f 12110 12298 12338
f 12092 12112 12337
f 12090 12297 12276
f 12091 12296 12336
f 10132 10129 12335
f 12095 12294 12273
f 12094 12293 12272
f 10195 12292 12334
f 12304 10167 12333
f 12097 12291 12332
f 12152 12148 12267
f 12149 12290 12331
f 12154 12289 12330
f 12141 12144 12328
f 12142 12288 12327
f 12286 12287 12326
f 12101 12100 12325
f 12099 12285 12324
f 12104 12098 12323
f 12102 12284 12322
f 12317 12318 12319
f 12319 12316 12317
f 12314 12315 12316
f 12316 12313 12314
f 12309 12310 12319
f 12312 12313 12310
f 12319 12320 12309
f 12310 12311 12312
f 12348 12347 12319
f 12347 12316 12319
f 12310 12349 12348
f 12348 12319 12310
f 12350 12349 12310
f 12347 12350 12313
f 12313 12316 12347
f 12310 12313 12350
f 12351 12353 12349
f 12349 12350 12351
f 12354 12350 12347
f 12347 12352 12354
f 12355 12358 12348
f 12350 12354 12351
f 12348 12349 12355
f 12347 12356 12352
f 12357 12356 12347
f 12347 12348 12357
f 12348 12359 12357
f 12359 12348 12358
f 12355 12349 12353
f 12340 12360 12339
f 12341 12361 12360
f 12360 12340 12341
f 12361 12341 12342
f 12343 12362 12342
f 12321 12363 12364
f 12331 12267 12365
f 12362 12343 12344
f 12346 12364 12345
f 12321 12322 12363
f 12276 12367 12336
f 12364 12346 12321
f 12332 12333 12368
f 12369 12368 12333
f 12370 12273 12335
f 12323 12363 12322
f 12323 12324 12371
f 12324 12325 12372
f 12332 12365 12267
f 12333 12334 12369
f 12272 12369 12334
f 12335 12366 12370
f 12367 12276 12337
f 12372 12371 12324
f 12325 12326 12373
f 12273 12370 12272
f 12373 12372 12325
f 12326 12327 12374
f 12327 12328 12375
f 12375 12374 12327
f 12366 12335 12336
f 12329 12375 12328
f 12374 12373 12326
f 12272 12256 12376
f 12376 12369 12272
f 12368 12369 12377
f 12369 12258 12377
f 12368 12260 12378
f 12378 12332 12368
f 12332 12378 12379
f 12379 12365 12332
f 12331 12365 12380
f 12380 12381 12331
f 12331 12381 12382
f 12382 12330 12331
f 12329 12330 12383
f 12330 12382 12383
f 12329 12384 12385
f 12329 12386 12384
f 12385 12375 12329
f 12374 12375 12387
f 12375 12388 12387
f 12373 12374 12389
f 12389 12390 12373
f 12373 12391 12392
f 12392 12372 12373
f 12371 12372 12393
f 12371 12394 12395
f 12395 12323 12371
f 12363 12323 12396
f 12323 12395 12396
f 12363 12397 12398
f 12398 12364 12363
f 12363 12399 12397
f 12364 12400 12401
f 12401 12345 12364
f 12344 12345 12402
f 12402 12403 12344
f 12344 12403 12404
f 12404 12362 12344
f 12342 12362 12405
f 12362 12404 12405
f 12342 12406 12407
f 12407 12361 12342
f 12361 12408 12409
f 12409 12360 12361
f 12339 12360 12410
f 12410 12411 12339
f 12360 12412 12410
f 12339 12413 12414
f 12414 12338 12339
f 12337 12338 12415
f 12337 12416 12417
f 12417 12367 12337
f 12336 12367 12418
f 12367 12417 12418
f 12366 12336 12419
f 12419 12253 12366
f 12366 12253 12420
f 12420 12370 12366
f 12272 12370 12421
f 12370 12255 12421
f 12421 12256 12272
f 12420 12255 12370
f 12418 12419 12336
f 12415 12416 12337
f 12414 12415 12338
f 12411 12413 12339
f 12409 12412 12360
f 12407 12408 12361
f 12405 12406 12342
f 12401 12402 12345
f 12398 12400 12364
f 12396 12399 12363
f 12393 12394 12371
f 12392 12393 12372
f 12390 12391 12373
f 12387 12389 12374
f 12385 12388 12375
f 12383 12386 12329
f 12379 12380 12365
f 12377 12260 12368
f 12376 12258 12369
f 12396 12423 12397
f 12401 12424 12402
f 12407 12408 12409
f 12420 12426 12421
f 12393 12422 12394
f 12404 12425 12405
f 12258 12376 12377
f 12383 12384 12386
f 12388 12385 12387
f 12391 12390 12392
f 12396 12397 12399
f 12400 12398 12401
f 12409 12410 12412
f 12413 12411 12414
f 12420 12421 12255
f 12425 12404 12403
f 12422 12393 12392
f 12426 12420 12253
f 12408 12407 12406
f 12424 12401 12398
f 12423 12396 12395
f 12428 12429 12355
f 12429 12236 12355
f 12236 12237 12358
f 12237 12430 12359
f 12430 12427 12357
f 12357 12359 12430
f 12359 12358 12237
f 12358 12355 12236
f 12355 12353 12428
f 12431 12352 12356
f 12317 12356 12357
f 12311 12353 12351
f 12432 12351 12354
f 12314 12354 12352
f 12428 12353 12311
f 12318 12357 12427
f 12352 12315 12314
f 12354 12314 12432
f 12351 12432 12312
f 12351 12312 12311
f 12357 12318 12317
f 12356 12317 12431
f 12352 12431 12315
f 12433 12428 12311
f 12311 12434 12433
f 12434 12435 12433
f 12435 12434 12436
f 12437 12435 12436
f 12439 12440 12438
f 12439 12438 12441
f 12443 12441 12442
f 12444 12443 12442
f 12442 12445 12444
f 12443 12446 12441
f 12441 12446 12439
f 12439 12437 12440
f 12436 12440 12437
f 12439 12446 12443
f 12444 12445 12447
f 12447 12448 12444
f 12450 12448 12449
f 12447 12451 12449
f 12449 12448 12447
f 12449 12451 12452
f 12452 12453 12449
f 12454 12455 12456
f 12455 12457 12456
f 12458 12454 12459
f 12459 12425 12458
f 12458 12425 12460
f 12460 12461 12458
f 12462 12461 12463
f 12461 12464 12463
f 12463 12424 12462
f 12462 12424 12398
f 12398 12321 12462
f 12465 12321 12397
f 12321 12398 12397
f 12465 12423 12466
f 12466 12467 12465
f 12468 12467 12469
f 12467 12470 12469
f 12468 12422 12471
f 12471 12472 12468
f 12472 12471 12473
f 12473 12474 12472
f 12455 12361 12408
f 12474 12390 12453
f 12453 12452 12474
f 12408 12457 12455
f 12473 12390 12474
f 12469 12422 12468
f 12466 12470 12467
f 12397 12423 12465
f 12460 12464 12461
f 12456 12459 12454
f 12395 12466 12423
f 12402 12463 12460
f 12473 12453 12390
f 12470 12466 12469
f 12460 12463 12464
f 12457 12408 12456
f 12463 12402 12424
f 12466 12395 12469
f 12475 12408 12361
f 12361 12476 12475
f 12475 12477 12478
f 12475 12476 12479
f 12477 12475 12479
f 12478 12477 12480
f 12481 12477 12479
f 12479 12482 12481
f 12483 12484 12485
f 12317 12318 12483
f 12483 12486 12317
f 12486 12487 12317
f 12317 12476 12458
f 12485 12486 12483
f 12487 12488 12317
f 12476 12454 12458
f 12361 12455 12476
f 12431 12461 12462
f 12462 12321 12315
f 12451 12474 12452
f 12312 12432 12468
f 12488 12482 12317
f 12479 12476 12482
f 12455 12454 12476
f 12431 12458 12461
f 12432 12314 12465
f 12451 12472 12474
f 12468 12451 12312
f 12312 12441 12438
f 12434 12438 12440
f 12482 12476 12317
f 12465 12467 12432
f 12468 12472 12451
f 12451 12447 12312
f 12312 12442 12441
f 12312 12438 12434
f 12440 12436 12434
f 12458 12431 12317
f 12321 12314 12315
f 12312 12445 12442
f 12315 12431 12462
f 12467 12468 12432
f 12314 12321 12465
f 12434 12311 12312
f 12447 12445 12312
f 12489 12483 12318
f 12318 12427 12489
f 12490 12481 12482
f 12490 12488 12487
f 12487 12491 12490
f 12492 12487 12486
f 12493 12486 12485
f 12493 12485 12484
f 12489 12484 12483
f 12489 12494 12484
f 12484 12494 12493
f 12493 12492 12486
f 12492 12491 12487
f 12482 12488 12490
f 12481 12480 12477
f 12490 12492 12491
f 12034 12010 12495
f 12023 12273 12274
f 12035 12274 12275
f 12277 12278 12028
f 12495 12273 12023
f 12275 12276 12028
f 12276 12277 12028
f 12278 12036 12028
f 12010 12067 12038
f 12274 12035 12023
f 12036 12278 12280
f 12034 12067 12010
f 12028 12035 12275
f 12010 12038 12036
f 12495 12027 12034
f 12023 12027 12495
f 12036 12280 12010
f 12026 12188 12187
f 12186 12495 12032
f 12010 12235 12033
f 12033 12233 12232
f 12033 12235 12234
f 12187 12032 12026
f 12189 12188 12026
f 12187 12186 12032
f 12234 12233 12033
f 12026 12190 12189
f 12033 12231 12191
f 12033 12232 12231
f 12026 12191 12190
f 12037 12032 12495
f 12495 12024 12037
f 12191 12026 12033
f 12024 12495 12010
f 12029 12184 12183
f 12210 12282 12029
f 12029 12212 12210
f 12009 12242 12283
f 12283 12282 12009
f 12040 12048 12047
f 12029 12031 12185
f 12182 12181 12029
f 12213 12212 12029
f 12242 12495 12043
f 12185 12184 12029
f 12029 12183 12182
f 12242 12043 12283
f 12048 12043 12495
f 12047 12031 12040
f 12181 12213 12029
f 12047 12185 12031
f 12210 12009 12282
f 12186 12047 12048
f 12186 12185 12047
f 12495 12186 12048
f 12040 12043 12048
f 12042 12247 12268
f 12495 12242 12030
f 12242 12244 12041
f 12244 12247 12041
f 12042 12268 12267
f 12269 12046 12042
f 12495 12044 12271
f 12044 12046 12270
f 12247 12042 12041
f 12042 12267 12269
f 12270 12271 12044
f 12495 12030 12039
f 12041 12045 12242
f 12271 12272 12495
f 12272 12273 12495
f 12242 12045 12030
f 12269 12270 12046
f 12039 12044 12495
f 12497 12047 12048
f 12048 12496 12497
f 12226 12281 12499
f 12499 12498 12226
f 12500 12281 12266
f 12411 12501 12502
f 12251 12419 12418
f 12252 12253 12419
f 12421 12255 12256
f 12498 12225 12226
f 12502 12414 12411
f 12503 12411 12224
f 12250 12418 12417
f 12419 12251 12252
f 12254 12426 12253
f 12255 12421 12426
f 12503 12501 12411
f 12266 12250 12417
f 12266 12417 12416
f 12266 12249 12250
f 12426 12254 12255
f 12500 12499 12281
f 12418 12250 12251
f 12502 12415 12414
f 12224 12225 12503
f 12227 12239 12281
f 12227 12229 12239
f 12498 12503 12225
f 12266 12416 12415
f 12229 12228 12239
f 12281 12226 12227
f 12195 12504 12505
f 12246 12245 12506
f 12504 12195 12197
f 12505 12245 12195
f 12197 12507 12504
f 12257 12258 12376
f 12264 12265 12381
f 12505 12506 12245
f 12507 12197 12198
f 12384 12508 12507
f 12258 12259 12377
f 12261 12262 12378
f 12262 12263 12379
f 12263 12264 12380
f 12381 12380 12264
f 12378 12260 12261
f 12380 12379 12263
f 12265 12246 12381
f 12507 12198 12384
f 12384 12383 12509
f 12260 12377 12259
f 12383 12382 12509
f 12379 12378 12262
f 12509 12508 12384
f 12376 12256 12257
f 12246 12382 12381
f 12194 12195 12245
f 12245 12241 12194
f 12241 12208 12194
f 12199 12449 12511
f 12205 12206 12435
f 12198 12511 12510
f 12511 12198 12199
f 12204 12205 12437
f 12201 12444 12448
f 12435 12437 12205
f 12207 12429 12428
f 12199 12448 12450
f 12201 12443 12444
f 12202 12446 12443
f 12439 12203 12204
f 12385 12384 12508
f 12510 12507 12198
f 12448 12199 12201
f 12443 12201 12202
f 12439 12202 12203
f 12437 12439 12204
f 12428 12433 12207
f 12453 12471 12392
f 12206 12207 12433
f 12422 12392 12471
f 12385 12512 12388
f 12439 12446 12202
f 12453 12473 12471
f 12422 12469 12394
f 12199 12450 12449
f 12433 12435 12206
f 12387 12390 12389
f 12207 12236 12429
f 12395 12394 12469
f 12453 12392 12390
f 12508 12512 12385
f 12390 12387 12453
f 12218 12219 12492
f 12219 12220 12492
f 12215 12489 12427
f 12220 12491 12492
f 12220 12481 12490
f 12216 12494 12489
f 12480 12481 12220
f 12427 12430 12215
f 12489 12215 12216
f 12217 12493 12494
f 12217 12218 12493
f 12224 12503 12513
f 12494 12216 12217
f 12490 12491 12220
f 12513 12223 12224
f 12492 12493 12218
f 12513 12478 12223
f 12410 12514 12501
f 12223 12478 12480
f 12501 12411 12410
f 12480 12221 12223
f 12480 12220 12221
f 12460 12403 12402
f 12459 12405 12425
f 12412 12514 12410
f 12430 12237 12215
f 12456 12406 12405
f 12406 12456 12408
f 12405 12459 12456
f 12403 12460 12425
f 12241 12209 12208
f 12266 12248 12249
f 12498 12499 12515
f 12515 12516 12498
f 12499 12517 12515
f 12517 12499 12500
f 12266 12278 12517
f 12517 12500 12266
f 12503 12498 12516
f 12503 12516 12518
f 12501 12503 12518
f 12518 12519 12501
f 12515 12517 12278
f 12516 12520 12519
f 12278 12338 12515
f 12519 12518 12516
f 12515 12338 12521
f 12516 12521 12520
f 12521 12516 12515
f 12338 12415 12522
f 12522 12521 12338
f 12520 12521 12502
f 12521 12523 12502
f 12502 12501 12520
f 12522 12523 12521
f 12338 12266 12415
f 12266 12338 12278
f 12519 12520 12501
f 12523 12522 12502
f 12522 12415 12502
f 12513 12503 12518
f 12518 12524 12513
f 12513 12524 12525
f 12525 12478 12513
f 12525 12476 12478
f 12409 12475 12478
f 12475 12409 12408
f 12409 12478 12476
f 12476 12341 12409
f 12476 12525 12341
f 12524 12518 12519
f 12525 12524 12526
f 12526 12341 12525
f 12519 12526 12524
f 12519 12501 12514
f 12514 12526 12519
f 12341 12526 12527
f 12527 12409 12341
f 12514 12527 12526
f 12412 12527 12514
f 12527 12412 12409
f 12510 12511 12528
f 12528 12529 12510
f 12451 12511 12449
f 12451 12528 12511
f 12449 12453 12387
f 12387 12327 12451
f 12451 12449 12387
f 12510 12529 12530
f 12530 12507 12510
f 12508 12507 12530
f 12530 12531 12508
f 12528 12451 12327
f 12531 12530 12529
f 12528 12327 12532
f 12529 12532 12531
f 12532 12529 12528
f 12327 12387 12533
f 12533 12532 12327
f 12531 12532 12512
f 12532 12533 12512
f 12512 12508 12531
f 12388 12533 12387
f 12533 12388 12512
f 12534 12506 12505
f 12505 12535 12534
f 12246 12506 12534
f 12534 12247 12246
f 12504 12536 12535
f 12535 12505 12504
f 12530 12536 12507
f 12536 12504 12507
f 12330 12534 12535
f 12330 12247 12534
f 12536 12530 12531
f 12531 12537 12536
f 12535 12536 12538
f 12538 12330 12535
f 12537 12538 12536
f 12537 12508 12509
f 12509 12538 12537
f 12330 12538 12539
f 12538 12540 12539
f 12539 12382 12330
f 12509 12540 12538
f 12247 12330 12246
f 12382 12246 12330
f 12508 12537 12531
f 12382 12539 12509
f 12540 12509 12539
f 2103 2096 1389
f 12541 2103 1390
f 2110 12541 12542
f 12543 2110 1440
f 12544 12543 1441
f 2127 12544 12545
f 2118 2127 1435
f 2113 2118 1432
f 2114 2113 1424
f 12546 2114 1425
f 2105 12546 1419
f 12547 2105 1387
f 12549 12547 12548
f 2098 12549 12550
f 2100 2098 12551
f 2097 2100 1382
f 2096 2097 12552
f 12552 1389 2096
f 1382 12552 2097
f 12551 1382 2100
f 12550 12551 2098
f 12548 12550 12549
f 1387 12548 12547
f 1419 1387 2105
f 1425 1419 12546
f 1424 1425 2114
f 1432 1424 2113
f 1435 1432 2118
f 12545 1435 2127
f 1441 12545 12544
f 1440 1441 12543
f 12542 1440 2110
f 1390 12542 12541
f 1389 1390 2103
f 1385 1324 12551
f 12553 12552 1382
f 12553 1383 12552
f 1383 1389 12552
f 1440 12542 997
f 1440 1438 1441
f 1436 12545 1441
f 1386 1385 12550
f 12551 1324 1382
f 1441 1438 1436
f 1371 1435 12545
f 12551 12550 1385
f 1390 1391 12542
f 1433 1432 1435
f 1433 1423 1432
f 12545 1436 1371
f 1425 1426 1419
f 1432 1423 1424
f 1387 1419 1337
f 1387 1386 12548
f 12542 1391 997
f 1419 1426 1337
f 12550 12548 1386
f 2101 1383 12553
f 12554 12553 1382
f 2100 1382 1324
f 2099 1324 1385
f 2094 1385 1386
f 2107 1386 1387
f 2105 1387 1337
f 2108 1337 1426
f 2115 1426 1425
f 2113 1424 1423
f 2112 1423 1433
f 2119 1433 1435
f 2127 1435 1371
f 2133 1371 1436
f 2132 1436 1438
f 2131 1438 1440
f 2110 1440 997
f 2109 997 1391
f 2102 1391 1390
f 2096 1389 1383
f 1383 2101 2096
f 1390 2103 2102
f 1391 2102 2109
f 997 2109 2110
f 1440 2110 2131
f 1438 2131 2132
f 1436 2132 2133
f 1371 2133 2127
f 1435 2127 2119
f 1433 2119 2112
f 1423 2112 2113
f 1425 2114 2115
f 1426 2115 2108
f 1337 2108 2105
f 1387 2105 2107
f 1386 2107 2094
f 1385 2094 2099
f 1324 2099 2100
f 1382 2100 12554
f 12553 12554 2101
f 2109 12541 2110
f 2109 2102 12541
f 2101 2097 2096
f 2100 2097 12554
f 2097 2101 12554
f 2094 12549 2098
f 2108 12546 2105
f 2108 2115 12546
f 2113 2112 2118
f 2133 2132 12544
f 12541 2102 2103
f 2100 2099 2098
f 2098 2099 2094
f 2107 12547 12549
f 2127 2118 2119
f 12544 2127 2133
f 2132 2131 12543
f 12547 2107 2105
f 12543 12544 2132
f 12549 2094 2107
f 2118 2112 2119
f 12546 2115 2114
f 2110 12543 2131
f 1687 1678 1229
f 1690 1687 1228
f 12556 1690 12555
f 1685 12556 1227
f 12558 1685 12557
f 12559 12558 12560
f 1671 12559 12561
f 1675 1671 1251
f 1691 1675 1290
f 1689 1691 1295
f 1679 1689 1296
f 1682 1679 1302
f 12562 1682 1301
f 12564 12562 12563
f 12565 12564 12566
f 1672 12565 12567
f 12568 1672 1233
f 1678 12568 12569
f 12569 1229 1678
f 1233 12569 12568
f 12567 1233 1672
f 12566 12567 12565
f 12563 12566 12564
f 1301 12563 12562
f 1302 1301 1682
f 1296 1302 1679
f 1295 1296 1689
f 1290 1295 1691
f 1251 1290 1675
f 12561 1251 1671
f 12560 12561 12559
f 12557 12560 12558
f 1227 12557 1685
f 12555 1227 12556
f 1228 12555 1690
f 1229 1228 1687
f 1238 1237 12567
f 1191 12569 1233
f 1191 1230 12569
f 1230 1229 12569
f 1227 12555 12570
f 1227 1225 12557
f 1249 12560 12557
f 1303 1238 12566
f 12567 1237 1233
f 12557 1225 1249
f 1248 12561 12560
f 12567 12566 1238
f 1251 1263 1290
f 12555 1228 1224
f 12560 1249 1248
f 1296 1297 1302
f 1290 1294 1295
f 1301 1302 1298
f 12555 1224 12570
f 1290 1263 1294
f 1302 1297 1298
f 12566 12563 1303
f 1673 1230 1191
f 1674 1191 1233
f 1672 1233 1237
f 1680 1237 1238
f 1688 1238 1303
f 1692 1303 12563
f 1682 1301 1298
f 1698 1298 1297
f 1681 1297 1296
f 1691 1295 1294
f 1683 1294 1263
f 1684 1263 1251
f 12559 12561 1248
f 1677 1248 1249
f 1676 1249 1225
f 1738 1225 1227
f 12556 1227 12570
f 12571 12570 1224
f 12572 1224 1228
f 1678 1229 1230
f 1230 1673 1678
f 1228 1687 12572
f 1224 12572 12571
f 12570 12571 12556
f 1227 12556 1738
f 1225 1738 1676
f 1249 1676 1677
f 1248 1677 12559
f 1251 1671 1684
f 1263 1684 1683
f 1294 1683 1691
f 1296 1689 1681
f 1297 1681 1698
f 1298 1698 1682
f 12563 12562 1692
f 1303 1692 1688
f 1238 1688 1680
f 1237 1680 1672
f 1233 1672 1674
f 1191 1674 1673
f 12571 1690 12556
f 12571 12572 1690
f 12572 1687 1690
f 1673 12568 1678
f 1672 12568 1674
f 12568 1673 1674
f 1688 12564 12565
f 1698 1679 1682
f 1698 1681 1679
f 1691 1683 1675
f 1677 1676 12558
f 1672 1680 12565
f 12565 1680 1688
f 1692 12562 12564
f 1683 1684 1675
f 12558 12559 1677
f 1676 1738 1685
f 1685 12558 1676
f 12564 1688 1692
f 1675 1684 1671
f 1679 1681 1689
f 12556 1685 1738
f 1866 1865 1157
f 1849 1866 1156
f 1845 1849 12573
f 12574 1845 1097
f 1839 12574 12575
f 1841 1839 905
f 12576 1841 906
f 1838 12576 12577
f 1824 1838 12578
f 1823 1824 1137
f 1852 1823 1139
f 1851 1852 1162
f 12579 1851 913
f 12581 12579 12580
f 12583 12581 12582
f 1861 12583 12584
f 12585 1861 916
f 1865 12585 12586
f 12586 1157 1865
f 916 12586 12585
f 12584 916 1861
f 12582 12584 12583
f 12580 12582 12581
f 913 12580 12579
f 1162 913 1851
f 1139 1162 1852
f 1137 1139 1823
f 12578 1137 1824
f 12577 12578 1838
f 906 12577 12576
f 905 906 1841
f 12575 905 1839
f 1097 12575 12574
f 12573 1097 1845
f 1156 12573 1849
f 1157 1156 1866
f 911 915 12582
f 916 1158 12586
f 12584 12582 915
f 1158 1157 12586
f 1097 1096 12575
f 1096 905 12575
f 912 911 12582
f 12584 915 916
f 905 1096 1095
f 1088 906 905
f 1088 12577 906
f 12577 871 12578
f 12573 1156 1153
f 905 1095 1088
f 1139 1138 1162
f 12578 1133 1137
f 913 1162 1125
f 12573 1153 1097
f 913 912 12580
f 12578 871 1133
f 1162 1138 1125
f 12582 12580 912
f 1863 1158 916
f 1861 916 915
f 1860 915 911
f 1856 911 912
f 1855 912 913
f 1851 913 1125
f 1843 1125 1138
f 1842 1138 1139
f 1824 1137 1133
f 12587 1133 871
f 12588 871 12577
f 12576 12577 1088
f 1840 1088 1095
f 1831 1095 1096
f 1847 1096 1097
f 1845 1097 1153
f 1850 1153 1156
f 1865 1157 1158
f 1158 1863 1865
f 1156 1866 1850
f 1153 1850 1845
f 1097 1845 1847
f 1096 1847 1831
f 1095 1831 1840
f 1088 1840 12576
f 12577 12576 12588
f 871 12588 12587
f 1133 12587 1824
f 1139 1823 1842
f 1138 1842 1843
f 1125 1843 1851
f 913 1851 1855
f 912 1855 1856
f 911 1856 1860
f 915 1860 1861
f 916 1861 1863
f 1845 1850 1849
f 1850 1866 1849
f 1863 12585 1865
f 12585 1863 1861
f 1860 12581 12583
f 1843 1852 1851
f 1843 1842 1852
f 1824 12587 1838
f 1840 1831 1839
f 1861 1860 12583
f 12581 1860 1856
f 1855 12579 12581
f 1855 1851 12579
f 12587 12588 1838
f 1839 1841 1840
f 1831 1847 1839
f 1841 12576 1840
f 12574 1839 1847
f 12581 1856 1855
f 1838 12588 12576
f 1852 1842 1823
f 1845 12574 1847
f 120 117 896
f 121 120 897
f 114 121 900
f 117 114 899
f 899 896 117
f 900 899 114
f 897 900 121
f 896 897 120
f 118 895 896
f 896 117 118
f 120 897 898
f 119 898 895
f 895 118 119
f 898 119 120
f 120 12589 12590
f 12590 897 120
f 12589 12591 12592
f 12592 12590 12589
f 117 896 901
f 116 901 902
f 902 115 116
f 901 116 117
f 115 902 899
f 899 114 115
f 12593 114 899
f 899 12594 12593
f 12595 12593 12594
f 12594 886 12595
f 12591 12596 12597
f 12597 12592 12591
f 12598 12595 886
f 886 12599 12598
f 12600 12598 12599
f 12599 12601 12600
f 12602 12600 12601
f 12601 867 12602
f 12596 254 848
f 848 12597 12596
f 254 253 12603
f 12603 848 254
f 257 12604 12605
f 251 12605 12603
f 12603 253 251
f 12605 251 257
f 251 12605 12604
f 12604 257 251
f 177 176 12606
f 179 177 12607
f 251 179 12608
f 12608 12605 251
f 12607 12608 179
f 12606 12607 177
f 12609 12610 12606
f 12606 176 12609
f 177 12607 12611
f 12612 12611 12610
f 12610 12609 12612
f 12611 12612 177
f 177 12613 12614
f 12614 12607 177
f 12613 12615 12616
f 12616 12614 12613
f 12615 152 866
f 866 12616 12615
f 152 12602 867
f 867 866 152
f 264 159 12615
f 159 152 12615
f 179 12615 12613
f 12617 254 12596
f 12617 252 254
f 12613 177 179
f 12591 12619 12618
f 179 251 253
f 253 254 179
f 12591 12589 12619
f 179 254 12615
f 12612 176 177
f 176 12612 12609
f 121 114 12593
f 12593 12595 121
f 120 12619 12589
f 12591 12617 12596
f 12595 12619 121
f 117 116 115
f 12619 120 121
f 114 117 115
f 119 117 120
f 117 119 118
f 12602 152 12598
f 12600 12602 12598
f 12597 12620 12592
f 12597 848 12620
f 848 851 12620
f 12616 866 12622
f 12623 12590 12592
f 12608 12607 12614
f 12616 12622 845
f 12608 848 12603
f 12592 12621 12623
f 12614 12616 12608
f 12590 12623 897
f 900 886 12594
f 12610 12611 12606
f 12616 848 12608
f 902 901 896
f 895 898 896
f 12607 12606 12611
f 12603 12605 12608
f 902 896 899
f 12594 899 900
f 897 896 898
f 12623 886 900
f 900 897 12623
f 12599 867 12601
f 867 12599 866
f 12615 254 848
f 848 12616 12615
f 12617 12620 851
f 252 851 848
f 848 254 252
f 851 252 12617
f 12615 12616 845
f 264 845 12622
f 159 12622 866
f 866 152 159
f 12622 159 264
f 845 264 12615
f 12619 12623 12621
f 12618 12621 12592
f 12592 12591 12618
f 12621 12618 12619
f 12617 12591 12592
f 12592 12620 12617
f 12598 152 866
f 866 12599 12598
f 12619 12595 886
f 886 12623 12619
f 248 242 12624
f 172 248 12625
f 174 172 12626
f 12626 12627 174
f 12625 12626 172
f 12624 12625 248
f 175 12628 12624
f 12624 242 175
f 245 12629 12624
f 242 12624 12628
f 12628 175 242
f 12624 242 245
f 245 244 734
f 734 12629 245
f 174 12627 12630
f 12630 12631 174
f 12631 12630 12632
f 12633 12632 12626
f 12626 172 12633
f 12632 12633 12631
f 12634 172 12626
f 12626 12635 12634
f 12636 12634 12635
f 12635 12637 12636
f 244 12638 12639
f 12639 734 244
f 163 12636 12637
f 12637 743 163
f 12640 163 743
f 743 745 12640
f 12638 227 724
f 724 12639 12638
f 233 722 723
f 235 723 724
f 724 227 235
f 723 235 233
f 234 729 722
f 722 233 234
f 223 228 728
f 219 223 726
f 227 219 725
f 234 227 724
f 724 729 234
f 725 724 227
f 726 725 219
f 728 726 223
f 222 727 728
f 728 228 222
f 223 726 727
f 727 222 223
f 223 12641 12642
f 12642 726 223
f 12641 12643 730
f 730 12642 12641
f 12643 12644 12645
f 12645 730 12643
f 12644 12640 745
f 745 12645 12644
f 12646 227 12638
f 219 12643 12641
f 267 12634 12636
f 12641 223 219
f 12636 163 160
f 243 12647 244
f 12636 160 267
f 219 12646 12643
f 248 172 12634
f 233 235 227
f 12634 267 248
f 12638 244 12647
f 227 234 233
f 222 228 223
f 248 244 245
f 267 244 248
f 219 227 12646
f 12631 12633 172
f 245 242 248
f 172 174 12631
f 12640 12644 163
f 12648 734 12639
f 734 12648 732
f 12639 724 12649
f 725 726 12642
f 12637 12635 746
f 12642 730 725
f 12629 734 12625
f 746 12650 12637
f 12650 743 12637
f 12625 12624 12629
f 12625 746 12635
f 730 12649 725
f 12649 724 725
f 722 729 724
f 12635 12626 12625
f 12630 12627 12626
f 726 728 727
f 724 723 722
f 734 746 12625
f 12626 12632 12630
f 745 743 12645
f 12643 12646 12649
f 12649 730 12643
f 12638 12639 12649
f 12649 12646 12638
f 244 734 732
f 243 732 12648
f 12648 12647 243
f 732 243 244
f 12638 12647 12648
f 12648 12639 12638
f 163 12644 12645
f 12645 743 163
f 163 743 12650
f 160 12650 746
f 746 267 160
f 12650 160 163
f 244 267 746
f 746 734 244
f 12653 12654 12652
f 12654 12651 12652
f 12651 12654 12655
f 12654 12653 12655
f 12653 12656 12655
f 12653 12652 12657
f 12652 12651 12658
f 12658 12657 12652
f 12657 12656 12653
f 12655 12658 12651
f 12659 12660 12661
f 12660 12662 12663
f 12660 12663 12661
f 12664 12657 12658
f 12657 12664 12665
f 12699 12664 12658
f 12658 12655 12699
f 12666 12668 12667
f 12663 12669 12670
f 12666 12657 12665
f 12662 12671 12669
f 12670 12667 12663
f 12665 12668 12666
f 12672 12673 12674
f 12655 12656 12699
f 12699 12661 12675
f 12669 12663 12662
f 12677 12678 12673
f 12667 12670 12666
f 12675 12664 12699
f 12673 12672 12677
f 12679 12672 12674
f 12677 12666 12678
f 12676 12674 12671
f 12676 12679 12674
f 12666 12677 12657
f 12677 12656 12657
f 12677 12699 12656
f 12671 12662 12676
f 12659 12680 12681
f 12659 12699 12682
f 12682 12680 12659
f 12681 12683 12659
f 12687 12688 12689
f 12686 12684 12681
f 12686 12685 12684
f 12699 12677 12690
f 12677 12691 12690
f 12687 12692 12693
f 12677 12694 12695
f 12690 12682 12699
f 12693 12677 12687
f 12689 12692 12687
f 12688 12686 12681
f 12677 12693 12691
f 12694 12677 12696
f 12696 12697 12694
f 12698 12684 12685
f 12681 12689 12688
f 12695 12687 12677
f 12697 12696 12698
f 12685 12697 12698
f 12681 12684 12683
f 12661 12699 12659
f 12702 12703 12676
f 12703 12679 12676
f 12691 12693 12690
f 12664 12704 12665
f 12675 12661 12664
f 12678 12705 12706
f 12706 12674 12678
f 12671 12674 12706
f 12669 12671 12708
f 12671 12707 12708
f 12678 12669 12705
f 12669 12708 12705
f 12670 12669 12678
f 12673 12678 12674
f 12678 12666 12670
f 12706 12707 12671
f 12709 12687 12695
f 12688 12687 12710
f 12686 12688 12711
f 12688 12712 12711
f 12685 12686 12713
f 12686 12711 12713
f 12697 12685 12714
f 12685 12713 12714
f 12695 12697 12709
f 12697 12714 12709
f 12695 12694 12697
f 12710 12712 12688
f 12709 12710 12687
f 12715 12709 12714
f 12705 12716 12706
f 12708 12717 12718
f 12718 12705 12708
f 12693 12692 12720
f 12692 12689 12721
f 12689 12681 12722
f 12681 12680 12723
f 12680 12682 12724
f 12682 12690 12725
f 12690 12693 12726
f 12719 12726 12693
f 12726 12725 12690
f 12725 12724 12682
f 12724 12723 12680
f 12723 12722 12681
f 12722 12721 12689
f 12721 12720 12692
f 12720 12719 12693
f 12723 12724 12726
f 12724 12725 12726
f 12719 12720 12726
f 12720 12721 12726
f 12721 12722 12726
f 12722 12723 12726
f 12665 12704 12728
f 12704 12664 12729
f 12664 12661 12730
f 12661 12663 12731
f 12663 12667 12732
f 12667 12668 12732
f 12668 12665 12727
f 12727 12733 12668
f 12733 12732 12668
f 12732 12731 12663
f 12731 12730 12661
f 12730 12729 12664
f 12729 12728 12704
f 12728 12727 12665
f 12728 12730 12731
f 12731 12732 12728
f 12732 12733 12728
f 12733 12727 12728
f 12729 12730 12728
f 12701 12698 12696
f 12677 12672 12696
f 12672 12703 12702
f 12672 12679 12703
f 12734 12735 12696
f 12696 12672 12734
f 12734 12738 12739
f 12739 12736 12734
f 12734 12737 12738
f 12736 12735 12734
f 12737 12734 12672
f 12741 12740 12672
f 12672 12740 12737
f 12672 12702 12741
f 12737 12740 12742
f 12742 12738 12737
f 12741 12743 12744
f 12744 12740 12741
f 12741 12745 12743
f 12676 12745 12741
f 12741 12702 12676
f 12739 12738 12742
f 12742 12746 12739
f 12747 12701 12696
f 12696 12748 12747
f 12696 12736 12748
f 12696 12735 12736
f 12746 12742 12744
f 12744 12749 12746
f 12742 12740 12744
f 12748 12746 12749
f 12736 12746 12748
f 12736 12739 12746
f 12747 12748 12749
f 12749 12750 12747
f 12750 12698 12701
f 12700 12698 12750
f 12750 12751 12700
f 12747 12750 12701
f 12752 12683 12698
f 12684 12698 12683
f 12698 12700 12752
f 12660 12676 12662
f 12659 12683 12660
f 12754 12753 12660
f 12660 12683 12754
f 12754 12683 12752
f 12753 12755 12756
f 12753 12757 12755
f 12753 12758 12757
f 12753 12754 12759
f 12759 12758 12753
f 12756 12760 12753
f 12754 12761 12762
f 12754 12763 12761
f 12762 12759 12754
f 12754 12764 12763
f 12754 12765 12764
f 12766 12754 12752
f 12752 12767 12766
f 12752 12751 12767
f 12752 12700 12751
f 12751 12750 12768
f 12768 12767 12751
f 12769 12767 12768
f 12766 12767 12769
f 12769 12771 12766
f 12771 12770 12766
f 12770 12774 12775
f 12772 12776 12777
f 12777 12770 12772
f 12772 12778 12776
f 12777 12774 12770
f 12775 12773 12770
f 12772 12770 12771
f 12771 12779 12772
f 12779 12781 12780
f 12780 12772 12779
f 12768 12781 12779
f 12779 12771 12768
f 12771 12769 12768
f 12781 12783 12782
f 12781 12784 12783
f 12781 12768 12784
f 12785 12781 12782
f 12786 12782 12783
f 12782 12786 12785
f 12783 12784 12786
f 12787 12780 12781
f 12781 12785 12787
f 12780 12787 12788
f 12787 12785 12786
f 12789 12787 12786
f 12789 12786 12790
f 12789 12791 12787
f 12793 12786 12792
f 12786 12793 12791
f 12786 12791 12789
f 12816 12797 12798
f 12812 12808 12809
f 12814 12806 12813
f 12815 12805 12814
f 12813 12807 12808
f 12795 12792 12786
f 12794 12795 12786
f 12807 12813 12806
f 12801 12802 12800
f 12806 12814 12805
f 12796 12816 12795
f 12805 12815 12804
f 12797 12816 12796
f 12828 12829 12830
f 12824 12825 12823
f 12821 12822 12820
f 12819 12820 12818
f 12745 12676 12660
f 12660 12835 12745
f 12836 12835 12660
f 12660 12753 12836
f 12745 12835 12837
f 12837 12743 12745
f 12835 12838 12837
f 12836 12838 12835
f 12839 12838 12836
f 12841 12840 12842
f 12840 12843 12842
f 12842 12844 12841
f 12845 12843 12840
f 12836 12840 12841
f 12836 12841 12846
f 12846 12839 12836
f 12841 12848 12846
f 12848 12841 12847
f 12837 12839 12846
f 12837 12838 12839
f 12846 12848 12837
f 12849 12837 12848
f 12850 12851 12848
f 12848 12847 12850
f 12852 12850 12847
f 12851 12853 12848
f 12853 12849 12848
f 12850 12853 12851
f 12850 12854 12853
f 12855 12856 12853
f 12853 12854 12855
f 12875 12862 12863
f 12874 12870 12871
f 12876 12861 12862
f 12874 12871 12873
f 12877 12860 12861
f 12873 12871 12872
f 12873 12872 12853
f 12853 12856 12873
f 12860 12877 12859
f 12862 12875 12876
f 12861 12876 12877
f 12858 12878 12857
f 12859 12877 12878
f 12859 12878 12858
f 12870 12874 12869
f 12879 12880 12857
f 12880 12881 12857
f 12882 12883 12811
f 12881 12884 12857
f 12885 12886 12857
f 12869 12708 12849
f 12884 12885 12857
f 12786 12784 12794
f 12784 12711 12798
f 12718 12717 12805
f 12708 12867 12866
f 12869 12868 12708
f 12858 12857 12886
f 12784 12798 12797
f 12711 12799 12798
f 12805 12711 12718
f 12837 12849 12708
f 12868 12867 12708
f 12849 12871 12870
f 12872 12849 12853
f 12717 12861 12860
f 12887 12859 12858
f 12711 12801 12800
f 12711 12803 12802
f 12805 12804 12711
f 12870 12869 12849
f 12872 12871 12849
f 12708 12865 12864
f 12717 12862 12861
f 12717 12708 12862
f 12886 12887 12858
f 12859 12887 12717
f 12784 12795 12794
f 12800 12799 12711
f 12711 12804 12803
f 12708 12707 12837
f 12708 12866 12865
f 12810 12717 12888
f 12810 12889 12882
f 12784 12796 12795
f 12802 12801 12711
f 12708 12864 12863
f 12717 12807 12806
f 12717 12809 12808
f 12887 12888 12717
f 12810 12888 12889
f 12797 12796 12784
f 12768 12750 12713
f 12744 12710 12709
f 12860 12859 12717
f 12806 12805 12717
f 12811 12810 12882
f 12768 12713 12711
f 12709 12749 12744
f 12863 12862 12708
f 12808 12807 12717
f 12711 12784 12768
f 12750 12749 12714
f 12715 12714 12749
f 12709 12715 12749
f 12710 12744 12716
f 12707 12743 12837
f 12810 12809 12717
f 12716 12705 12710
f 12711 12712 12718
f 12706 12716 12744
f 12714 12713 12750
f 12705 12718 12710
f 12706 12744 12743
f 12718 12712 12710
f 12707 12706 12743
f 12896 12889 12888
f 12891 12884 12881
f 12880 12890 12881
f 12892 12885 12891
f 12893 12886 12885
f 12888 12887 12894
f 12896 12888 12895
f 12882 12897 12883
f 12884 12891 12885
f 12889 12896 12882
f 12898 12890 12879
f 12890 12880 12879
f 12899 12890 12898
f 12898 12900 12899
f 12900 12898 12879
f 12879 12901 12900
f 12897 12811 12883
f 12902 12811 12897
f 12903 12811 12902
f 12903 12817 12811
f 12903 12902 12897
f 12904 12903 12897
f 12882 12896 12905
f 12895 12906 12905
f 12905 12896 12895
f 12895 12888 12907
f 12894 12908 12907
f 12907 12888 12894
f 12894 12887 12909
f 12886 12910 12909
f 12909 12887 12886
f 12893 12911 12910
f 12910 12886 12893
f 12893 12885 12912
f 12892 12913 12912
f 12912 12885 12892
f 12892 12891 12914
f 12881 12915 12914
f 12914 12891 12881
f 12881 12890 12899
f 12899 12915 12881
f 12882 12916 12904
f 12904 12897 12882
f 12914 12913 12892
f 12912 12911 12893
f 12909 12908 12894
f 12907 12906 12895
f 12905 12916 12882
f 12914 12917 12912
f 12905 12918 12916
f 12914 12917 12915
f 12906 12907 12905
f 12908 12909 12907
f 12912 12910 12911
f 12914 12912 12913
f 12918 12905 12907
f 12921 12919 12920
f 12929 12930 12931
f 12925 12926 12924
f 12795 12816 12833
f 12816 12798 12832
f 12800 12802 12828
f 12802 12803 12827
f 12803 12804 12826
f 12804 12815 12825
f 12815 12814 12823
f 12814 12813 12822
f 12813 12808 12822
f 12808 12812 12820
f 12812 12809 12820
f 12809 12810 12818
f 12810 12811 12817
f 12792 12795 12834
f 12799 12800 12935
f 12800 12830 12935
f 12830 12831 12935
f 12831 12832 12935
f 12935 12832 12798
f 12935 12798 12799
f 12834 12793 12792
f 12817 12818 12810
f 12818 12820 12809
f 12820 12822 12808
f 12822 12823 12814
f 12823 12825 12815
f 12825 12826 12804
f 12826 12827 12803
f 12827 12828 12802
f 12828 12830 12800
f 12832 12833 12816
f 12833 12834 12795
f 12879 12857 12934
f 12857 12878 12933
f 12878 12877 12932
f 12877 12876 12931
f 12876 12875 12929
f 12875 12863 12928
f 12863 12864 12927
f 12864 12865 12926
f 12865 12866 12926
f 12866 12867 12924
f 12869 12874 12921
f 12874 12873 12919
f 12936 12924 12867
f 12936 12867 12868
f 12868 12869 12936
f 12869 12922 12936
f 12936 12922 12923
f 12873 12856 12855
f 12855 12919 12873
f 12936 12923 12924
f 12919 12921 12874
f 12921 12922 12869
f 12924 12926 12866
f 12926 12927 12864
f 12927 12928 12863
f 12928 12929 12875
f 12929 12931 12876
f 12931 12932 12877
f 12932 12933 12878
f 12933 12934 12857
f 12934 12901 12879
f 12937 12938 12834
f 12763 12764 12941
f 12942 12943 12852
f 12760 12756 12944
f 12946 12947 12845
f 12845 12840 12946
f 12836 12753 12948
f 12947 12945 12845
f 12840 12836 12946
f 12948 12946 12836
f 12948 12753 12949
f 12949 12753 12760
f 12765 12754 12766
f 12766 12770 12765
f 12773 12775 12950
f 12770 12951 12952
f 12951 12770 12773
f 12950 12951 12773
f 12764 12765 12941
f 12952 12765 12770
f 12941 12765 12952
f 12939 12774 12777
f 12777 12954 12939
f 12939 12775 12774
f 12772 12955 12956
f 12788 12957 12955
f 12956 12778 12772
f 12955 12780 12788
f 12787 12791 12957
f 12788 12787 12957
f 12957 12791 12793
f 12793 12834 12957
f 12958 12937 12833
f 12833 12959 12958
f 12776 12778 12960
f 12959 12960 12778
f 12834 12833 12937
f 12960 12954 12776
f 12959 12833 12832
f 12832 12962 12961
f 12962 12832 12831
f 12828 12963 12829
f 12963 12828 12827
f 12964 12831 12830
f 12964 12962 12831
f 12826 12761 12827
f 12940 12830 12829
f 12763 12965 12827
f 12827 12761 12763
f 12761 12824 12823
f 12817 12819 12818
f 12966 12820 12819
f 12823 12821 12761
f 12820 12966 12821
f 12761 12825 12824
f 12826 12825 12761
f 12762 12761 12821
f 12823 12822 12821
f 12903 12904 12916
f 12817 12903 12916
f 12915 12900 12901
f 12915 12899 12900
f 12901 12914 12915
f 12755 12757 12930
f 12757 12931 12930
f 12930 12929 12755
f 12929 12928 12755
f 12944 12926 12925
f 12756 12755 12927
f 12927 12926 12944
f 12925 12924 12944
f 12924 12967 12925
f 12925 12967 12949
f 12923 12968 12967
f 12924 12923 12967
f 12969 12968 12922
f 12970 12971 12842
f 12843 12945 12970
f 12923 12922 12968
f 12842 12971 12973
f 12972 12969 12922
f 12973 12844 12842
f 12844 12973 12972
f 12922 12974 12972
f 12921 12920 12974
f 12974 12922 12921
f 12852 12943 12975
f 12975 12854 12850
f 12975 12919 12855
f 12919 12975 12943
f 12855 12854 12975
f 12943 12920 12919
f 12975 12850 12852
f 12841 12844 12976
f 12942 12847 12841
f 12976 12942 12841
f 12977 12978 12907
f 12909 12979 12977
f 12918 12980 12905
f 12907 12909 12977
f 12980 12981 12982
f 12918 12907 12978
f 12759 12983 12979
f 12759 12982 12981
f 12979 12910 12759
f 12817 12984 12819
f 12981 12983 12759
f 12762 12966 12982
f 12817 12980 12984
f 12982 12759 12762
f 12909 12910 12979
f 12980 12817 12905
f 12757 12985 12932
f 12985 12986 12933
f 12987 12988 12901
f 12933 12932 12985
f 12986 12989 12933
f 12989 12987 12934
f 12901 12934 12987
f 12758 12991 12990
f 12934 12933 12989
f 12757 12758 12990
f 12932 12931 12757
f 12990 12985 12757
f 12914 12901 12988
f 12992 12912 12917
f 12992 12993 12912
f 12994 12995 12910
f 12912 12993 12994
f 12759 12910 12995
f 12758 12759 12996
f 12910 12912 12994
f 12995 12996 12759
f 12996 12991 12758
f 12914 12988 12917
f 12842 12843 12970
f 12927 12944 12756
f 12928 12927 12755
f 12916 12905 12817
f 12821 12966 12762
f 12772 12780 12955
f 12954 12777 12776
f 12845 12945 12843
f 12944 12949 12760
f 12852 12847 12942
f 12941 12965 12763
f 12938 12957 12834
f 12959 12778 12956
f 12959 12956 12997
f 12997 12998 12959
f 12999 13000 12937
f 12937 13000 13001
f 13001 12957 12938
f 12998 12999 12958
f 12958 12959 12998
f 13001 12938 12937
f 12937 12958 12999
f 12955 12957 13001
f 13001 13002 12955
f 12997 13002 12999
f 13002 13001 13000
f 13000 12999 13002
f 12999 12998 12997
f 12955 13002 12997
f 12997 12956 12955
f 12832 12961 12959
f 12953 12939 12962
f 12961 12962 13004
f 13004 13003 12961
f 13003 12959 12961
f 13003 13006 13005
f 13003 13004 13006
f 12960 13005 13006
f 13006 12939 12960
f 12960 12959 13003
f 13003 13005 12960
f 12962 12939 13006
f 13006 13004 12962
f 12954 12960 12939
f 12940 12952 12830
f 12940 12941 12952
f 12964 12830 12952
f 12964 12952 13007
f 13007 13008 12964
f 13008 13004 12964
f 13004 12962 12964
f 13008 13009 13006
f 13008 13007 13009
f 13006 13004 13008
f 12951 12939 13006
f 13006 13009 12951
f 12951 13009 13007
f 13007 12952 12951
f 12939 12962 13004
f 13004 13006 12939
f 12950 12939 12951
f 12950 12775 12939
f 12829 12941 12940
f 12965 12941 12827
f 12829 13011 13010
f 12963 13012 13011
f 12963 12827 13012
f 12829 12963 13011
f 12827 12941 13013
f 13013 13012 12827
f 12829 13010 13013
f 13013 12941 12829
f 13013 13010 13011
f 13011 13012 13013
f 12988 12987 12990
f 12989 13015 13014
f 12987 13014 13016
f 13015 12989 12986
f 12986 12985 13015
f 12987 12989 13014
f 12990 13017 13015
f 13015 12985 12990
f 12990 12987 13016
f 13016 13017 12990
f 13017 13014 13015
f 13017 13016 13014
f 12976 12844 12942
f 12976 12844 12972
f 12943 12975 12942
f 12942 12976 13018
f 13018 13019 12942
f 13019 13020 13021
f 13018 13022 13020
f 13020 13019 13018
f 13021 13023 13019
f 13020 12974 12920
f 12920 13021 13020
f 13022 12972 12974
f 12974 13020 13022
f 12920 12943 13023
f 13023 13021 12920
f 12942 13019 13023
f 13023 12943 12942
f 12972 13022 13018
f 13018 12976 12972
f 12971 12970 12973
f 12969 12972 13024
f 12968 13025 13026
f 13026 12970 12968
f 12973 12970 13026
f 13026 13027 12973
f 12969 13028 13025
f 12969 13024 13028
f 13025 12968 12969
f 13027 13026 13028
f 13026 13025 13028
f 12973 13027 13028
f 13028 13024 12973
f 13024 12972 12973
f 12927 12949 12944
f 13029 12927 12944
f 13030 13029 12925
f 13029 12944 12925
f 12927 13029 13031
f 13031 12949 12927
f 12925 12949 13031
f 13031 13030 12925
f 13029 13030 13031
f 12967 12948 12949
f 12967 13032 13033
f 13033 12948 12967
f 13025 13032 12967
f 12967 12968 13025
f 13032 13025 13026
f 13026 13033 13032
f 13026 13034 13033
f 12946 12948 13033
f 13033 13034 12946
f 12970 12946 13034
f 13034 13026 12970
f 12970 13026 13025
f 13025 12968 12970
f 12946 12970 12947
f 12945 12947 12970
f 12982 12821 12966
f 12984 12980 12982
f 12819 12984 13035
f 12982 12966 13036
f 13036 13037 12982
f 13038 13036 12819
f 13039 13038 12984
f 13038 13035 12984
f 12966 12819 13036
f 12819 13035 13038
f 12982 13037 13039
f 13039 12984 12982
f 13036 13038 13037
f 13038 13039 13037
f 12978 12977 13040
f 13041 12984 12918
f 12984 12980 12918
f 12981 12984 13041
f 12981 12980 12984
f 13042 13043 12978
f 13043 12918 12978
f 13043 13044 12918
f 13044 13041 12918
f 13045 13042 12977
f 13042 13040 12977
f 12977 12979 13045
f 12978 13040 13042
f 13046 13047 13042
f 13047 13044 13043
f 13043 13042 13047
f 13042 13045 13046
f 12981 13047 13046
f 13046 12983 12981
f 12981 13041 13044
f 13044 13047 12981
f 12979 12983 13046
f 13046 13045 12979
f 12917 12992 13048
f 12993 12994 12992
f 13048 12917 12988
f 13048 12988 12987
f 12996 12990 12991
f 12996 13049 12990
f 12995 13050 13051
f 13051 12996 12995
f 13052 12993 12992
f 12992 13053 13052
f 13050 12995 12994
f 12994 13052 13050
f 13053 12917 13048
f 13048 13054 13053
f 12994 12993 13052
f 12992 12917 13053
f 13049 12996 13051
f 13051 13055 13049
f 13055 13052 13053
f 13051 13050 13052
f 13052 13055 13051
f 13053 13054 13055
f 13049 13055 13054
f 13054 13048 13049
f 12990 13049 12987
f 13048 12987 13049
f 106 13057 13058
f 13058 90 106
f 90 13058 13059
f 13059 34 90
f 34 13059 13060
f 13060 13056 34
f 13060 106 13056
f 13060 13057 106
f 13065 13167 13064
f 13066 13063 13065
f 13061 13064 13167
f 13071 13072 13070
f 13163 13068 13071
f 13068 13163 13067
f 13067 13070 13069
f 13076 13073 13075
f 13077 13060 13073
f 13078 13079 13080
f 13081 13082 13083
f 13080 13084 13078
f 13079 13078 13086
f 13085 13084 13080
f 13074 13088 13087
f 13089 13074 13090
f 13093 13088 13094
f 13094 13091 13093
f 13095 13094 13088
f 13091 13096 13092
f 13092 13093 13091
f 13091 13097 13096
f 13096 13097 13098
f 13098 13095 13096
f 13058 13173 13103
f 13103 13104 13059
f 13075 13073 13105
f 13106 13060 13077
f 13089 13090 13109
f 13090 13108 13109
f 13100 13110 13101
f 13101 13090 13074
f 13157 13111 13110
f 13108 13090 13111
f 13111 13157 13108
f 13158 13157 13110
f 13058 13057 13172
f 13107 13057 13060
f 13073 13060 13059
f 13059 13058 13103
f 13113 13114 13112
f 13115 13116 13113
f 13119 13114 13118
f 13121 13120 13122
f 13121 13122 13119
f 13121 13123 13120
f 13121 13124 13123
f 13126 13124 13125
f 13125 13128 13127
f 13127 13126 13125
f 13132 13129 13130
f 13129 13128 13130
f 13115 13130 13116
f 13132 13130 13115
f 13124 13126 13131
f 13116 13125 13131
f 13131 13125 13124
f 13132 13133 13129
f 13134 13136 13137
f 13135 13134 13137
f 13135 13133 13134
f 13136 13138 13139
f 13141 13142 13140
f 13140 13136 13141
f 13138 13141 13136
f 13143 13136 13140
f 13112 13142 13117
f 13144 13145 13093
f 13092 13144 13093
f 13144 13147 13145
f 13140 13145 13148
f 13145 13147 13148
f 13143 13140 13148
f 13135 13137 13150
f 13150 13151 13135
f 13151 13153 13152
f 13147 13146 13149
f 13109 13152 13155
f 13089 13109 13156
f 13155 13156 13109
f 13155 13152 13153
f 13155 13153 13096
f 13108 13157 13072
f 13072 13160 13159
f 13072 13070 13160
f 13102 13110 13161
f 13071 13162 13163
f 13160 13070 13069
f 13164 13160 13069
f 13164 13069 13066
f 13066 13063 13165
f 13166 13167 13168
f 13163 13166 13067
f 13065 13168 13167
f 13169 13063 13062
f 13062 13063 13061
f 13170 13169 13062
f 13062 13171 13170
f 13172 13057 13171
f 13171 13057 13107
f 13174 13061 13167
f 13178 13106 13175
f 13175 13106 13077
f 13182 13179 13180
f 13180 13181 13182
f 13179 13178 13180
f 13183 13176 13181
f 13076 13184 13177
f 13185 13084 13085
f 13185 13184 13084
f 13085 13181 13183
f 13183 13185 13085
f 13179 13186 13187
f 13187 13188 13179
f 13179 13182 13186
f 13187 13189 13188
f 13190 13192 13191
f 13193 13194 13188
f 13190 13193 13189
f 13193 13188 13189
f 13202 13196 13195
f 13196 13194 13195
f 13194 13193 13195
f 13078 13199 13198
f 13086 13198 13191
f 13086 13078 13198
f 13191 13190 13086
f 13197 13199 13200
f 13202 13204 13201
f 13201 13205 13196
f 13201 13196 13202
f 13206 13207 13208
f 13209 13205 13206
f 13206 13208 13209
f 13206 13210 13208
f 13211 13210 13204
f 13206 13204 13210
f 13200 13213 13203
f 13211 13213 13214
f 13215 13212 13214
f 13212 13215 13216
f 13212 13216 13217
f 13212 13217 13207
f 13204 13202 13203
f 13175 13180 13178
f 13171 13107 13170
f 13066 13165 13164
f 13072 13159 13108
f 13150 13154 13151
f 13132 13134 13133
f 13116 13131 13118
f 13110 13100 13102
f 13165 13063 13169
f 13106 13107 13060
f 13099 13074 13087
f 13067 13218 13219
f 13219 13065 13067
f 13067 13166 13220
f 13220 13218 13067
f 13168 13065 13219
f 13219 13221 13168
f 13219 13218 13221
f 13220 13221 13218
f 13221 13220 13166
f 13166 13168 13221
f 13067 13065 13066
f 13066 13069 13067
f 113 110 13069
f 13069 13066 113
f 13157 13111 13223
f 13111 13157 13222
f 13222 13223 13111
f 13223 13222 13157
f 13158 13071 13072
f 13072 13157 13158
f 13157 13072 13224
f 13224 13222 13157
f 80 79 13071
f 13071 13158 80
f 13158 13110 89
f 13110 13102 88
f 13102 13161 84
f 84 88 13102
f 88 89 13110
f 89 80 13158
f 13162 13071 79
f 79 82 13162
f 79 80 82
f 84 82 80
f 13161 13162 82
f 82 84 13161
f 89 88 84
f 84 80 89
f 26 13175 13176
f 13176 24 26
f 13180 13175 26
f 26 28 13180
f 29 13181 13180
f 13180 28 29
f 28 26 24
f 13176 13181 29
f 29 24 13176
f 24 29 28
f 13073 13059 38
f 38 37 13073
f 13059 13104 35
f 35 38 13059
f 13105 13073 37
f 37 36 13105
f 38 36 37
f 35 36 38
f 36 35 13104
f 13104 13105 36
f 13061 13172 13171
f 13171 13062 13061
f 103 13062 13171
f 13171 105 103
f 105 13171 13057
f 13057 107 105
f 105 13171 13062
f 13062 103 105
f 95 13058 13172
f 13172 94 95
f 13173 13103 98
f 13103 13058 95
f 95 98 13103
f 98 97 13173
f 13174 13173 97
f 97 100 13174
f 13172 13061 96
f 96 94 13172
f 13061 13174 100
f 100 96 13061
f 100 94 96
f 98 95 97
f 94 100 97
f 95 94 97
f 13125 13130 13128
f 13125 2 1
f 1 13130 13125
f 13125 13116 13225
f 13225 2 13125
f 13116 13130 1
f 1 13225 13116
f 1 2 13225
f 13226 13132 13139
f 13139 13227 13226
f 13132 13226 13228
f 13228 13134 13132
f 13227 13139 13134
f 13134 13228 13227
f 13134 13139 13136
f 13134 13136 13229
f 13229 13228 13134
f 13228 13226 13227
f 13139 13227 13230
f 13230 13138 13139
f 13139 13117 13231
f 13231 13227 13139
f 13117 13142 13232
f 13232 13231 13117
f 13141 13138 13230
f 13230 13233 13141
f 13227 13231 13230
f 13232 13230 13231
f 13230 13232 13233
f 13142 13141 13233
f 13233 13232 13142
f 13234 13092 13146
f 13146 13235 13234
f 13147 13144 13148
f 13144 13092 13234
f 13234 13236 13144
f 13235 13236 13234
f 13148 13144 13236
f 13236 13237 13148
f 13143 13148 13149
f 13147 13149 13148
f 13238 13149 13147
f 13239 13147 13148
f 13148 13237 13239
f 13147 13239 13238
f 13146 13147 13239
f 13239 13235 13146
f 13237 13236 13239
f 13239 13236 13235
f 13150 13137 13241
f 13137 13149 13238
f 13238 13241 13137
f 13241 13240 13150
f 13150 13240 13242
f 13242 13151 13150
f 13149 13146 13235
f 13235 13238 13149
f 13153 13151 13242
f 13242 13243 13153
f 13240 13241 13238
f 13242 13238 13235
f 13235 13243 13242
f 13238 13242 13240
f 13235 13146 13153
f 13153 13243 13235
f 13155 13096 13098
f 13156 13155 13244
f 13244 13245 13156
f 72 13098 13156
f 13156 13245 72
f 72 13245 13244
f 13155 13096 13244
f 13155 13098 72
f 72 13244 13155
f 13098 13097 74
f 74 72 13098
f 13095 13098 72
f 72 73 13095
f 13097 13091 77
f 77 74 13097
f 13094 13095 73
f 73 76 13094
f 73 72 74
f 73 74 76
f 13091 13094 76
f 76 77 13091
f 74 77 76
f 13246 13099 13100
f 13100 13247 13246
f 13100 13101 13248
f 13248 13247 13100
f 13099 13246 13074
f 13249 13074 13246
f 13248 13246 13247
f 13249 13246 13248
f 13101 13074 13249
f 13249 13248 13101
f 13192 13191 53
f 53 50 13192
f 13197 13192 50
f 50 48 13197
f 13199 13197 48
f 48 52 13199
f 13199 52 54
f 54 13198 13199
f 48 50 53
f 54 48 53
f 48 54 52
f 13191 13198 54
f 54 53 13191
f 13201 13204 42
f 42 41 13201
f 13204 13206 44
f 44 42 13204
f 13201 13206 13205
f 13206 13201 41
f 41 44 13206
f 44 41 42
f 13211 13204 42
f 42 13250 13211
f 13204 13203 13251
f 13251 42 13204
f 13250 42 13251
f 13213 13211 13203
f 13203 13211 13250
f 13250 13251 13203
f 59 13193 13190
f 13190 57 59
f 13190 13192 50
f 50 57 13190
f 59 60 13195
f 13195 13193 59
f 50 13192 13195
f 13195 60 50
f 50 59 57
f 50 60 59
f 13081 6 5
f 5 13082 13081
f 13081 13189 14
f 13189 13187 13
f 13 14 13189
f 14 6 13081
f 13187 13186 12
f 12 13 13187
f 6 14 13
f 11 5 12
f 5 6 12
f 13 12 6
f 13186 13182 11
f 13182 13082 5
f 5 11 13182
f 11 12 13186
f 13079 13086 13081
f 13081 13083 65
f 65 6 13081
f 64 13079 13081
f 13081 6 64
f 64 6 65
f 13080 13079 64
f 64 67 13080
f 13085 13080 13082
f 5 13082 13080
f 13080 67 5
f 67 64 65
f 13083 13082 5
f 5 65 13083
f 67 65 5
f 24 17 13183
f 13183 13176 24
f 13176 13177 23
f 23 24 13176
f 13185 13183 17
f 17 20 13185
f 13184 13185 20
f 20 21 13184
f 17 24 23
f 21 17 23
f 17 21 20
f 13177 13184 21
f 21 23 13177
f 13113 13116 13225
f 13225 13252 13113
f 13116 13118 13253
f 13253 13225 13116
f 13113 13118 13114
f 13225 13253 13252
f 13113 13252 13253
f 13253 13118 13113
f 13107 13108 13169
f 13169 13170 13107
f 13108 13160 13164
f 13159 13160 13108
f 13164 13165 13108
f 13165 13169 13108
f 13209 13194 13196
f 13209 13106 13188
f 13188 13194 13209
f 13106 13179 13188
f 13196 13205 13209
f 13106 13178 13179
f 13107 13106 13254
f 13254 13255 13107
f 13256 13108 13107
f 13107 13255 13256
f 13257 13208 13207
f 13254 13106 13209
f 13209 13258 13254
f 13259 13260 13255
f 13255 13254 13259
f 13109 13151 13152
f 13109 13135 13151
f 13127 13133 13135
f 13135 13109 13127
f 13127 13128 13129
f 13129 13133 13127
f 13109 13108 13256
f 13256 13261 13109
f 13256 13255 13260
f 13260 13262 13256
f 13126 13263 13124
f 13261 13264 13127
f 13127 13109 13261
f 13262 13265 13261
f 13261 13256 13262
f 13262 13260 13268
f 13268 13269 13262
f 13260 13270 13268
f 13269 13267 13262
f 13267 13266 13262
f 13075 13084 13184
f 13075 13214 13078
f 13078 13084 13075
f 13214 13199 13078
f 13184 13076 13075
f 13214 13213 13200
f 13200 13199 13214
f 13258 13209 13208
f 13271 13208 13257
f 13272 13257 13207
f 13274 13207 13217
f 13275 13217 13216
f 13276 13216 13215
f 13277 13215 13214
f 13214 13278 13277
f 13215 13277 13276
f 13216 13276 13275
f 13217 13275 13274
f 13207 13274 13273
f 13207 13273 13272
f 13257 13272 13271
f 13208 13271 13258
f 13259 13254 13258
f 13258 13279 13259
f 13278 13214 13075
f 13075 13280 13278
f 13278 13281 13282
f 13277 13282 13283
f 13276 13283 13284
f 13275 13284 13285
f 13273 13285 13286
f 13272 13286 13287
f 13271 13287 13279
f 13279 13258 13271
f 13287 13271 13272
f 13286 13272 13273
f 13285 13273 13274
f 13285 13274 13275
f 13284 13275 13276
f 13283 13276 13277
f 13282 13277 13278
f 13259 13288 13289
f 13259 13290 13288
f 13279 13291 13290
f 13290 13259 13279
f 13279 13292 13293
f 13293 13291 13279
f 13119 13142 13112
f 13119 13140 13142
f 13087 13145 13140
f 13140 13119 13087
f 13087 13093 13145
f 13112 13114 13119
f 13087 13088 13093
f 13295 13119 13122
f 13295 13122 13120
f 13296 13120 13123
f 13297 13123 13124
f 13299 13124 13263
f 13300 13263 13126
f 13301 13126 13127
f 13127 13264 13301
f 13126 13301 13300
f 13263 13300 13299
f 13124 13299 13298
f 13124 13298 13297
f 13123 13297 13296
f 13120 13296 13295
f 13119 13295 13294
f 13261 13265 13302
f 13302 13264 13261
f 13102 13100 13099
f 13099 13162 13161
f 13099 13163 13162
f 13099 13166 13163
f 13099 13105 13167
f 13174 13167 13105
f 13167 13166 13099
f 13161 13102 13099
f 13105 13103 13173
f 13104 13103 13105
f 13173 13174 13105
f 13280 13075 13105
f 13105 36 13280
f 13278 13280 13303
f 13303 13281 13278
f 13287 13286 13285
f 13105 13099 13246
f 13246 36 13105
f 13280 32 13303
f 32 13280 36
f 13281 47 13304
f 13281 13305 47
f 13303 13306 13305
f 13305 13281 13303
f 13303 13307 13306
f 13304 13308 13281
f 13303 13309 13307
f 13294 13310 13087
f 13087 13119 13294
f 13264 13302 13311
f 13301 13311 13312
f 13300 13312 13313
f 13298 13313 13314
f 13297 13314 13315
f 13296 13315 13316
f 13295 13316 13317
f 13317 13294 13295
f 13316 13295 13296
f 13315 13296 13297
f 13314 13297 13298
f 13313 13298 13299
f 13313 13299 13300
f 13312 13300 13301
f 13311 13301 13264
f 13302 13318 13319
f 13302 13265 13320
f 13320 13318 13302
f 13265 13321 13320
f 13265 13322 13321
f 13319 13323 13302
f 13246 13099 13087
f 13087 13310 13246
f 32 36 13246
f 13246 13324 32
f 13294 13317 13325
f 13325 13310 13294
f 13312 13311 13313
f 13310 13325 13324
f 13324 13246 13310
f 13325 13326 13327
f 13325 13317 13328
f 13328 13326 13325
f 13317 13329 13328
f 13327 13330 13325
f 13317 13331 13332
f 13332 13329 13317
f 93 31 32
f 99 92 32
f 13324 13333 13334
f 13324 13335 13333
f 13334 32 13324
f 13324 81 13335
f 13334 99 32
f 92 93 32
f 13324 13336 87
f 87 83 13324
f 83 81 13324
f 13065 13064 13063
f 13121 13119 13118
f 13124 13121 13126
f 13098 13095 13156
f 13337 13063 13064
f 13064 112 13337
f 112 13064 13065
f 13064 13338 112
f 13064 101 13338
f 102 101 13062
f 101 13061 13062
f 13062 13337 102
f 13062 13063 13337
f 13064 13061 101
f 111 13337 112
f 13339 13070 13072
f 13072 13340 13339
f 13340 13072 13071
f 13071 78 13340
f 78 13071 13068
f 13068 13341 78
f 13068 108 13341
f 109 108 13069
f 108 13067 13069
f 13339 109 13069
f 13069 13070 13339
f 13068 13067 108
f 13342 13090 13101
f 13101 13343 13342
f 13101 85 13343
f 13344 85 13111
f 85 13110 13111
f 13342 13344 13090
f 13344 13111 13090
f 13101 13110 85
f 13177 22 13309
f 13309 13076 13177
f 13309 13073 13076
f 33 13077 13073
f 13175 13077 25
f 13077 13345 25
f 25 13176 13175
f 13177 13176 22
f 13176 18 22
f 25 18 13176
f 33 13345 13077
f 13309 33 13073
f 13131 13346 13347
f 13347 13118 13131
f 13118 13347 13317
f 13317 13121 13118
f 13126 13121 13313
f 13121 13348 13313
f 13131 13126 13311
f 13311 13346 13131
f 13313 13311 13126
f 13317 13348 13121
f 13139 13350 13351
f 13351 13117 13139
f 13351 13112 13117
f 13112 13332 13352
f 13352 13113 13112
f 13352 13115 13113
f 13132 13115 13353
f 13139 13132 13350
f 13132 13354 13350
f 13353 13354 13132
f 13352 13353 13115
f 13351 13332 13112
f 13351 13332 13352
f 13149 13355 13356
f 13356 13143 13149
f 13136 13143 13356
f 13137 13136 13358
f 13136 13357 13358
f 13137 13358 13355
f 13355 13149 13137
f 13356 13357 13136
f 13096 13359 13360
f 13360 13092 13096
f 13360 13146 13092
f 13153 13146 13361
f 13153 13362 13359
f 13359 13096 13153
f 13361 13362 13153
f 13360 13361 13146
f 13089 13363 13364
f 13364 13074 13089
f 13364 13088 13074
f 13330 13095 13088
f 13156 13095 69
f 13095 70 69
f 13156 13365 13363
f 13363 13089 13156
f 69 13365 13156
f 13330 70 13095
f 13364 13330 13088
f 13212 13366 13281
f 13281 13214 13212
f 13211 13214 13281
f 13367 13210 13211
f 13208 13210 13287
f 13210 13368 13287
f 13287 13207 13208
f 13212 13207 13285
f 13285 13366 13212
f 13287 13285 13207
f 13367 13368 13210
f 13281 13367 13211
f 45 13192 13197
f 13195 13192 58
f 13192 46 58
f 58 13202 13195
f 13203 13202 13370
f 13202 13369 13370
f 13203 13370 13304
f 13304 13200 13203
f 13304 13197 13200
f 13304 45 13197
f 58 13369 13202
f 45 46 13192
f 62 13081 13086
f 4 13189 13081
f 13190 13189 55
f 13189 10 55
f 13190 55 62
f 62 13086 13190
f 4 10 13189
f 62 4 13081
f 13181 13085 68
f 27 13182 13181
f 8 13082 13182
f 13085 13082 68
f 13082 3 68
f 8 3 13082
f 27 8 13182
f 68 27 13181
f 108 109 13339
f 13340 78 13339
f 13335 13341 108
f 78 13341 13335
f 102 13337 101
f 13338 101 13334
f 13334 112 13338
f 33 13056 13345
f 13309 19 16
f 16 13307 13309
f 13309 22 19
f 68 16 15
f 22 15 18
f 22 27 15
f 68 13307 16
f 27 68 15
f 13330 13364 13325
f 13363 13342 13364
f 70 69 71
f 71 13359 70
f 13330 75 70
f 13327 13371 75
f 13360 71 13371
f 13360 13371 13327
f 71 13360 13359
f 75 13330 13327
f 85 83 87
f 13325 13364 13324
f 13265 13342 13363
f 13345 13056 13259
f 13056 13260 13259
f 13342 13343 13364
f 13343 85 13336
f 87 13336 85
f 13262 13344 13342
f 85 13344 13383
f 13344 13262 13383
f 91 104 90
f 106 104 13260
f 13056 106 13260
f 106 90 104
f 33 34 13056
f 31 90 34
f 13303 33 13309
f 13372 13323 13319
f 13372 13319 13354
f 13349 13313 13311
f 13349 13311 13302
f 13302 13323 13349
f 13313 13349 13346
f 13346 13311 13313
f 13347 13346 13373
f 13349 13373 13346
f 13353 13373 13372
f 13372 13354 13353
f 13347 13331 13317
f 13348 13316 13315
f 13348 13317 13316
f 13348 13315 13314
f 13348 13314 13313
f 13332 13331 13352
f 13353 13352 13373
f 13332 13351 13329
f 13328 13329 13374
f 13374 13357 13356
f 13357 13374 13375
f 13356 13328 13374
f 13375 13350 13357
f 13358 13376 13320
f 13358 13357 13376
f 13376 13318 13320
f 13319 13318 13354
f 13318 13376 13354
f 13377 13326 13328
f 13328 13356 13377
f 13377 13378 13326
f 13327 13326 13379
f 13326 13378 13379
f 13360 13327 13379
f 13362 13321 13322
f 13320 13321 13380
f 13321 13381 13380
f 13380 13358 13320
f 13355 13361 13378
f 13265 13365 13382
f 13382 13322 13265
f 13362 13322 13382
f 13365 13265 13363
f 70 13359 69
f 13359 13362 13382
f 81 78 13335
f 13267 13339 13340
f 13266 13267 13340
f 13266 13340 13383
f 13335 108 13333
f 13384 112 13334
f 13268 111 109
f 109 13339 13267
f 109 13267 13269
f 13268 13337 111
f 13334 101 99
f 93 90 92
f 13270 104 102
f 102 13337 13270
f 13259 13289 30
f 30 25 13259
f 13345 13259 25
f 30 13289 8
f 8 27 30
f 27 22 18
f 27 18 15
f 13305 13306 61
f 13306 63 61
f 62 13305 61
f 66 13307 68
f 66 13306 13307
f 66 63 13306
f 13290 10 9
f 9 13288 13290
f 7 8 13289
f 13289 13288 7
f 13304 47 45
f 51 13305 62
f 51 47 13305
f 55 46 49
f 62 55 49
f 49 51 62
f 58 13291 13293
f 58 13293 13369
f 10 56 55
f 13290 13291 56
f 10 13290 56
f 13281 13308 13367
f 13366 13282 13281
f 13366 13283 13282
f 13366 13284 13283
f 13366 13285 13284
f 13370 13308 13304
f 43 13292 13279
f 13287 13285 43
f 13279 13287 43
f 13369 13293 39
f 13293 13292 39
f 40 13370 13369
f 39 40 13369
f 43 13285 13368
f 13368 40 43
f 13285 13287 13368
f 13368 13367 40
f 58 56 13291
f 104 13270 13260
f 109 13269 13268
f 13384 13334 13333
f 13383 13262 13266
f 32 33 13303
f 90 31 93
f 85 13383 86
f 13270 13337 13268
f 13265 13262 13342
f 13333 108 13218
f 13218 13220 13333
f 13384 13333 13220
f 13220 13221 13384
f 112 13384 13221
f 13221 13219 112
f 13218 108 112
f 112 13219 13218
f 13224 13222 13383
f 13383 13340 13224
f 78 86 13383
f 13383 13340 78
f 13383 13344 13223
f 13344 13383 13222
f 13222 13223 13344
f 13223 13222 13383
f 13324 13364 13249
f 13249 13246 13324
f 13336 13324 13246
f 13246 13247 13336
f 13364 13343 13248
f 13248 13249 13364
f 13343 13336 13247
f 13247 13248 13343
f 13365 13245 13244
f 13244 13382 13365
f 13245 13365 69
f 69 72 13245
f 13359 13382 69
f 69 13382 13244
f 13382 13359 13244
f 13244 72 69
f 13380 13321 13242
f 13242 13240 13380
f 13321 13362 13243
f 13243 13242 13321
f 13243 13362 13361
f 13361 13235 13243
f 13355 13238 13235
f 13235 13361 13355
f 13355 13358 13241
f 13358 13380 13240
f 13240 13241 13358
f 13241 13238 13355
f 13370 40 42
f 42 13251 13370
f 40 13367 13250
f 13250 42 40
f 13370 13367 13308
f 13367 13370 13251
f 13251 13250 13367
f 13227 13350 13354
f 13354 13226 13227
f 13350 13376 13357
f 13350 13227 13228
f 13228 13376 13350
f 13357 13376 13228
f 13228 13229 13357
f 13376 13228 13226
f 13226 13354 13376
f 13235 13239 13378
f 13378 13361 13235
f 13235 13361 13360
f 13360 13234 13235
f 13360 13379 13236
f 13236 13234 13360
f 13377 13237 13236
f 13236 13379 13377
f 13377 13379 13378
f 13355 13378 13377
f 13377 13356 13355
f 13237 13377 13378
f 13239 13378 13355
f 13355 13238 13239
f 13378 13239 13237
f 13375 13230 13227
f 13227 13350 13375
f 13375 13374 13233
f 13233 13230 13375
f 13329 13232 13233
f 13233 13374 13329
f 13329 13351 13231
f 13231 13232 13329
f 13233 13231 13230
f 13231 13233 13232
f 13351 13350 13227
f 13227 13231 13351
f 13373 13352 13252
f 13252 13225 13373
f 13347 13253 13252
f 13252 13352 13347
f 13347 13352 13331
f 13347 13373 13225
f 13225 13253 13347
f 13373 13349 2
f 2 13225 13373
f 13372 13373 13225
f 13225 1 13372
f 13372 1 2
f 2 13349 13372
f 13323 13372 13349
f 63 3 4
f 4 3 5
f 5 6 4
f 3 8 11
f 8 7 12
f 12 11 8
f 11 5 3
f 9 7 13288
f 7 9 13
f 13 12 7
f 9 10 14
f 10 4 6
f 6 14 10
f 14 13 9
f 15 16 20
f 20 17 15
f 16 19 21
f 21 20 16
f 19 22 23
f 23 21 19
f 18 15 17
f 17 24 18
f 22 18 24
f 24 23 22
f 24 18 25
f 25 26 24
f 27 18 24
f 24 29 27
f 28 30 27
f 27 29 28
f 25 30 28
f 28 26 25
f 31 35 36
f 36 32 31
f 33 32 36
f 36 37 33
f 31 34 38
f 38 35 31
f 34 33 37
f 37 38 34
f 40 39 41
f 41 42 40
f 13292 43 39
f 43 40 42
f 42 44 43
f 39 43 44
f 44 41 39
f 46 45 48
f 48 50 46
f 45 47 52
f 52 48 45
f 49 46 50
f 50 53 49
f 51 49 53
f 53 54 51
f 47 51 54
f 54 52 47
f 46 55 57
f 57 50 46
f 57 55 56
f 56 59 57
f 60 58 46
f 46 50 60
f 56 58 60
f 60 59 56
f 62 61 4
f 6 4 61
f 61 64 6
f 63 4 6
f 6 65 63
f 66 61 63
f 61 66 67
f 67 64 61
f 66 68 3
f 67 66 3
f 3 5 67
f 3 63 65
f 65 5 3
f 69 70 73
f 73 72 69
f 71 69 72
f 72 74 71
f 70 75 76
f 76 73 70
f 75 13371 77
f 77 76 75
f 13371 71 74
f 74 77 13371
f 86 78 79
f 79 80 86
f 78 81 82
f 82 79 78
f 83 84 82
f 82 81 83
f 83 87 88
f 87 85 89
f 85 86 80
f 80 89 85
f 89 88 87
f 88 84 83
f 80 84 88
f 88 89 80
f 94 91 90
f 90 95 94
f 96 101 91
f 91 94 96
f 90 93 98
f 93 92 97
f 97 98 93
f 98 95 90
f 99 100 97
f 97 92 99
f 99 101 96
f 96 100 99
f 102 104 91
f 91 101 102
f 103 105 104
f 104 102 103
f 107 106 104
f 104 105 107
f 102 104 105
f 105 103 102
f 109 111 112
f 112 108 109
f 110 113 111
f 111 109 110
f 122 123 121
f 123 124 120
f 124 125 119
f 125 126 118
f 126 127 117
f 127 128 116
f 128 129 115
f 129 122 114
f 114 115 129
f 115 116 128
f 116 117 127
f 117 118 126
f 118 119 125
f 119 120 124
f 120 121 123
f 121 114 122
f 259 260 130
f 261 259 131
f 262 263 264
f 132 265 133
f 134 135 136
f 136 261 134
f 134 132 138
f 137 133 265
f 265 261 140
f 140 137 265
f 261 142 140
f 139 138 132
f 138 135 134
f 141 139 132
f 136 142 261
f 266 265 132
f 259 143 144
f 144 145 259
f 261 146 143
f 143 259 261
f 260 147 148
f 148 183 260
f 260 149 150
f 260 259 151
f 150 147 260
f 151 149 260
f 264 116 152
f 116 153 154
f 154 152 116
f 116 155 153
f 267 264 156
f 156 157 267
f 264 158 156
f 159 158 264
f 157 160 267
f 268 161 162
f 268 163 161
f 267 160 163
f 163 268 267
f 265 266 164
f 266 165 164
f 266 166 167
f 167 165 266
f 265 168 169
f 169 261 265
f 265 170 168
f 261 171 146
f 169 171 261
f 268 175 173
f 262 267 172
f 267 268 174
f 173 174 268
f 174 172 267
f 176 116 264
f 263 179 177
f 178 269 116
f 177 264 263
f 176 178 116
f 177 176 264
f 269 270 118
f 270 120 119
f 119 118 270
f 269 118 117
f 117 116 269
f 114 183 180
f 114 181 182
f 155 116 115
f 180 181 114
f 114 182 184
f 114 184 155
f 155 115 114
f 183 114 121
f 270 185 186
f 270 187 185
f 270 188 187
f 270 189 188
f 186 190 270
f 120 270 190
f 190 191 120
f 192 183 121
f 193 121 120
f 121 193 192
f 192 194 183
f 183 195 196
f 194 195 183
f 260 197 198
f 260 199 200
f 198 199 260
f 260 201 197
f 260 196 201
f 200 130 260
f 266 202 203
f 266 204 205
f 266 206 207
f 205 202 266
f 203 206 266
f 266 208 204
f 207 209 266
f 210 211 166
f 212 213 214
f 215 216 212
f 210 217 211
f 214 210 212
f 212 218 215
f 214 217 210
f 216 213 212
f 225 218 219
f 219 218 220
f 220 226 219
f 268 222 228
f 221 229 223
f 224 231 223
f 219 223 225
f 227 219 226
f 221 223 222
f 229 230 223
f 231 225 223
f 222 268 221
f 230 224 223
f 225 215 218
f 232 175 233
f 175 234 233
f 232 235 227
f 175 268 228
f 233 235 232
f 227 226 236
f 228 234 175
f 175 238 239
f 175 232 237
f 237 238 175
f 239 240 175
f 240 241 175
f 245 244 246
f 249 242 175
f 243 244 242
f 248 246 247
f 249 243 242
f 248 247 262
f 248 245 246
f 244 245 242
f 247 250 263
f 251 253 252
f 253 255 254
f 263 250 179
f 251 252 256
f 256 257 251
f 256 269 257
f 254 252 253
f 179 250 255
f 253 179 255
f 270 269 258
f 258 189 270
f 269 256 258
f 263 262 247
f 241 249 175
f 227 236 232
f 166 266 210
f 209 210 266
f 196 260 183
f 191 193 120
f 178 257 269
f 172 248 262
f 164 170 265
f 162 221 268
f 152 159 264
f 145 151 259
f 132 208 266
f 133 141 132
f 264 267 262
f 131 134 261
f 130 131 259
f 236 271 232
f 272 237 232
f 240 273 274
f 274 241 240
f 275 243 241
f 241 274 275
f 249 241 243
f 244 243 275
f 244 275 276
f 276 277 246
f 246 244 276
f 255 250 247
f 247 246 255
f 246 277 278
f 278 255 246
f 278 279 255
f 279 254 255
f 254 279 280
f 281 252 254
f 254 280 281
f 256 252 258
f 281 282 258
f 258 252 281
f 189 258 282
f 282 283 189
f 284 185 187
f 285 271 236
f 220 236 226
f 236 220 285
f 286 271 285
f 285 287 286
f 210 209 212
f 212 209 288
f 287 285 220
f 289 220 218
f 290 218 212
f 212 291 290
f 218 290 289
f 220 289 287
f 207 206 203
f 288 209 207
f 292 207 203
f 291 212 288
f 288 293 291
f 204 132 134
f 134 130 204
f 134 131 130
f 204 208 132
f 293 288 207
f 294 207 292
f 295 292 203
f 296 203 202
f 297 202 205
f 298 205 204
f 204 299 298
f 205 298 297
f 202 297 296
f 203 296 295
f 292 295 294
f 207 294 293
f 232 300 301
f 300 232 271
f 302 237 272
f 272 303 302
f 303 232 301
f 302 304 237
f 304 238 237
f 304 305 239
f 273 240 239
f 239 305 273
f 239 238 304
f 272 232 303
f 271 286 300
f 197 306 198
f 195 201 196
f 307 130 200
f 308 200 199
f 309 199 198
f 310 198 306
f 311 306 197
f 312 197 201
f 201 313 312
f 197 312 311
f 306 311 310
f 198 310 309
f 199 309 308
f 200 308 307
f 201 195 315
f 315 313 201
f 315 195 194
f 316 194 192
f 317 192 314
f 314 318 317
f 192 317 316
f 194 316 315
f 191 314 192
f 193 191 192
f 318 314 191
f 191 319 318
f 320 321 190
f 321 322 190
f 319 191 190
f 323 188 189
f 324 187 188
f 188 323 324
f 325 284 187
f 187 324 325
f 325 326 185
f 320 190 327
f 326 327 186
f 327 190 186
f 186 185 326
f 185 284 325
f 189 283 323
f 190 322 319
f 204 329 328
f 329 204 130
f 130 307 329
f 328 299 204
f 302 301 330
f 301 302 303
f 322 321 319
f 331 320 327
f 327 332 331
f 333 334 302
f 302 330 333
f 335 330 301
f 335 333 330
f 334 333 335
f 336 334 335
f 335 337 338
f 338 336 335
f 339 337 335
f 337 340 341
f 341 338 337
f 337 339 340
f 347 348 346
f 355 353 354
f 361 362 358
f 362 359 358
f 363 361 357
f 357 356 363
f 363 356 355
f 355 364 363
f 365 364 353
f 364 354 353
f 353 352 365
f 365 352 351
f 351 366 365
f 367 366 350
f 367 349 348
f 348 368 367
f 369 368 346
f 368 347 346
f 369 345 344
f 344 370 369
f 370 344 343
f 343 371 370
f 362 341 359
f 341 340 359
f 342 372 371
f 342 360 372
f 343 342 371
f 346 345 369
f 348 347 368
f 350 349 367
f 351 350 366
f 355 354 364
f 358 357 361
f 373 374 372
f 372 360 373
f 331 332 374
f 374 373 331
f 375 373 360
f 373 375 331
f 376 377 176
f 377 378 257
f 378 379 251
f 379 380 179
f 380 381 177
f 381 376 176
f 176 177 381
f 177 179 380
f 179 251 379
f 251 257 378
f 257 178 377
f 178 176 377
f 174 173 175
f 382 383 242
f 383 175 242
f 383 384 175
f 384 174 175
f 174 384 385
f 172 385 386
f 386 387 248
f 242 387 382
f 242 248 387
f 248 172 386
f 172 174 385
f 388 389 222
f 389 390 228
f 390 391 234
f 391 392 233
f 392 393 227
f 393 394 219
f 394 388 223
f 223 219 394
f 219 227 393
f 227 233 392
f 233 234 391
f 234 228 390
f 228 222 389
f 222 223 388
f 166 397 167
f 397 211 217
f 225 216 215
f 162 229 221
f 183 148 180
f 145 414 151
f 415 163 160
f 406 152 154
f 395 168 170
f 396 165 167
f 398 217 214
f 399 214 213
f 231 224 400
f 401 230 229
f 162 161 402
f 160 157 403
f 404 156 158
f 405 158 159
f 159 406 152
f 407 154 153
f 153 155 408
f 409 182 181
f 147 150 410
f 411 414 145
f 145 144 412
f 146 171 413
f 156 404 157
f 230 401 224
f 217 398 397
f 163 415 161
f 151 414 149
f 166 211 397
f 418 142 136
f 419 135 138
f 142 418 140
f 137 417 133
f 141 416 139
f 138 139 420
f 139 416 421
f 416 141 421
f 141 133 423
f 133 417 424
f 417 137 425
f 137 140 426
f 140 418 427
f 418 136 428
f 136 135 429
f 135 419 430
f 419 138 430
f 431 430 138
f 430 429 135
f 429 428 136
f 428 427 418
f 427 426 140
f 426 425 137
f 425 424 417
f 424 423 133
f 423 422 141
f 422 421 141
f 421 420 139
f 420 431 138
f 432 169 168
f 168 433 432
f 434 433 170
f 433 395 170
f 435 434 164
f 164 165 435
f 435 396 167
f 167 436 435
f 437 436 397
f 436 166 397
f 437 398 214
f 214 438 437
f 439 438 213
f 438 399 213
f 440 439 216
f 216 225 440
f 440 225 231
f 231 441 440
f 442 441 224
f 441 400 224
f 442 401 229
f 229 361 442
f 443 361 162
f 361 221 162
f 444 443 161
f 161 415 444
f 443 402 161
f 444 163 160
f 160 445 444
f 366 445 157
f 445 403 157
f 366 404 158
f 158 367 366
f 446 367 159
f 367 405 159
f 447 446 406
f 406 154 447
f 446 152 406
f 447 407 153
f 153 370 447
f 448 370 155
f 370 408 155
f 448 184 182
f 182 449 448
f 450 449 181
f 449 409 181
f 451 450 180
f 180 148 451
f 451 148 147
f 147 452 451
f 453 452 150
f 452 410 150
f 453 149 414
f 414 454 453
f 455 454 145
f 454 411 145
f 455 144 143
f 143 456 455
f 455 412 144
f 456 143 146
f 146 457 456
f 432 457 171
f 457 413 171
f 171 169 432
f 146 413 457
f 145 412 455
f 414 411 454
f 150 149 453
f 147 410 452
f 181 180 450
f 182 409 449
f 155 184 448
f 153 408 370
f 154 407 447
f 159 152 446
f 158 405 367
f 157 404 366
f 160 403 445
f 415 163 444
f 162 402 443
f 229 221 361
f 224 401 442
f 231 400 441
f 213 216 439
f 214 399 438
f 397 398 437
f 167 166 436
f 165 396 435
f 170 164 434
f 168 395 433
f 428 429 430
f 430 427 428
f 425 426 427
f 427 424 425
f 420 421 430
f 423 424 421
f 430 431 420
f 421 422 423
f 459 458 430
f 458 427 430
f 421 460 459
f 459 430 421
f 461 460 421
f 458 461 424
f 424 427 458
f 421 424 461
f 462 464 460
f 460 461 462
f 465 461 458
f 458 463 465
f 466 469 459
f 461 465 462
f 459 460 466
f 458 467 463
f 468 467 458
f 458 459 468
f 459 470 468
f 470 459 469
f 466 460 464
f 451 471 450
f 452 472 471
f 471 451 452
f 472 452 453
f 454 473 453
f 432 474 475
f 442 361 476
f 473 454 455
f 457 475 456
f 432 433 474
f 370 478 447
f 475 457 432
f 443 444 479
f 480 479 444
f 481 367 446
f 434 474 433
f 434 435 482
f 435 436 483
f 443 476 361
f 444 445 480
f 366 480 445
f 446 477 481
f 478 370 448
f 483 482 435
f 436 437 484
f 367 481 366
f 484 483 436
f 437 438 485
f 438 439 486
f 486 485 438
f 477 446 447
f 440 486 439
f 485 484 437
f 366 350 487
f 487 480 366
f 479 480 488
f 480 352 488
f 479 354 489
f 489 443 479
f 443 489 490
f 490 476 443
f 442 476 491
f 491 492 442
f 442 492 493
f 493 441 442
f 440 441 494
f 441 493 494
f 440 495 496
f 440 497 495
f 496 486 440
f 485 486 498
f 486 499 498
f 484 485 500
f 500 501 484
f 484 502 503
f 503 483 484
f 482 483 504
f 482 505 506
f 506 434 482
f 474 434 507
f 434 506 507
f 474 508 509
f 509 475 474
f 474 510 508
f 475 511 512
f 512 456 475
f 455 456 513
f 513 514 455
f 455 514 515
f 515 473 455
f 453 473 516
f 473 515 516
f 453 517 518
f 518 472 453
f 472 519 520
f 520 471 472
f 450 471 521
f 521 522 450
f 471 523 521
f 450 524 525
f 525 449 450
f 448 449 526
f 448 527 528
f 528 478 448
f 447 478 529
f 478 528 529
f 477 447 530
f 530 347 477
f 477 347 531
f 531 481 477
f 366 481 532
f 481 349 532
f 532 350 366
f 531 349 481
f 529 530 447
f 526 527 448
f 525 526 449
f 522 524 450
f 520 523 471
f 518 519 472
f 516 517 453
f 512 513 456
f 509 511 475
f 507 510 474
f 504 505 482
f 503 504 483
f 501 502 484
f 498 500 485
f 496 499 486
f 494 497 440
f 490 491 476
f 488 354 479
f 487 352 480
f 507 534 508
f 512 535 513
f 518 519 520
f 531 537 532
f 504 533 505
f 515 536 516
f 352 487 488
f 494 495 497
f 499 496 498
f 502 501 503
f 507 508 510
f 511 509 512
f 520 521 523
f 524 522 525
f 531 532 349
f 536 515 514
f 533 504 503
f 537 531 347
f 519 518 517
f 535 512 509
f 534 507 506
f 539 540 466
f 540 328 466
f 328 329 469
f 329 541 470
f 541 538 468
f 468 470 541
f 470 469 329
f 469 466 328
f 466 464 539
f 542 463 467
f 428 467 468
f 422 464 462
f 543 462 465
f 425 465 463
f 539 464 422
f 429 468 538
f 463 426 425
f 465 425 543
f 462 543 423
f 462 423 422
f 468 429 428
f 467 428 542
f 463 542 426
f 544 539 422
f 422 545 544
f 545 546 544
f 546 545 547
f 548 546 547
f 550 551 549
f 550 549 552
f 554 552 553
f 555 554 553
f 553 556 555
f 554 557 552
f 552 557 550
f 550 548 551
f 547 551 548
f 550 557 554
f 555 556 558
f 558 559 555
f 561 559 560
f 558 562 560
f 560 559 558
f 560 562 563
f 563 564 560
f 565 566 567
f 566 568 567
f 569 565 570
f 570 536 569
f 569 536 571
f 571 572 569
f 573 572 574
f 572 575 574
f 574 535 573
f 573 535 509
f 509 432 573
f 576 432 508
f 432 509 508
f 576 534 577
f 577 578 576
f 579 578 580
f 578 581 580
f 579 533 582
f 582 583 579
f 583 582 584
f 584 585 583
f 566 472 519
f 585 501 564
f 564 563 585
f 519 568 566
f 584 501 585
f 580 533 579
f 577 581 578
f 508 534 576
f 571 575 572
f 567 570 565
f 506 577 534
f 513 574 571
f 584 564 501
f 581 577 580
f 571 574 575
f 568 519 567
f 574 513 535
f 577 506 580
f 586 519 472
f 472 587 586
f 586 588 589
f 586 587 590
f 588 586 590
f 589 588 591
f 592 588 590
f 590 593 592
f 594 595 596
f 428 429 594
f 594 597 428
f 597 598 428
f 428 587 569
f 596 597 594
f 598 599 428
f 587 565 569
f 472 566 587
f 542 572 573
f 573 432 426
f 562 585 563
f 423 543 579
f 599 593 428
f 590 587 593
f 566 565 587
f 542 569 572
f 543 425 576
f 562 583 585
f 579 562 423
f 423 552 549
f 545 549 551
f 593 587 428
f 576 578 543
f 579 583 562
f 562 558 423
f 423 553 552
f 423 549 545
f 551 547 545
f 569 542 428
f 432 425 426
f 423 556 553
f 426 542 573
f 578 579 543
f 425 432 576
f 545 422 423
f 558 556 423
f 600 594 429
f 429 538 600
f 601 592 593
f 601 599 598
f 598 602 601
f 603 598 597
f 604 597 596
f 604 596 595
f 600 595 594
f 600 605 595
f 595 605 604
f 604 603 597
f 603 602 598
f 593 599 601
f 592 591 588
f 601 603 602
f 126 332 608
f 128 367 368
f 129 368 369
f 371 372 122
f 608 367 128
f 369 370 122
f 370 371 122
f 372 123 122
f 332 125 124
f 368 129 128
f 123 372 374
f 126 125 332
f 122 129 369
f 332 124 123
f 608 127 126
f 128 127 608
f 123 374 332
f 379 280 279
f 278 608 380
f 332 327 378
f 378 325 324
f 378 327 326
f 279 380 379
f 281 280 379
f 279 278 380
f 326 325 378
f 379 282 281
f 378 323 283
f 378 324 323
f 379 283 282
f 381 380 608
f 608 376 381
f 377 376 332
f 332 378 377
f 283 379 378
f 376 608 332
f 382 276 275
f 302 383 382
f 382 304 302
f 334 336 384
f 384 383 334
f 386 606 607
f 382 387 277
f 274 273 382
f 305 304 382
f 336 608 385
f 277 276 382
f 382 275 274
f 336 385 384
f 606 385 608
f 607 387 386
f 273 305 382
f 607 277 387
f 302 334 383
f 278 607 606
f 278 277 607
f 608 278 606
f 386 385 606
f 388 341 362
f 608 336 392
f 336 338 394
f 338 341 394
f 388 362 361
f 363 389 388
f 608 390 365
f 390 389 364
f 341 388 394
f 388 361 363
f 364 365 390
f 608 392 391
f 394 393 336
f 365 366 608
f 366 367 608
f 336 393 392
f 363 364 389
f 391 390 608
f 610 607 606
f 606 609 610
f 318 375 612
f 612 611 318
f 613 375 360
f 522 614 615
f 345 530 529
f 346 347 530
f 532 349 350
f 611 317 318
f 615 525 522
f 616 522 316
f 344 529 528
f 530 345 346
f 348 537 347
f 349 532 537
f 616 614 522
f 360 344 528
f 360 528 527
f 360 343 344
f 537 348 349
f 613 612 375
f 529 344 345
f 615 526 525
f 316 317 616
f 319 331 375
f 319 321 331
f 611 616 317
f 360 527 526
f 321 320 331
f 375 318 319
f 287 617 618
f 340 339 619
f 617 287 289
f 618 339 287
f 289 620 617
f 351 352 487
f 358 359 492
f 618 619 339
f 620 289 290
f 495 621 620
f 352 353 488
f 355 356 489
f 356 357 490
f 357 358 491
f 492 491 358
f 489 354 355
f 491 490 357
f 359 340 492
f 620 290 495
f 495 494 622
f 354 488 353
f 494 493 622
f 490 489 356
f 622 621 495
f 487 350 351
f 340 493 492
f 286 287 339
f 339 335 286
f 335 300 286
f 291 560 624
f 297 298 546
f 290 624 623
f 624 290 291
f 296 297 548
f 293 555 559
f 546 548 297
f 299 540 539
f 291 559 561
f 293 554 555
f 294 557 554
f 550 295 296
f 496 495 621
f 623 620 290
f 559 291 293
f 554 293 294
f 550 294 295
f 548 550 296
f 539 544 299
f 564 582 503
f 298 299 544
f 533 503 582
f 496 625 499
f 550 557 294
f 564 584 582
f 533 580 505
f 291 561 560
f 544 546 298
f 498 501 500
f 299 328 540
f 506 505 580
f 564 503 501
f 621 625 496
f 501 498 564
f 310 311 603
f 311 312 603
f 307 600 538
f 312 602 603
f 312 592 601
f 308 605 600
f 591 592 312
f 538 541 307
f 600 307 308
f 309 604 605
f 309 310 604
f 316 616 626
f 605 308 309
f 601 602 312
f 626 315 316
f 603 604 310
f 626 589 315
f 521 627 614
f 315 589 591
f 614 522 521
f 591 313 315
f 591 312 313
f 571 514 513
f 570 516 536
f 523 627 521
f 541 329 307
f 567 517 516
f 517 567 519
f 516 570 567
f 514 571 536
f 335 301 300
f 360 342 343
f 611 612 628
f 628 629 611
f 612 630 628
f 630 612 613
f 360 372 630
f 630 613 360
f 616 611 629
f 616 629 631
f 614 616 631
f 631 632 614
f 628 630 372
f 629 633 632
f 372 449 628
f 632 631 629
f 628 449 634
f 629 634 633
f 634 629 628
f 449 526 635
f 635 634 449
f 633 634 615
f 634 636 615
f 615 614 633
f 635 636 634
f 449 360 526
f 360 449 372
f 632 633 614
f 636 635 615
f 635 526 615
f 626 616 631
f 631 637 626
f 626 637 638
f 638 589 626
f 638 587 589
f 520 586 589
f 586 520 519
f 520 589 587
f 587 452 520
f 587 638 452
f 637 631 632
f 638 637 639
f 639 452 638
f 632 639 637
f 632 614 627
f 627 639 632
f 452 639 640
f 640 520 452
f 627 640 639
f 523 640 627
f 640 523 520
f 623 624 641
f 641 642 623
f 562 624 560
f 562 641 624
f 560 564 498
f 498 438 562
f 562 560 498
f 623 642 643
f 643 620 623
f 621 620 643
f 643 644 621
f 641 562 438
f 644 643 642
f 641 438 645
f 642 645 644
f 645 642 641
f 438 498 646
f 646 645 438
f 644 645 625
f 645 646 625
f 625 621 644
f 499 646 498
f 646 499 625
f 647 619 618
f 618 648 647
f 340 619 647
f 647 341 340
f 617 649 648
f 648 618 617
f 643 649 620
f 649 617 620
f 441 647 648
f 441 341 647
f 649 643 644
f 644 650 649
f 648 649 651
f 651 441 648
f 650 651 649
f 650 621 622
f 622 651 650
f 441 651 652
f 651 653 652
f 652 493 441
f 622 653 651
f 341 441 340
f 493 340 441
f 621 650 644
f 493 652 622
f 653 622 652
f 656 654 655
f 658 656 657
f 660 658 659
f 662 660 661
f 664 662 663
f 665 664 666
f 667 665 668
f 670 667 669
f 672 670 671
f 673 672 674
f 676 673 675
f 677 676 678
f 680 677 679
f 681 680 682
f 684 681 683
f 686 684 685
f 654 686 687
f 687 655 654
f 685 687 686
f 683 685 684
f 682 683 681
f 679 682 680
f 678 679 677
f 675 678 676
f 674 675 673
f 671 674 672
f 669 671 670
f 668 669 667
f 666 668 665
f 663 666 664
f 661 663 662
f 659 661 660
f 657 659 658
f 655 657 656
f 688 689 683
f 691 692 661
f 685 683 689
f 690 655 687
f 661 659 691
f 692 693 661
f 693 663 661
f 682 688 683
f 695 657 655
f 695 696 657
f 663 693 694
f 694 666 663
f 655 690 695
f 696 691 659
f 668 666 694
f 659 657 696
f 698 671 669
f 674 671 697
f 674 699 675
f 700 678 675
f 700 701 679
f 671 698 697
f 679 678 700
f 682 679 701
f 675 699 700
f 702 690 687
f 684 685 689
f 703 689 688
f 704 688 682
f 680 682 701
f 705 701 700
f 706 700 699
f 707 699 674
f 672 674 697
f 708 697 698
f 709 698 669
f 665 668 694
f 710 694 693
f 711 693 692
f 712 692 691
f 713 691 696
f 714 696 695
f 715 695 690
f 690 702 715
f 695 715 714
f 696 714 713
f 691 713 712
f 692 712 711
f 693 711 710
f 694 710 665
f 669 667 709
f 698 709 708
f 697 708 672
f 674 672 707
f 699 707 706
f 700 706 705
f 701 705 680
f 682 680 704
f 688 704 703
f 689 703 684
f 687 686 702
f 713 658 660
f 711 712 660
f 714 656 658
f 654 656 715
f 702 686 654
f 660 712 713
f 656 714 715
f 703 681 684
f 706 676 677
f 706 707 673
f 708 670 672
f 708 709 670
f 710 664 665
f 658 713 714
f 681 703 704
f 680 705 677
f 673 676 706
f 662 664 710
f 710 711 662
f 654 715 702
f 677 705 706
f 672 673 707
f 667 670 709
f 660 662 711
f 681 704 680
f 719 721 718
f 722 723 718
f 723 719 718
f 723 724 719
f 724 725 720
f 725 726 720
f 726 716 720
f 727 675 716
f 716 726 727
f 728 678 675
f 675 727 728
f 728 729 678
f 729 717 678
f 729 722 717
f 718 717 722
f 720 719 724
f 726 731 730
f 722 735 734
f 726 736 731
f 733 727 730
f 734 732 722
f 725 739 736
f 730 740 733
f 737 741 735
f 724 742 738
f 739 725 724
f 726 725 736
f 735 722 737
f 723 722 744
f 728 745 743
f 745 728 727
f 742 724 723
f 724 738 739
f 727 726 730
f 733 745 727
f 743 746 728
f 744 742 723
f 747 748 736
f 742 749 750
f 742 751 752
f 737 722 729
f 736 739 747
f 732 744 722
f 738 742 750
f 752 749 742
f 737 729 728
f 746 737 728
f 745 733 753
f 754 743 745
f 743 755 746
f 746 755 756
f 756 737 746
f 757 745 753
f 745 757 758
f 758 754 745
f 697 753 759
f 753 760 759
f 760 753 733
f 743 758 761
f 761 755 743
f 743 754 758
f 697 757 753
f 731 736 766
f 766 736 748
f 747 739 767
f 767 768 747
f 737 769 741
f 741 769 735
f 770 735 769
f 769 771 770
f 769 737 772
f 772 771 769
f 770 773 734
f 734 735 770
f 744 774 742
f 775 750 749
f 751 742 774
f 777 751 774
f 774 776 777
f 777 778 752
f 779 776 774
f 774 744 779
f 752 751 777
f 779 744 732
f 732 773 779
f 781 766 748
f 766 782 780
f 780 731 766
f 781 782 766
f 747 781 748
f 781 747 768
f 768 767 783
f 731 784 740
f 730 731 740
f 731 780 784
f 780 782 784
f 740 760 733
f 740 759 760
f 818 790 791
f 825 809 810
f 782 785 816
f 817 787 788
f 794 795 819
f 820 797 798
f 798 799 821
f 822 800 801
f 801 802 823
f 824 804 805
f 811 812 826
f 827 814 815
f 809 825 808
f 790 818 789
f 772 828 771
f 732 734 773
f 829 777 776
f 750 830 831
f 750 775 830
f 830 775 749
f 749 832 830
f 832 749 752
f 752 778 832
f 750 833 738
f 750 831 833
f 739 691 692
f 739 738 691
f 828 834 769
f 769 771 828
f 835 771 769
f 769 836 835
f 837 835 836
f 836 838 837
f 837 839 835
f 840 835 839
f 839 841 840
f 762 765 838
f 838 765 841
f 841 837 838
f 838 843 762
f 843 844 763
f 844 764 763
f 834 828 737
f 764 844 834
f 834 756 764
f 828 772 737
f 737 756 834
f 763 762 843
f 841 839 837
f 845 841 765
f 765 846 845
f 842 835 840
f 840 847 842
f 842 847 848
f 848 849 842
f 849 848 851
f 852 850 849
f 852 849 851
f 851 853 852
f 857 854 855
f 857 855 856
f 857 856 859
f 852 853 859
f 857 858 860
f 860 854 857
f 859 856 852
f 859 858 857
f 858 859 861
f 862 863 864
f 861 859 853
f 868 869 867
f 867 865 870
f 875 873 874
f 867 870 873
f 870 874 873
f 868 867 872
f 875 866 845
f 875 874 866
f 874 865 866
f 874 870 865
f 845 846 875
f 868 872 871
f 871 876 869
f 871 869 868
f 873 872 867
f 854 878 877
f 878 854 860
f 860 862 878
f 877 878 862
f 862 864 877
f 879 877 863
f 877 864 863
f 881 880 879
f 879 863 881
f 869 876 884
f 883 815 882
f 882 885 883
f 885 884 883
f 885 886 884
f 887 888 889
f 888 815 889
f 882 815 888
f 888 885 882
f 889 890 891
f 891 887 889
f 892 890 889
f 890 892 893
f 891 890 893
f 893 894 891
f 897 858 861
f 898 861 853
f 895 851 848
f 896 848 847
f 897 860 858
f 853 895 898
f 886 885 899
f 861 898 897
f 853 851 895
f 901 896 847
f 901 840 841
f 900 899 885
f 888 894 900
f 869 884 886
f 863 862 897
f 847 840 901
f 869 899 902
f 886 899 869
f 894 897 900
f 894 881 897
f 848 896 895
f 841 902 901
f 885 888 900
f 862 860 897
f 902 841 869
f 869 841 867
f 845 865 841
f 863 897 881
f 891 894 888
f 866 865 845
f 865 867 841
f 888 887 891
f 895 904 903
f 895 896 904
f 896 901 904
f 901 902 906
f 902 899 907
f 900 908 907
f 907 899 900
f 897 909 908
f 908 900 897
f 897 898 909
f 898 895 910
f 895 903 910
f 910 909 898
f 907 906 902
f 906 905 901
f 905 904 901
f 912 911 894
f 911 881 894
f 913 912 914
f 917 915 916
f 921 922 918
f 926 925 924
f 933 934 936
f 935 936 934
f 759 937 919
f 759 938 937
f 939 938 759
f 759 940 939
f 759 918 940
f 940 918 920
f 920 941 940
f 939 940 698
f 939 698 759
f 940 942 698
f 952 953 954
f 964 948 950
f 950 951 949
f 959 957 958
f 948 964 947
f 949 950 948
f 668 669 940
f 694 668 966
f 668 965 966
f 669 942 940
f 669 698 942
f 966 944 694
f 941 965 668
f 940 941 668
f 941 966 965
f 967 694 944
f 944 969 968
f 944 970 969
f 944 968 967
f 968 969 663
f 663 694 968
f 694 967 968
f 693 663 969
f 970 693 969
f 950 971 951
f 946 970 947
f 975 972 973
f 973 974 975
f 972 975 976
f 930 972 977
f 977 978 930
f 976 977 972
f 973 972 930
f 979 980 976
f 976 975 979
f 974 981 979
f 979 975 974
f 974 982 983
f 983 981 974
f 976 984 996
f 984 985 994
f 985 986 997
f 986 987 992
f 987 988 998
f 988 989 990
f 994 997 992
f 992 998 991
f 978 996 995
f 994 992 993
f 994 995 996
f 990 991 998
f 996 978 977
f 990 998 988
f 998 992 987
f 992 997 986
f 997 994 985
f 994 996 984
f 996 977 976
f 995 935 926
f 978 928 929
f 922 923 920
f 926 927 995
f 978 927 928
f 922 920 918
f 923 925 920
f 935 920 926
f 930 978 929
f 999 991 990
f 925 926 920
f 999 992 991
f 999 994 993
f 999 935 995
f 927 978 995
f 993 992 999
f 995 994 999
f 935 1000 1001
f 935 999 1000
f 1001 936 935
f 1001 933 936
f 1001 932 933
f 931 932 1001
f 1003 999 990
f 990 1002 1003
f 1001 1004 783
f 783 931 1001
f 931 739 692
f 739 931 783
f 931 692 1005
f 767 739 783
f 1005 1006 931
f 1004 1001 1000
f 1007 1000 999
f 999 1003 1007
f 1000 1007 1004
f 1006 1005 1008
f 1008 1009 1006
f 946 947 692
f 951 695 696
f 696 950 951
f 950 696 1010
f 696 691 1010
f 964 1010 1008
f 1005 692 947
f 947 964 1008
f 1008 1005 947
f 695 951 971
f 970 946 693
f 1010 964 950
f 692 693 946
f 1011 695 971
f 1011 971 952
f 690 695 1011
f 1011 1012 690
f 952 1012 1011
f 1012 1013 952
f 1013 1012 690
f 952 690 1012
f 687 690 1014
f 1014 955 687
f 955 956 1016
f 956 685 1016
f 1015 689 685
f 685 956 1015
f 690 952 1014
f 689 1015 959
f 959 688 689
f 1016 687 955
f 687 1016 685
f 1017 688 959
f 1017 959 1018
f 682 688 1017
f 1017 1019 682
f 1018 1019 1017
f 682 689 688
f 1018 682 1019
f 970 945 946
f 951 952 971
f 952 954 1014
f 959 1015 957
f 1015 956 957
f 966 943 944
f 955 1014 954
f 962 1021 1022
f 970 944 945
f 1018 959 960
f 961 963 1022
f 963 962 1022
f 966 941 943
f 961 1018 960
f 962 1023 1020
f 1021 962 1020
f 1024 961 1022
f 1022 701 1024
f 1022 700 701
f 1022 1021 700
f 1024 682 961
f 682 1018 961
f 700 1021 1020
f 1020 699 700
f 699 1025 1026
f 699 1027 1025
f 699 1020 1027
f 962 1028 1029
f 1029 1020 1023
f 1020 1029 699
f 1023 962 1029
f 1033 1032 688
f 1038 1036 1035
f 1039 773 1035
f 1037 1035 1039
f 1035 773 1038
f 1035 1036 1040
f 779 773 1039
f 1041 1040 770
f 770 1042 1041
f 1040 1038 770
f 1038 1040 1036
f 1043 1041 1042
f 1042 1044 1043
f 1045 1043 1046
f 842 1046 1043
f 1043 1044 842
f 1047 1043 1045
f 1046 849 1047
f 1047 1045 1046
f 1049 1048 1047
f 1047 849 1049
f 852 1049 849
f 1039 1035 1016
f 1016 779 1039
f 779 1016 1051
f 1051 776 779
f 776 1051 1052
f 1052 829 776
f 829 1052 1053
f 1053 1054 829
f 1055 1056 1054
f 1056 1057 1058
f 1058 830 1056
f 1058 1059 830
f 1058 696 1059
f 1055 1057 1056
f 1053 1055 1054
f 778 1054 1056
f 1059 831 830
f 1054 778 829
f 1060 831 1059
f 1060 696 1061
f 696 1060 1059
f 1061 1062 1060
f 954 1052 1051
f 1051 955 954
f 953 1053 1052
f 1052 954 953
f 953 1055 1053
f 951 1058 1057
f 1057 952 951
f 1057 1055 952
f 935 943 941
f 941 920 935
f 934 944 943
f 943 935 934
f 933 945 944
f 944 934 933
f 932 946 945
f 945 933 932
f 931 947 946
f 946 932 931
f 948 947 1009
f 947 1006 1009
f 947 931 1006
f 1009 1061 949
f 1009 949 948
f 1061 696 1058
f 1061 1058 950
f 1061 950 949
f 1016 955 1051
f 957 956 1016
f 1033 958 957
f 959 958 1033
f 960 959 1032
f 959 688 1032
f 960 1032 1024
f 1031 1030 963
f 961 1024 1031
f 962 963 1030
f 1030 1028 962
f 963 961 1031
f 961 960 1024
f 1033 688 959
f 1034 1033 957
f 1016 1034 957
f 1009 1062 1061
f 951 950 1058
f 953 952 1055
f 833 1060 738
f 1009 1008 1010
f 1010 1062 1009
f 738 1062 691
f 1010 691 1062
f 1060 1062 738
f 1042 771 835
f 831 1060 833
f 1046 842 849
f 829 778 777
f 1042 770 771
f 1044 1042 835
f 1063 879 880
f 877 879 1063
f 832 1056 830
f 832 778 1056
f 1064 854 877
f 773 770 1038
f 880 1065 1063
f 835 842 1044
f 854 1066 855
f 1066 854 1064
f 1049 852 1050
f 1050 1047 1049
f 877 1063 1067
f 1063 1068 1067
f 1064 877 917
f 1066 1064 1069
f 855 1066 1070
f 1066 1071 1070
f 856 855 1072
f 852 856 1073
f 1073 1050 852
f 1072 1073 856
f 1070 1072 855
f 1069 1071 1066
f 917 1069 1064
f 1067 917 877
f 1065 1074 1068
f 1063 1065 1068
f 1079 1081 1078
f 1078 1077 1081
f 1075 1076 1077
f 881 1065 880
f 1083 1074 1084
f 1074 911 1084
f 1084 1085 1083
f 881 1074 1065
f 911 1074 881
f 1086 1083 1085
f 1085 1087 1086
f 1088 1090 1091
f 1091 1092 1088
f 1088 873 1090
f 1093 1090 873
f 873 1094 1093
f 873 1082 1094
f 1092 1089 1088
f 1090 1093 1094
f 1098 1090 1094
f 1111 1110 1112
f 1114 1115 1116
f 1121 1099 1100
f 1103 1104 1102
f 1111 1112 1113
f 1099 1121 1094
f 1115 1114 1113
f 1108 1109 1107
f 1096 1095 1121
f 1095 1098 1121
f 1077 1096 1121
f 1100 1097 1077
f 1095 1090 1098
f 1095 1088 1090
f 1100 1122 1097
f 1121 1100 1077
f 1067 1111 1110
f 1110 1069 917
f 1109 1108 1071
f 1108 1070 1071
f 1071 1069 1109
f 1108 1107 1072
f 1072 1070 1108
f 1107 1106 1073
f 1073 1072 1107
f 1094 1082 1075
f 1075 1099 1094
f 1077 1100 1099
f 1099 1075 1077
f 1077 1101 1100
f 1077 1078 1101
f 1101 1078 1081
f 1081 1102 1101
f 1102 1081 1079
f 1079 1103 1102
f 1104 1079 1080
f 1104 1080 1050
f 1050 1105 1104
f 1050 1073 1106
f 1050 1106 1105
f 1112 1111 1068
f 1111 1067 1068
f 1113 1112 1083
f 1068 1074 1083
f 1083 1112 1068
f 1086 1123 1114
f 1083 1114 1115
f 1083 1115 1113
f 1083 1086 1114
f 1123 914 1116
f 914 1124 1117
f 1124 1125 1118
f 1125 1126 1119
f 1126 1127 1119
f 1127 1120 1119
f 1119 1118 1125
f 1118 1117 1124
f 1117 1116 914
f 1116 1114 1123
f 1104 1103 1079
f 1110 1109 1069
f 917 1067 1110
f 876 1130 1131
f 876 1132 1130
f 876 1128 1132
f 876 1133 1128
f 1129 1128 1133
f 1120 1127 1134
f 1134 1128 1120
f 1134 876 1128
f 1126 1125 1135
f 1124 1135 1125
f 1136 1139 1138
f 1139 1136 1120
f 1139 1120 1128
f 1128 1137 1139
f 1137 1128 1129
f 1129 1133 1137
f 1138 1125 1136
f 1125 1118 1136
f 1145 1146 1144
f 1134 1148 1149
f 1150 1142 1143
f 1142 1150 1141
f 1151 1097 1122
f 1151 1122 1102
f 1081 1097 1151
f 1151 1152 1081
f 1102 1152 1151
f 1097 1081 1153
f 1102 1081 1152
f 1154 1105 1156
f 1106 1157 1050
f 1155 1158 1157
f 1157 1106 1155
f 1153 1081 1102
f 1158 1155 1109
f 1109 1071 1158
f 1102 1154 1153
f 1050 1156 1105
f 1156 1153 1154
f 1157 1156 1050
f 1118 1125 1159
f 1160 1161 1118
f 1118 1159 1160
f 1160 1159 913
f 1125 913 1159
f 1162 913 1138
f 1125 1138 913
f 1160 913 1161
f 1110 1111 915
f 1116 914 912
f 912 1114 1116
f 1085 1163 1114
f 1114 1087 1085
f 1087 1114 912
f 1111 1163 1084
f 1084 915 1111
f 1084 911 915
f 917 916 1164
f 914 1116 1161
f 1161 913 914
f 1164 1110 917
f 1085 1084 1163
f 915 917 1110
f 1164 1110 1111
f 1114 1161 1116
f 1104 1154 1102
f 1104 1105 1154
f 1107 1155 1106
f 1111 1113 1163
f 1117 1118 1161
f 1161 1116 1117
f 1121 1098 1094
f 1101 1122 1100
f 1155 1107 1109
f 1114 1163 1113
f 1101 1102 1122
f 1164 1109 1110
f 1136 1118 1119
f 1120 1136 1119
f 1164 916 1165
f 1166 1071 1109
f 1166 1109 1164
f 916 1071 1166
f 1166 1165 916
f 1164 1165 1166
f 872 873 1088
f 846 1082 875
f 1075 1082 846
f 873 875 1082
f 846 765 1075
f 699 669 668
f 765 1076 1075
f 906 872 1088
f 765 1047 1077
f 1030 756 755
f 761 1028 755
f 758 757 1029
f 757 697 699
f 699 698 669
f 1077 1076 765
f 1047 1079 1078
f 761 758 1028
f 757 699 1029
f 668 694 699
f 765 762 1043
f 1078 1077 1047
f 1047 1050 1080
f 755 1028 1030
f 697 759 699
f 756 1040 1041
f 1041 1043 763
f 1080 1079 1047
f 763 764 1041
f 907 908 1138
f 1029 1028 758
f 698 699 759
f 1047 765 1043
f 762 763 1043
f 907 1138 872
f 678 1024 701
f 690 718 721
f 1138 1137 1133
f 756 1031 1024
f 756 1035 1040
f 906 907 872
f 701 700 678
f 1024 678 682
f 718 690 689
f 1133 872 1138
f 1139 1137 1138
f 1035 1024 1032
f 1030 1031 756
f 913 908 909
f 1097 903 904
f 694 693 720
f 719 692 695
f 719 695 690
f 1035 1033 1034
f 1024 1035 756
f 1041 764 756
f 910 1097 1153
f 718 689 682
f 1032 1033 1035
f 1158 909 910
f 1158 916 909
f 908 913 1138
f 699 716 675
f 699 694 716
f 692 719 720
f 690 687 685
f 721 719 690
f 682 678 717
f 871 872 1133
f 909 916 913
f 1077 904 905
f 1097 910 903
f 720 716 694
f 720 693 692
f 717 718 682
f 695 691 696
f 695 692 691
f 876 871 1133
f 905 1096 1077
f 1153 1158 910
f 913 911 912
f 915 913 916
f 685 689 690
f 1034 1016 1035
f 904 1077 1097
f 915 911 913
f 1156 1157 1158
f 1153 1156 1158
f 916 1158 1071
f 1172 1168 1167
f 1140 1169 1170
f 1170 1167 1140
f 1167 1170 1171
f 1171 1172 1167
f 1168 1172 1173
f 1140 1167 1168
f 1173 1174 1175
f 1175 1176 1173
f 1177 1172 1171
f 1177 1174 1172
f 1174 1173 1172
f 1179 1180 1190
f 1180 1181 1188
f 1181 1182 1191
f 1182 1183 1186
f 1183 1184 1192
f 1184 1171 1170
f 1178 1190 1189
f 1192 1170 1169
f 1186 1192 1185
f 1169 1185 1192
f 1186 1187 1188
f 1186 1188 1191
f 1188 1189 1190
f 1170 1192 1184
f 1192 1186 1183
f 1186 1191 1182
f 1191 1188 1181
f 1188 1190 1180
f 1190 1178 1179
f 1185 1143 1144
f 1141 1169 1140
f 1141 1150 1169
f 1185 1169 1143
f 1127 1146 1147
f 1150 1143 1169
f 1144 1126 1185
f 1134 1127 1147
f 1127 1144 1146
f 1144 1127 1126
f 1193 1186 1185
f 1185 1126 1193
f 1193 1187 1186
f 1193 1188 1187
f 1193 1189 1188
f 1135 1124 1194
f 1126 1135 1194
f 1178 1189 1193
f 1134 1147 1148
f 1194 914 1123
f 1194 1195 1126
f 1124 914 1194
f 1195 1193 1126
f 1196 1197 1178
f 1178 1193 1196
f 1196 1193 1195
f 1198 1195 1194
f 1194 1199 1198
f 1195 1198 1196
f 1086 1087 912
f 912 894 1086
f 1123 1086 894
f 893 1123 894
f 1194 1123 893
f 893 1199 1194
f 1213 1218 1212
f 1201 1222 1200
f 1204 1205 1203
f 1213 1218 1214
f 1203 1205 1220
f 1219 1211 1212
f 1222 1201 1202
f 1221 1202 1203
f 1177 1223 1217
f 1216 1223 1217
f 1176 1175 1168
f 1175 1174 1168
f 1224 1168 1174
f 1173 1176 1168
f 1227 1225 1226
f 1170 1167 1174
f 1229 1170 1177
f 1230 1229 1223
f 1229 1217 1223
f 1223 1191 1230
f 1223 1216 1191
f 1167 1224 1174
f 1177 1217 1229
f 1174 1177 1170
f 1170 1228 1167
f 1224 1167 1228
f 1228 1170 1229
f 1231 1191 1216
f 1231 1216 1232
f 1233 1191 1231
f 1231 1234 1233
f 1232 1234 1231
f 1233 1230 1191
f 1232 1233 1234
f 1211 1236 1210
f 1232 1216 1214
f 1233 1190 1237
f 1241 1239 1200
f 1239 1240 1200
f 1225 1239 1242
f 1225 1242 1243
f 1225 1243 1244
f 1200 1245 1246
f 1246 1241 1200
f 1246 1239 1241
f 1246 1244 1239
f 1244 1242 1239
f 1244 1243 1242
f 1248 1202 1201
f 1248 1201 1240
f 1240 1249 1248
f 1240 1225 1249
f 1240 1239 1225
f 1250 1251 1202
f 1251 1252 1202
f 1248 1250 1202
f 1250 1248 1251
f 1246 1245 1253
f 1246 1247 1225
f 1225 1244 1246
f 1253 1247 1246
f 1254 1255 1250
f 1255 1256 1263
f 1262 1250 1261
f 1253 1254 1262
f 1253 1245 1254
f 1256 1257 1258
f 1258 1263 1256
f 1258 1260 1263
f 1258 1259 1260
f 1260 1261 1250
f 1263 1260 1255
f 1260 1250 1255
f 1250 1262 1254
f 1266 1253 1265
f 1265 1266 1264
f 1267 1269 1268
f 1267 1270 1269
f 1270 1271 1269
f 1277 1274 1273
f 1272 1275 1276
f 1276 1273 1272
f 1270 1274 1277
f 1277 1271 1270
f 1273 1276 1277
f 1279 1268 1269
f 1280 1276 1275
f 1269 1271 1279
f 1275 1278 1280
f 1280 1279 1277
f 1271 1277 1279
f 1277 1276 1280
f 1278 1281 1280
f 1278 1275 1282
f 1282 1283 1278
f 1272 1282 1275
f 1281 1278 1283
f 1287 1284 1285
f 1252 1251 1288
f 1288 1203 1252
f 1288 1289 1203
f 1288 1251 1263
f 1263 1289 1288
f 1289 1263 1203
f 1293 1207 1206
f 1292 1206 1204
f 1206 1292 1293
f 1207 1293 1291
f 1251 1290 1294
f 1294 1263 1251
f 1291 1293 1296
f 1293 1292 1295
f 1204 1294 1295
f 1295 1292 1204
f 1294 1204 1203
f 1203 1263 1294
f 1297 1298 1209
f 1209 1291 1297
f 1295 1296 1293
f 1296 1297 1291
f 1215 1214 1216
f 1212 1235 1213
f 1210 1209 1236
f 1209 1208 1291
f 1207 1291 1208
f 1235 1212 1211
f 1204 1206 1205
f 1252 1203 1202
f 1201 1200 1240
f 1209 1298 1299
f 1209 1299 1300
f 1300 1236 1209
f 1300 1299 1298
f 1298 1301 1300
f 1300 1301 1236
f 1297 1302 1301
f 1301 1298 1297
f 1230 1228 1229
f 1251 1248 1249
f 1230 1224 1228
f 1251 1227 1224
f 1233 1302 1290
f 1301 1233 1303
f 1225 1227 1251
f 1249 1225 1251
f 1224 1230 1251
f 1233 1301 1302
f 1290 1251 1233
f 1233 1238 1303
f 1237 1238 1233
f 1290 1296 1295
f 1290 1297 1296
f 1230 1233 1251
f 1297 1290 1302
f 1301 1303 1304
f 1305 1238 1237
f 1305 1306 1238
f 1257 1309 1307
f 1307 1258 1257
f 1287 1311 1284
f 1283 1282 1312
f 1282 1272 1312
f 1270 1267 1312
f 1272 1273 1312
f 1267 1314 1313
f 1274 1270 1312
f 1315 1316 1317
f 1319 1287 1285
f 1262 1264 1266
f 1314 1315 1313
f 1319 1321 1318
f 1262 1267 1264
f 1313 1312 1267
f 1320 1316 1315
f 1318 1287 1319
f 1319 1285 1286
f 1259 1323 1260
f 1261 1260 1323
f 1261 1314 1267
f 1315 1314 1320
f 1286 1312 1319
f 1312 1286 1283
f 1323 1314 1261
f 1266 1253 1262
f 1267 1262 1261
f 1273 1274 1312
f 1315 1317 1321
f 1319 1315 1321
f 1325 1326 1311
f 1326 1327 1324
f 1324 1311 1326
f 1311 1287 1325
f 1327 1328 1329
f 1329 1330 1327
f 1327 1326 1328
f 1331 1328 1326
f 1326 1325 1332
f 1332 1331 1326
f 1334 1335 1317
f 1335 1336 1318
f 1287 1318 1336
f 1334 1337 1322
f 1322 1333 1334
f 1337 1317 1322
f 1317 1316 1322
f 1336 1325 1287
f 1318 1321 1335
f 1321 1317 1335
f 1317 1337 1334
f 1338 1333 1322
f 1341 1333 1338
f 1338 1322 1316
f 1339 1338 1316
f 1307 1308 1259
f 1258 1307 1259
f 1342 1323 1259
f 1342 1343 1314
f 1314 1323 1342
f 1343 1320 1314
f 1343 1316 1320
f 1343 1339 1316
f 1259 1308 1342
f 1345 1312 1313
f 1315 1346 1345
f 1345 1313 1315
f 1315 1319 1346
f 1319 1347 1346
f 1312 1344 1347
f 1347 1319 1312
f 1345 1344 1312
f 1348 1349 1350
f 1350 1310 1348
f 1351 1352 1349
f 1349 1348 1351
f 1352 1351 1298
f 1353 1298 1355
f 1355 1354 1353
f 1304 1356 1354
f 1356 1304 1357
f 1357 1358 1356
f 1342 1308 1310
f 1310 1350 1342
f 1354 1355 1304
f 1353 1352 1298
f 1359 1343 1342
f 1360 1361 1362
f 1363 1360 1364
f 1362 1364 1360
f 1364 1365 1363
f 1366 1367 1368
f 1368 1365 1366
f 1367 1340 1369
f 1369 1368 1367
f 1361 1370 1371
f 1343 1369 1339
f 1340 1339 1369
f 1371 1362 1361
f 1364 1366 1365
f 1368 1363 1365
f 1372 1370 1361
f 1370 1372 1373
f 1370 1373 1376
f 1375 1370 1374
f 1376 1375 1370
f 1370 1375 1371
f 1377 1374 1375
f 1375 1376 1377
f 1352 1353 1349
f 1357 1378 1358
f 1357 1380 1378
f 1381 1380 1357
f 1357 1379 1381
f 1279 1280 799
f 799 800 1279
f 1280 821 799
f 1286 820 1281
f 1280 1281 798
f 1281 820 798
f 798 821 1280
f 796 797 1285
f 1286 1285 797
f 797 820 1286
f 819 795 1324
f 795 1311 1324
f 796 1284 1311
f 1311 795 796
f 794 1382 1383
f 819 1384 1382
f 1382 794 819
f 1383 793 794
f 973 930 792
f 793 1383 973
f 973 792 793
f 818 791 929
f 930 929 791
f 791 792 930
f 789 818 928
f 928 927 789
f 817 788 926
f 927 926 788
f 788 789 927
f 786 787 925
f 924 925 787
f 787 817 924
f 816 785 922
f 785 786 923
f 923 922 785
f 784 782 816
f 816 740 784
f 740 816 921
f 918 759 740
f 740 921 918
f 884 876 1134
f 1134 883 884
f 1134 1149 883
f 827 815 883
f 883 1149 827
f 814 1148 1147
f 827 1149 1148
f 1148 814 827
f 1147 813 814
f 1145 826 812
f 813 1147 1146
f 1146 812 813
f 1143 810 811
f 826 1145 1144
f 1144 811 826
f 810 1143 1142
f 1142 825 810
f 1140 807 808
f 825 1142 1141
f 1141 808 825
f 806 807 1168
f 807 1140 1168
f 824 805 1227
f 805 806 1224
f 1224 1227 805
f 803 804 1247
f 1247 1253 803
f 1225 1247 804
f 824 1226 1225
f 1225 804 824
f 1264 823 802
f 802 1265 1264
f 803 1266 1265
f 1265 802 803
f 1279 822 801
f 801 1268 1279
f 1264 1267 1268
f 1268 823 1264
f 801 823 1268
f 1253 1266 803
f 1227 1226 824
f 1168 1224 806
f 808 1141 1140
f 811 1144 1143
f 812 1146 1145
f 922 921 816
f 925 923 786
f 926 924 817
f 929 928 818
f 1324 1384 819
f 1285 1284 796
f 1281 1283 1286
f 800 822 1279
f 1324 1382 1384
f 1330 1329 1324
f 1329 1328 1324
f 1327 1330 1324
f 1387 1386 1388
f 1383 979 981
f 981 973 1383
f 973 981 983
f 973 983 982
f 973 982 974
f 1389 1390 977
f 1383 1389 972
f 977 972 1389
f 1328 1331 1332
f 1407 1409 1406
f 1398 1412 1411
f 1397 1411 1396
f 1410 1404 1406
f 1404 1405 1406
f 1411 1397 1398
f 1413 1392 980
f 1413 1390 1391
f 1413 980 1390
f 980 977 1390
f 977 980 979
f 979 972 977
f 1391 1393 1413
f 979 1383 972
f 1385 1324 1414
f 1324 1328 1414
f 1386 1385 1414
f 1407 1388 1386
f 1407 1387 1388
f 1407 1416 1387
f 1415 1407 1386
f 1414 1415 1386
f 1417 1387 1416
f 1406 1418 1417
f 1417 1416 1406
f 1417 1418 1337
f 1337 1387 1417
f 1406 1337 1418
f 1421 1402 1420
f 1422 1403 1421
f 1402 1421 1403
f 1403 1422 1405
f 1405 1422 1425
f 1421 1424 1425
f 1425 1422 1421
f 1424 1421 1420
f 1426 1337 1406
f 1406 1405 1426
f 1420 1400 1423
f 1420 1423 1424
f 1425 1426 1405
f 1427 1423 1400
f 1428 1430 1429
f 1429 1400 1428
f 1400 1431 1427
f 1429 1431 1400
f 1429 1430 1432
f 1429 1432 1423
f 1423 1431 1429
f 1423 1427 1431
f 1433 1432 1430
f 1428 1433 1430
f 1399 1428 1398
f 1433 1371 1435
f 1414 1328 1332
f 1401 1420 1402
f 1404 1403 1405
f 1420 1401 1400
f 1395 1394 1434
f 1393 1434 1394
f 1408 1415 1414
f 1393 1392 1413
f 1414 1332 1408
f 1407 1406 1416
f 1415 1408 1407
f 1428 1400 1399
f 1438 1436 1437
f 1436 1439 1437
f 1440 1441 998
f 1438 998 1441
f 1442 1440 1434
f 1393 1391 1443
f 1443 1444 1393
f 1443 1442 1434
f 1391 1440 1442
f 1442 1443 1391
f 1434 1393 1443
f 1387 1385 1386
f 1387 1324 1385
f 1324 1387 1382
f 1390 1389 1391
f 1391 1383 1382
f 1440 1419 1432
f 1389 1383 1391
f 1382 1387 1391
f 1432 1433 1440
f 1425 1424 1419
f 1440 1391 1419
f 1432 1419 1423
f 1440 1436 1438
f 1435 1440 1433
f 1424 1423 1419
f 1387 1419 1391
f 1435 1371 1440
f 1371 1436 1440
f 1444 1443 1391
f 1379 1357 1211
f 1219 1381 1379
f 1379 1211 1219
f 1219 1212 1381
f 1210 1211 1304
f 1211 1357 1304
f 1209 1210 1304
f 1304 1355 1209
f 1209 1355 1298
f 1208 1209 1351
f 1209 1298 1351
f 1207 1208 1348
f 1206 1310 1308
f 1310 1206 1207
f 1206 1308 1307
f 1205 1309 1257
f 1257 1220 1205
f 1205 1307 1309
f 1203 1220 1257
f 1256 1255 1221
f 1202 1221 1255
f 1255 1254 1222
f 1254 1245 1200
f 1217 1171 1184
f 1216 1217 1183
f 1217 1184 1183
f 1215 1216 1182
f 1216 1183 1182
f 1182 1181 1215
f 1214 1215 1181
f 1181 1180 1214
f 1213 1214 1180
f 1180 1179 1213
f 1212 1218 1445
f 1446 1445 1213
f 1218 1213 1445
f 1446 1213 1179
f 1445 1381 1212
f 1217 1177 1171
f 1200 1222 1254
f 1222 1202 1255
f 1221 1203 1256
f 1257 1256 1203
f 1307 1205 1206
f 1348 1310 1207
f 1351 1348 1208
f 1237 1190 1214
f 1214 1213 1237
f 1210 1304 1303
f 1303 1211 1210
f 1211 1303 1447
f 1303 1238 1447
f 1235 1447 1448
f 1449 1237 1213
f 1213 1448 1449
f 1213 1235 1448
f 1190 1233 1232
f 1304 1210 1236
f 1236 1301 1304
f 1232 1214 1190
f 1447 1235 1211
f 1446 1449 1448
f 1448 1445 1446
f 989 1396 1450
f 1396 1451 1450
f 1451 1396 1411
f 1396 989 988
f 988 1395 1396
f 1395 988 987
f 987 1394 1395
f 1394 987 986
f 986 1393 1394
f 985 1392 1393
f 980 1392 984
f 1336 1408 1332
f 1335 1407 1408
f 1408 1336 1335
f 1334 1406 1409
f 1409 1335 1334
f 1406 1334 1333
f 1333 1410 1406
f 1341 1338 1404
f 1404 1410 1333
f 1333 1341 1404
f 1403 1404 1338
f 1338 1339 1403
f 1402 1403 1340
f 1339 1340 1403
f 1402 1340 1367
f 1367 1401 1402
f 1401 1367 1366
f 1366 1400 1401
f 1366 1364 1400
f 1399 1364 1362
f 1362 1398 1399
f 1412 1398 1374
f 1377 1411 1412
f 1398 1371 1375
f 1375 1374 1398
f 1451 1411 1377
f 1374 1377 1412
f 1362 1371 1398
f 1399 1400 1364
f 1335 1409 1407
f 1332 1325 1336
f 984 976 980
f 985 984 1392
f 986 985 1393
f 1399 1398 1371
f 1438 1396 1395
f 1395 1440 998
f 1452 1397 1396
f 1453 1452 1396
f 1453 1396 1438
f 1398 1397 1454
f 1454 1371 1398
f 1454 1436 1371
f 1440 1395 1434
f 1428 1399 1433
f 1452 1454 1397
f 1395 998 1438
f 1371 1433 1399
f 1450 1451 1452
f 1452 1453 1450
f 1002 1437 1455
f 1437 989 1438
f 1453 1438 989
f 1437 990 989
f 989 1450 1453
f 1002 990 1437
f 1456 1457 1455
f 1455 1437 1456
f 1002 1455 1457
f 1457 1456 1458
f 1458 1459 1457
f 1464 1461 1462
f 1457 1459 791
f 1464 1462 794
f 795 794 1462
f 1462 1463 795
f 1460 1461 793
f 1466 793 1461
f 1461 1464 1466
f 1458 1460 1467
f 1465 1468 795
f 795 1463 1465
f 1467 1459 1458
f 793 1467 1460
f 794 1466 1464
f 1466 794 793
f 791 1459 1467
f 1468 1465 1469
f 1469 1470 1468
f 1472 1474 1475
f 1473 1474 1472
f 1461 1460 1437
f 1439 1471 1462
f 1471 1469 1465
f 1462 1461 1439
f 1465 1463 1471
f 1472 1471 1439
f 1463 1462 1471
f 1456 1437 1460
f 1437 1439 1461
f 1460 1458 1456
f 1475 1471 1472
f 1451 1439 1436
f 1451 1436 1454
f 1476 1439 1373
f 1439 1451 1377
f 1376 1373 1439
f 1377 1376 1439
f 1454 1452 1451
f 1472 1439 1476
f 1476 1372 1472
f 1472 1477 1473
f 1473 1478 1474
f 1343 1470 1469
f 1469 1471 1343
f 1372 1361 1477
f 1361 1479 1473
f 1479 1363 1478
f 1363 1480 1474
f 1480 1481 1475
f 1481 1343 1471
f 1471 1475 1481
f 1475 1474 1480
f 1474 1478 1363
f 1478 1473 1479
f 1473 1477 1361
f 1477 1472 1372
f 1470 1343 1359
f 1481 1369 1343
f 1369 1481 1480
f 1445 1448 1447
f 1447 1238 1445
f 1238 1306 1445
f 1306 1378 1380
f 1306 1380 1381
f 1381 1445 1306
f 1378 1306 1482
f 1483 1484 1482
f 1482 1306 1483
f 1342 1485 1486
f 1485 1487 1488
f 1487 1353 1489
f 1353 1490 1491
f 1490 1356 1492
f 1356 1484 1483
f 1483 1492 1356
f 1492 1491 1490
f 1491 1489 1353
f 1489 1488 1487
f 1488 1486 1485
f 1486 1493 1342
f 1483 1491 1492
f 1485 1350 1487
f 1350 1485 1342
f 1342 1493 1494
f 1494 1495 1342
f 1497 1495 1494
f 1494 1496 1497
f 1499 1500 1503
f 1499 1503 1502
f 1501 1503 1500
f 1493 1498 1496
f 1306 1500 1499
f 1500 1306 1305
f 1483 1486 1488
f 1505 1504 1501
f 1493 1499 1498
f 1305 1501 1500
f 1483 1489 1491
f 1483 1493 1486
f 1501 1305 1505
f 1499 1493 1306
f 1306 1493 1483
f 1488 1489 1483
f 1496 1494 1493
f 1449 1446 1179
f 1178 1305 1237
f 1179 1237 1449
f 1305 1178 1197
f 1237 1179 1178
f 1505 1305 1197
f 1197 1506 1505
f 1197 1507 1506
f 1506 1508 1504
f 1504 1505 1506
f 1509 1502 1503
f 1501 1510 806
f 806 1503 1501
f 804 1498 1499
f 1502 1509 805
f 805 1499 1502
f 1496 1498 804
f 1504 1508 1510
f 1510 1501 1504
f 804 1497 1496
f 1499 805 804
f 1503 806 1509
f 808 1506 1507
f 808 1508 1506
f 806 805 1509
f 1508 808 1510
f 1514 1515 1511
f 1512 1514 1511
f 1513 1511 1515
f 1517 1518 1520
f 1520 1519 1521
f 1519 1520 1518
f 1523 1513 1344
f 1523 1516 1513
f 1344 1513 1515
f 1524 1346 1347
f 1344 1345 1523
f 1519 1518 1347
f 1347 1517 1524
f 1345 1524 1523
f 1517 1522 1524
f 1345 1346 1524
f 1518 1517 1347
f 1344 1515 1514
f 1522 1517 797
f 797 1517 1520
f 1521 1525 820
f 820 1520 1521
f 1525 1521 1519
f 1526 1519 1347
f 1347 1527 1526
f 1519 1526 1525
f 1528 1527 1344
f 1529 1528 1514
f 1514 1512 1529
f 1512 1511 823
f 802 823 1511
f 1511 1513 802
f 1516 803 802
f 802 1513 1516
f 823 1529 1512
f 1344 1514 1528
f 1347 1344 1527
f 1520 820 797
f 797 796 1522
f 1530 1531 1523
f 1523 1524 1530
f 1530 1524 1522
f 1522 796 1530
f 1525 1526 820
f 823 1528 1529
f 1531 803 1516
f 1516 1523 1531
f 836 769 1532
f 769 834 1532
f 844 1533 1532
f 1534 844 843
f 1532 834 844
f 1534 1533 844
f 836 1535 1534
f 1534 843 836
f 1532 1535 836
f 843 838 836
f 1534 1535 1532
f 1533 1534 1532
f 1361 1360 1479
f 1363 1479 1360
f 1363 1368 1480
f 1369 1480 1368
f 813 812 1536
f 1536 1537 813
f 814 813 1537
f 889 814 1538
f 1199 893 1538
f 892 1538 893
f 889 815 814
f 1538 892 889
f 805 1497 804
f 805 803 1497
f 1510 807 806
f 1527 800 799
f 1510 808 807
f 1354 1490 1353
f 799 1526 1527
f 1528 823 801
f 1539 809 808
f 1197 1540 1507
f 808 1507 1540
f 1495 1497 803
f 1349 1487 1350
f 1526 799 798
f 801 800 1528
f 803 1531 1495
f 1487 1349 1353
f 1358 1484 1356
f 1358 1378 1482
f 798 820 1526
f 1490 1354 1356
f 1482 1484 1358
f 1527 1528 800
f 803 805 804
f 1470 1530 796
f 795 1468 794
f 1468 796 794
f 1342 1531 1530
f 1359 1342 1470
f 1530 1470 1342
f 1495 1531 1342
f 795 794 796
f 796 1468 1470
f 1540 1197 1196
f 791 790 1541
f 793 792 1467
f 1003 1002 1542
f 792 791 1467
f 1457 1542 1002
f 1542 1457 791
f 786 1543 1544
f 1544 787 786
f 781 768 1545
f 783 1545 768
f 1545 785 781
f 785 782 781
f 1543 786 785
f 1545 783 1004
f 1476 1373 1372
f 791 1546 1542
f 1003 1542 1546
f 1546 1547 1003
f 790 789 1548
f 791 1549 1550
f 1550 1546 791
f 1547 1546 1550
f 1550 1551 1547
f 1553 1541 790
f 790 1552 1553
f 1554 1552 789
f 1552 1548 789
f 1549 791 1541
f 1541 1553 1549
f 789 788 1554
f 1552 790 1548
f 1547 1551 1555
f 1555 1003 1547
f 1556 1007 1003
f 1003 1555 1556
f 788 1007 1556
f 1556 1554 788
f 1554 1557 1551
f 1551 1550 1553
f 1553 1552 1551
f 1550 1549 1553
f 1551 1552 1554
f 1554 1556 1557
f 1555 1551 1556
f 1557 1556 1551
f 1558 810 809
f 811 1559 1560
f 1560 1198 811
f 1560 1561 1196
f 1196 1198 1560
f 1561 1562 1196
f 1563 1564 809
f 1558 809 1564
f 1565 1563 1539
f 1559 811 810
f 810 1564 1559
f 810 1558 1564
f 1539 808 1565
f 809 1539 1563
f 1196 1562 1566
f 1566 1540 1196
f 808 1540 1566
f 1566 1565 808
f 1567 1559 1564
f 1563 1565 1568
f 1567 1564 1562
f 1562 1564 1563
f 1562 1560 1567
f 1563 1569 1562
f 1563 1568 1569
f 1565 1566 1569
f 1568 1565 1569
f 1560 1559 1567
f 1569 1566 1562
f 1560 1562 1561
f 785 1545 1571
f 1572 1573 1544
f 787 1544 1573
f 1574 1572 1543
f 1554 788 787
f 787 1573 1554
f 1543 785 1574
f 1544 1543 1572
f 1004 1570 1571
f 1571 1545 1004
f 1570 1575 1576
f 1576 1571 1570
f 1570 1004 1577
f 1556 1577 1004
f 1004 1007 1556
f 1577 1575 1570
f 785 1571 1576
f 1576 1574 785
f 1578 1573 1575
f 1575 1573 1572
f 1572 1576 1575
f 1572 1574 1576
f 1556 1557 1575
f 1556 1575 1577
f 1578 1554 1573
f 1557 1554 1578
f 1575 1557 1578
f 814 1579 1580
f 1580 1538 814
f 1199 1538 1580
f 1580 1581 1199
f 1582 1583 1536
f 1537 1536 1583
f 1559 1582 812
f 1579 814 1537
f 1537 1583 1579
f 812 811 1559
f 1536 812 1582
f 1199 1581 1584
f 1560 1198 1199
f 1199 1584 1560
f 1583 1585 1579
f 1582 1559 1567
f 1582 1567 1586
f 1586 1584 1581
f 1581 1587 1583
f 1583 1582 1581
f 1587 1585 1583
f 1581 1582 1586
f 1586 1560 1584
f 1586 1567 1560
f 1579 1585 1587
f 1587 1580 1579
f 1581 1580 1587
f 1593 1594 1595
f 1593 1596 1597
f 1598 1599 1593
f 1592 1601 1588
f 1595 1596 1593
f 1593 1597 1598
f 1591 1598 1592
f 1592 1588 1591
f 1594 1590 1589
f 1602 1603 1604
f 1598 1602 1604
f 1589 1601 1594
f 1605 1606 1601
f 1600 1599 1598
f 1604 1592 1598
f 1600 1591 1590
f 1607 1605 1603
f 1600 1598 1591
f 1590 1608 1600
f 1601 1595 1594
f 1603 1602 1607
f 1607 1606 1605
f 1592 1605 1601
f 1594 1608 1590
f 1589 1588 1601
f 1608 1594 1589
f 1600 1608 1589
f 1589 1590 1600
f 1592 1604 1591
f 1590 1602 1600
f 1590 1591 1602
f 1602 1591 1604
f 1600 1602 1598
f 1609 1610 1602
f 1602 1598 1609
f 1611 1602 1610
f 1610 1612 1611
f 1598 1613 1614
f 1614 1609 1598
f 1615 1616 1617
f 1618 1617 1611
f 1611 1612 1618
f 1617 1618 1615
f 1619 1620 1616
f 1616 1615 1619
f 1621 1622 1623
f 1624 1623 1614
f 1614 1613 1624
f 1623 1624 1621
f 1625 1622 1621
f 1621 1626 1625
f 1612 1615 1618
f 1612 1625 1619
f 1622 1614 1623
f 1619 1615 1612
f 1614 1622 1625
f 1627 1619 1625
f 1625 1628 1627
f 1610 1609 1614
f 1625 1610 1614
f 1612 1610 1625
f 1613 1620 1626
f 1626 1621 1613
f 1611 1616 1620
f 1624 1613 1621
f 1629 1626 1620
f 1617 1616 1611
f 1620 1630 1629
f 1598 1602 1611
f 1620 1598 1611
f 1613 1598 1620
f 1627 1628 1631
f 1627 1628 1629
f 1629 1630 1627
f 1628 1632 334
f 1626 1629 1628
f 1628 1625 1626
f 332 1633 1627
f 1619 1627 1630
f 1630 1620 1619
f 128 376 377
f 377 127 128
f 387 379 380
f 378 1627 126
f 1638 128 129
f 380 381 387
f 379 387 1627
f 378 379 1627
f 1627 124 126
f 128 1638 376
f 126 127 377
f 382 391 392
f 1627 387 382
f 1638 1639 381
f 381 386 387
f 126 377 378
f 122 1635 1638
f 382 1628 1627
f 381 376 1638
f 1633 1634 123
f 1636 1632 394
f 1639 1640 381
f 1640 386 381
f 386 1641 1642
f 129 122 1638
f 122 1634 1635
f 1636 394 388
f 1632 393 394
f 1628 391 393
f 386 1640 1641
f 386 1642 1643
f 122 123 1634
f 388 1637 1636
f 392 1628 382
f 382 390 391
f 124 1627 1633
f 393 1632 1628
f 392 391 1628
f 123 124 1633
f 1643 1644 386
f 385 1644 389
f 385 389 390
f 390 382 385
f 388 1644 1637
f 1644 385 386
f 388 389 1644
f 334 1646 385
f 1631 1628 382
f 334 385 382
f 1646 386 385
f 1646 1631 387
f 382 1628 334
f 387 386 1646
f 1631 382 387
f 607 380 379
f 379 1627 607
f 1641 332 376
f 380 607 606
f 378 332 1627
f 606 381 380
f 606 376 381
f 1646 332 1641
f 607 1645 1641
f 1646 1641 607
f 376 606 1641
f 1641 606 607
f 607 1627 1631
f 334 391 392
f 393 334 1632
f 1643 1646 390
f 393 391 334
f 1643 1642 1646
f 1644 1643 390
f 390 389 1644
f 392 391 1646
f 391 390 1646
f 127 1646 1641
f 1646 1642 1641
f 128 1640 1639
f 128 1641 1640
f 128 1639 1638
f 1646 127 126
f 126 124 332
f 128 127 1641
f 124 1633 332
f 126 332 1646
f 392 1646 334
f 607 1631 1646
f 1649 1650 1648
f 1650 1647 1648
f 1648 1651 1652
f 1652 1649 1648
f 1647 1650 1653
f 1649 1654 1653
f 1653 1650 1649
f 1649 1655 1654
f 1649 1652 1655
f 1655 1652 1651
f 1651 1656 1655
f 1656 1651 1648
f 1658 1648 1647
f 1658 1657 1648
f 1657 1656 1648
f 1653 1658 1647
f 1656 1657 1669
f 1657 1658 1663
f 1658 1653 1664
f 1653 1654 1670
f 1654 1655 1668
f 1655 1656 1659
f 1659 1669 1661
f 1661 1669 1662
f 1664 1670 1665
f 1659 1661 1660
f 1666 1668 1667
f 1668 1666 1670
f 1666 1665 1670
f 1663 1662 1669
f 1659 1668 1655
f 1668 1670 1654
f 1670 1664 1653
f 1664 1663 1658
f 1663 1669 1657
f 1669 1659 1656
f 1672 1673 1664
f 1675 1659 1660
f 1676 1677 1661
f 1677 1671 1660
f 1678 1663 1664
f 1675 1679 1659
f 1665 1680 1672
f 1660 1671 1675
f 1679 1668 1659
f 1679 1682 1667
f 1682 1666 1667
f 1680 1665 1666
f 1664 1665 1672
f 1681 1679 1675
f 1660 1661 1677
f 1667 1668 1679
f 1676 1662 1685
f 1678 1686 1687
f 1688 1680 1666
f 1664 1673 1678
f 1662 1690 1685
f 1687 1662 1678
f 1689 1681 1675
f 1687 1690 1662
f 1662 1663 1678
f 1691 1689 1675
f 1692 1666 1682
f 1661 1662 1676
f 1692 1688 1666
f 1672 1674 1673
f 1674 1672 1695
f 1695 1694 1674
f 1677 1696 1671
f 1693 1697 1684
f 1684 1671 1693
f 1699 1679 1698
f 1698 1700 1699
f 1691 1701 1702
f 1691 1683 1701
f 1689 1691 1702
f 1681 1689 1703
f 1683 1684 1697
f 1697 1701 1683
f 1681 1700 1698
f 1681 1704 1700
f 1703 1704 1681
f 1702 1703 1689
f 1699 1682 1679
f 1694 1695 1708
f 1673 1686 1678
f 1680 1710 1672
f 1711 1680 1688
f 1688 1712 1711
f 1677 1676 1713
f 1696 1677 1713
f 1714 1693 1671
f 1715 1713 1676
f 1671 1696 1714
f 1713 1714 1696
f 1673 1718 1719
f 1673 1719 1720
f 1720 1686 1673
f 1718 1673 1674
f 1674 1694 1718
f 1718 1694 1719
f 1721 1686 1720
f 1722 1702 1701
f 1723 1704 1703
f 1724 1694 1708
f 1704 1723 1700
f 1714 1697 1693
f 1699 1700 1709
f 1715 1713 1725
f 1719 1694 1727
f 1706 1726 1707
f 1676 1730 1731
f 1729 1730 1676
f 1731 1732 1676
f 1676 1732 1715
f 1676 1717 1729
f 1717 1716 1729
f 1728 1729 1716
f 1687 1733 1734
f 1738 1690 1735
f 1690 1734 1735
f 1736 1716 1717
f 1717 1738 1736
f 1738 1717 1676
f 1687 1686 1721
f 1737 1687 1721
f 1737 1733 1687
f 1735 1736 1738
f 1734 1690 1687
f 1738 1685 1690
f 1721 1720 1740
f 1740 1739 1721
f 1721 1739 1741
f 1741 1742 1721
f 1742 1737 1721
f 1737 1742 1743
f 1739 1740 1720
f 1741 1739 1745
f 1745 1739 1720
f 1745 1720 1741
f 1744 1741 1720
f 1746 1732 1730
f 1728 1730 1729
f 1725 1715 1746
f 1715 1732 1746
f 1731 1730 1732
f 1749 1747 1748
f 1747 1743 1748
f 1743 1751 1750
f 1743 1747 1751
f 1748 1752 1747
f 1747 1753 1761
f 1761 1753 1754
f 1755 1756 1762
f 1758 1764 1763
f 1764 1759 1760
f 1759 1764 1758
f 1768 1766 1767
f 1766 1765 1767
f 1766 1768 1760
f 1775 1769 1774
f 1772 1770 1775
f 1767 1769 1773
f 1775 1770 1769
f 1772 1771 1770
f 1787 1780 1781
f 1783 1784 1788
f 1786 1778 1779
f 1794 1795 1791
f 1794 1793 1795
f 1709 1705 1692
f 1710 1680 1708
f 1680 1707 1708
f 1705 1706 1688
f 1688 1692 1705
f 1682 1699 1709
f 1708 1672 1710
f 1796 1706 1707
f 1797 1796 1707
f 1797 1707 1680
f 1796 1688 1706
f 1708 1695 1672
f 1692 1682 1709
f 1799 1798 1796
f 1796 1797 1799
f 1773 1769 1801
f 1769 1770 1801
f 1801 1770 1771
f 1771 1772 1801
f 1801 1800 1773
f 1767 1773 1800
f 1821 1807 1808
f 1810 1811 1809
f 1818 1819 1820
f 1807 1821 1806
f 1772 1823 1801
f 1823 1824 1801
f 1830 1820 1819
f 1830 1828 1820
f 1828 1826 1829
f 1830 1819 1826
f 1826 1828 1830
f 1820 1828 1831
f 1828 1829 1831
f 1832 1829 1826
f 1829 1832 1831
f 1826 1827 1832
f 1827 1833 1832
f 1833 1827 1825
f 1841 1840 1838
f 1838 1840 1834
f 1838 1835 1836
f 1836 1824 1838
f 1837 1800 1801
f 1839 1841 1838
f 1841 1839 1831
f 1840 1841 1831
f 1834 1840 1832
f 1832 1833 1834
f 1831 1832 1840
f 1801 1824 1837
f 1836 1837 1824
f 1834 1835 1838
f 1847 1845 1846
f 1846 1817 1818
f 1818 1847 1846
f 1817 1846 1845
f 1845 1844 1817
f 1820 1831 1847
f 1847 1818 1820
f 1848 1816 1844
f 1844 1845 1848
f 1848 1845 1850
f 1842 1823 1772
f 1822 1803 1843
f 1843 1842 1822
f 1772 1822 1842
f 1851 1843 1803
f 1842 1851 1852
f 1851 1842 1843
f 1803 1853 1851
f 1855 1851 1857
f 1858 1856 1855
f 1858 1859 1856
f 1861 1860 1862
f 1861 1854 1811
f 1811 1863 1861
f 1809 1811 1854
f 1772 1802 1822
f 1803 1804 1853
f 1803 1822 1802
f 1805 1853 1804
f 1844 1816 1817
f 1864 1812 1863
f 1863 1812 1813
f 1813 1865 1863
f 1865 1813 1814
f 1814 1866 1865
f 1814 1850 1866
f 1850 1814 1815
f 1850 1815 1867
f 1850 1867 1816
f 1816 1848 1850
f 1811 1863 1868
f 1811 1864 1863
f 1852 1851 1869
f 1845 1870 1871
f 1871 1849 1845
f 1823 1872 1874
f 1855 1875 1869
f 1873 1847 1831
f 1872 1823 1842
f 1842 1852 1872
f 1869 1851 1855
f 1845 1847 1870
f 1874 1876 1831
f 1850 1863 1865
f 1869 1872 1852
f 1855 1856 1875
f 1823 1874 1824
f 1863 1849 1871
f 1876 1873 1831
f 1856 1861 1877
f 1861 1878 1877
f 1861 1871 1878
f 1874 1838 1824
f 1839 1874 1831
f 1873 1870 1847
f 1861 1856 1860
f 1839 1838 1874
f 1863 1850 1849
f 1850 1865 1866
f 1877 1875 1856
f 1871 1861 1863
f 1864 1812 1813
f 1867 1815 1816
f 1814 1867 1815
f 1812 1864 1811
f 1879 1880 1874
f 1880 1881 1871
f 1881 1882 1878
f 1882 1883 1886
f 1883 1884 1872
f 1884 1879 1874
f 1874 1885 1876
f 1878 1886 1875
f 1873 1871 1870
f 1875 1872 1869
f 1875 1877 1878
f 1872 1875 1886
f 1871 1873 1885
f 1873 1876 1885
f 1874 1872 1884
f 1872 1886 1883
f 1886 1878 1882
f 1878 1871 1881
f 1871 1885 1880
f 1885 1874 1880
f 1887 1888 1882
f 1888 1889 1882
f 1889 1884 1883
f 1889 1890 1884
f 1884 1890 1891
f 1891 1879 1884
f 1879 1891 1892
f 1892 1881 1880
f 1881 1892 1887
f 1880 1879 1892
f 1883 1882 1889
f 1882 1881 1887
f 1892 1891 1890
f 1890 1889 1892
f 1889 1888 1892
f 1888 1887 1892
f 1904 1895 1896
f 1905 1899 1900
f 1900 1901 1902
f 1903 1893 1894
f 1899 1905 1898
f 1895 1904 1894
f 1913 1911 1910
f 1907 1909 1912
f 1857 1805 1806
f 1806 1855 1857
f 1809 1861 1862
f 1862 1808 1809
f 1857 1851 1805
f 1851 1853 1805
f 1854 1861 1809
f 1808 1860 1856
f 1821 1856 1914
f 1915 1855 1806
f 1914 1915 1806
f 1806 1821 1914
f 1856 1821 1808
f 1808 1862 1860
f 1917 1915 1914
f 1914 1916 1917
f 1912 1909 1919
f 1909 1910 706
f 706 1919 1909
f 1910 1911 706
f 1919 1918 1912
f 1907 1912 1918
f 1921 1920 1922
f 1930 1928 1929
f 1913 1920 1921
f 1942 1937 1940
f 1942 1938 1937
f 1937 1938 1943
f 1943 1938 1942
f 1943 1942 1940
f 1940 1941 1943
f 1941 1944 1943
f 1944 1941 1939
f 1948 1947 1945
f 1947 1945 1946
f 1946 1945 1949
f 1945 1939 1949
f 1958 1950 1951
f 1959 1953 1954
f 1962 1961 1960
f 1961 1962 1963
f 1964 1961 1957
f 1964 1960 1961
f 1964 1962 1960
f 1966 1969 1967
f 1962 1965 1968
f 1943 667 1937
f 667 665 1937
f 667 709 672
f 670 672 707
f 672 709 1971
f 672 1972 1973
f 1973 707 672
f 1973 1918 1919
f 707 1919 706
f 709 667 1943
f 1971 709 1943
f 1943 1944 1971
f 673 676 670
f 1919 707 1973
f 1971 1972 672
f 707 673 670
f 672 670 667
f 1779 1780 1976
f 1978 1976 1780
f 1780 1787 1978
f 1787 1781 1979
f 1980 1979 1781
f 1781 1782 1980
f 1980 1782 1783
f 1788 1981 1982
f 1982 1783 1788
f 1981 1788 1784
f 1785 1983 1984
f 1984 1784 1785
f 1716 1776 1728
f 1985 1785 1776
f 1776 1716 1985
f 1985 1983 1785
f 1986 1736 1735
f 1733 1737 1734
f 1761 1987 1988
f 1988 1737 1747
f 1737 1750 1751
f 1743 1750 1737
f 1751 1747 1737
f 1754 1989 1990
f 1990 1761 1754
f 1989 1754 1755
f 1755 1991 1989
f 1755 1762 1991
f 1756 1757 1992
f 1991 1762 1756
f 1993 1992 1757
f 1757 1758 1994
f 1995 1994 1758
f 1758 1763 1995
f 1997 1998 1764
f 1998 1763 1764
f 1760 1996 1997
f 1764 1760 1997
f 1998 1995 1763
f 1837 1836 1800
f 1800 1768 1767
f 1800 1996 1760
f 1760 1768 1800
f 1835 1834 1999
f 1893 2000 1833
f 1825 1893 1833
f 1903 1894 2001
f 2002 2001 1894
f 1894 1904 2002
f 2003 2002 1904
f 1904 1896 2003
f 1896 1897 2004
f 1898 2005 2004
f 2004 1897 1898
f 2005 1898 1905
f 1905 2006 2005
f 2006 1905 1900
f 1902 2007 2008
f 2008 1900 1902
f 1918 1901 1907
f 1918 2007 1902
f 1902 1901 1918
f 2009 1972 1971
f 1972 2009 1973
f 1944 1945 1948
f 1939 1945 1944
f 2011 1947 1950
f 1950 2012 2011
f 1947 2011 2010
f 2010 1948 1947
f 2012 1958 1951
f 1952 2013 2014
f 2014 1951 1952
f 1953 2015 2016
f 2016 1952 1953
f 1953 1959 2015
f 2017 2015 1954
f 2015 1959 1954
f 1954 1955 2017
f 1955 1956 2018
f 2019 2018 1956
f 2020 1963 1962
f 1961 1963 2020
f 1956 1957 2021
f 2021 2019 1956
f 1957 2020 2021
f 1957 1961 2020
f 2022 2020 2023
f 2027 2026 1786
f 1779 1977 2027
f 2026 1778 1786
f 1789 1778 2026
f 1786 1779 2027
f 2023 2024 2022
f 2018 2017 1955
f 1952 2016 2013
f 1951 2014 2012
f 1950 1958 2012
f 1948 2010 1944
f 1900 2008 2006
f 2004 2003 1896
f 2001 2000 1903
f 1893 1903 2000
f 1994 1993 1757
f 1992 1991 1756
f 1761 1990 1987
f 1988 1747 1761
f 1736 1986 1716
f 1784 1984 1981
f 1783 1982 1980
f 1979 1978 1787
f 1976 1977 1779
f 2018 2030 2017
f 2012 2031 2011
f 2025 2029 2022
f 1973 2032 1918
f 1979 2028 1976
f 1998 1995 1994
f 1990 2033 1988
f 1982 2034 1980
f 1978 1979 1976
f 1976 2027 1977
f 2025 2022 2024
f 2019 2021 2018
f 2016 2014 2013
f 2010 2011 1944
f 1944 2009 1971
f 1918 2008 2007
f 2000 2001 1833
f 1833 1999 1834
f 1836 1835 1800
f 1800 1997 1996
f 1993 1994 1992
f 1990 1988 1987
f 1735 1734 1986
f 1983 1985 1984
f 1984 1982 1981
f 2034 1982 1984
f 2033 1990 1989
f 1995 1998 1997
f 2028 1979 1980
f 2032 1973 2009
f 2029 2025 2026
f 2031 2012 2014
f 2030 2018 2021
f 710 1970 1937
f 1937 665 710
f 710 1935 1970
f 710 2035 1935
f 1935 710 662
f 662 711 2036
f 2036 1935 662
f 1975 705 1921
f 1911 1921 705
f 705 706 1911
f 680 1975 1922
f 1921 1922 1975
f 680 1922 1974
f 680 1974 1923
f 1923 704 680
f 2037 1930 1931
f 1933 2036 1934
f 2038 712 713
f 713 2039 2038
f 714 715 2040
f 715 702 1928
f 1928 2037 715
f 1935 2036 1934
f 1921 1911 1913
f 1922 1923 1974
f 2037 1928 1930
f 1970 1935 1936
f 1970 1936 1937
f 2041 1924 703
f 684 1924 1925
f 684 703 1924
f 686 684 1925
f 702 686 1926
f 702 1927 2042
f 703 704 1923
f 1923 2041 703
f 702 1928 2043
f 1928 702 2042
f 1926 1927 702
f 1925 1926 686
f 667 2044 710
f 2044 662 710
f 680 705 1975
f 665 667 710
f 2044 711 662
f 715 711 2046
f 680 706 705
f 711 2044 2047
f 2048 2044 667
f 670 676 2049
f 680 2045 706
f 711 715 656
f 676 2050 2049
f 702 2051 2045
f 715 2052 2051
f 2047 2046 711
f 670 2049 2048
f 676 706 2050
f 2045 680 702
f 2051 702 715
f 2046 2052 715
f 711 714 713
f 711 713 712
f 703 684 704
f 711 656 714
f 2048 667 670
f 2045 2053 706
f 684 686 704
f 2053 2050 706
f 686 702 704
f 680 704 702
f 2041 1924 1925
f 2042 1927 1928
f 1926 2042 1927
f 1924 2041 1923
f 2054 2055 2044
f 2055 2056 2044
f 2056 2057 2051
f 2057 2058 2051
f 2058 2059 2061
f 2059 2054 2048
f 2045 2061 2050
f 2050 2061 2049
f 2044 2060 2046
f 2046 2051 2052
f 2051 2046 2060
f 2046 2047 2044
f 2048 2049 2061
f 2050 2053 2045
f 2048 2061 2059
f 2061 2045 2058
f 2045 2051 2058
f 2051 2060 2056
f 2060 2044 2056
f 2044 2048 2054
f 2062 2063 2058
f 2063 2054 2059
f 2063 2064 2054
f 2055 2064 2065
f 2055 2065 2066
f 2066 2057 2056
f 2057 2066 2067
f 2067 2062 2058
f 2058 2057 2067
f 2056 2055 2066
f 2055 2054 2064
f 2059 2058 2063
f 2066 2065 2064
f 2064 2063 2066
f 2063 2067 2066
f 2062 2067 2063
f 1930 1931 2040
f 714 2040 1931
f 711 712 1933
f 1933 1934 711
f 1931 1932 713
f 713 714 1931
f 2037 1930 715
f 711 1934 2036
f 2068 1932 1933
f 1933 2069 2068
f 2069 1933 712
f 2068 713 1932
f 2040 715 1930
f 2071 2070 2068
f 2068 2069 2071
f 1968 1965 2072
f 1965 1966 2072
f 1966 1967 2072
f 1967 1969 2072
f 2072 2020 1968
f 1962 1968 2020
f 1969 2073 2072
f 1795 2074 2092
f 2090 2088 2089
f 2081 2082 2091
f 2092 2075 2074
f 1793 1794 2094
f 1794 1791 2094
f 2095 2094 1791
f 1791 1792 2095
f 1792 2026 2095
f 2026 1792 1789
f 2097 2100 2096
f 2098 2099 2097
f 2099 2025 2024
f 2024 2100 2099
f 2100 2024 2023
f 2072 2101 2020
f 2101 2023 2020
f 2094 2095 2099
f 2025 2099 2095
f 2095 2026 2025
f 2072 2096 2101
f 2023 2101 2100
f 2100 2097 2099
f 2101 2096 2100
f 2102 2103 2073
f 2103 2096 2072
f 2072 2073 2103
f 2106 2075 2074
f 2074 2107 2106
f 2074 2094 2107
f 2075 2106 2105
f 2094 2074 1793
f 2104 2075 2105
f 2104 2105 2108
f 2108 2076 2104
f 2102 2073 1969
f 2093 2088 2102
f 2089 2093 2102
f 1969 2089 2102
f 2109 2102 2088
f 2102 2088 2111
f 2111 2110 2102
f 2112 2091 2080
f 2080 2113 2112
f 2113 2080 2079
f 2079 2114 2113
f 2079 2115 2114
f 2115 2079 2077
f 2091 2112 2116
f 2116 2082 2091
f 2115 2077 2076
f 2076 2108 2115
f 2118 2116 2112
f 2117 2082 2116
f 2116 2118 2117
f 2118 2119 2117
f 2077 2079 2078
f 2080 2091 2081
f 2083 2082 2117
f 1793 2074 1795
f 2089 2088 2093
f 2104 2076 2075
f 2084 2117 2083
f 2111 2088 2087
f 2110 2120 2121
f 2106 2122 2105
f 2102 2096 2103
f 2102 2121 2096
f 2124 2125 2096
f 2110 2119 2120
f 2098 2097 2126
f 2105 2118 2112
f 2119 2123 2128
f 2107 2130 2122
f 2125 2097 2096
f 2127 2119 2110
f 2123 2119 2118
f 2129 2118 2105
f 2122 2106 2107
f 2130 2107 2094
f 2098 2130 2094
f 2132 2133 2110
f 2105 2112 2113
f 2128 2120 2119
f 2122 2129 2105
f 2125 2126 2097
f 2096 2121 2124
f 2131 2132 2110
f 2105 2114 2115
f 2129 2123 2118
f 2126 2130 2098
f 2105 2113 2114
f 2133 2127 2110
f 2115 2108 2105
f 2121 2102 2110
f 2134 2135 2132
f 2132 2131 2134
f 2119 2127 2133
f 2136 2137 2123
f 2137 2138 2142
f 2138 2139 2124
f 2139 2140 2124
f 2140 2141 2143
f 2141 2136 2129
f 2125 2143 2130
f 2125 2130 2126
f 2123 2142 2120
f 2120 2124 2121
f 2130 2129 2122
f 2123 2120 2128
f 2129 2130 2143
f 2124 2120 2142
f 2129 2143 2141
f 2143 2125 2140
f 2125 2124 2140
f 2124 2142 2138
f 2142 2123 2137
f 2123 2129 2136
f 2145 2141 2140
f 2140 2144 2145
f 2145 2136 2141
f 2145 2146 2136
f 2137 2146 2147
f 2139 2147 2148
f 2148 2144 2140
f 2140 2139 2148
f 2139 2138 2147
f 2138 2137 2147
f 2137 2136 2146
f 2146 2145 2147
f 2148 2147 2145
f 2144 2148 2145
f 2087 2131 2110
f 2087 2086 2131
f 2083 2119 2133
f 2133 2084 2083
f 2111 2087 2110
f 2119 2083 2117
f 2084 2133 2132
f 2085 2132 2149
f 2150 2131 2086
f 2086 2149 2150
f 2086 2085 2149
f 2132 2085 2084
f 2152 2150 2149
f 2149 2151 2152
f 1946 2154 1947
f 1947 2154 2155
f 2153 1947 2155
f 2155 2156 2153
f 2158 2160 2035
f 2160 2162 2166
f 2162 2161 2170
f 2166 2170 2165
f 2168 2035 2167
f 2160 2158 2159
f 2163 712 2161
f 2170 712 2164
f 2164 2165 2170
f 2171 2169 2155
f 2155 2154 2171
f 2158 2171 2154
f 2154 1946 2158
f 712 2170 2161
f 2166 2167 2035
f 2168 2169 2171
f 2170 2166 2162
f 2166 2035 2160
f 2035 2168 2158
f 2168 2171 2158
f 2169 2156 2155
f 2172 2166 2165
f 2172 2167 2166
f 2172 2168 2167
f 2168 2172 2169
f 2172 2156 2169
f 2172 2173 2156
f 2157 2153 2156
f 2156 2173 2157
f 2165 2173 2172
f 2164 2174 2165
f 2157 2173 2165
f 2165 2174 2157
f 2163 2164 712
f 2164 2163 2174
f 712 2175 2174
f 2069 712 2174
f 2174 2071 2069
f 712 2038 2175
f 2177 2174 2175
f 2175 2176 2177
f 2178 2179 2180
f 2181 2180 2177
f 2177 2176 2181
f 2180 2181 2178
f 2179 2178 2183
f 2183 2182 2179
f 2150 2152 2182
f 2182 2183 2131
f 2182 2131 2150
f 2183 2134 2131
f 2185 2186 2187
f 2185 2182 2186
f 2187 2188 2185
f 2186 2131 2187
f 2182 2184 2186
f 2131 2186 2184
f 2185 2188 2190
f 2190 2189 2185
f 2191 2188 2187
f 2190 2191 2192
f 2192 2193 2190
f 2191 2194 2192
f 2187 2195 2191
f 2195 2194 2191
f 2193 2196 2190
f 2188 2191 2190
f 2197 2198 2195
f 2198 2199 2109
f 2199 2201 2192
f 2195 2109 2192
f 2192 2203 2193
f 2195 2192 2194
f 2187 2131 2204
f 2197 2131 2184
f 2197 2204 2131
f 2200 2201 2199
f 2203 2201 2073
f 2202 2073 2201
f 2203 2073 2196
f 2196 2193 2203
f 2195 2187 2204
f 2203 2192 2201
f 2192 2109 2199
f 2109 2195 2198
f 2195 2204 2197
f 2189 2190 2196
f 2196 1957 2189
f 1957 2196 2202
f 2202 2196 2073
f 2202 1964 1957
f 1825 1906 1893
f 2205 1894 1906
f 1895 2206 1896
f 2207 1906 1825
f 2209 2206 1895
f 1895 2208 2209
f 2210 2211 1894
f 1895 1894 2211
f 2211 2208 1895
f 2205 1906 2212
f 2212 2210 2205
f 1894 2205 2210
f 1906 2214 1846
f 2214 2215 2219
f 2221 1846 2220
f 2214 1906 2213
f 2216 1848 2215
f 2219 1848 2218
f 2218 2217 2219
f 1848 2219 2215
f 2219 2220 1846
f 1846 2221 2212
f 2219 1846 2214
f 1846 2212 1906
f 2208 2211 2222
f 2212 2222 2211
f 2212 2211 2210
f 1896 2209 2223
f 2209 1896 2206
f 2225 2208 2222
f 2222 2221 2225
f 2225 2209 2208
f 2225 2220 2219
f 2222 2212 2221
f 2221 2220 2225
f 2219 2217 2225
f 1896 2223 2226
f 2226 2224 1896
f 2225 2223 2209
f 2225 2226 2223
f 2227 2224 2225
f 2226 2225 2224
f 2227 2217 2218
f 2227 2225 2217
f 2218 2228 2227
f 2228 2218 1848
f 1848 2216 2228
f 2231 2232 2230
f 2229 2230 2232
f 2231 2230 2233
f 2233 2234 2231
f 2238 2239 2237
f 2243 2236 2242
f 2242 2244 2243
f 713 2242 2039
f 2068 2070 2244
f 2244 713 2068
f 713 2244 2242
f 2244 2245 2243
f 2250 2252 2251
f 2253 2252 2250
f 2254 2255 2253
f 2253 2250 2254
f 2253 2255 1856
f 1859 2253 1856
f 1914 1856 2255
f 2255 1916 1914
f 2259 2235 2258
f 2257 2235 2259
f 2259 2260 2257
f 1908 1900 2261
f 1898 2257 2260
f 2260 2262 1898
f 1901 1908 1907
f 2260 2263 2264
f 2264 2265 2260
f 2263 2266 2264
f 2260 2267 2263
f 2260 2259 2268
f 2268 2267 2260
f 2265 2262 2260
f 2258 704 2268
f 2235 2256 704
f 704 2258 2235
f 2268 2259 2258
f 2238 2237 1930
f 2239 2238 1928
f 1929 1928 2238
f 2240 2239 1928
f 2241 2240 1927
f 1907 2269 1920
f 1907 1920 1909
f 1920 1910 1909
f 1920 1913 1910
f 1908 1921 1920
f 2269 1908 1920
f 1922 1908 2270
f 2271 1923 1922
f 1922 2270 2271
f 2256 2235 1923
f 2256 1923 2271
f 1924 2235 2232
f 1925 2232 2231
f 2232 1925 1924
f 2241 1926 2231
f 2231 1926 1925
f 2237 2236 2243
f 2243 1930 2237
f 2070 1932 1931
f 2070 2243 2245
f 2245 2244 2070
f 2070 1931 2243
f 2071 2174 1933
f 1933 1932 2070
f 2070 2071 1933
f 2161 1933 2163
f 2174 2163 1933
f 1934 2161 2162
f 1935 2162 2160
f 1935 2160 2159
f 1935 2159 2158
f 1937 1946 1949
f 1936 2158 1946
f 1949 1941 1940
f 1940 1937 1949
f 1939 1941 1949
f 1937 1936 1946
f 2158 1936 1935
f 2162 1935 1934
f 2161 1934 1933
f 1931 1930 2243
f 2231 2234 2241
f 1924 1923 2235
f 1922 1921 1908
f 1927 1926 2241
f 1928 1927 2240
f 1930 1929 2238
f 1907 1908 2269
f 2261 2272 2266
f 2266 1908 2261
f 2264 1900 1899
f 2272 2261 1900
f 1900 2264 2272
f 2262 2265 1899
f 1899 1898 2262
f 1899 2265 2264
f 2271 2270 1975
f 2270 1908 2266
f 1975 2266 2263
f 2268 1975 2263
f 2268 2263 2267
f 2271 704 2256
f 2271 2268 704
f 2266 1975 2270
f 1975 2268 2271
f 2272 2264 2266
f 1752 2273 1747
f 1753 1747 2273
f 2273 2274 1753
f 1686 2273 1752
f 2276 2277 2286
f 2277 2278 1674
f 2278 2280 2284
f 2280 2279 1710
f 2284 1710 2283
f 2281 2282 2279
f 1710 2282 2283
f 2288 2287 2273
f 2273 1686 2288
f 2276 2288 1686
f 1686 1752 2276
f 2282 1710 2279
f 2284 2285 2286
f 2286 2287 2288
f 2284 2286 1674
f 1710 2284 2280
f 2284 1674 2278
f 1674 2286 2277
f 2286 2288 2276
f 2274 2287 2286
f 2289 2284 2283
f 2274 2273 2287
f 2289 2285 2284
f 2286 2289 2274
f 2286 2285 2289
f 2275 1753 2274
f 2274 2289 2275
f 2275 2289 2283
f 2283 2282 2275
f 2282 2281 2275
f 1680 2290 2281
f 1797 1680 2281
f 2281 1799 1797
f 1680 1711 2290
f 2292 2281 2290
f 2290 2291 2292
f 2293 2294 2295
f 2296 2295 2292
f 2292 2291 2296
f 2295 2296 2293
f 2294 2293 2298
f 2298 2297 2294
f 1915 1917 2297
f 2297 2298 1855
f 2297 1855 1915
f 2298 1858 1855
f 2300 2301 2297
f 2299 2297 2301
f 2301 2302 2299
f 2299 2302 2303
f 2303 1759 2299
f 2304 2303 2302
f 2304 2302 2305
f 2302 2306 2307
f 2307 2305 2302
f 2301 2306 2302
f 1812 2247 2246
f 2247 1812 1811
f 1811 2248 2247
f 1811 2249 2248
f 2249 1810 1809
f 1809 2251 2249
f 1765 1772 1769
f 1772 1774 1769
f 1769 1767 1765
f 1775 1774 1772
f 2309 1802 1766
f 1766 1802 1772
f 1765 1766 1772
f 2309 2310 1802
f 1803 1802 2310
f 2310 2311 1803
f 2311 2312 1804
f 1805 1804 2312
f 2312 2313 1805
f 1806 1805 2313
f 1806 2313 2297
f 1916 1807 1806
f 1806 1917 1916
f 1917 1806 2297
f 1916 2255 2254
f 2254 1808 1916
f 1808 1807 1916
f 2251 1809 2254
f 2254 1809 1808
f 2246 2233 2230
f 2230 1813 2246
f 1815 1814 2229
f 2230 2229 1814
f 1816 1815 2229
f 2229 2228 1816
f 2216 2215 1816
f 2228 2216 1816
f 2215 2214 1817
f 2214 2213 1817
f 2213 1818 1817
f 1818 1906 2207
f 1818 2213 1906
f 1818 1826 1830
f 1825 1827 1826
f 1826 1818 1825
f 1818 2207 1825
f 1830 1819 1818
f 1817 1816 2215
f 1814 1813 2230
f 2254 2250 2251
f 1804 1803 2311
f 2249 1811 1810
f 2246 1813 1812
f 1759 2303 2308
f 2308 1760 1759
f 1760 2314 1766
f 1760 2308 2314
f 2313 2312 2306
f 2312 2311 1843
f 2311 2310 2305
f 2310 2309 2315
f 2305 2315 2304
f 2301 2300 1857
f 2313 2300 2297
f 2313 1857 2300
f 2315 2309 2314
f 1766 2314 2309
f 2315 2314 2308
f 2308 2304 2315
f 2305 2307 2306
f 2305 2306 1843
f 2306 2301 1857
f 2315 2305 2310
f 2305 1843 2311
f 1843 2306 2312
f 2306 1857 2313
f 2308 2303 2304
f 1777 1785 2317
f 1728 1776 1777
f 2317 2318 2319
f 2319 1777 2317
f 2320 1785 2316
f 2318 2317 1785
f 1785 2320 2318
f 2321 2322 2316
f 2316 1783 2321
f 2316 2322 2320
f 2319 1777 1776
f 2327 2328 1696
f 2328 1777 2319
f 2325 1696 2324
f 2327 1684 2326
f 2327 2325 1684
f 2329 1777 2328
f 2319 2324 1696
f 2319 1696 2328
f 1696 2325 2327
f 2318 2320 2319
f 2322 2321 2330
f 2331 2324 2320
f 2320 2322 2331
f 2324 2319 2320
f 2325 2324 2331
f 2322 2330 2331
f 2332 2330 2321
f 2330 2332 2331
f 1783 2323 2332
f 2332 2321 1783
f 2333 2325 2331
f 2331 2332 2333
f 2323 2334 2333
f 2323 2335 2334
f 2333 2332 2323
f 1684 2334 2335
f 2325 2333 2334
f 2334 1684 2325
f 2335 2326 1684
f 2337 2336 2338
f 2338 2339 2337
f 2337 2339 2340
f 2340 2341 2337
f 2345 2346 2348
f 2350 2351 2349
f 2349 2347 2350
f 2349 2351 2132
f 2135 2349 2132
f 2149 2132 2351
f 2351 2151 2149
f 2351 2350 2352
f 2359 2353 2354
f 2353 2359 2360
f 2355 2354 1709
f 2356 2355 1700
f 1709 1700 2355
f 2357 2356 1700
f 1704 1723 2357
f 1723 1703 2358
f 2358 2357 1723
f 1728 1715 1730
f 1746 1730 1715
f 2329 1713 1777
f 1713 1715 1728
f 1728 1777 1713
f 1714 2329 2328
f 2327 1697 1714
f 1714 2328 2327
f 2326 1697 2327
f 2336 1722 1701
f 2335 2336 1697
f 2326 2335 1697
f 2336 1702 1722
f 2336 2337 1702
f 2358 1703 2337
f 2337 1703 1702
f 2354 2353 2361
f 2361 1709 2354
f 1798 1726 1706
f 2361 2362 1798
f 1798 1705 2361
f 1799 2281 1707
f 1707 1726 1798
f 1798 1799 1707
f 2279 1708 2281
f 2281 1708 1707
f 1708 2279 2280
f 2278 1694 1724
f 1724 2280 2278
f 2277 1727 1694
f 1694 2278 2277
f 1719 2277 2276
f 1720 1752 1748
f 1719 2276 1752
f 1748 1742 1741
f 1741 1720 1748
f 1743 1742 1748
f 1720 1719 1752
f 2277 1719 1727
f 2280 1724 1708
f 1706 1705 1798
f 1705 1709 2361
f 2337 2341 2358
f 1701 1697 2336
f 1714 1713 2329
f 1700 1704 2357
f 1688 2360 1712
f 1796 1798 2362
f 2362 1688 1796
f 1688 2362 2360
f 2361 2353 2360
f 2360 2362 2361
f 2341 2340 1980
f 2363 1711 2033
f 2340 2028 1980
f 1711 1988 2033
f 1980 2034 2341
f 2363 2290 1711
f 1711 1737 1988
f 2363 1989 1991
f 1994 1995 2366
f 2038 1918 2032
f 1734 1737 1711
f 2341 1986 1734
f 2341 1985 1716
f 2034 1984 2341
f 2340 2027 1976
f 2363 2365 2291
f 2363 2033 1989
f 2367 1992 1994
f 2368 2367 1800
f 2038 2008 1918
f 2038 2005 2006
f 1734 1712 2341
f 1984 1985 2341
f 2340 2026 2027
f 2135 2345 2348
f 2135 2340 2343
f 2291 2290 2363
f 2363 1991 1992
f 2366 2367 1994
f 1800 1835 2368
f 1835 1858 2368
f 2006 2008 2038
f 2371 1944 2011
f 2369 2031 2014
f 1712 2355 2356
f 1712 2359 2354
f 1716 1986 2341
f 2340 2029 2026
f 2340 2135 2022
f 2022 2135 2134
f 2343 2344 2135
f 2370 2368 1858
f 2005 2038 2039
f 1859 1858 1835
f 2364 2374 2175
f 2364 2038 2032
f 2371 2009 1944
f 2371 2369 2014
f 2373 2372 2176
f 1712 2357 2358
f 2354 2355 1712
f 1976 2028 2340
f 2134 2020 2022
f 2344 2345 2135
f 2298 2293 2375
f 2365 2375 2293
f 1992 2367 2363
f 2367 2366 1995
f 2234 2004 2005
f 2233 2003 2004
f 1999 2233 1859
f 2032 2371 2364
f 2371 2032 2009
f 2369 2011 2031
f 2014 2016 2371
f 2372 2016 2176
f 2356 2357 1712
f 2022 2029 2340
f 2348 2347 2135
f 2296 2291 2365
f 1995 1997 2367
f 2004 2234 2233
f 2233 2001 2002
f 1835 1999 1859
f 2364 2175 2038
f 2016 2372 2371
f 1712 2360 2359
f 2347 2349 2135
f 2293 2296 2365
f 1997 1800 2367
f 2002 2003 2233
f 1999 1833 2233
f 1859 2249 2251
f 1859 2246 2247
f 2011 2369 2371
f 2039 2236 2237
f 1711 1712 1734
f 2375 2370 1858
f 1833 2001 2233
f 1859 2248 2249
f 1859 2233 2246
f 2176 2175 2376
f 2175 2374 2376
f 2039 2240 2241
f 2237 2239 2039
f 2375 1858 2298
f 2039 2234 2005
f 2247 2248 1859
f 2176 2376 2373
f 2021 2020 2134
f 2015 2181 2176
f 2015 2178 2181
f 2239 2240 2039
f 2251 2252 1859
f 2183 2030 2021
f 2178 2017 2030
f 2039 2242 2236
f 2252 2253 1859
f 2030 2183 2178
f 2176 2016 2015
f 2358 2341 1712
f 2015 2017 2178
f 2241 2234 2039
f 2134 2183 2021
f 2363 2367 2378
f 2367 2368 2378
f 2368 2370 2380
f 2370 2375 2381
f 2375 2365 2381
f 2365 2363 2377
f 2377 2382 2365
f 2382 2381 2365
f 2381 2380 2370
f 2380 2379 2368
f 2379 2378 2368
f 2378 2377 2363
f 2372 2373 2385
f 2373 2376 2385
f 2376 2374 2385
f 2374 2364 2387
f 2364 2371 2388
f 2371 2372 2388
f 2384 2388 2372
f 2388 2387 2364
f 2387 2386 2374
f 2386 2385 2374
f 2385 2384 2372
f 2385 2389 2384
f 2392 2394 2393
f 2392 2395 2394
f 2393 2342 2392
f 2397 1779 1790
f 1781 2398 2395
f 2395 2392 1781
f 2394 2395 2399
f 2399 2400 2394
f 2399 2395 2398
f 2399 2401 2402
f 2399 2398 2401
f 2402 2403 2399
f 2399 2403 2400
f 2402 2404 2403
f 2400 2108 2393
f 2108 2391 2342
f 2342 2393 2108
f 2393 2394 2400
f 2343 2080 2081
f 2081 2344 2343
f 2344 2091 2082
f 2082 2345 2344
f 2082 2346 2345
f 2083 2348 2346
f 1964 1969 1965
f 1965 1962 1964
f 1969 1966 1965
f 2201 2089 2202
f 2202 2089 1969
f 1964 2202 1969
f 2090 2089 2201
f 2201 2200 2090
f 2200 2199 2088
f 2199 2198 2088
f 2087 2088 2198
f 2198 2197 2087
f 2086 2087 2182
f 2184 2182 2087
f 2087 2197 2184
f 2151 2085 2086
f 2086 2152 2151
f 2152 2086 2182
f 2151 2351 2352
f 2350 2084 2151
f 2151 2084 2085
f 2348 2083 2350
f 2350 2083 2084
f 2343 2340 2339
f 2339 2080 2343
f 2078 2079 2338
f 2339 2338 2079
f 2076 2077 2342
f 2338 2342 2077
f 2077 2078 2338
f 2342 2391 2076
f 2391 2405 2076
f 2405 2406 2075
f 2406 1790 2075
f 1790 2074 2075
f 2092 1790 1789
f 1789 1795 2092
f 1789 1792 1791
f 1791 1795 1789
f 2092 2074 1790
f 2075 2076 2405
f 2079 2080 2339
f 2350 2347 2348
f 2352 2350 2151
f 2088 2090 2200
f 2346 2082 2083
f 2344 2081 2091
f 1790 1778 1789
f 2398 1781 2396
f 2396 2401 2398
f 2407 2402 1779
f 2402 2401 2396
f 2396 1779 2402
f 2397 1790 2404
f 2404 2407 2397
f 1779 2397 2407
f 1790 2406 2106
f 2406 2405 2400
f 2404 2106 2403
f 2391 2108 2405
f 2108 2400 2405
f 2400 2403 2106
f 2400 2106 2406
f 2106 2404 1790
f 1790 1778 2404
f 2404 2402 2407
f 1893 1906 1894
f 2229 2224 2227
f 1908 1901 1900
f 2232 2235 2257
f 2257 2229 2232
f 2227 2228 2229
f 2257 2224 2229
f 2224 2226 2223
f 2223 1896 2224
f 2224 2257 2260
f 2260 2226 2224
f 1897 2408 2262
f 1897 1896 2223
f 2223 2408 1897
f 2262 1898 1897
f 2257 1898 2262
f 2262 2260 2257
f 2223 2409 2408
f 2408 2409 2262
f 1785 1784 2316
f 1780 2396 1781
f 1779 1778 1790
f 1777 1776 1785
f 2396 1780 1779
f 2336 2335 2323
f 2336 2323 2392
f 2338 2336 2392
f 2392 2342 2338
f 1783 2316 1784
f 1782 1781 2398
f 1782 2410 2321
f 2321 1783 1782
f 2398 2410 1782
f 2323 2332 2395
f 2395 2392 2323
f 2323 1783 2321
f 2321 2332 2323
f 2392 2395 2398
f 2398 1781 2392
f 2399 2411 2410
f 2411 2321 2410
f 2410 2398 2399
f 2332 2411 2399
f 2399 2395 2332
f 2321 2411 2332
f 2387 2388 2390
f 2389 2412 2384
f 2412 2388 2384
f 2390 2388 2412
f 2385 2413 2389
f 2386 2413 2385
f 2414 2415 2389
f 2389 2413 2414
f 2416 2414 2413
f 2413 2386 2416
f 2417 2416 2386
f 2386 2387 2417
f 2417 2418 2416
f 2417 2387 2390
f 2390 2419 2417
f 2419 2390 2412
f 2412 2420 2419
f 2418 2417 2419
f 2415 2420 2412
f 2412 2389 2415
f 2383 2378 2379
f 2377 2378 2421
f 2377 2421 2382
f 2378 2383 2421
f 2422 2381 2382
f 2423 2382 2421
f 2421 2424 2423
f 2380 2381 2422
f 2425 2422 2382
f 2382 2423 2425
f 2426 2424 2421
f 2421 2383 2426
f 2425 2427 2380
f 2380 2422 2425
f 2428 2379 2380
f 2380 2427 2428
f 2426 2383 2379
f 2379 2428 2426
f 2429 2428 2427
f 2426 2428 2429
f 2226 2260 2409
f 2260 2430 2409
f 2223 2226 2409
f 2260 2262 2430
f 2430 2262 2409
f 1953 1951 2431
f 2432 2433 1954
f 1954 1953 2432
f 2414 2434 2415
f 1955 1954 2433
f 1955 2189 1956
f 1950 2153 2436
f 2189 1957 1956
f 2420 2415 2434
f 2436 1951 1950
f 1951 2419 2420
f 2179 2182 2437
f 1951 1953 1952
f 2153 2418 2435
f 2431 2432 1953
f 2185 2437 2182
f 1950 1947 2153
f 2437 2185 2189
f 2418 2153 2157
f 2174 2177 2416
f 2416 2157 2174
f 2414 2416 2177
f 2416 2438 2157
f 2418 2157 2438
f 2418 2438 2439
f 2439 2440 2418
f 2418 2440 2386
f 2386 2416 2418
f 2439 2416 2386
f 2416 2439 2438
f 2439 2386 2440
f 2419 2441 2418
f 2435 2418 2441
f 2441 2419 2390
f 2390 2442 2441
f 2419 1951 2443
f 2443 2390 2419
f 2443 1951 2436
f 2436 2156 2443
f 2436 2153 2156
f 2435 2156 2153
f 2435 2444 2156
f 2443 2156 2442
f 2444 2442 2156
f 2442 2390 2443
f 2441 2442 2444
f 2444 2435 2441
f 2179 2437 2445
f 2445 2446 2179
f 2447 2414 2177
f 2434 2414 2447
f 2177 2180 2448
f 2180 2179 2446
f 2446 2448 2180
f 2448 2449 2177
f 2433 2432 2450
f 2189 2190 2445
f 2445 2437 2189
f 2434 2447 2451
f 2451 2452 2434
f 2177 2449 2451
f 2451 2447 2177
f 2420 2412 2443
f 2443 1951 2420
f 2450 2453 2454
f 2455 1955 2433
f 2433 2454 2455
f 2456 2457 2432
f 2450 2432 2457
f 2457 2453 2450
f 2190 2189 1955
f 1955 2455 2190
f 2456 1951 2443
f 1951 2456 2431
f 2432 2431 2456
f 2454 2433 2450
f 2452 2412 2420
f 2420 2434 2452
f 2457 2454 2453
f 2456 2443 2458
f 2455 2459 2190
f 2454 2459 2455
f 2458 2443 2412
f 2412 2452 2460
f 2463 2445 2459
f 2464 2448 2446
f 2454 2457 2462
f 2445 2190 2459
f 2452 2451 2449
f 2459 2454 2463
f 2462 2456 2412
f 2449 2464 2452
f 2446 2463 2464
f 2457 2456 2462
f 2460 2461 2462
f 2452 2464 2465
f 2462 2463 2454
f 2412 2456 2458
f 2446 2445 2463
f 2412 2460 2462
f 2449 2448 2464
f 2460 2452 2465
f 2460 2463 2461
f 2463 2462 2461
f 2465 2463 2460
f 2465 2464 2463
f 2466 1755 1754
f 2467 1756 1755
f 2468 1757 1756
f 1755 2466 2467
f 2468 1758 1757
f 1756 2467 2468
f 2424 2426 1758
f 1753 2275 2469
f 1759 1758 1763
f 2281 2469 2275
f 2294 2427 2425
f 2470 2423 2424
f 2429 2299 1759
f 2423 2470 2425
f 2297 2299 2427
f 2469 2281 2292
f 2427 2294 2297
f 2425 2471 2294
f 2471 2425 2470
f 2472 2470 2424
f 2424 2421 2472
f 2470 2472 2473
f 2473 2471 2470
f 2474 2471 2473
f 2471 2474 2294
f 2475 2467 2466
f 2476 1758 2468
f 1758 2476 2424
f 2424 2476 2477
f 2477 2421 2424
f 2475 2478 2479
f 2480 2468 2467
f 2467 2479 2480
f 2481 2482 2466
f 2475 2466 2482
f 2482 2478 2475
f 2468 2480 2476
f 2477 2476 2480
f 2274 2483 1754
f 2483 2481 1754
f 1754 1753 2274
f 2466 1754 2481
f 2479 2467 2475
f 2292 2484 2485
f 2485 2469 2292
f 2292 2295 2486
f 2295 2294 2474
f 2474 2486 2295
f 2486 2484 2292
f 2486 2488 2484
f 2486 2474 2487
f 2473 2487 2474
f 1753 2469 2485
f 2485 2274 1753
f 2478 2482 2479
f 2481 2483 2482
f 2274 2481 2483
f 2484 2488 2485
f 2299 2489 2427
f 2489 2299 2429
f 2429 2490 2489
f 2429 2491 2490
f 2429 2427 2380
f 2380 2491 2429
f 2489 2490 2380
f 2380 2427 2489
f 2380 2490 2491
f 1759 2492 2429
f 2492 1759 2303
f 2303 2493 2492
f 2429 2494 2426
f 2492 2493 2491
f 2491 2429 2492
f 2491 2495 2494
f 2494 2429 2491
f 2426 2383 2496
f 2496 1758 2426
f 2303 1758 2496
f 1758 2303 1763
f 2303 1759 1763
f 2496 2477 2303
f 2303 2477 2495
f 2495 2493 2303
f 2495 2477 2383
f 2477 2496 2383
f 2491 2493 2495
f 2494 2495 2383
f 2383 2426 2494
f 2497 2472 2421
f 2501 2482 2481
f 2481 2485 2501
f 2482 2501 2500
f 2502 2501 2488
f 2500 2479 2482
f 2488 2486 2502
f 2472 2502 2487
f 2497 2480 2500
f 2481 2274 2485
f 2501 2485 2488
f 2498 2502 2472
f 2502 2486 2487
f 2421 2477 2497
f 2497 2477 2480
f 2487 2473 2472
f 2500 2499 2497
f 2500 2480 2479
f 2472 2497 2499
f 2472 2501 2498
f 2499 2501 2472
f 2501 2502 2498
f 2499 2500 2501
