# frame.obj: cell=6mm zshift=0.0cm, cm units
v -58.994 -46.412 0.219
v -59.005 -46.685 0.386
v -58.947 -46.547 0.240
v -59.324 -46.580 0.472
v -59.274 -47.351 0.753
v -59.208 -47.805 0.806
v -59.360 -48.141 1.207
v -59.425 -46.418 0.467
v -59.544 -46.410 0.252
v -61.191 -46.073 4.339
v -61.782 -46.739 3.018
v -61.778 -46.162 3.019
v -61.374 -46.621 4.423
v -61.601 -46.535 3.638
v -61.599 -46.362 3.639
v -60.073 -44.726 0.274
v -60.027 -45.883 0.190
v -60.314 -45.877 0.190
v -60.309 -44.718 0.245
v -59.978 -44.674 0.232
v -61.321 -44.722 0.261
v -61.309 -45.882 0.190
v -59.950 -45.988 0.186
v -61.257 -44.675 0.231
v -62.304 -44.723 0.279
v -62.328 -45.860 0.244
v -58.945 -45.856 0.250
v -62.368 -44.556 0.228
v -60.352 -45.921 0.190
v -61.280 -45.922 0.190
v -62.274 -46.113 0.190
v -58.943 -44.664 0.248
v -61.738 -46.122 0.190
v -58.859 -44.777 0.278
v -60.347 -44.671 0.222
v -61.511 -44.647 0.190
v -62.277 -45.858 0.324
v -60.732 -45.222 1.579
v -61.220 -45.105 1.134
v -60.858 -45.105 1.153
v -61.237 -44.807 0.466
v -59.578 -45.215 1.566
v -59.961 -45.112 1.140
v -60.038 -44.832 0.501
v -60.007 -45.224 1.561
v -61.302 -44.695 0.313
v -59.933 -44.696 0.315
v -58.964 -45.694 0.563
v -59.329 -44.872 1.135
v -58.922 -44.557 0.366
v -58.891 -44.925 0.541
v -60.330 -44.716 0.339
v -60.347 -44.695 0.311
v -62.377 -44.573 0.340
v -62.247 -44.770 0.408
v -61.894 -45.219 1.597
v -61.138 -45.223 1.575
v -62.020 -45.106 1.164
v -62.223 -44.940 1.021
v -58.858 -45.192 1.595
v -58.894 -45.065 1.143
v -33.556 4.384 100.310
v -33.562 4.643 100.251
v -33.567 4.656 100.645
v -33.548 4.324 100.556
v -34.750 4.553 100.875
v -34.233 4.157 101.396
v -33.677 4.075 101.579
v 33.715 4.075 101.579
v -36.853 10.195 87.958
v -37.076 10.127 87.965
v 33.586 4.656 100.645
v -34.589 4.423 101.168
v 34.271 4.157 101.396
v 37.083 10.120 87.966
v 33.600 4.643 100.251
v 34.626 4.423 101.168
v 34.787 4.553 100.875
v 37.179 10.737 86.617
v -37.141 10.737 86.617
v -37.152 10.155 87.610
v -37.801 10.700 86.923
v -38.246 10.101 88.046
v -38.202 10.545 87.417
v -38.275 10.256 87.698
v -36.799 10.133 87.679
v 37.171 10.164 87.613
v 36.828 10.113 87.683
v 36.836 10.310 87.945
v 38.284 10.101 88.046
v 38.313 10.256 87.698
v 37.767 10.715 86.851
v 38.240 10.545 87.417
v 38.126 10.638 87.208
v -34.696 4.236 100.851
v 33.594 4.324 100.556
v -37.512 10.564 86.637
v 37.550 10.564 86.637
v -38.202 10.271 87.295
v -38.010 10.405 86.994
v 34.734 4.236 100.851
v 33.594 4.384 100.310
v 37.968 10.446 86.902
v 38.183 10.318 87.190
v 61.614 -46.770 2.000
v 61.443 -46.782 1.984
v 61.733 -46.817 2.337
v 61.428 -46.738 2.350
v 61.713 -48.183 2.148
v 61.166 -45.973 4.617
v 33.588 -2.242 105.169
v 61.713 -45.859 1.114
v 61.192 -45.656 4.300
v 33.461 0.000 104.151
v 60.836 -45.682 4.639
v 61.405 -46.227 4.266
v 60.811 -45.660 4.256
v 60.831 -46.002 4.323
v 60.773 -45.976 4.566
v 61.722 -46.255 0.993
v 61.657 -48.118 1.796
v 59.387 -48.417 1.618
v 59.487 -48.219 1.557
v 59.460 -46.420 0.460
v 31.243 -0.028 103.652
v 31.276 -0.542 103.714
v 31.283 -2.365 104.547
v 33.590 -2.273 99.193
v 37.152 -7.772 86.867
v 37.146 -7.914 86.528
v 33.598 -2.207 99.482
v 36.838 -7.882 86.591
v 33.600 -2.053 99.509
v 36.831 -7.805 86.805
v 37.180 -10.161 87.608
v 37.086 -10.122 87.963
v 33.600 -4.643 100.251
v 36.831 -10.121 87.687
v 33.586 -4.324 100.556
v 33.594 -4.384 100.310
v 37.106 -9.855 87.839
v 36.862 -9.875 87.794
v 58.384 -45.797 3.778
v 58.948 -46.881 1.749
v 31.458 -1.145 103.343
v 31.403 -1.777 103.888
v 31.376 -1.301 103.793
v 31.876 -2.409 102.039
v 31.433 -1.739 103.356
v 32.004 -2.372 101.469
v 58.375 -45.824 4.008
v 58.381 -46.127 4.057
v 59.190 -46.940 1.366
v 59.291 -47.387 1.247
v 59.198 -47.240 1.653
v 58.561 -46.118 3.708
v 58.931 -47.225 1.743
v 58.594 -45.835 3.733
v 58.609 -46.132 4.080
v 31.572 -1.834 103.163
v 59.202 -46.855 1.747
v 58.586 -45.796 4.028
v -58.394 46.139 3.697
v -58.343 46.127 4.057
v -58.337 45.824 4.008
v -58.363 45.807 3.764
v -59.182 46.974 1.333
v -59.253 47.387 1.247
v -58.915 46.878 1.742
v -58.943 47.237 1.712
v -58.902 46.906 1.359
v -59.202 47.224 1.668
v -58.181 45.364 4.593
v -58.272 46.314 4.618
v -58.807 47.203 1.302
v -59.361 48.142 1.209
v -59.324 46.579 0.470
v -58.124 44.791 4.578
v -58.307 46.688 4.628
v -58.224 47.269 4.618
v -59.350 48.417 1.618
v -58.811 47.054 4.758
v -59.422 46.420 0.460
v -58.432 44.245 4.668
v -59.936 46.038 0.719
v -58.826 44.201 4.775
v -59.936 48.356 1.751
v -59.290 46.996 4.889
v -60.811 48.268 1.950
v -59.904 46.921 5.056
v -61.414 48.156 1.858
v -60.289 46.874 5.162
v -60.495 46.851 5.219
v -61.675 48.183 2.148
v -61.630 48.116 1.793
v -60.789 46.282 5.306
v -61.645 47.557 1.629
v -60.738 45.732 5.292
v -60.675 45.063 5.274
v -61.672 46.673 1.476
v -61.708 46.260 0.987
v -60.624 44.509 5.261
v -61.675 45.859 1.114
v -60.617 43.916 5.271
v -60.120 44.041 5.129
v -61.390 45.891 1.050
v -60.040 44.072 5.094
v -61.355 46.041 1.107
v -59.609 44.082 4.996
v -60.811 45.949 0.918
v -59.615 44.115 4.987
v -57.928 44.062 4.537
v -57.886 44.088 4.526
v -57.857 44.149 4.518
v -61.076 43.676 5.397
v -61.219 46.977 5.382
v -61.808 44.733 2.903
v -58.311 44.801 2.907
v -58.086 44.462 3.733
v -58.966 45.685 0.575
v -59.047 49.086 0.979
v -58.410 44.943 2.555
v -58.667 45.451 1.241
v -58.965 48.126 0.947
v -58.559 45.420 1.704
v -58.492 45.359 1.972
v -58.858 45.192 1.595
v -58.894 45.075 1.180
v -58.894 44.921 0.543
v -59.581 45.216 1.566
v -59.323 44.878 1.145
v -58.587 44.926 2.344
v -58.493 45.296 1.974
v -59.228 44.473 0.446
v -59.232 44.740 0.860
v -58.925 44.555 0.367
v -58.927 49.242 0.491
v -58.735 46.209 0.420
v -59.004 46.684 0.385
v -58.881 47.427 0.449
v -58.851 48.690 0.433
v -58.892 48.089 0.514
v -58.961 49.125 0.220
v -58.859 44.778 0.276
v -62.510 49.362 0.188
v -62.596 49.396 0.340
v -59.239 44.380 0.270
v -61.904 44.847 2.572
v -61.893 45.218 1.597
v -62.195 44.912 1.574
v -62.226 44.936 1.012
v -62.377 44.573 0.340
v -62.368 44.556 0.228
v -58.941 44.664 0.247
v -61.664 46.761 2.003
v -61.815 46.870 2.341
v -61.431 46.726 2.340
v -61.198 45.673 4.283
v -60.809 45.684 4.635
v -60.809 45.615 4.312
v -61.388 46.202 4.225
v -61.233 45.984 4.613
v -60.819 45.957 4.599
v -61.339 45.627 4.749
v -62.055 46.481 2.095
v -62.010 46.447 2.324
v -59.450 48.219 1.557
v -59.399 48.471 1.238
v -59.276 47.349 0.755
v -61.487 46.205 0.709
v -61.748 46.206 0.826
v -61.680 47.339 1.449
v -62.102 46.358 0.901
v -62.109 46.339 0.869
v -61.406 48.300 1.753
v -61.792 48.374 1.745
v -62.280 46.700 0.181
v -61.739 46.123 0.190
v -62.270 46.131 0.190
v -59.542 46.409 0.259
v -59.274 48.778 0.688
v -59.247 48.980 0.464
v -59.154 49.146 0.218
v -59.205 47.798 0.804
v -58.965 48.393 0.222
v -58.938 47.777 0.211
v -58.930 47.172 0.219
v -58.950 46.546 0.243
v -58.993 46.404 0.217
v -61.399 46.619 4.335
v -61.751 46.208 3.113
v -61.522 46.094 3.984
v -61.599 46.227 3.635
v -61.809 46.671 2.922
v -61.689 45.898 3.342
v -61.586 46.516 3.688
v -60.104 44.730 0.271
v -60.308 44.718 0.250
v -60.313 45.875 0.190
v -59.981 44.671 0.221
v -60.027 45.883 0.190
v -61.359 44.723 0.259
v -61.274 45.883 0.190
v -60.344 44.676 0.240
v -61.275 44.675 0.233
v -59.996 45.920 0.190
v -60.358 45.924 0.190
v -61.229 45.923 0.190
v -58.945 45.856 0.250
v -61.513 44.646 0.190
v -62.335 45.868 0.225
v -62.304 44.723 0.279
v -62.276 45.856 0.326
v -60.732 45.222 1.579
v -61.232 44.810 0.473
v -61.220 45.104 1.133
v -60.855 45.113 1.172
v -60.039 44.831 0.501
v -59.962 45.111 1.138
v -60.007 45.224 1.561
v -61.302 44.695 0.313
v -59.933 44.696 0.315
v -60.330 44.716 0.339
v -60.347 44.695 0.311
v -62.248 44.769 0.407
v -61.138 45.223 1.575
v -62.017 45.114 1.183
v -62.069 44.999 0.895
v -61.405 46.782 1.984
v -33.556 2.244 105.172
v -33.438 -0.000 104.153
v -60.793 46.002 4.323
v -31.206 0.028 103.652
v -31.248 0.535 103.709
v -31.247 2.365 104.548
v -33.552 2.273 99.193
v -37.138 7.775 86.863
v -37.109 7.914 86.528
v -33.560 2.207 99.482
v -36.800 7.882 86.591
v -33.562 2.053 99.509
v -36.811 7.795 86.824
v -37.094 9.855 87.839
v -36.846 9.868 87.811
v -31.437 1.161 103.274
v -31.367 1.780 103.882
v -31.339 1.301 103.793
v -31.838 2.409 102.039
v -31.456 1.766 103.337
v -31.967 2.372 101.468
v -58.609 46.114 3.712
v -58.571 46.132 4.080
v -59.172 46.860 1.766
v -58.610 45.814 3.766
v -58.549 45.796 4.028
v -61.704 -46.767 2.002
v -61.405 -46.782 1.984
v -61.863 -46.853 2.365
v -61.421 -46.730 2.339
v -61.675 -45.859 1.114
v -61.198 -45.673 4.283
v -60.809 -45.615 4.312
v -61.675 -48.183 2.148
v -60.819 -45.957 4.599
v -61.233 -45.984 4.613
v -33.557 -2.244 105.174
v -60.809 -45.684 4.635
v -60.793 -46.002 4.323
v -61.631 -48.115 1.793
v -61.717 -46.261 0.983
v -59.350 -48.417 1.618
v -59.450 -48.219 1.557
v -31.244 -2.369 104.553
v -31.247 -0.535 103.712
v -33.563 -4.643 100.251
v -37.149 -10.161 87.609
v -33.556 -4.384 100.310
v -36.798 -10.122 87.683
v -33.557 -4.324 100.556
v -37.064 -10.118 87.966
v -36.831 -10.241 87.952
v -37.094 -9.855 87.839
v -36.846 -9.868 87.811
v -37.109 -7.914 86.528
v -37.138 -7.775 86.863
v -33.552 -2.273 99.193
v -36.800 -7.882 86.591
v -33.562 -2.053 99.509
v -33.560 -2.207 99.482
v -36.811 -7.795 86.824
v -58.343 -46.127 4.057
v -58.943 -47.237 1.712
v -31.366 -1.774 103.882
v -31.340 -1.302 103.789
v -31.838 -2.407 102.038
v -31.457 -1.763 103.334
v -31.965 -2.367 101.474
v -31.439 -1.168 103.265
v -58.915 -46.878 1.742
v -58.363 -45.807 3.764
v -58.337 -45.824 4.008
v -59.253 -47.387 1.247
v -59.182 -46.974 1.333
v -58.609 -46.114 3.712
v -58.394 -46.139 3.697
v -58.902 -46.906 1.359
v -59.202 -47.224 1.668
v -58.610 -45.814 3.766
v -59.172 -46.860 1.766
v -58.549 -45.796 4.028
v -58.571 -46.132 4.080
v 33.604 -4.656 100.645
v 34.787 -4.553 100.875
v 34.271 -4.157 101.396
v 33.715 -4.075 101.579
v -33.677 -4.075 101.579
v -33.548 -4.656 100.645
v 34.626 -4.423 101.168
v -34.233 -4.157 101.396
v 36.852 -10.301 87.965
v -34.589 -4.423 101.168
v -34.750 -4.553 100.875
v -37.141 -10.737 86.617
v 37.179 -10.737 86.617
v 37.767 -10.715 86.851
v 38.284 -10.101 88.046
v 38.126 -10.638 87.208
v 38.240 -10.545 87.417
v 38.313 -10.256 87.698
v -38.246 -10.101 88.046
v -38.275 -10.256 87.698
v -37.801 -10.700 86.923
v -38.202 -10.545 87.417
v 34.734 -4.236 100.851
v 37.550 -10.564 86.637
v -37.512 -10.564 86.637
v 38.183 -10.318 87.190
v 37.968 -10.446 86.902
v -34.696 -4.236 100.851
v -38.010 -10.405 86.994
v -38.202 -10.271 87.295
v -31.550 -1.847 103.116
v -32.591 -1.335 103.813
v -32.622 -1.706 103.828
v -32.710 -1.667 103.564
v -32.245 -1.980 104.491
v -32.555 -1.396 104.124
v -32.753 -1.456 103.284
v -33.672 -1.201 103.312
v -33.698 -2.011 103.629
v -33.601 -0.929 103.578
v -33.409 -1.180 104.477
v -33.474 -0.630 103.949
v -33.764 -1.805 103.191
v -33.460 -1.982 104.601
v -33.444 -1.899 104.916
v -33.467 -0.578 104.382
v -33.637 -2.223 103.899
v -33.620 -2.266 104.135
v -33.888 -2.770 102.951
v -33.928 -2.804 102.964
v -34.049 -2.958 102.461
v -34.240 -3.400 101.756
v -34.250 -2.779 101.478
v -34.229 -3.561 101.638
v -34.175 -2.927 101.849
v -34.172 -1.870 101.420
v -34.248 -1.813 100.960
v -34.216 -2.456 101.501
v -33.942 -1.348 102.272
v -34.060 -1.609 101.799
v -33.837 -1.562 102.788
v -33.928 -1.361 102.326
v -33.836 -1.420 102.614
v -33.607 -0.824 103.423
v -34.165 -2.572 101.779
v -33.826 -2.311 103.129
v -33.915 -2.631 102.915
v -33.904 -1.648 102.630
v -33.945 -2.662 102.877
v -33.032 -2.392 101.193
v -32.946 -1.850 102.117
v -32.923 -3.132 102.015
v -33.017 -2.040 102.340
v -33.843 -2.251 102.897
v -33.018 -2.304 102.377
v -32.736 -2.831 102.741
v -33.111 -2.403 102.003
v -32.367 -1.881 103.067
v -32.448 -1.753 102.654
v -33.890 -1.352 102.293
v -32.729 -1.445 102.125
v -32.352 -1.099 103.080
v -32.787 -2.384 100.844
v -33.024 -2.005 100.861
v -32.924 -1.772 101.410
v -32.914 -3.415 101.400
v -32.999 -2.900 101.384
v -32.366 -2.347 103.095
v -33.889 -2.727 102.900
v -32.359 -2.366 103.666
v -32.242 -0.706 103.913
v -32.281 -2.105 104.456
v -31.909 -2.967 102.036
v -31.838 -1.935 101.928
v -32.428 -2.329 102.555
v -32.433 -2.882 102.548
v -32.339 -1.342 102.692
v -32.410 -1.461 102.166
v -33.270 0.000 104.133
v -32.246 -1.945 100.348
v -31.715 -1.417 102.180
v -31.914 -1.806 101.492
v -31.630 -1.264 102.522
v -31.395 -0.858 103.364
v -33.270 -2.170 105.007
v -32.280 -3.724 101.083
v -32.232 -3.646 101.228
v -32.204 -2.989 101.021
v -31.597 -2.721 103.178
v -31.434 -2.309 103.807
v -31.767 -2.898 102.626
v -31.946 -3.342 101.922
v -32.046 -3.505 101.555
v -31.199 -1.710 104.245
v -30.617 -1.014 103.997
v -30.622 -1.231 104.166
v -30.844 -0.836 103.922
v -31.005 -1.442 104.202
v -30.843 0.837 103.922
v -30.608 1.018 103.999
v -31.150 -2.512 104.707
v -31.295 -1.771 106.329
v -31.131 -2.342 105.577
v -31.153 -2.169 106.466
v -31.217 -2.145 106.531
v -31.147 -1.794 106.533
v -31.638 -2.515 104.715
v -33.645 -1.587 107.828
v -33.799 -1.617 108.594
v -34.316 -1.168 110.999
v -33.091 -1.829 107.368
v -32.682 -1.939 107.136
v -31.939 -2.058 106.711
v -32.563 -1.693 106.636
v -33.255 -1.750 107.754
v -34.333 -1.275 109.773
v -34.375 -1.169 109.249
v -34.277 -1.277 110.376
v -34.089 -1.537 109.226
v -34.203 -1.612 108.663
v -32.891 -1.777 106.946
v -32.168 -2.122 106.711
v -31.801 -2.146 106.604
v -31.259 -1.331 106.243
v -31.030 -1.407 106.536
v -33.667 -2.147 105.491
v -34.247 -1.615 107.544
v -33.962 -1.764 106.595
v -33.883 -1.790 106.330
v -33.943 -1.694 106.371
v -34.837 -1.032 111.653
v -34.741 -0.990 110.990
v -34.340 -1.027 111.698
v -34.700 -1.040 110.386
v -34.668 -1.230 109.811
v -34.504 -1.550 109.126
v -30.807 -0.953 105.680
v -30.797 -0.934 104.931
v -30.760 -1.025 106.252
v -30.626 -1.281 106.540
v -30.630 1.282 106.539
v -31.096 -0.000 106.552
v -31.027 1.408 106.535
v -34.252 -0.575 111.676
v -34.224 -0.449 111.144
v -34.636 -1.182 109.227
v -34.311 -1.534 108.099
v -34.872 -0.455 111.582
v -34.879 -0.385 111.994
v -31.259 1.331 106.242
v -30.756 1.022 106.252
v -31.306 1.759 106.323
v -31.147 1.735 106.534
v -31.197 1.690 104.237
v -31.011 1.443 104.202
v -30.623 1.230 104.169
v -30.807 0.953 105.680
v -30.797 0.934 104.931
v -31.129 2.336 105.583
v -31.151 2.512 104.707
v -31.157 2.172 106.463
v -31.220 2.145 106.531
v -31.638 2.515 104.715
v -34.322 1.168 111.011
v -33.814 1.607 108.629
v -33.643 1.588 107.824
v -34.375 1.169 109.249
v -34.341 1.273 109.740
v -34.273 1.291 110.297
v -31.934 2.057 106.710
v -32.564 1.694 106.637
v -32.683 1.939 107.136
v -33.093 1.829 107.369
v -33.260 1.750 107.751
v -31.801 2.146 106.604
v -32.168 2.122 106.711
v -32.893 1.777 106.948
v -34.089 1.537 109.226
v -34.204 1.611 108.667
v -34.232 0.002 111.080
v -34.226 0.453 111.139
v -34.339 1.020 111.703
v -34.357 -0.002 112.243
v -34.353 -0.001 111.623
v -34.251 0.569 111.673
v -34.837 1.032 111.655
v -34.867 -0.001 112.168
v -34.430 0.313 111.929
v -34.780 -0.001 111.070
v -34.721 -0.548 111.245
v -34.878 0.386 111.994
v -34.871 0.451 111.576
v -34.723 0.550 111.242
v -34.696 1.040 110.384
v -34.742 0.990 110.991
v -34.531 1.521 109.278
v -34.668 1.229 109.810
v -34.242 1.621 107.533
v -33.961 1.761 106.595
v -33.883 1.785 106.329
v -33.676 2.159 105.529
v -33.761 2.159 105.986
v -34.306 1.534 108.075
v -34.637 1.179 109.230
v -33.942 1.669 106.364
v -32.246 1.945 100.348
v -31.396 0.860 103.362
v -31.717 1.416 102.172
v -31.631 1.270 102.521
v -31.918 1.816 101.481
v -31.820 1.457 101.635
v -32.231 3.643 101.226
v -31.767 2.900 102.630
v -32.046 3.505 101.555
v -31.601 2.731 103.166
v -31.433 2.310 103.813
v -34.247 1.817 100.962
v -32.217 2.440 100.769
v -32.209 2.989 101.020
v -32.303 3.788 101.088
v -33.944 1.349 102.271
v -34.163 1.845 101.457
v -33.837 1.416 102.610
v -33.468 0.573 104.385
v -33.609 0.821 103.420
v -33.476 0.639 103.947
v -33.409 1.177 104.484
v -33.446 1.900 104.923
v -33.270 2.170 105.007
v -34.240 3.404 101.753
v -33.620 2.264 104.135
v -33.888 2.769 102.949
v -33.635 2.213 103.902
v -34.051 2.959 102.457
v -33.930 2.806 102.960
v -34.229 3.561 101.638
v -34.212 2.457 101.511
v -34.248 2.783 101.483
v -26.784 0.988 104.250
v -26.784 1.025 106.277
v -29.962 0.931 104.175
v -28.703 0.925 104.187
v -27.921 0.922 104.193
v -26.675 0.963 104.318
v -28.186 0.922 106.373
v -29.018 0.926 106.381
v -30.006 0.930 106.390
v -26.675 0.964 106.245
v -26.675 -0.963 104.318
v -26.777 -0.990 104.252
v -26.963 0.801 104.228
v -26.964 0.004 104.228
v -26.963 -0.799 104.227
v -26.968 -0.799 106.337
v -26.777 -1.028 106.275
v -26.967 -0.006 106.337
v -26.965 0.796 106.337
v -26.675 -0.964 106.245
v -28.703 -0.937 104.187
v -27.921 -0.930 104.193
v -29.962 -0.948 104.175
v -30.006 -0.949 106.390
v -29.018 -0.940 106.381
v -28.186 -0.933 106.373
v -34.204 0.022 106.709
v -34.136 -0.002 106.462
v -33.934 0.004 105.657
v -33.868 0.002 105.479
v -30.812 0.000 105.649
v -31.311 0.006 106.228
v -32.032 0.001 106.396
v -30.748 -0.001 106.219
v -34.067 -0.542 106.366
v -31.779 -0.557 106.310
v -34.064 0.527 106.353
v -31.781 0.550 106.311
v -33.923 0.535 105.785
v -33.876 0.578 105.747
v -30.635 0.627 105.607
v -30.614 0.611 106.284
v -31.326 0.545 106.224
v -33.925 -0.524 105.785
v -33.874 -0.562 105.728
v -30.635 -0.627 105.607
v -30.615 -0.602 106.283
v -31.326 -0.546 106.219
v -30.453 0.814 104.203
v -30.418 -0.003 104.202
v -30.450 -0.815 104.202
v -30.669 0.675 104.931
v -30.507 0.000 105.131
v -30.670 -0.674 104.931
v -30.081 0.003 104.202
v -30.275 -0.002 105.210
v -29.873 0.604 104.201
v -29.995 0.613 105.215
v -29.873 -0.605 104.201
v -29.995 -0.613 105.215
v -30.139 -0.748 106.364
v -30.227 -0.729 105.550
v -30.136 0.740 106.364
v -30.227 0.729 105.550
v -34.379 0.002 107.429
v -34.590 -0.002 108.459
v -34.576 -0.000 108.243
v -34.711 -0.000 110.341
v -34.564 -0.000 109.843
v -34.714 -0.002 109.287
v -34.041 0.000 108.296
v -33.820 0.000 107.959
v -33.568 0.000 107.566
v -34.398 -0.000 109.304
v -34.720 -0.541 110.215
v -34.676 -0.539 109.884
v -34.113 -0.000 108.514
v -34.525 -0.529 108.207
v -34.186 -0.544 108.101
v -34.677 0.539 109.884
v -34.718 0.541 110.216
v -34.199 0.542 108.082
v -34.525 0.527 108.207
v -34.487 -0.000 109.822
v -34.714 0.541 109.419
v -34.469 0.539 109.574
v -34.377 0.540 107.606
v -33.686 0.542 107.734
v -33.593 0.542 107.590
v -34.714 -0.541 109.420
v -34.469 -0.538 109.574
v -34.378 -0.540 107.607
v -33.686 -0.544 107.734
v -33.587 -0.547 107.583
v -28.236 0.001 104.217
v -27.597 0.004 104.222
v -29.655 0.621 104.209
v -28.875 0.799 104.211
v -28.046 0.605 104.218
v -28.872 -0.008 104.211
v -27.796 0.600 104.221
v -29.474 0.003 104.206
v -29.654 -0.593 104.210
v -28.872 -0.803 104.211
v -28.043 -0.604 104.218
v -27.791 -0.604 104.221
v -27.746 0.613 105.215
v -27.006 0.768 105.214
v -27.006 0.000 105.214
v -27.447 0.000 105.213
v -28.874 -0.000 105.214
v -28.874 0.768 105.214
v -28.097 0.614 105.215
v -28.396 -0.001 105.213
v -29.352 0.000 105.213
v -29.655 0.606 105.214
v -27.746 -0.613 105.215
v -27.006 -0.768 105.214
v -28.874 -0.768 105.214
v -28.097 -0.614 105.215
v -29.655 -0.605 105.214
v -29.954 -0.000 105.733
v -29.592 0.000 105.735
v -28.238 -0.001 106.348
v -27.596 0.003 106.342
v -28.050 -0.609 106.346
v -27.791 -0.612 106.344
v -27.792 0.605 106.344
v -28.049 0.601 106.346
v -29.331 -0.001 106.365
v -29.473 0.740 106.359
v -29.470 -0.747 106.359
v -28.817 -0.004 106.352
v -28.784 0.727 106.351
v -28.789 -0.724 106.351
v -27.447 -0.001 105.542
v -27.006 -0.000 105.541
v -27.006 0.768 105.541
v -27.746 0.614 105.540
v -28.096 0.613 105.540
v -28.811 0.671 105.538
v -28.808 0.000 105.541
v -28.396 0.000 105.542
v -29.408 0.745 105.540
v -27.006 -0.768 105.541
v -27.746 -0.614 105.540
v -28.096 -0.613 105.540
v -28.812 -0.674 105.538
v -29.408 -0.745 105.540
v -34.518 1.505 108.563
v -34.531 1.150 108.558
v -34.538 0.543 108.342
v -34.244 1.093 107.318
v -34.234 1.224 108.572
v -34.148 0.540 108.405
v -34.401 0.540 109.365
v -33.987 1.480 108.200
v -33.669 1.475 107.745
v -33.475 1.599 107.471
v -33.515 1.141 107.480
v -33.281 1.082 107.255
v -33.280 0.000 107.254
v -34.080 1.099 106.700
v -32.854 0.001 106.825
v -34.060 0.546 106.510
v -32.548 0.539 106.601
v -32.853 1.085 106.823
v -32.921 0.895 106.914
v -32.379 1.133 106.560
v -33.726 1.822 105.673
v -33.758 1.099 105.471
v -33.603 1.148 104.913
v -33.716 0.029 104.873
v -31.367 1.339 105.029
v -31.276 1.275 105.586
v -31.447 1.785 105.651
v -31.778 2.019 105.331
v -31.436 1.749 105.199
v -32.936 1.770 106.333
v -31.747 1.785 106.293
v -32.477 1.772 106.323
v -33.927 1.493 106.340
v -32.270 1.165 106.495
v -31.823 1.432 106.323
v -34.531 -1.144 108.554
v -34.538 -0.544 108.343
v -34.518 -1.505 108.563
v -34.246 -1.103 107.332
v -34.230 -1.222 108.573
v -34.147 -0.540 108.409
v -34.401 -0.540 109.365
v -33.987 -1.480 108.200
v -33.669 -1.475 107.746
v -33.514 -1.145 107.481
v -33.475 -1.599 107.471
v -33.281 -1.081 107.255
v -34.081 -1.083 106.693
v -34.061 -0.547 106.510
v -32.549 -0.540 106.602
v -32.877 -0.796 106.864
v -32.853 -1.086 106.822
v -32.385 -1.140 106.564
v -33.729 -1.819 105.680
v -33.602 -1.158 104.914
v -33.758 -1.129 105.486
v -31.367 -1.335 105.028
v -31.280 -1.279 105.585
v -31.447 -1.784 105.650
v -31.778 -2.019 105.331
v -31.445 -1.801 105.217
v -32.936 -1.770 106.333
v -32.477 -1.772 106.323
v -31.747 -1.785 106.293
v -33.927 -1.492 106.342
v -31.815 -1.437 106.319
v -32.109 -0.879 106.425
v -34.177 2.938 101.845
v -34.061 1.612 101.799
v -33.929 1.380 102.330
v -33.945 2.670 102.883
v -33.916 2.652 102.909
v -33.828 2.320 103.123
v -33.837 1.562 102.788
v -33.764 1.803 103.187
v -33.904 1.648 102.630
v -34.163 2.564 101.781
v -33.462 1.984 104.596
v -33.698 2.011 103.629
v -33.603 0.942 103.578
v -33.677 1.228 103.295
v -32.591 1.335 103.813
v -32.753 1.456 103.284
v -32.710 1.667 103.564
v -32.555 1.396 104.124
v -32.245 1.980 104.491
v -32.622 1.706 103.828
v -32.946 1.850 102.117
v -33.033 2.397 101.195
v -32.923 3.132 102.016
v -33.017 2.040 102.340
v -33.843 2.251 102.897
v -33.018 2.304 102.377
v -32.736 2.831 102.741
v -33.111 2.403 102.003
v -32.447 1.754 102.653
v -32.365 1.883 103.067
v -33.890 1.352 102.292
v -32.352 1.102 103.078
v -32.729 1.445 102.125
v -32.787 2.384 100.844
v -33.024 2.005 100.861
v -32.924 1.772 101.411
v -33.000 2.896 101.380
v -32.914 3.415 101.400
v -32.364 2.345 103.093
v -33.889 2.727 102.900
v -32.358 2.367 103.665
v -32.242 0.706 103.913
v -32.281 2.105 104.456
v -31.550 1.850 103.118
v -31.839 1.936 101.921
v -31.909 2.966 102.037
v -32.428 2.329 102.555
v -32.433 2.882 102.548
v -32.347 1.346 102.700
v -32.410 1.461 102.166
v -32.010 2.781 101.503
v -31.726 2.303 102.548
v -31.668 1.863 102.605
v -31.656 2.428 103.102
v -32.165 2.076 100.650
v -31.913 2.275 103.774
v -31.883 1.788 103.996
v -31.903 2.125 104.292
v -31.862 1.873 104.202
v -31.890 1.121 103.218
v -31.876 1.218 103.765
v -31.910 0.779 103.691
v -31.975 0.880 103.423
v -32.608 2.347 101.313
v -32.557 1.944 101.376
v -31.480 2.125 103.480
v -32.410 1.866 101.933
v -32.506 2.947 102.013
v -32.396 2.652 102.274
v -32.729 3.001 101.077
v -32.610 2.822 101.505
v -32.216 -2.429 100.766
v -32.161 -2.076 100.650
v -32.008 -2.781 101.508
v -31.669 -1.863 102.602
v -31.726 -2.301 102.544
v -31.657 -2.426 103.096
v -31.884 -1.788 103.996
v -31.909 -2.277 103.772
v -31.903 -2.125 104.292
v -31.862 -1.873 104.202
v -31.886 -1.120 103.216
v -31.877 -1.218 103.765
v -31.910 -0.779 103.691
v -31.975 -0.880 103.423
v -32.608 -2.347 101.313
v -32.557 -1.944 101.376
v -31.480 -2.125 103.480
v -32.410 -1.866 101.932
v -32.506 -2.947 102.012
v -32.396 -2.652 102.274
v -32.729 -3.001 101.077
v -32.610 -2.822 101.505
v 31.573 1.831 103.161
v 31.911 1.791 103.985
v 31.402 1.772 103.888
v 31.377 1.302 103.789
v 31.713 1.122 103.219
v 31.458 1.153 103.339
v 31.433 1.739 103.356
v 32.620 1.328 103.837
v 32.643 1.707 103.877
v 32.728 1.690 103.627
v 32.283 1.980 104.491
v 32.593 1.396 104.124
v 32.718 1.406 103.558
v 32.791 1.456 103.284
v 33.709 1.201 103.312
v 33.735 2.011 103.629
v 33.638 0.929 103.578
v 33.446 1.180 104.477
v 33.511 0.630 103.949
v 33.802 1.805 103.191
v 33.498 1.982 104.601
v 33.481 1.899 104.916
v 33.505 0.578 104.382
v 33.674 2.223 103.899
v 33.658 2.266 104.135
v 33.948 2.789 102.959
v 34.086 2.957 102.463
v 34.278 3.400 101.756
v 34.288 2.779 101.478
v 34.266 3.561 101.638
v 34.213 2.927 101.849
v 34.210 1.870 101.420
v 34.285 1.813 100.960
v 34.254 2.456 101.501
v 33.965 1.349 102.278
v 34.098 1.609 101.799
v 33.922 1.633 102.682
v 33.950 1.359 102.325
v 33.840 1.463 102.810
v 33.645 0.824 103.423
v 34.203 2.572 101.779
v 33.862 1.542 102.818
v 33.933 2.531 102.931
v 33.853 2.280 103.167
v 33.983 2.662 102.877
v 33.069 2.392 101.193
v 32.983 1.850 102.117
v 32.960 3.132 102.015
v 32.954 1.904 102.406
v 33.880 2.251 102.897
v 33.055 2.304 102.377
v 32.766 2.827 102.743
v 33.149 2.403 102.003
v 32.404 1.881 103.067
v 32.484 1.755 102.654
v 32.757 1.448 102.130
v 32.312 1.128 103.081
v 32.813 2.384 100.836
v 33.052 2.008 100.856
v 32.961 1.772 101.410
v 32.936 3.418 101.391
v 33.037 2.900 101.384
v 32.394 2.342 103.105
v 32.307 2.342 103.636
v 32.280 0.706 103.913
v 32.319 2.105 104.456
v 31.876 2.407 102.038
v 32.002 2.367 101.475
v 31.947 2.967 102.036
v 31.875 1.935 101.928
v 32.465 2.329 102.555
v 32.702 2.425 102.951
v 32.377 1.342 102.692
v 33.293 0.000 104.129
v 31.276 0.541 103.716
v 32.284 1.945 100.348
v 31.753 1.417 102.180
v 31.952 1.806 101.492
v 31.668 1.264 102.522
v 31.433 0.858 103.364
v 33.588 2.242 105.170
v 33.293 2.173 105.004
v 32.318 3.724 101.083
v 32.240 3.659 101.226
v 32.186 2.988 101.017
v 31.281 2.369 104.552
v 31.635 2.721 103.178
v 31.453 2.289 103.889
v 31.805 2.898 102.626
v 31.984 3.342 101.922
v 32.084 3.505 101.555
v 31.236 1.710 104.245
v 30.654 1.014 103.997
v 30.635 1.219 104.165
v 31.032 1.434 104.200
v 30.837 0.884 103.943
v 30.836 -0.884 103.944
v 30.646 -1.018 103.999
v 31.188 2.512 104.707
v 31.305 1.763 106.344
v 31.169 2.342 105.577
v 31.191 2.169 106.466
v 31.254 2.145 106.531
v 31.185 1.794 106.533
v 31.931 2.135 104.301
v 31.675 2.515 104.715
v 33.683 1.587 107.828
v 33.813 1.630 108.542
v 34.354 1.168 110.999
v 33.050 1.845 107.318
v 31.839 2.058 106.667
v 32.587 1.704 106.639
v 33.293 1.750 107.754
v 34.208 1.402 109.710
v 34.124 1.613 108.726
v 34.408 1.164 109.239
v 34.314 1.277 110.376
v 34.127 1.537 109.226
v 33.508 1.606 107.473
v 32.929 1.777 106.946
v 32.192 2.120 106.714
v 31.809 2.150 106.592
v 31.290 1.332 106.246
v 31.060 1.402 106.535
v 33.705 2.147 105.491
v 34.284 1.615 107.544
v 33.999 1.764 106.595
v 33.894 1.894 106.329
v 33.967 1.714 106.361
v 34.875 1.032 111.653
v 34.779 0.990 110.990
v 34.377 1.027 111.698
v 34.737 1.040 110.386
v 34.678 1.219 109.814
v 34.542 1.550 109.126
v 30.842 0.951 105.679
v 30.835 0.934 104.931
v 30.793 1.012 106.244
v 30.651 1.279 106.541
v 30.655 -1.280 106.540
v 31.058 -1.403 106.534
v 31.134 -0.000 106.552
v 34.289 0.575 111.676
v 34.262 0.449 111.144
v 34.665 1.186 109.236
v 34.546 1.527 108.534
v 34.348 1.534 108.099
v 34.910 0.455 111.582
v 34.917 0.385 111.994
v 31.291 -1.332 106.246
v 30.788 -1.008 106.244
v 31.316 -1.748 106.337
v 31.185 -1.735 106.534
v 31.235 -1.690 104.237
v 31.031 -1.431 104.198
v 30.621 -1.209 104.168
v 30.842 -0.951 105.679
v 30.835 -0.934 104.931
v 31.167 -2.336 105.583
v 31.188 -2.512 104.707
v 31.195 -2.172 106.463
v 31.257 -2.145 106.531
v 31.931 -2.135 104.301
v 31.675 -2.515 104.715
v 34.359 -1.168 111.011
v 33.822 -1.626 108.561
v 33.681 -1.588 107.824
v 34.115 -1.607 108.738
v 34.408 -1.164 109.239
v 34.195 -1.422 109.625
v 34.311 -1.291 110.297
v 31.813 -2.062 106.656
v 32.586 -1.705 106.641
v 33.052 -1.845 107.319
v 33.297 -1.750 107.751
v 31.809 -2.150 106.592
v 32.192 -2.120 106.714
v 32.931 -1.777 106.948
v 33.508 -1.606 107.473
v 34.127 -1.537 109.226
v 34.270 -0.002 111.080
v 34.264 -0.453 111.139
v 34.377 -1.020 111.703
v 34.395 0.002 112.243
v 34.390 0.001 111.623
v 34.288 -0.569 111.673
v 34.875 -1.032 111.655
v 34.905 0.001 112.168
v 34.468 -0.313 111.929
v 34.818 0.001 111.070
v 34.759 0.548 111.245
v 34.915 -0.386 111.994
v 34.908 -0.451 111.576
v 34.760 -0.550 111.242
v 34.734 -1.040 110.384
v 34.780 -0.990 110.991
v 34.569 -1.521 109.278
v 34.678 -1.217 109.814
v 34.280 -1.621 107.533
v 33.999 -1.761 106.595
v 33.894 -1.897 106.328
v 33.713 -2.159 105.529
v 33.799 -2.159 105.986
v 34.343 -1.534 108.075
v 34.666 -1.183 109.239
v 34.546 -1.527 108.534
v 33.968 -1.691 106.357
v 32.284 -1.945 100.348
v 31.434 -0.860 103.362
v 31.754 -1.416 102.172
v 31.668 -1.270 102.521
v 31.955 -1.816 101.481
v 31.858 -1.457 101.635
v 32.239 -3.655 101.224
v 31.805 -2.900 102.630
v 32.084 -3.505 101.555
v 31.639 -2.731 103.166
v 31.453 -2.292 103.888
v 34.285 -1.817 100.962
v 32.189 -2.447 100.768
v 32.186 -2.987 101.016
v 32.341 -3.788 101.088
v 33.967 -1.349 102.277
v 34.200 -1.845 101.457
v 33.951 -1.368 102.330
v 33.506 -0.573 104.385
v 33.840 -1.463 102.810
v 33.647 -0.821 103.420
v 33.514 -0.639 103.947
v 33.447 -1.177 104.484
v 33.483 -1.900 104.923
v 33.293 -2.173 105.004
v 34.277 -3.404 101.753
v 33.658 -2.264 104.135
v 33.950 -2.790 102.955
v 33.673 -2.213 103.902
v 34.088 -2.958 102.458
v 34.266 -3.561 101.638
v 34.250 -2.457 101.511
v 34.285 -2.783 101.483
v 26.799 -0.984 104.264
v 26.799 -1.014 106.272
v 30.000 -0.931 104.175
v 28.741 -0.925 104.187
v 27.958 -0.922 104.193
v 26.692 -0.936 104.346
v 28.224 -0.922 106.373
v 29.055 -0.926 106.381
v 30.044 -0.930 106.390
v 26.692 -0.936 106.218
v 26.692 0.936 104.346
v 26.793 0.986 104.265
v 27.001 -0.801 104.228
v 27.002 -0.004 104.228
v 27.000 0.799 104.227
v 27.006 0.799 106.337
v 26.793 1.016 106.270
v 27.005 0.006 106.337
v 27.003 -0.796 106.337
v 26.692 0.936 106.218
v 28.741 0.937 104.187
v 27.958 0.930 104.193
v 30.000 0.948 104.175
v 30.044 0.949 106.390
v 29.055 0.940 106.381
v 28.224 0.933 106.373
v 34.242 -0.022 106.709
v 34.174 0.002 106.462
v 33.949 -0.002 105.602
v 30.850 -0.000 105.649
v 31.728 -0.001 106.293
v 32.124 -0.001 106.414
v 31.249 -0.009 106.220
v 30.786 0.001 106.219
v 34.105 0.542 106.366
v 31.805 0.548 106.306
v 34.101 -0.527 106.353
v 31.802 -0.539 106.306
v 33.942 -0.555 105.777
v 30.652 -0.636 105.603
v 30.652 -0.611 106.284
v 31.344 -0.540 106.222
v 33.945 0.537 105.771
v 30.652 0.636 105.603
v 30.653 0.602 106.283
v 31.357 0.540 106.220
v 30.490 -0.814 104.203
v 30.427 0.002 104.203
v 30.488 0.815 104.202
v 30.707 -0.675 104.931
v 30.513 0.000 105.142
v 30.707 0.674 104.931
v 30.069 -0.003 104.201
v 29.886 -0.607 104.202
v 29.928 -0.605 105.212
v 30.271 0.000 105.213
v 29.887 0.607 104.202
v 29.927 0.605 105.212
v 30.177 0.748 106.364
v 30.253 0.716 105.553
v 30.174 -0.740 106.364
v 30.253 -0.716 105.553
v 34.417 -0.002 107.429
v 34.627 0.002 108.459
v 34.614 0.000 108.243
v 34.749 0.000 110.341
v 34.569 0.000 109.834
v 34.729 0.002 109.299
v 34.079 -0.000 108.296
v 33.857 -0.000 107.959
v 33.557 -0.000 107.513
v 34.757 0.541 110.215
v 34.673 0.539 109.816
v 34.151 0.000 108.514
v 34.545 0.539 108.200
v 34.108 0.540 108.066
v 34.673 -0.538 109.816
v 34.756 -0.541 110.216
v 34.546 -0.534 108.200
v 34.131 -0.541 108.042
v 34.428 0.000 109.291
v 34.752 -0.541 109.419
v 34.483 -0.542 109.583
v 34.415 -0.540 107.606
v 33.724 -0.542 107.734
v 33.630 -0.542 107.590
v 34.752 0.541 109.420
v 34.483 0.540 109.583
v 34.415 0.540 107.607
v 33.723 0.544 107.734
v 33.624 0.547 107.583
v 28.262 -0.004 104.218
v 27.624 -0.001 104.222
v 29.660 -0.611 104.208
v 28.913 -0.799 104.211
v 28.071 -0.603 104.217
v 28.909 0.008 104.211
v 27.827 -0.602 104.223
v 29.500 -0.003 104.205
v 29.653 0.563 104.209
v 28.910 0.803 104.211
v 28.072 0.605 104.217
v 27.824 0.603 104.223
v 27.784 -0.613 105.215
v 27.044 -0.768 105.214
v 27.044 -0.000 105.214
v 27.484 -0.000 105.213
v 28.893 0.000 105.213
v 28.893 -0.767 105.213
v 28.134 -0.614 105.215
v 28.433 0.001 105.213
v 29.584 -0.642 105.222
v 29.349 -0.000 105.214
v 27.784 0.613 105.215
v 27.044 0.768 105.214
v 28.893 0.767 105.213
v 28.134 0.614 105.215
v 29.584 0.642 105.222
v 29.972 -0.000 105.732
v 29.617 0.000 105.736
v 28.265 -0.003 106.348
v 27.624 0.001 106.342
v 28.078 0.609 106.347
v 27.824 0.612 106.343
v 27.824 -0.604 106.342
v 28.077 -0.602 106.348
v 29.243 0.002 106.370
v 29.442 -0.688 106.359
v 29.440 0.694 106.358
v 28.838 0.004 106.351
v 28.777 -0.770 106.351
v 28.781 0.769 106.350
v 27.484 0.001 105.542
v 27.044 0.000 105.541
v 27.044 -0.768 105.541
v 27.783 -0.614 105.540
v 28.134 -0.613 105.540
v 28.845 -0.674 105.538
v 28.846 -0.000 105.541
v 28.433 -0.000 105.542
v 29.436 -0.737 105.541
v 27.044 0.768 105.541
v 27.783 0.614 105.540
v 28.134 0.613 105.540
v 28.845 0.677 105.538
v 29.434 0.735 105.541
v 34.556 -1.179 108.548
v 34.565 -0.543 108.350
v 34.281 -1.093 107.318
v 34.215 -1.217 108.584
v 34.114 -0.540 108.412
v 34.439 -0.540 109.365
v 34.025 -1.480 108.200
v 33.707 -1.475 107.745
v 33.478 -1.121 107.409
v 34.118 -1.099 106.700
v 32.891 -0.001 106.825
v 33.158 -0.000 107.111
v 34.097 -0.546 106.510
v 32.573 -0.539 106.589
v 32.778 -0.637 106.771
v 32.884 -1.096 106.819
v 33.157 -1.259 107.110
v 33.764 -1.822 105.673
v 33.795 -1.099 105.471
v 33.641 -1.148 104.913
v 33.753 -0.029 104.873
v 31.404 -1.339 105.029
v 31.309 -1.272 105.588
v 31.511 -1.796 105.688
v 31.470 -1.779 105.629
v 31.508 -1.912 105.251
v 31.465 -1.708 105.185
v 33.876 -0.004 105.375
v 33.889 -0.579 105.680
v 32.974 -1.770 106.333
v 31.692 -1.796 106.275
v 32.514 -1.772 106.323
v 33.965 -1.493 106.340
v 32.359 -1.079 106.529
v 32.151 -1.260 106.434
v 31.845 -1.441 106.316
v 32.113 -0.871 106.417
v 34.556 1.174 108.544
v 34.565 0.544 108.350
v 34.284 1.103 107.332
v 34.213 1.216 108.584
v 34.116 0.540 108.416
v 34.439 0.540 109.365
v 34.025 1.480 108.200
v 33.707 1.475 107.746
v 33.480 1.124 107.411
v 34.119 1.083 106.693
v 34.098 0.547 106.510
v 32.572 0.540 106.589
v 32.769 0.611 106.762
v 32.884 1.099 106.818
v 33.159 1.258 107.111
v 33.766 1.819 105.680
v 33.640 1.158 104.914
v 33.796 1.129 105.486
v 31.405 1.335 105.028
v 31.313 1.276 105.587
v 31.511 1.796 105.687
v 31.471 1.779 105.628
v 31.508 1.866 105.230
v 31.471 1.774 105.212
v 33.889 0.576 105.675
v 32.974 1.770 106.333
v 32.514 1.772 106.323
v 31.690 1.797 106.275
v 33.965 1.492 106.342
v 32.359 1.079 106.529
v 32.111 1.281 106.418
v 31.832 1.450 106.311
v 32.119 0.876 106.420
v 34.215 -2.938 101.845
v 34.099 -1.612 101.799
v 33.983 -2.670 102.883
v 33.935 -2.560 102.926
v 33.922 -1.633 102.682
v 33.801 -1.803 103.187
v 33.862 -1.542 102.818
v 33.853 -2.280 103.167
v 34.200 -2.564 101.781
v 33.500 -1.984 104.596
v 33.735 -2.011 103.629
v 33.641 -0.942 103.578
v 33.715 -1.228 103.295
v 32.620 -1.328 103.837
v 32.791 -1.456 103.284
v 32.728 -1.690 103.627
v 32.593 -1.396 104.124
v 32.283 -1.980 104.491
v 32.643 -1.707 103.877
v 32.718 -1.406 103.558
v 32.983 -1.850 102.117
v 33.070 -2.397 101.195
v 32.961 -3.132 102.016
v 32.954 -1.904 102.406
v 33.880 -2.251 102.897
v 33.055 -2.304 102.377
v 32.766 -2.827 102.743
v 33.149 -2.403 102.003
v 32.483 -1.756 102.654
v 32.403 -1.883 103.067
v 32.312 -1.131 103.079
v 32.757 -1.448 102.130
v 32.813 -2.384 100.836
v 33.052 -2.008 100.856
v 32.961 -1.772 101.411
v 33.037 -2.896 101.380
v 32.936 -3.418 101.391
v 32.391 -2.340 103.103
v 32.304 -2.342 103.634
v 32.280 -0.706 103.913
v 32.319 -2.105 104.456
v 31.910 -1.791 103.985
v 31.717 -1.122 103.224
v 31.877 -1.936 101.921
v 31.947 -2.966 102.037
v 32.465 -2.329 102.555
v 32.702 -2.425 102.951
v 32.384 -1.346 102.700
v 32.047 -2.781 101.503
v 31.763 -2.303 102.548
v 31.706 -1.863 102.605
v 31.662 -2.423 103.108
v 31.769 -2.293 103.802
v 32.171 -2.075 100.648
v 31.899 -1.873 104.202
v 31.914 -1.218 103.765
v 31.948 -0.779 103.691
v 32.013 -0.880 103.423
v 32.641 -2.348 101.312
v 32.594 -1.944 101.376
v 32.365 -1.462 102.172
v 32.447 -1.866 101.933
v 32.544 -2.947 102.013
v 32.433 -2.893 102.519
v 32.434 -2.652 102.274
v 32.643 -2.822 101.504
v 32.759 -3.002 101.072
v 32.189 2.434 100.765
v 32.170 2.075 100.648
v 32.046 2.781 101.508
v 31.707 1.863 102.602
v 31.764 2.301 102.544
v 31.663 2.420 103.102
v 31.762 2.295 103.795
v 31.899 1.873 104.202
v 31.914 1.218 103.765
v 31.948 0.779 103.691
v 32.013 0.880 103.423
v 32.641 2.348 101.312
v 32.594 1.944 101.376
v 32.365 1.462 102.172
v 32.447 1.866 101.932
v 32.544 2.947 102.012
v 32.433 2.893 102.519
v 32.434 2.652 102.274
v 32.643 2.822 101.504
v 32.759 3.002 101.072
v 61.192 45.656 4.300
v 61.624 45.664 4.381
v 61.224 46.073 4.339
v 61.603 45.932 4.451
v 61.166 45.973 4.617
v 61.549 45.964 4.633
v 61.303 45.635 4.733
v 61.537 45.533 4.674
v 61.537 -45.533 4.674
v 61.624 -45.664 4.381
v 62.221 -46.780 2.362
v 61.268 -47.123 5.248
v 62.818 -49.405 0.334
v 62.220 -46.463 2.367
v 62.126 -46.715 2.047
v 61.303 -45.635 4.733
v 61.200 -46.967 5.379
v 61.537 -46.091 4.013
v 62.221 46.780 2.362
v 61.549 -45.964 4.633
v 62.220 46.463 2.367
v 61.200 46.967 5.379
v 62.819 49.405 0.331
v 61.268 47.123 5.248
v 62.125 46.729 2.045
v 61.791 46.816 2.356
v 62.031 46.446 2.322
v 62.030 -46.447 2.324
v 62.619 -49.396 0.340
v 62.616 49.397 0.341
v 62.527 49.370 0.192
v 62.776 49.426 0.156
v 62.526 -49.362 0.188
v 62.778 -49.425 0.160
v 58.013 49.439 0.095
v 58.013 -49.439 0.095
v 57.820 -49.259 0.095
v 57.820 49.259 0.095
v 60.051 -42.019 0.095
v 60.201 -41.677 0.095
v 60.601 41.989 0.095
v 60.601 -41.989 0.095
v 60.201 41.677 0.095
v 60.379 -41.661 0.095
v 60.379 42.318 0.095
v 60.379 41.661 0.095
v 60.235 42.315 0.095
v 60.051 42.019 0.095
v 60.379 -42.318 0.095
v 60.235 -42.315 0.095
v 62.304 -46.700 0.181
v 62.205 47.555 0.164
v 59.701 48.750 0.164
v 59.665 -46.894 0.164
v 59.681 -47.806 0.164
v 59.665 -47.650 0.164
v 61.197 -47.994 0.164
v 60.138 -48.329 0.164
v 59.852 -48.060 0.164
v 60.531 -48.359 0.164
v 61.810 -48.143 0.164
v 62.174 -47.870 0.164
v 62.230 -47.650 0.164
v 59.963 46.018 0.189
v 59.679 48.704 0.164
v 59.574 46.410 0.253
v 60.683 46.869 0.164
v 60.683 48.241 0.164
v 61.150 -46.945 0.164
v 61.150 -47.650 0.164
v 59.715 -46.945 0.164
v 59.715 -47.650 0.164
v 60.832 -48.217 0.164
v 61.601 46.775 1.995
v 61.443 46.782 1.984
v 61.422 46.742 2.346
v 61.713 45.859 1.114
v 61.713 48.183 2.148
v 60.836 45.682 4.639
v 60.811 45.660 4.256
v 60.773 45.976 4.566
v 60.831 46.002 4.323
v 61.657 48.116 1.796
v 61.731 46.256 0.989
v 59.462 46.418 0.467
v 59.387 48.417 1.618
v 59.487 48.219 1.557
v 37.106 9.855 87.839
v 36.862 9.875 87.794
v 37.146 7.914 86.528
v 37.152 7.772 86.867
v 33.590 2.273 99.193
v 36.838 7.882 86.591
v 33.600 2.053 99.509
v 33.598 2.207 99.482
v 36.831 7.805 86.805
v 58.381 46.127 4.057
v 58.931 47.225 1.743
v 58.948 46.881 1.749
v 58.384 45.797 3.778
v 58.375 45.824 4.008
v 59.291 47.387 1.247
v 59.190 46.940 1.366
v 58.561 46.118 3.708
v 59.198 47.240 1.653
v 58.594 45.835 3.733
v 59.202 46.855 1.747
v 58.586 45.796 4.028
v 58.609 46.132 4.080
v 29.950 -0.000 106.393
v 29.950 -0.000 106.552
v 29.639 -0.000 106.552
v 27.769 0.000 106.552
v -27.742 -0.000 106.552
v -28.067 -0.000 106.552
v -29.924 -0.000 106.552
v -29.609 -0.000 106.552
v 28.093 -0.000 106.552
v -29.924 0.000 106.393
v 27.769 -0.000 104.012
v -27.742 -0.000 104.012
v -28.067 0.000 104.012
v 28.093 -0.000 104.012
v -29.924 -0.000 104.012
v -29.609 -0.000 104.012
v 29.639 0.000 104.012
v 29.950 -0.000 104.012
v 58.267 -46.172 3.678
v 58.218 -45.364 4.593
v 58.310 -46.314 4.618
v 58.844 -47.203 1.302
v 58.818 -46.932 1.308
v 59.399 -48.142 1.209
v 59.317 -46.593 0.454
v 58.161 -44.791 4.578
v 58.345 -46.688 4.628
v 58.261 -47.269 4.618
v 58.849 -47.054 4.758
v 58.267 -44.191 4.620
v 58.771 -44.215 4.748
v 59.973 -46.038 0.719
v 59.973 -48.356 1.751
v 59.327 -46.996 4.889
v 60.848 -48.268 1.950
v 59.941 -46.921 5.056
v 61.430 -48.162 1.864
v 60.420 -46.863 5.187
v 60.827 -46.282 5.306
v 61.683 -47.557 1.629
v 60.776 -45.732 5.292
v 60.713 -45.063 5.274
v 61.710 -46.673 1.476
v 60.661 -44.509 5.261
v 60.655 -43.916 5.271
v 60.158 -44.041 5.129
v 61.428 -45.891 1.050
v 60.078 -44.072 5.094
v 61.366 -46.027 1.094
v 59.647 -44.082 4.996
v 60.848 -45.949 0.918
v 59.652 -44.115 4.987
v 57.959 -44.066 4.536
v 57.889 -44.164 4.517
v 61.114 -43.676 5.397
v 61.846 -44.733 2.903
v 58.341 -44.800 2.917
v 58.124 -44.462 3.733
v 58.993 -45.684 0.565
v 59.085 -49.086 0.979
v 58.440 -44.951 2.552
v 58.705 -45.451 1.241
v 59.003 -48.126 0.947
v 58.574 -45.399 1.793
v 58.893 -45.194 1.597
v 58.505 -44.822 2.704
v 58.927 -45.081 1.187
v 58.930 -44.922 0.541
v 59.615 -45.214 1.566
v 59.277 -44.834 1.133
v 58.612 -44.920 2.370
v 59.230 -44.463 0.423
v 59.228 -44.749 0.849
v 58.933 -44.576 0.369
v 58.934 -49.296 0.527
v 58.773 -46.209 0.420
v 59.015 -46.693 0.386
v 58.863 -47.509 0.442
v 58.889 -48.690 0.433
v 58.911 -48.119 0.521
v 58.975 -49.127 0.218
v 58.896 -44.778 0.276
v 59.265 -44.382 0.264
v 61.942 -44.847 2.572
v 61.931 -45.218 1.597
v 62.232 -44.912 1.574
v 62.263 -44.936 1.012
v 62.415 -44.573 0.340
v 62.405 -44.556 0.228
v 58.975 -44.671 0.249
v 62.092 -46.481 2.095
v 59.436 -48.471 1.238
v 59.306 -47.341 0.744
v 61.499 -46.227 0.637
v 61.724 -46.199 0.812
v 61.718 -47.339 1.449
v 62.126 -46.335 0.917
v 62.138 -46.317 0.865
v 61.444 -48.300 1.753
v 61.829 -48.374 1.745
v 62.291 -46.155 0.190
v 60.006 -45.961 0.193
v 59.574 -46.410 0.261
v 59.312 -48.778 0.688
v 59.262 -48.979 0.444
v 59.164 -49.133 0.222
v 59.237 -47.796 0.783
v 59.003 -48.393 0.222
v 58.976 -47.777 0.211
v 58.968 -47.172 0.219
v 58.987 -46.546 0.243
v 59.031 -46.404 0.217
v 61.437 -46.619 4.335
v 61.788 -46.208 3.113
v 61.637 -46.227 3.635
v 61.847 -46.671 2.922
v 61.726 -45.898 3.342
v 61.624 -46.516 3.688
v 60.033 -44.719 0.266
v 60.343 -44.725 0.256
v 60.351 -45.875 0.190
v 60.019 -44.671 0.221
v 60.064 -45.883 0.190
v 61.397 -44.723 0.259
v 61.312 -45.883 0.190
v 60.382 -44.676 0.240
v 61.229 -44.675 0.224
v 61.526 -44.670 0.240
v 60.395 -45.924 0.190
v 61.204 -45.924 0.190
v 58.983 -45.856 0.250
v 61.530 -45.929 0.190
v 62.372 -45.868 0.225
v 62.342 -44.723 0.279
v 62.314 -45.856 0.326
v 60.769 -45.222 1.579
v 61.238 -44.823 0.489
v 61.173 -45.110 1.139
v 60.874 -45.104 1.182
v 60.035 -44.842 0.525
v 59.958 -45.108 1.141
v 60.045 -45.224 1.561
v 61.192 -44.696 0.313
v 59.971 -44.696 0.315
v 60.352 -44.735 0.344
v 60.384 -44.695 0.311
v 62.282 -44.773 0.414
v 61.176 -45.223 1.575
v 61.524 -44.694 0.313
v 61.514 -44.711 0.343
v 62.054 -45.114 1.183
v 59.117 -45.691 0.689
v 58.267 46.172 3.678
v 58.218 45.364 4.593
v 58.307 46.266 4.617
v 58.846 47.230 1.303
v 58.818 46.932 1.308
v 59.397 48.141 1.207
v 59.325 46.596 0.460
v 58.165 44.810 4.578
v 58.349 46.688 4.628
v 58.261 47.269 4.618
v 58.849 47.054 4.758
v 58.267 44.191 4.620
v 58.771 44.215 4.748
v 59.973 46.038 0.719
v 59.973 48.356 1.751
v 59.327 46.996 4.889
v 60.848 48.268 1.950
v 59.941 46.921 5.056
v 61.430 48.161 1.865
v 60.420 46.863 5.187
v 60.827 46.282 5.306
v 61.683 47.557 1.629
v 60.776 45.732 5.292
v 60.713 45.063 5.274
v 61.710 46.673 1.476
v 60.661 44.509 5.261
v 60.655 43.916 5.271
v 61.428 45.891 1.050
v 60.158 44.041 5.129
v 61.366 46.027 1.094
v 60.078 44.072 5.094
v 60.848 45.949 0.918
v 59.647 44.082 4.996
v 59.652 44.115 4.987
v 57.959 44.066 4.536
v 57.889 44.164 4.517
v 61.114 43.676 5.397
v 61.846 44.733 2.903
v 58.127 44.454 3.733
v 58.377 44.657 3.120
v 58.329 44.810 2.918
v 57.953 44.321 4.245
v 58.565 45.402 1.831
v 58.436 44.951 2.560
v 58.700 45.461 1.258
v 58.989 45.693 0.552
v 58.780 46.197 0.474
v 59.085 49.086 0.979
v 59.003 48.126 0.947
v 58.924 45.075 1.149
v 58.927 44.926 0.539
v 59.279 44.831 1.118
v 59.612 45.212 1.566
v 58.891 45.194 1.599
v 58.618 44.920 2.367
v 58.505 44.822 2.704
v 59.231 44.463 0.422
v 59.229 44.749 0.849
v 58.930 44.580 0.368
v 58.934 49.296 0.527
v 58.889 48.689 0.434
v 58.911 48.119 0.521
v 58.863 47.509 0.442
v 59.023 46.684 0.384
v 58.896 44.777 0.278
v 58.985 49.115 0.222
v 59.266 44.382 0.264
v 61.942 44.847 2.572
v 61.931 45.219 1.597
v 62.232 44.912 1.574
v 62.415 44.573 0.340
v 62.261 44.940 1.021
v 62.405 44.556 0.228
v 58.977 44.671 0.250
v 62.092 46.479 2.098
v 59.433 48.479 1.230
v 59.304 47.343 0.742
v 61.725 46.199 0.815
v 61.499 46.227 0.637
v 61.724 47.342 1.447
v 62.126 46.335 0.917
v 62.138 46.317 0.865
v 61.444 48.300 1.753
v 61.827 48.376 1.744
v 62.346 46.575 0.190
v 62.296 46.137 0.190
v 59.315 48.773 0.697
v 59.268 48.982 0.445
v 59.165 49.133 0.224
v 59.239 47.802 0.786
v 58.985 46.547 0.240
v 58.968 47.172 0.219
v 58.976 47.777 0.211
v 59.003 48.393 0.222
v 59.031 46.412 0.219
v 61.820 46.739 3.018
v 61.815 46.162 3.019
v 61.411 46.621 4.423
v 61.638 46.535 3.638
v 61.637 46.362 3.639
v 60.031 44.718 0.271
v 60.064 45.883 0.190
v 60.351 45.877 0.190
v 60.343 44.725 0.253
v 60.015 44.674 0.232
v 61.359 44.722 0.261
v 61.346 45.882 0.190
v 61.217 44.677 0.231
v 62.342 44.723 0.279
v 62.365 45.860 0.244
v 58.983 45.856 0.250
v 60.389 45.921 0.190
v 61.227 45.922 0.190
v 61.524 45.927 0.190
v 60.385 44.671 0.222
v 61.528 44.664 0.220
v 62.315 45.858 0.324
v 60.769 45.222 1.579
v 61.161 45.105 1.129
v 61.243 44.820 0.482
v 60.874 45.104 1.183
v 59.958 45.109 1.143
v 60.035 44.842 0.525
v 60.045 45.224 1.561
v 61.192 44.696 0.313
v 59.971 44.696 0.315
v 60.352 44.735 0.345
v 60.384 44.695 0.311
v 62.285 44.770 0.408
v 61.176 45.223 1.575
v 61.524 44.694 0.313
v 61.514 44.711 0.344
v 62.057 45.106 1.164
v 59.115 45.703 0.664
v -61.624 -45.664 4.381
v -61.603 -45.932 4.451
v -61.549 -45.964 4.633
v -61.339 -45.627 4.749
v -61.537 -45.533 4.674
v -61.537 45.533 4.674
v -61.624 45.664 4.381
v -62.221 46.780 2.362
v -61.268 47.123 5.248
v -62.818 49.405 0.334
v -62.220 46.463 2.367
v -62.134 46.712 2.072
v -62.221 -46.780 2.362
v -61.549 45.964 4.633
v -62.220 -46.463 2.367
v -61.219 -46.977 5.382
v -62.819 -49.405 0.331
v -61.268 -47.123 5.248
v -62.134 -46.712 2.072
v -62.010 -46.446 2.322
v -62.588 -49.397 0.341
v -62.511 -49.370 0.192
v -62.776 -49.426 0.156
v -62.778 49.425 0.160
v -58.013 -49.439 0.095
v -58.013 49.439 0.095
v -57.820 49.259 0.095
v -57.820 -49.259 0.095
v -60.051 42.019 0.095
v -60.201 41.677 0.095
v -60.601 -41.989 0.095
v -60.601 41.989 0.095
v -60.201 -41.677 0.095
v -60.379 41.661 0.095
v -60.379 -42.318 0.095
v -60.379 -41.661 0.095
v -60.235 -42.315 0.095
v -60.051 -42.019 0.095
v -60.379 42.318 0.095
v -60.235 42.315 0.095
v -62.205 -47.555 0.164
v -59.701 -48.750 0.164
v -59.665 46.894 0.164
v -59.681 47.806 0.164
v -59.665 47.650 0.164
v -61.197 47.994 0.164
v -60.138 48.329 0.164
v -59.852 48.060 0.164
v -60.531 48.359 0.164
v -61.810 48.143 0.164
v -62.174 47.870 0.164
v -62.230 47.650 0.164
v -59.679 -48.704 0.164
v -60.683 -46.869 0.164
v -60.683 -48.241 0.164
v -61.150 46.945 0.164
v -61.150 47.650 0.164
v -59.715 46.945 0.164
v -59.715 47.650 0.164
v -60.832 48.217 0.164
v -58.181 -45.364 4.593
v -58.269 -46.266 4.617
v -58.809 -47.230 1.303
v -58.127 -44.810 4.578
v -58.311 -46.688 4.628
v -58.224 -47.269 4.618
v -58.811 -47.054 4.758
v -58.432 -44.245 4.668
v -59.936 -46.038 0.719
v -58.826 -44.201 4.775
v -59.936 -48.356 1.751
v -59.290 -46.996 4.889
v -60.811 -48.268 1.950
v -59.904 -46.921 5.056
v -61.416 -48.155 1.858
v -60.289 -46.874 5.162
v -60.495 -46.851 5.219
v -60.789 -46.282 5.306
v -61.645 -47.557 1.629
v -60.738 -45.732 5.292
v -60.675 -45.063 5.274
v -61.672 -46.673 1.476
v -60.624 -44.509 5.261
v -60.617 -43.916 5.271
v -61.390 -45.891 1.050
v -60.120 -44.041 5.129
v -61.355 -46.041 1.107
v -60.040 -44.072 5.094
v -60.811 -45.949 0.918
v -59.609 -44.082 4.996
v -59.615 -44.115 4.987
v -57.928 -44.062 4.537
v -57.857 -44.149 4.518
v -57.886 -44.088 4.526
v -61.076 -43.676 5.397
v -61.808 -44.733 2.903
v -58.090 -44.454 3.733
v -58.339 -44.657 3.120
v -58.299 -44.810 2.909
v -57.915 -44.321 4.245
v -58.485 -45.356 2.007
v -58.405 -44.943 2.562
v -58.556 -45.432 1.714
v -58.663 -45.461 1.258
v -58.743 -46.197 0.474
v -59.047 -49.086 0.979
v -58.965 -48.126 0.947
v -58.593 -44.926 2.342
v -58.496 -45.279 1.973
v -59.227 -44.471 0.444
v -59.232 -44.740 0.860
v -58.904 -49.279 0.516
v -58.851 -48.689 0.434
v -58.892 -48.089 0.514
v -58.882 -47.427 0.449
v -58.967 -49.115 0.223
v -59.240 -44.380 0.270
v -61.904 -44.847 2.572
v -62.195 -44.912 1.574
v -62.054 -46.479 2.098
v -59.395 -48.479 1.230
v -61.488 -46.206 0.707
v -61.743 -46.206 0.827
v -61.686 -47.342 1.447
v -62.102 -46.358 0.901
v -62.109 -46.339 0.869
v -61.406 -48.300 1.753
v -61.790 -48.376 1.744
v -62.309 -46.575 0.190
v -59.277 -48.773 0.697
v -59.237 -48.983 0.450
v -59.151 -49.143 0.221
v -58.930 -47.172 0.219
v -58.938 -47.777 0.211
v -58.965 -48.393 0.222
f 984 983 979
f 985 979 981
f 979 985 984
f 980 981 979
f 987 986 981
f 986 983 984
f 986 979 983
f 986 987 979
f 987 981 980
f 980 979 987
f 984 982 986
f 982 981 986
f 987 989 986
f 986 991 988
f 988 987 986
f 990 986 989
f 992 988 991
f 991 986 992
f 993 994 988
f 988 992 993
f 995 993 992
f 992 986 995
f 996 995 986
f 986 990 996
f 995 997 993
f 997 995 996
f 990 989 996
f 994 993 998
f 994 999 987
f 987 988 994
f 996 989 987
f 987 999 996
f 1010 1014 1013
f 1014 1016 1013
f 1016 1014 1015
f 1016 1017 1013
f 1019 1010 1012
f 998 1020 1015
f 1015 1021 998
f 1021 1022 998
f 1000 1001 996
f 996 999 1000
f 1000 999 1003
f 999 1002 1003
f 1002 999 994
f 997 996 1001
f 1014 1010 1019
f 1005 1009 1006
f 1020 1015 1014
f 1014 1019 1024
f 1024 1025 1014
f 1019 1026 1024
f 1005 1019 1009
f 1014 1025 1027
f 1027 1020 1014
f 1015 1020 1022
f 1022 1021 1015
f 1028 1022 1020
f 1028 1020 1027
f 1027 1029 1028
f 1005 1028 1029
f 1029 1030 1005
f 1005 1030 1026
f 1026 1019 1005
f 1005 1022 1028
f 1005 1021 1022
f 1021 1005 1023
f 1026 1030 1031
f 1024 1026 1031
f 1030 1029 1031
f 1024 1031 1025
f 1032 1033 998
f 1017 1016 1018
f 997 1018 993
f 1016 1034 1035
f 1035 1018 1016
f 1024 1036 1012
f 1012 1036 1037
f 1037 1011 1012
f 1010 1011 1037
f 1036 1024 1037
f 1010 1037 1038
f 1038 1014 1010
f 1008 1006 1007
f 1009 1007 1006
f 1007 1009 1039
f 1039 1040 1007
f 1012 1007 1040
f 1009 1006 1039
f 1019 1012 1040
f 1006 1005 1026
f 1026 1039 1006
f 998 1041 1032
f 1004 1023 1005
f 1023 1004 1021
f 1002 1042 1030
f 1030 1004 1002
f 1043 997 1001
f 1000 989 1044
f 1044 999 1000
f 999 1044 989
f 1000 999 989
f 1024 1012 1010
f 1024 1038 1037
f 1038 1024 1010
f 1039 1026 1040
f 1009 1019 1040
f 1009 1040 1026
f 1026 1005 1009
f 1029 1027 1025
f 1029 1025 1045
f 1025 1031 1046
f 1031 1045 1046
f 1045 1031 1029
f 1046 1045 1025
f 998 1002 994
f 1002 1041 1042
f 1002 998 1032
f 1032 1041 1002
f 1049 1041 1032
f 1049 1041 998
f 1005 1004 1030
f 1021 1004 1030
f 1021 1023 1022
f 1041 1030 1042
f 1041 1050 1030
f 1050 1041 1022
f 1022 1041 1049
f 1049 998 1022
f 1022 1021 1030
f 1030 1050 1022
f 993 1018 1035
f 1035 1051 993
f 993 1051 1032
f 1032 998 993
f 1051 1033 1032
f 1016 1013 1034
f 1016 1025 1034
f 1015 1020 1016
f 1016 1020 1017
f 1051 1034 1033
f 1051 1035 1034
f 1034 1025 1033
f 1027 1033 1025
f 1017 1020 1033
f 1017 1033 1027
f 1020 998 1033
f 1017 1027 1025
f 1025 1016 1017
f 1011 114 1052
f 1011 1001 114
f 1018 997 1001
f 1011 1013 1017
f 1017 1001 1011
f 1011 1010 1013
f 1017 1018 1001
f 1053 1054 1011
f 1011 1052 1053
f 1054 1055 1056
f 1053 1057 1055
f 1055 1054 1053
f 1053 1058 1057
f 1008 1007 1012
f 1012 1011 1008
f 1006 1004 1005
f 1000 1002 1004
f 1004 1006 1000
f 1000 1003 1002
f 1006 1059 1000
f 1006 1060 1059
f 1062 1054 1063
f 1063 1061 1062
f 1054 1062 1061
f 1054 1061 1008
f 1008 1011 1054
f 1061 1062 1008
f 1006 1008 1062
f 1064 1060 1006
f 1006 1062 1064
f 1064 1065 1066
f 1062 1067 1065
f 1065 1064 1062
f 1062 1068 1067
f 1062 1069 1068
f 1064 982 1053
f 1064 1070 982
f 1064 1053 1070
f 1072 1073 1053
f 1053 1071 1072
f 1053 1073 1070
f 1074 1071 1053
f 126 1074 1053
f 1074 1075 1076
f 1071 1074 1076
f 126 1075 1074
f 125 126 1053
f 126 1076 1075
f 1077 1064 1070
f 1079 1070 1078
f 1079 1077 1070
f 1079 1078 1080
f 1082 1081 1080
f 1080 1078 1082
f 1064 1084 1083
f 1080 1077 1079
f 1085 1097 1088
f 1085 1088 1091
f 1090 1100 1089
f 1092 1096 1094
f 1100 1080 1081
f 1089 1081 1082
f 1081 1089 1100
f 1086 1093 1085
f 1093 1094 1096
f 1090 1088 1098
f 1100 1090 1099
f 1082 1078 1101
f 1101 1102 1082
f 114 1001 1000
f 1000 1059 114
f 1084 1059 1060
f 1052 114 125
f 125 1053 1052
f 1060 1064 1084
f 1059 1107 1103
f 1103 1106 1107
f 1105 1107 1104
f 1105 1107 1106
f 1108 1109 1087
f 1095 1087 1109
f 1111 1112 1095
f 1109 1111 1095
f 1112 1092 1095
f 1112 1096 1092
f 1093 1104 1085
f 1104 1105 1085
f 1096 1112 1113
f 1096 1113 1093
f 1105 1088 1097
f 1097 1085 1105
f 1098 1088 1106
f 1099 1090 1059
f 1103 1090 1098
f 1088 1105 1106
f 1103 1059 1090
f 1064 1077 1100
f 1100 1084 1064
f 1106 1103 1098
f 1059 1100 1099
f 1077 1080 1100
f 1100 1059 1084
f 1087 1110 1108
f 1114 1072 1115
f 1070 1073 1101
f 1101 1078 1070
f 1072 1116 1101
f 1072 1117 1116
f 1073 1072 1101
f 1114 1116 1072
f 1102 1101 1116
f 1116 1117 1102
f 1118 1119 1120
f 1118 1102 1117
f 1120 1102 1118
f 1110 1087 1121
f 1122 1121 1087
f 1109 1111 1112
f 1124 1112 1123
f 1125 1104 1124
f 1113 1112 1093
f 1104 1093 1124
f 1124 1093 1112
f 1128 1118 1129
f 1118 1128 1119
f 1131 1119 1128
f 1128 1130 1131
f 1128 1133 1132
f 1132 1130 1128
f 1128 1134 1133
f 1134 1129 1135
f 1136 1134 1135
f 1129 1134 1118
f 1128 1129 1134
f 1130 1132 1137
f 1132 1138 1137
f 1137 1139 1130
f 1132 127 1138
f 1130 1139 1140
f 1140 1131 1130
f 1138 1139 1137
f 1142 127 1141
f 1158 1147 1146
f 1148 1146 1147
f 1153 1152 1145
f 1156 1152 1151
f 1155 1151 1154
f 1145 1146 1144
f 1131 1140 1150
f 1154 1150 1140
f 1140 1139 1154
f 1152 1157 1145
f 1150 1154 1151
f 1147 1158 1148
f 1120 1119 1102
f 1119 1082 1102
f 1119 1131 1082
f 1150 1089 1082
f 1131 1150 1082
f 1150 1151 1089
f 1151 1090 1089
f 1151 1088 1090
f 1151 1152 1088
f 1152 1153 1091
f 1091 1088 1152
f 1091 1153 1145
f 1086 1085 1145
f 1145 1144 1086
f 1094 1093 1144
f 1094 1144 1146
f 1146 1147 1094
f 1092 1148 1149
f 1092 1147 1148
f 1149 1095 1092
f 1122 1087 1095
f 1095 1159 1122
f 1159 1095 1149
f 1149 1160 1159
f 1149 1143 1160
f 1092 1094 1147
f 1093 1086 1144
f 1145 1085 1091
f 1121 1122 1163
f 1122 1159 1163
f 1163 1159 1160
f 1163 1160 1164
f 1143 1164 1160
f 1164 1143 1161
f 1164 1162 1163
f 1162 1121 1163
f 1162 1167 1163
f 1167 1164 1163
f 1163 1164 1159
f 1121 1162 1127
f 1162 1166 1127
f 1126 1108 1110
f 1110 1121 1126
f 1127 1126 1121
f 1168 1126 1169
f 1162 1166 1170
f 1170 1167 1162
f 1163 1159 1168
f 1121 1163 1126
f 1168 1126 1163
f 1164 1167 1170
f 1170 1171 1164
f 1159 1164 1168
f 1164 1171 1168
f 1171 1164 1161
f 1170 1162 1164
f 1161 1165 1171
f 1172 1171 1168
f 1173 1174 1149
f 1143 1149 1174
f 1165 1161 1143
f 1175 1176 1148
f 1176 1173 1148
f 1143 1174 1165
f 1145 1177 1146
f 1149 1148 1173
f 1152 1179 1178
f 1178 1145 1157
f 1148 1158 1175
f 1154 1138 127
f 1156 1180 1181
f 1145 1178 1177
f 1158 1146 1175
f 1154 1139 1138
f 111 1151 1155
f 1181 1152 1156
f 1152 1181 1179
f 1142 111 1154
f 1156 1151 1180
f 1157 1152 1178
f 111 1180 1151
f 1155 1154 111
f 127 1142 1154
f 1173 1176 1174
f 1146 1176 1175
f 1184 1146 1177
f 1184 1177 1182
f 1183 1176 1184
f 1146 1184 1176
f 1180 1185 111
f 1185 1179 1181
f 1181 1180 1185
f 1177 1185 1178
f 1179 1185 1178
f 1132 126 127
f 1076 126 1133
f 1133 1134 1076
f 1132 1133 126
f 126 147 1133
f 1133 127 126
f 1188 1189 126
f 1189 1187 126
f 1186 1190 1191
f 1191 126 1186
f 1191 1188 126
f 1193 1194 1192
f 1192 127 1195
f 1195 1193 1192
f 1196 1195 127
f 126 1052 1197
f 1197 1186 126
f 1186 1192 1199
f 1199 1198 1186
f 1186 1200 1192
f 1197 1201 1202
f 1197 1203 1201
f 1197 1204 1205
f 1206 1205 1204
f 1205 1203 1197
f 1204 1207 1206
f 1197 114 1204
f 1197 1052 114
f 114 1208 1204
f 111 1209 1208
f 1208 114 111
f 1142 127 1210
f 1210 111 1142
f 1052 126 125
f 1211 111 1210
f 1211 1209 111
f 1209 1211 1213
f 1213 1214 1209
f 1214 1212 1209
f 1211 1215 1213
f 127 1192 1211
f 1211 1210 127
f 1216 1192 1200
f 1216 1211 1192
f 1186 1197 1216
f 1216 1200 1186
f 1197 1217 1218
f 1218 1216 1197
f 1219 1136 1135
f 1219 1134 1136
f 1135 1220 1219
f 1135 1129 1220
f 1134 1222 1221
f 1134 1219 1222
f 1219 1223 1222
f 1129 1226 1225
f 1129 1227 1226
f 1225 1220 1129
f 1220 1228 1224
f 1224 1219 1220
f 1230 1219 1224
f 1219 1232 1231
f 1232 1219 1230
f 1230 1233 1232
f 1224 1229 1230
f 1235 1236 1234
f 1235 1220 1236
f 1220 1237 1236
f 1220 1235 1238
f 1238 1228 1220
f 1224 1228 1238
f 1238 1229 1224
f 1235 1230 1229
f 1229 1238 1235
f 1230 1239 1240
f 1230 1072 1239
f 1072 1241 1239
f 1230 1235 1114
f 1114 1115 1230
f 1235 1116 1114
f 1115 1072 1230
f 1116 1243 1242
f 1116 1235 1244
f 1244 1243 1116
f 1247 1245 114
f 1247 1246 1245
f 1248 1247 1249
f 1247 1246 1250
f 1250 1249 1247
f 1249 1251 1248
f 1251 1252 1248
f 1253 1245 1246
f 1253 1246 1250
f 1250 1249 1253
f 1249 1254 1253
f 1246 1245 1255
f 1255 1249 1250
f 1255 1256 1249
f 1250 1246 1255
f 1256 1249 1250
f 1257 1247 1248
f 1248 1258 1257
f 1252 1259 1258
f 1258 1248 1252
f 1258 1260 1256
f 1256 1255 1257
f 1258 1259 1260
f 1256 1257 1258
f 1260 1259 1252
f 1260 1251 1249
f 1249 1256 1260
f 1252 1251 1260
f 1249 1250 1254
f 1261 1262 1248
f 1248 1247 1261
f 1252 1248 1262
f 1262 1263 1252
f 1262 1261 1254
f 1254 1264 1262
f 1261 1253 1254
f 1264 1263 1262
f 1264 1254 1249
f 1249 1251 1264
f 1263 1264 1251
f 1251 1252 1263
f 1134 1265 1076
f 1267 1072 1071
f 1071 1265 1266
f 1267 1071 1266
f 1265 1071 1076
f 1265 1268 1269
f 1267 1266 1269
f 1269 1266 1265
f 1269 1270 1267
f 1271 1266 1269
f 1273 1274 1269
f 1271 1274 1273
f 1273 1272 1271
f 1271 1269 1274
f 1272 1273 1268
f 1268 1265 1272
f 1273 1269 1268
f 1276 1269 1274
f 1271 1276 1274
f 1271 1275 1276
f 1275 1267 1270
f 1270 1276 1275
f 1269 1276 1270
f 1118 1259 1129
f 1252 1118 1117
f 1117 1116 1263
f 1117 1263 1252
f 1252 1259 1118
f 1263 1262 1278
f 1278 1277 1263
f 1278 1262 1277
f 1263 1277 1262
f 1259 1279 1280
f 1280 1258 1259
f 1279 1258 1280
f 1258 1279 1259
f 1281 1283 1245
f 1286 1283 1282
f 1281 1283 1282
f 1285 1284 1286
f 1281 1282 1287
f 1287 1288 1281
f 1288 1289 1281
f 1284 1291 1290
f 1282 1287 1292
f 1293 1282 1292
f 1292 1294 1293
f 1284 1296 1295
f 1297 1298 1292
f 1292 1282 1297
f 1299 1286 1285
f 1286 1295 1300
f 1301 1299 1285
f 1285 1295 1301
f 1285 1284 1295
f 1295 1286 1299
f 1299 1301 1295
f 1288 1287 1292
f 1298 1303 1288
f 1303 1289 1288
f 1288 1292 1298
f 1281 1289 1304
f 1304 1302 1281
f 1289 1303 1304
f 1303 1298 1302
f 1302 1304 1303
f 1305 1291 1286
f 1306 1291 1285
f 1291 1284 1285
f 1285 1299 1306
f 1299 1291 1306
f 1291 1299 1286
f 1294 1292 1288
f 1288 1308 1294
f 1308 1288 1289
f 1281 1307 1309
f 1309 1289 1281
f 1289 1309 1308
f 1308 1309 1307
f 1307 1294 1308
f 1314 1223 1219
f 1320 1233 1230
f 1241 1072 1267
f 1267 1275 1241
f 1221 1272 1265
f 1265 1134 1221
f 1222 1313 1312
f 1312 1221 1222
f 1314 1222 1223
f 1314 1231 1316
f 1271 1272 1312
f 1312 1317 1271
f 1239 1241 1318
f 1241 1275 1318
f 1318 1319 1239
f 1318 1271 1317
f 1271 1318 1275
f 1240 1239 1320
f 1239 1319 1320
f 1233 1320 1321
f 1314 1313 1222
f 1312 1272 1221
f 1230 1240 1320
f 1219 1231 1314
f 1231 1323 1322
f 1322 1316 1231
f 1231 1232 1324
f 1324 1323 1231
f 1311 1325 1324
f 1324 1232 1311
f 1323 1324 1325
f 1325 1322 1323
f 1325 1311 1316
f 1316 1322 1325
f 1313 1327 1326
f 1326 1315 1313
f 1314 1328 1327
f 1327 1313 1314
f 1310 1315 1326
f 1326 1329 1310
f 1326 1327 1329
f 1327 1328 1329
f 1310 1329 1328
f 1328 1314 1310
f 1313 1327 1330
f 1315 1331 1326
f 1326 1331 1330
f 1330 1327 1326
f 1331 1315 1317
f 1331 1317 1312
f 1312 1330 1331
f 1312 1272 1330
f 1273 1330 1272
f 1330 1312 1313
f 1233 1321 1332
f 1332 1333 1233
f 1233 1333 1324
f 1324 1232 1233
f 1333 1332 1325
f 1325 1324 1333
f 1325 1332 1321
f 1321 1311 1325
f 1319 1315 1326
f 1326 1334 1319
f 1320 1319 1334
f 1334 1335 1320
f 1329 1334 1326
f 1329 1335 1334
f 1310 1320 1335
f 1335 1329 1310
f 1336 1334 1319
f 1331 1326 1334
f 1334 1336 1331
f 1331 1336 1318
f 1336 1275 1318
f 1318 1317 1331
f 1336 1276 1275
f 1319 1318 1336
f 1320 1310 1311
f 1311 1321 1320
f 1314 1316 1311
f 1310 1314 1311
f 1338 1271 1317
f 1271 1338 1337
f 1337 1338 1317
f 1317 1271 1337
f 1340 1310 1311
f 1340 1339 1310
f 1339 1340 1311
f 1311 1310 1339
f 1339 1341 1342
f 1342 1340 1339
f 1344 1340 1343
f 1344 1339 1340
f 1280 1337 1338
f 1248 1278 1337
f 1338 1337 1278
f 1337 1280 1248
f 1279 1280 1338
f 1338 1345 1279
f 1346 1347 1345
f 1345 1278 1277
f 1345 1338 1278
f 1345 1346 1279
f 1252 1248 1280
f 1280 1279 1252
f 1279 1259 1252
f 1277 1347 1345
f 1252 1263 1277
f 1277 1248 1252
f 1277 1278 1248
f 1263 1252 1259
f 1237 1220 1225
f 1341 1244 1235
f 1129 1259 1279
f 1279 1227 1129
f 1116 1242 1277
f 1277 1263 1116
f 1346 1226 1227
f 1227 1279 1346
f 1225 1226 1349
f 1237 1344 1343
f 1243 1350 1347
f 1347 1242 1243
f 1350 1243 1244
f 1244 1341 1350
f 1341 1234 1342
f 1347 1277 1242
f 1349 1344 1225
f 1346 1349 1226
f 1235 1234 1341
f 1225 1344 1237
f 1340 1236 1352
f 1352 1351 1340
f 1237 1353 1352
f 1352 1236 1237
f 1237 1343 1354
f 1354 1353 1237
f 1340 1351 1354
f 1354 1343 1340
f 1354 1351 1353
f 1351 1352 1353
f 1344 1349 1356
f 1356 1355 1344
f 1349 1348 1357
f 1357 1356 1349
f 1339 1358 1357
f 1357 1348 1339
f 1358 1356 1357
f 1358 1355 1356
f 1358 1339 1344
f 1344 1355 1358
f 1346 1345 1348
f 1348 1349 1346
f 1349 1346 1359
f 1359 1356 1349
f 1234 1236 1352
f 1352 1360 1234
f 1234 1360 1361
f 1361 1342 1234
f 1340 1342 1361
f 1361 1351 1340
f 1360 1352 1351
f 1351 1361 1360
f 1341 1362 1363
f 1363 1350 1341
f 1348 1350 1363
f 1363 1357 1348
f 1357 1363 1358
f 1363 1362 1358
f 1358 1362 1341
f 1341 1339 1358
f 1350 1348 1357
f 1357 1363 1350
f 1350 1348 1345
f 1345 1347 1350
f 1350 1363 1364
f 1364 1347 1350
f 1356 1359 1346
f 1356 1346 1349
f 1350 1347 1363
f 1364 1363 1347
f 1165 1174 1171
f 1184 1182 1365
f 1365 1297 1366
f 1366 1297 1282
f 1365 1368 1147
f 1147 1183 1365
f 1366 1369 1368
f 1368 1365 1366
f 1366 1282 1292
f 1292 1369 1366
f 1282 1286 1299
f 1299 1292 1282
f 1183 1147 1370
f 1370 1300 1183
f 1368 1369 1292
f 1299 1370 1147
f 1147 1368 1299
f 1292 1299 1368
f 1286 1300 1370
f 1370 1299 1286
f 1297 1365 1368
f 1368 1298 1297
f 1182 1371 1365
f 1368 1365 1371
f 1372 1371 1182
f 1145 1372 1182
f 1145 1182 1177
f 1177 1373 1157
f 1373 1177 1367
f 1177 1157 1145
f 1373 1372 1145
f 1145 1157 1373
f 1372 1303 1298
f 1298 1371 1372
f 1372 1373 1303
f 1298 1368 1371
f 1367 1302 1304
f 1304 1373 1367
f 1373 1304 1303
f 1183 1184 1365
f 1183 1365 1368
f 1147 1183 1368
f 1183 1300 1295
f 1295 1147 1183
f 1295 1301 1147
f 1173 1295 1296
f 1174 1172 1171
f 1176 1301 1295
f 1295 1173 1176
f 1147 1301 1176
f 1176 1183 1147
f 1172 1174 1173
f 1168 1296 1284
f 1168 1172 1296
f 1173 1296 1172
f 1245 1281 1289
f 1289 1375 1245
f 1375 1289 1376
f 1245 1377 1255
f 1379 1378 1375
f 1377 1245 1375
f 1375 1378 1377
f 1255 1377 1374
f 1374 1380 1373
f 1373 1367 1374
f 1289 1304 1373
f 1379 1376 1289
f 1379 1375 1376
f 1373 1379 1289
f 1377 1379 1380
f 1377 1378 1379
f 1380 1374 1377
f 1373 1380 1379
f 1379 1380 1378
f 1367 1177 1157
f 1157 1373 1367
f 1178 1156 1152
f 1178 1151 1156
f 1157 1177 1178
f 1178 1185 1374
f 1178 1374 1380
f 1380 1151 1178
f 1156 1380 1381
f 1152 1381 1373
f 1373 1157 1152
f 1380 1156 1151
f 1381 1152 1156
f 1380 1373 1381
f 1185 1180 1382
f 1204 1384 114
f 114 1385 1204
f 1385 114 1247
f 1384 111 114
f 1382 111 1180
f 1384 1209 111
f 1387 1386 1384
f 1384 1383 1387
f 1383 1382 1388
f 1388 1387 1383
f 1387 1388 1389
f 1382 111 1209
f 1388 1382 1209
f 1209 1390 1388
f 1389 1388 1390
f 1390 1391 1389
f 1391 1387 1389
f 1391 1386 1387
f 1209 1384 1390
f 1384 1386 1391
f 1391 1390 1384
f 1247 1392 1385
f 1257 1392 1247
f 1257 1393 1392
f 1258 1248 1392
f 1392 1393 1258
f 1383 1393 1257
f 1258 1393 1383
f 1383 1135 1258
f 1135 1383 1384
f 1384 1136 1135
f 1258 1135 1136
f 1136 1268 1258
f 1384 1268 1136
f 1268 1384 1204
f 1248 1269 1385
f 1385 1392 1248
f 1268 1248 1258
f 1268 1269 1248
f 1269 1268 1204
f 1204 1385 1269
f 1394 1396 1185
f 1395 1185 1396
f 1382 1185 1395
f 1395 1388 1382
f 1382 1179 1185
f 1395 1179 1382
f 1395 1130 1389
f 1389 1388 1395
f 1395 1185 1179
f 1374 1185 1397
f 1397 1399 1398
f 1397 1400 1399
f 1398 1374 1397
f 1397 1185 1400
f 1399 1400 1398
f 1382 1383 1387
f 1258 1393 1257
f 1255 1374 1398
f 1255 1401 1256
f 1398 1401 1255
f 1398 1256 1401
f 1382 1387 1400
f 1387 1128 1400
f 1400 1185 1382
f 1128 1387 1135
f 1135 1129 1128
f 1258 1135 1387
f 1387 1393 1258
f 1387 1383 1393
f 1260 1128 1129
f 1398 1400 1256
f 1128 1260 1256
f 1400 1128 1256
f 1129 1259 1260
f 1129 1135 1258
f 1258 1259 1129
f 1126 1109 1108
f 1403 1293 1402
f 1402 1125 1124
f 1282 1293 1403
f 1402 1123 1094
f 1094 1405 1402
f 1402 1405 1406
f 1406 1403 1402
f 1282 1403 1406
f 1406 1292 1282
f 1123 1305 1407
f 1407 1094 1123
f 1299 1405 1094
f 1299 1406 1405
f 1299 1292 1406
f 1094 1407 1299
f 1286 1299 1407
f 1407 1305 1286
f 1293 1294 1405
f 1405 1402 1293
f 1402 1408 1125
f 1408 1402 1405
f 1125 1409 1085
f 1125 1408 1409
f 1404 1104 1410
f 1097 1410 1104
f 1085 1097 1104
f 1104 1125 1085
f 1097 1085 1410
f 1409 1410 1085
f 1409 1408 1294
f 1408 1405 1294
f 1308 1410 1409
f 1309 1410 1308
f 1294 1308 1409
f 1404 1410 1309
f 1309 1307 1404
f 1123 1405 1402
f 1123 1402 1124
f 1405 1123 1094
f 1123 1291 1305
f 1123 1094 1291
f 1306 1291 1094
f 1290 1291 1111
f 1109 1126 1169
f 1112 1291 1306
f 1112 1306 1094
f 1112 1111 1291
f 1094 1123 1112
f 1169 1290 1111
f 1111 1109 1169
f 1169 1168 1290
f 1284 1290 1168
f 1245 1253 1412
f 1414 1413 1375
f 1412 1414 1375
f 1412 1413 1414
f 1375 1245 1412
f 1411 1412 1253
f 1411 1404 1410
f 1410 1415 1411
f 1414 1309 1289
f 1414 1410 1309
f 1289 1376 1414
f 1376 1375 1414
f 1412 1411 1415
f 1415 1414 1412
f 1414 1415 1410
f 1415 1413 1414
f 1404 1410 1097
f 1097 1104 1404
f 1105 1104 1097
f 1088 1098 1105
f 1098 1090 1105
f 1411 1107 1105
f 1105 1090 1415
f 1415 1411 1105
f 1088 1097 1410
f 1098 1088 1416
f 1416 1415 1098
f 1410 1416 1088
f 1090 1098 1415
f 1416 1410 1415
f 1001 114 1418
f 114 1001 1385
f 1059 1417 1103
f 1417 1103 1107
f 1059 1000 1418
f 1418 114 1059
f 1421 1419 1418
f 1418 1420 1421
f 1419 1421 1422
f 1422 1417 1419
f 1423 1422 1421
f 1103 1417 1000
f 1000 1059 1103
f 1422 1424 1000
f 1000 1417 1422
f 1425 1424 1422
f 1422 1423 1425
f 1421 1420 1425
f 1423 1421 1425
f 1424 1418 1000
f 1424 1420 1418
f 1420 1424 1425
f 1392 1426 1261
f 1247 1392 1261
f 1262 1426 1392
f 1392 1248 1262
f 1419 1261 1426
f 1419 1426 1262
f 1262 1114 1419
f 1114 1115 1418
f 1418 1419 1114
f 1114 1262 1270
f 1270 1115 1114
f 1115 1270 1418
f 1001 1418 1270
f 1248 1269 1270
f 1262 1248 1270
f 1269 1385 1001
f 1001 1270 1269
f 1428 1107 1429
f 1428 1427 1107
f 1417 1422 1429
f 1429 1107 1417
f 1417 1107 1106
f 1417 1106 1429
f 1423 1078 1429
f 1429 1422 1423
f 1106 1107 1429
f 1430 1107 1411
f 1430 1411 1431
f 1431 1432 1430
f 1432 1433 1430
f 1107 1430 1433
f 1419 1417 1421
f 1261 1426 1262
f 1253 1254 1434
f 1253 1434 1431
f 1431 1411 1253
f 1434 1254 1431
f 1417 1107 1433
f 1433 1421 1417
f 1433 1101 1421
f 1101 1116 1114
f 1114 1421 1101
f 1262 1426 1421
f 1426 1419 1421
f 1421 1114 1262
f 1254 1433 1432
f 1432 1431 1254
f 1254 1264 1101
f 1254 1101 1433
f 1264 1263 1101
f 1263 1116 1101
f 1116 1263 1262
f 1262 1114 1116
f 1211 1435 1215
f 1436 1202 1201
f 1203 1439 1436
f 1201 1203 1436
f 1437 1215 1438
f 1438 1439 1440
f 1441 1440 1439
f 1440 1442 1438
f 1443 1202 1436
f 1444 1212 1214
f 1445 1444 1214
f 1209 1212 1444
f 1208 1209 1444
f 1204 1208 1207
f 1217 1202 1443
f 1436 1439 1441
f 1446 1207 1208
f 1207 1447 1446
f 1440 1447 1445
f 1446 1448 1449
f 1449 1447 1446
f 1447 1449 1450
f 1450 1445 1447
f 1446 1208 1451
f 1451 1448 1446
f 1208 1452 1451
f 1208 1444 1453
f 1453 1452 1208
f 1444 1445 1450
f 1450 1453 1444
f 1449 1448 1454
f 1454 1450 1449
f 1436 1455 1456
f 1456 1443 1436
f 1443 1456 1457
f 1435 1443 1215
f 1436 1441 1458
f 1458 1455 1436
f 1439 1438 1442
f 1441 1442 1459
f 1442 1441 1439
f 1441 1459 1460
f 1460 1458 1441
f 1215 1461 1460
f 1460 1459 1215
f 1443 1457 1461
f 1461 1215 1443
f 1459 1442 1215
f 1442 1438 1215
f 1462 1461 1457
f 1455 1462 1456
f 1462 1460 1461
f 1462 1457 1456
f 1463 1464 1440
f 1206 1203 1205
f 1206 1207 1446
f 1446 1447 1206
f 1203 1206 1465
f 1465 1466 1203
f 1217 1467 1456
f 1197 1468 1467
f 1467 1217 1197
f 1468 1197 1202
f 1468 1456 1467
f 1469 1468 1202
f 1202 1436 1469
f 1211 1216 1218
f 1218 1435 1211
f 1435 1218 1470
f 1470 1471 1435
f 1218 1217 1470
f 1471 1211 1435
f 1470 1217 1443
f 1211 1471 1457
f 1457 1215 1211
f 1464 1472 1440
f 1213 1437 1438
f 1437 1213 1215
f 1214 1213 1461
f 1461 1473 1214
f 1204 1207 1474
f 1209 1444 1475
f 1475 1452 1209
f 1452 1475 1444
f 1452 1444 1209
f 1202 1217 1456
f 1468 1469 1456
f 1202 1456 1469
f 1470 1457 1471
f 1470 1443 1435
f 1435 1215 1457
f 1457 1470 1435
f 1448 1451 1452
f 1453 1450 1448
f 1454 1448 1450
f 1452 1453 1448
f 1476 146 1453
f 160 1476 1453
f 160 1453 1448
f 1477 160 1448
f 1448 145 1477
f 1448 146 147
f 1448 1453 146
f 147 145 1448
f 146 1476 160
f 149 160 145
f 160 149 146
f 1477 145 160
f 1458 1460 1455
f 150 1462 1455
f 148 1455 1460
f 1455 148 150
f 1462 150 148
f 1460 1462 148
f 1440 1445 1214
f 1473 1472 1214
f 1214 1472 1464
f 1464 1440 1214
f 1464 1480 1472
f 1440 1472 1480
f 1461 1213 1215
f 1461 1213 1438
f 1438 1437 1442
f 1473 1461 1472
f 1461 1481 1472
f 1442 1472 1481
f 1442 1440 1480
f 1480 1472 1442
f 1442 1481 1461
f 1461 1438 1442
f 1465 1206 1447
f 1447 1482 1465
f 1447 1440 1464
f 1464 1482 1447
f 1464 1463 1482
f 1466 1455 1203
f 1466 1201 1203
f 1203 1205 1441
f 1203 1441 1439
f 1463 1465 1482
f 1463 1466 1465
f 1455 1466 1463
f 1463 1458 1455
f 1458 1463 1205
f 1463 1441 1205
f 1463 1440 1441
f 1205 1203 1455
f 1455 1458 1205
f 1479 1194 1193
f 1477 1187 1189
f 1189 1188 1478
f 1189 1478 1485
f 1193 1195 1486
f 1487 1195 1196
f 1198 1199 1483
f 150 1198 1483
f 1186 1488 1190
f 1186 1198 1488
f 1483 148 150
f 1479 148 1483
f 148 1478 1190
f 1190 150 148
f 1190 1188 1191
f 148 1484 1485
f 127 1133 1132
f 1133 146 1132
f 146 1133 147
f 1195 1487 1486
f 1486 1484 1193
f 1477 145 1187
f 146 1196 1487
f 1487 1476 146
f 1196 127 1141
f 1141 1487 1196
f 1489 1141 127
f 127 1132 1489
f 1476 1132 146
f 1132 1476 1489
f 1490 145 147
f 1490 1477 145
f 1477 1492 1187
f 1187 1492 1491
f 1491 126 1187
f 1492 1477 1491
f 1488 1467 1468
f 1467 1488 1198
f 150 1493 1198
f 1493 1467 1198
f 1494 1493 150
f 150 1190 1494
f 1488 1468 1494
f 1494 1190 1488
f 1494 1468 1467
f 1467 1493 1494
f 146 149 1486
f 1486 1196 146
f 1487 1196 1486
f 1486 149 160
f 1487 1472 1473
f 160 1464 1472
f 1472 1486 160
f 1472 1487 1486
f 160 1485 1484
f 1486 160 1484
f 1486 1472 1464
f 1464 160 1486
f 1486 1487 1473
f 1473 1472 1486
f 1485 160 1464
f 1464 1463 1485
f 1465 1464 160
f 160 1477 1465
f 1189 1485 1463
f 1463 1482 1189
f 1482 1464 1465
f 1189 1482 1465
f 1465 1477 1189
f 1478 1188 1485
f 1188 1190 1478
f 1478 1496 1495
f 1495 1188 1478
f 1478 1190 1496
f 1485 1478 148
f 1188 1495 1463
f 1463 1485 1188
f 1496 1463 1495
f 1478 1485 1463
f 1463 1496 1478
f 1498 1497 1479
f 1479 1193 1498
f 1484 1480 1498
f 1498 1193 1484
f 1479 1497 1499
f 148 1479 1499
f 1480 1484 148
f 148 1499 1480
f 1497 1480 1499
f 1497 1498 1480
f 1500 1483 1199
f 1199 1192 1471
f 1471 1501 1199
f 1479 1192 1194
f 1471 1470 1501
f 1192 1479 1497
f 1497 1471 1192
f 1199 1501 1500
f 1497 1500 1471
f 1500 1470 1471
f 1500 1497 1479
f 1500 1479 1483
f 1500 1501 1470
f 126 1491 1490
f 1490 147 126
f 1491 1477 1490
f 1476 1487 1141
f 1476 1141 1489
f 1063 1054 1502
f 1502 1046 1504
f 1504 1063 1502
f 1503 1054 1056
f 1503 1502 1054
f 1504 1046 1056
f 1067 1068 1047
f 1057 1048 1055
f 1057 1058 983
f 1058 984 983
f 1507 1508 1065
f 1508 1066 1065
f 1506 1507 1067
f 1048 1045 1056
f 1505 1506 1045
f 1504 1046 1045
f 1045 1046 1056
f 1045 1047 1504
f 982 1070 981
f 1507 1065 1067
f 1505 1048 1057
f 981 980 1508
f 1508 1066 981
f 1066 1508 1083
f 1083 1064 1066
f 1509 1070 1064
f 1064 1083 1509
f 1509 980 1070
f 981 1070 980
f 982 984 1510
f 984 983 1510
f 1512 984 1058
f 984 1512 983
f 1058 1053 1511
f 1511 1512 1058
f 983 1512 1511
f 1037 1036 1503
f 1502 1503 1036
f 1502 1513 1046
f 1502 1036 1513
f 1514 1056 1046
f 1046 1513 1514
f 1503 1056 1514
f 1514 1037 1503
f 1036 1037 1514
f 1514 1513 1036
f 1507 1066 1508
f 1507 981 1066
f 1507 985 981
f 979 985 1507
f 1042 1041 1508
f 1041 1032 979
f 979 1507 1041
f 1507 1508 1041
f 1505 979 1506
f 1507 1506 979
f 1507 979 1032
f 1032 1041 1507
f 1507 1041 1042
f 1042 1508 1507
f 1505 1033 1032
f 1032 979 1505
f 979 1032 1035
f 1035 983 979
f 1505 1057 1051
f 1051 1033 1505
f 1035 1032 1051
f 1057 983 1035
f 1035 1051 1057
f 1055 1048 1505
f 1055 1048 1056
f 1048 1055 1515
f 1515 1516 1048
f 1516 1056 1048
f 1045 1048 1505
f 1055 1505 1033
f 1033 1515 1055
f 1516 1515 1033
f 1048 1516 1033
f 1033 1505 1048
f 1067 1047 1518
f 1047 1517 1518
f 1506 1067 1518
f 1518 1049 1506
f 1519 1047 1045
f 1519 1517 1047
f 1045 1506 1049
f 1049 1519 1045
f 1519 1049 1517
f 1049 1518 1517
f 1504 1520 1063
f 1063 1521 1039
f 1039 1062 1063
f 1047 1068 1069
f 1069 1062 1047
f 1521 1040 1039
f 1062 1039 1517
f 1517 1047 1062
f 1520 1521 1063
f 1039 1040 1520
f 1039 1520 1517
f 1504 1047 1517
f 1517 1520 1504
f 1520 1040 1521
f 1053 982 1510
f 1510 1511 1053
f 1510 983 1511
f 1083 1508 980
f 1509 1083 980
f 1524 1522 1523
f 1526 1524 1527
f 1528 1526 1527
f 1522 1528 1529
f 1529 1523 1522
f 1527 1529 1528
f 1525 1527 1524
f 1523 1525 1524
f 1529 1530 1531
f 1533 1534 1532
f 1531 1535 1529
f 1534 1532 1536
f 1531 1532 1535
f 1532 1538 1533
f 1529 1535 1532
f 1532 1531 1539
f 1532 1534 1529
f 1541 1530 1538
f 1532 1539 1541
f 1537 1530 1529
f 1540 1525 1523
f 1538 1532 1541
f 1529 1528 1537
f 1542 1540 1523
f 1534 1544 1540
f 1538 1530 1537
f 1528 1543 1538
f 1537 1528 1538
f 1534 1523 1529
f 1523 1534 1542
f 1527 1540 1543
f 1544 1540 1546
f 1545 1543 1540
f 1527 1525 1540
f 1543 1529 1527
f 1543 1528 1529
f 1534 1540 1542
f 1540 1544 1545
f 1547 1546 1540
f 1548 1547 1540
f 1547 1548 1542
f 1542 1540 1547
f 1540 1542 1548
f 107 1536 1532
f 1549 107 1532
f 107 1549 1535
f 1535 1532 107
f 1532 1535 1549
f 1537 113 1530
f 110 1537 1530
f 116 110 1541
f 113 116 1539
f 1539 1531 113
f 1541 1539 116
f 1530 1541 110
f 1531 1530 113
f 107 1550 113
f 1549 107 113
f 1526 1528 1543
f 1537 1543 1528
f 1543 1545 1526
f 1549 113 1528
f 1528 1550 1536
f 1522 1547 1548
f 116 113 1550
f 110 1533 1538
f 1537 1538 1543
f 113 1537 1528
f 1524 1551 1547
f 1550 1547 1546
f 1550 1528 1522
f 1533 110 116
f 1538 1537 110
f 1528 1536 107
f 1546 1551 1550
f 1522 1548 1550
f 116 1550 1533
f 107 1536 1550
f 107 1549 1528
f 1548 1547 1550
f 1545 1551 1524
f 1522 1524 1547
f 1524 1526 1545
f 1546 1547 1551
f 1544 1551 1545
f 1552 1544 1553
f 1552 1551 1544
f 1533 1550 1534
f 1555 1534 1554
f 1534 1550 1554
f 1553 1534 1555
f 1555 1552 1553
f 1552 1555 1554
f 1553 1544 1534
f 1551 1554 1550
f 1551 1552 1554
f 1561 1560 1559
f 1563 1564 1554
f 1559 1565 1561
f 1562 1566 1552
f 1564 1567 1554
f 1560 1558 1559
f 1568 1559 1556
f 1568 1569 1559
f 1567 1562 1554
f 1562 1552 1554
f 1570 1563 1554
f 1554 1557 1570
f 1557 1571 1570
f 1569 1565 1559
f 1563 1569 1564
f 1560 1557 1558
f 1563 1565 1569
f 1560 1571 1557
f 1556 1566 1568
f 1566 1556 1552
f 1571 1558 1557
f 1571 1560 1558
f 1552 1565 1563
f 1560 1562 1567
f 1562 1561 1573
f 1573 1566 1562
f 1573 1561 1552
f 1552 1556 1574
f 1560 1567 1558
f 1562 1560 1561
f 1572 1563 1570
f 1563 1572 1552
f 1574 1573 1552
f 1571 1557 1575
f 1557 1576 1577
f 1575 1572 1570
f 1577 1575 1557
f 1557 1579 1580
f 1573 1569 1568
f 1554 1582 1578
f 1554 1552 1572
f 1561 1565 1552
f 1573 1568 1566
f 1557 1580 1576
f 1581 1557 1554
f 1578 1581 1554
f 1583 1582 1554
f 1572 1584 1554
f 1581 1579 1557
f 1584 1583 1554
f 1575 1570 1571
f 1564 1569 1558
f 1556 1559 1586
f 1586 1574 1556
f 1573 1585 1569
f 1558 1567 1564
f 1586 1587 1588
f 1569 1585 1558
f 1588 1589 1586
f 1586 1559 1587
f 1558 1585 1587
f 1587 1559 1558
f 1574 1586 1589
f 1573 1574 1589
f 1588 1587 1585
f 1588 1585 1573
f 1589 1588 1573
f 1590 1578 1591
f 1575 1592 1590
f 1577 1593 1592
f 1576 1580 1593
f 1572 1575 1590
f 1593 1577 1576
f 1594 1581 1578
f 1592 1575 1577
f 1578 1582 1583
f 1584 1572 1590
f 1584 1591 1578
f 1583 1584 1578
f 1590 1591 1584
f 1591 1593 1580
f 1581 1594 1591
f 1591 1579 1581
f 1592 1593 1591
f 1580 1579 1591
f 1578 1591 1594
f 1591 1590 1592
f 1547 1595 1596
f 1597 1596 1547
f 1522 1598 1547
f 1522 114 1598
f 1598 1595 1547
f 1526 1547 1599
f 1522 1600 114
f 1059 1600 1526
f 1598 1599 1595
f 1522 1547 1597
f 1597 1526 1524
f 1599 1547 1595
f 1526 1599 1059
f 1526 1597 1547
f 1600 1059 114
f 1524 1522 1597
f 1600 1522 1601
f 1524 1526 1602
f 1522 1524 1603
f 1603 1601 1522
f 1602 1603 1524
f 1600 1602 1526
f 1602 1604 1597
f 1602 1059 1604
f 1602 1600 1059
f 1604 1605 1596
f 1604 1596 1597
f 1601 1597 1605
f 1597 1601 1603
f 1605 1597 1596
f 114 1600 1601
f 1601 1605 114
f 1603 1602 1597
f 1599 1598 1605
f 1606 1605 1598
f 1606 1607 1608
f 1607 1599 1604
f 1605 1604 1599
f 1604 1608 1607
f 1064 125 1053
f 114 1053 125
f 76 1599 87
f 1607 1064 88
f 102 87 1064
f 1599 76 102
f 96 1064 1059
f 102 1059 1599
f 87 1599 1607
f 87 102 76
f 96 102 1064
f 88 87 1607
f 75 88 1064
f 87 75 1064
f 102 96 1059
f 102 1608 88
f 87 1608 1604
f 87 1604 1059
f 1608 87 88
f 102 1064 1608
f 102 87 1059
f 1610 1609 102
f 88 1610 102
f 1609 87 102
f 1609 1610 88
f 75 87 1609
f 88 75 1609
f 1598 1612 1611
f 1606 1611 1614
f 1611 1606 1598
f 1612 1598 114
f 125 1613 1616
f 1613 1614 1617
f 114 125 1615
f 1614 1613 1606
f 1616 1613 1612
f 114 1615 1616
f 125 1616 1615
f 1613 125 1606
f 1616 1612 114
f 1617 1612 1613
f 1613 1605 1612
f 1611 1612 1605
f 1606 1053 1614
f 1616 1612 1053
f 1605 1613 1616
f 1616 1053 114
f 1616 114 1605
f 1611 1605 1606
f 1612 1617 1053
f 1617 1614 1053
f 1618 1607 1619
f 1618 1064 1607
f 125 981 982
f 125 1064 981
f 1045 985 981
f 125 982 984
f 981 1064 1045
f 1618 1046 1045
f 1619 1620 1618
f 1618 1622 1046
f 1622 125 1046
f 1045 125 984
f 1606 1624 1623
f 1045 1064 1618
f 125 1045 1046
f 1607 1626 1619
f 1621 1620 1606
f 984 985 1045
f 1623 1626 1607
f 1606 1620 1624
f 125 1622 1621
f 1625 1618 1620
f 1621 1627 1620
f 1627 1625 1620
f 1623 1607 1606
f 1621 1606 125
f 1627 1606 1628
f 1627 1053 1606
f 1053 984 982
f 1053 982 981
f 1053 1046 1045
f 1627 1629 1053
f 1630 1626 1608
f 984 1053 1045
f 1045 1629 1630
f 1629 1045 1046
f 1045 979 985
f 1630 1628 1626
f 981 1064 1053
f 1606 1608 1623
f 1046 1053 1629
f 1045 1630 1064
f 1626 1623 1608
f 1624 1628 1606
f 1630 1608 1064
f 1625 1627 1628
f 1630 1625 1628
f 1626 1628 1619
f 1620 1619 1628
f 1624 1620 1628
f 1629 1627 1621
f 1630 1629 1622
f 1618 1625 1630
f 1622 1618 1630
f 1621 1622 1629
f 1345 1631 1632
f 1631 1345 1633
f 1633 1632 1631
f 1632 1633 1345
f 572 1636 1635
f 1636 1637 1638
f 1635 1634 1639
f 1635 1117 572
f 1636 572 1637
f 1639 1117 1635
f 571 1635 1636
f 1635 1118 1639
f 1636 1637 571
f 1117 1639 1632
f 1632 1639 1118
f 1639 1633 1632
f 1118 1117 1632
f 1635 571 1118
f 1637 572 571
f 793 794 1635
f 794 793 1636
f 1636 1635 794
f 1635 1636 793
f 1640 799 1638
f 799 1640 1637
f 1637 1638 799
f 1638 1637 1640
f 1340 1339 1639
f 1339 1340 1634
f 1634 1639 1339
f 1639 1634 1340
f 526 1076 1118
f 1118 571 526
f 572 1117 1071
f 1071 531 572
f 1129 570 793
f 794 1340 1339
f 1339 1129 794
f 793 794 1129
f 793 1640 799
f 582 794 793
f 793 1640 582
f 1640 793 570
f 1339 794 1116
f 794 582 1116
f 1339 1116 1631
f 1339 1345 1631
f 1631 1116 1129
f 1631 1129 1339
f 1640 570 582
f 571 572 582
f 572 531 587
f 587 582 572
f 531 526 527
f 526 571 570
f 527 587 531
f 582 570 571
f 570 527 526
f 1118 1076 1134
f 1076 1071 1072
f 1072 1134 1076
f 1071 1117 1116
f 1116 1072 1071
f 1117 1118 1129
f 1129 1116 1117
f 570 1129 1134
f 1134 527 570
f 587 1072 1116
f 1116 582 587
f 526 1643 1642
f 1642 1641 1644
f 1643 1645 1646
f 1644 1076 1642
f 1642 1076 526
f 1643 526 1645
f 531 1642 1643
f 1643 1645 531
f 1642 1071 1644
f 1642 531 1071
f 1076 1644 1648
f 1071 1076 1648
f 1648 1644 1071
f 1644 1647 1648
f 1645 526 531
f 1072 587 764
f 765 1311 1310
f 764 765 1072
f 764 724 771
f 1310 1072 765
f 724 764 587
f 527 765 764
f 764 724 527
f 1310 765 1134
f 1310 1134 1271
f 1310 1317 1271
f 765 527 1134
f 1271 1072 1310
f 1271 1134 1072
f 724 587 527
f 1647 1648 1271
f 1648 1647 1317
f 1317 1271 1648
f 1271 1317 1647
f 1643 1642 765
f 1642 1643 764
f 764 765 1642
f 765 764 1643
f 1645 1646 771
f 1646 1645 724
f 724 771 1646
f 771 724 1645
f 1641 1644 1310
f 1644 1641 1311
f 1311 1310 1644
f 1310 1311 1641
f 143 1649 158
f 156 158 1649
f 156 154 157
f 153 143 144
f 154 155 157
f 144 161 153
f 157 158 156
f 143 157 144
f 143 158 157
f 143 153 1650
f 154 1649 152
f 156 1649 154
f 1650 151 143
f 1651 154 152
f 152 151 1650
f 152 1650 1651
f 155 1652 157
f 1652 155 154
f 161 144 1653
f 153 161 1653
f 1653 1652 154
f 154 153 1653
f 1651 1654 154
f 1655 1656 1650
f 1650 153 1655
f 1654 1651 1657
f 1654 1657 1658
f 1658 122 1654
f 1658 1659 122
f 1656 1655 124
f 124 1660 1656
f 124 1661 1660
f 1661 124 1662
f 1663 122 1659
f 1659 1664 1663
f 1665 1663 1664
f 1664 1666 1665
f 1667 1665 1666
f 1666 1668 1667
f 109 1667 1668
f 1668 1538 109
f 121 109 1538
f 1538 1669 121
f 1670 121 1669
f 1669 1671 1670
f 120 1673 1672
f 1672 1674 120
f 112 120 1674
f 1674 1675 112
f 112 1675 1676
f 1676 1677 112
f 1677 1676 1678
f 1678 1679 1677
f 1679 1678 1676
f 1679 1676 1680
f 1680 1681 1679
f 1681 1680 1682
f 1681 1682 1661
f 1661 1662 1681
f 1682 1680 1661
f 1684 1658 1656
f 1660 1685 1683
f 1658 1650 1656
f 1651 1650 1658
f 1657 1651 1658
f 1658 1666 1664
f 1684 1656 1660
f 1685 1661 1680
f 1668 1666 1658
f 1685 1671 1669
f 1685 1675 1674
f 1685 1660 1661
f 1668 1658 1538
f 1538 1685 1669
f 1685 1674 1672
f 1680 1676 1685
f 1664 1659 1658
f 1672 1671 1685
f 1676 1675 1685
f 1686 1687 1688
f 1688 1685 1686
f 1688 1683 1685
f 1684 1660 1688
f 1660 1683 1688
f 1684 143 151
f 1649 1689 1653
f 1658 144 157
f 143 1684 1688
f 1690 1658 157
f 151 152 1684
f 1688 1687 143
f 1687 1691 143
f 157 1652 1693
f 152 1649 1658
f 1649 1694 1692
f 1649 1653 144
f 1691 1649 143
f 1693 1690 157
f 1691 1694 1649
f 1692 1689 1649
f 1649 144 1658
f 152 1658 1684
f 1696 1691 1687
f 1694 1695 1692
f 1692 1697 1698
f 1698 1689 1692
f 1700 1695 1699
f 1701 1695 1691
f 1695 1694 1691
f 1695 1700 1697
f 1697 1692 1695
f 1696 1701 1691
f 1700 1703 1698
f 1702 1698 1703
f 1698 1697 1700
f 1704 1698 1702
f 1708 1710 1707
f 1706 1707 1689
f 1709 1705 1710
f 1710 1705 1690
f 1652 1707 1693
f 1689 1707 1653
f 1652 1653 1707
f 1690 1693 1710
f 1707 1710 1693
f 1710 1708 1705
f 1705 1706 1689
f 1707 1706 1705
f 1698 1711 1689
f 1711 1705 1689
f 1711 1698 1712
f 1708 1707 1705
f 1550 1705 1554
f 1705 1711 1554
f 1538 1658 1690
f 1690 1705 1550
f 1690 1550 1538
f 1686 1701 1696
f 1686 1714 1701
f 1714 1715 1695
f 1695 1701 1714
f 1715 1716 1699
f 1699 1695 1715
f 1716 1700 1699
f 1716 1717 1700
f 1703 1700 1717
f 1718 1702 1703
f 1717 1718 1703
f 1696 1687 1686
f 1554 1719 1718
f 1550 1554 1718
f 1720 1712 1698
f 1698 1704 1720
f 1704 1713 1720
f 1704 1702 1713
f 1702 1718 1719
f 1719 1713 1702
f 1673 105 107
f 107 1672 1673
f 107 1670 1671
f 1671 1672 115
f 108 116 113
f 1672 107 113
f 108 1671 110
f 1672 1537 115
f 113 1537 1672
f 107 108 113
f 107 105 1670
f 108 110 116
f 1671 1537 110
f 1671 115 1537
f 1671 108 107
f 105 1673 1670
f 105 1536 1721
f 105 1721 1549
f 1549 107 105
f 108 1549 107
f 1670 120 121
f 1667 122 1663
f 1667 123 122
f 112 1677 120
f 1654 122 123
f 1655 1654 124
f 124 1679 1681
f 1679 120 1677
f 1663 1665 1667
f 109 121 1667
f 1654 1655 153
f 1681 1662 124
f 1670 1673 120
f 153 154 1654
f 1667 1722 123
f 1654 154 1723
f 1723 124 1654
f 1679 1724 1725
f 1725 120 1679
f 120 1726 1670
f 121 120 1727
f 121 1727 1728
f 121 1728 1572
f 1572 1554 121
f 1728 1725 1731
f 1731 1572 1728
f 120 1725 1728
f 1728 1727 120
f 1724 1679 124
f 1731 1725 1724
f 1724 1732 1731
f 124 1732 1724
f 1732 1733 1731
f 1730 121 1554
f 1554 1734 1722
f 1722 1730 1554
f 1735 1734 1554
f 1554 1736 1735
f 1667 1729 1722
f 1730 1729 1667
f 1667 121 1730
f 1722 1729 1730
f 1736 1711 1735
f 123 1722 1654
f 1739 1710 1709
f 1709 1738 1739
f 1734 1709 1710
f 1737 1710 1708
f 1710 1739 1740
f 1723 1707 1655
f 1734 1737 1654
f 1654 1722 1734
f 1734 1735 1709
f 1738 1709 1711
f 1707 1740 1741
f 1707 1708 1740
f 1735 1711 1709
f 1707 1723 1708
f 1740 1708 1710
f 1708 1723 1737
f 1710 1737 1734
f 1741 1742 1707
f 1723 1654 1737
f 124 1655 1707
f 1707 1742 124
f 1742 1733 124
f 1733 1732 124
f 1655 124 1723
f 1537 1685 1538
f 110 1538 116
f 1743 116 1538
f 1744 1549 1685
f 113 1744 1685
f 1744 107 1549
f 1537 113 1685
f 1745 113 1539
f 107 1744 1746
f 1686 1685 1549
f 1721 1718 1717
f 1714 1686 1549
f 1550 105 107
f 113 1747 1744
f 1718 1721 1536
f 1549 1717 1716
f 1549 1715 1714
f 1550 1718 1536
f 1745 1747 113
f 1717 1549 1721
f 1549 1716 1715
f 1746 1550 107
f 1536 105 1550
f 1550 1746 1743
f 1743 1538 1550
f 1747 1745 1744
f 1748 1743 1746
f 1539 1748 1745
f 1748 116 1743
f 1539 116 1748
f 1748 1746 1744
f 1744 1745 1748
f 1749 1750 1751
f 1750 1749 1752
f 1751 1753 1749
f 1752 1756 1750
f 1742 1732 1733
f 1751 1759 1753
f 1731 1554 1572
f 1741 1761 1742
f 1760 1762 1755
f 1711 1741 1740
f 1757 1756 1719
f 1740 1739 1711
f 1756 1752 1719
f 1759 1733 1732
f 1757 1719 1758
f 1554 1711 1736
f 1739 1738 1711
f 1719 1763 1764
f 1761 1711 1712
f 1713 1719 1752
f 1763 1719 1554
f 1741 1711 1761
f 1759 1732 1753
f 1731 1760 1762
f 1731 1763 1554
f 1759 1760 1733
f 1731 1733 1760
f 1752 1720 1713
f 1763 1731 1765
f 1755 1760 1766
f 1755 1767 1754
f 1755 1768 1767
f 1755 1769 1768
f 1755 1766 1769
f 1753 1732 1699
f 1753 1770 1749
f 1753 1771 1770
f 1753 1699 1771
f 1759 1772 1766
f 1766 1760 1759
f 1767 1757 1754
f 1767 1773 1757
f 1770 1752 1749
f 1770 1774 1752
f 1689 1742 1761
f 1774 1698 1704
f 1774 1770 1698
f 1720 1752 1774
f 1704 1720 1774
f 1769 1766 1768
f 1767 1768 1769
f 1766 1772 1771
f 1767 1769 1771
f 1770 1775 1767
f 1771 1770 1767
f 1769 1766 1771
f 1751 1770 1771
f 1750 1770 1751
f 1771 1772 1751
f 1767 1775 1776
f 1776 1757 1773
f 1776 1756 1757
f 1776 1773 1767
f 1775 1750 1776
f 1776 1750 1756
f 1772 1759 1751
f 1770 1750 1775
f 1719 1764 1777
f 1777 1718 1719
f 1763 1765 1777
f 1777 1764 1763
f 1762 1778 1715
f 1715 1765 1762
f 1765 1731 1762
f 1778 1762 1760
f 1778 1760 1755
f 1779 1718 1777
f 1758 1719 1718
f 1718 1779 1758
f 1777 1780 1779
f 1768 1778 1755
f 1780 1773 1779
f 1767 1754 1773
f 1773 1754 1758
f 1754 1757 1758
f 1779 1773 1758
f 1780 1767 1773
f 1715 1778 1768
f 1777 1781 1768
f 1777 1767 1780
f 1768 1767 1777
f 1768 1781 1715
f 1781 1777 1717
f 1765 1717 1777
f 1765 1715 1781
f 1781 1717 1765
f 1732 1742 1761
f 1782 1699 1732
f 1761 1689 1732
f 1689 1782 1732
f 1782 1695 1699
f 1761 1698 1689
f 1761 1712 1698
f 1695 1782 1689
f 1697 1771 1699
f 1699 1695 1697
f 1698 1770 1771
f 1771 1697 1698
f 1697 1689 1698
f 1697 1695 1689
f 1783 1627 1625
f 1627 1783 1621
f 1625 1624 1620
f 1623 1619 1626
f 1624 1625 1627
f 1619 1623 1618
f 1624 1627 1621
f 1620 1783 1625
f 1784 1624 1621
f 1618 1783 1620
f 1618 1623 1785
f 1621 1622 1784
f 1785 1784 1618
f 1784 1622 1618
f 1787 1624 1623
f 1787 1620 1628
f 1787 1628 1624
f 1623 1786 1787
f 1623 1626 1786
f 1619 1786 1626
f 1623 1788 1785
f 1789 1624 1784
f 1784 1790 1789
f 1791 1785 1788
f 1788 1607 1792
f 1792 1791 1788
f 1607 1793 1792
f 1606 1789 1790
f 1790 1794 1606
f 1606 1794 1795
f 1796 1606 1795
f 1793 1607 1797
f 1797 1798 1793
f 1799 1800 1798
f 1798 1797 1799
f 1801 1802 1800
f 1800 1799 1801
f 1599 1543 1802
f 1802 1801 1599
f 1604 1803 1543
f 1543 1599 1604
f 1803 1604 1804
f 1804 1805 1803
f 1605 1808 1806
f 1806 1807 1605
f 1598 1809 1808
f 1808 1605 1598
f 1598 1810 1811
f 1811 1809 1598
f 1810 1812 1813
f 1813 1811 1810
f 1812 1811 1813
f 1812 1814 1815
f 1815 1811 1812
f 1814 1816 1815
f 1814 1796 1795
f 1795 1816 1814
f 1795 1815 1816
f 1794 1790 1818
f 1817 1819 1794
f 1790 1792 1818
f 1792 1785 1791
f 1792 1784 1785
f 1792 1800 1802
f 1792 1793 1798
f 1798 1800 1792
f 1790 1784 1792
f 1819 1811 1815
f 1819 1809 1811
f 1543 1792 1802
f 1815 1795 1819
f 1795 1794 1819
f 1808 1809 1819
f 1819 1805 1806
f 1806 1808 1819
f 1803 1819 1543
f 1803 1805 1819
f 1820 1819 1821
f 1819 1817 1821
f 1821 1822 1820
f 1822 1823 1820
f 1821 1823 1822
f 1821 1817 1794
f 1821 1794 1818
f 1821 1818 1824
f 1825 1826 1620
f 1823 1621 1620
f 1826 1823 1620
f 1828 1827 1787
f 1827 1825 1620
f 1620 1787 1827
f 1783 1830 1619
f 1829 1828 1787
f 1622 1621 1824
f 1792 1783 1618
f 1619 1830 1831
f 1818 1618 1622
f 1818 1792 1618
f 1792 1830 1783
f 1831 1786 1619
f 1824 1818 1622
f 1821 1824 1621
f 1621 1783 1620
f 1621 1823 1821
f 1619 1620 1783
f 1836 1827 1832
f 1832 1827 1833
f 1827 1828 1833
f 1832 1834 1836
f 1826 1836 1837
f 1826 1825 1836
f 1823 1826 1838
f 1826 1837 1838
f 1835 1836 1834
f 1827 1836 1825
f 1839 1833 1841
f 1834 1832 1833
f 1840 1833 1839
f 1833 1840 1834
f 1828 1846 1829
f 1831 1844 1846
f 1846 1844 1845
f 1844 1831 1830
f 1844 1842 1843
f 1831 1846 1786
f 1846 1787 1786
f 1829 1787 1846
f 1830 1842 1844
f 1847 1833 1848
f 1828 1848 1833
f 1842 1828 1829
f 1842 1846 1845
f 1845 1844 1842
f 1829 1846 1842
f 1828 1842 1848
f 1551 1552 1842
f 1552 1848 1842
f 1543 1551 1830
f 1842 1830 1551
f 1830 1792 1543
f 1820 1823 1838
f 1838 1837 1820
f 1850 1837 1836
f 1836 1835 1851
f 1852 1835 1834
f 1840 1853 1854
f 1854 1834 1840
f 1840 1839 1853
f 1834 1854 1852
f 1835 1852 1851
f 1836 1851 1850
f 1837 1850 1820
f 1855 1552 1551
f 1853 1855 1551
f 1856 1849 1841
f 1849 1839 1841
f 1856 1841 1833
f 1833 1847 1856
f 1839 1849 1855
f 1855 1853 1839
f 1595 1804 1807
f 1547 1806 1522
f 1807 1547 1595
f 1528 1522 1806
f 1547 1807 1806
f 1600 1528 1806
f 1595 1547 1804
f 1805 1597 1526
f 1547 1805 1804
f 1526 1528 1805
f 1547 1597 1805
f 1600 1806 1805
f 1528 1600 1805
f 1547 1597 1548
f 1857 1546 1595
f 1595 1548 1857
f 1595 1547 1548
f 1595 1546 1547
f 1604 1605 1804
f 1810 1605 1812
f 1606 1796 1814
f 1797 1607 1608
f 1814 1812 1606
f 1608 1801 1799
f 1605 1807 1804
f 1799 1797 1608
f 1606 1788 1623
f 1788 1608 1607
f 1598 1605 1810
f 1599 1801 1604
f 1606 1624 1789
f 1608 1858 1801
f 1788 1606 1859
f 1859 1623 1788
f 1605 1860 1812
f 1860 1861 1812
f 1605 1804 1862
f 1864 1863 1604
f 1863 1605 1604
f 1604 1552 1867
f 1867 1864 1604
f 1868 1860 1864
f 1864 1867 1868
f 1863 1864 1605
f 1860 1605 1864
f 1868 1585 1861
f 1861 1585 1606
f 1606 1812 1861
f 1868 1587 1585
f 1861 1860 1868
f 1552 1604 1866
f 1552 1866 1858
f 1858 1869 1552
f 1552 1869 1870
f 1870 1871 1552
f 1858 1865 1801
f 1866 1865 1858
f 1866 1604 1801
f 1801 1865 1866
f 1848 1871 1870
f 1788 1858 1608
f 1844 1845 1874
f 1872 1859 1845
f 1869 1872 1844
f 1875 1876 1843
f 1845 1859 1846
f 1873 1874 1846
f 1874 1845 1846
f 1843 1870 1869
f 1843 1848 1870
f 1869 1858 1788
f 1788 1872 1869
f 1848 1843 1876
f 1789 1846 1859
f 1843 1844 1875
f 1844 1843 1869
f 1845 1844 1872
f 1874 1875 1844
f 1846 1877 1873
f 1872 1788 1859
f 1846 1789 1606
f 1606 1877 1846
f 1606 1587 1877
f 1606 1585 1587
f 1859 1606 1789
f 1543 1819 1528
f 1543 1526 1524
f 1878 1879 1547
f 1548 1547 1879
f 1850 1851 1522
f 1522 1852 1879
f 1879 1852 1548
f 1547 1551 1878
f 1851 1852 1522
f 1819 1522 1528
f 1820 1850 1522
f 1879 1524 1522
f 1857 1548 1854
f 1522 1819 1820
f 1854 1853 1857
f 1543 1880 1878
f 1852 1854 1548
f 1546 1857 1853
f 1546 1853 1551
f 1524 1880 1543
f 1878 1551 1543
f 1878 1880 1881
f 1880 1524 1881
f 1879 1878 1881
f 1882 1524 1879
f 1881 1882 1879
f 1882 1881 1524
f 1883 1884 1885
f 1887 1883 1886
f 1885 1886 1883
f 1855 1891 1892
f 1848 1876 1875
f 1867 1552 1892
f 1877 1893 1873
f 1875 1874 1848
f 1892 1552 1855
f 1893 1848 1873
f 1871 1848 1552
f 1884 1894 1885
f 1874 1873 1848
f 1889 1896 1895
f 1877 1587 1585
f 1895 1894 1868
f 1847 1848 1893
f 1894 1585 1868
f 1896 1895 1868
f 1856 1887 1849
f 1893 1847 1856
f 1892 1868 1867
f 1884 1585 1894
f 1887 1897 1849
f 1890 1898 1855
f 1897 1855 1849
f 1887 1886 1897
f 1897 1890 1855
f 1899 1868 1892
f 1900 1895 1889
f 1901 1903 1889
f 1888 1902 1889
f 1902 1901 1889
f 1903 1900 1889
f 1835 1585 1884
f 1883 1905 1884
f 1905 1904 1884
f 1904 1835 1884
f 1894 1895 1900
f 1900 1906 1894
f 1890 1907 1902
f 1888 1890 1902
f 1887 1908 1905
f 1883 1887 1905
f 1893 1877 1828
f 1908 1841 1833
f 1908 1856 1841
f 1908 1887 1856
f 1833 1905 1908
f 1902 1903 1901
f 1900 1901 1903
f 1900 1903 1904
f 1904 1903 1901
f 1901 1905 1904
f 1901 1902 1905
f 1902 1909 1905
f 1904 1906 1900
f 1885 1905 1886
f 1885 1906 1904
f 1904 1905 1885
f 1902 1907 1910
f 1910 1909 1902
f 1897 1910 1907
f 1907 1890 1897
f 1910 1886 1909
f 1886 1910 1897
f 1885 1894 1906
f 1909 1886 1905
f 1855 1853 1911
f 1911 1891 1855
f 1892 1891 1911
f 1911 1899 1892
f 1896 1899 1851
f 1896 1868 1899
f 1851 1912 1896
f 1889 1895 1912
f 1895 1896 1912
f 1913 1914 1911
f 1911 1853 1913
f 1898 1913 1853
f 1853 1855 1898
f 1889 1912 1901
f 1907 1888 1902
f 1913 1907 1902
f 1902 1914 1913
f 1888 1907 1898
f 1898 1890 1888
f 1907 1913 1898
f 1851 1915 1901
f 1915 1902 1901
f 1915 1911 1902
f 1911 1914 1902
f 1901 1912 1851
f 1854 1911 1915
f 1899 1854 1915
f 1911 1854 1899
f 1915 1851 1899
f 1585 1828 1893
f 1585 1835 1916
f 1916 1828 1585
f 1835 1836 1916
f 1893 1877 1585
f 1893 1828 1833
f 1833 1847 1893
f 1828 1916 1836
f 1835 1904 1832
f 1833 1832 1904
f 1904 1905 1833
f 1832 1836 1835
f 1833 1828 1832
f 1828 1836 1832
f 10 361 1917
f 365 10 1919
f 1920 365 1919
f 361 1920 1921
f 1921 1917 361
f 1919 1921 1920
f 1918 1919 10
f 1917 1918 10
f 1921 1922 1923
f 1925 1926 1924
f 1923 1927 1921
f 1926 1924 1928
f 1923 1924 1927
f 1924 216 1925
f 1921 1927 1924
f 1924 1923 292
f 1924 1926 1921
f 1930 1922 216
f 1924 292 1930
f 264 1922 1921
f 1929 1918 1917
f 216 1924 1930
f 1921 1920 264
f 1931 1929 1917
f 1926 1933 1929
f 216 1922 264
f 1920 1932 216
f 264 1920 216
f 1926 1917 1921
f 1917 1926 1931
f 1919 1929 1932
f 1933 1929 1935
f 1934 1932 1929
f 1919 1918 1929
f 1932 1921 1919
f 1932 1920 1921
f 1926 1929 1931
f 1929 1933 1934
f 358 1935 1929
f 1936 358 1929
f 358 1936 1931
f 1931 1929 358
f 1929 1931 1936
f 256 1928 1924
f 266 256 1924
f 256 266 1927
f 1927 1924 256
f 1924 1927 266
f 264 258 1922
f 262 264 1922
f 261 262 1930
f 258 261 292
f 292 1923 258
f 1930 292 261
f 1922 1930 262
f 1923 1922 258
f 256 246 258
f 266 256 258
f 365 1920 1932
f 264 1932 1920
f 1932 1934 365
f 266 258 1920
f 1920 246 1928
f 361 358 1936
f 261 258 246
f 262 1925 216
f 264 216 1932
f 258 264 1920
f 10 1937 358
f 246 358 1935
f 246 1920 361
f 1925 262 261
f 216 264 262
f 1920 1928 256
f 1935 1937 246
f 361 1936 246
f 261 246 1925
f 256 1928 246
f 256 266 1920
f 1936 358 246
f 1934 1937 10
f 361 10 358
f 10 365 1934
f 1935 358 1937
f 1933 1937 1934
f 1938 1933 1939
f 1938 1937 1933
f 1925 246 1926
f 1940 1926 245
f 1926 246 245
f 1939 1926 1940
f 1940 1938 1939
f 1938 1940 245
f 1939 1933 1926
f 1937 245 246
f 1937 1938 245
f 1946 1945 1944
f 1948 1949 245
f 1944 1950 1946
f 1947 1951 1938
f 1949 1952 245
f 1945 1943 1944
f 1953 1944 1941
f 1953 1954 1944
f 1952 1947 245
f 1947 1938 245
f 1955 1948 245
f 245 1942 1955
f 1942 1956 1955
f 1954 1950 1944
f 1948 1954 1949
f 1945 1942 1943
f 1948 1950 1954
f 1945 1956 1942
f 1941 1951 1953
f 1951 1941 1938
f 1956 1943 1942
f 1956 1945 1943
f 1938 1950 1948
f 1945 1947 1952
f 1947 1946 1957
f 1957 1951 1947
f 1957 1946 1938
f 1938 1941 1958
f 1945 1952 1943
f 1947 1945 1946
f 277 1948 1955
f 1948 277 1938
f 1958 1957 1938
f 1956 1942 1959
f 1942 1960 1961
f 1959 277 1955
f 1961 1959 1942
f 1942 1963 1964
f 1957 1954 1953
f 245 1966 1962
f 245 1938 277
f 1946 1950 1938
f 1957 1953 1951
f 1942 1964 1960
f 1965 1942 245
f 1962 1965 245
f 1967 1966 245
f 277 1968 245
f 1965 1963 1942
f 1968 1967 245
f 1959 1955 1956
f 1949 1954 1943
f 1941 1944 1969
f 1969 1958 1941
f 1957 23 1954
f 1943 1952 1949
f 1969 9 1970
f 1954 23 1943
f 1970 1971 1969
f 1969 1944 9
f 1943 23 9
f 9 1944 1943
f 1958 1969 1971
f 1957 1958 1971
f 1970 9 23
f 1970 23 1957
f 1971 1970 1957
f 1972 1962 1973
f 1959 1974 1972
f 1961 1975 1974
f 1960 1964 1975
f 277 1959 1972
f 1975 1961 1960
f 1976 1965 1962
f 1974 1959 1961
f 1962 1966 1967
f 1968 277 1972
f 1968 1973 1962
f 1967 1968 1962
f 1972 1973 1968
f 1973 1975 1964
f 1965 1976 1973
f 1973 1963 1965
f 1974 1975 1973
f 1964 1963 1973
f 1962 1973 1976
f 1973 1972 1974
f 405 403 399
f 403 406 399
f 392 407 402
f 403 405 400
f 392 402 391
f 1977 403 400
f 399 392 391
f 391 405 399
f 391 402 1978
f 400 401 1977
f 1978 1977 391
f 1977 401 391
f 406 403 402
f 402 1979 406
f 402 407 1979
f 392 1979 407
f 402 7 1978
f 4 403 1977
f 1977 1980 4
f 1981 1978 7
f 7 371 1982
f 1982 1981 7
f 371 1983 1982
f 8 4 1980
f 1980 1984 8
f 1985 8 1984
f 1984 1986 1985
f 1983 371 1987
f 1987 1988 1983
f 1989 1990 1988
f 1988 1987 1989
f 1991 1992 1990
f 1990 1989 1991
f 1991 1993 1992
f 1993 1991 363
f 369 1994 1993
f 1993 363 369
f 1994 369 1995
f 1995 1996 1994
f 370 1999 1997
f 1997 1998 370
f 360 2000 1999
f 1999 370 360
f 360 2001 2002
f 2002 2000 360
f 2001 2003 2004
f 2004 2002 2001
f 2003 2002 2004
f 2003 2005 2006
f 2006 2002 2003
f 2005 2007 2006
f 2005 1985 1986
f 1986 2007 2005
f 1986 2006 2007
f 1984 2010 2008
f 1984 1980 2009
f 2008 2011 1984
f 1984 2009 2010
f 1980 1982 2009
f 1982 1978 1981
f 1982 1977 1978
f 1982 1990 1992
f 1982 1983 1988
f 1992 1993 1982
f 1988 1990 1982
f 1980 1977 1982
f 2011 2002 2006
f 2011 2000 2002
f 1932 1982 1993
f 2006 1986 2011
f 1986 1984 2011
f 1999 2000 2011
f 2011 1996 1997
f 1932 1993 1994
f 1997 1999 2011
f 1994 2011 1932
f 1994 1996 2011
f 2012 2011 2013
f 2011 2008 2013
f 2013 2014 2012
f 2014 2015 2012
f 2013 2015 2014
f 2013 2008 2010
f 2013 2010 2009
f 2013 2009 2016
f 2017 2018 399
f 2015 400 399
f 399 2019 2017
f 2018 2015 399
f 48 2020 406
f 2020 2019 399
f 399 406 2020
f 405 2022 392
f 2021 48 406
f 401 400 2016
f 1982 405 391
f 392 2022 2023
f 2009 391 401
f 2009 1982 391
f 1982 2022 405
f 2023 1979 392
f 2016 2009 401
f 2013 2016 400
f 400 405 399
f 400 2015 2013
f 392 399 405
f 60 2020 61
f 61 2020 51
f 2020 48 51
f 61 49 60
f 2018 60 2024
f 2018 2025 60
f 2018 2017 2025
f 2019 2025 2017
f 42 60 49
f 2020 60 2019
f 2025 2019 60
f 2026 51 50
f 49 61 51
f 2026 2027 51
f 51 2027 49
f 48 2 2021
f 2023 2030 2
f 2 2030 2031
f 2030 2023 2022
f 2030 2028 2029
f 2023 2 1979
f 2 406 1979
f 2021 406 2
f 2022 2028 2030
f 34 51 2032
f 48 2032 51
f 2028 48 2021
f 2028 2 2031
f 2031 2030 2028
f 2021 2 2028
f 48 2028 2032
f 1937 1938 2028
f 1938 2032 2028
f 1932 1937 2022
f 2028 2022 1937
f 2022 1982 1932
f 2033 2026 50
f 2012 2018 2024
f 2015 2018 2012
f 2034 2024 60
f 60 42 56
f 2035 42 49
f 2027 54 59
f 59 49 2027
f 2027 2026 54
f 49 59 2035
f 42 2035 56
f 60 56 2034
f 2024 2034 2012
f 28 1938 1937
f 54 28 1937
f 32 50 51
f 51 34 32
f 2033 50 32
f 2026 2033 28
f 28 54 2026
f 356 1995 1998
f 359 1997 361
f 1998 358 356
f 1997 359 358
f 367 362 1997
f 358 1998 1997
f 362 361 1997
f 1996 358 359
f 356 358 1995
f 361 10 359
f 1996 359 365
f 358 1996 1995
f 364 367 1996
f 10 365 359
f 365 364 1996
f 367 1997 1996
f 362 367 1920
f 361 362 1920
f 358 359 1936
f 356 1936 2036
f 356 358 1936
f 367 364 365
f 365 1920 367
f 369 370 1995
f 2001 370 2003
f 8 1985 2005
f 1987 371 372
f 2005 2003 8
f 372 1991 1989
f 370 1998 1995
f 1989 1987 372
f 8 7 402
f 7 372 371
f 360 370 2001
f 402 403 8
f 363 1991 369
f 8 403 4
f 372 2037 1991
f 7 8 5
f 5 402 7
f 2039 2038 2003
f 370 2039 2003
f 370 1995 2040
f 369 2041 370
f 2042 2041 369
f 369 1938 2045
f 2045 2042 369
f 2039 2045 31
f 2039 31 33
f 2045 2039 2042
f 2041 2042 370
f 2042 2039 370
f 33 9 2038
f 2038 9 8
f 8 2003 2038
f 2038 2039 33
f 1938 369 2044
f 1938 2044 2037
f 2037 2046 1938
f 1938 2046 2047
f 2047 2048 1938
f 2037 2043 1991
f 2044 2043 2037
f 2044 369 1991
f 1991 2043 2044
f 2028 2032 2047
f 2032 2048 2047
f 7 2037 372
f 2030 2031 2049
f 2046 6 2030
f 2050 2051 2029
f 2030 6 5
f 5 2031 2030
f 3 2049 2
f 2049 2031 2
f 2029 2047 2046
f 2029 2032 2028
f 2028 2047 2029
f 2046 2037 7
f 7 6 2046
f 2032 2029 2051
f 2029 2030 2050
f 2030 2029 2046
f 2049 2050 2030
f 2 1 3
f 5 4 2
f 5 2 2031
f 6 7 5
f 4 8 2
f 8 1 2
f 8 9 1
f 5 8 4
f 1932 2011 1920
f 1932 365 10
f 11 12 358
f 1936 358 12
f 2034 56 361
f 361 2035 12
f 12 2035 1936
f 358 1937 11
f 56 2035 361
f 2011 361 1920
f 2012 2034 361
f 12 10 361
f 2036 1936 59
f 358 356 1937
f 361 2011 2012
f 59 54 2036
f 1932 13 11
f 2035 59 1936
f 356 2036 54
f 356 54 1937
f 10 13 1932
f 11 1937 1932
f 11 13 14
f 13 10 14
f 12 11 14
f 15 10 12
f 14 15 12
f 15 14 10
f 16 17 18
f 20 16 19
f 18 19 16
f 28 25 26
f 2032 2051 2050
f 2045 1938 26
f 1 27 3
f 2050 2049 2032
f 26 1938 28
f 27 2032 3
f 2048 2032 1938
f 17 29 18
f 2049 3 2032
f 1 9 23
f 30 29 33
f 34 2032 27
f 29 23 33
f 32 20 2033
f 27 34 32
f 26 31 2045
f 9 33 23
f 17 23 29
f 20 35 2033
f 24 36 28
f 35 28 2033
f 20 19 35
f 35 24 28
f 37 31 26
f 38 30 22
f 22 39 40
f 21 41 22
f 41 39 22
f 40 38 22
f 42 23 17
f 16 44 17
f 44 43 17
f 43 42 17
f 29 30 38
f 38 45 29
f 24 46 41
f 21 24 41
f 20 47 44
f 16 20 44
f 27 1 48
f 44 49 43
f 42 43 49
f 47 50 51
f 47 32 50
f 47 20 32
f 51 44 47
f 39 41 40
f 38 40 43
f 40 44 43
f 40 41 44
f 41 52 44
f 43 45 38
f 18 44 16
f 18 45 43
f 43 44 18
f 41 46 53
f 53 52 41
f 35 53 46
f 46 24 35
f 19 16 44
f 53 19 52
f 19 53 35
f 44 52 19
f 18 29 45
f 28 54 55
f 55 25 28
f 26 25 55
f 55 37 26
f 33 37 56
f 33 31 37
f 56 57 33
f 22 30 57
f 30 33 57
f 46 41 55
f 55 54 46
f 24 46 54
f 54 28 24
f 22 57 39
f 46 21 41
f 21 46 24
f 56 58 39
f 58 41 39
f 58 55 41
f 39 57 56
f 59 55 58
f 37 59 58
f 55 59 37
f 58 56 37
f 23 48 27
f 23 42 48
f 42 60 48
f 27 1 23
f 27 48 51
f 51 34 27
f 42 49 61
f 49 44 51
f 61 60 42
f 51 48 61
f 48 60 61
f 65 62 64
f 64 63 62
f 68 69 64
f 64 70 71
f 69 72 63
f 66 73 64
f 64 67 68
f 71 66 64
f 73 67 64
f 63 64 69
f 72 69 74
f 74 77 72
f 77 78 72
f 76 78 75
f 80 82 81
f 71 83 66
f 78 76 72
f 81 82 84
f 83 71 81
f 86 70 64
f 63 72 76
f 79 88 87
f 78 90 75
f 63 80 86
f 81 85 83
f 76 79 63
f 76 89 88
f 75 89 76
f 87 90 91
f 81 84 85
f 63 79 80
f 88 79 76
f 87 75 90
f 87 94 92
f 92 79 87
f 87 91 93
f 87 93 94
f 86 64 63
f 81 86 80
f 68 67 65
f 79 87 86
f 95 62 65
f 62 86 87
f 65 67 95
f 95 71 63
f 99 100 81
f 81 82 97
f 87 79 98
f 88 101 102
f 63 62 95
f 71 62 63
f 65 62 76
f 81 97 80
f 80 79 86
f 103 104 87
f 101 87 75
f 102 76 88
f 71 70 62
f 69 102 96
f 81 95 83
f 81 100 82
f 87 92 103
f 104 91 87
f 65 76 102
f 81 71 95
f 85 99 81
f 87 98 92
f 88 87 101
f 87 88 62
f 70 86 62
f 102 69 65
f 101 96 102
f 96 101 74
f 74 69 96
f 88 76 62
f 65 69 68
f 87 90 101
f 103 92 94
f 104 94 93
f 104 93 91
f 94 104 103
f 92 98 79
f 78 101 90
f 83 95 66
f 95 73 66
f 73 95 67
f 101 78 77
f 101 77 74
f 99 84 82
f 97 82 80
f 82 100 99
f 84 99 85
f 87 88 89
f 89 75 87
f 96 102 72
f 72 76 102
f 107 105 106
f 108 106 107
f 110 109 107
f 110 111 109
f 113 107 112
f 110 115 111
f 114 115 113
f 109 112 105
f 116 107 108
f 113 112 114
f 105 107 109
f 115 114 111
f 116 110 107
f 107 105 112
f 116 113 117
f 110 116 118
f 115 110 119
f 115 117 113
f 118 119 110
f 117 118 116
f 117 120 108
f 117 114 120
f 117 115 114
f 106 108 120
f 120 121 106
f 119 108 121
f 108 119 118
f 111 115 119
f 108 106 121
f 118 117 108
f 119 121 111
f 112 109 121
f 109 122 123
f 123 121 109
f 124 112 120
f 124 123 122
f 121 120 112
f 114 125 126
f 127 126 125
f 128 112 129
f 130 129 112
f 125 131 128
f 112 128 131
f 124 125 132
f 128 129 125
f 114 131 133
f 133 125 114
f 131 114 112
f 130 112 124
f 132 130 124
f 134 132 125
f 129 134 125
f 133 131 125
f 128 124 132
f 120 129 130
f 130 124 120
f 129 120 114
f 114 126 131
f 126 128 131
f 128 132 134
f 128 126 124
f 131 129 114
f 134 129 128
f 131 128 129
f 122 135 138
f 135 122 109
f 135 109 111
f 122 137 140
f 137 136 135
f 111 127 139
f 127 140 139
f 138 137 122
f 140 127 122
f 140 135 111
f 138 136 137
f 140 137 135
f 111 139 140
f 140 121 135
f 123 127 138
f 140 135 127
f 140 111 121
f 135 121 123
f 135 141 127
f 138 135 123
f 141 142 127
f 142 138 127
f 136 138 142
f 135 136 141
f 142 141 136
f 143 124 144
f 143 125 124
f 127 125 146
f 145 147 125
f 148 149 145
f 125 143 151
f 147 146 125
f 150 148 125
f 145 125 148
f 151 152 150
f 152 127 148
f 148 127 146
f 122 155 154
f 150 125 151
f 124 153 144
f 124 154 153
f 152 157 122
f 146 149 148
f 144 156 158
f 122 157 155
f 158 143 144
f 152 156 144
f 148 150 152
f 154 124 122
f 152 144 157
f 152 122 127
f 159 123 155
f 159 127 123
f 155 161 159
f 126 146 147
f 158 161 124
f 150 159 162
f 148 160 149
f 126 162 158
f 146 126 127
f 123 154 155
f 123 124 154
f 148 127 159
f 148 162 126
f 148 126 145
f 124 161 153
f 148 150 162
f 161 156 159
f 158 124 126
f 150 148 159
f 161 158 156
f 147 145 126
f 161 155 157
f 157 144 161
f 162 159 152
f 158 162 143
f 151 143 162
f 152 151 162
f 156 152 159
f 163 168 170
f 167 166 169
f 169 171 167
f 172 170 168
f 170 166 163
f 166 170 169
f 166 167 173
f 168 163 164
f 173 165 166
f 174 168 164
f 164 165 173
f 164 173 174
f 172 175 170
f 175 172 168
f 171 175 168
f 168 167 171
f 174 176 168
f 177 178 173
f 173 167 177
f 176 174 179
f 176 179 180
f 180 181 176
f 180 182 181
f 178 177 183
f 183 184 178
f 185 186 184
f 184 183 185
f 187 181 182
f 182 188 187
f 189 187 188
f 188 190 189
f 191 189 190
f 190 192 191
f 192 193 191
f 194 191 193
f 195 194 193
f 193 196 195
f 197 195 196
f 196 198 197
f 201 200 199
f 199 202 201
f 203 201 202
f 202 204 203
f 203 204 205
f 205 206 203
f 206 205 207
f 207 208 206
f 208 207 205
f 208 205 209
f 209 210 208
f 210 209 211
f 210 211 186
f 186 185 210
f 211 209 186
f 212 213 184
f 213 214 184
f 214 180 178
f 184 215 212
f 180 173 178
f 174 173 180
f 179 174 180
f 180 190 188
f 180 193 192
f 214 178 184
f 215 186 209
f 192 190 180
f 215 198 196
f 215 204 202
f 215 184 186
f 193 180 216
f 216 215 196
f 215 202 199
f 209 205 215
f 188 182 180
f 199 198 215
f 205 204 215
f 196 193 216
f 217 218 219
f 219 215 217
f 219 212 215
f 213 212 219
f 214 213 219
f 214 166 165
f 163 220 171
f 180 169 170
f 166 214 219
f 221 180 170
f 165 164 214
f 219 218 166
f 218 222 166
f 170 175 224
f 164 163 180
f 163 225 223
f 163 171 169
f 222 163 166
f 226 225 163
f 224 221 170
f 222 226 163
f 223 220 163
f 163 169 180
f 164 180 214
f 225 227 223
f 223 228 229
f 229 220 223
f 231 227 230
f 232 227 222
f 233 226 222
f 227 233 222
f 227 231 228
f 226 233 225
f 228 223 227
f 227 225 233
f 231 235 229
f 229 235 234
f 229 228 231
f 236 229 234
f 240 242 239
f 238 239 220
f 241 237 242
f 242 237 221
f 175 239 224
f 220 239 171
f 175 171 239
f 221 224 242
f 239 242 224
f 242 240 237
f 237 238 220
f 239 238 237
f 229 243 220
f 243 237 220
f 243 229 244
f 240 239 237
f 246 237 245
f 237 243 245
f 216 180 221
f 221 237 246
f 221 246 216
f 236 234 247
f 217 222 218
f 217 248 232
f 232 222 217
f 248 249 227
f 227 232 248
f 249 250 230
f 230 227 249
f 250 231 230
f 250 251 231
f 235 231 251
f 252 234 235
f 251 252 235
f 245 253 252
f 246 245 252
f 254 244 229
f 229 236 254
f 254 236 247
f 234 252 253
f 253 247 234
f 200 255 256
f 256 199 200
f 198 257 256
f 256 257 199
f 256 197 198
f 198 199 259
f 199 258 260
f 257 261 258
f 199 257 258
f 257 198 262
f 260 259 199
f 256 255 197
f 257 262 261
f 198 263 262
f 198 259 263
f 255 200 197
f 259 264 262
f 262 263 259
f 255 265 266
f 266 256 255
f 257 266 256
f 264 259 260
f 264 260 258
f 197 201 195
f 191 181 187
f 191 267 181
f 203 206 201
f 176 181 267
f 177 176 183
f 183 208 210
f 208 201 206
f 187 189 191
f 194 195 191
f 176 177 167
f 210 185 183
f 197 200 201
f 167 168 176
f 191 268 267
f 176 168 269
f 269 183 176
f 270 271 208
f 271 201 208
f 201 272 197
f 201 273 195
f 195 273 274
f 195 274 277
f 277 245 195
f 278 279 271
f 274 271 277
f 279 277 271
f 201 271 274
f 201 274 273
f 270 208 183
f 278 271 270
f 270 280 278
f 183 280 270
f 276 195 245
f 245 281 268
f 268 276 245
f 282 281 245
f 245 283 282
f 191 275 268
f 276 275 191
f 191 195 276
f 268 275 276
f 237 282 243
f 282 283 243
f 267 268 176
f 286 242 241
f 241 285 286
f 281 241 242
f 242 286 287
f 242 240 269
f 281 284 176
f 176 268 281
f 281 282 241
f 282 237 241
f 285 241 243
f 239 287 288
f 239 240 287
f 237 243 241
f 269 284 242
f 287 240 242
f 242 284 281
f 288 289 239
f 269 176 284
f 240 239 269
f 239 177 269
f 239 183 177
f 239 289 183
f 289 280 183
f 177 183 269
f 264 215 216
f 262 216 261
f 290 261 216
f 291 266 215
f 258 291 215
f 291 256 266
f 264 258 215
f 293 258 292
f 256 291 294
f 217 215 266
f 265 252 251
f 248 217 266
f 246 255 256
f 258 295 291
f 252 265 255
f 266 251 250
f 266 249 248
f 246 252 255
f 293 295 258
f 251 266 265
f 266 250 249
f 294 246 256
f 246 294 290
f 290 216 246
f 295 293 291
f 296 290 294
f 296 292 261
f 292 296 293
f 296 261 290
f 296 294 291
f 291 293 296
f 297 298 299
f 298 297 300
f 299 301 297
f 300 304 298
f 289 306 280
f 299 307 301
f 279 245 277
f 288 309 289
f 243 288 287
f 305 304 253
f 287 286 243
f 304 300 253
f 307 280 306
f 305 253 310
f 245 243 283
f 286 285 243
f 253 311 312
f 309 243 244
f 247 253 300
f 311 253 245
f 288 243 309
f 307 306 301
f 279 311 245
f 300 254 247
f 307 308 280
f 278 280 308
f 311 279 313
f 303 308 314
f 303 315 302
f 303 316 315
f 303 314 317
f 317 316 303
f 301 306 230
f 301 318 297
f 301 319 318
f 301 230 319
f 307 320 314
f 314 308 307
f 315 305 302
f 315 321 305
f 318 300 297
f 318 322 300
f 220 289 309
f 230 231 319
f 318 319 231
f 322 229 236
f 322 318 229
f 254 300 322
f 236 254 322
f 317 315 316
f 314 320 319
f 315 317 319
f 315 318 323
f 319 318 315
f 317 314 319
f 299 318 319
f 297 318 299
f 319 320 299
f 315 323 324
f 324 305 321
f 324 304 305
f 324 321 315
f 323 298 324
f 298 323 318
f 324 298 304
f 318 297 298
f 320 307 299
f 253 312 325
f 325 252 253
f 311 313 325
f 325 312 311
f 278 326 249
f 249 313 278
f 313 279 278
f 326 278 308
f 326 308 303
f 321 252 325
f 305 253 252
f 252 321 305
f 325 315 321
f 316 326 303
f 315 302 321
f 321 302 305
f 249 326 316
f 328 327 316
f 315 325 328
f 316 315 328
f 316 327 249
f 327 325 251
f 325 327 328
f 313 251 325
f 313 249 327
f 327 251 313
f 306 289 309
f 220 230 306
f 309 220 306
f 220 227 230
f 309 229 220
f 309 244 229
f 228 231 230
f 230 227 228
f 229 318 231
f 228 220 229
f 228 227 220
f 256 255 329
f 257 329 256
f 194 262 263
f 262 194 257
f 263 330 194
f 203 260 258
f 256 257 194
f 258 257 203
f 263 259 330
f 331 259 260
f 194 203 255
f 203 257 256
f 260 203 331
f 255 256 194
f 259 331 330
f 256 255 203
f 261 258 260
f 262 261 332
f 332 263 262
f 260 332 261
f 260 201 257
f 260 331 201
f 329 257 201
f 201 195 329
f 263 257 195
f 257 263 332
f 257 329 195
f 332 260 257
f 263 195 330
f 203 194 195
f 194 181 267
f 267 195 194
f 183 203 201
f 183 267 181
f 195 201 203
f 331 333 334
f 335 334 333
f 336 203 337
f 338 337 203
f 333 339 336
f 203 336 339
f 183 333 340
f 336 337 333
f 331 339 341
f 341 333 331
f 339 331 203
f 338 203 183
f 333 337 342
f 340 338 183
f 342 340 333
f 341 339 333
f 336 183 340
f 201 337 338
f 338 183 201
f 337 201 331
f 331 334 339
f 334 336 339
f 336 340 342
f 336 334 183
f 339 337 331
f 339 336 337
f 342 337 336
f 181 81 86
f 81 181 194
f 81 194 330
f 181 63 62
f 63 71 81
f 330 335 65
f 335 62 65
f 86 63 181
f 62 335 181
f 62 81 330
f 86 70 63
f 62 63 81
f 330 65 62
f 70 71 63
f 62 195 81
f 267 335 86
f 62 81 335
f 62 330 195
f 81 195 267
f 335 343 344
f 81 343 335
f 86 81 267
f 344 86 335
f 70 86 344
f 71 70 344
f 81 71 343
f 344 343 71
f 166 183 169
f 166 333 183
f 335 333 346
f 345 347 333
f 348 349 345
f 333 166 165
f 347 346 333
f 350 348 333
f 345 333 348
f 165 164 350
f 164 335 348
f 348 335 346
f 181 172 168
f 350 333 165
f 169 351 163
f 183 171 169
f 183 168 167
f 164 170 181
f 346 349 348
f 169 163 166
f 181 170 172
f 164 163 169
f 167 171 183
f 348 350 164
f 168 183 181
f 164 169 170
f 164 181 335
f 352 267 172
f 352 335 267
f 172 353 352
f 334 346 347
f 354 353 183
f 350 352 355
f 334 355 354
f 346 334 335
f 267 168 172
f 267 183 168
f 348 335 352
f 348 355 334
f 348 334 345
f 183 353 167
f 348 350 355
f 353 351 352
f 354 183 334
f 350 348 352
f 353 354 351
f 347 345 334
f 353 172 170
f 167 353 171
f 169 171 353
f 170 169 353
f 352 351 163
f 355 352 164
f 354 355 166
f 351 354 163
f 166 163 354
f 165 166 355
f 164 165 355
f 163 164 352
f 358 356 357
f 359 358 357
f 360 361 362
f 361 360 359
f 362 331 360
f 363 364 365
f 360 356 358
f 358 359 360
f 365 359 363
f 362 367 331
f 366 367 364
f 360 363 356
f 363 359 358
f 363 358 356
f 364 363 366
f 367 366 331
f 10 365 364
f 361 10 368
f 368 362 361
f 364 368 10
f 364 369 359
f 364 366 369
f 369 370 357
f 369 357 359
f 362 359 370
f 359 362 368
f 370 359 357
f 362 370 331
f 368 364 359
f 363 360 370
f 8 370 360
f 8 371 372
f 371 363 369
f 370 369 363
f 369 372 371
f 373 333 374
f 331 374 333
f 375 363 376
f 371 373 378
f 377 376 373
f 363 375 377
f 379 373 366
f 377 366 363
f 376 363 371
f 376 377 375
f 373 380 381
f 379 377 373
f 378 376 371
f 381 378 373
f 376 380 373
f 377 379 366
f 377 372 378
f 376 372 369
f 376 369 366
f 372 376 378
f 377 373 372
f 377 376 366
f 378 383 377
f 383 382 377
f 382 376 377
f 382 383 381
f 380 376 382
f 381 380 382
f 378 381 383
f 360 385 384
f 8 384 387
f 384 8 360
f 385 360 331
f 333 386 389
f 386 387 390
f 331 333 388
f 387 386 8
f 389 386 385
f 331 388 389
f 333 389 388
f 386 333 8
f 389 385 331
f 390 385 386
f 386 370 385
f 384 385 370
f 8 374 387
f 389 385 374
f 370 386 389
f 389 374 331
f 389 331 370
f 384 370 8
f 374 385 390
f 390 387 374
f 391 371 392
f 391 373 371
f 333 393 394
f 333 373 393
f 395 396 393
f 333 394 398
f 393 373 395
f 391 397 395
f 391 401 397
f 401 333 397
f 395 333 398
f 395 373 391
f 333 395 397
f 399 404 405
f 400 399 8
f 398 396 395
f 402 407 371
f 8 406 403
f 8 399 406
f 333 401 400
f 407 392 371
f 402 371 8
f 400 8 333
f 408 8 409
f 408 374 8
f 374 398 394
f 374 394 393
f 374 397 395
f 408 410 374
f 411 407 372
f 398 374 395
f 395 410 411
f 410 395 397
f 411 409 407
f 393 373 374
f 8 372 402
f 397 374 410
f 395 411 373
f 407 402 372
f 403 409 8
f 411 372 373
f 404 408 409
f 411 404 409
f 409 403 406
f 407 409 392
f 399 392 409
f 406 399 409
f 408 404 405
f 410 408 400
f 411 410 401
f 404 411 405
f 391 405 411
f 401 391 411
f 400 401 410
f 405 400 408
f 139 140 412
f 412 137 140
f 415 416 412
f 416 417 137
f 413 418 412
f 412 414 415
f 136 413 412
f 418 414 412
f 137 412 416
f 417 416 419
f 412 420 136
f 419 421 417
f 421 422 417
f 375 422 380
f 424 425 135
f 136 426 413
f 422 375 417
f 375 380 381
f 135 427 428
f 426 136 135
f 138 420 412
f 137 417 375
f 422 430 380
f 137 424 138
f 135 425 427
f 135 429 426
f 375 423 137
f 378 376 423
f 375 381 378
f 376 430 431
f 135 428 429
f 137 423 424
f 378 423 375
f 376 380 430
f 432 423 376
f 376 431 433
f 376 433 432
f 138 412 137
f 135 138 424
f 415 414 139
f 423 376 138
f 434 140 139
f 140 138 376
f 139 414 434
f 434 136 137
f 437 438 135
f 135 425 435
f 376 423 436
f 378 439 377
f 137 140 434
f 136 140 137
f 139 140 375
f 135 435 424
f 424 423 138
f 439 378 380
f 377 375 378
f 140 376 378
f 416 377 379
f 135 434 426
f 135 438 425
f 376 432 440
f 440 441 376
f 441 431 376
f 139 375 377
f 135 136 434
f 429 437 135
f 376 436 432
f 136 138 140
f 377 416 139
f 439 379 377
f 439 380 376
f 379 439 419
f 419 416 379
f 378 375 140
f 139 416 415
f 376 430 439
f 440 432 433
f 441 433 431
f 433 441 440
f 432 436 423
f 422 439 430
f 426 434 413
f 434 418 413
f 418 434 414
f 439 422 421
f 439 421 419
f 437 428 427
f 437 427 425
f 435 425 424
f 425 438 437
f 428 437 429
f 136 420 138
f 380 378 381
f 379 377 417
f 417 375 377
f 396 442 393
f 396 398 442
f 444 443 393
f 443 442 398
f 443 444 442
f 393 442 444
f 398 394 443
f 394 393 443
f 444 446 443
f 447 443 446
f 445 444 443
f 448 445 443
f 449 450 445
f 445 448 449
f 451 449 448
f 448 443 451
f 452 451 443
f 443 447 452
f 451 453 449
f 453 451 452
f 447 446 452
f 450 449 454
f 450 455 444
f 444 445 450
f 452 446 444
f 444 455 452
f 467 471 470
f 471 473 470
f 473 471 472
f 473 474 470
f 476 467 469
f 472 477 454
f 456 457 452
f 452 455 456
f 456 455 459
f 455 458 459
f 458 455 450
f 453 452 457
f 471 479 472
f 471 467 476
f 462 466 463
f 471 476 481
f 481 482 471
f 476 483 481
f 462 476 466
f 471 482 484
f 484 472 471
f 485 477 472
f 485 472 484
f 484 486 485
f 462 485 486
f 486 487 462
f 462 487 483
f 483 476 462
f 462 477 485
f 477 462 480
f 480 478 477
f 483 487 488
f 481 483 488
f 487 486 488
f 481 488 482
f 489 490 454
f 491 470 473
f 473 474 491
f 470 491 474
f 475 473 474
f 453 475 449
f 474 492 493
f 493 475 474
f 481 494 469
f 469 494 495
f 495 468 469
f 467 468 495
f 494 481 495
f 467 495 496
f 496 471 467
f 465 463 464
f 466 464 463
f 464 466 497
f 497 498 464
f 469 464 498
f 466 463 497
f 476 469 498
f 463 462 483
f 483 497 463
f 454 499 489
f 458 460 461
f 461 480 462
f 477 478 461
f 461 460 477
f 480 461 478
f 458 501 487
f 487 460 458
f 502 453 457
f 456 446 503
f 503 455 456
f 455 503 446
f 456 455 446
f 481 469 467
f 481 496 495
f 496 481 467
f 497 483 498
f 466 476 498
f 466 498 483
f 483 462 466
f 486 484 482
f 486 482 395
f 482 488 397
f 488 395 397
f 395 488 486
f 397 395 482
f 454 458 450
f 458 499 501
f 458 454 489
f 489 499 458
f 506 499 489
f 507 487 501
f 506 499 454
f 500 460 487
f 477 460 487
f 499 507 501
f 499 487 507
f 477 499 506
f 506 454 477
f 487 499 477
f 449 475 493
f 493 508 449
f 449 508 489
f 489 454 449
f 508 490 489
f 493 492 509
f 474 491 492
f 474 482 492
f 473 472 474
f 508 509 490
f 508 493 509
f 490 509 492
f 492 482 490
f 474 472 490
f 472 454 490
f 474 490 482
f 468 331 510
f 468 457 331
f 475 453 457
f 468 470 474
f 474 457 468
f 468 467 470
f 474 475 457
f 374 511 468
f 468 510 374
f 511 512 513
f 374 514 512
f 512 511 374
f 374 515 514
f 465 464 469
f 469 468 465
f 463 461 462
f 456 458 460
f 460 463 456
f 460 461 463
f 456 459 458
f 463 366 456
f 463 516 366
f 518 511 519
f 519 517 518
f 511 518 517
f 511 517 465
f 465 468 511
f 517 518 465
f 463 465 518
f 373 516 463
f 463 518 373
f 373 520 521
f 518 522 520
f 520 373 518
f 518 523 522
f 518 524 523
f 373 394 374
f 373 525 394
f 373 374 525
f 527 374 528
f 527 529 374
f 528 526 527
f 374 529 525
f 528 374 334
f 334 530 528
f 528 530 531
f 526 528 531
f 333 334 374
f 532 373 525
f 534 525 533
f 534 532 525
f 534 533 535
f 537 536 535
f 535 533 537
f 535 532 534
f 545 554 544
f 545 553 554
f 539 542 546
f 548 551 540
f 547 550 548
f 554 535 536
f 544 536 537
f 536 544 554
f 551 548 550
f 545 543 542
f 545 542 552
f 537 533 555
f 555 556 537
f 331 457 456
f 456 366 331
f 538 366 516
f 510 331 333
f 333 374 510
f 516 373 538
f 366 560 557
f 560 561 557
f 559 561 558
f 561 560 559
f 562 563 541
f 549 541 563
f 565 566 549
f 563 565 549
f 566 547 549
f 566 550 547
f 551 558 539
f 558 559 539
f 550 566 567
f 550 567 551
f 542 539 559
f 552 542 560
f 553 545 366
f 539 540 551
f 557 545 552
f 542 559 560
f 557 366 545
f 373 532 554
f 554 538 373
f 560 557 552
f 366 554 553
f 532 535 554
f 554 366 538
f 541 564 562
f 568 527 569
f 525 529 555
f 555 533 525
f 570 555 529
f 529 527 570
f 527 571 570
f 568 570 527
f 556 555 571
f 555 570 571
f 573 572 574
f 556 571 573
f 573 571 572
f 564 541 575
f 576 575 541
f 563 565 566
f 551 566 577
f 578 558 551
f 567 566 551
f 572 582 581
f 572 581 574
f 584 574 581
f 581 583 584
f 581 586 585
f 585 583 581
f 582 587 586
f 586 581 582
f 587 582 588
f 589 587 588
f 583 585 590
f 585 591 590
f 590 592 583
f 585 335 591
f 583 592 593
f 593 584 583
f 591 592 590
f 609 598 610
f 599 596 598
f 604 603 602
f 605 604 597
f 608 604 602
f 584 593 601
f 606 601 593
f 593 592 606
f 601 606 602
f 606 607 602
f 596 610 598
f 598 609 599
f 573 574 556
f 574 537 556
f 574 584 537
f 601 544 537
f 584 601 537
f 544 601 602
f 602 545 544
f 602 543 545
f 603 604 542
f 602 603 543
f 542 543 603
f 604 605 546
f 546 542 604
f 546 605 597
f 540 539 597
f 597 596 540
f 548 540 596
f 596 598 548
f 547 599 600
f 547 598 599
f 600 549 547
f 576 541 549
f 549 611 576
f 611 549 600
f 600 612 611
f 600 595 612
f 547 548 598
f 597 539 546
f 575 576 615
f 576 611 615
f 615 611 612
f 615 612 616
f 595 616 612
f 616 595 613
f 616 614 615
f 614 575 615
f 614 619 615
f 619 616 615
f 615 616 611
f 575 614 580
f 614 618 580
f 579 562 564
f 564 575 579
f 580 579 575
f 620 579 621
f 614 618 622
f 622 619 614
f 615 611 620
f 575 615 579
f 620 579 615
f 616 619 622
f 622 623 616
f 611 616 620
f 616 623 620
f 623 616 613
f 622 614 616
f 613 617 623
f 624 623 620
f 625 626 600
f 595 600 626
f 617 613 595
f 627 628 599
f 628 625 599
f 595 626 617
f 610 596 597
f 597 629 610
f 600 599 625
f 604 631 630
f 630 597 604
f 599 609 627
f 606 591 335
f 608 632 633
f 597 630 629
f 609 610 627
f 606 592 591
f 330 602 607
f 633 604 608
f 604 633 631
f 594 330 606
f 608 602 632
f 330 632 602
f 607 606 330
f 335 594 606
f 625 628 626
f 610 628 627
f 610 629 634
f 635 628 610
f 632 631 330
f 633 632 631
f 629 636 630
f 630 631 636
f 632 636 631
f 585 334 335
f 531 530 586
f 530 334 586
f 586 587 531
f 585 586 334
f 334 347 586
f 586 335 334
f 639 640 334
f 640 638 334
f 637 641 642
f 642 334 637
f 642 639 334
f 644 645 643
f 643 335 646
f 646 644 643
f 647 646 335
f 334 510 648
f 648 637 334
f 637 643 650
f 650 649 637
f 637 651 643
f 648 652 653
f 648 654 652
f 648 655 654
f 656 654 655
f 655 657 656
f 648 331 655
f 648 510 331
f 331 658 655
f 330 659 658
f 658 331 330
f 594 335 660
f 660 330 594
f 510 334 333
f 661 330 660
f 661 659 330
f 659 661 663
f 663 664 659
f 664 662 659
f 661 665 666
f 666 663 661
f 335 643 661
f 661 660 335
f 667 643 651
f 667 661 643
f 637 648 667
f 667 651 637
f 648 668 669
f 669 667 648
f 670 589 588
f 670 587 589
f 588 671 670
f 588 582 671
f 587 673 672
f 587 670 673
f 670 674 673
f 582 677 676
f 582 678 677
f 676 671 582
f 671 679 675
f 675 670 671
f 681 670 675
f 670 683 682
f 683 670 681
f 681 684 683
f 675 680 681
f 686 687 685
f 686 671 687
f 671 688 687
f 671 686 689
f 689 679 671
f 675 679 689
f 689 680 675
f 686 681 680
f 680 689 686
f 681 690 691
f 681 527 690
f 527 692 690
f 681 686 568
f 568 569 681
f 686 570 568
f 569 527 681
f 570 694 693
f 570 686 695
f 695 694 570
f 698 696 331
f 698 697 696
f 700 698 701
f 698 697 702
f 698 702 701
f 701 703 700
f 700 701 702
f 702 698 700
f 704 696 697
f 704 697 702
f 702 705 704
f 697 696 706
f 706 707 702
f 702 697 706
f 706 708 709
f 699 709 708
f 708 698 699
f 709 699 700
f 700 710 709
f 700 699 698
f 703 711 710
f 710 700 703
f 710 712 707
f 707 706 709
f 710 711 712
f 707 709 710
f 712 711 703
f 712 701 702
f 702 707 712
f 703 701 712
f 704 714 713
f 713 714 699
f 713 699 698
f 714 715 700
f 700 699 714
f 703 700 715
f 715 716 703
f 715 714 705
f 705 717 715
f 714 704 705
f 717 716 715
f 702 701 705
f 717 705 701
f 716 717 701
f 701 703 716
f 587 718 531
f 720 527 526
f 526 718 719
f 720 526 719
f 718 526 531
f 718 721 722
f 720 719 722
f 722 719 718
f 722 723 720
f 722 725 724
f 722 724 719
f 724 725 727
f 727 726 724
f 726 727 721
f 721 718 726
f 722 721 725
f 727 725 721
f 724 729 725
f 724 728 729
f 728 720 723
f 723 729 728
f 725 723 722
f 725 729 723
f 572 711 582
f 703 572 571
f 571 570 716
f 571 716 703
f 703 711 572
f 716 715 731
f 731 730 716
f 711 732 733
f 733 710 711
f 734 736 696
f 739 736 735
f 734 736 735
f 738 737 739
f 734 735 740
f 740 741 734
f 741 742 734
f 738 743 739
f 737 745 744
f 735 740 746
f 748 747 735
f 748 735 746
f 737 750 749
f 752 751 735
f 746 735 751
f 738 753 743
f 753 737 738
f 739 749 754
f 749 753 738
f 755 743 753
f 753 749 755
f 738 737 749
f 739 743 755
f 755 749 739
f 741 740 746
f 751 757 741
f 757 742 741
f 741 746 751
f 734 742 758
f 758 756 734
f 742 757 758
f 757 751 756
f 756 758 757
f 759 745 739
f 760 745 753
f 745 737 738
f 738 753 745
f 753 743 760
f 739 745 760
f 760 743 739
f 748 746 741
f 741 762 748
f 762 741 742
f 734 761 763
f 763 742 734
f 742 763 762
f 762 763 761
f 761 748 762
f 768 674 670
f 774 684 681
f 692 527 720
f 720 728 692
f 672 726 718
f 718 587 672
f 673 767 766
f 766 672 673
f 768 673 674
f 768 682 770
f 766 771 724
f 766 724 726
f 690 692 772
f 692 728 772
f 772 773 690
f 772 728 771
f 691 690 774
f 690 773 774
f 684 774 775
f 768 767 673
f 766 726 672
f 681 691 774
f 670 682 768
f 682 777 776
f 776 770 682
f 682 683 778
f 778 777 682
f 765 779 778
f 778 683 765
f 777 778 779
f 779 776 777
f 779 765 770
f 770 776 779
f 767 781 780
f 780 769 767
f 768 782 781
f 781 767 768
f 764 769 780
f 780 783 764
f 780 781 783
f 781 782 783
f 764 783 782
f 782 768 764
f 771 784 780
f 780 769 771
f 784 771 766
f 766 785 784
f 766 726 785
f 727 785 726
f 767 781 785
f 785 766 767
f 784 781 780
f 784 785 781
f 684 775 786
f 786 787 684
f 684 787 778
f 778 683 684
f 787 786 779
f 779 778 787
f 779 786 775
f 775 765 779
f 773 769 780
f 780 788 773
f 774 773 788
f 788 789 774
f 783 788 780
f 783 789 788
f 764 774 789
f 789 783 764
f 784 790 772
f 772 771 784
f 790 729 728
f 728 772 790
f 773 772 790
f 790 788 773
f 780 788 784
f 788 790 784
f 774 764 765
f 765 775 774
f 770 765 764
f 764 768 770
f 728 724 771
f 792 791 724
f 791 792 771
f 771 724 791
f 724 771 792
f 793 764 765
f 794 793 765
f 793 795 796
f 796 794 793
f 794 797 798
f 798 793 794
f 733 791 792
f 700 731 791
f 792 791 731
f 791 733 700
f 732 733 792
f 792 799 732
f 800 801 799
f 799 731 730
f 799 792 731
f 799 800 732
f 703 700 733
f 733 732 703
f 732 711 703
f 730 801 799
f 703 716 730
f 730 700 703
f 730 731 700
f 716 703 711
f 688 671 676
f 795 695 686
f 582 711 732
f 732 678 582
f 570 693 730
f 730 716 570
f 800 677 678
f 678 732 800
f 676 677 803
f 688 798 797
f 694 804 801
f 801 693 694
f 804 694 695
f 695 795 804
f 795 685 796
f 801 730 693
f 803 798 676
f 800 803 677
f 686 685 795
f 676 798 688
f 794 687 806
f 806 805 794
f 688 807 806
f 806 687 688
f 688 797 808
f 808 807 688
f 794 805 808
f 808 797 794
f 808 805 807
f 805 806 807
f 798 803 810
f 810 809 798
f 803 802 811
f 811 810 803
f 793 812 811
f 811 802 793
f 812 810 811
f 812 809 810
f 812 793 798
f 798 809 812
f 799 803 800
f 803 799 802
f 803 800 813
f 813 810 803
f 685 687 806
f 806 814 685
f 685 814 815
f 815 796 685
f 794 796 815
f 815 805 794
f 814 806 805
f 805 815 814
f 795 816 817
f 817 804 795
f 802 804 817
f 817 811 802
f 811 817 812
f 817 816 812
f 812 816 795
f 795 793 812
f 804 802 811
f 811 817 804
f 801 804 799
f 802 799 804
f 804 817 818
f 818 801 804
f 617 626 623
f 635 610 819
f 610 820 819
f 610 634 820
f 820 752 821
f 821 752 735
f 820 823 598
f 598 635 820
f 821 824 820
f 823 820 824
f 735 824 821
f 824 735 746
f 735 739 743
f 743 746 735
f 635 598 825
f 825 754 635
f 823 824 746
f 743 825 598
f 598 823 743
f 746 743 823
f 739 754 825
f 825 743 739
f 820 823 751
f 820 751 752
f 634 826 823
f 823 820 634
f 827 826 634
f 597 827 634
f 597 634 629
f 629 829 828
f 829 629 822
f 629 828 597
f 829 827 597
f 597 828 829
f 827 757 751
f 751 826 827
f 827 829 757
f 751 823 826
f 822 756 758
f 758 829 822
f 829 758 757
f 635 819 820
f 635 820 823
f 598 635 823
f 635 754 749
f 635 749 755
f 755 598 635
f 625 749 750
f 626 624 623
f 599 755 749
f 749 625 599
f 598 755 599
f 599 628 598
f 635 598 628
f 624 626 625
f 620 750 737
f 620 624 750
f 625 750 624
f 758 829 830
f 831 742 758
f 696 734 742
f 742 833 696
f 742 831 833
f 696 834 706
f 834 696 833
f 833 835 834
f 706 834 832
f 832 836 829
f 829 822 832
f 837 835 833
f 831 758 830
f 837 833 831
f 830 837 831
f 834 837 836
f 834 835 837
f 836 832 834
f 830 829 836
f 830 836 837
f 837 836 835
f 822 629 828
f 828 829 822
f 630 604 828
f 630 608 604
f 630 602 608
f 828 629 630
f 830 829 828
f 630 636 832
f 630 832 836
f 836 602 630
f 608 836 830
f 830 828 604
f 836 608 602
f 830 604 608
f 838 602 836
f 636 632 839
f 708 840 709
f 655 841 331
f 698 699 842
f 331 842 655
f 842 331 698
f 841 330 331
f 839 330 632
f 841 659 330
f 844 843 841
f 841 840 844
f 840 839 845
f 845 844 840
f 839 330 659
f 846 845 839
f 845 839 659
f 659 847 845
f 847 844 845
f 847 843 844
f 659 841 847
f 841 843 847
f 710 700 699
f 699 709 710
f 710 709 840
f 840 588 710
f 588 840 841
f 841 589 588
f 710 588 589
f 589 721 710
f 841 721 589
f 721 841 655
f 700 722 842
f 842 699 700
f 721 700 710
f 721 722 700
f 722 721 655
f 655 842 722
f 839 636 631
f 848 850 631
f 849 631 850
f 839 631 849
f 849 845 839
f 849 583 845
f 583 631 839
f 839 845 583
f 631 583 849
f 832 636 851
f 851 852 838
f 853 852 851
f 838 832 851
f 853 636 631
f 851 636 853
f 853 838 852
f 839 840 844
f 706 832 838
f 838 707 706
f 839 844 853
f 844 581 853
f 853 631 839
f 581 844 588
f 588 582 581
f 710 588 844
f 844 709 710
f 844 840 709
f 712 581 582
f 838 853 707
f 712 707 581
f 853 581 707
f 582 711 712
f 709 707 712
f 712 710 709
f 582 588 710
f 710 711 582
f 579 563 562
f 855 747 854
f 854 578 551
f 856 551 577
f 856 854 551
f 735 747 855
f 854 577 548
f 548 858 854
f 859 855 854
f 854 858 859
f 735 855 859
f 859 746 735
f 577 759 860
f 860 548 577
f 743 858 548
f 743 859 858
f 743 746 859
f 548 860 743
f 739 743 860
f 860 759 739
f 747 748 854
f 748 858 854
f 861 854 858
f 854 861 578
f 578 862 539
f 578 861 862
f 857 558 863
f 864 863 558
f 539 864 558
f 558 578 539
f 864 539 863
f 862 863 539
f 862 861 748
f 861 858 748
f 762 863 862
f 763 863 762
f 748 762 862
f 857 863 763
f 763 761 857
f 577 854 856
f 858 854 577
f 858 577 548
f 577 745 759
f 577 548 760
f 760 745 577
f 744 745 565
f 563 579 621
f 547 566 565
f 547 745 760
f 547 760 548
f 547 565 745
f 548 566 547
f 566 548 577
f 621 744 565
f 565 563 621
f 621 620 744
f 737 744 620
f 865 863 763
f 763 742 831
f 696 704 867
f 869 868 833
f 867 869 833
f 867 868 869
f 833 696 867
f 866 867 704
f 866 857 863
f 863 870 866
f 869 763 831
f 869 865 763
f 831 833 869
f 867 866 870
f 870 869 867
f 863 865 870
f 869 870 865
f 870 868 869
f 857 863 864
f 864 558 857
f 559 558 864
f 864 542 559
f 542 552 559
f 552 545 559
f 863 864 865
f 866 561 559
f 559 545 870
f 870 866 559
f 870 871 552
f 542 863 865
f 542 864 863
f 552 542 865
f 865 870 552
f 545 552 871
f 545 870 871
f 874 713 714
f 457 331 873
f 842 699 331
f 699 698 331
f 331 457 842
f 366 872 557
f 872 557 561
f 366 456 873
f 873 331 366
f 876 874 873
f 873 875 876
f 874 876 877
f 877 872 874
f 557 872 456
f 456 366 557
f 872 877 878
f 877 879 456
f 456 872 877
f 876 875 879
f 877 876 879
f 879 873 456
f 879 875 873
f 715 714 699
f 699 700 715
f 874 714 715
f 715 568 874
f 568 569 873
f 873 874 568
f 568 715 723
f 723 569 568
f 569 723 873
f 457 873 723
f 700 722 723
f 715 700 723
f 722 842 457
f 457 723 722
f 560 561 872
f 881 560 882
f 881 880 560
f 872 877 882
f 877 533 882
f 882 560 872
f 533 877 872
f 872 560 533
f 882 533 560
f 883 561 866
f 883 866 871
f 871 884 883
f 884 560 561
f 561 883 884
f 874 872 876
f 704 885 871
f 705 885 704
f 871 866 704
f 885 705 871
f 872 560 884
f 884 876 872
f 884 555 876
f 555 570 568
f 568 876 555
f 715 714 876
f 714 874 876
f 876 568 715
f 884 871 705
f 705 717 555
f 705 555 884
f 717 716 555
f 716 570 555
f 714 715 717
f 717 705 714
f 570 716 715
f 715 568 570
f 661 886 665
f 887 653 652
f 652 654 888
f 888 892 887
f 652 888 887
f 890 891 889
f 889 665 890
f 891 892 893
f 892 894 887
f 895 653 887
f 896 662 664
f 897 896 664
f 659 662 896
f 658 659 896
f 655 658 657
f 668 653 895
f 898 657 658
f 657 899 898
f 893 899 897
f 898 900 901
f 901 899 898
f 899 901 902
f 902 897 899
f 898 658 903
f 903 900 898
f 658 904 903
f 658 896 905
f 905 904 658
f 896 897 902
f 902 905 896
f 900 902 901
f 887 906 907
f 907 895 887
f 895 907 908
f 886 895 665
f 887 892 909
f 909 906 887
f 892 891 910
f 892 910 911
f 911 909 892
f 665 912 911
f 911 910 665
f 895 908 912
f 912 665 895
f 665 891 890
f 910 891 665
f 913 912 908
f 906 913 907
f 913 911 912
f 913 908 907
f 914 915 893
f 916 652 888
f 888 654 916
f 652 916 654
f 656 654 888
f 656 657 898
f 898 899 656
f 654 656 917
f 917 918 654
f 668 919 907
f 648 920 919
f 919 668 648
f 920 648 653
f 920 907 919
f 921 920 653
f 653 887 921
f 661 667 669
f 669 886 661
f 886 669 922
f 922 923 886
f 669 668 922
f 923 661 886
f 922 668 895
f 661 923 908
f 908 665 661
f 915 924 893
f 666 663 664
f 666 889 890
f 663 666 890
f 890 891 663
f 889 666 665
f 664 663 912
f 912 926 664
f 655 657 927
f 659 896 928
f 928 904 659
f 904 928 896
f 904 896 659
f 653 668 907
f 920 921 907
f 653 907 921
f 922 908 923
f 922 895 886
f 886 665 908
f 908 922 886
f 905 902 900
f 900 903 904
f 904 905 900
f 929 346 905
f 929 905 900
f 345 929 900
f 900 346 347
f 900 905 346
f 347 345 900
f 929 345 349
f 346 929 349
f 909 911 906
f 350 913 906
f 348 906 911
f 906 348 350
f 913 350 348
f 911 913 348
f 893 897 664
f 926 924 664
f 664 924 915
f 915 893 664
f 915 932 924
f 926 912 933
f 893 924 932
f 912 663 925
f 912 663 891
f 926 933 924
f 933 912 924
f 891 893 932
f 932 924 891
f 891 924 912
f 917 656 899
f 899 934 917
f 899 893 915
f 915 934 899
f 915 914 934
f 917 935 918
f 918 906 654
f 918 916 654
f 888 654 892
f 914 917 934
f 914 935 917
f 906 918 914
f 914 918 935
f 914 892 654
f 914 893 892
f 906 914 654
f 931 645 644
f 345 638 640
f 640 639 930
f 640 930 938
f 644 646 939
f 649 650 936
f 350 649 936
f 637 940 641
f 637 649 940
f 936 348 350
f 931 348 936
f 348 930 641
f 641 350 348
f 641 639 642
f 348 937 938
f 335 586 585
f 586 346 585
f 346 586 347
f 646 647 939
f 939 937 644
f 346 647 941
f 941 942 346
f 647 335 943
f 943 941 647
f 944 943 335
f 335 585 944
f 942 585 346
f 585 942 944
f 946 345 347
f 946 945 345
f 945 638 345
f 945 948 638
f 638 948 947
f 947 334 638
f 948 945 947
f 649 350 949
f 919 649 949
f 950 949 350
f 350 641 950
f 950 641 940
f 940 920 950
f 950 920 919
f 940 649 919
f 919 920 940
f 919 949 950
f 939 647 941
f 941 951 939
f 346 349 951
f 951 647 346
f 951 941 647
f 929 939 951
f 349 929 951
f 929 915 924
f 924 939 929
f 924 926 941
f 941 939 924
f 929 938 937
f 939 929 937
f 939 924 915
f 915 929 939
f 938 929 915
f 915 914 938
f 345 945 929
f 917 915 929
f 929 945 917
f 640 945 345
f 640 938 914
f 914 934 640
f 934 915 917
f 917 945 934
f 640 934 945
f 930 639 938
f 639 641 930
f 930 952 935
f 935 639 930
f 930 641 952
f 938 930 348
f 639 935 914
f 914 938 639
f 952 914 935
f 930 938 914
f 914 952 930
f 933 953 931
f 931 644 933
f 937 932 933
f 933 644 937
f 931 953 954
f 348 931 954
f 932 937 348
f 348 954 932
f 953 932 954
f 953 933 932
f 931 643 645
f 643 923 955
f 955 650 643
f 923 922 955
f 643 931 953
f 923 643 953
f 956 936 650
f 953 956 923
f 956 922 923
f 956 953 931
f 956 931 936
f 650 955 956
f 956 955 922
f 334 947 946
f 946 347 334
f 947 945 946
f 942 941 943
f 942 943 944
f 519 511 957
f 957 397 959
f 959 519 957
f 958 511 513
f 958 957 511
f 959 397 513
f 522 523 504
f 514 505 512
f 514 515 398
f 962 521 520
f 961 962 522
f 505 395 513
f 960 961 395
f 959 397 395
f 395 397 513
f 395 504 959
f 394 525 393
f 962 520 522
f 960 505 514
f 393 963 964
f 964 521 393
f 521 964 965
f 965 373 521
f 966 525 373
f 373 965 966
f 966 963 525
f 393 525 963
f 394 398 968
f 398 967 968
f 970 398 515
f 398 970 967
f 515 374 969
f 969 970 515
f 967 970 969
f 971 397 957
f 971 957 494
f 972 513 397
f 397 971 972
f 958 513 972
f 494 495 972
f 972 495 958
f 958 495 494
f 494 957 958
f 972 971 494
f 964 521 962
f 521 964 973
f 973 393 521
f 973 396 393
f 962 973 964
f 442 396 973
f 962 442 973
f 499 489 442
f 442 962 499
f 964 499 962
f 964 501 499
f 960 442 961
f 962 961 442
f 962 442 489
f 489 499 962
f 960 490 489
f 489 442 960
f 967 398 442
f 442 489 493
f 493 967 442
f 398 967 514
f 960 514 508
f 508 490 960
f 493 489 508
f 967 493 508
f 967 508 514
f 512 505 960
f 512 505 513
f 505 512 509
f 509 974 505
f 974 513 505
f 395 505 960
f 512 960 490
f 490 509 512
f 974 509 490
f 505 974 490
f 490 960 505
f 522 504 507
f 504 975 507
f 961 522 507
f 507 506 961
f 976 504 395
f 976 975 504
f 395 961 506
f 506 976 395
f 976 506 975
f 506 507 975
f 504 523 524
f 524 518 504
f 977 498 497
f 518 519 977
f 977 497 518
f 975 504 518
f 518 497 975
f 519 959 978
f 497 498 978
f 497 978 975
f 959 504 975
f 975 978 959
f 978 498 977
f 977 519 978
f 374 394 968
f 968 969 374
f 968 967 969
f 965 964 963
f 966 965 963
