# hive_blue.obj: cell=3mm zshift=-109.0cm, cm units
v 29.699 -0.000 -0.635
v 30.021 -0.000 -0.634
v 29.610 -0.344 -0.613
v 29.933 -0.205 -0.662
v 29.933 0.205 -0.662
v 29.614 0.347 -0.613
v 29.617 -0.000 -2.437
v 29.729 0.242 -2.437
v 29.984 0.231 -2.437
v 30.115 -0.000 -2.436
v 29.984 -0.231 -2.437
v 29.729 -0.242 -2.437
v 29.204 -0.003 -2.414
v 28.795 0.005 -2.426
v 29.316 0.006 -2.436
v 30.553 1.228 -2.428
v 30.772 -1.390 -2.469
v 28.211 -0.000 -2.438
v 30.754 1.335 -2.448
v 30.513 0.502 -2.414
v 29.378 -0.243 -2.415
v 30.770 1.379 -2.448
v 28.227 -0.703 -2.441
v 28.128 -0.199 -2.438
v 30.550 -1.221 -2.426
v 29.372 0.232 -2.413
v 30.347 0.289 -2.429
v 30.513 -0.502 -2.414
v 30.755 -1.336 -2.448
v 29.964 -0.529 -2.418
v 29.686 -0.520 -2.415
v 27.893 -0.238 -2.438
v 30.348 -0.288 -2.429
v 30.504 -0.254 -2.438
v 27.987 -0.711 -2.444
v 30.550 0.000 -2.439
v 30.504 0.254 -2.438
v 27.893 0.238 -2.438
v 27.986 0.712 -2.444
v 27.911 0.890 -2.419
v 30.306 0.000 -2.439
v 28.190 0.702 -2.441
v 27.712 0.000 -2.438
v 26.689 1.286 -2.384
v 26.689 -1.287 -2.383
v 27.911 -0.901 -2.418
v 28.128 0.199 -2.438
v 29.963 0.529 -2.418
v 29.684 0.519 -2.415
v 28.022 1.267 -2.444
v 28.020 -1.270 -2.445
v 27.975 -0.880 -2.332
v 28.060 -0.776 -2.390
v 28.060 -0.798 -2.334
v 28.750 -0.168 -2.396
v 28.783 -0.173 -2.332
v 28.844 0.003 -2.330
v 29.211 0.008 -2.329
v 29.307 -0.233 -2.331
v 29.191 0.054 -1.848
v 28.870 0.107 -1.839
v 30.348 -0.427 -2.334
v 30.349 -0.472 -2.331
v 29.992 -0.583 -2.331
v 29.661 -0.565 -2.330
v 29.487 -0.475 -2.334
v 30.209 -0.472 -2.391
v 29.495 -0.464 -2.380
v 29.295 -0.271 -1.828
v 29.205 -0.188 -1.806
v 30.461 -0.505 -2.335
v 29.473 -0.511 -1.817
v 29.661 -0.611 -1.811
v 29.993 -0.622 -1.814
v 30.372 -0.498 -1.805
v 29.199 -0.298 -1.749
v 30.460 -1.179 -2.333
v 30.349 -0.440 -1.848
v 30.298 -0.500 -1.541
v 29.937 -0.722 -1.749
v 29.743 -0.505 -1.540
v 29.399 -0.553 -1.749
v 28.833 -0.196 -1.805
v 28.873 -0.258 -1.749
v 28.451 -0.740 -2.338
v 28.393 -0.723 -2.419
v 28.385 -0.772 -2.380
v 28.396 -0.783 -2.332
v 30.422 -1.267 -2.383
v 30.401 -1.253 -2.330
v 30.378 -1.207 -1.815
v 30.303 -1.173 -1.480
v 30.399 1.255 -2.331
v 30.420 1.268 -2.382
v 30.460 1.180 -2.332
v 30.461 0.505 -2.335
v 30.398 1.187 -1.815
v 30.349 0.472 -2.331
v 30.348 0.427 -2.334
v 30.369 0.501 -1.803
v 29.308 0.234 -2.329
v 29.506 0.487 -2.331
v 29.677 0.572 -2.331
v 29.990 0.583 -2.331
v 29.493 0.462 -2.380
v 30.209 0.472 -2.391
v 30.349 0.439 -1.847
v 30.295 0.492 -1.516
v 30.302 1.175 -1.479
v 30.002 0.621 -1.818
v 29.711 0.626 -1.811
v 29.479 0.517 -1.811
v 29.281 0.242 -1.828
v 29.207 0.198 -1.780
v 29.183 0.264 -1.750
v 29.439 0.309 -1.548
v 29.431 0.584 -1.749
v 29.733 0.524 -1.560
v 29.981 0.717 -1.749
v 28.758 0.166 -2.388
v 28.783 0.172 -2.329
v 28.837 0.188 -1.797
v 28.885 0.237 -1.749
v 28.393 0.722 -2.419
v 28.449 0.742 -2.338
v 28.062 0.775 -2.389
v 28.390 0.770 -2.380
v 28.401 0.780 -2.332
v 28.060 0.797 -2.334
v 27.975 0.880 -2.332
v 30.465 0.000 -0.608
v 30.456 -0.154 -0.618
v 30.307 -0.321 -0.626
v 30.406 -0.000 -0.605
v 30.305 0.323 -0.626
v 30.456 0.154 -0.618
v 30.698 1.300 -2.915
v 30.760 1.338 -2.874
v 30.773 1.489 -2.822
v 30.773 -1.489 -2.821
v 30.760 -1.338 -2.875
v 30.698 -1.300 -2.915
v 28.178 -1.219 -1.815
v 28.216 -1.142 -1.749
v 28.419 -0.818 -1.808
v 28.080 -0.863 -1.794
v 28.479 -0.871 -1.749
v 28.093 -0.919 -1.750
v 28.003 -0.919 -1.826
v 28.101 -1.258 -2.401
v 28.152 -1.251 -2.332
v 28.417 0.819 -1.807
v 28.080 0.863 -1.794
v 28.472 0.874 -1.750
v 28.093 0.919 -1.750
v 28.002 0.921 -1.825
v 28.098 1.252 -2.398
v 28.151 1.251 -2.331
v 28.216 1.142 -1.749
v 28.171 1.208 -1.806
v 28.211 -0.000 -2.140
v 28.128 0.199 -2.140
v 27.893 0.238 -2.140
v 27.712 -0.000 -2.140
v 27.893 -0.238 -2.140
v 28.128 -0.199 -2.140
v 26.737 -1.291 -2.876
v 30.689 -1.567 -2.842
v 26.734 -1.613 -2.870
v 26.727 -1.661 -2.818
v 30.677 -1.503 -1.669
v 30.616 -1.560 -1.887
v 26.728 -1.480 -2.198
v 26.737 1.291 -2.876
v 30.690 1.567 -2.841
v 26.735 1.613 -2.871
v 30.740 1.433 -1.886
v 30.677 1.503 -1.669
v 30.571 -1.348 0.057
v 30.527 -1.429 0.057
v 30.447 -1.475 0.052
v 26.726 1.661 -2.818
v 30.655 1.591 -2.577
v 30.571 1.348 0.057
v 30.527 1.429 0.057
v 30.447 1.475 0.052
v 30.518 -1.317 0.861
v 30.514 1.307 0.964
v 30.490 1.311 1.719
v 30.517 1.319 0.887
v 30.490 -1.311 1.720
v 30.408 1.436 0.879
v 30.412 1.390 1.723
v 30.462 1.362 1.722
v 30.487 1.387 0.889
v 30.387 1.353 2.709
v 30.344 1.258 2.667
v 30.484 1.273 2.715
v 30.412 -1.390 1.723
v 30.462 -1.362 1.722
v 30.407 -1.435 0.891
v 30.487 -1.387 0.889
v 30.484 -1.273 2.715
v 30.331 -1.243 2.657
v 30.387 -1.353 2.709
v 26.733 1.473 -2.197
v 29.538 -1.221 2.627
v 29.544 -1.358 2.603
v 29.577 -1.366 2.667
v 29.598 -1.124 2.606
v 30.481 -1.164 2.790
v 30.405 -1.233 2.828
v 29.593 -1.355 2.760
v 29.575 -1.321 2.788
v 29.547 -1.293 2.766
v 29.547 -0.001 3.497
v 29.577 -0.006 3.530
v 29.637 -0.825 2.644
v 30.369 -0.000 3.493
v 30.436 -1.043 2.914
v 30.483 -0.947 2.820
v 29.547 1.293 2.766
v 29.574 1.317 2.790
v 30.485 0.932 2.812
v 30.436 1.043 2.913
v 30.405 1.233 2.828
v 30.514 -0.347 2.651
v 30.565 -0.589 2.637
v 30.504 -0.788 2.713
v 30.479 -0.303 2.797
v 30.481 1.164 2.790
v 29.579 1.366 2.667
v 29.593 1.355 2.759
v 29.538 1.220 2.627
v 29.596 1.126 2.608
v 29.544 1.357 2.604
v 30.499 0.271 1.807
v 30.499 -0.000 1.759
v 30.499 -0.798 2.290
v 30.499 -0.271 1.807
v 30.504 0.792 2.716
v 30.499 0.798 2.290
v 30.503 -0.552 2.030
v 30.503 0.552 2.030
v 30.564 0.592 2.639
v 30.556 0.550 2.351
v 30.538 0.278 2.332
v 30.560 0.236 2.071
v 30.568 -0.000 2.047
v 30.560 -0.236 2.071
v 30.538 -0.278 2.332
v 30.556 -0.550 2.351
v 30.481 0.314 2.796
v 30.513 0.344 2.650
v 30.492 -0.000 2.370
v 29.636 0.826 2.644
v 29.547 0.872 2.840
v 29.577 0.863 2.779
v 30.104 1.087 2.539
v 30.111 0.847 2.668
v 29.547 0.637 2.601
v 29.548 0.622 2.893
v 29.605 0.716 2.608
v 29.603 0.499 2.914
v 30.177 0.894 2.595
v 29.450 1.132 2.281
v 29.605 1.073 2.404
v 29.603 0.948 2.335
v 29.546 0.992 2.235
v 26.760 -1.297 -2.253
v 26.764 1.301 -2.250
v 26.875 1.361 -2.140
v 26.877 1.308 -2.213
v 27.677 1.350 -2.099
v 27.705 1.303 -2.158
v 26.878 -1.303 -2.217
v 26.876 -1.361 -2.139
v 29.602 1.092 2.034
v 29.516 1.105 2.096
v 29.559 1.041 2.125
v 29.449 -1.132 2.278
v 27.706 -1.301 -2.159
v 27.677 -1.350 -2.099
v 30.099 0.744 2.597
v 29.547 0.653 2.334
v 29.604 0.544 2.318
v 30.111 0.912 2.336
v 30.099 1.061 2.440
v 30.161 0.860 2.272
v 30.108 1.103 1.970
v 30.169 1.067 1.958
v 30.183 0.901 2.038
v 30.107 0.715 2.179
v 29.547 0.000 1.950
v 29.601 0.000 2.028
v 29.623 0.168 1.897
v 30.181 0.728 2.119
v 30.194 1.048 1.101
v 30.175 1.092 1.073
v 30.101 1.146 1.070
v 30.176 0.516 2.320
v 30.107 0.181 1.872
v 30.179 0.209 1.813
v 30.160 0.211 1.860
v 29.609 -0.000 1.810
v 30.096 -0.000 1.806
v 30.131 0.159 1.824
v 29.547 -0.001 1.805
v 29.547 0.000 1.062
v 29.597 0.002 1.143
v 30.097 0.058 1.200
v 30.176 0.209 1.187
v 30.115 0.174 1.151
v 29.618 0.170 1.105
v 29.547 0.667 0.702
v 29.607 0.706 0.787
v 30.177 0.726 0.880
v 30.109 0.715 0.828
v 30.110 0.784 0.829
v 30.175 0.773 0.877
v 29.611 0.909 0.736
v 29.547 0.841 0.703
v 29.617 1.140 1.017
v 29.590 1.100 0.723
v 29.518 1.140 0.821
v 29.519 1.167 0.988
v 29.510 1.193 0.635
v 29.625 1.177 0.610
v 29.609 0.879 0.556
v 30.125 0.918 0.548
v 30.112 1.076 0.650
v 30.124 1.162 0.585
v 29.547 0.789 0.558
v 30.187 1.115 0.582
v 30.190 0.959 0.546
v 29.547 0.790 -0.150
v 29.608 0.884 -0.154
v 30.216 1.163 -0.176
v 30.210 0.929 -0.120
v 29.605 0.779 -0.366
v 29.548 0.835 -0.270
v 29.599 1.129 -0.310
v 30.178 1.103 -0.252
v 29.518 1.196 -0.429
v 29.626 1.213 -0.210
v 29.515 1.232 -0.227
v 29.603 1.213 -0.630
v 29.512 1.238 -0.594
v 29.547 0.712 -0.152
v 30.270 1.204 -0.696
v 30.260 0.778 -0.438
v 29.604 0.723 -0.365
v 29.548 0.677 -0.270
v 30.262 0.721 -0.440
v 30.352 1.201 -1.383
v 30.321 0.463 -0.641
v 30.379 0.474 -1.400
v 30.327 0.400 -1.401
v 29.580 0.258 -0.488
v 29.546 0.241 -0.524
v 27.833 1.225 -1.564
v 27.892 1.312 -1.423
v 30.298 0.432 -1.466
v 29.577 0.362 -1.413
v 29.517 0.250 -0.600
v 27.708 1.318 -1.609
v 27.781 1.231 -2.131
v 27.328 -0.001 -1.586
v 27.312 -0.004 -2.127
v 27.101 -0.006 -2.186
v 27.141 -0.000 -1.649
v 27.780 -1.233 -2.132
v 27.835 -1.224 -1.561
v 27.710 -1.320 -1.587
v 27.896 -1.313 -1.421
v 30.351 -1.203 -1.384
v 29.636 0.407 -1.480
v 29.539 0.345 -1.408
v 29.395 -0.005 -1.498
v 29.471 -0.003 -0.599
v 29.498 -0.293 -1.486
v 29.517 -0.250 -0.599
v 29.639 -0.408 -1.480
v 29.537 -0.344 -1.403
v 29.547 -0.875 2.841
v 29.576 -0.869 2.779
v 30.103 -1.087 2.538
v 30.111 -0.847 2.668
v 29.546 -0.993 2.233
v 29.606 -1.072 2.404
v 29.604 -0.948 2.337
v 30.177 -0.894 2.595
v 29.518 -1.103 2.097
v 29.617 -1.097 2.021
v 29.558 -1.040 2.127
v 29.548 -0.622 2.893
v 29.547 -0.638 2.596
v 29.605 -0.716 2.609
v 29.603 -0.498 2.915
v 30.108 -1.103 1.970
v 30.099 -0.744 2.597
v 29.548 -0.651 2.331
v 29.605 -0.543 2.318
v 30.107 -0.869 2.288
v 30.095 -1.060 2.439
v 30.159 -0.846 2.254
v 30.168 -1.067 1.960
v 30.183 -0.890 2.045
v 30.104 -0.720 2.182
v 30.181 -0.729 2.119
v 30.194 -1.048 1.101
v 30.175 -1.091 1.070
v 30.111 -1.131 1.047
v 29.623 -0.170 1.898
v 30.175 -0.530 2.311
v 30.107 -0.181 1.872
v 30.179 -0.209 1.813
v 30.160 -0.211 1.860
v 30.131 -0.159 1.824
v 30.177 -0.211 1.187
v 30.117 -0.180 1.145
v 29.618 -0.169 1.105
v 29.547 -0.664 0.701
v 29.605 -0.702 0.783
v 30.177 -0.726 0.880
v 30.107 -0.715 0.828
v 30.109 -0.785 0.828
v 30.175 -0.773 0.877
v 29.612 -0.909 0.737
v 29.547 -0.842 0.703
v 29.610 -1.139 1.011
v 29.517 -1.141 0.822
v 29.590 -1.100 0.732
v 29.512 -1.170 0.993
v 29.510 -1.194 0.633
v 29.626 -1.176 0.611
v 29.609 -0.880 0.557
v 30.124 -1.162 0.585
v 30.112 -1.076 0.650
v 30.125 -0.918 0.548
v 29.547 -0.789 0.558
v 30.190 -0.959 0.546
v 30.187 -1.115 0.582
v 30.217 -1.163 -0.175
v 29.547 -0.790 -0.150
v 29.608 -0.884 -0.154
v 30.210 -0.930 -0.121
v 29.548 -0.836 -0.269
v 29.600 -1.127 -0.305
v 30.180 -1.105 -0.252
v 29.626 -1.213 -0.210
v 29.519 -1.196 -0.433
v 29.508 -1.233 -0.235
v 29.615 -1.217 -0.641
v 29.513 -1.237 -0.594
v 30.269 -1.205 -0.695
v 29.602 -0.779 -0.364
v 29.547 -0.711 -0.152
v 30.379 -0.474 -1.400
v 30.261 -0.778 -0.438
v 30.263 -0.721 -0.441
v 29.606 -0.723 -0.368
v 30.321 -0.463 -0.641
v 30.327 -0.400 -1.401
v 29.576 -0.361 -1.412
v 29.548 -0.677 -0.270
v 29.546 -0.230 -0.522
v 29.579 -0.260 -0.489
v 30.298 -0.432 -1.466
v 29.540 0.001 -0.530
v 29.595 0.000 -0.487
v 29.607 0.620 -0.143
v 30.250 -0.000 -0.439
v 29.608 -0.619 -0.144
v 30.211 0.574 -0.115
v 30.211 -0.574 -0.115
v 29.547 0.708 0.563
v 29.610 0.616 0.561
v 29.547 -0.707 0.564
v 29.610 -0.613 0.565
v 30.126 0.595 0.535
v 30.192 0.554 0.532
v 29.617 0.007 0.910
v 30.108 -0.000 0.885
v 30.177 -0.000 0.841
v 30.126 -0.595 0.535
v 30.192 -0.554 0.532
v 30.466 -0.001 2.881
v 30.226 -0.000 2.885
v 30.191 0.249 2.591
v 30.191 0.182 2.440
v 30.191 -0.000 2.385
v 30.191 -0.182 2.440
v 30.191 -0.249 2.591
v 30.191 0.199 2.801
v 30.191 -0.199 2.801
v 29.548 -0.000 3.289
v 30.181 -0.001 2.100
v 30.181 -0.460 2.899
v 30.181 0.461 2.897
v 30.181 0.000 3.164
v 29.604 0.001 3.202
v 28.250 -0.505 -1.580
v 28.249 0.505 -1.580
v 28.546 0.000 -1.567
v 27.666 -0.506 -1.590
v 27.666 0.505 -1.590
v 28.503 0.001 -2.130
v 28.232 -0.471 -2.130
v 27.687 -0.472 -2.130
v 27.686 0.471 -2.130
v 28.230 0.472 -2.130
v 50.968 -33.078 9.112
v 51.272 -32.948 8.856
v 51.308 -31.683 9.764
v 51.055 -31.747 9.815
v 51.282 -31.623 9.752
v 51.039 -31.582 9.489
v 50.907 -31.561 9.655
v 50.715 -31.589 9.457
v 51.022 -31.556 9.148
v 50.746 -31.824 9.506
v 51.116 -32.943 8.691
v 50.902 -33.016 8.971
v 51.166 -33.060 8.718
v 50.965 -33.265 8.842
v 51.227 -33.184 8.681
v 50.996 -31.823 9.526
v 51.198 -31.730 9.487
v 51.399 -33.319 8.914
v 51.433 -33.069 9.091
v 51.168 -33.298 9.149
v 51.110 -33.276 9.161
v 53.996 -19.593 -14.251
v 53.996 -18.295 -13.495
v 53.993 -18.359 -13.343
v 53.996 -18.430 -13.126
v 53.999 -18.654 -12.970
v 53.996 -19.805 -14.000
v 54.012 -19.836 -14.134
v 53.996 -19.951 -14.240
v 53.812 -19.787 -14.168
v 54.185 -19.788 -14.174
v 54.001 -18.568 -13.336
v 54.174 -19.785 -14.527
v 54.193 -19.503 -14.406
v 53.806 -19.500 -14.410
v 53.821 -19.783 -14.530
v 54.072 -19.485 -14.437
v 54.010 -19.764 -14.564
v 56.720 -30.371 3.489
v 56.682 -53.447 -10.003
v 56.731 -30.224 3.218
v 57.021 -30.192 3.169
v 56.999 -53.327 -10.211
v 57.124 -53.400 -10.077
v 57.252 -30.369 3.474
v 57.032 -30.421 3.581
v 57.225 -53.457 -9.985
v 57.084 -53.546 -9.816
v 56.983 -30.469 3.603
v 57.006 -53.591 -9.753
v 56.727 -53.538 -9.836
v 57.351 -30.211 3.174
v 57.394 -30.468 3.610
v 57.072 -30.165 3.030
v 56.940 -30.054 2.897
v 56.754 -30.168 3.035
v 57.264 -30.175 3.048
v 56.802 -30.133 2.974
v 56.465 -30.196 3.142
v 56.484 -30.432 3.553
v 56.702 -30.510 3.628
v 56.461 -30.464 3.606
v 56.775 -30.552 3.700
v 56.944 -30.598 3.837
v 57.264 -30.529 3.661
v 57.393 -53.300 -10.215
v 56.941 -53.164 -10.445
v 56.759 -53.322 -10.214
v 56.937 -53.164 -10.450
v 57.393 -53.578 -9.734
v 56.762 -53.595 -9.741
v 56.509 -53.449 -9.980
v 56.462 -53.573 -9.737
v 56.465 -53.301 -10.212
v 56.802 -53.229 -10.361
v 56.937 -53.710 -9.499
v 13.540 -32.948 8.856
v 13.728 -33.116 9.173
v 13.758 -31.747 9.815
v 13.505 -31.683 9.764
v 13.531 -31.623 9.752
v 13.906 -31.561 9.655
v 13.744 -31.579 9.471
v 14.084 -31.591 9.466
v 13.787 -31.557 9.151
v 14.058 -31.830 9.515
v 13.904 -33.016 8.956
v 13.689 -32.958 8.696
v 13.847 -33.265 8.842
v 13.637 -33.099 8.717
v 13.586 -33.184 8.681
v 13.595 -31.718 9.538
v 13.414 -33.319 8.914
v 13.639 -33.283 9.157
v 13.380 -33.069 9.091
v 13.696 -33.283 9.157
v 39.262 -36.805 15.470
v 39.726 -36.843 15.506
v 39.571 -35.416 16.169
v 39.384 -35.461 16.350
v 39.411 -35.222 15.992
v 39.296 -35.433 16.058
v 39.351 -35.200 15.737
v 39.067 -35.405 16.012
v 38.976 -35.430 15.818
v 39.403 -35.466 15.883
v 39.331 -36.680 15.223
v 39.259 -36.924 15.293
v 39.546 -36.923 15.184
v 39.523 -36.657 15.263
v 39.225 -36.729 15.430
v 39.560 -36.712 15.400
v 39.287 -35.570 15.995
v 39.411 -37.140 15.533
v 39.403 -36.895 15.718
v 39.465 -36.899 15.724
v 39.610 -37.099 15.461
v 38.136 -19.604 -14.228
v 38.091 -18.338 -13.545
v 38.111 -18.347 -13.388
v 38.111 -18.422 -13.108
v 38.104 -18.641 -13.006
v 38.112 -19.820 -14.000
v 38.103 -19.808 -14.107
v 38.053 -19.956 -14.231
v 37.921 -19.787 -14.158
v 38.298 -19.779 -14.149
v 38.258 -19.953 -14.236
v 38.098 -18.571 -13.360
v 38.281 -19.787 -14.524
v 38.302 -19.507 -14.399
v 37.915 -19.510 -14.394
v 37.930 -19.794 -14.512
v 38.035 -19.492 -14.425
v 38.053 -19.771 -14.551
v 46.186 -19.593 -14.251
v 45.932 -19.593 -14.251
v 45.932 -18.295 -13.495
v 46.179 -18.302 -13.493
v 45.948 -18.363 -13.340
v 46.167 -18.359 -13.355
v 45.932 -18.430 -13.126
v 46.186 -18.430 -13.126
v 45.884 -18.648 -13.008
v 46.233 -18.648 -13.008
v 45.932 -19.805 -14.000
v 46.186 -19.805 -14.000
v 45.894 -19.806 -14.157
v 46.224 -19.806 -14.157
v 45.938 -19.951 -14.240
v 46.179 -19.951 -14.240
v 45.915 -18.610 -13.318
v 46.194 -18.609 -13.322
v 46.219 -19.777 -14.542
v 46.245 -19.499 -14.412
v 45.872 -19.499 -14.412
v 45.899 -19.777 -14.542
v 58.335 -27.685 2.357
v 58.425 -27.573 2.248
v 58.487 -27.653 2.589
v 58.496 -27.812 2.560
v 58.768 -27.800 2.539
v 58.763 -27.620 2.570
v 58.809 -27.608 2.293
v 58.575 -27.567 2.132
v 58.344 -27.766 2.461
v 58.867 -27.752 2.437
v 58.703 -27.576 2.137
v 58.345 -27.555 2.462
v 58.553 -27.429 2.258
v 58.728 -27.409 2.332
v 30.268 -18.294 -13.906
v 30.204 -18.371 -13.639
v 30.207 -18.118 -13.935
v 29.931 -18.359 -13.577
v 29.822 -18.127 -13.919
v 29.986 -18.087 -13.989
v 29.776 -18.309 -13.887
v 29.814 -18.388 -13.704
v 59.006 -25.889 -0.441
v 59.026 -22.570 -6.224
v 58.506 -24.322 -3.164
v 58.600 -24.110 -3.556
v 58.336 -24.351 -3.403
v 58.390 -24.317 -3.392
v 58.745 -24.107 -3.459
v 58.501 -24.110 -3.493
v 58.752 -24.282 -3.182
v 58.849 -24.346 -3.404
v 5.786 -22.570 -6.224
v 5.963 -24.347 -3.402
v 5.806 -25.889 -0.441
v 6.063 -24.290 -3.182
v 6.068 -24.107 -3.459
v 6.212 -24.110 -3.556
v 6.471 -24.337 -3.397
v 6.399 -24.323 -3.401
v 6.303 -24.319 -3.160
v 6.312 -24.110 -3.495
v 59.011 -28.057 3.280
v 5.801 -28.057 3.280
v 6.050 -27.620 2.570
v 5.978 -27.650 2.324
v 6.256 -27.430 2.254
v 6.461 -27.580 2.495
v 6.306 -27.658 2.604
v 6.473 -27.668 2.357
v 6.373 -27.566 2.229
v 8.957 -18.409 -13.436
v 9.172 -18.403 -13.442
v 8.396 -18.481 -13.322
v 7.832 -18.594 -13.129
v 7.492 -18.696 -12.920
v 7.335 -18.746 -12.847
v 5.775 -20.275 -10.215
v 5.977 -21.034 -9.124
v 6.041 -20.794 -9.191
v 6.087 -20.780 -9.291
v 6.287 -20.774 -9.305
v 6.009 -19.777 -11.216
v 5.817 -19.981 -10.727
v 6.492 -19.166 -12.138
v 6.233 -19.512 -11.699
v 6.100 -20.970 -8.915
v 6.287 -21.004 -8.900
v 6.472 -21.015 -9.143
v 6.702 -19.047 -12.326
v 6.340 -20.810 -9.214
v 6.352 -21.078 -9.013
v 6.374 -29.235 5.305
v 6.113 -29.000 4.894
v 5.813 -28.495 4.017
v 5.940 -28.766 4.454
v 5.779 -28.208 3.536
v 58.129 -29.424 5.643
v 57.708 -29.678 5.910
v 58.872 -28.766 4.454
v 58.928 -28.564 4.192
v 58.438 -29.235 5.305
v 58.699 -29.000 4.894
v 59.000 -28.495 4.017
v 59.034 -28.208 3.536
v 59.037 -20.275 -10.215
v 58.930 -19.885 -10.840
v 58.427 -21.053 -9.035
v 58.335 -21.023 -9.156
v 58.527 -20.772 -9.303
v 58.803 -19.777 -11.216
v 58.110 -19.047 -12.326
v 58.456 -20.815 -9.200
v 58.535 -21.005 -8.898
v 58.579 -19.512 -11.699
v 58.774 -20.795 -9.190
v 58.321 -19.166 -12.138
v 58.834 -21.036 -9.124
v 58.727 -20.783 -9.293
v 58.720 -20.968 -8.919
v 57.478 -18.746 -12.847
v 57.321 -18.696 -12.920
v 57.549 -18.908 -12.768
v 56.980 -18.594 -13.129
v 56.417 -18.481 -13.322
v 55.641 -18.403 -13.442
v 55.266 -18.388 -13.486
v 52.452 -18.388 -13.467
v 48.483 -18.388 -13.467
v 42.420 -18.388 -13.467
v 42.033 -18.380 -13.500
v 35.036 -18.298 -13.899
v 37.875 -18.306 -13.892
v 37.915 -18.394 -13.702
v 34.989 -18.127 -13.918
v 35.003 -18.392 -13.711
v 34.798 -18.347 -13.554
v 37.918 -18.127 -13.919
v 34.800 -18.085 -13.991
v 38.069 -17.681 -14.691
v 38.083 -18.087 -13.989
v 38.666 -17.788 -14.507
v 38.364 -18.294 -13.906
v 38.321 -18.399 -13.698
v 34.603 -18.117 -13.937
v 34.544 -18.303 -13.897
v 34.587 -18.392 -13.695
v 38.304 -18.118 -13.935
v 34.261 -17.003 -15.892
v 30.552 -17.003 -15.892
v 28.358 -17.393 -15.191
v 26.707 -18.347 -13.554
v 26.447 -18.303 -13.897
v 26.491 -18.392 -13.695
v 26.147 -17.788 -14.507
v 26.907 -18.392 -13.711
v 26.940 -18.298 -13.899
v 26.743 -17.681 -14.691
v 26.704 -18.085 -13.991
v 26.893 -18.127 -13.918
v 26.507 -18.117 -13.937
v 22.780 -18.380 -13.500
v 22.392 -18.388 -13.467
v 19.223 -18.388 -13.467
v 16.329 -18.388 -13.467
v 12.361 -18.388 -13.467
v 9.819 -18.388 -13.467
v 9.546 -18.388 -13.485
v 8.407 -28.553 4.126
v 8.412 -28.727 4.424
v 6.935 -28.057 3.280
v 6.935 -25.889 -0.441
v 6.937 -22.570 -6.224
v 7.879 -19.283 -11.936
v 7.104 -18.846 -12.674
v 6.890 -18.935 -12.517
v 7.465 -19.495 -11.781
v 8.219 -19.158 -12.146
v 6.891 -20.123 -10.670
v 7.109 -19.833 -10.984
v 7.300 -19.628 -11.339
v 6.887 -20.345 -10.255
v 9.091 -19.002 -12.426
v 9.546 -18.979 -12.462
v 8.494 -19.130 -12.366
v 8.655 -19.045 -12.331
v 12.361 -18.963 -12.471
v 16.329 -18.963 -12.471
v 19.223 -18.963 -12.471
v 22.392 -18.963 -12.471
v 26.147 -18.963 -12.471
v 28.358 -18.963 -12.471
v 30.676 -18.963 -12.471
v 33.201 -18.963 -12.471
v 34.137 -18.963 -12.471
v 38.666 -18.963 -12.471
v 42.420 -18.963 -12.471
v 46.100 -18.963 -12.471
v 48.483 -18.963 -12.471
v 52.452 -18.963 -12.471
v 55.266 -18.979 -12.462
v 55.722 -19.002 -12.426
v 56.157 -19.045 -12.331
v 57.347 -19.495 -11.781
v 57.512 -19.628 -11.339
v 56.296 -19.120 -12.339
v 56.576 -19.160 -12.152
v 56.933 -19.283 -11.936
v 57.655 -19.779 -11.082
v 57.922 -18.935 -12.517
v 57.925 -20.345 -10.255
v 57.703 -19.833 -10.984
v 57.903 -20.117 -10.663
v 57.876 -22.570 -6.224
v 57.878 -25.889 -0.441
v 57.925 -28.275 3.497
v 57.863 -28.466 3.868
v 57.877 -28.057 3.280
v 57.596 -28.493 4.016
v 57.781 -28.466 3.974
v 56.418 -28.557 4.131
v 56.398 -28.718 4.413
v 57.326 -28.517 4.071
v 57.009 -29.170 5.191
v 56.698 -29.408 5.431
v 57.015 -28.905 4.743
v 56.994 -29.057 4.992
v 57.030 -28.413 3.883
v 57.009 -28.342 3.761
v 57.402 -28.736 4.439
v 57.300 -28.397 3.851
v 56.846 -28.343 3.760
v 56.694 -28.880 4.703
v 56.445 -28.854 4.642
v 56.733 -28.985 4.869
v 57.271 -28.842 4.637
v 56.376 -29.366 5.573
v 56.710 -28.408 3.868
v 56.482 -28.432 3.910
v 56.634 -28.469 4.008
v 57.427 -28.636 4.296
v 57.245 -29.826 6.147
v 56.344 -30.061 6.851
v 52.452 -30.653 7.776
v 55.750 -30.035 6.498
v 54.213 -30.764 7.969
v 56.098 -30.024 6.772
v 55.870 -30.017 6.722
v 56.205 -29.994 6.501
v 55.860 -29.820 6.392
v 56.105 -29.815 6.393
v 56.018 -29.826 6.344
v 55.936 -29.828 6.346
v 48.483 -31.921 9.972
v 52.104 -30.764 7.969
v 50.740 -31.565 9.159
v 49.061 -32.419 10.835
v 52.452 -31.309 8.947
v 51.161 -31.566 9.392
v 51.154 -31.614 9.258
v 46.924 -32.419 10.835
v 46.100 -33.364 12.473
v 48.483 -32.603 11.155
v 42.420 -33.857 13.326
v 45.384 -33.339 12.199
v 45.410 -33.305 12.408
v 43.175 -34.272 14.079
v 46.100 -32.682 11.290
v 45.864 -33.323 12.205
v 45.589 -33.336 12.485
v 45.871 -33.321 12.469
v 45.780 -33.130 12.135
v 45.578 -33.256 12.199
v 45.608 -33.123 12.096
v 38.666 -35.057 15.404
v 38.666 -35.713 16.575
v 42.420 -34.513 14.497
v 39.470 -35.415 15.795
v 41.075 -34.287 14.071
v 39.037 -35.204 15.710
v 39.237 -35.188 15.631
v 39.128 -35.192 15.638
v 35.317 -36.126 17.257
v 37.454 -36.126 17.257
v 34.395 -37.155 18.829
v 34.137 -36.503 17.910
v 34.137 -37.172 19.068
v 33.478 -37.318 19.314
v 33.907 -37.271 19.090
v 33.349 -36.723 18.274
v 33.201 -37.341 19.360
v 33.803 -36.609 18.074
v 32.638 -37.175 19.103
v 32.959 -37.385 19.415
v 32.177 -37.173 19.103
v 30.676 -37.172 19.068
v 30.905 -37.271 19.090
v 31.351 -37.314 19.313
v 32.406 -37.401 19.447
v 32.410 -37.282 19.295
v 32.781 -37.163 18.720
v 33.012 -36.933 18.419
v 32.030 -37.164 18.722
v 32.406 -37.060 18.873
v 31.800 -36.933 18.419
v 31.447 -36.721 18.268
v 30.676 -36.503 17.910
v 31.854 -37.385 19.415
v 32.406 -36.834 18.428
v 31.010 -36.609 18.074
v 32.414 -37.026 18.877
v 29.496 -36.126 17.257
v 28.358 -36.446 17.810
v 30.413 -37.152 18.839
v 28.358 -35.763 16.627
v 26.147 -35.057 15.404
v 26.147 -35.713 16.575
v 27.358 -36.126 17.257
v 25.733 -35.407 16.007
v 25.838 -35.428 15.819
v 25.509 -35.434 16.065
v 25.777 -35.205 15.707
v 22.392 -34.513 14.497
v 25.337 -35.424 15.780
v 23.738 -34.287 14.071
v 25.458 -35.201 15.741
v 25.576 -35.188 15.631
v 25.398 -35.453 15.870
v 25.684 -35.192 15.638
v 15.779 -32.419 10.835
v 13.799 -31.816 9.513
v 12.709 -30.764 7.969
v 12.361 -31.309 8.947
v 16.329 -31.921 9.972
v 14.073 -31.567 9.160
v 10.599 -30.764 7.969
v 12.361 -30.653 7.776
v 9.819 -29.841 6.370
v 9.819 -30.523 7.552
v 8.469 -30.061 6.851
v 8.710 -30.026 6.775
v 8.436 -29.366 5.573
v 8.706 -29.815 6.389
v 8.794 -29.826 6.344
v 8.595 -30.011 6.497
v 8.940 -30.015 6.723
v 9.062 -30.038 6.497
v 8.952 -29.819 6.396
v 8.876 -29.828 6.346
v 6.684 -29.424 5.643
v 7.568 -29.826 6.147
v 7.103 -29.680 5.903
v 8.114 -29.408 5.431
v 7.803 -29.170 5.191
v 7.448 -28.528 4.086
v 7.200 -28.495 4.019
v 6.938 -28.471 3.864
v 7.555 -28.851 4.645
v 7.818 -29.057 4.992
v 6.888 -28.275 3.497
v 7.784 -28.903 4.744
v 7.804 -28.342 3.761
v 7.775 -28.406 3.869
v 7.556 -28.416 3.882
v 7.029 -28.463 3.975
v 7.402 -28.721 4.421
v 8.387 -28.854 4.647
v 8.106 -28.882 4.702
v 8.330 -28.432 3.910
v 8.187 -28.475 4.004
v 8.074 -28.404 3.865
v 7.967 -28.343 3.760
v 8.079 -28.985 4.869
v 8.365 -28.636 4.296
v 33.201 -17.001 -15.870
v 33.701 -17.306 -15.342
v 33.201 -17.306 -15.342
v 33.702 -17.681 -14.691
v 33.703 -18.563 -13.164
v 33.693 -18.613 -13.074
v 33.702 -18.403 -13.442
v 31.119 -18.613 -13.074
v 31.109 -18.563 -13.164
v 33.201 -18.638 -13.034
v 31.111 -18.403 -13.442
v 31.111 -17.681 -14.691
v 31.111 -17.306 -15.342
v 18.947 -33.326 12.203
v 16.329 -32.603 11.155
v 17.889 -32.419 10.835
v 19.188 -33.125 12.094
v 19.223 -32.845 11.573
v 18.935 -33.317 12.465
v 19.111 -33.482 12.705
v 19.214 -33.339 12.487
v 21.637 -34.272 14.079
v 22.392 -33.857 13.326
v 19.397 -33.310 12.416
v 19.426 -33.336 12.195
v 19.193 -33.243 12.239
v 29.953 -18.659 -12.972
v 29.788 -18.640 -13.047
v 30.219 -18.635 -13.058
v 29.786 -18.659 -13.250
v 30.004 -18.583 -13.380
v 30.328 -18.617 -13.348
v 10.798 -18.654 -12.971
v 10.580 -18.634 -13.043
v 11.046 -18.655 -13.044
v 10.802 -18.565 -13.334
v 10.584 -18.654 -13.258
v 11.034 -18.636 -13.274
v 18.586 -18.651 -13.000
v 18.938 -18.653 -13.023
v 18.602 -18.613 -13.307
v 18.896 -18.608 -13.316
v 26.696 -18.640 -13.008
v 26.928 -18.652 -13.055
v 26.466 -18.641 -13.025
v 26.704 -18.575 -13.362
v 26.922 -18.646 -13.261
v 26.464 -18.644 -13.260
v 34.786 -18.640 -13.008
v 38.351 -18.655 -13.044
v 34.561 -18.646 -13.030
v 37.885 -18.634 -13.043
v 35.020 -18.640 -13.040
v 38.339 -18.636 -13.274
v 37.886 -18.656 -13.254
v 34.443 -18.625 -13.356
v 34.789 -18.585 -13.383
v 35.018 -18.651 -13.260
v 53.767 -18.638 -13.031
v 54.233 -18.652 -13.055
v 55.856 -18.409 -13.436
v 54.224 -18.645 -13.266
v 53.768 -18.647 -13.259
v 9.819 -18.963 -12.471
v 58.995 -19.981 -10.727
v 30.719 -18.386 -13.430
v 30.676 -17.681 -14.691
v 28.358 -17.681 -14.691
v 28.358 -18.403 -13.442
v 52.452 -18.675 -12.970
v 52.452 -18.399 -13.407
v 48.483 -18.399 -13.407
v 42.420 -18.675 -12.970
v 42.420 -18.399 -13.407
v 38.666 -18.399 -13.407
v 26.147 -18.675 -12.970
v 26.147 -18.399 -13.407
v 22.392 -18.399 -13.407
v 22.392 -18.675 -12.970
v 19.223 -18.403 -13.442
v 16.329 -18.675 -12.970
v 16.329 -18.399 -13.407
v 12.361 -18.399 -13.407
v 52.452 -18.846 -12.674
v 48.483 -18.675 -12.970
v 42.420 -18.846 -12.674
v 38.666 -18.675 -12.970
v 34.100 -18.895 -12.748
v 34.137 -18.675 -12.970
v 33.201 -18.846 -12.674
v 30.676 -18.675 -12.970
v 26.147 -18.846 -12.674
v 22.392 -18.846 -12.674
v 19.223 -18.675 -12.970
v 16.329 -18.846 -12.674
v 12.361 -18.675 -12.970
v 9.819 -18.846 -12.674
v 9.819 -18.675 -12.970
v 8.477 -18.675 -12.970
v 58.941 -22.570 -6.224
v 58.110 -25.904 -0.450
v 58.941 -25.904 -0.450
v 58.110 -22.570 -6.224
v 6.702 -25.904 -0.450
v 6.702 -22.570 -6.224
v 58.887 -28.132 3.081
v 58.302 -28.137 3.087
v 6.505 -28.135 3.085
v 9.819 -18.403 -13.442
v 8.460 -18.937 -12.699
v 57.662 -29.372 5.557
v 56.352 -18.937 -12.699
v 56.335 -18.675 -12.970
v 34.137 -17.681 -14.691
v 34.094 -18.386 -13.430
v 12.361 -18.846 -12.674
v 19.223 -18.846 -12.674
v 28.358 -18.846 -12.674
v 30.713 -18.895 -12.748
v 38.666 -18.846 -12.674
v 46.100 -18.846 -12.674
v 48.483 -18.846 -12.674
v 52.453 -30.975 7.997
v 48.483 -32.419 10.835
v 42.420 -34.272 14.079
v 28.358 -36.126 17.257
v 22.392 -34.272 14.079
v 12.325 -30.980 8.005
v 16.329 -32.419 10.835
v 28.358 -18.675 -12.970
v 56.606 -28.964 4.823
v 31.136 -20.784 -14.396
v 31.138 -19.518 -16.589
v 33.675 -20.786 -14.393
v 33.676 -19.519 -16.588
v 31.141 -18.702 -16.177
v 31.085 -18.730 -16.129
v 31.111 -21.705 -17.882
v 31.085 -20.311 -17.042
v 31.141 -20.283 -17.090
v 33.727 -18.730 -16.129
v 33.701 -21.705 -17.882
v 33.727 -20.311 -17.042
v 33.671 -18.702 -16.177
v 33.671 -20.283 -17.090
v 33.699 -20.009 -13.914
v 33.671 -20.813 -14.346
v 33.701 -23.000 -15.638
v 33.699 -21.590 -14.826
v 31.113 -20.009 -13.914
v 31.111 -23.000 -15.638
v 31.113 -21.590 -14.826
v 31.143 -20.812 -14.348
v 58.971 -19.921 -10.861
v 58.726 -19.544 -11.448
v 58.381 -19.220 -12.009
v 57.491 -18.754 -12.873
v 56.613 -18.675 -13.228
v 55.991 -18.421 -13.380
v 55.858 -18.415 -13.456
v 57.486 -18.746 -12.859
v 42.065 -19.607 -14.201
v 55.266 -19.624 -14.159
v 56.010 -19.637 -14.161
v 56.621 -19.778 -13.896
v 57.383 -19.921 -13.669
v 57.796 -20.186 -13.203
v 58.434 -20.447 -12.758
v 58.725 -20.789 -12.141
v 59.003 -21.134 -11.569
v 58.963 -21.497 -10.937
v 58.982 -29.442 2.824
v 57.892 -29.584 5.875
v 58.415 -29.274 5.339
v 58.746 -28.965 4.802
v 59.000 -29.822 3.480
v 58.774 -30.186 4.111
v 58.408 -30.521 4.690
v 57.916 -30.812 5.194
v 57.225 -30.981 5.493
v 40.091 -36.464 14.963
v 37.981 -37.126 16.147
v 34.393 -38.293 18.169
v 31.330 -37.319 19.314
v 33.893 -38.429 18.405
v 33.124 -38.616 18.712
v 32.406 -38.650 18.771
v 31.688 -38.616 18.712
v 30.919 -38.429 18.405
v 30.419 -38.293 18.169
v 26.821 -37.126 16.149
v 28.909 -37.808 17.331
v 7.582 -30.981 5.493
v 6.067 -28.965 4.802
v 6.397 -29.274 5.339
v 6.920 -29.584 5.875
v 6.897 -30.812 5.194
v 6.405 -30.521 4.690
v 6.038 -30.186 4.111
v 5.813 -29.822 3.480
v 5.792 -29.443 2.823
v 5.811 -21.488 -10.955
v 8.954 -18.415 -13.456
v 8.821 -18.421 -13.380
v 8.199 -18.675 -13.228
v 7.322 -18.754 -12.873
v 6.432 -19.220 -12.009
v 6.087 -19.544 -11.448
v 5.842 -19.921 -10.861
v 7.327 -18.746 -12.859
v 5.809 -21.134 -11.569
v 6.087 -20.789 -12.141
v 6.378 -20.447 -12.758
v 7.018 -20.182 -13.208
v 7.430 -19.921 -13.669
v 8.191 -19.778 -13.896
v 8.803 -19.637 -14.161
v 9.546 -19.624 -14.159
v 22.825 -19.637 -14.121
v 57.611 -30.658 2.705
v 57.796 -30.613 2.628
v 56.959 -31.271 3.768
v 56.649 -31.188 3.622
v 56.412 -31.102 3.475
v 56.440 -30.997 3.314
v 56.232 -30.905 3.133
v 56.236 -30.795 2.943
v 56.440 -30.710 2.816
v 56.397 -30.632 2.659
v 56.629 -30.543 2.505
v 56.838 -30.509 2.447
v 56.986 -30.506 2.443
v 56.941 -30.567 2.568
v 57.330 -30.567 2.547
v 56.949 -31.356 3.915
v 56.664 -31.499 4.162
v 33.774 -38.778 16.769
v 31.446 -38.914 17.004
v 31.928 -38.955 17.076
v 32.406 -38.978 17.115
v 32.885 -38.955 17.076
v 33.367 -38.914 17.004
v 31.039 -38.778 16.769
v 8.148 -31.499 4.162
v 7.863 -31.356 3.915
v 7.843 -31.277 3.777
v 7.951 -31.218 3.675
v 8.207 -28.964 4.823
v 7.187 -30.656 2.701
v 7.483 -30.567 2.547
v 7.875 -30.567 2.568
v 7.827 -30.506 2.443
v 7.974 -30.509 2.447
v 8.117 -30.527 2.478
v 8.360 -30.607 2.617
v 8.374 -30.711 2.819
v 8.577 -30.795 2.943
v 8.581 -30.905 3.133
v 8.372 -30.998 3.315
v 8.400 -31.102 3.475
v 8.163 -31.188 3.622
v 7.001 -30.606 2.616
v 6.950 -30.405 2.267
v 6.950 -22.468 -11.481
v 8.629 -19.105 -12.427
v 8.253 -19.161 -12.159
v 7.726 -19.380 -11.800
v 7.405 -19.574 -11.462
v 7.166 -19.797 -11.077
v 9.546 -21.198 -13.681
v 9.040 -21.194 -13.686
v 8.574 -21.294 -13.513
v 8.104 -21.388 -13.350
v 7.710 -21.550 -13.071
v 7.434 -21.762 -12.703
v 7.147 -21.971 -12.341
v 7.055 -22.220 -11.910
v 57.863 -30.405 2.267
v 57.863 -22.468 -11.481
v 55.266 -21.198 -13.681
v 57.813 -22.214 -11.920
v 57.665 -21.971 -12.341
v 57.378 -21.762 -12.703
v 57.407 -19.574 -11.462
v 57.102 -21.550 -13.071
v 56.709 -21.388 -13.350
v 57.086 -19.380 -11.800
v 56.238 -21.294 -13.513
v 55.773 -21.194 -13.686
v 56.179 -19.106 -12.437
v 35.265 -18.391 -16.319
v 34.382 -18.280 -16.508
v 38.236 -18.951 -15.349
v 34.337 -18.257 -16.567
v 38.825 -19.027 -15.218
v 40.287 -19.318 -14.714
v 26.577 -18.951 -15.349
v 25.988 -19.027 -15.218
v 28.681 -18.576 -16.000
v 30.411 -18.286 -16.497
v 29.548 -18.391 -16.319
v 30.471 -18.265 -16.550
v 45.805 -33.491 12.398
v 45.596 -33.515 12.438
v 45.423 -33.479 12.372
v 45.601 -33.263 12.001
v 45.791 -33.281 12.029
v 45.377 -33.456 12.318
v 45.866 -33.463 12.341
v 45.447 -33.290 12.027
v 19.377 -33.481 12.382
v 19.201 -33.516 12.440
v 18.994 -33.487 12.388
v 19.201 -33.263 12.001
v 19.017 -33.284 12.028
v 18.927 -33.456 12.318
v 19.416 -33.463 12.341
v 19.388 -33.301 12.046
v 11.026 -18.809 -13.034
v 10.802 -18.857 -12.949
v 10.591 -18.799 -13.053
v 11.097 -18.753 -13.150
v 26.916 -18.801 -13.048
v 26.702 -18.856 -12.952
v 26.468 -18.800 -13.050
v 26.972 -18.753 -13.150
v 38.331 -18.809 -13.034
v 38.101 -18.856 -12.951
v 37.893 -18.798 -13.056
v 38.402 -18.753 -13.150
v 54.216 -18.805 -13.043
v 54.001 -18.856 -12.952
v 53.773 -18.800 -13.050
v 54.277 -18.753 -13.150
v 7.455 -29.212 4.030
v 7.454 -29.286 4.153
v 7.540 -29.365 4.296
v 7.766 -29.427 4.401
v 8.096 -29.403 4.362
v 8.297 -29.302 4.186
v 8.340 -29.205 4.017
v 8.297 -29.107 3.848
v 8.149 -29.050 3.745
v 8.006 -28.980 3.630
v 7.815 -28.977 3.621
v 7.709 -29.040 3.724
v 7.491 -29.090 3.818
v 56.470 -29.212 4.034
v 56.500 -29.283 4.150
v 56.686 -29.394 4.345
v 57.011 -29.432 4.410
v 57.238 -29.382 4.324
v 57.339 -29.299 4.178
v 57.371 -29.206 4.016
v 57.291 -29.072 3.787
v 57.011 -28.978 3.624
v 56.812 -28.980 3.628
v 56.655 -29.042 3.733
v 56.497 -29.131 3.889
v 56.721 -29.308 4.178
v 26.692 -18.206 -14.082
v 26.839 -18.216 -14.044
v 26.691 -18.466 -13.635
v 26.505 -18.451 -13.675
v 26.853 -18.461 -13.659
v 26.853 -18.223 -14.071
v 26.507 -18.233 -14.053
v 29.854 -18.227 -14.031
v 30.011 -18.204 -14.085
v 30.016 -18.467 -13.634
v 29.839 -18.451 -13.675
v 30.388 -18.564 -13.507
v 30.181 -18.224 -14.062
v 29.841 -18.233 -14.053
v 37.951 -18.223 -14.028
v 38.107 -18.204 -14.085
v 38.112 -18.467 -13.634
v 37.935 -18.451 -13.675
v 38.280 -18.458 -13.662
v 38.277 -18.224 -14.062
v 37.937 -18.233 -14.053
v 34.792 -18.206 -14.082
v 34.935 -18.216 -14.044
v 34.792 -18.466 -13.636
v 34.388 -18.496 -13.615
v 34.603 -18.233 -14.053
v 57.001 -29.328 4.211
v 56.686 -29.213 4.012
v 57.001 -29.098 3.814
v 8.130 -29.213 4.012
v 7.787 -29.324 4.204
v 8.052 -29.297 4.157
v 7.555 -30.363 3.465
v 7.466 -30.212 3.177
v 7.789 -30.193 3.172
v 8.082 -30.226 3.222
v 8.094 -30.372 3.491
v 7.781 -30.420 3.578
v 8.072 -30.495 3.618
v 7.810 -30.471 3.600
v 31.165 -20.699 -15.583
v 31.165 -20.938 -15.707
v 31.160 -21.911 -16.239
v 31.165 -20.708 -16.055
v 31.181 -22.071 -16.390
v 31.174 -20.939 -15.944
v 31.190 -22.075 -16.525
v 31.157 -21.628 -16.312
v 31.159 -20.490 -15.737
v 31.160 -21.918 -16.664
v 31.164 -21.633 -16.595
v 31.161 -20.503 -15.939
v 30.486 -19.193 -17.153
v 34.327 -19.193 -17.153
v 34.283 -21.414 -18.385
v 30.530 -21.414 -18.385
v 34.342 -18.327 -16.415
v 34.391 -18.305 -16.438
v 30.469 -18.325 -16.418
v 30.407 -18.300 -16.439
v 34.410 -17.242 -15.788
v 34.364 -17.258 -15.762
v 34.342 -17.274 -15.750
v 35.705 -18.545 -16.031
v 34.933 -18.391 -16.319
v 35.686 -17.479 -15.380
v 35.548 -17.438 -15.430
v 34.373 -17.992 -14.487
v 34.343 -17.984 -14.517
v 35.137 -19.221 -14.861
v 35.113 -18.119 -14.272
v 34.378 -19.134 -15.023
v 34.342 -19.111 -15.070
v 35.367 -19.027 -15.218
v 34.341 -19.192 -14.916
v 34.392 -19.169 -14.939
v 34.398 -18.112 -14.282
v 34.343 -18.138 -14.252
v 34.337 -18.152 -14.242
v 36.419 -19.571 -14.250
v 36.425 -19.524 -14.355
v 36.299 -18.440 -13.712
v 36.312 -18.485 -13.640
v 34.342 -18.482 -13.655
v 36.469 -19.563 -14.269
v 34.381 -19.604 -14.201
v 34.342 -19.594 -14.229
v 34.423 -19.687 -14.108
v 34.343 -19.682 -14.084
v 34.338 -19.686 -14.039
v 34.325 -20.743 -14.472
v 34.341 -18.656 -13.353
v 33.890 -18.981 -12.781
v 34.223 -18.854 -13.000
v 33.702 -18.998 -12.748
v 34.046 -18.955 -12.852
v 34.312 -18.772 -13.167
v 36.943 -19.685 -14.082
v 36.865 -18.467 -13.693
v 36.864 -18.616 -13.412
v 35.014 -18.799 -13.054
v 34.800 -18.856 -12.951
v 34.571 -18.805 -13.044
v 36.884 -18.980 -12.781
v 31.111 -18.998 -12.748
v 33.702 -21.016 -13.995
v 33.870 -21.007 -14.022
v 34.044 -20.972 -14.087
v 34.164 -20.917 -14.182
v 34.286 -20.823 -14.338
v 34.279 -22.918 -15.781
v 34.292 -22.854 -15.892
v 34.215 -23.003 -15.634
v 34.106 -23.078 -15.503
v 33.893 -23.144 -15.389
v 33.658 -23.171 -15.342
v 30.520 -22.854 -15.892
v 30.532 -22.913 -15.790
v 30.596 -23.001 -15.637
v 30.914 -23.143 -15.391
v 30.706 -23.078 -15.503
v 31.155 -23.171 -15.342
v 31.111 -21.016 -13.995
v 30.466 -18.649 -13.356
v 30.488 -20.743 -14.472
v 30.505 -18.781 -13.151
v 30.589 -18.853 -13.000
v 30.621 -20.903 -14.204
v 30.524 -20.824 -14.337
v 30.764 -20.971 -14.089
v 30.766 -18.955 -12.852
v 30.943 -21.007 -14.022
v 30.929 -18.982 -12.779
v 30.475 -19.681 -14.039
v 30.467 -19.674 -14.093
v 30.329 -19.711 -14.122
v 30.408 -19.611 -14.181
v 27.905 -18.614 -13.413
v 27.973 -18.510 -13.617
v 30.237 -18.808 -13.037
v 29.997 -18.855 -12.953
v 29.792 -18.796 -13.060
v 30.307 -18.753 -13.151
v 27.854 -19.555 -14.281
v 27.863 -19.683 -14.084
v 28.681 -19.653 -14.133
v 30.468 -19.595 -14.225
v 27.929 -18.979 -12.782
v 27.826 -20.923 -14.082
v 27.853 -21.006 -14.012
v 25.251 -18.983 -12.776
v 25.357 -21.016 -13.996
v 25.315 -20.935 -14.085
v 25.312 -21.004 -14.016
v 25.191 -18.612 -13.414
v 25.245 -19.684 -14.086
v 25.153 -18.601 -13.456
v 22.951 -18.593 -13.436
v 22.951 -18.598 -13.455
v 25.186 -19.647 -14.097
v 22.797 -18.614 -13.413
v 22.842 -18.605 -13.455
v 22.849 -18.979 -12.782
v 36.985 -20.923 -14.082
v 36.959 -21.006 -14.012
v 39.492 -21.006 -14.012
v 39.563 -18.982 -12.777
v 39.473 -20.915 -14.083
v 39.626 -18.617 -13.409
v 39.557 -19.688 -14.084
v 39.671 -18.609 -13.451
v 22.745 -20.924 -14.082
v 22.782 -19.683 -14.084
v 22.773 -21.006 -14.012
v 20.171 -18.983 -12.776
v 20.265 -21.015 -13.997
v 20.211 -20.967 -14.080
v 20.222 -21.000 -14.023
v 20.111 -18.612 -13.414
v 20.164 -19.683 -14.086
v 20.073 -18.601 -13.456
v 41.983 -18.616 -13.411
v 42.036 -18.608 -13.451
v 42.025 -19.685 -14.083
v 41.964 -18.980 -12.781
v 42.067 -20.924 -14.082
v 42.039 -21.006 -14.012
v 44.539 -21.016 -13.996
v 44.643 -18.982 -12.777
v 44.584 -21.003 -14.018
v 44.592 -20.953 -14.082
v 44.706 -18.617 -13.409
v 44.651 -19.685 -14.083
v 44.751 -18.609 -13.451
v 39.423 -19.679 -14.083
v 40.287 -19.659 -14.123
v 44.508 -19.683 -14.084
v 47.107 -19.684 -14.083
v 46.941 -18.609 -13.451
v 46.941 -18.600 -13.434
v 47.094 -18.616 -13.410
v 47.205 -18.605 -13.455
v 46.220 -18.824 -13.008
v 45.895 -18.824 -13.009
v 47.044 -18.980 -12.781
v 47.148 -20.925 -14.081
v 47.119 -21.006 -14.012
v 49.627 -21.015 -13.997
v 49.723 -18.982 -12.777
v 49.671 -21.000 -14.023
v 49.682 -20.967 -14.079
v 49.786 -18.617 -13.409
v 49.731 -19.685 -14.083
v 49.831 -18.609 -13.451
v 52.029 -18.601 -13.432
v 52.027 -18.609 -13.450
v 52.198 -18.616 -13.409
v 52.190 -19.684 -14.084
v 52.124 -18.980 -12.781
v 52.228 -20.925 -14.081
v 52.199 -21.006 -14.012
v 55.266 -19.007 -12.728
v 55.266 -21.079 -13.887
v 55.800 -21.023 -13.984
v 55.764 -19.021 -12.710
v 56.368 -21.105 -13.841
v 56.235 -19.083 -12.599
v 56.350 -19.118 -12.570
v 56.891 -21.243 -13.602
v 56.670 -19.217 -12.370
v 57.407 -21.350 -13.317
v 57.086 -19.329 -12.174
v 57.223 -19.448 -11.997
v 57.714 -21.654 -12.890
v 57.725 -19.555 -11.788
v 57.989 -21.914 -12.439
v 57.881 -19.909 -11.128
v 57.664 -19.717 -11.503
v 58.114 -22.184 -11.971
v 57.986 -20.156 -10.771
v 58.288 -22.454 -11.413
v 58.200 -20.436 -10.261
v 58.180 -20.185 -10.695
v 58.164 -20.502 -10.135
v 58.862 -20.518 -10.113
v 58.876 -20.402 -10.319
v 58.909 -21.546 -10.860
v 58.901 -20.552 -10.081
v 49.588 -19.683 -14.084
v 58.937 -21.599 -10.733
v 58.955 -21.614 -10.737
v 58.908 -22.783 -8.720
v 58.867 -21.657 -8.144
v 58.955 -22.748 -8.772
v 58.771 -20.937 -9.347
v 58.531 -21.161 -8.964
v 58.476 -20.921 -9.372
v 58.340 -20.992 -9.261
v 58.581 -21.180 -8.946
v 58.665 -21.180 -8.948
v 58.700 -21.163 -8.968
v 58.143 -21.684 -8.098
v 58.097 -21.712 -8.042
v 58.288 -23.754 -9.165
v 58.158 -23.018 -5.789
v 58.295 -24.982 -7.021
v 58.255 -25.060 -6.991
v 58.862 -23.038 -5.755
v 58.913 -22.850 -8.595
v 58.881 -24.164 -6.429
v 58.911 -24.087 -6.452
v 58.955 -24.156 -6.333
v 58.955 -24.108 -6.417
v 58.933 -26.542 -2.163
v 58.867 -25.467 -1.545
v 58.907 -26.596 -2.118
v 58.955 -26.558 -2.173
v 58.715 -24.485 -3.202
v 58.519 -24.490 -3.194
v 58.498 -24.246 -3.617
v 58.736 -24.252 -3.607
v 58.811 -24.461 -3.258
v 58.398 -24.461 -3.253
v 58.143 -25.494 -1.499
v 58.275 -25.585 -1.341
v 58.288 -27.564 -2.566
v 58.288 -28.805 -0.417
v 58.209 -26.791 0.749
v 58.169 -26.856 0.856
v 58.878 -26.870 0.885
v 58.913 -26.660 -1.996
v 58.904 -27.910 0.154
v 58.881 -28.007 2.855
v 58.903 -29.158 2.312
v 58.150 -28.028 2.894
v 58.271 -30.120 1.809
v 58.170 -28.080 2.970
v 58.259 -30.154 1.833
v 58.195 -28.359 3.449
v 58.205 -30.405 2.267
v 58.195 -28.345 3.457
v 58.173 -30.621 2.640
v 58.025 -30.858 3.051
v 57.919 -28.764 4.166
v 57.911 -31.095 3.549
v 57.791 -28.968 4.517
v 58.166 -28.559 3.809
v 57.819 -28.945 4.498
v 57.733 -28.979 4.504
v 57.741 -29.443 4.224
v 57.662 -31.040 3.366
v 57.525 -31.003 3.303
v 57.733 -28.936 4.470
v 57.788 -30.817 2.981
v 57.983 -28.358 3.449
v 57.818 -19.958 -11.105
v 57.472 -21.731 -12.757
v 57.018 -19.370 -12.102
v 56.281 -21.242 -13.604
v 55.745 -19.075 -12.617
v 55.266 -19.108 -12.684
v 9.546 -21.079 -13.887
v 9.546 -19.108 -12.684
v 9.546 -19.007 -12.728
v 9.068 -19.075 -12.617
v 8.531 -21.242 -13.604
v 8.142 -19.217 -12.370
v 7.795 -19.370 -12.102
v 7.589 -19.448 -11.997
v 7.340 -21.731 -12.757
v 7.149 -19.717 -11.503
v 6.923 -19.907 -11.135
v 6.944 -22.209 -11.929
v 6.826 -20.156 -10.771
v 6.994 -19.958 -11.105
v 6.830 -28.358 3.449
v 7.025 -30.817 2.981
v 6.893 -28.764 4.166
v 7.173 -31.007 3.311
v 7.080 -28.936 4.471
v 7.072 -28.974 4.509
v 7.151 -31.040 3.366
v 7.067 -29.397 4.225
v 7.149 -31.094 3.460
v 6.897 -31.094 3.551
v 7.009 -28.968 4.515
v 6.992 -28.944 4.497
v 6.639 -30.621 2.640
v 6.635 -28.561 3.811
v 6.788 -30.858 3.051
v 6.607 -30.405 2.267
v 6.618 -28.359 3.449
v 6.618 -28.345 3.457
v 6.554 -30.155 1.833
v 6.619 -28.085 2.978
v 6.541 -30.119 1.809
v 6.662 -28.027 2.894
v 5.946 -28.007 2.855
v 5.902 -29.162 2.333
v 5.903 -27.904 0.152
v 5.942 -26.867 0.879
v 5.950 -26.771 0.716
v 6.234 -27.567 2.134
v 6.311 -27.813 2.563
v 6.043 -27.800 2.537
v 6.456 -27.778 2.482
v 6.483 -27.752 2.436
v 6.117 -27.575 2.131
v 6.643 -26.855 0.836
v 6.599 -26.795 0.758
v 6.525 -28.804 -0.420
v 6.526 -25.584 -1.341
v 6.525 -27.564 -2.566
v 6.669 -25.494 -1.499
v 5.946 -25.467 -1.544
v 5.903 -26.596 -2.120
v 5.878 -26.542 -2.165
v 5.901 -24.093 -6.443
v 5.950 -23.038 -5.755
v 5.922 -24.163 -6.417
v 5.899 -26.658 -1.998
v 6.062 -24.256 -3.601
v 6.295 -24.244 -3.619
v 6.277 -24.490 -3.193
v 6.085 -24.485 -3.206
v 6.002 -24.461 -3.258
v 6.414 -24.461 -3.253
v 6.645 -23.015 -5.794
v 6.557 -25.060 -6.991
v 6.518 -24.982 -7.022
v 6.525 -23.754 -9.165
v 6.716 -21.712 -8.042
v 6.669 -21.684 -8.098
v 5.946 -21.657 -8.143
v 5.902 -22.782 -8.722
v 5.872 -21.601 -10.735
v 5.911 -20.552 -10.081
v 5.902 -21.549 -10.855
v 5.899 -22.848 -8.597
v 5.951 -20.518 -10.114
v 6.028 -20.942 -9.338
v 5.936 -20.399 -10.323
v 6.312 -20.916 -9.380
v 6.262 -21.161 -8.964
v 6.094 -21.164 -8.972
v 6.147 -21.180 -8.948
v 6.232 -21.180 -8.946
v 6.468 -20.985 -9.277
v 6.649 -20.502 -10.135
v 6.592 -20.432 -10.268
v 6.525 -22.455 -11.414
v 6.699 -22.184 -11.971
v 6.602 -20.189 -10.689
v 6.824 -21.914 -12.439
v 7.099 -21.654 -12.890
v 7.085 -19.552 -11.790
v 7.399 -21.344 -13.313
v 7.922 -21.243 -13.602
v 7.726 -19.329 -12.174
v 8.445 -21.105 -13.841
v 8.462 -19.118 -12.570
v 9.013 -21.023 -13.984
v 9.048 -19.021 -12.710
v 8.578 -19.083 -12.599
v 12.613 -21.006 -14.012
v 12.689 -18.980 -12.781
v 12.585 -20.924 -14.082
v 12.593 -18.613 -13.414
v 12.627 -19.692 -14.080
v 12.781 -18.598 -13.459
v 12.776 -18.593 -13.435
v 12.513 -18.600 -13.458
v 15.031 -18.610 -13.416
v 14.997 -18.599 -13.459
v 15.075 -19.698 -14.077
v 12.759 -19.666 -14.090
v 15.090 -18.982 -12.776
v 15.131 -20.967 -14.080
v 15.135 -20.996 -14.029
v 15.178 -21.013 -14.000
v 17.769 -18.980 -12.781
v 17.693 -21.006 -14.012
v 17.665 -20.924 -14.082
v 17.701 -18.614 -13.413
v 18.597 -18.826 -13.006
v 17.866 -18.593 -13.435
v 18.917 -18.825 -13.006
v 19.036 -18.753 -13.151
v 17.618 -18.603 -13.457
v 17.866 -18.600 -13.456
v 17.698 -19.682 -14.085
v 20.106 -19.647 -14.097
v 17.732 -19.647 -14.096
v 29.109 -18.545 -16.032
v 29.880 -18.391 -16.319
v 30.464 -17.268 -15.749
v 30.437 -17.255 -15.776
v 30.404 -17.242 -15.787
v 29.259 -17.440 -15.442
v 30.451 -17.249 -15.769
v 30.464 -17.984 -14.511
v 29.109 -17.485 -15.370
v 29.702 -18.120 -14.270
v 29.666 -19.222 -14.860
v 30.432 -17.997 -14.478
v 30.415 -19.138 -15.011
v 30.467 -19.117 -15.058
v 29.445 -19.027 -15.218
v 30.469 -19.190 -14.918
v 30.468 -18.475 -13.634
v 30.468 -18.117 -14.253
v 30.408 -19.165 -14.940
v 30.410 -18.094 -14.293
v 28.498 -18.482 -13.622
v 28.499 -18.433 -13.707
v 28.385 -19.569 -14.253
v 28.387 -19.524 -14.355
v 28.681 -19.453 -14.480
v 28.339 -19.566 -14.269
v 28.681 -19.624 -14.184
v 25.385 -19.682 -14.085
v 25.365 -20.921 -14.080
v 25.340 -20.835 -14.090
v 25.354 -20.835 -14.075
v 25.432 -18.888 -12.939
v 25.425 -18.610 -13.416
v 25.445 -19.649 -14.093
v 25.557 -18.548 -13.538
v 27.719 -18.896 -12.922
v 27.739 -20.980 -14.057
v 27.714 -19.607 -14.188
v 27.709 -18.502 -13.612
v 27.764 -18.880 -12.958
v 27.826 -20.835 -14.083
v 27.723 -18.595 -13.432
v 27.728 -19.657 -14.112
v 26.700 -19.808 -14.107
v 20.304 -19.683 -14.085
v 15.225 -19.681 -14.085
v 30.884 -21.921 -16.221
v 30.885 -21.604 -16.297
v 30.884 -21.629 -16.625
v 30.885 -21.923 -16.657
v 30.879 -22.109 -16.500
v 30.876 -22.204 -16.420
v 30.885 -20.750 -15.570
v 30.881 -20.702 -15.540
v 30.885 -20.468 -15.704
v 30.885 -20.476 -15.935
v 30.883 -20.666 -16.054
v 30.884 -20.926 -15.942
v 30.885 -20.937 -15.705
v 32.087 -38.859 18.098
v 32.081 -38.963 17.908
v 32.097 -39.107 17.655
v 32.397 -39.128 17.667
v 32.404 -39.161 17.618
v 32.711 -39.107 17.656
v 32.730 -38.965 17.906
v 32.725 -38.773 18.232
v 32.726 -38.862 18.094
v 32.728 -38.600 18.543
v 32.404 -38.581 18.571
v 32.405 -38.547 18.583
v 32.085 -38.601 18.541
v 32.088 -38.771 18.233
v 56.103 -30.199 6.702
v 55.851 -30.193 6.685
v 55.853 -29.968 6.294
v 56.088 -29.960 6.280
v 56.260 -30.082 6.485
v 56.207 -30.167 6.632
v 55.761 -30.161 6.617
v 39.095 -35.566 15.985
v 39.067 -35.330 15.581
v 39.312 -35.323 15.569
v 39.452 -35.375 15.639
v 39.011 -35.552 15.945
v 39.398 -35.552 15.947
v 25.524 -35.570 15.995
v 25.494 -35.325 15.571
v 25.745 -35.330 15.581
v 25.716 -35.566 15.986
v 25.802 -35.552 15.945
v 25.413 -35.551 15.946
v 8.700 -30.198 6.702
v 8.606 -30.167 6.632
v 8.725 -29.960 6.280
v 8.960 -29.968 6.293
v 8.939 -30.199 6.693
v 9.051 -30.161 6.617
v 8.542 -30.092 6.489
v 58.359 -21.768 -7.947
v 58.880 -21.782 -7.927
v 58.958 -22.877 -8.547
v 58.942 -24.006 -6.562
v 58.959 -24.019 -6.569
v 58.309 -21.786 -7.921
v 58.292 -22.918 -5.960
v 58.314 -22.933 -5.926
v 58.360 -22.961 -5.901
v 58.358 -22.937 -5.908
v 58.874 -22.935 -5.921
v 58.908 -22.918 -5.960
v 58.359 -25.578 -1.348
v 58.880 -25.592 -1.327
v 58.958 -26.687 -1.948
v 58.941 -27.816 0.038
v 58.959 -27.829 0.030
v 58.292 -26.728 0.640
v 58.359 -26.757 0.694
v 58.870 -26.753 0.683
v 58.908 -26.728 0.640
v 58.955 -27.846 0.057
v 5.866 -27.819 0.034
v 5.849 -27.833 0.034
v 5.849 -26.687 -1.950
v 5.905 -26.728 0.640
v 6.520 -26.728 0.640
v 5.932 -25.592 -1.327
v 5.866 -24.009 -6.566
v 5.849 -24.023 -6.565
v 5.849 -22.877 -8.549
v 5.904 -22.918 -5.960
v 5.938 -22.935 -5.921
v 6.490 -22.934 -5.922
v 6.521 -22.918 -5.960
v 6.496 -21.784 -7.924
v 5.932 -21.782 -7.926
v 12.586 -20.835 -14.083
v 12.498 -18.889 -12.937
v 12.491 -19.648 -14.093
v 10.116 -20.914 -14.082
v 10.192 -18.888 -12.939
v 10.216 -18.600 -13.458
v 10.205 -19.649 -14.093
v 10.185 -18.610 -13.416
v 10.095 -20.835 -14.085
v 10.145 -19.683 -14.085
v 10.010 -19.683 -14.083
v 10.031 -20.916 -14.081
v 10.041 -20.835 -14.079
v 9.958 -18.889 -12.937
v 9.969 -18.610 -13.416
v 9.951 -19.648 -14.093
v 9.546 -19.656 -14.112
v 9.937 -18.600 -13.459
v 9.546 -18.596 -13.461
v 9.546 -20.980 -14.057
v 9.546 -18.901 -12.915
v 8.692 -18.963 -12.809
v 7.822 -19.173 -12.447
v 8.240 -19.062 -12.655
v 7.473 -19.297 -12.233
v 9.170 -18.913 -12.895
v 9.040 -18.944 -12.871
v 8.233 -19.041 -12.659
v 9.546 -18.590 -13.440
v 7.073 -19.089 -12.594
v 7.082 -19.118 -12.539
v 7.365 -18.956 -12.820
v 7.780 -18.821 -13.053
v 8.699 -18.643 -13.362
v 9.187 -18.602 -13.434
v 7.542 -18.906 -12.937
v 8.933 -18.631 -13.413
v 7.530 -19.954 -13.563
v 7.746 -19.890 -13.703
v 8.683 -19.707 -14.021
v 8.929 -19.678 -14.041
v 7.330 -20.019 -13.450
v 9.180 -19.665 -14.094
v 7.025 -20.268 -13.189
v 7.324 -20.029 -13.466
v 6.914 -20.237 -13.114
v 6.954 -20.285 -13.126
v 7.310 -19.380 -12.089
v 6.911 -19.180 -12.435
v 6.549 -20.427 -12.770
v 6.250 -20.676 -12.342
v 6.029 -20.951 -11.867
v 5.904 -21.231 -11.377
v 7.367 -21.455 -13.235
v 7.293 -19.348 -12.126
v 6.832 -19.745 -11.453
v 6.617 -22.208 -11.930
v 6.582 -20.165 -10.757
v 6.657 -19.964 -11.074
v 7.035 -19.597 -11.741
v 6.573 -19.364 -12.117
v 5.949 -20.146 -10.744
v 5.939 -20.148 -10.776
v 6.168 -19.749 -11.477
v 15.186 -20.835 -14.084
v 15.201 -20.916 -14.082
v 15.285 -19.649 -14.093
v 15.272 -18.888 -12.939
v 15.265 -18.610 -13.416
v 15.296 -18.600 -13.458
v 17.540 -18.899 -12.916
v 17.539 -18.596 -13.460
v 17.590 -18.886 -12.944
v 17.666 -20.835 -14.083
v 17.541 -18.590 -13.438
v 20.267 -20.835 -14.083
v 20.281 -20.916 -14.082
v 20.352 -18.888 -12.939
v 20.345 -18.610 -13.416
v 20.365 -19.649 -14.093
v 22.640 -19.657 -14.113
v 22.640 -19.648 -14.095
v 20.376 -18.600 -13.458
v 22.628 -18.900 -12.917
v 22.628 -18.598 -13.460
v 22.677 -18.882 -12.950
v 22.746 -20.835 -14.083
v 22.629 -18.591 -13.437
v 36.986 -20.835 -14.083
v 37.041 -18.879 -12.967
v 37.088 -19.603 -14.194
v 37.076 -19.657 -14.109
v 37.079 -18.600 -13.425
v 37.083 -18.891 -12.930
v 37.105 -18.504 -13.609
v 39.369 -19.649 -14.093
v 39.245 -18.542 -13.545
v 39.386 -18.609 -13.419
v 37.065 -20.980 -14.058
v 39.382 -18.887 -12.941
v 39.432 -20.960 -14.076
v 39.466 -20.835 -14.083
v 42.066 -20.835 -14.083
v 42.132 -18.881 -12.954
v 42.165 -19.648 -14.093
v 42.166 -19.657 -14.113
v 44.449 -19.649 -14.093
v 42.180 -18.599 -13.460
v 42.172 -18.594 -13.432
v 42.175 -18.897 -12.921
v 42.153 -20.980 -14.057
v 44.457 -18.889 -12.937
v 44.531 -20.916 -14.081
v 44.433 -18.599 -13.458
v 44.541 -20.835 -14.079
v 44.466 -18.609 -13.417
v 44.556 -20.835 -14.092
v 47.146 -20.835 -14.083
v 47.219 -18.884 -12.947
v 47.237 -19.648 -14.092
v 47.253 -19.657 -14.113
v 47.253 -19.648 -14.095
v 49.529 -19.649 -14.093
v 47.268 -18.597 -13.461
v 47.267 -18.900 -12.917
v 49.537 -18.889 -12.937
v 49.612 -20.915 -14.082
v 47.266 -18.591 -13.437
v 49.513 -18.599 -13.458
v 49.626 -20.835 -14.083
v 49.546 -18.609 -13.417
v 52.226 -20.835 -14.083
v 52.306 -18.887 -12.942
v 52.322 -19.648 -14.093
v 52.327 -18.602 -13.458
v 52.354 -18.595 -13.459
v 52.354 -18.901 -12.915
v 54.621 -18.888 -12.939
v 54.692 -20.915 -14.082
v 52.354 -18.590 -13.440
v 54.609 -19.649 -14.093
v 54.596 -18.600 -13.459
v 54.628 -18.610 -13.416
v 54.706 -20.835 -14.083
v 54.668 -19.683 -14.084
v 54.803 -19.683 -14.084
v 54.766 -20.835 -14.083
v 54.780 -20.916 -14.082
v 54.854 -18.889 -12.937
v 54.844 -18.610 -13.416
v 54.862 -19.648 -14.093
v 55.266 -19.656 -14.112
v 54.875 -18.600 -13.458
v 55.266 -20.980 -14.057
v 55.266 -18.901 -12.915
v 56.573 -19.062 -12.655
v 55.772 -18.944 -12.871
v 56.121 -18.963 -12.809
v 55.643 -18.913 -12.895
v 56.991 -19.173 -12.447
v 57.340 -19.296 -12.234
v 56.579 -19.041 -12.659
v 55.266 -18.596 -13.461
v 55.266 -18.590 -13.440
v 57.734 -19.082 -12.598
v 57.731 -19.118 -12.539
v 57.444 -18.952 -12.812
v 55.625 -18.602 -13.434
v 57.033 -18.821 -13.053
v 56.113 -18.643 -13.362
v 55.880 -18.631 -13.413
v 57.271 -18.906 -12.937
v 55.883 -19.678 -14.041
v 56.130 -19.707 -14.021
v 57.066 -19.890 -13.703
v 57.282 -19.954 -13.563
v 55.633 -19.665 -14.094
v 57.482 -20.019 -13.450
v 57.754 -19.106 -12.583
v 57.788 -20.268 -13.189
v 57.489 -20.029 -13.466
v 57.906 -20.237 -13.112
v 57.456 -21.304 -13.285
v 57.861 -20.282 -13.123
v 57.502 -19.380 -12.089
v 57.901 -19.180 -12.435
v 58.909 -21.231 -11.377
v 58.783 -20.951 -11.867
v 58.563 -20.676 -12.342
v 58.264 -20.427 -12.770
v 57.446 -21.455 -13.235
v 57.520 -19.348 -12.126
v 58.195 -22.208 -11.930
v 58.155 -19.964 -11.074
v 58.059 -19.870 -11.268
v 57.765 -19.563 -11.774
v 57.980 -19.745 -11.453
v 58.230 -20.165 -10.757
v 58.356 -20.410 -10.303
v 58.240 -19.364 -12.117
v 58.863 -20.146 -10.744
v 58.645 -19.749 -11.477
v 58.873 -20.148 -10.776
v 58.322 -30.064 1.863
v 58.360 -28.121 3.038
v 58.854 -28.123 3.040
v 58.941 -29.215 2.463
v 58.958 -29.220 2.438
v 58.958 -29.232 2.461
v 58.942 -29.429 2.831
v 58.357 -28.116 3.062
v 58.245 -30.176 1.871
v 58.143 -28.814 4.241
v 58.092 -30.870 3.073
v 58.153 -28.810 4.255
v 57.939 -29.085 4.722
v 58.916 -28.359 3.448
v 58.901 -28.345 3.457
v 58.534 -29.156 4.845
v 58.457 -29.184 4.896
v 58.887 -28.548 3.790
v 58.813 -28.764 4.167
v 58.682 -28.983 4.546
v 58.926 -29.632 3.174
v 58.841 -29.844 3.564
v 58.721 -30.074 3.932
v 58.705 -30.068 3.952
v 58.470 -30.315 4.330
v 57.966 -31.037 3.566
v 58.444 -30.327 4.249
v 58.854 -29.861 3.558
v 58.382 -29.277 5.052
v 58.210 -30.538 4.742
v 57.929 -30.707 5.032
v 57.607 -30.854 5.289
v 58.348 -29.245 5.020
v 57.546 -31.333 3.874
v 57.593 -29.306 5.102
v 57.278 -29.482 5.408
v 57.202 -31.511 4.183
v 56.940 -29.629 5.663
v 56.870 -31.640 4.529
v 57.245 -29.867 6.074
v 58.115 -29.480 5.436
v 56.862 -31.669 4.497
v 56.875 -31.620 4.573
v 57.183 -31.016 5.441
v 56.856 -31.655 4.553
v 56.789 -31.689 4.492
v 57.099 -31.020 5.556
v 57.093 -31.055 5.521
v 56.686 -29.602 5.617
v 57.024 -29.927 6.180
v 56.795 -31.641 4.407
v 55.104 -30.536 7.236
v 55.104 -31.643 6.670
v 55.117 -30.548 7.251
v 56.766 -29.519 5.489
v 57.073 -29.408 5.280
v 57.426 -29.267 5.039
v 57.633 -29.079 4.712
v 55.085 -31.667 6.672
v 55.052 -31.672 6.630
v 55.042 -31.708 6.618
v 54.642 -30.278 6.785
v 57.625 -31.083 3.442
v 57.661 -29.589 4.358
v 57.569 -29.470 4.504
v 57.528 -29.441 4.602
v 57.006 -31.407 4.002
v 57.319 -31.246 3.723
v 57.348 -29.231 4.974
v 33.835 -38.826 16.852
v 33.958 -36.868 18.205
v 30.978 -38.826 16.852
v 31.323 -36.911 18.284
v 31.403 -36.925 18.274
v 31.883 -39.072 17.279
v 32.406 -39.034 17.213
v 32.184 -37.015 18.462
v 32.930 -39.072 17.279
v 32.628 -37.015 18.462
v 33.409 -36.925 18.274
v 33.489 -36.911 18.284
v 30.855 -36.868 18.205
v 8.047 -29.519 5.489
v 7.807 -31.407 4.002
v 7.740 -29.408 5.280
v 7.465 -29.231 4.974
v 7.494 -31.246 3.723
v 7.178 -29.079 4.712
v 7.227 -29.475 4.499
v 7.152 -29.592 4.355
v 7.282 -29.445 4.604
v 7.611 -31.511 4.183
v 7.267 -31.333 3.874
v 7.386 -29.267 5.039
v 7.219 -29.306 5.102
v 8.017 -31.641 4.407
v 8.126 -29.601 5.615
v 7.993 -31.683 4.495
v 7.788 -29.927 6.180
v 7.714 -31.019 5.556
v 9.701 -30.536 7.239
v 9.709 -31.643 6.670
v 9.695 -30.548 7.251
v 9.755 -30.537 7.222
v 10.172 -30.280 6.788
v 10.160 -32.369 5.698
v 9.769 -31.705 6.619
v 12.246 -33.025 6.877
v 12.047 -31.289 8.539
v 11.914 -32.374 7.830
v 54.652 -32.370 5.698
v 52.567 -33.025 6.879
v 52.749 -31.293 8.546
v 54.963 -31.706 6.738
v 52.900 -32.371 7.831
v 52.863 -32.374 7.900
v 50.698 -33.067 9.107
v 50.785 -33.039 9.034
v 50.384 -33.722 8.082
v 50.377 -31.614 9.102
v 50.642 -31.687 9.271
v 51.173 -31.687 9.270
v 50.907 -31.570 9.048
v 48.286 -34.393 9.250
v 48.366 -32.361 10.395
v 48.120 -32.338 10.358
v 48.469 -32.656 10.910
v 48.567 -33.775 10.206
v 48.443 -32.678 10.952
v 46.528 -33.277 11.983
v 46.504 -34.408 11.410
v 48.540 -33.759 10.299
v 46.096 -33.031 11.557
v 46.023 -33.063 11.613
v 46.023 -35.107 10.412
v 46.104 -35.088 10.472
v 43.841 -33.705 12.724
v 44.021 -35.753 11.632
v 43.935 -35.778 11.574
v 44.188 -34.007 13.241
v 44.182 -34.028 13.290
v 44.246 -35.124 12.620
v 44.173 -34.059 13.319
v 42.258 -34.633 14.341
v 42.275 -34.657 14.351
v 42.243 -35.767 13.773
v 44.237 -35.123 12.690
v 41.871 -34.365 13.860
v 41.885 -34.348 13.858
v 41.795 -34.358 13.835
v 41.789 -34.336 13.832
v 41.863 -34.338 13.840
v 41.855 -34.362 13.847
v 41.855 -36.472 12.775
v 41.802 -36.477 12.825
v 41.821 -36.433 12.855
v 39.583 -35.042 15.041
v 39.719 -37.133 13.982
v 39.554 -35.080 15.105
v 39.909 -35.380 15.625
v 39.980 -36.490 15.019
v 39.895 -35.409 15.676
v 37.995 -36.009 16.717
v 39.951 -36.504 15.075
v 37.833 -36.050 16.784
v 37.534 -35.716 16.208
v 37.537 -37.824 15.203
v 37.883 -37.162 16.174
v 33.989 -38.946 17.060
v 33.552 -39.060 17.259
v 33.585 -37.000 18.429
v 32.940 -37.058 18.504
v 32.406 -39.159 17.430
v 32.636 -37.067 18.547
v 32.406 -37.083 18.547
v 31.872 -37.058 18.504
v 32.176 -37.067 18.547
v 31.260 -39.060 17.259
v 31.356 -36.984 18.376
v 30.824 -38.946 17.060
v 31.220 -37.001 18.433
v 27.275 -37.823 15.204
v 27.271 -35.717 16.209
v 26.966 -36.043 16.774
v 26.926 -37.159 16.176
v 26.811 -36.011 16.718
v 24.917 -35.409 15.676
v 24.904 -35.380 15.624
v 24.864 -36.506 15.077
v 25.258 -35.080 15.106
v 25.231 -35.042 15.041
v 25.087 -37.124 13.993
v 24.827 -36.490 15.010
v 22.988 -36.431 12.860
v 23.008 -34.359 13.837
v 23.020 -34.336 13.832
v 22.999 -36.475 12.815
v 23.053 -34.476 14.059
v 22.941 -34.364 13.861
v 22.928 -34.348 13.858
v 22.944 -34.339 13.842
v 22.550 -34.636 14.348
v 22.567 -35.769 13.778
v 22.536 -34.660 14.358
v 20.624 -34.028 13.292
v 20.631 -34.060 13.324
v 20.569 -35.128 12.696
v 20.615 -34.015 13.243
v 20.971 -33.705 12.723
v 20.874 -35.780 11.578
v 20.560 -35.123 12.628
v 18.781 -35.107 10.412
v 18.786 -33.069 11.623
v 18.706 -33.021 11.539
v 18.725 -32.957 11.450
v 18.706 -35.086 10.471
v 18.270 -33.273 11.975
v 18.302 -34.406 11.406
v 16.362 -32.666 10.933
v 16.338 -32.657 10.906
v 16.274 -33.760 10.300
v 16.690 -32.337 10.355
v 16.526 -34.393 9.249
v 16.246 -33.775 10.206
v 14.435 -31.614 9.102
v 14.429 -33.722 8.083
v 14.171 -31.688 9.270
v 13.637 -31.693 9.280
v 13.905 -31.570 9.048
v 14.026 -33.039 9.034
v 13.656 -31.655 9.221
v 11.961 -32.377 7.907
v 48.529 -33.742 10.291
v 48.663 -33.715 10.229
v 46.402 -34.438 11.485
v 44.356 -35.094 12.603
v 44.264 -35.124 12.664
v 42.113 -35.810 13.872
v 42.127 -35.806 13.820
v 24.715 -36.460 14.970
v 22.685 -35.804 13.827
v 22.703 -35.811 13.874
v 20.539 -35.126 12.667
v 20.447 -35.092 12.599
v 20.789 -35.751 11.633
v 18.408 -34.436 11.480
v 16.283 -33.742 10.293
v 16.148 -33.715 10.229
v 14.114 -33.066 9.105
v 9.845 -31.703 6.736
v 9.727 -31.667 6.673
v 7.724 -31.054 5.532
v 37.506 -35.855 16.430
v 37.814 -37.192 16.267
v 35.881 -37.810 17.336
v 37.775 -36.097 16.869
v 37.475 -35.842 16.430
v 35.552 -36.451 17.453
v 35.429 -38.495 16.391
v 35.557 -36.442 17.472
v 35.879 -36.706 17.921
v 35.421 -36.506 17.575
v 35.543 -36.446 17.480
v 35.774 -36.711 17.932
v 35.763 -37.837 17.356
v 35.668 -37.880 17.457
v 35.652 -36.767 18.023
v 35.627 -36.785 18.061
v 33.381 -38.513 18.552
v 33.370 -37.410 19.143
v 32.795 -38.543 18.620
v 32.820 -37.459 19.225
v 32.870 -37.254 18.870
v 33.228 -37.110 18.623
v 32.891 -37.319 18.987
v 32.869 -37.387 19.098
v 32.727 -39.182 17.538
v 33.214 -39.139 17.395
v 32.851 -38.806 18.143
v 32.829 -38.581 18.651
v 32.085 -39.179 17.542
v 32.017 -38.543 18.620
v 31.938 -37.260 18.881
v 31.921 -37.319 18.987
v 31.937 -37.376 19.084
v 31.991 -37.457 19.221
v 31.984 -38.581 18.652
v 31.432 -38.513 18.552
v 31.443 -37.410 19.143
v 31.599 -39.139 17.395
v 31.585 -37.110 18.623
v 29.394 -36.505 17.573
v 29.383 -38.495 16.390
v 30.452 -37.175 18.755
v 29.146 -37.880 17.457
v 29.184 -36.785 18.060
v 29.046 -36.713 17.936
v 29.161 -36.767 18.023
v 29.066 -37.842 17.366
v 27.001 -37.193 16.268
v 28.934 -36.707 17.921
v 29.262 -36.444 17.476
v 29.248 -36.440 17.482
v 27.306 -35.855 16.430
v 27.341 -35.842 16.430
v 27.039 -36.098 16.870
v 54.676 -32.326 5.783
v 54.612 -30.374 6.965
v 54.910 -30.608 7.366
v 52.990 -32.339 7.864
v 52.667 -30.989 8.026
v 52.996 -31.229 8.444
v 52.925 -31.228 8.432
v 52.596 -32.987 6.959
v 52.975 -31.244 8.453
v 50.401 -33.684 8.164
v 50.343 -33.758 8.077
v 50.320 -31.742 9.323
v 50.626 -31.981 9.737
v 50.620 -31.948 9.699
v 50.358 -31.747 9.354
v 48.317 -34.342 9.313
v 48.678 -32.600 10.810
v 46.337 -33.345 12.111
v 46.359 -33.345 12.089
v 44.101 -33.724 12.760
v 44.400 -33.967 13.179
v 44.087 -33.761 12.804
v 41.855 -36.421 12.904
v 41.762 -34.477 14.061
v 42.069 -34.693 14.433
v 40.111 -36.438 14.964
v 42.064 -34.722 14.486
v 39.818 -35.097 15.135
v 39.756 -37.091 14.029
v 40.119 -35.335 15.547
v 24.700 -36.437 14.965
v 24.996 -35.099 15.138
v 24.696 -35.335 15.547
v 25.040 -37.120 13.897
v 22.751 -34.723 14.489
v 22.744 -34.692 14.433
v 20.726 -33.761 12.803
v 20.415 -33.968 13.179
v 20.714 -33.726 12.763
v 18.452 -34.454 11.536
v 18.470 -33.346 12.106
v 18.459 -33.329 12.049
v 18.448 -33.350 12.087
v 16.496 -34.343 9.312
v 16.433 -32.362 10.398
v 16.131 -32.600 10.810
v 14.489 -31.742 9.323
v 14.468 -33.758 8.077
v 14.411 -33.684 8.164
v 14.454 -31.747 9.354
v 14.185 -31.980 9.734
v 14.193 -31.948 9.699
v 12.216 -32.986 6.959
v 11.885 -31.227 8.433
v 11.819 -32.341 7.864
v 11.829 -31.245 8.453
v 11.814 -31.230 8.444
v 12.140 -30.983 8.018
v 10.205 -30.374 6.964
v 9.906 -30.611 7.366
v 10.136 -32.326 5.783
v 7.937 -31.621 4.573
v 7.943 -31.640 4.529
v 7.946 -31.662 4.492
v 7.629 -31.016 5.441
v 7.872 -29.628 5.661
v 7.567 -29.867 6.074
v 7.206 -30.854 5.289
v 6.884 -30.707 5.032
v 6.602 -30.538 4.742
v 6.353 -30.324 4.348
v 7.534 -29.482 5.408
v 6.870 -29.083 4.718
v 6.429 -29.278 5.053
v 6.459 -29.246 5.012
v 6.454 -29.253 5.000
v 6.698 -29.480 5.436
v 6.336 -29.173 4.874
v 6.846 -31.037 3.567
v 6.367 -30.327 4.249
v 6.279 -29.156 4.845
v 5.865 -29.433 2.828
v 5.887 -29.632 3.174
v 5.971 -29.844 3.564
v 6.091 -30.074 3.932
v 6.107 -30.068 3.952
v 5.959 -29.861 3.558
v 6.721 -30.870 3.073
v 6.669 -28.814 4.241
v 6.660 -28.810 4.255
v 6.567 -30.175 1.869
v 5.925 -28.548 3.790
v 5.999 -28.764 4.167
v 6.130 -28.983 4.546
v 5.896 -28.359 3.448
v 5.911 -28.345 3.457
v 5.868 -29.219 2.463
v 5.926 -28.133 3.081
v 5.959 -28.123 3.041
v 6.491 -30.064 1.863
v 5.849 -29.224 2.445
v 5.848 -29.233 2.460
v 33.631 -20.942 -15.946
v 33.643 -21.629 -16.314
v 33.640 -20.495 -15.732
v 33.637 -20.504 -15.935
v 33.631 -21.635 -16.594
v 33.631 -20.942 -15.706
v 33.635 -21.909 -16.238
v 33.631 -20.708 -16.059
v 33.641 -21.927 -16.662
v 33.612 -22.075 -16.383
v 33.612 -22.078 -16.529
v 33.631 -20.700 -15.587
v 33.928 -21.605 -16.296
v 33.928 -21.922 -16.221
v 33.937 -22.204 -16.420
v 33.933 -22.106 -16.500
v 33.927 -21.920 -16.658
v 33.928 -21.628 -16.624
v 33.928 -20.469 -15.701
v 33.926 -20.749 -15.570
v 33.933 -20.701 -15.539
v 33.929 -20.935 -15.703
v 33.928 -20.926 -15.942
v 33.928 -20.668 -16.053
v 33.928 -20.477 -15.937
v 33.955 -20.429 -16.282
v 33.955 -20.156 -15.806
v 33.955 -20.978 -16.281
v 33.955 -20.428 -15.334
v 33.955 -21.250 -15.809
v 33.955 -20.977 -15.333
v 34.306 -20.985 -16.300
v 34.315 -20.421 -16.299
v 34.323 -20.136 -15.809
v 34.306 -21.270 -15.809
v 34.323 -20.418 -15.317
v 34.315 -20.988 -15.317
v 33.955 -21.529 -16.917
v 33.951 -21.258 -16.440
v 33.955 -22.078 -16.916
v 33.952 -21.531 -15.969
v 33.952 -22.076 -15.970
v 33.956 -21.254 -16.453
v 34.292 -21.518 -16.933
v 34.302 -21.236 -16.458
v 34.301 -21.236 -16.435
v 34.301 -21.518 -15.952
v 34.284 -22.085 -16.934
v 33.961 -22.354 -16.453
v 33.958 -22.354 -16.439
v 34.293 -22.085 -15.951
v 34.286 -22.370 -16.458
v 34.283 -22.370 -16.435
v 30.860 -20.976 -15.335
v 30.860 -20.431 -15.334
v 30.858 -21.250 -15.809
v 30.860 -20.157 -15.809
v 30.858 -20.978 -16.281
v 30.860 -20.430 -16.280
v 30.506 -20.986 -16.299
v 30.498 -20.421 -16.299
v 30.489 -20.136 -15.809
v 30.506 -21.271 -15.809
v 30.489 -20.418 -15.317
v 30.498 -20.988 -15.317
v 30.860 -22.076 -15.970
v 30.860 -21.531 -15.969
v 30.862 -21.258 -16.440
v 30.858 -22.078 -16.916
v 30.858 -21.529 -16.917
v 30.520 -22.085 -15.951
v 30.511 -21.521 -15.951
v 30.854 -22.354 -16.439
v 30.529 -22.370 -16.434
v 30.851 -22.354 -16.453
v 30.512 -21.236 -16.434
v 30.857 -21.254 -16.453
v 30.527 -22.370 -16.458
v 30.510 -21.236 -16.457
v 30.528 -22.088 -16.933
v 30.520 -21.518 -16.932
v 57.432 -30.996 3.313
v 57.432 -30.710 2.818
v 57.453 -30.725 2.821
v 56.938 -31.140 3.561
v 7.869 -30.598 3.837
v 7.872 -30.054 2.897
v 8.343 -30.198 3.146
v 8.324 -30.429 3.544
v 8.352 -30.464 3.606
v 7.877 -31.140 3.561
v 7.419 -30.468 3.610
v 7.380 -30.997 3.314
v 7.379 -30.711 2.818
v 39.017 -18.486 -13.636
v 39.134 -18.085 -14.319
v 38.842 -18.504 -13.603
v 37.490 -17.805 -14.817
v 39.127 -18.085 -14.354
v 39.290 -18.125 -14.261
v 37.481 -18.864 -15.477
v 36.959 -19.549 -14.294
v 38.999 -19.590 -14.222
v 39.150 -19.138 -14.981
v 39.307 -19.193 -14.907
v 39.179 -19.155 -14.980
v 38.493 -19.027 -15.218
v 37.400 -19.027 -15.218
v 25.788 -18.486 -13.637
v 25.967 -18.503 -13.604
v 25.671 -18.089 -14.313
v 27.304 -17.809 -14.813
v 25.492 -18.130 -14.254
v 25.685 -18.084 -14.354
v 27.322 -18.866 -15.475
v 25.658 -19.143 -14.990
v 25.959 -19.608 -14.193
v 25.798 -19.587 -14.227
v 25.504 -19.193 -14.908
v 26.668 -19.604 -14.228
v 25.621 -19.160 -14.972
v 26.320 -19.027 -15.218
v 27.413 -19.027 -15.218
v 41.297 -19.563 -14.267
v 41.236 -19.606 -14.193
v 40.287 -19.624 -14.184
v 41.271 -19.524 -14.356
v 37.369 -18.828 -15.559
v 37.331 -19.027 -15.218
v 35.290 -19.249 -14.812
v 23.510 -19.563 -14.267
v 23.543 -19.524 -14.355
v 23.565 -19.581 -14.235
v 29.519 -19.250 -14.808
v 27.440 -18.828 -15.561
v 27.481 -19.027 -15.218
v 27.452 -18.828 -15.556
v 27.456 -18.822 -15.540
v 37.334 -17.760 -14.890
v 35.853 -17.495 -15.361
v 36.934 -18.430 -13.752
v 35.322 -18.137 -14.233
v 35.338 -18.170 -14.188
v 41.154 -18.486 -13.638
v 41.143 -18.440 -13.712
v 39.323 -18.156 -14.227
v 23.669 -18.440 -13.711
v 23.659 -18.486 -13.637
v 25.490 -18.156 -14.225
v 27.878 -18.431 -13.753
v 27.470 -17.766 -14.874
v 29.478 -18.169 -14.191
v 29.490 -18.139 -14.231
v 36.891 -18.429 -13.726
v 27.928 -18.430 -13.724
v 5.685 -25.518 -4.292
v 5.659 -25.572 -3.893
v 5.740 -24.238 -3.191
v 5.733 -24.092 -3.400
v 5.939 -25.585 -3.932
v 5.944 -25.455 -4.217
v 5.912 -25.778 -4.063
v 5.880 -25.667 -4.339
v 5.669 -25.836 -4.047
v 5.766 -24.178 -3.450
v 5.513 -25.569 -3.899
v 5.513 -25.390 -4.210
v 5.529 -25.674 -4.328
v 5.529 -25.813 -4.086
v 5.563 -25.654 -4.362
v 8.311 -31.428 6.248
v 8.790 -31.392 6.144
v 8.631 -30.156 7.062
v 8.649 -30.094 7.065
v 8.427 -30.037 6.954
v 8.655 -29.848 6.650
v 8.860 -31.319 5.975
v 8.603 -31.296 5.906
v 8.713 -31.508 5.962
v 8.502 -31.554 5.870
v 8.634 -31.762 6.217
v 8.782 -31.657 6.036
v 8.490 -31.278 5.988
v 8.808 -31.333 6.062
v 8.343 -31.700 6.110
v 8.608 -31.535 6.435
v 18.881 -19.593 -14.251
v 18.627 -19.593 -14.251
v 18.627 -18.295 -13.495
v 18.881 -18.295 -13.495
v 18.665 -18.376 -13.352
v 18.869 -18.355 -13.347
v 18.627 -18.430 -13.126
v 18.881 -18.430 -13.126
v 18.627 -19.805 -14.000
v 18.881 -19.805 -14.000
v 18.589 -19.806 -14.157
v 18.919 -19.806 -14.157
v 18.633 -19.951 -14.240
v 18.874 -19.951 -14.240
v 18.914 -19.777 -14.542
v 18.940 -19.499 -14.412
v 18.567 -19.499 -14.412
v 18.594 -19.777 -14.542
v 6.472 -53.911 -12.722
v 6.384 -54.005 -12.601
v 6.250 -54.008 -12.524
v 5.950 -54.103 -12.329
v 5.986 -53.946 -12.671
v 5.954 -53.833 -12.826
v 6.043 -53.779 -12.925
v 6.309 -53.761 -12.954
v 6.459 -53.824 -12.852
v 6.471 -53.831 -12.824
v 6.454 -53.966 -12.896
v 6.324 -53.901 -13.008
v 6.040 -53.924 -12.967
v 34.563 -44.588 -29.138
v 34.581 -44.612 -28.851
v 34.591 -44.427 -29.131
v 34.813 -44.665 -28.777
v 35.016 -44.587 -29.140
v 35.052 -44.337 -29.245
v 35.004 -44.607 -28.857
v 34.801 -44.396 -29.205
v 5.786 -52.340 -15.713
v 5.786 -49.006 -21.487
v 6.314 -50.671 -18.336
v 6.310 -50.435 -18.728
v 6.462 -50.659 -18.623
v 6.472 -50.584 -18.468
v 5.995 -50.482 -18.636
v 6.002 -50.624 -18.684
v 6.373 -50.578 -18.763
v 5.997 -50.615 -18.419
v 59.026 -49.006 -21.487
v 58.799 -50.613 -18.703
v 59.026 -52.340 -15.713
v 58.811 -50.615 -18.417
v 58.480 -50.442 -18.720
v 58.345 -50.673 -18.600
v 58.397 -50.616 -18.698
v 58.476 -50.667 -18.346
v 5.786 -54.488 -11.990
v 59.026 -54.488 -11.990
v 58.844 -53.920 -12.697
v 58.777 -53.923 -12.970
v 58.474 -53.913 -12.987
v 58.417 -53.997 -12.617
v 58.334 -53.894 -12.735
v 55.859 -44.823 -28.678
v 55.627 -44.755 -28.546
v 56.423 -44.901 -28.580
v 56.994 -45.001 -28.324
v 57.303 -45.111 -28.207
v 57.508 -45.180 -28.097
v 59.042 -46.696 -25.469
v 58.831 -47.326 -24.396
v 58.560 -47.217 -24.586
v 58.857 -46.112 -26.479
v 58.995 -46.400 -25.980
v 58.321 -45.586 -27.391
v 58.629 -45.841 -26.954
v 58.719 -47.227 -24.568
v 58.766 -47.315 -24.137
v 58.478 -47.333 -24.118
v 58.345 -47.295 -24.316
v 58.367 -47.323 -24.401
v 58.110 -45.483 -27.588
v 58.474 -47.105 -24.490
v 58.430 -55.662 -9.941
v 58.704 -55.413 -10.367
v 59.000 -54.912 -11.235
v 58.888 -55.166 -10.797
v 59.042 -54.633 -11.721
v 6.691 -55.861 -9.598
v 7.087 -56.066 -9.256
v 7.087 -56.065 -9.236
v 5.924 -55.166 -10.797
v 5.872 -55.017 -11.074
v 6.382 -55.662 -9.941
v 6.109 -55.413 -10.367
v 5.813 -54.912 -11.235
v 5.770 -54.633 -11.721
v 5.770 -46.696 -25.469
v 5.872 -46.328 -26.125
v 6.460 -47.339 -24.374
v 6.279 -47.219 -24.581
v 5.955 -46.112 -26.479
v 6.702 -45.483 -27.588
v 6.420 -47.310 -24.424
v 6.313 -47.336 -24.108
v 6.183 -45.841 -26.954
v 5.973 -47.315 -24.376
v 6.492 -45.586 -27.391
v 6.038 -47.316 -24.143
v 6.119 -47.221 -24.578
v 5.981 -47.167 -24.375
v 7.279 -45.195 -28.073
v 7.510 -45.111 -28.207
v 7.818 -45.001 -28.324
v 8.389 -44.901 -28.580
v 9.185 -44.755 -28.546
v 9.546 -44.772 -28.641
v 12.361 -44.831 -28.717
v 16.329 -44.831 -28.717
v 18.669 -44.784 -28.511
v 22.619 -44.743 -28.550
v 22.794 -44.762 -28.523
v 22.864 -44.791 -28.767
v 29.800 -44.588 -29.138
v 29.799 -44.603 -28.873
v 26.907 -44.607 -28.857
v 26.919 -44.587 -29.140
v 29.981 -44.661 -28.783
v 29.997 -44.401 -29.202
v 26.743 -44.117 -29.954
v 26.903 -44.434 -29.118
v 26.717 -44.665 -28.777
v 26.147 -44.224 -29.770
v 26.466 -44.588 -29.138
v 26.705 -44.396 -29.205
v 26.485 -44.612 -28.851
v 30.253 -44.587 -29.140
v 30.237 -44.417 -29.142
v 30.243 -44.610 -28.841
v 26.495 -44.427 -29.131
v 30.530 -43.410 -31.077
v 34.270 -43.414 -31.113
v 36.454 -43.829 -30.454
v 38.089 -44.659 -28.782
v 38.332 -44.608 -28.851
v 38.349 -44.587 -29.140
v 38.666 -44.224 -29.770
v 37.896 -44.603 -28.873
v 37.896 -44.588 -29.138
v 38.069 -44.117 -29.954
v 38.099 -44.400 -29.201
v 38.324 -44.428 -29.125
v 41.994 -44.758 -28.529
v 41.949 -44.791 -28.767
v 42.186 -44.744 -28.545
v 45.590 -44.831 -28.717
v 48.483 -44.831 -28.717
v 52.363 -44.745 -28.560
v 54.852 -44.753 -28.520
v 55.266 -44.772 -28.641
v 56.288 -55.028 -11.037
v 56.435 -55.266 -10.624
v 56.384 -55.122 -10.874
v 57.876 -54.488 -11.990
v 57.876 -52.340 -15.713
v 57.876 -49.006 -21.487
v 56.975 -45.608 -27.193
v 57.807 -45.268 -27.700
v 57.268 -45.873 -26.891
v 56.576 -45.576 -27.404
v 57.818 -46.466 -25.863
v 57.698 -46.246 -26.245
v 57.520 -46.052 -26.600
v 57.860 -46.696 -25.469
v 55.747 -45.266 -27.729
v 55.266 -45.260 -27.758
v 56.294 -45.506 -27.524
v 56.153 -45.477 -27.580
v 52.452 -45.399 -27.733
v 48.483 -45.399 -27.733
v 45.590 -45.399 -27.733
v 42.420 -45.399 -27.733
v 38.666 -45.399 -27.733
v 36.454 -45.399 -27.733
v 34.137 -45.399 -27.733
v 31.611 -45.399 -27.733
v 30.676 -45.399 -27.733
v 26.147 -45.399 -27.733
v 22.392 -45.399 -27.733
v 18.712 -45.399 -27.733
v 16.329 -45.399 -27.733
v 12.361 -45.399 -27.733
v 9.546 -45.260 -27.758
v 9.065 -45.266 -27.729
v 8.659 -45.477 -27.580
v 7.544 -45.873 -26.891
v 7.264 -46.081 -26.550
v 8.290 -45.562 -27.426
v 8.219 -45.583 -27.403
v 7.837 -45.608 -27.193
v 6.876 -45.361 -27.781
v 6.953 -46.696 -25.469
v 7.115 -46.246 -26.245
v 6.994 -46.466 -25.863
v 6.937 -49.006 -21.487
v 6.937 -52.340 -15.713
v 6.953 -54.633 -11.721
v 6.984 -54.834 -11.372
v 6.937 -54.488 -11.990
v 7.199 -54.914 -11.234
v 7.016 -54.875 -11.305
v 8.369 -54.930 -11.207
v 8.447 -55.124 -10.871
v 8.442 -55.033 -11.029
v 7.465 -54.933 -11.202
v 7.789 -55.571 -10.057
v 8.084 -55.694 -9.685
v 7.788 -55.329 -10.513
v 7.866 -55.353 -10.493
v 7.828 -55.462 -10.285
v 7.795 -54.801 -11.437
v 7.389 -55.117 -10.882
v 7.757 -54.852 -11.334
v 7.512 -54.817 -11.403
v 8.096 -54.794 -11.445
v 8.361 -55.257 -10.641
v 8.104 -55.307 -10.554
v 8.142 -55.391 -10.408
v 7.521 -55.259 -10.637
v 8.414 -55.828 -9.670
v 8.116 -54.877 -11.296
v 7.568 -56.020 -9.018
v 8.529 -56.322 -8.561
v 12.361 -57.089 -7.487
v 8.999 -56.354 -8.489
v 9.010 -56.313 -8.800
v 10.572 -57.200 -7.294
v 8.667 -56.365 -8.456
v 8.640 -56.315 -8.799
v 16.329 -58.356 -5.291
v 14.082 -58.096 -5.743
v 14.148 -57.915 -5.763
v 12.709 -57.200 -7.294
v 14.059 -57.802 -6.010
v 15.751 -58.855 -4.428
v 13.797 -58.114 -5.710
v 12.361 -57.771 -6.304
v 13.796 -57.797 -6.024
v 13.637 -57.884 -5.819
v 13.679 -57.915 -5.778
v 17.889 -58.855 -4.428
v 18.712 -59.800 -2.790
v 16.329 -59.039 -4.108
v 22.392 -60.293 -1.936
v 19.417 -59.631 -2.812
v 19.406 -59.645 -3.058
v 21.600 -60.723 -1.192
v 18.712 -59.118 -3.972
v 18.960 -59.646 -3.057
v 19.196 -59.713 -2.686
v 18.956 -59.637 -2.801
v 19.194 -59.578 -3.174
v 26.147 -61.493 0.141
v 26.147 -62.175 1.324
v 25.833 -61.710 0.517
v 22.549 -60.784 -0.750
v 25.473 -61.736 0.845
v 25.786 -61.723 0.807
v 25.383 -61.703 0.506
v 23.738 -60.723 -1.192
v 25.483 -61.520 0.465
v 25.787 -61.541 0.510
v 25.348 -61.748 0.585
v 29.496 -62.562 1.994
v 27.358 -62.562 1.994
v 30.373 -63.527 3.683
v 30.676 -62.939 2.647
v 30.676 -63.608 3.805
v 31.434 -63.574 4.049
v 30.886 -63.558 3.897
v 31.442 -63.155 3.020
v 31.611 -63.181 3.065
v 31.481 -63.763 4.075
v 30.970 -62.985 2.917
v 32.174 -63.611 3.810
v 31.854 -63.802 4.163
v 32.637 -63.598 3.788
v 34.137 -63.608 3.805
v 33.926 -63.558 3.897
v 31.993 -63.599 4.127
v 33.466 -63.745 4.071
v 32.406 -63.824 4.197
v 32.419 -63.730 4.016
v 32.241 -63.513 3.641
v 31.918 -63.209 3.134
v 32.419 -63.492 3.604
v 32.895 -63.209 3.134
v 33.371 -63.155 3.020
v 34.137 -62.939 2.647
v 32.959 -63.802 4.163
v 32.406 -63.232 3.174
v 33.842 -62.985 2.917
v 32.818 -63.601 4.130
v 35.317 -62.562 1.994
v 36.454 -62.882 2.547
v 34.439 -63.527 3.683
v 36.454 -62.199 1.365
v 38.666 -61.493 0.141
v 38.666 -62.175 1.324
v 37.454 -62.562 1.994
v 39.029 -61.724 0.808
v 38.984 -61.711 0.519
v 39.333 -61.739 0.851
v 39.028 -61.540 0.508
v 42.269 -60.789 -0.742
v 39.460 -61.735 0.561
v 41.075 -60.723 -1.192
v 39.321 -61.516 0.456
v 39.412 -61.672 0.451
v 39.465 -61.675 0.734
v 49.061 -58.855 -4.428
v 51.037 -58.108 -5.722
v 50.750 -58.105 -5.727
v 51.022 -57.798 -6.023
v 52.104 -57.200 -7.294
v 52.452 -57.771 -6.304
v 51.169 -57.890 -5.817
v 48.483 -58.356 -5.291
v 50.758 -57.800 -6.012
v 50.664 -57.916 -5.765
v 54.241 -57.200 -7.294
v 52.452 -57.089 -7.487
v 54.993 -56.277 -8.893
v 54.993 -56.959 -7.710
v 56.266 -56.296 -8.580
v 56.123 -56.374 -8.441
v 56.398 -55.828 -9.670
v 56.148 -56.313 -8.830
v 55.794 -56.346 -8.502
v 55.798 -56.330 -8.801
v 58.122 -55.861 -9.598
v 57.244 -56.019 -9.018
v 57.725 -56.066 -9.256
v 56.729 -55.694 -9.686
v 57.024 -55.571 -10.057
v 57.299 -54.923 -11.221
v 57.595 -54.912 -11.237
v 57.828 -54.834 -11.372
v 57.287 -55.257 -10.641
v 56.985 -55.462 -10.285
v 57.422 -55.037 -11.021
v 57.860 -54.633 -11.721
v 56.968 -55.333 -10.507
v 57.007 -54.806 -11.429
v 57.300 -54.817 -11.403
v 57.794 -54.875 -11.302
v 57.428 -55.117 -10.882
v 56.928 -55.353 -10.493
v 56.434 -54.939 -11.191
v 56.663 -55.293 -10.578
v 56.663 -54.888 -11.279
v 56.706 -54.787 -11.456
v 56.671 -55.391 -10.408
v 31.611 -43.437 -31.132
v 31.112 -43.739 -30.609
v 31.611 -43.742 -30.605
v 31.172 -43.800 -30.503
v 31.181 -44.058 -30.057
v 31.112 -45.036 -28.362
v 31.111 -44.838 -28.704
v 33.701 -45.036 -28.362
v 31.611 -45.074 -28.297
v 33.702 -44.838 -28.704
v 33.632 -44.058 -30.057
v 33.641 -43.800 -30.503
v 33.700 -43.739 -30.609
v 45.840 -59.635 -3.077
v 48.483 -59.039 -4.108
v 46.924 -58.855 -4.428
v 45.592 -59.579 -3.174
v 45.590 -59.281 -3.690
v 45.849 -59.642 -2.793
v 45.590 -59.964 -2.507
v 45.585 -59.713 -2.690
v 43.212 -60.723 -1.192
v 42.420 -60.293 -1.936
v 45.389 -59.624 -2.821
v 45.396 -59.658 -3.037
v 34.882 -45.155 -28.155
v 34.799 -45.146 -28.172
v 35.040 -44.940 -28.273
v 34.774 -45.162 -28.143
v 34.530 -44.938 -28.271
v 34.989 -44.960 -28.494
v 34.800 -44.918 -28.567
v 34.587 -44.961 -28.492
v 53.983 -45.162 -28.143
v 54.008 -45.146 -28.172
v 54.248 -44.940 -28.277
v 53.745 -44.942 -28.269
v 54.091 -45.155 -28.155
v 54.009 -44.918 -28.567
v 54.198 -44.960 -28.494
v 53.796 -44.961 -28.492
v 46.100 -45.163 -28.143
v 45.809 -44.944 -28.266
v 46.309 -44.943 -28.272
v 46.018 -45.162 -28.144
v 46.153 -45.155 -28.155
v 46.195 -44.936 -28.535
v 45.925 -44.938 -28.531
v 38.108 -45.162 -28.143
v 37.868 -44.938 -28.270
v 37.979 -45.142 -28.179
v 38.371 -44.944 -28.275
v 38.216 -45.155 -28.155
v 38.083 -44.919 -28.564
v 38.304 -44.951 -28.510
v 37.904 -44.972 -28.474
v 29.883 -45.142 -28.179
v 26.678 -45.162 -28.143
v 30.011 -45.162 -28.143
v 30.119 -45.155 -28.155
v 26.440 -44.942 -28.269
v 26.703 -45.146 -28.172
v 30.274 -44.944 -28.273
v 26.943 -44.940 -28.277
v 29.773 -44.939 -28.271
v 26.786 -45.155 -28.155
v 26.491 -44.961 -28.492
v 26.893 -44.960 -28.494
v 26.704 -44.918 -28.567
v 30.207 -44.951 -28.510
v 29.986 -44.919 -28.564
v 29.808 -44.972 -28.474
v 18.506 -44.947 -28.268
v 18.712 -45.192 -28.092
v 19.003 -44.944 -28.273
v 18.848 -45.155 -28.155
v 18.795 -45.163 -28.143
v 18.890 -44.936 -28.535
v 18.633 -44.935 -28.538
v 10.803 -45.162 -28.143
v 11.066 -44.944 -28.275
v 10.674 -45.142 -28.179
v 10.563 -44.938 -28.270
v 10.911 -45.155 -28.155
v 8.953 -44.823 -28.678
v 10.778 -44.919 -28.564
v 10.599 -44.972 -28.474
v 10.999 -44.951 -28.510
v 54.993 -45.399 -27.733
v 5.817 -46.400 -25.980
v 34.337 -44.746 -28.527
v 34.137 -44.117 -29.954
v 36.454 -44.117 -29.954
v 36.454 -44.838 -28.704
v 12.361 -45.111 -28.233
v 22.392 -45.111 -28.233
v 25.971 -44.653 -28.699
v 38.666 -45.111 -28.233
v 38.837 -44.654 -28.698
v 42.420 -45.111 -28.233
v 48.483 -45.111 -28.233
v 12.361 -45.282 -27.936
v 16.329 -45.111 -28.233
v 22.392 -45.282 -27.936
v 26.147 -45.111 -28.233
v 30.676 -45.282 -27.936
v 30.495 -44.904 -28.269
v 31.611 -45.282 -27.936
v 34.311 -44.911 -28.257
v 38.666 -45.282 -27.936
v 42.420 -45.282 -27.936
v 45.590 -45.111 -28.233
v 48.483 -45.282 -27.936
v 52.452 -45.111 -28.233
v 54.993 -45.282 -27.936
v 54.993 -45.111 -28.233
v 56.335 -45.111 -28.233
v 5.872 -49.006 -21.487
v 6.702 -52.340 -15.713
v 5.872 -52.340 -15.713
v 6.702 -49.006 -21.487
v 58.110 -52.340 -15.713
v 58.110 -49.006 -21.487
v 5.872 -54.488 -11.990
v 6.702 -54.488 -11.990
v 58.110 -54.488 -11.990
v 56.335 -45.282 -27.936
v 7.150 -55.808 -9.705
v 8.477 -45.282 -27.936
v 8.477 -45.111 -28.233
v 30.676 -44.117 -29.954
v 30.467 -44.721 -28.566
v 52.452 -45.282 -27.936
v 45.590 -45.282 -27.936
v 36.454 -45.282 -27.936
v 34.137 -45.282 -27.936
v 26.147 -45.282 -27.936
v 16.329 -45.282 -27.936
v 12.361 -57.200 -7.294
v 16.200 -58.759 -4.255
v 22.392 -60.723 -1.192
v 36.454 -62.562 1.994
v 42.420 -60.723 -1.192
v 52.452 -57.200 -7.294
v 48.600 -58.763 -4.249
v 36.454 -45.111 -28.233
v 7.830 -54.745 -11.501
v 7.968 -54.748 -11.496
v 33.676 -42.824 -27.114
v 33.709 -41.571 -29.285
v 31.138 -42.824 -27.113
v 31.106 -41.573 -29.281
v 33.636 -41.540 -29.337
v 31.175 -41.540 -29.337
v 33.699 -42.334 -29.789
v 33.671 -41.529 -29.356
v 33.701 -39.342 -28.064
v 33.699 -40.753 -28.876
v 31.113 -42.334 -29.789
v 31.111 -39.342 -28.064
v 31.113 -40.753 -28.876
v 31.143 -41.530 -29.355
v 31.141 -43.640 -27.525
v 31.110 -40.629 -25.836
v 31.141 -42.060 -26.612
v 31.112 -40.655 -25.791
v 31.085 -43.612 -27.573
v 31.085 -42.032 -26.661
v 33.727 -43.612 -27.573
v 33.702 -40.629 -25.836
v 33.727 -42.032 -26.661
v 33.700 -40.655 -25.791
v 33.671 -43.640 -27.525
v 33.671 -42.060 -26.612
v 5.842 -46.314 -26.099
v 6.060 -45.960 -26.712
v 6.271 -45.767 -26.819
v 6.406 -45.633 -27.279
v 8.102 -44.939 -28.481
v 8.711 -44.790 -28.481
v 22.783 -43.636 -27.918
v 9.546 -43.623 -27.965
v 8.803 -43.598 -27.995
v 8.191 -43.757 -27.740
v 7.430 -43.883 -27.503
v 6.991 -44.165 -27.015
v 6.378 -44.408 -26.592
v 6.087 -44.772 -25.987
v 5.809 -45.095 -25.403
v 5.736 -45.466 -24.759
v 5.792 -53.404 -11.011
v 7.508 -56.215 -8.950
v 6.920 -55.977 -9.363
v 6.428 -55.423 -10.037
v 5.813 -53.783 -10.354
v 6.038 -54.148 -9.723
v 6.405 -54.482 -9.144
v 6.897 -54.773 -8.640
v 7.595 -54.940 -8.335
v 24.709 -60.418 1.129
v 26.819 -61.103 2.304
v 30.419 -62.269 4.326
v 33.804 -63.677 3.974
v 31.345 -63.744 4.077
v 31.009 -63.677 3.974
v 33.464 -63.751 4.060
v 31.348 -63.751 4.062
v 30.925 -62.411 4.587
v 31.688 -62.577 4.878
v 32.406 -62.611 4.937
v 33.124 -62.577 4.878
v 33.887 -62.411 4.587
v 34.393 -62.269 4.326
v 57.304 -56.215 -8.950
v 37.976 -61.102 2.308
v 35.893 -61.787 3.489
v 57.221 -54.938 -8.334
v 58.378 -55.416 -10.048
v 57.892 -55.977 -9.363
v 57.736 -56.061 -9.239
v 57.916 -54.773 -8.640
v 58.408 -54.482 -9.144
v 58.774 -54.148 -9.723
v 59.000 -53.783 -10.354
v 58.982 -53.405 -11.012
v 58.963 -45.524 -24.661
v 56.101 -44.790 -28.481
v 56.710 -44.939 -28.481
v 58.406 -45.633 -27.279
v 58.542 -45.767 -26.819
v 58.753 -45.960 -26.712
v 58.971 -46.314 -26.099
v 59.003 -45.095 -25.403
v 58.725 -44.772 -25.987
v 58.434 -44.408 -26.592
v 57.839 -44.173 -27.000
v 57.383 -43.883 -27.503
v 56.621 -43.757 -27.740
v 56.010 -43.598 -27.995
v 55.266 -43.623 -27.965
v 42.020 -43.635 -27.919
v 7.187 -52.692 -10.022
v 7.046 -52.655 -10.086
v 6.979 -52.637 -10.117
v 7.951 -53.254 -9.048
v 8.163 -53.224 -9.100
v 8.350 -53.166 -9.201
v 8.373 -53.053 -9.418
v 8.572 -52.978 -9.526
v 8.583 -52.868 -9.717
v 8.373 -52.764 -9.918
v 8.367 -52.640 -10.112
v 8.250 -52.595 -10.189
v 8.046 -52.554 -10.260
v 7.871 -52.621 -10.166
v 7.544 -52.583 -10.211
v 7.421 -52.623 -10.141
v 7.824 -53.369 -8.849
v 7.866 -53.277 -9.008
v 8.179 -53.512 -8.602
v 31.008 -60.838 4.088
v 33.364 -63.136 3.012
v 31.448 -63.136 3.012
v 33.346 -60.924 4.236
v 32.895 -61.019 4.401
v 32.406 -61.014 4.393
v 31.917 -61.019 4.401
v 31.466 -60.924 4.236
v 33.804 -60.838 4.088
v 56.634 -53.512 -8.602
v 56.988 -53.369 -8.849
v 56.932 -53.273 -9.015
v 56.844 -54.748 -11.496
v 56.983 -54.745 -11.501
v 57.537 -52.726 -9.963
v 57.391 -52.623 -10.141
v 57.268 -52.583 -10.211
v 56.938 -52.621 -10.166
v 56.698 -52.568 -10.237
v 56.445 -52.640 -10.112
v 56.438 -52.765 -9.916
v 56.229 -52.868 -9.717
v 56.240 -52.978 -9.526
v 56.440 -53.053 -9.417
v 56.462 -53.166 -9.201
v 56.649 -53.224 -9.100
v 57.759 -52.662 -10.073
v 57.833 -52.637 -10.117
v 57.863 -52.442 -10.456
v 57.863 -44.504 -24.204
v 57.086 -45.772 -27.037
v 57.636 -45.903 -26.591
v 55.266 -43.206 -26.452
v 55.773 -43.231 -26.409
v 56.238 -43.331 -26.236
v 56.677 -43.448 -26.033
v 57.102 -43.586 -25.794
v 57.378 -43.799 -25.426
v 57.665 -44.007 -25.064
v 57.757 -44.256 -24.633
v 6.950 -52.442 -10.456
v 6.950 -44.504 -24.204
v 9.546 -43.206 -26.452
v 7.055 -44.256 -24.633
v 7.147 -44.007 -25.064
v 7.176 -45.903 -26.591
v 7.434 -43.799 -25.426
v 7.710 -43.586 -25.794
v 8.135 -43.448 -26.033
v 7.726 -45.772 -27.037
v 8.574 -43.331 -26.236
v 9.040 -43.231 -26.409
v 8.561 -45.492 -27.523
v 29.548 -42.352 -30.153
v 30.408 -42.270 -30.316
v 26.577 -42.913 -29.183
v 30.469 -42.247 -30.333
v 25.988 -42.988 -29.052
v 24.525 -43.279 -28.548
v 38.236 -42.913 -29.183
v 38.825 -42.988 -29.052
v 36.131 -42.537 -29.834
v 34.386 -42.267 -30.317
v 35.265 -42.352 -30.153
v 34.340 -42.243 -30.335
v 56.979 -54.845 -11.340
v 19.396 -59.490 -3.032
v 19.195 -59.441 -3.117
v 18.971 -59.489 -3.032
v 19.184 -59.701 -2.645
v 18.903 -59.546 -2.916
v 19.449 -59.536 -2.943
v 45.824 -59.480 -3.049
v 45.589 -59.442 -3.115
v 45.402 -59.500 -3.013
v 45.634 -59.701 -2.645
v 45.353 -59.546 -2.916
v 45.898 -59.536 -2.943
v 53.821 -45.011 -28.108
v 54.010 -45.038 -28.064
v 54.191 -45.002 -28.122
v 54.222 -44.831 -28.417
v 54.172 -44.804 -28.466
v 54.010 -44.781 -28.510
v 53.836 -44.798 -28.477
v 53.781 -44.826 -28.427
v 37.924 -45.001 -28.124
v 38.096 -45.036 -28.069
v 38.303 -45.007 -28.112
v 38.347 -44.831 -28.417
v 38.282 -44.784 -28.496
v 38.101 -44.743 -28.571
v 37.906 -44.826 -28.427
v 37.912 -44.801 -28.453
v 26.516 -45.011 -28.108
v 26.705 -45.038 -28.064
v 26.886 -45.002 -28.122
v 26.917 -44.831 -28.417
v 26.867 -44.804 -28.466
v 26.701 -44.737 -28.581
v 26.531 -44.798 -28.477
v 26.476 -44.826 -28.427
v 10.622 -45.003 -28.124
v 10.800 -45.035 -28.068
v 11.004 -45.005 -28.117
v 11.042 -44.831 -28.417
v 10.985 -44.801 -28.471
v 10.800 -44.782 -28.506
v 10.601 -44.826 -28.427
v 10.627 -44.811 -28.459
v 57.363 -54.568 -10.601
v 57.295 -54.700 -10.369
v 57.167 -54.764 -10.268
v 56.962 -54.787 -10.223
v 56.735 -54.770 -10.257
v 56.645 -54.715 -10.339
v 56.535 -54.679 -10.411
v 56.483 -54.566 -10.603
v 56.487 -54.489 -10.756
v 56.535 -54.437 -10.830
v 56.684 -54.374 -10.936
v 56.970 -54.341 -10.992
v 57.238 -54.383 -10.922
v 57.361 -54.459 -10.790
v 57.026 -54.680 -10.389
v 8.331 -54.571 -10.598
v 8.278 -54.676 -10.416
v 8.053 -54.773 -10.249
v 7.801 -54.784 -10.227
v 7.609 -54.761 -10.284
v 7.530 -54.707 -10.357
v 7.449 -54.564 -10.605
v 7.425 -54.489 -10.756
v 7.542 -54.399 -10.894
v 7.807 -54.346 -10.983
v 8.111 -54.365 -10.950
v 8.254 -54.421 -10.873
v 8.299 -54.459 -10.790
v 8.172 -54.711 -10.344
v 38.390 -44.509 -28.975
v 37.902 -44.434 -29.108
v 37.853 -44.504 -28.981
v 35.056 -44.509 -28.975
v 34.520 -44.504 -28.981
v 34.794 -44.750 -28.559
v 26.960 -44.509 -28.975
v 26.423 -44.504 -28.981
v 30.294 -44.509 -28.975
v 29.751 -44.326 -29.256
v 29.757 -44.504 -28.981
v 30.393 -44.708 -28.597
v 30.011 -44.756 -28.546
v 7.836 -54.669 -10.407
v 7.668 -54.578 -10.565
v 8.107 -54.549 -10.615
v 7.690 -54.461 -10.767
v 8.041 -54.452 -10.784
v 8.124 -53.447 -10.002
v 8.044 -53.321 -10.217
v 7.800 -53.328 -10.209
v 7.678 -53.418 -10.048
v 7.582 -53.454 -9.989
v 7.664 -53.551 -9.853
v 7.796 -53.591 -9.752
v 8.041 -53.595 -9.742
v 8.086 -53.551 -9.854
v 7.645 -53.537 -9.829
v 8.053 -53.546 -9.816
v 7.688 -53.540 -9.835
v 56.703 -54.560 -10.596
v 57.140 -54.549 -10.615
v 57.102 -54.452 -10.784
v 56.752 -54.461 -10.767
v 56.725 -53.551 -9.853
v 57.148 -53.551 -9.854
v 33.648 -41.705 -27.667
v 33.649 -40.742 -27.126
v 33.650 -41.440 -28.020
v 33.647 -41.870 -27.791
v 33.649 -40.491 -27.028
v 33.648 -41.448 -27.746
v 33.644 -41.883 -27.944
v 33.651 -40.749 -27.381
v 33.649 -40.308 -27.165
v 33.645 -40.306 -27.344
v 33.649 -40.499 -27.494
v 33.650 -41.725 -28.117
v 33.631 -41.630 -28.150
v 34.327 -41.229 -29.876
v 30.486 -41.229 -29.876
v 30.530 -39.052 -28.568
v 34.283 -39.052 -28.568
v 30.475 -42.318 -30.242
v 34.338 -42.319 -30.242
v 30.406 -43.387 -30.881
v 30.467 -43.412 -30.834
v 29.108 -42.525 -29.876
v 29.880 -42.352 -30.153
v 29.259 -43.587 -30.538
v 30.449 -43.423 -30.839
v 29.123 -43.619 -30.474
v 30.463 -44.135 -29.577
v 29.667 -43.201 -28.704
v 29.655 -44.244 -29.380
v 29.701 -44.265 -29.372
v 30.418 -44.186 -29.490
v 30.412 -43.127 -28.835
v 30.467 -43.104 -28.857
v 29.445 -42.988 -29.052
v 30.476 -43.049 -28.915
v 30.475 -43.186 -28.742
v 30.459 -44.262 -29.361
v 30.467 -44.277 -29.335
v 28.380 -43.506 -28.177
v 28.500 -44.594 -28.791
v 30.408 -44.263 -29.379
v 28.508 -44.636 -28.715
v 30.464 -44.616 -28.757
v 28.390 -43.579 -28.053
v 28.338 -43.545 -28.105
v 28.343 -43.508 -28.156
v 30.415 -43.602 -28.007
v 30.467 -43.588 -28.015
v 30.470 -43.669 -27.902
v 30.420 -43.656 -27.942
v 30.476 -42.735 -27.268
v 30.469 -44.825 -28.386
v 30.860 -45.111 -27.890
v 30.622 -45.021 -28.048
v 31.019 -45.153 -27.842
v 31.111 -45.155 -27.837
v 31.111 -45.136 -27.844
v 31.041 -45.132 -27.848
v 27.869 -43.658 -27.918
v 27.924 -44.757 -28.505
v 27.856 -43.613 -27.964
v 29.798 -44.831 -28.416
v 29.826 -44.999 -28.122
v 29.996 -45.037 -28.065
v 30.198 -45.010 -28.108
v 30.251 -44.831 -28.417
v 29.843 -44.795 -28.467
v 27.900 -43.616 -27.845
v 27.873 -45.074 -27.956
v 33.702 -45.137 -27.844
v 33.702 -45.156 -27.836
v 31.111 -43.053 -26.718
v 30.883 -43.021 -26.761
v 30.662 -42.953 -26.876
v 30.529 -42.845 -27.069
v 30.552 -40.585 -25.913
v 30.520 -40.491 -26.075
v 30.626 -40.666 -25.772
v 30.706 -40.715 -25.686
v 30.920 -40.781 -25.572
v 31.155 -40.808 -25.525
v 34.292 -40.491 -26.075
v 34.263 -40.580 -25.920
v 33.899 -40.780 -25.574
v 34.106 -40.715 -25.686
v 34.187 -40.666 -25.772
v 33.658 -40.808 -25.525
v 33.702 -43.053 -26.718
v 34.339 -44.822 -28.384
v 34.337 -42.735 -27.268
v 34.284 -42.845 -27.069
v 34.193 -45.020 -28.050
v 34.118 -42.966 -26.853
v 33.905 -43.026 -26.752
v 33.944 -45.111 -27.888
v 33.769 -45.134 -27.848
v 34.513 -44.828 -28.420
v 33.783 -45.154 -27.840
v 34.410 -44.748 -28.531
v 34.340 -43.668 -27.906
v 34.369 -43.655 -27.942
v 34.381 -43.603 -28.002
v 36.870 -44.753 -28.511
v 34.612 -45.011 -28.108
v 34.801 -45.038 -28.064
v 34.981 -45.002 -28.120
v 35.015 -44.831 -28.415
v 34.964 -44.804 -28.466
v 36.948 -43.613 -27.964
v 34.342 -43.586 -28.018
v 36.131 -43.600 -27.992
v 36.960 -43.658 -27.918
v 36.907 -45.088 -27.930
v 36.926 -45.134 -27.846
v 36.921 -45.154 -27.839
v 36.981 -43.019 -26.826
v 36.990 -43.062 -26.888
v 39.523 -45.135 -27.845
v 39.462 -43.062 -26.887
v 39.526 -45.155 -27.838
v 39.481 -43.021 -26.829
v 39.586 -45.114 -27.886
v 39.626 -44.754 -28.513
v 39.550 -43.633 -27.916
v 42.020 -45.075 -27.954
v 27.886 -45.135 -27.846
v 27.890 -45.155 -27.838
v 27.830 -43.019 -26.825
v 27.823 -43.062 -26.888
v 25.355 -43.064 -26.885
v 25.288 -45.135 -27.846
v 25.284 -45.154 -27.839
v 25.342 -43.059 -26.893
v 25.226 -45.114 -27.887
v 25.313 -43.019 -26.814
v 25.186 -44.759 -28.503
v 25.259 -43.614 -27.845
v 42.006 -45.134 -27.846
v 42.001 -45.154 -27.839
v 42.062 -43.019 -26.825
v 42.070 -43.062 -26.888
v 44.603 -45.135 -27.845
v 44.539 -43.063 -26.886
v 44.606 -45.155 -27.838
v 44.590 -43.016 -26.797
v 44.666 -45.114 -27.886
v 44.556 -43.059 -26.898
v 44.706 -44.754 -28.513
v 44.651 -43.634 -27.920
v 22.951 -44.746 -28.530
v 22.785 -43.658 -27.919
v 25.231 -43.658 -27.918
v 22.780 -45.072 -27.960
v 22.806 -45.135 -27.846
v 22.810 -45.155 -27.838
v 22.749 -43.019 -26.824
v 22.820 -43.616 -27.845
v 22.743 -43.062 -26.888
v 20.270 -43.062 -26.888
v 20.208 -45.135 -27.846
v 20.204 -45.154 -27.839
v 20.146 -45.114 -27.887
v 20.281 -43.021 -26.838
v 20.214 -43.013 -26.787
v 20.106 -44.759 -28.503
v 20.179 -43.614 -27.845
v 25.246 -43.637 -27.917
v 25.384 -43.636 -27.918
v 24.525 -43.603 -27.988
v 20.165 -43.637 -27.918
v 20.151 -43.658 -27.918
v 20.304 -43.635 -27.918
v 17.704 -43.658 -27.919
v 17.867 -44.745 -28.529
v 17.699 -43.636 -27.918
v 18.825 -44.779 -28.508
v 17.695 -44.757 -28.506
v 18.527 -44.831 -28.416
v 18.635 -45.025 -28.085
v 18.875 -45.024 -28.086
v 18.979 -44.831 -28.417
v 17.740 -43.616 -27.845
v 17.685 -45.069 -27.965
v 17.726 -45.135 -27.846
v 17.730 -45.155 -27.838
v 17.669 -43.019 -26.824
v 17.663 -43.062 -26.888
v 15.190 -43.062 -26.888
v 15.128 -45.135 -27.846
v 15.124 -45.154 -27.839
v 15.066 -45.114 -27.887
v 15.200 -43.022 -26.835
v 15.132 -43.010 -26.792
v 15.026 -44.759 -28.503
v 15.099 -43.614 -27.845
v 12.778 -44.748 -28.525
v 12.580 -44.755 -28.510
v 12.759 -43.652 -27.947
v 15.071 -43.658 -27.918
v 12.586 -45.066 -27.972
v 12.646 -45.135 -27.846
v 12.650 -45.155 -27.838
v 12.589 -43.019 -26.824
v 12.660 -43.616 -27.845
v 12.583 -43.062 -26.888
v 9.546 -45.136 -27.844
v 9.546 -43.053 -26.718
v 8.980 -43.080 -26.670
v 9.053 -45.146 -27.805
v 8.445 -43.142 -26.563
v 8.596 -45.253 -27.650
v 8.479 -45.271 -27.621
v 7.933 -43.297 -26.294
v 8.130 -45.364 -27.456
v 7.386 -43.467 -26.020
v 7.726 -45.474 -27.268
v 7.442 -45.626 -27.002
v 7.179 -43.716 -25.568
v 7.245 -45.787 -26.719
v 6.864 -43.949 -25.166
v 6.942 -46.018 -26.314
v 6.658 -44.233 -24.674
v 6.824 -46.313 -25.817
v 6.936 -46.083 -26.212
v 6.558 -44.528 -24.174
v 6.604 -46.583 -25.341
v 6.600 -46.325 -25.785
v 6.509 -44.588 -24.185
v 6.650 -46.659 -25.231
v 5.945 -46.670 -25.201
v 5.946 -46.566 -25.368
v 5.899 -45.511 -24.683
v 15.085 -43.637 -27.918
v 15.224 -43.635 -27.918
v 12.759 -43.633 -27.948
v 12.612 -43.636 -27.916
v 12.622 -43.658 -27.918
v 5.902 -46.739 -22.549
v 5.946 -47.800 -23.237
v 5.944 -47.238 -24.238
v 6.461 -47.264 -24.209
v 6.476 -47.190 -24.334
v 6.313 -47.097 -24.499
v 6.478 -47.247 -24.220
v 6.667 -47.825 -23.191
v 6.719 -47.860 -23.146
v 6.524 -45.866 -21.933
v 6.681 -49.170 -20.863
v 6.515 -47.110 -19.798
v 6.566 -47.094 -19.717
v 5.950 -49.202 -20.808
v 5.898 -46.813 -22.426
v 5.903 -48.057 -20.261
v 5.902 -50.533 -15.957
v 5.946 -51.610 -16.638
v 5.903 -50.558 -15.946
v 5.939 -50.537 -18.526
v 6.468 -50.504 -18.596
v 6.488 -50.523 -18.547
v 6.676 -51.641 -16.584
v 6.565 -49.624 -15.337
v 6.514 -50.923 -13.198
v 6.705 -52.947 -14.298
v 6.679 -52.983 -14.261
v 6.563 -50.905 -13.117
v 5.934 -53.012 -14.208
v 5.898 -50.623 -15.826
v 5.911 -51.866 -13.652
v 5.908 -53.108 -11.508
v 5.909 -54.140 -12.233
v 5.941 -54.231 -12.098
v 5.923 -54.152 -12.254
v 6.589 -54.227 -12.104
v 6.525 -52.216 -10.933
v 6.618 -54.496 -11.641
v 6.607 -52.442 -10.456
v 6.639 -52.657 -10.082
v 6.906 -52.874 -9.707
v 6.899 -54.911 -10.922
v 6.888 -53.186 -9.271
v 6.927 -55.131 -10.539
v 6.635 -54.701 -11.281
v 6.830 -54.689 -11.309
v 7.075 -55.097 -10.598
v 7.114 -54.925 -10.351
v 7.177 -53.092 -9.330
v 7.076 -54.587 -10.236
v 6.817 -54.497 -11.642
v 6.814 -46.560 -25.390
v 6.944 -44.245 -24.652
v 7.459 -45.683 -26.906
v 8.072 -43.401 -26.114
v 8.531 -43.279 -26.326
v 8.511 -45.294 -27.548
v 56.281 -43.279 -26.326
v 56.216 -45.253 -27.650
v 56.302 -45.294 -27.548
v 56.740 -43.401 -26.114
v 56.682 -45.364 -27.456
v 57.370 -45.626 -27.002
v 57.633 -43.716 -25.568
v 57.567 -45.787 -26.719
v 57.353 -45.683 -26.906
v 57.824 -46.026 -26.305
v 57.868 -44.245 -24.652
v 57.976 -46.312 -25.817
v 57.877 -46.083 -26.212
v 57.992 -46.559 -25.390
v 57.992 -54.496 -11.642
v 57.906 -52.874 -9.707
v 57.914 -54.911 -10.922
v 57.579 -53.076 -9.357
v 57.733 -55.093 -10.602
v 57.970 -54.688 -11.309
v 57.868 -55.129 -10.543
v 57.690 -54.900 -10.319
v 57.737 -54.587 -10.236
v 57.921 -53.184 -9.271
v 58.173 -52.657 -10.082
v 58.166 -54.700 -11.283
v 58.205 -52.442 -10.456
v 58.188 -54.496 -11.641
v 58.288 -52.216 -10.933
v 58.213 -54.224 -12.109
v 58.868 -54.235 -12.091
v 58.911 -53.122 -11.496
v 58.886 -54.142 -12.231
v 58.828 -54.093 -12.350
v 58.867 -54.154 -12.251
v 58.957 -53.134 -11.480
v 58.907 -51.866 -13.662
v 58.862 -53.007 -14.219
v 58.955 -51.917 -13.587
v 58.866 -53.841 -12.806
v 58.758 -53.775 -12.929
v 58.477 -53.768 -12.942
v 58.351 -53.849 -12.829
v 58.544 -54.008 -12.526
v 58.340 -53.832 -12.823
v 58.134 -52.979 -14.269
v 58.107 -52.944 -14.310
v 58.249 -50.900 -13.126
v 58.299 -50.923 -13.198
v 58.136 -51.641 -16.584
v 58.247 -49.623 -15.337
v 58.867 -51.610 -16.638
v 58.909 -50.535 -15.957
v 58.911 -50.560 -15.940
v 58.955 -50.520 -16.006
v 58.907 -48.060 -20.255
v 58.862 -49.202 -20.808
v 58.955 -48.113 -20.176
v 58.911 -50.621 -15.833
v 58.810 -50.477 -18.641
v 58.873 -50.540 -18.523
v 58.340 -50.512 -18.584
v 58.335 -50.570 -18.480
v 58.324 -50.523 -18.547
v 58.131 -49.170 -20.863
v 58.247 -47.094 -19.717
v 58.297 -47.110 -19.798
v 58.289 -45.866 -21.934
v 58.144 -47.825 -23.190
v 58.094 -47.860 -23.145
v 58.867 -47.800 -23.237
v 58.910 -46.740 -22.548
v 58.955 -46.710 -22.605
v 58.912 -45.515 -24.676
v 58.868 -46.670 -25.201
v 58.911 -46.810 -22.432
v 58.826 -47.165 -24.377
v 58.868 -47.238 -24.238
v 58.866 -46.565 -25.370
v 58.333 -47.197 -24.322
v 58.334 -47.247 -24.220
v 58.348 -47.255 -24.230
v 58.190 -46.586 -25.336
v 58.161 -46.658 -25.231
v 58.303 -44.588 -24.185
v 58.256 -44.528 -24.174
v 58.155 -44.233 -24.674
v 58.183 -46.323 -25.791
v 57.949 -43.949 -25.166
v 57.427 -43.466 -26.021
v 56.879 -43.297 -26.294
v 57.086 -45.474 -27.268
v 56.368 -43.142 -26.563
v 56.333 -45.271 -27.621
v 55.833 -43.080 -26.670
v 55.266 -43.053 -26.718
v 55.266 -45.136 -27.844
v 55.760 -45.146 -27.805
v 52.230 -43.062 -26.888
v 52.166 -45.134 -27.846
v 52.161 -45.154 -27.839
v 52.211 -45.068 -27.967
v 52.223 -43.019 -26.825
v 52.208 -44.755 -28.511
v 52.147 -43.606 -27.828
v 52.030 -44.738 -28.542
v 49.787 -44.751 -28.517
v 49.751 -43.660 -27.912
v 52.185 -43.659 -27.916
v 49.746 -45.115 -27.886
v 49.684 -45.136 -27.845
v 49.687 -45.155 -27.838
v 49.679 -43.012 -26.787
v 49.713 -43.604 -27.826
v 49.611 -43.021 -26.837
v 49.623 -43.062 -26.885
v 47.086 -45.134 -27.846
v 47.150 -43.062 -26.888
v 47.081 -45.154 -27.839
v 47.119 -45.071 -27.963
v 47.143 -43.019 -26.825
v 47.100 -44.755 -28.511
v 46.174 -45.025 -28.084
v 45.938 -45.026 -28.084
v 46.941 -44.740 -28.539
v 46.286 -44.831 -28.415
v 46.139 -44.783 -28.504
v 45.987 -44.781 -28.507
v 45.843 -44.828 -28.426
v 47.104 -43.636 -27.918
v 35.704 -42.524 -29.876
v 34.933 -42.352 -30.153
v 34.341 -43.409 -30.832
v 34.400 -43.387 -30.880
v 35.658 -43.614 -30.482
v 34.358 -43.423 -30.838
v 34.342 -44.116 -29.604
v 34.373 -44.139 -29.581
v 35.548 -43.598 -30.534
v 35.157 -44.244 -29.378
v 35.110 -44.266 -29.370
v 35.137 -43.200 -28.706
v 34.382 -43.122 -28.839
v 34.342 -43.101 -28.861
v 35.367 -42.988 -29.052
v 34.337 -43.049 -28.915
v 34.338 -43.186 -28.742
v 34.337 -44.624 -28.758
v 34.337 -44.289 -29.338
v 34.344 -44.276 -29.361
v 34.395 -44.257 -29.394
v 36.305 -44.651 -28.712
v 36.322 -44.602 -28.796
v 36.427 -43.504 -28.181
v 36.414 -43.583 -28.046
v 36.131 -43.414 -28.314
v 36.460 -43.515 -28.159
v 36.472 -43.548 -28.101
v 42.042 -43.658 -27.918
v 39.572 -43.658 -27.918
v 39.424 -43.637 -27.922
v 39.430 -43.010 -26.805
v 39.440 -43.627 -27.849
v 39.421 -43.658 -27.919
v 39.381 -45.031 -28.032
v 39.338 -44.730 -28.555
v 37.085 -45.038 -28.024
v 37.064 -43.016 -26.781
v 37.072 -43.653 -27.949
v 37.099 -44.690 -28.624
v 37.012 -43.626 -27.849
v 37.089 -43.595 -28.021
v 38.236 -43.601 -27.990
v 44.652 -43.658 -27.918
v 44.509 -43.636 -27.918
v 47.124 -43.658 -27.919
v 52.187 -43.637 -27.913
v 49.736 -43.638 -27.909
v 49.588 -43.636 -27.920
v 33.929 -40.727 -27.088
v 33.928 -40.757 -27.388
v 33.928 -40.470 -27.503
v 33.929 -40.294 -27.344
v 33.928 -40.302 -27.150
v 33.928 -40.488 -27.014
v 33.929 -41.719 -27.655
v 33.928 -41.885 -27.794
v 33.929 -41.891 -27.970
v 33.924 -41.758 -28.115
v 33.931 -41.644 -28.161
v 33.929 -41.443 -28.045
v 33.928 -41.438 -27.738
v 33.952 -41.370 -28.364
v 32.738 -61.803 4.776
v 32.710 -61.465 4.776
v 32.401 -61.388 4.801
v 32.098 -61.463 4.775
v 32.076 -61.809 4.776
v 32.078 -62.101 4.773
v 32.075 -62.454 4.778
v 32.404 -62.475 4.776
v 32.734 -62.452 4.778
v 32.713 -62.111 4.773
v 32.407 -61.329 4.797
v 8.998 -56.169 -8.784
v 8.673 -56.163 -8.793
v 8.542 -56.233 -8.653
v 9.101 -56.245 -8.634
v 25.875 -61.629 0.681
v 25.337 -61.590 0.610
v 25.333 -61.630 0.676
v 25.340 -61.656 0.726
v 39.480 -61.632 0.679
v 39.470 -61.584 0.598
v 38.937 -61.627 0.679
v 56.251 -56.256 -8.660
v 56.123 -56.155 -8.809
v 55.812 -56.170 -8.782
v 55.711 -56.245 -8.634
v 56.261 -56.229 -8.669
v 6.496 -47.926 -23.018
v 5.932 -47.925 -23.020
v 5.849 -46.838 -22.383
v 5.891 -48.014 -20.371
v 5.849 -47.984 -20.399
v 6.571 -45.870 -21.838
v 6.530 -49.047 -21.052
v 6.493 -49.080 -21.020
v 5.935 -49.081 -21.018
v 5.895 -49.047 -21.052
v 5.929 -50.550 -15.835
v 6.506 -49.698 -15.333
v 6.490 -51.730 -16.427
v 5.938 -51.729 -16.429
v 5.849 -50.648 -15.784
v 5.892 -51.824 -13.771
v 5.849 -51.794 -13.800
v 6.571 -49.680 -15.239
v 6.515 -51.758 -16.392
v 6.494 -52.889 -14.422
v 6.569 -50.842 -13.226
v 5.934 -52.890 -14.420
v 5.911 -51.759 -16.393
v 58.359 -52.903 -14.402
v 58.878 -52.890 -14.420
v 58.923 -51.824 -13.775
v 58.958 -51.794 -13.802
v 58.958 -50.649 -15.784
v 58.310 -52.886 -14.426
v 58.243 -50.841 -13.227
v 58.313 -51.731 -16.423
v 58.242 -49.678 -15.243
v 58.307 -49.699 -15.334
v 58.298 -51.758 -16.392
v 58.874 -51.729 -16.429
v 58.359 -51.724 -16.443
v 58.883 -50.550 -15.835
v 58.903 -51.759 -16.392
v 58.359 -49.093 -21.001
v 58.877 -49.081 -21.018
v 58.924 -48.013 -20.374
v 58.958 -47.984 -20.401
v 58.958 -46.839 -22.383
v 58.918 -49.047 -21.052
v 58.311 -49.077 -21.024
v 58.282 -49.047 -21.052
v 58.309 -47.929 -23.013
v 58.242 -45.868 -21.842
v 58.880 -47.925 -23.020
v 58.359 -47.914 -23.043
v 52.354 -45.046 -28.010
v 54.690 -43.021 -26.838
v 54.621 -45.031 -28.032
v 54.622 -44.751 -28.517
v 54.661 -43.658 -27.919
v 54.702 -43.063 -26.907
v 54.680 -43.627 -27.849
v 54.668 -43.636 -27.919
v 54.801 -43.636 -27.916
v 54.770 -43.064 -26.907
v 54.781 -43.021 -26.839
v 54.792 -43.626 -27.849
v 54.811 -43.658 -27.920
v 54.854 -45.032 -28.031
v 55.266 -43.652 -27.953
v 55.266 -43.017 -26.780
v 55.266 -45.045 -28.010
v 55.767 -43.038 -26.743
v 56.121 -45.107 -27.903
v 56.369 -45.147 -27.803
v 56.902 -43.262 -26.355
v 56.978 -45.309 -27.555
v 56.577 -45.194 -27.751
v 57.402 -43.475 -26.105
v 57.340 -45.438 -27.326
v 56.996 -45.317 -27.534
v 55.643 -45.057 -27.989
v 55.772 -45.062 -27.950
v 57.733 -45.243 -27.670
v 57.415 -45.095 -27.931
v 57.031 -44.968 -28.146
v 56.584 -44.865 -28.329
v 56.109 -44.803 -28.449
v 57.453 -45.089 -27.916
v 56.594 -44.845 -28.328
v 57.282 -43.958 -27.422
v 57.064 -43.872 -27.545
v 56.130 -43.685 -27.865
v 55.883 -43.682 -27.900
v 57.488 -44.006 -27.308
v 55.632 -43.657 -27.935
v 57.073 -43.854 -27.552
v 55.633 -43.635 -27.939
v 57.896 -44.201 -26.935
v 57.455 -43.523 -26.112
v 57.504 -45.520 -27.185
v 57.901 -45.322 -27.528
v 58.264 -44.408 -26.615
v 58.563 -44.654 -26.186
v 58.783 -44.929 -25.710
v 58.909 -45.212 -25.223
v 58.891 -45.437 -24.727
v 58.958 -45.441 -24.806
v 58.029 -43.953 -25.159
v 57.980 -45.889 -26.548
v 58.059 -45.988 -26.347
v 58.155 -46.108 -26.169
v 57.738 -45.686 -26.897
v 57.765 -45.703 -26.865
v 58.295 -46.524 -25.456
v 58.356 -46.553 -25.398
v 58.905 -46.521 -25.458
v 58.240 -45.505 -27.210
v 58.743 -46.016 -26.329
v 58.868 -46.289 -25.853
v 58.645 -45.867 -26.556
v 58.536 -45.739 -26.790
v 49.581 -43.658 -27.919
v 49.600 -43.627 -27.849
v 49.541 -45.031 -28.032
v 49.542 -44.751 -28.517
v 47.253 -43.632 -27.954
v 47.253 -43.652 -27.953
v 47.269 -45.045 -28.011
v 47.268 -44.738 -28.542
v 47.172 -43.626 -27.849
v 44.529 -43.020 -26.836
v 44.520 -43.627 -27.849
v 44.501 -43.658 -27.919
v 44.461 -45.031 -28.032
v 44.462 -44.751 -28.517
v 42.166 -43.631 -27.954
v 42.163 -43.652 -27.952
v 42.178 -45.043 -28.016
v 42.153 -43.017 -26.780
v 42.092 -43.626 -27.849
v 27.737 -43.653 -27.950
v 27.719 -43.597 -28.018
v 27.708 -44.680 -28.641
v 25.391 -43.658 -27.920
v 25.472 -44.730 -28.553
v 27.720 -45.041 -28.017
v 27.741 -43.017 -26.780
v 25.430 -45.030 -28.035
v 25.366 -43.019 -26.832
v 25.372 -43.626 -27.849
v 26.577 -43.601 -27.990
v 22.640 -43.632 -27.954
v 22.640 -43.652 -27.953
v 20.311 -43.658 -27.920
v 22.631 -45.043 -28.012
v 20.355 -45.032 -28.031
v 20.353 -44.750 -28.519
v 20.292 -43.626 -27.849
v 15.231 -43.658 -27.920
v 17.541 -44.740 -28.542
v 17.541 -45.045 -28.013
v 15.275 -45.032 -28.031
v 15.273 -44.750 -28.519
v 15.212 -43.626 -27.849
v 10.192 -45.031 -28.032
v 10.116 -43.022 -26.841
v 10.151 -43.658 -27.919
v 10.190 -44.751 -28.517
v 10.101 -43.063 -26.910
v 10.132 -43.626 -27.849
v 10.144 -43.636 -27.918
v 10.011 -43.636 -27.918
v 10.029 -43.020 -26.836
v 10.040 -43.064 -26.904
v 10.020 -43.627 -27.849
v 10.001 -43.658 -27.920
v 9.958 -45.032 -28.031
v 9.963 -44.751 -28.517
v 9.546 -43.652 -27.953
v 9.546 -43.017 -26.780
v 9.546 -45.045 -28.010
v 7.910 -43.262 -26.355
v 8.236 -45.194 -27.751
v 8.443 -45.147 -27.803
v 9.046 -43.038 -26.743
v 9.040 -45.062 -27.950
v 8.692 -45.107 -27.903
v 9.170 -45.057 -27.989
v 7.401 -43.484 -26.106
v 7.817 -45.317 -27.534
v 7.834 -45.309 -27.555
v 7.472 -45.438 -27.327
v 7.076 -45.240 -27.670
v 7.382 -45.092 -27.925
v 8.229 -44.865 -28.329
v 7.781 -44.968 -28.146
v 8.703 -44.803 -28.449
v 8.218 -44.845 -28.328
v 8.929 -43.682 -27.900
v 8.683 -43.685 -27.865
v 7.748 -43.872 -27.545
v 7.530 -43.958 -27.422
v 9.181 -43.657 -27.935
v 7.324 -44.006 -27.308
v 9.179 -43.635 -27.939
v 7.740 -43.854 -27.552
v 6.909 -44.203 -26.935
v 7.309 -45.520 -27.184
v 6.911 -45.322 -27.528
v 5.913 -45.437 -24.738
v 5.904 -45.212 -25.223
v 6.029 -44.929 -25.710
v 6.250 -44.654 -26.186
v 6.549 -44.408 -26.615
v 5.849 -45.442 -24.801
v 6.783 -43.953 -25.159
v 6.657 -46.108 -26.169
v 7.035 -45.715 -26.820
v 6.832 -45.889 -26.548
v 7.073 -45.687 -26.899
v 6.518 -46.523 -25.456
v 5.908 -46.521 -25.458
v 6.573 -45.505 -27.210
v 5.944 -46.289 -25.853
v 6.070 -46.016 -26.329
v 6.168 -45.867 -26.556
v 6.277 -45.739 -26.790
v 5.849 -53.188 -11.385
v 5.865 -53.413 -11.017
v 6.665 -54.953 -10.845
v 6.721 -52.907 -9.650
v 6.893 -55.252 -10.326
v 5.905 -54.495 -11.641
v 6.326 -55.311 -10.227
v 5.925 -54.689 -11.303
v 5.999 -54.908 -10.927
v 6.126 -55.119 -10.558
v 5.887 -53.613 -10.672
v 5.962 -53.835 -10.284
v 6.094 -54.053 -9.909
v 6.300 -54.252 -9.566
v 6.902 -53.197 -9.205
v 6.842 -53.258 -9.262
v 6.359 -54.281 -9.478
v 6.875 -53.273 -9.211
v 6.458 -55.395 -10.088
v 6.602 -54.518 -9.103
v 6.884 -54.685 -8.812
v 7.206 -54.834 -8.556
v 7.583 -54.948 -8.358
v 7.267 -53.369 -8.849
v 7.219 -55.446 -9.990
v 7.534 -55.623 -9.685
v 7.579 -53.557 -8.523
v 7.873 -55.771 -9.430
v 7.940 -53.798 -8.253
v 6.720 -55.643 -9.650
v 7.123 -55.854 -9.285
v 7.994 -53.728 -8.243
v 7.714 -54.979 -8.278
v 8.129 -55.745 -9.474
v 7.787 -56.047 -8.958
v 7.788 -56.074 -8.905
v 9.701 -56.682 -7.854
v 9.719 -55.628 -7.169
v 9.863 -56.716 -7.793
v 7.642 -53.537 -8.558
v 7.731 -55.556 -9.804
v 7.432 -55.395 -10.086
v 7.188 -55.221 -10.373
v 7.058 -53.164 -9.204
v 9.735 -55.630 -7.148
v 9.764 -55.569 -7.166
v 10.187 -56.488 -8.186
v 9.819 -55.615 -7.119
v 7.152 -54.660 -10.117
v 7.494 -53.282 -9.000
v 7.448 -55.342 -10.145
v 8.118 -53.560 -8.519
v 8.082 -55.638 -9.655
v 33.388 -60.977 4.327
v 33.501 -63.076 3.221
v 33.417 -63.067 3.203
v 33.037 -63.121 3.300
v 32.406 -61.071 4.490
v 32.627 -63.142 3.356
v 32.406 -63.138 3.358
v 31.776 -63.121 3.300
v 32.186 -63.142 3.356
v 31.425 -60.977 4.327
v 31.386 -63.076 3.227
v 31.309 -63.074 3.217
v 32.764 -63.289 3.591
v 32.048 -63.289 3.591
v 56.730 -55.638 -9.655
v 56.695 -53.560 -8.519
v 57.380 -55.394 -10.087
v 57.319 -53.282 -9.000
v 57.081 -55.556 -9.805
v 57.364 -55.342 -10.145
v 57.626 -55.220 -10.374
v 57.661 -54.657 -10.115
v 57.905 -53.195 -9.205
v 57.744 -53.142 -9.243
v 57.171 -53.537 -8.558
v 57.546 -53.369 -8.849
v 57.593 -55.446 -9.990
v 56.789 -53.717 -8.247
v 56.684 -55.744 -9.476
v 57.025 -56.048 -8.957
v 57.097 -54.980 -8.278
v 57.024 -56.074 -8.904
v 55.105 -56.680 -7.855
v 55.090 -55.627 -7.168
v 54.622 -56.490 -8.183
v 54.644 -56.387 -8.367
v 54.650 -54.414 -7.045
v 55.045 -55.557 -7.161
v 52.458 -57.119 -7.088
v 52.520 -55.041 -5.952
v 52.419 -57.087 -7.163
v 52.571 -55.135 -5.879
v 52.510 -55.046 -5.945
v 52.490 -57.153 -7.046
v 52.840 -57.395 -6.618
v 52.817 -56.347 -5.909
v 52.752 -57.439 -6.532
v 52.727 -57.458 -6.515
v 10.169 -56.387 -8.367
v 10.163 -54.414 -7.044
v 12.338 -57.120 -7.087
v 12.292 -55.041 -5.952
v 12.393 -57.087 -7.163
v 12.302 -55.045 -5.946
v 12.242 -55.136 -5.879
v 12.229 -57.158 -7.035
v 11.957 -57.393 -6.622
v 9.851 -55.677 -7.088
v 11.995 -56.346 -5.909
v 12.060 -57.439 -6.531
v 12.086 -57.458 -6.515
v 11.883 -56.309 -5.975
v 13.937 -56.996 -4.806
v 13.810 -58.005 -5.593
v 14.020 -56.990 -4.793
v 14.130 -57.032 -4.723
v 14.433 -55.833 -4.669
v 14.037 -58.018 -5.552
v 14.110 -58.090 -5.419
v 13.942 -58.053 -5.492
v 14.432 -57.759 -5.993
v 13.880 -57.741 -6.046
v 13.995 -57.744 -6.039
v 14.449 -57.746 -5.986
v 16.558 -56.419 -3.566
v 16.681 -58.458 -4.778
v 16.697 -58.496 -4.709
v 16.528 -56.488 -3.505
v 16.360 -58.810 -4.186
v 16.175 -57.682 -3.599
v 16.343 -58.810 -4.145
v 16.365 -58.824 -4.137
v 18.296 -59.424 -3.101
v 18.331 -58.377 -2.404
v 16.312 -57.757 -3.502
v 18.697 -59.128 -3.616
v 18.775 -59.124 -3.622
v 18.777 -57.116 -2.359
v 18.730 -57.117 -2.357
v 18.689 -57.138 -2.321
v 18.373 -58.314 -2.392
v 20.964 -59.827 -2.402
v 20.877 -57.792 -1.189
v 20.871 -57.833 -1.117
v 20.975 -59.847 -2.343
v 20.976 -59.874 -2.325
v 20.991 -59.858 -2.365
v 20.633 -60.177 -1.802
v 20.619 -60.140 -1.845
v 20.561 -59.079 -1.180
v 22.570 -59.725 -0.059
v 20.585 -59.119 -1.131
v 22.938 -60.503 -1.237
v 23.014 -60.488 -1.259
v 22.997 -58.489 0.020
v 25.252 -61.211 -0.007
v 25.092 -59.204 1.221
v 25.254 -61.246 0.051
v 24.912 -61.540 0.561
v 25.139 -59.206 1.261
v 24.820 -60.418 1.180
v 26.811 -62.154 1.625
v 24.842 -60.466 1.203
v 26.984 -62.200 1.706
v 27.278 -61.859 1.114
v 27.260 -59.956 2.435
v 26.894 -61.028 2.322
v 27.311 -59.848 2.373
v 30.829 -63.032 3.144
v 30.824 -60.982 4.338
v 31.260 -61.097 4.536
v 31.859 -61.170 4.662
v 31.751 -63.172 3.387
v 32.407 -63.185 3.406
v 32.953 -61.170 4.662
v 33.061 -63.172 3.387
v 33.552 -61.097 4.536
v 33.989 -60.982 4.338
v 33.983 -63.032 3.144
v 37.553 -59.956 2.435
v 37.541 -61.860 1.116
v 37.501 -59.848 2.373
v 37.817 -62.205 1.715
v 37.995 -62.153 1.623
v 37.919 -61.028 2.323
v 39.901 -61.540 0.561
v 39.967 -60.467 1.202
v 39.560 -61.244 0.052
v 39.560 -61.212 -0.007
v 39.718 -59.205 1.222
v 39.983 -60.428 1.186
v 39.674 -59.206 1.261
v 41.795 -58.483 0.009
v 41.792 -60.487 -1.260
v 41.869 -60.500 -1.240
v 41.855 -58.502 0.041
v 42.245 -59.729 -0.055
v 44.187 -60.180 -1.797
v 44.172 -60.192 -1.750
v 44.229 -59.126 -1.122
v 44.199 -60.143 -1.839
v 43.837 -59.873 -2.325
v 43.837 -59.848 -2.344
v 43.848 -59.827 -2.401
v 43.821 -59.858 -2.364
v 43.936 -57.831 -1.121
v 44.247 -59.063 -1.182
v 43.932 -57.794 -1.184
v 44.031 -57.876 -1.165
v 46.037 -57.114 -2.362
v 46.038 -59.125 -3.627
v 46.113 -59.123 -3.623
v 46.134 -57.139 -2.320
v 46.089 -57.114 -2.362
v 46.487 -59.434 -3.083
v 46.456 -58.319 -2.403
v 48.444 -58.826 -4.137
v 48.441 -58.827 -4.158
v 48.460 -58.816 -4.140
v 48.500 -57.756 -3.498
v 46.472 -58.380 -2.399
v 48.115 -58.495 -4.710
v 48.128 -58.460 -4.778
v 48.153 -58.446 -4.783
v 48.284 -56.488 -3.506
v 48.629 -57.683 -3.595
v 48.262 -56.420 -3.566
v 50.362 -57.746 -5.985
v 50.380 -55.833 -4.669
v 50.381 -57.759 -5.993
v 51.119 -57.926 -5.745
v 50.933 -57.741 -6.046
v 50.817 -57.744 -6.039
v 50.996 -58.007 -5.587
v 50.791 -56.990 -4.792
v 50.777 -58.019 -5.549
v 50.691 -58.093 -5.415
v 50.864 -58.054 -5.489
v 50.871 -56.998 -4.806
v 16.270 -57.713 -3.539
v 18.709 -57.222 -2.291
v 18.420 -58.425 -2.328
v 20.462 -59.053 -1.222
v 20.792 -57.879 -1.137
v 20.549 -59.099 -1.147
v 22.995 -58.577 0.078
v 22.689 -59.762 0.007
v 24.867 -60.487 1.254
v 26.577 -61.035 2.207
v 26.926 -61.116 2.351
v 37.865 -61.124 2.364
v 39.944 -60.487 1.255
v 38.236 -61.035 2.207
v 40.100 -60.412 1.130
v 41.855 -58.566 0.065
v 41.812 -58.579 0.080
v 42.124 -59.763 0.005
v 44.334 -59.058 -1.214
v 44.262 -59.106 -1.138
v 44.017 -57.878 -1.135
v 46.102 -57.224 -2.291
v 46.384 -58.430 -2.323
v 48.542 -57.713 -3.541
v 50.683 -57.032 -4.726
v 52.927 -56.305 -5.973
v 54.981 -55.616 -7.113
v 55.076 -55.629 -7.148
v 54.962 -55.674 -7.092
v 27.302 -59.909 2.456
v 27.331 -61.987 1.336
v 28.926 -61.788 3.491
v 29.275 -62.604 2.404
v 29.383 -60.628 3.612
v 29.248 -62.601 2.378
v 27.053 -62.251 1.779
v 28.928 -62.845 2.832
v 29.447 -62.667 2.515
v 28.936 -62.852 2.821
v 29.133 -62.899 2.913
v 29.005 -62.840 2.819
v 29.052 -61.796 3.528
v 30.444 -63.332 3.668
v 30.452 -63.336 3.651
v 30.454 -63.334 3.649
v 30.914 -62.400 4.538
v 31.432 -62.490 4.708
v 31.988 -62.552 4.783
v 29.515 -60.586 3.650
v 31.936 -63.414 3.812
v 31.585 -63.254 3.529
v 31.168 -63.178 3.398
v 31.976 -63.353 3.705
v 31.918 -63.457 3.873
v 31.932 -63.517 3.982
v 32.085 -61.288 4.779
v 31.599 -61.176 4.672
v 32.728 -61.288 4.779
v 32.851 -62.052 4.761
v 32.850 -61.925 4.758
v 32.833 -63.350 3.701
v 32.873 -63.407 3.801
v 32.894 -63.457 3.873
v 32.874 -63.524 3.997
v 32.824 -62.551 4.783
v 33.899 -62.400 4.538
v 33.381 -62.490 4.708
v 33.370 -63.554 4.049
v 34.368 -63.333 3.666
v 33.645 -63.178 3.398
v 33.214 -61.176 4.672
v 33.228 -63.254 3.529
v 35.359 -62.666 2.513
v 35.298 -60.586 3.650
v 34.359 -63.334 3.649
v 35.740 -61.803 3.540
v 35.676 -62.897 2.911
v 35.430 -60.628 3.612
v 35.806 -62.840 2.818
v 35.879 -62.844 2.835
v 35.532 -62.609 2.413
v 35.557 -62.591 2.375
v 37.477 -61.987 1.336
v 37.512 -59.909 2.456
v 35.872 -62.852 2.820
v 37.760 -62.251 1.779
v 10.142 -54.508 -7.032
v 11.816 -56.320 -5.981
v 9.905 -56.761 -7.713
v 12.137 -57.123 -7.095
v 11.817 -57.378 -6.647
v 12.145 -57.164 -7.039
v 14.492 -57.884 -5.770
v 14.194 -58.137 -5.328
v 16.434 -58.506 -4.693
v 16.497 -56.574 -3.514
v 18.731 -59.241 -3.394
v 18.467 -59.487 -2.999
v 18.452 -58.445 -2.316
v 18.732 -59.264 -3.389
v 18.479 -59.506 -2.943
v 18.786 -59.261 -3.403
v 18.789 -59.238 -3.409
v 18.786 -57.163 -2.278
v 20.701 -59.842 -2.363
v 20.779 -57.884 -1.162
v 20.693 -59.861 -2.361
v 20.412 -60.110 -1.915
v 20.720 -59.881 -2.312
v 20.721 -59.846 -2.346
v 22.980 -58.651 0.065
v 23.050 -60.619 -1.032
v 22.747 -60.855 -0.625
v 22.720 -59.804 0.062
v 24.989 -61.229 0.021
v 25.044 -59.158 1.177
v 24.693 -61.478 0.454
v 25.003 -61.257 0.075
v 25.062 -59.293 1.224
v 39.747 -59.279 1.226
v 39.754 -59.308 1.222
v 39.809 -61.257 0.075
v 40.116 -61.478 0.454
v 42.090 -59.805 0.062
v 39.821 -61.230 0.024
v 39.764 -59.160 1.182
v 41.758 -60.620 -1.032
v 42.064 -60.857 -0.622
v 41.833 -58.651 0.065
v 44.092 -59.881 -2.312
v 44.397 -60.110 -1.914
v 44.110 -59.841 -2.362
v 44.092 -59.845 -2.347
v 44.118 -59.862 -2.360
v 46.015 -59.239 -3.409
v 46.025 -57.162 -2.279
v 46.015 -59.260 -3.403
v 46.332 -59.507 -2.943
v 46.075 -59.240 -3.398
v 46.075 -59.263 -3.391
v 46.336 -59.496 -2.995
v 48.315 -56.574 -3.514
v 48.379 -58.505 -4.695
v 50.324 -57.884 -5.769
v 50.620 -58.137 -5.329
v 52.660 -57.162 -7.032
v 52.985 -56.322 -5.982
v 52.985 -57.379 -6.646
v 52.669 -57.126 -7.088
v 54.905 -56.763 -7.711
v 54.670 -54.508 -7.032
v 54.910 -56.734 -7.766
v 56.869 -53.784 -8.249
v 57.236 -54.949 -8.359
v 56.940 -55.770 -9.431
v 57.607 -54.834 -8.556
v 57.929 -54.685 -8.812
v 58.210 -54.518 -9.103
v 58.444 -54.292 -9.464
v 57.233 -53.557 -8.523
v 57.278 -55.623 -9.685
v 57.923 -55.250 -10.330
v 58.348 -55.405 -10.084
v 57.690 -55.854 -9.285
v 58.092 -55.643 -9.650
v 57.938 -53.272 -9.211
v 58.519 -54.251 -9.570
v 57.970 -53.258 -9.263
v 58.487 -55.311 -10.227
v 58.942 -53.418 -11.019
v 58.926 -53.613 -10.672
v 58.851 -53.835 -10.284
v 58.718 -54.053 -9.909
v 58.092 -52.907 -9.650
v 58.148 -54.953 -10.845
v 58.359 -54.264 -12.044
v 58.687 -55.119 -10.558
v 58.887 -54.689 -11.303
v 58.813 -54.908 -10.927
v 58.908 -54.495 -11.641
v 31.177 -41.440 -27.753
v 31.173 -40.751 -27.382
v 31.177 -41.879 -27.960
v 31.178 -41.712 -28.121
v 31.181 -40.501 -27.495
v 31.181 -40.743 -27.127
v 31.182 -41.436 -28.018
v 31.181 -40.305 -27.339
v 31.174 -40.311 -27.155
v 31.181 -40.492 -27.027
v 31.178 -41.702 -27.668
v 31.182 -41.873 -27.797
v 30.885 -40.757 -27.388
v 30.884 -40.726 -27.088
v 30.885 -40.486 -27.015
v 30.885 -40.300 -27.151
v 30.884 -40.293 -27.343
v 30.884 -40.469 -27.503
v 30.884 -41.889 -27.974
v 30.884 -41.884 -27.792
v 30.884 -41.719 -27.655
v 30.884 -41.436 -27.741
v 30.884 -41.444 -28.047
v 30.888 -41.749 -28.118
v 30.882 -41.641 -28.161
v 30.858 -41.366 -28.370
v 30.858 -41.915 -28.368
v 30.858 -41.092 -27.894
v 30.858 -42.187 -27.897
v 30.858 -41.365 -27.422
v 30.858 -41.914 -27.421
v 30.506 -41.072 -27.897
v 30.498 -41.355 -28.386
v 30.489 -41.922 -28.387
v 30.506 -41.354 -27.405
v 30.489 -42.207 -27.897
v 30.498 -41.922 -27.403
v 30.858 -40.266 -27.735
v 30.860 -40.812 -27.734
v 30.859 -39.993 -27.261
v 30.861 -41.085 -27.261
v 30.858 -40.265 -26.787
v 30.860 -40.813 -26.787
v 30.520 -40.258 -27.752
v 30.511 -40.822 -27.752
v 30.512 -41.106 -27.267
v 30.856 -41.089 -27.248
v 30.529 -39.973 -27.267
v 30.852 -39.990 -27.249
v 30.508 -41.107 -27.243
v 30.526 -39.972 -27.244
v 30.520 -40.825 -26.770
v 30.529 -40.255 -26.770
v 33.952 -41.913 -27.422
v 33.952 -42.186 -27.894
v 33.955 -41.365 -27.422
v 33.952 -41.912 -28.369
v 33.955 -41.092 -27.894
v 34.307 -41.072 -27.896
v 34.315 -41.354 -28.385
v 34.323 -41.922 -28.387
v 34.307 -41.355 -27.404
v 34.323 -42.207 -27.897
v 34.315 -41.922 -27.403
v 33.952 -40.813 -26.787
v 33.952 -41.085 -27.261
v 33.955 -40.265 -26.787
v 33.952 -40.812 -27.734
v 33.953 -39.993 -27.261
v 33.955 -40.266 -27.735
v 33.957 -41.089 -27.248
v 34.292 -40.824 -26.770
v 34.303 -41.106 -27.243
v 34.300 -41.107 -27.266
v 34.284 -40.257 -26.769
v 34.301 -40.825 -27.750
v 33.960 -39.990 -27.249
v 34.287 -39.972 -27.243
v 34.283 -39.973 -27.266
v 34.293 -40.258 -27.752
v 7.872 -53.164 -10.445
v 7.413 -53.300 -10.212
v 7.419 -53.578 -9.734
v 7.875 -53.710 -9.499
v 8.350 -53.573 -9.737
v 8.350 -53.300 -10.209
v 7.379 -53.051 -9.421
v 7.379 -52.766 -9.915
v 7.874 -53.195 -9.172
v 7.875 -53.164 -10.450
v 56.936 -53.195 -9.172
v 57.430 -53.054 -9.419
v 57.432 -52.766 -9.916
v 25.810 -44.634 -28.718
v 27.726 -44.608 -28.768
v 25.660 -44.263 -29.381
v 25.678 -44.226 -29.427
v 27.253 -43.967 -29.884
v 25.642 -44.237 -29.388
v 25.590 -44.261 -29.360
v 25.451 -44.281 -29.332
v 27.326 -43.936 -29.912
v 27.303 -42.855 -29.305
v 25.959 -43.585 -28.037
v 25.659 -43.125 -28.837
v 25.800 -43.568 -28.069
v 25.529 -43.158 -28.779
v 25.530 -43.184 -28.732
v 26.320 -42.988 -29.052
v 38.986 -44.634 -28.718
v 37.086 -44.607 -28.769
v 39.129 -44.225 -29.431
v 37.547 -43.965 -29.888
v 39.148 -44.261 -29.387
v 39.165 -44.236 -29.397
v 39.203 -44.262 -29.368
v 39.362 -44.281 -29.332
v 37.470 -43.938 -29.914
v 37.516 -42.854 -29.305
v 39.150 -43.138 -28.837
v 39.006 -43.567 -28.070
v 39.274 -43.155 -28.784
v 39.283 -43.184 -28.732
v 38.493 -42.988 -29.052
v 23.505 -43.555 -28.091
v 23.570 -43.586 -28.039
v 23.525 -43.508 -28.171
v 27.421 -42.815 -29.373
v 27.481 -42.988 -29.052
v 29.520 -43.230 -28.655
v 27.888 -43.514 -28.170
v 41.303 -43.558 -28.086
v 41.280 -43.507 -28.175
v 41.236 -43.586 -28.037
v 35.291 -43.229 -28.656
v 37.387 -42.814 -29.375
v 37.331 -42.988 -29.052
v 36.926 -43.514 -28.171
v 23.553 -43.505 -28.184
v 27.455 -42.806 -29.391
v 27.471 -43.911 -29.979
v 27.924 -44.577 -28.818
v 29.480 -44.300 -29.298
v 23.667 -44.637 -28.713
v 23.656 -44.594 -28.791
v 25.703 -44.607 -28.770
v 41.157 -44.594 -28.791
v 41.145 -44.637 -28.713
v 39.109 -44.607 -28.769
v 36.882 -44.579 -28.815
v 35.853 -43.629 -30.450
v 37.332 -43.905 -29.987
v 35.331 -44.300 -29.297
v 27.456 -43.951 -29.922
v 27.444 -43.911 -29.962
v 27.456 -43.944 -29.935
v 29.018 -43.657 -30.429
v 35.788 -43.658 -30.426
v 37.362 -43.915 -29.964
v 5.710 -28.813 1.720
v 5.740 -27.572 2.583
v 5.689 -27.401 2.389
v 6.084 -27.411 2.327
v 5.970 -28.816 1.645
v 5.921 -29.084 1.724
v 5.921 -28.810 1.528
v 5.880 -29.001 1.435
v 5.634 -28.921 1.906
v 5.669 -29.170 1.727
v 5.898 -28.907 1.883
v 5.634 -28.706 1.533
v 5.651 -28.985 1.408
v 5.791 -27.489 2.338
v 5.501 -28.747 1.605
v 5.515 -28.905 1.879
v 5.536 -28.710 1.541
v 5.529 -29.007 1.447
v 5.529 -29.147 1.688
v 32.658 -39.812 16.881
v 32.614 -39.679 16.928
v 32.396 -39.596 16.988
v 32.191 -39.688 16.927
v 32.153 -39.795 16.871
v 32.186 -39.898 16.801
v 32.396 -40.012 16.748
v 32.620 -39.902 16.796
v 33.882 -37.115 17.925
v 33.420 -37.233 18.130
v 32.923 -37.306 18.256
v 31.890 -37.306 18.256
v 31.393 -37.233 18.130
v 30.931 -37.115 17.925
v 32.407 -37.330 18.298
v 32.396 -60.493 4.923
v 32.199 -60.582 4.879
v 32.161 -60.662 4.805
v 32.396 -60.909 4.683
v 32.191 -60.810 4.732
v 32.614 -60.820 4.732
v 32.655 -60.669 4.801
v 32.600 -60.562 4.883
v 8.131 -42.596 -2.005
v 8.097 -36.586 1.393
v 8.058 -48.925 -5.777
v 8.093 -42.913 -2.255
v 8.354 -36.549 1.611
v 8.360 -42.817 -2.000
v 8.337 -49.236 -5.739
v 8.303 -36.645 1.497
v 8.314 -42.673 -1.965
v 8.325 -42.943 -2.114
v 8.308 -48.985 -5.616
v 8.196 -48.904 -5.623
v 8.345 -49.102 -5.623
v 8.320 -36.361 1.684
v 8.114 -49.260 -5.882
v 8.049 -49.153 -5.980
v 8.088 -29.823 5.295
v 8.127 -36.270 1.634
v 8.040 -42.602 -2.177
v 7.921 -48.964 -5.854
v 7.930 -49.113 -5.931
v 8.023 -36.288 1.446
v 7.920 -36.326 1.442
v 7.924 -36.484 1.353
v 7.921 -42.640 -2.203
v 7.923 -42.800 -2.294
v 7.459 -29.566 4.850
v 7.763 -29.701 5.085
v 7.498 -29.549 4.821
v 56.721 -29.819 5.288
v 57.046 -29.697 5.078
v 57.350 -29.562 4.843
v 57.311 -29.545 4.814
v 56.660 -49.265 -5.887
v 56.867 -49.112 -5.984
v 56.760 -49.154 -5.994
v 56.879 -49.109 -5.938
v 56.706 -42.908 -2.268
v 56.876 -48.969 -5.883
v 56.728 -48.903 -5.774
v 56.869 -42.810 -2.293
v 56.875 -42.655 -2.239
v 56.739 -42.587 -2.155
v 56.703 -36.582 1.380
v 56.633 -42.563 -1.996
v 56.871 -36.484 1.329
v 56.876 -36.338 1.410
v 56.745 -36.266 1.437
v 56.673 -36.259 1.623
v 56.592 -48.911 -5.623
v 56.481 -42.938 -2.116
v 56.497 -36.636 1.500
v 56.452 -36.542 1.609
v 56.448 -42.814 -2.007
v 56.493 -48.991 -5.623
v 56.465 -49.218 -5.732
v 56.489 -42.674 -1.974
v 56.468 -49.107 -5.626
v 56.482 -36.367 1.676
v 45.902 -34.716 11.944
v 45.924 -33.366 12.730
v 45.779 -33.475 12.712
v 45.921 -34.589 11.692
v 45.592 -34.628 11.708
v 45.668 -34.863 11.716
v 45.921 -34.806 11.613
v 45.653 -34.704 11.856
v 45.674 -34.972 11.778
v 45.672 -34.955 11.747
v 45.645 -34.643 11.794
v 45.737 -33.422 12.665
v 45.853 -35.090 11.982
v 45.845 -34.845 12.167
v 46.159 -34.744 11.993
v 46.122 -35.004 11.833
v 59.103 -28.813 1.720
v 59.123 -27.401 2.389
v 59.072 -27.572 2.583
v 58.843 -28.817 1.645
v 58.888 -29.080 1.723
v 58.879 -28.831 1.527
v 58.927 -29.004 1.440
v 59.026 -28.706 1.533
v 59.103 -28.984 1.406
v 59.027 -28.921 1.906
v 59.102 -29.170 1.729
v 58.908 -28.905 1.879
v 59.022 -27.489 2.338
v 59.311 -28.747 1.605
v 59.291 -28.907 1.883
v 59.269 -28.709 1.539
v 59.278 -29.151 1.695
v 59.278 -29.004 1.441
v 10.816 -19.593 -14.251
v 10.816 -18.295 -13.495
v 10.813 -18.359 -13.343
v 10.816 -18.430 -13.126
v 10.816 -19.805 -14.000
v 10.769 -19.836 -14.135
v 10.816 -19.951 -14.240
v 10.623 -19.776 -14.171
v 10.995 -19.796 -14.170
v 10.986 -19.780 -14.535
v 11.003 -19.499 -14.412
v 10.620 -19.503 -14.406
v 10.633 -19.789 -14.521
v 10.669 -19.485 -14.437
v 10.748 -19.765 -14.562
v 56.023 -31.392 6.145
v 56.501 -31.428 6.248
v 56.182 -30.156 7.062
v 56.164 -30.094 7.065
v 56.385 -30.037 6.954
v 56.157 -29.848 6.650
v 56.178 -31.302 5.904
v 55.950 -31.300 5.983
v 56.069 -31.520 5.970
v 56.299 -31.532 5.880
v 56.318 -31.278 5.989
v 56.168 -31.759 6.212
v 56.031 -31.657 6.035
v 56.004 -31.333 6.062
v 56.201 -31.535 6.435
v 56.445 -31.709 6.127
v 56.262 -31.534 6.433
v 18.911 -34.716 11.944
v 19.024 -33.481 12.724
v 18.888 -33.366 12.730
v 19.220 -34.628 11.708
v 18.891 -34.589 11.692
v 19.145 -34.863 11.717
v 18.891 -34.806 11.613
v 19.160 -34.704 11.856
v 19.138 -34.972 11.778
v 19.140 -34.955 11.747
v 19.168 -34.643 11.794
v 19.076 -33.422 12.664
v 18.690 -35.004 11.833
v 18.653 -34.744 11.993
v 18.968 -34.845 12.167
v 18.959 -35.090 11.982
v 6.801 -35.404 -0.407
v 6.759 -35.290 -0.234
v 6.846 -35.095 -0.431
v 7.461 -36.069 1.116
v 7.122 -35.835 0.710
v 7.499 -36.346 1.087
v 6.885 -35.682 0.191
v 7.122 -36.055 0.583
v 8.137 -36.437 1.244
v 8.404 -35.665 0.415
v 8.389 -35.873 0.267
v 8.104 -35.378 -0.082
v 8.120 -35.618 -0.175
v 8.322 -35.499 0.127
v 8.325 -35.705 -0.024
v 8.396 -35.681 0.190
v 7.328 -35.375 -0.341
v 6.696 -35.374 -0.597
v 6.853 -35.389 -0.733
v 8.448 -35.921 0.351
v 6.643 -35.425 -0.509
v 7.182 -36.196 0.827
v 6.727 -35.703 -0.028
v 8.010 -35.544 -0.302
v 8.134 -35.572 -0.253
v 6.909 -35.960 0.418
v 7.360 -35.437 -0.488
v 6.681 -35.168 -0.445
v 6.727 -35.483 0.099
v 7.182 -35.976 0.954
v 7.538 -36.183 1.312
v 6.909 -35.740 0.545
v 8.334 -35.443 0.030
v 7.395 -35.129 -0.433
v 7.051 -35.345 -0.759
v 7.051 -35.028 -0.576
v 6.919 -35.565 -0.422
v 6.918 -35.212 -0.217
v 6.803 -35.064 -0.719
v 7.290 -35.579 -0.328
v 7.290 -35.285 -0.158
v 7.397 -35.418 -0.607
v 29.898 -19.599 -14.239
v 29.942 -18.364 -13.368
v 30.152 -18.319 -13.421
v 29.898 -18.422 -13.108
v 30.152 -18.422 -13.108
v 30.152 -19.820 -14.000
v 29.898 -19.820 -14.000
v 29.903 -19.807 -14.110
v 29.945 -19.956 -14.231
v 29.830 -19.787 -14.165
v 30.168 -19.954 -14.234
v 30.189 -19.785 -14.528
v 30.211 -19.506 -14.401
v 29.823 -19.513 -14.389
v 29.842 -19.796 -14.509
v 29.870 -19.493 -14.423
v 29.914 -19.772 -14.549
v 32.649 -36.507 17.954
v 32.598 -36.425 17.851
v 32.393 -36.399 17.780
v 32.168 -36.504 17.944
v 32.204 -36.419 17.865
v 32.196 -36.583 18.109
v 32.393 -36.637 18.192
v 32.606 -36.594 18.117
v 36.454 -18.398 -13.398
v 54.993 -18.398 -13.398
v 7.684 -28.417 3.971
v 33.982 -18.408 -13.370
v 55.266 -18.381 -13.429
v 58.701 -28.911 4.810
v 57.870 -29.518 5.862
v 49.006 -32.419 10.835
v 38.025 -35.904 16.922
v 36.454 -36.406 17.792
v 33.597 -37.268 19.235
v 33.109 -37.318 19.371
v 31.704 -37.318 19.371
v 31.216 -37.268 19.235
v 26.787 -35.904 16.922
v 18.712 -33.325 12.455
v 13.650 -31.554 9.388
v 6.943 -29.518 5.862
v 6.112 -28.911 4.810
v 5.889 -28.545 4.175
v 5.887 -19.885 -10.824
v 9.546 -18.381 -13.429
v 30.830 -18.408 -13.370
v 30.933 -18.668 -12.931
v 30.868 -18.467 -13.330
v 33.879 -18.668 -12.931
v 33.945 -18.467 -13.330
v 12.361 -19.730 -11.092
v 22.392 -19.730 -11.092
v 38.666 -19.730 -11.092
v 36.454 -19.730 -11.092
v 48.483 -19.730 -11.092
v 42.420 -19.730 -11.092
v 54.993 -19.730 -11.092
v 52.452 -19.730 -11.092
v 8.459 -19.730 -11.092
v 8.459 -25.882 -0.437
v 12.361 -25.882 -0.437
v 16.329 -19.730 -11.092
v 16.329 -25.882 -0.437
v 18.712 -19.730 -11.092
v 18.712 -25.882 -0.437
v 22.392 -25.882 -0.437
v 26.147 -19.730 -11.092
v 26.147 -25.882 -0.437
v 31.216 -19.730 -11.092
v 31.216 -25.882 -0.437
v 33.597 -19.730 -11.092
v 33.597 -25.882 -0.437
v 36.454 -25.882 -0.437
v 38.666 -25.882 -0.437
v 42.420 -25.882 -0.437
v 48.483 -25.882 -0.437
v 52.452 -25.882 -0.437
v 54.993 -25.882 -0.437
v 56.353 -19.730 -11.092
v 56.353 -25.882 -0.437
v 5.887 -25.882 -0.437
v 8.459 -28.061 3.288
v 12.361 -28.061 3.288
v 16.329 -28.061 3.288
v 18.712 -28.061 3.288
v 22.392 -28.061 3.288
v 26.147 -28.061 3.288
v 31.216 -28.061 3.288
v 33.597 -28.061 3.288
v 36.454 -28.061 3.288
v 38.666 -28.061 3.288
v 42.420 -28.061 3.288
v 48.483 -28.061 3.288
v 52.452 -28.061 3.288
v 54.993 -28.061 3.288
v 56.353 -28.061 3.288
v 6.933 -29.341 5.555
v 12.361 -29.341 5.555
v 16.329 -29.341 5.555
v 18.712 -29.341 5.555
v 22.392 -29.341 5.555
v 26.147 -29.341 5.555
v 31.216 -29.341 5.555
v 33.597 -29.341 5.555
v 36.454 -29.341 5.555
v 38.666 -29.341 5.555
v 42.420 -29.341 5.555
v 48.483 -29.341 5.555
v 52.452 -29.341 5.555
v 54.993 -29.341 5.555
v 57.879 -29.341 5.555
v 16.329 -30.764 7.969
v 18.712 -30.764 7.969
v 22.392 -30.764 7.969
v 26.147 -30.764 7.969
v 31.216 -30.764 7.969
v 33.597 -30.764 7.969
v 36.454 -30.764 7.969
v 38.666 -30.764 7.969
v 42.420 -30.764 7.969
v 48.483 -30.764 7.969
v 18.712 -32.419 10.835
v 22.392 -32.419 10.835
v 26.147 -32.419 10.835
v 31.216 -32.419 10.835
v 33.597 -32.419 10.835
v 36.454 -32.419 10.835
v 38.666 -32.419 10.835
v 42.420 -32.419 10.835
v 26.147 -34.265 14.083
v 31.216 -34.265 14.083
v 33.597 -34.265 14.083
v 36.454 -34.265 14.083
v 38.666 -34.265 14.083
v 31.216 -35.904 16.922
v 33.597 -35.904 16.922
v 36.454 -35.904 16.922
v 7.405 -28.593 4.311
v 56.466 -28.593 4.311
v 57.113 -28.398 3.972
v 5.816 -28.018 3.313
v 58.996 -28.018 3.313
v 34.777 -18.347 -13.388
v 26.688 -18.347 -13.388
v 8.459 -18.449 -13.259
v 6.460 -20.832 -9.133
v 6.454 -24.233 -3.241
v 5.816 -20.224 -10.185
v 6.470 -29.217 5.390
v 10.627 -30.720 7.994
v 15.807 -32.375 10.860
v 16.329 -32.458 11.005
v 19.367 -33.130 12.168
v 18.997 -33.130 12.169
v 30.398 -37.036 18.933
v 32.592 -37.219 19.250
v 32.241 -37.034 18.930
v 32.592 -37.043 18.946
v 32.241 -37.228 19.267
v 34.414 -37.036 18.933
v 39.452 -35.228 15.802
v 45.428 -33.140 12.186
v 48.483 -32.458 11.005
v 49.006 -32.375 10.860
v 54.185 -30.720 7.994
v 58.342 -29.217 5.390
v 58.996 -20.224 -10.185
v 56.353 -18.449 -13.259
v 26.147 -32.375 10.860
v 31.216 -32.375 10.860
v 33.597 -32.375 10.860
v 36.454 -32.375 10.860
v 38.666 -32.375 10.860
v 42.420 -32.375 10.860
v 18.712 -32.375 10.860
v 18.712 -30.720 7.994
v 22.392 -32.375 10.860
v 22.392 -30.720 7.994
v 26.147 -30.720 7.994
v 31.216 -30.720 7.994
v 33.597 -30.720 7.994
v 36.454 -30.720 7.994
v 38.666 -30.720 7.994
v 42.420 -30.720 7.994
v 48.483 -30.720 7.994
v 12.361 -30.720 7.994
v 16.329 -30.720 7.994
v 52.452 -30.720 7.994
v 6.933 -28.018 3.313
v 8.459 -28.018 3.313
v 12.361 -28.018 3.313
v 16.329 -28.018 3.313
v 18.712 -28.018 3.313
v 22.392 -28.018 3.313
v 26.147 -28.018 3.313
v 31.216 -28.018 3.313
v 33.597 -28.018 3.313
v 36.454 -28.018 3.313
v 38.666 -28.018 3.313
v 42.420 -28.018 3.313
v 48.483 -28.018 3.313
v 52.452 -28.018 3.313
v 54.993 -28.018 3.313
v 56.353 -28.018 3.313
v 57.879 -28.018 3.313
v 5.887 -28.018 3.313
v 33.676 -8.145 -7.023
v 33.623 -8.322 -7.254
v 33.676 -10.379 -8.380
v 33.627 -8.334 -8.497
v 33.623 -8.269 -8.343
v 33.623 -8.103 -8.765
v 33.620 -8.103 -8.288
v 33.623 -7.907 -8.698
v 33.623 -7.858 -8.498
v 33.623 -8.293 -8.684
v 33.623 -7.933 -8.330
v 33.676 -16.703 -12.031
v 33.627 -11.615 -10.325
v 33.620 -11.402 -10.193
v 33.623 -11.402 -10.670
v 33.623 -11.179 -10.556
v 33.623 -11.616 -10.541
v 33.623 -11.175 -10.327
v 33.597 -21.888 -15.117
v 33.597 -31.786 -20.831
v 33.597 -41.685 -26.546
v 33.597 -7.183 -8.837
v 33.597 -7.113 -9.336
v 33.676 -9.109 -10.580
v 33.676 -15.433 -14.231
v 33.597 -20.697 -17.179
v 33.597 -30.596 -22.894
v 33.597 -40.494 -28.609
v 33.676 -6.909 -9.310
v 33.676 -7.327 -8.966
v 33.623 -9.376 -10.118
v 33.676 -15.687 -13.792
v 33.676 -20.911 -16.808
v 33.597 -30.830 -22.489
v 33.597 -40.728 -28.204
v 31.216 -41.685 -26.546
v 31.216 -43.720 -27.722
v 31.216 -31.786 -20.831
v 31.216 -21.888 -15.117
v 31.136 -16.703 -12.031
v 31.136 -10.379 -8.380
v 31.136 -8.145 -7.023
v 31.136 -9.109 -10.580
v 31.136 -6.909 -9.310
v 31.136 -15.433 -14.231
v 31.216 -20.697 -17.179
v 31.216 -30.596 -22.894
v 31.216 -40.494 -28.609
v 31.216 -42.530 -29.784
v 33.517 -6.989 -9.172
v 33.517 -9.188 -10.442
v 33.517 -15.513 -14.094
v 33.517 -8.100 -7.248
v 33.517 -10.300 -8.518
v 33.517 -16.624 -12.169
v 33.517 -44.945 -28.520
v 33.517 -7.367 -8.897
v 33.517 -15.726 -13.723
v 33.517 -20.951 -16.739
v 31.295 -44.945 -28.520
v 31.295 -8.100 -7.248
v 31.295 -6.989 -9.172
v 31.216 -7.183 -8.837
v 31.295 -10.300 -8.518
v 31.295 -16.624 -12.169
v 31.295 -15.513 -14.094
v 31.295 -9.188 -10.442
v 31.216 -41.630 -28.150
v 31.192 -11.402 -10.193
v 31.185 -11.615 -10.325
v 31.189 -11.402 -10.670
v 31.189 -11.179 -10.556
v 31.189 -11.175 -10.327
v 31.189 -11.616 -10.541
v 31.192 -8.103 -8.288
v 31.189 -8.269 -8.343
v 31.186 -8.334 -8.497
v 31.189 -8.103 -8.765
v 31.189 -7.907 -8.698
v 31.189 -7.858 -8.498
v 31.189 -7.933 -8.330
v 31.189 -8.293 -8.684
v 31.136 -42.744 -29.413
v 31.216 -40.728 -28.204
v 31.216 -30.830 -22.489
v 31.136 -20.911 -16.808
v 31.136 -15.687 -13.792
v 31.189 -9.376 -10.118
v 31.295 -42.783 -29.344
v 31.295 -20.951 -16.739
v 31.295 -15.726 -13.723
v 8.059 -30.168 3.035
v 8.010 -30.133 2.974
v 7.741 -30.165 3.030
v 7.548 -30.175 3.048
v 8.038 -30.552 3.700
v 7.548 -30.529 3.661
v 8.010 -53.229 -10.361
v 8.295 -53.449 -9.980
v 57.954 -41.724 -4.052
v 57.945 -41.725 -4.295
v 57.880 -41.467 -4.008
v 57.728 -41.685 -4.270
v 57.746 -41.489 -4.102
v 57.307 -42.581 -2.719
v 56.882 -42.787 -2.362
v 57.630 -42.341 -3.134
v 57.307 -42.361 -2.592
v 57.927 -42.028 -3.676
v 57.630 -42.121 -3.007
v 57.850 -41.854 -3.469
v 56.681 -42.773 -2.387
v 56.641 -42.739 -2.445
v 56.339 -42.192 -3.393
v 56.347 -42.003 -3.212
v 56.659 -41.895 -3.906
v 56.632 -41.690 -3.754
v 56.552 -41.953 -3.806
v 56.383 -42.027 -3.678
v 56.451 -41.741 -3.666
v 56.347 -41.948 -3.408
v 56.376 -41.818 -3.532
v 57.426 -41.610 -3.901
v 57.987 -41.363 -4.286
v 58.058 -41.414 -4.056
v 57.661 -41.312 -4.265
v 58.058 -41.350 -4.311
v 57.238 -42.585 -2.458
v 57.580 -42.263 -2.762
v 58.003 -41.762 -3.629
v 56.710 -41.735 -3.930
v 57.838 -42.022 -3.178
v 57.345 -41.451 -4.062
v 58.059 -41.754 -4.314
v 57.580 -42.483 -2.889
v 57.838 -42.242 -3.305
v 56.481 -41.917 -3.869
v 57.314 -41.710 -4.309
v 57.658 -41.656 -4.474
v 57.794 -41.853 -4.161
v 57.800 -41.852 -4.142
v 57.429 -41.870 -4.042
v 57.307 -41.420 -4.166
v 25.086 -36.843 15.507
v 25.551 -36.805 15.470
v 25.428 -35.461 16.350
v 25.241 -35.416 16.169
v 25.401 -35.222 15.992
v 25.473 -36.682 15.222
v 25.545 -36.920 15.288
v 25.263 -36.929 15.185
v 25.587 -36.729 15.429
v 25.286 -36.654 15.266
v 25.252 -36.712 15.400
v 25.401 -36.896 15.719
v 25.393 -37.141 15.535
v 25.340 -36.897 15.722
v 25.176 -37.090 15.446
v 6.818 -47.955 -7.631
v 6.907 -48.209 -7.717
v 6.839 -48.088 -7.897
v 6.837 -47.781 -7.623
v 7.461 -48.718 -6.187
v 7.915 -49.140 -5.963
v 7.122 -48.594 -6.655
v 7.461 -48.938 -6.314
v 6.885 -48.220 -7.048
v 6.885 -48.440 -7.175
v 8.398 -48.344 -6.834
v 8.404 -48.533 -7.014
v 8.122 -48.037 -7.366
v 8.089 -48.236 -7.530
v 8.330 -48.121 -7.221
v 8.175 -48.298 -7.421
v 8.384 -48.235 -7.023
v 8.348 -48.382 -7.276
v 7.295 -47.944 -7.482
v 6.681 -48.036 -7.875
v 7.538 -49.051 -6.118
v 7.182 -48.844 -6.476
v 6.727 -48.351 -7.330
v 6.909 -48.608 -6.885
v 7.395 -48.067 -7.902
v 6.857 -47.662 -7.876
v 6.707 -47.795 -7.784
v 6.648 -47.836 -7.714
v 6.642 -47.861 -7.670
v 6.727 -48.131 -7.203
v 7.182 -48.624 -6.349
v 7.538 -48.831 -5.991
v 6.909 -48.388 -6.758
v 8.010 -47.973 -7.477
v 7.360 -47.865 -7.663
v 7.051 -47.994 -8.061
v 7.051 -47.676 -7.878
v 6.849 -47.984 -8.095
v 6.928 -48.213 -7.759
v 7.290 -48.227 -7.630
v 7.394 -47.766 -7.725
v 7.402 -47.779 -7.761
v 59.052 -22.239 -9.668
v 59.103 -22.278 -10.108
v 59.075 -20.768 -9.180
v 59.046 -20.927 -9.023
v 59.139 -20.866 -8.942
v 59.096 -20.839 -8.928
v 58.775 -20.836 -8.926
v 58.871 -22.196 -10.020
v 58.863 -22.254 -9.714
v 58.899 -22.435 -9.828
v 58.916 -22.454 -9.905
v 59.026 -22.038 -10.015
v 58.925 -22.044 -10.005
v 59.102 -22.503 -9.820
v 59.292 -22.216 -10.049
v 59.293 -22.238 -9.669
v 59.273 -22.042 -10.008
v 59.289 -22.454 -9.904
v 59.268 -22.492 -9.838
v 34.778 -19.599 -14.239
v 34.778 -18.422 -13.108
v 34.778 -19.820 -14.000
v 34.821 -19.816 -14.110
v 34.836 -19.956 -14.231
v 34.631 -19.953 -14.236
v 34.972 -19.787 -14.165
v 34.961 -19.796 -14.508
v 34.980 -19.513 -14.389
v 34.591 -19.506 -14.400
v 34.608 -19.787 -14.524
v 34.932 -19.493 -14.423
v 34.846 -19.772 -14.550
v 14.425 -23.992 -15.526
v 14.694 -24.017 -15.540
v 14.694 -23.992 -15.584
v 14.425 -23.967 -15.570
v 14.242 -23.899 -15.501
v 14.074 -23.715 -15.395
v 14.007 -23.380 -15.187
v 13.992 -23.478 -15.288
v 14.123 -23.135 -15.066
v 14.299 -22.990 -14.976
v 14.424 -22.953 -14.926
v 14.626 -22.927 -14.911
v 14.424 -22.927 -14.970
v 14.694 -22.910 -14.960
v 14.829 -22.953 -14.926
v 15.008 -23.026 -14.997
v 15.173 -23.183 -15.098
v 15.246 -23.380 -15.187
v 15.213 -23.664 -15.365
v 15.260 -23.478 -15.288
v 15.110 -23.817 -15.454
v 14.971 -23.924 -15.506
v 14.893 -23.948 -15.559
v 55.266 -19.324 -12.889
v 9.546 -19.324 -12.889
v 50.051 -22.915 -14.962
v 50.322 -22.915 -14.962
v 49.552 -23.478 -15.288
v 49.600 -23.664 -15.365
v 49.596 -23.245 -15.153
v 49.567 -23.380 -15.187
v 50.118 -23.992 -15.584
v 50.388 -23.967 -15.570
v 49.920 -23.948 -15.559
v 49.702 -23.817 -15.454
v 49.756 -23.068 -15.022
v 50.570 -23.899 -15.501
v 50.739 -23.715 -15.395
v 49.841 -23.924 -15.506
v 50.514 -22.990 -14.976
v 50.689 -23.135 -15.066
v 50.820 -23.478 -15.288
v 50.806 -23.380 -15.187
v 50.118 -24.017 -15.540
v 49.983 -22.953 -14.926
v 50.118 -22.927 -14.911
v 50.255 -22.927 -14.911
v 50.389 -22.953 -14.926
v 50.388 -23.992 -15.526
v 6.780 -20.720 -10.472
v 6.833 -20.450 -10.939
v 6.991 -20.191 -11.388
v 7.225 -19.944 -11.815
v 7.590 -19.742 -12.166
v 8.009 -19.570 -12.463
v 8.488 -19.442 -12.685
v 9.007 -19.363 -12.821
v 58.058 -20.720 -10.472
v 57.979 -20.450 -10.939
v 57.822 -20.191 -11.388
v 57.587 -19.944 -11.815
v 57.222 -19.742 -12.166
v 56.803 -19.570 -12.463
v 56.325 -19.442 -12.685
v 55.806 -19.363 -12.821
v 7.267 -19.959 -11.790
v 57.545 -19.959 -11.790
v 58.007 -20.720 -10.472
v 6.846 -41.459 -3.996
v 6.871 -41.740 -4.332
v 6.783 -41.486 -4.476
v 6.780 -47.763 -8.105
v 6.852 -41.343 -4.268
v 6.780 -41.611 -4.477
v 6.780 -28.659 3.279
v 6.799 -41.681 -4.008
v 6.978 -29.174 4.154
v 6.810 -28.860 3.627
v 7.017 -29.308 4.227
v 7.008 -55.016 -10.653
v 7.063 -54.983 -10.588
v 57.799 -55.015 -10.648
v 58.058 -28.659 3.279
v 58.007 -28.659 3.279
v 58.002 -28.860 3.627
v 57.834 -29.174 4.154
v 57.787 -29.307 4.227
v 57.746 -54.962 -10.566
v 58.058 -47.740 -7.690
v 58.052 -41.708 -4.047
v 58.058 -35.088 -0.421
v 58.052 -35.416 -0.422
v 57.920 -35.445 -0.442
v 58.059 -35.397 -0.710
v 58.051 -47.980 -7.662
v 57.994 -47.978 -7.656
v 58.058 -48.094 -7.909
v 57.949 -48.052 -7.909
v 57.873 -47.801 -7.635
v 57.958 -35.374 -0.696
v 57.898 -35.140 -0.368
v 58.058 -47.666 -7.898
v 58.058 -47.774 -8.105
v 58.058 -35.080 -0.741
v 58.058 -41.611 -4.471
v 58.058 -41.481 -4.469
v 58.058 -47.971 -8.105
v 57.963 -47.695 -7.872
v 58.007 -41.469 -4.476
v 58.007 -41.611 -4.480
v 58.007 -47.760 -8.108
v 57.989 -35.080 -0.706
v 58.007 -47.971 -8.113
v 7.461 -42.394 -2.536
v 7.152 -42.230 -2.819
v 7.461 -42.613 -2.663
v 6.885 -42.006 -3.461
v 7.122 -42.379 -3.068
v 8.126 -42.776 -2.382
v 8.398 -42.020 -3.182
v 8.404 -42.209 -3.363
v 8.104 -41.702 -3.733
v 8.040 -41.894 -3.909
v 8.167 -41.950 -3.811
v 8.293 -41.782 -3.595
v 8.356 -41.836 -3.501
v 8.325 -42.029 -3.675
v 8.400 -41.990 -3.404
v 7.328 -41.699 -3.991
v 6.687 -41.705 -4.236
v 6.642 -41.757 -4.146
v 7.538 -42.727 -2.466
v 7.182 -42.520 -2.825
v 6.727 -42.027 -3.679
v 6.909 -42.284 -3.234
v 7.360 -41.761 -4.139
v 6.749 -41.457 -4.157
v 6.670 -41.498 -4.086
v 6.727 -41.807 -3.552
v 7.538 -42.507 -2.339
v 6.909 -42.064 -3.107
v 7.395 -41.453 -4.084
v 7.051 -41.670 -4.410
v 7.051 -41.352 -4.227
v 6.918 -41.888 -4.072
v 7.290 -41.903 -3.979
v 7.290 -41.609 -3.809
v 7.397 -41.742 -4.259
v 5.661 -22.278 -10.107
v 5.659 -22.239 -9.668
v 5.766 -20.927 -9.023
v 5.737 -20.768 -9.180
v 5.673 -20.866 -8.942
v 5.716 -20.839 -8.928
v 6.037 -20.836 -8.926
v 5.943 -22.254 -9.709
v 5.936 -22.203 -10.027
v 5.907 -22.441 -9.828
v 5.897 -22.454 -9.904
v 5.669 -22.502 -9.821
v 5.634 -22.038 -10.015
v 5.880 -22.042 -10.008
v 5.513 -22.236 -9.673
v 5.515 -22.201 -10.037
v 5.532 -22.044 -10.005
v 5.523 -22.454 -9.905
v 5.537 -22.489 -9.844
v 26.691 -18.422 -13.108
v 26.691 -19.820 -14.000
v 26.717 -19.956 -14.231
v 26.504 -19.779 -14.149
v 26.537 -19.951 -14.239
v 26.882 -19.787 -14.158
v 26.872 -19.794 -14.512
v 26.888 -19.510 -14.394
v 26.501 -19.507 -14.399
v 26.516 -19.790 -14.518
v 26.767 -19.492 -14.425
v 26.717 -19.771 -14.551
v 57.666 -35.335 -0.799
v 57.728 -35.141 -0.492
v 57.307 -36.257 0.932
v 57.630 -36.017 0.517
v 57.307 -36.037 1.059
v 57.850 -35.750 0.055
v 57.630 -35.797 0.644
v 57.850 -35.530 0.182
v 56.647 -36.422 1.219
v 56.347 -35.899 0.313
v 56.347 -35.679 0.439
v 56.597 -35.612 -0.185
v 56.667 -35.560 -0.275
v 56.648 -35.353 -0.125
v 56.421 -35.668 -0.088
v 56.451 -35.417 -0.014
v 56.342 -35.716 0.214
v 56.348 -35.513 0.152
v 57.421 -35.524 -0.402
v 57.319 -35.104 -0.481
v 57.238 -36.151 1.257
v 57.580 -35.939 0.889
v 58.003 -35.438 0.023
v 57.838 -35.698 0.473
v 58.003 -35.658 -0.104
v 57.580 -36.158 0.762
v 57.238 -36.371 1.130
v 57.838 -35.918 0.346
v 56.710 -35.521 -0.342
v 57.658 -34.980 -0.619
v 57.434 -35.270 -0.214
v 57.425 -35.231 -0.222
v 57.426 -35.551 -0.401
v 57.312 -35.384 -0.665
v 59.052 -25.572 -3.893
v 59.077 -25.518 -4.292
v 59.080 -24.092 -3.400
v 59.072 -24.238 -3.191
v 58.862 -25.461 -4.215
v 58.867 -25.585 -3.937
v 58.896 -25.774 -4.064
v 58.927 -25.670 -4.334
v 59.103 -25.652 -4.365
v 59.102 -25.837 -4.045
v 59.047 -24.178 -3.450
v 59.293 -25.387 -4.214
v 59.293 -25.572 -3.895
v 59.278 -25.817 -4.080
v 59.278 -25.670 -4.334
v 57.728 -48.010 -7.921
v 57.666 -47.647 -7.907
v 57.307 -48.905 -6.370
v 57.630 -48.666 -6.785
v 57.307 -48.685 -6.243
v 57.927 -48.353 -7.327
v 57.630 -48.446 -6.658
v 57.850 -48.178 -7.121
v 56.641 -48.843 -5.969
v 56.339 -48.516 -7.044
v 56.339 -48.265 -6.971
v 56.648 -48.221 -7.555
v 56.646 -48.026 -7.385
v 56.390 -48.334 -7.287
v 56.420 -48.082 -7.287
v 57.319 -48.038 -7.949
v 57.427 -47.896 -7.528
v 57.238 -48.910 -6.108
v 57.580 -48.587 -6.413
v 58.003 -48.087 -7.280
v 56.649 -47.964 -7.492
v 57.838 -48.346 -6.830
v 57.353 -47.831 -7.722
v 57.580 -48.807 -6.540
v 57.838 -48.567 -6.957
v 56.481 -48.241 -7.520
v 57.658 -47.980 -8.125
v 57.798 -48.171 -7.794
v 57.429 -48.192 -7.691
v 57.312 -47.738 -7.798
v 33.866 11.188 3.827
v 33.635 11.213 3.829
v 33.866 11.097 3.537
v 33.651 11.118 3.477
v 33.866 10.809 3.548
v 33.654 10.767 3.461
v 33.866 10.746 3.811
v 33.642 10.710 3.814
v 33.866 10.880 3.969
v 33.645 10.846 4.121
v 33.866 11.015 3.978
v 33.657 11.064 4.041
v 33.676 -6.359 -8.992
v 33.676 15.997 3.915
v 33.676 -1.007 2.188
v 33.676 -0.888 1.982
v 33.676 -3.127 3.393
v 33.676 -1.078 2.415
v 33.676 -1.070 2.888
v 33.676 -1.100 2.652
v 33.676 -0.927 3.213
v 33.676 -0.597 3.548
v 33.676 -0.630 1.739
v 33.676 0.904 5.721
v 33.676 0.198 3.714
v 33.676 -0.040 3.732
v 33.676 -0.275 3.697
v 33.676 0.426 3.647
v 33.676 0.634 3.531
v 33.676 0.953 3.182
v 33.676 0.812 3.374
v 33.676 1.091 2.568
v 33.676 1.049 2.965
v 33.676 2.979 2.887
v 33.676 3.360 2.996
v 33.676 3.686 2.990
v 33.676 0.257 0.222
v 33.676 0.000 0.168
v 33.676 -0.282 0.234
v 33.676 2.012 1.244
v 33.676 2.218 1.678
v 33.676 2.134 1.400
v 33.676 1.905 1.166
v 33.676 -0.652 0.383
v 33.676 2.275 2.072
v 33.676 2.649 2.682
v 33.676 2.465 2.480
v 33.676 2.332 2.250
v 33.676 0.858 1.954
v 33.676 -0.359 1.597
v 33.676 -1.100 0.421
v 33.676 1.036 2.262
v 33.676 -0.079 1.535
v 33.676 0.158 1.544
v 33.676 -1.368 0.363
v 33.676 -0.835 0.421
v 33.676 0.601 1.711
v 33.676 0.389 1.603
v 33.690 -4.008 -4.247
v 33.676 -3.454 -3.304
v 33.705 -4.139 -4.251
v 33.718 -4.875 -5.889
v 33.695 -4.851 -6.006
v 33.676 -5.807 -8.571
v 33.676 -5.983 -8.767
v 33.676 -5.507 -7.914
v 33.676 -10.611 -11.447
v 33.676 -10.820 -11.516
v 33.676 -11.541 -11.532
v 33.676 -11.703 -11.501
v 33.676 -11.978 -11.444
v 33.676 -12.548 -10.564
v 33.676 -12.548 -10.301
v 33.676 -12.480 -10.115
v 33.676 -12.480 -10.750
v 33.676 -12.134 -11.322
v 33.676 -12.212 -11.215
v 33.676 -12.420 -10.010
v 33.676 -12.045 -9.394
v 33.676 -11.881 -9.248
v 33.676 -8.251 -7.135
v 33.676 -7.860 -6.393
v 33.637 -6.198 -6.444
v 33.654 -6.251 -6.065
v 33.676 -7.533 -5.659
v 33.654 -6.630 -6.063
v 33.650 -6.335 -6.657
v 33.653 -6.582 -6.656
v 33.643 -6.689 -6.416
v 33.676 -2.153 -0.381
v 33.651 -4.575 -2.796
v 33.647 -5.125 -3.139
v 33.649 -4.794 -2.510
v 33.655 -4.788 -3.140
v 33.649 -5.037 -2.537
v 33.641 -4.667 -2.690
v 33.683 -6.328 -2.911
v 33.649 -5.169 -2.791
v 33.708 -6.308 -2.990
v 33.676 -5.640 -1.406
v 33.676 -1.995 -0.095
v 33.676 -1.817 0.102
v 33.676 -1.603 0.258
v 33.676 -3.087 0.594
v 33.676 -3.291 0.489
v 33.676 -3.524 0.807
v 33.676 -3.502 0.579
v 33.676 -3.684 2.971
v 33.676 -3.308 0.970
v 33.676 -3.508 3.165
v 33.676 -3.067 0.801
v 33.676 -3.153 0.936
v 33.676 3.523 4.429
v 33.676 3.077 4.439
v 33.676 3.090 4.669
v 33.676 1.484 5.982
v 33.676 3.308 4.299
v 33.676 1.232 5.910
v 33.676 4.455 5.693
v 33.676 3.317 4.775
v 33.676 3.526 4.637
v 33.676 6.317 5.497
v 33.676 8.340 5.221
v 33.650 7.563 4.100
v 33.676 6.867 2.655
v 33.676 6.166 2.729
v 33.649 7.255 3.774
v 33.660 7.914 5.277
v 33.653 7.216 4.431
v 33.646 7.452 4.409
v 33.639 7.458 3.838
v 33.651 6.925 3.876
v 33.654 6.860 4.102
v 33.649 6.910 4.364
v 33.623 13.569 3.859
v 33.623 13.820 3.850
v 33.623 13.960 4.057
v 33.623 13.476 4.092
v 33.676 12.581 4.903
v 33.676 11.746 4.926
v 33.676 12.322 4.866
v 33.676 14.727 6.114
v 33.623 13.782 4.299
v 33.623 13.598 4.286
v 33.623 13.917 4.212
v 33.623 17.259 5.962
v 33.676 18.170 5.902
v 33.676 18.117 5.693
v 33.623 17.191 5.791
v 33.623 17.048 5.718
v 33.623 17.127 6.175
v 33.676 17.745 6.851
v 33.676 18.098 6.285
v 33.623 16.913 5.733
v 33.623 16.784 5.895
v 33.676 18.152 6.163
v 33.676 16.491 7.062
v 33.676 17.410 7.044
v 33.623 16.857 6.155
v 33.676 16.279 7.006
v 33.676 17.700 4.970
v 33.676 17.590 4.846
v 33.676 17.499 4.782
v 33.676 12.863 2.114
v 33.676 12.607 2.059
v 33.676 13.247 2.327
v 33.688 9.928 2.397
v 33.676 11.887 2.128
v 33.695 9.904 2.571
v 33.676 10.947 5.011
v 33.658 7.907 2.678
v 33.720 8.005 2.705
v 33.667 8.104 2.873
v 33.676 -6.613 -8.553
v 33.676 12.993 2.767
v 33.623 15.730 4.377
v 33.676 -1.677 0.882
v 33.676 2.354 3.209
v 33.676 5.006 4.740
v 33.676 5.451 3.967
v 33.676 -5.662 -4.578
v 33.676 9.075 3.930
v 33.866 -9.109 -10.580
v 33.866 -6.359 -8.992
v 33.866 13.247 2.327
v 33.866 15.997 3.915
v 33.866 1.049 2.965
v 33.866 1.091 2.568
v 33.866 0.904 5.721
v 33.866 0.812 3.374
v 33.866 0.198 3.714
v 33.866 0.426 3.647
v 33.866 0.953 3.182
v 33.866 0.634 3.531
v 33.866 -0.040 3.732
v 33.866 -3.127 3.393
v 33.866 -0.927 3.213
v 33.866 -1.007 2.188
v 33.866 -0.275 3.697
v 33.866 -0.597 3.548
v 33.866 -1.070 2.888
v 33.866 -1.078 2.415
v 33.866 -1.100 2.652
v 33.866 -0.888 1.982
v 33.866 -0.630 1.739
v 33.866 -0.359 1.597
v 33.866 7.886 2.621
v 33.866 6.867 2.655
v 33.874 8.059 2.662
v 33.810 8.057 2.756
v 33.867 9.829 2.522
v 33.879 9.826 2.416
v 33.866 12.607 2.059
v 33.866 12.863 2.114
v 33.866 11.887 2.128
v 33.866 17.590 4.846
v 33.866 17.700 4.970
v 33.866 17.499 4.782
v 33.866 18.117 5.693
v 33.866 16.857 6.155
v 33.866 16.491 7.062
v 33.866 17.127 6.175
v 33.866 16.279 7.006
v 33.866 16.784 5.895
v 33.866 17.410 7.044
v 33.866 14.727 6.114
v 33.866 17.259 5.962
v 33.866 18.152 6.163
v 33.866 18.098 6.285
v 33.866 17.745 6.851
v 33.866 17.191 5.791
v 33.866 18.170 5.902
v 33.866 17.048 5.718
v 33.866 16.913 5.733
v 33.866 13.476 4.092
v 33.866 12.581 4.903
v 33.866 12.322 4.866
v 33.866 13.598 4.286
v 33.866 11.746 4.926
v 33.866 13.820 3.850
v 33.866 13.569 3.859
v 33.866 13.960 4.057
v 33.866 13.917 4.212
v 33.866 13.782 4.299
v 33.866 10.947 5.011
v 33.866 8.290 5.290
v 33.866 7.386 4.279
v 33.866 7.422 4.098
v 33.866 6.944 4.108
v 33.866 7.189 3.891
v 33.866 7.363 3.950
v 33.866 7.826 5.338
v 33.866 7.198 4.367
v 33.866 7.000 4.307
v 33.866 6.166 2.729
v 33.866 7.012 3.938
v 33.866 6.317 5.497
v 33.866 3.090 4.669
v 33.866 1.484 5.982
v 33.866 1.232 5.910
v 33.866 3.077 4.439
v 33.866 3.317 4.775
v 33.866 3.308 4.299
v 33.866 4.455 5.693
v 33.866 3.523 4.429
v 33.866 3.526 4.637
v 33.866 -3.308 0.970
v 33.866 -3.684 2.971
v 33.866 -3.508 3.165
v 33.866 -5.640 -1.406
v 33.866 -3.524 0.807
v 33.866 -3.502 0.579
v 33.866 -3.291 0.489
v 33.866 -3.153 0.936
v 33.866 -3.067 0.801
v 33.866 -3.087 0.594
v 33.866 -8.103 -8.284
v 33.866 -8.128 -6.980
v 33.866 -8.251 -7.135
v 33.866 -8.358 -7.213
v 33.866 -7.860 -6.393
v 33.866 -7.861 -8.480
v 33.866 -7.947 -8.319
v 33.866 -10.379 -8.380
v 33.866 -8.330 -8.497
v 33.866 -8.282 -8.698
v 33.866 -8.256 -8.330
v 33.866 -7.895 -8.684
v 33.866 -8.086 -8.765
v 33.866 -11.402 -10.189
v 33.866 -12.045 -9.394
v 33.866 -11.881 -9.248
v 33.866 -11.613 -10.326
v 33.866 -12.420 -10.010
v 33.866 -11.183 -10.311
v 33.866 -11.608 -10.557
v 33.866 -11.385 -10.671
v 33.866 -11.171 -10.541
v 33.866 -12.134 -11.322
v 33.866 -11.978 -11.444
v 33.866 -11.703 -11.501
v 33.866 -12.212 -11.215
v 33.866 -12.480 -10.115
v 33.866 -12.480 -10.750
v 33.866 -12.548 -10.564
v 33.866 -12.548 -10.301
v 33.866 -10.820 -11.516
v 33.866 -10.611 -11.447
v 33.866 -11.541 -11.532
v 33.866 -5.983 -8.767
v 33.866 -5.807 -8.571
v 33.864 -4.783 -5.984
v 33.866 -6.222 -6.422
v 33.866 -6.303 -6.129
v 33.866 -7.533 -5.659
v 33.866 -6.591 -6.130
v 33.879 -4.779 -5.917
v 33.866 -6.649 -6.412
v 33.866 -5.507 -7.914
v 33.866 -6.373 -6.564
v 33.866 -6.482 -6.568
v 33.882 -4.005 -4.351
v 33.863 -4.109 -4.298
v 33.866 -3.454 -3.304
v 33.866 -2.153 -0.381
v 33.866 -4.639 -2.843
v 33.866 -4.682 -2.688
v 33.863 -6.416 -2.932
v 33.866 -5.123 -2.808
v 33.866 -4.779 -3.051
v 33.866 -5.001 -2.614
v 33.866 -4.816 -2.600
v 33.866 -5.030 -3.041
v 33.877 -6.384 -2.996
v 33.866 -1.995 -0.095
v 33.866 -1.817 0.102
v 33.866 -1.603 0.258
v 33.866 2.012 1.244
v 33.866 2.134 1.400
v 33.866 2.218 1.678
v 33.866 1.905 1.166
v 33.866 -0.282 0.234
v 33.866 0.000 0.168
v 33.866 0.257 0.222
v 33.866 2.275 2.072
v 33.866 -0.652 0.383
v 33.866 2.465 2.480
v 33.866 -0.835 0.421
v 33.866 -1.368 0.363
v 33.866 -1.100 0.421
v 33.866 0.601 1.711
v 33.866 2.649 2.682
v 33.866 0.158 1.544
v 33.866 -0.079 1.535
v 33.866 0.858 1.954
v 33.866 1.036 2.262
v 33.866 2.332 2.250
v 33.866 0.389 1.603
v 33.866 3.686 2.990
v 33.866 3.360 2.996
v 33.866 2.979 2.887
v 33.866 -9.363 -10.141
v 33.866 12.993 2.767
v 33.866 2.354 3.209
v 33.866 -1.677 0.882
v 33.866 9.075 3.930
v 33.866 15.743 4.354
v 33.866 5.451 3.967
v 33.866 5.006 4.740
v 33.866 -6.613 -8.553
v 33.866 -5.662 -4.578
v 31.177 11.213 3.829
v 30.946 11.188 3.827
v 31.162 11.118 3.477
v 30.946 11.097 3.537
v 31.160 10.767 3.458
v 30.947 10.809 3.548
v 31.171 10.710 3.814
v 30.946 10.746 3.811
v 31.169 10.845 4.120
v 30.947 10.880 3.969
v 31.156 11.064 4.042
v 30.947 11.015 3.978
v 30.947 -6.359 -8.992
v 30.947 15.997 3.915
v 30.947 -1.007 2.188
v 30.947 -0.888 1.982
v 30.947 -3.127 3.393
v 30.947 -1.078 2.415
v 30.947 -1.070 2.888
v 30.947 -1.100 2.652
v 30.947 -0.927 3.213
v 30.947 -0.597 3.548
v 30.947 -0.630 1.739
v 30.947 0.904 5.721
v 30.947 0.198 3.714
v 30.947 -0.040 3.732
v 30.947 -0.275 3.697
v 30.947 0.426 3.647
v 30.947 0.634 3.531
v 30.947 0.953 3.182
v 30.947 0.812 3.374
v 30.947 1.091 2.568
v 30.947 1.049 2.965
v 30.947 2.979 2.887
v 30.947 3.360 2.996
v 30.947 3.686 2.990
v 30.947 0.257 0.222
v 30.947 0.000 0.168
v 30.947 -0.282 0.234
v 30.947 2.012 1.244
v 30.947 2.218 1.678
v 30.947 2.134 1.400
v 30.947 1.905 1.166
v 30.947 -0.652 0.383
v 30.947 2.275 2.072
v 30.947 2.649 2.682
v 30.947 2.465 2.480
v 30.947 2.332 2.250
v 30.947 0.858 1.954
v 30.947 -0.359 1.597
v 30.947 -1.100 0.421
v 30.947 1.036 2.262
v 30.947 -0.079 1.535
v 30.947 0.158 1.544
v 30.947 -1.368 0.363
v 30.947 -0.835 0.421
v 30.947 0.601 1.711
v 30.947 0.389 1.603
v 30.921 -4.004 -4.350
v 30.947 -3.454 -3.304
v 30.920 -4.108 -4.301
v 30.917 -4.776 -5.913
v 30.924 -4.776 -5.985
v 30.947 -5.807 -8.571
v 30.947 -5.983 -8.767
v 30.947 -5.507 -7.914
v 30.947 -10.611 -11.447
v 30.947 -10.820 -11.516
v 30.947 -9.109 -10.580
v 30.947 -11.541 -11.532
v 30.947 -11.703 -11.501
v 30.947 -11.978 -11.444
v 30.947 -12.548 -10.564
v 30.947 -12.548 -10.301
v 30.947 -12.480 -10.115
v 30.947 -12.480 -10.750
v 30.947 -12.134 -11.322
v 30.947 -12.212 -11.215
v 30.947 -12.420 -10.010
v 30.946 -11.385 -10.671
v 30.947 -11.171 -10.541
v 30.947 -11.402 -10.189
v 30.947 -11.613 -10.326
v 30.947 -12.045 -9.394
v 30.947 -11.183 -10.311
v 30.947 -11.608 -10.557
v 30.947 -10.379 -8.380
v 30.947 -11.881 -9.248
v 30.947 -8.103 -8.284
v 30.947 -8.358 -7.213
v 30.947 -8.128 -6.980
v 30.947 -8.251 -7.135
v 30.946 -7.861 -8.480
v 30.947 -7.860 -6.393
v 30.947 -7.895 -8.684
v 30.946 -8.086 -8.765
v 30.946 -8.330 -8.497
v 30.947 -7.947 -8.319
v 30.947 -8.282 -8.698
v 30.947 -8.256 -8.330
v 30.946 -6.222 -6.422
v 30.946 -6.303 -6.129
v 30.947 -7.533 -5.659
v 30.947 -6.591 -6.130
v 30.947 -6.373 -6.564
v 30.947 -6.482 -6.568
v 30.946 -6.649 -6.412
v 30.947 -2.153 -0.381
v 30.947 -4.639 -2.843
v 30.947 -5.030 -3.041
v 30.947 -4.816 -2.600
v 30.946 -4.779 -3.051
v 30.947 -5.001 -2.614
v 30.947 -4.682 -2.688
v 30.923 -6.416 -2.934
v 30.946 -5.123 -2.808
v 30.917 -6.386 -2.994
v 30.947 -5.640 -1.406
v 30.947 -1.995 -0.095
v 30.947 -1.817 0.102
v 30.947 -1.603 0.258
v 30.947 -3.087 0.594
v 30.946 -3.291 0.489
v 30.946 -3.524 0.807
v 30.947 -3.502 0.579
v 30.947 -3.684 2.971
v 30.947 -3.308 0.970
v 30.947 -3.508 3.165
v 30.947 -3.067 0.801
v 30.947 -3.153 0.936
v 30.947 3.523 4.429
v 30.947 3.077 4.439
v 30.947 3.090 4.669
v 30.947 1.484 5.982
v 30.946 3.308 4.299
v 30.947 1.232 5.910
v 30.947 4.455 5.693
v 30.946 3.317 4.775
v 30.947 3.526 4.637
v 30.947 6.317 5.497
v 30.947 8.290 5.290
v 30.947 7.422 4.098
v 30.947 6.867 2.655
v 30.947 6.166 2.729
v 30.946 7.189 3.891
v 30.947 7.826 5.338
v 30.946 7.198 4.367
v 30.947 7.386 4.279
v 30.947 7.363 3.950
v 30.947 7.012 3.938
v 30.946 6.944 4.108
v 30.947 7.000 4.307
v 30.947 13.569 3.859
v 30.946 13.820 3.850
v 30.947 13.960 4.057
v 30.946 13.476 4.092
v 30.947 12.581 4.903
v 30.947 11.746 4.926
v 30.947 12.322 4.866
v 30.947 14.727 6.114
v 30.947 13.782 4.300
v 30.947 13.598 4.286
v 30.947 13.917 4.212
v 30.947 17.259 5.962
v 30.947 18.170 5.902
v 30.947 18.117 5.693
v 30.947 17.191 5.791
v 30.947 17.048 5.718
v 30.946 17.127 6.175
v 30.947 17.745 6.851
v 30.947 18.098 6.285
v 30.947 16.913 5.733
v 30.946 16.784 5.895
v 30.947 18.152 6.163
v 30.947 16.491 7.062
v 30.947 17.410 7.044
v 30.947 16.857 6.155
v 30.947 16.279 7.006
v 30.947 17.700 4.970
v 30.947 17.590 4.846
v 30.947 17.499 4.782
v 30.947 12.863 2.114
v 30.947 12.607 2.059
v 30.947 13.247 2.327
v 30.924 9.820 2.411
v 30.947 11.887 2.128
v 30.920 9.828 2.519
v 30.947 10.947 5.011
v 30.946 7.886 2.621
v 30.919 8.068 2.655
v 30.947 8.024 2.760
v 30.947 -9.363 -10.141
v 30.947 -6.613 -8.553
v 30.947 12.993 2.767
v 30.947 15.743 4.354
v 30.947 -1.677 0.882
v 30.947 2.354 3.209
v 30.947 5.006 4.740
v 30.947 5.451 3.967
v 30.947 -5.662 -4.578
v 30.947 9.075 3.930
v 31.136 -6.359 -8.992
v 31.136 13.247 2.327
v 31.136 15.997 3.915
v 31.136 1.049 2.965
v 31.136 1.091 2.568
v 31.136 0.904 5.721
v 31.136 0.812 3.374
v 31.136 0.198 3.714
v 31.136 0.426 3.647
v 31.136 0.953 3.182
v 31.136 0.634 3.531
v 31.136 -0.040 3.732
v 31.136 -3.127 3.393
v 31.136 -0.927 3.213
v 31.136 -1.007 2.188
v 31.136 -0.275 3.697
v 31.136 -0.597 3.548
v 31.136 -1.070 2.888
v 31.136 -1.078 2.415
v 31.136 -1.100 2.652
v 31.136 -0.888 1.982
v 31.136 -0.630 1.739
v 31.136 -0.359 1.597
v 31.154 7.907 2.678
v 31.136 6.867 2.655
v 31.083 8.012 2.705
v 31.146 8.101 2.876
v 31.110 9.898 2.565
v 31.109 9.905 2.405
v 31.136 12.607 2.059
v 31.136 12.863 2.114
v 31.136 11.887 2.128
v 31.136 17.590 4.846
v 31.136 17.700 4.970
v 31.136 17.499 4.782
v 31.136 18.117 5.693
v 31.189 16.857 6.155
v 31.136 16.491 7.062
v 31.189 17.127 6.175
v 31.136 16.279 7.006
v 31.189 16.784 5.895
v 31.136 17.410 7.044
v 31.136 14.727 6.114
v 31.189 17.259 5.963
v 31.136 18.152 6.163
v 31.136 18.098 6.285
v 31.136 17.745 6.851
v 31.189 17.191 5.791
v 31.136 18.170 5.902
v 31.189 17.047 5.718
v 31.189 16.913 5.733
v 31.189 13.476 4.092
v 31.136 12.609 4.912
v 31.136 12.322 4.866
v 31.189 13.598 4.286
v 31.136 11.746 4.926
v 31.189 13.820 3.850
v 31.189 13.569 3.859
v 31.189 13.960 4.058
v 31.189 13.917 4.212
v 31.189 13.782 4.299
v 31.136 10.947 5.011
v 31.136 8.340 5.221
v 31.167 7.450 4.413
v 31.162 7.561 4.095
v 31.158 6.860 4.102
v 31.164 7.252 3.776
v 31.174 7.466 3.845
v 31.152 7.914 5.276
v 31.158 7.219 4.433
v 31.164 6.910 4.364
v 31.136 6.166 2.729
v 31.162 6.925 3.876
v 31.136 6.317 5.497
v 31.136 3.090 4.669
v 31.136 1.484 5.982
v 31.136 1.232 5.910
v 31.136 3.077 4.439
v 31.136 3.317 4.775
v 31.136 3.308 4.299
v 31.136 4.455 5.693
v 31.136 3.523 4.429
v 31.136 3.526 4.637
v 31.136 -3.308 0.970
v 31.136 -3.684 2.971
v 31.136 -3.508 3.165
v 31.136 -5.640 -1.406
v 31.136 -3.524 0.807
v 31.136 -3.502 0.579
v 31.136 -3.291 0.489
v 31.136 -3.153 0.936
v 31.136 -3.067 0.801
v 31.136 -3.087 0.594
v 31.136 -8.251 -7.135
v 31.136 -8.358 -7.213
v 31.136 -7.860 -6.393
v 31.136 -12.045 -9.394
v 31.136 -11.881 -9.248
v 31.136 -12.420 -10.010
v 31.136 -12.134 -11.322
v 31.136 -11.978 -11.444
v 31.136 -11.703 -11.501
v 31.136 -12.212 -11.215
v 31.136 -12.480 -10.115
v 31.136 -12.480 -10.750
v 31.136 -12.548 -10.564
v 31.136 -12.548 -10.301
v 31.136 -10.820 -11.516
v 31.136 -10.611 -11.447
v 31.136 -11.541 -11.532
v 31.136 -5.983 -8.767
v 31.136 -5.807 -8.571
v 31.111 -4.846 -6.002
v 31.175 -6.198 -6.444
v 31.158 -6.251 -6.065
v 31.136 -7.533 -5.659
v 31.158 -6.634 -6.062
v 31.086 -4.866 -5.902
v 31.169 -6.689 -6.416
v 31.136 -5.507 -7.914
v 31.163 -6.335 -6.657
v 31.160 -6.582 -6.656
v 31.111 -4.011 -4.258
v 31.099 -4.127 -4.254
v 31.136 -3.454 -3.304
v 31.136 -2.153 -0.381
v 31.161 -4.574 -2.793
v 31.171 -4.667 -2.690
v 31.126 -6.331 -2.911
v 31.164 -5.168 -2.792
v 31.157 -4.787 -3.140
v 31.163 -5.037 -2.537
v 31.163 -4.794 -2.510
v 31.165 -5.126 -3.141
v 31.098 -6.319 -2.989
v 31.136 -1.995 -0.095
v 31.136 -1.817 0.102
v 31.136 -1.603 0.258
v 31.136 2.012 1.244
v 31.136 2.134 1.400
v 31.136 2.218 1.678
v 31.136 1.905 1.166
v 31.136 -0.282 0.234
v 31.136 0.000 0.168
v 31.136 0.257 0.222
v 31.136 2.275 2.072
v 31.136 -0.652 0.383
v 31.136 2.465 2.480
v 31.136 -0.835 0.421
v 31.136 -1.368 0.363
v 31.136 -1.100 0.421
v 31.136 0.601 1.711
v 31.136 2.649 2.682
v 31.136 0.158 1.544
v 31.136 -0.079 1.535
v 31.136 0.858 1.954
v 31.136 1.036 2.262
v 31.136 2.332 2.250
v 31.136 0.389 1.603
v 31.136 3.686 2.990
v 31.136 3.360 2.996
v 31.136 2.979 2.887
v 31.136 12.993 2.767
v 31.136 2.354 3.209
v 31.136 -1.677 0.882
v 31.136 9.075 3.930
v 31.189 15.730 4.377
v 31.136 5.451 3.967
v 31.136 5.006 4.740
v 31.136 -6.613 -8.553
v 31.136 -5.662 -4.578
v 32.123 -2.077 -6.417
v 32.017 -1.987 -6.187
v 32.101 -1.902 -6.078
v 32.168 -1.874 -5.917
v 32.401 -1.841 -5.860
v 32.634 -1.871 -5.910
v 32.680 -1.885 -6.061
v 32.796 -1.989 -6.192
v 32.691 -2.073 -6.414
v 32.413 -2.162 -6.565
v 32.376 -1.815 -6.081
v 32.220 -1.911 -6.317
v 32.401 -1.890 -6.344
v 32.425 -2.057 -6.507
v 32.631 -1.917 -6.297
v 32.004 -3.331 -5.875
v 32.091 -3.397 -6.059
v 32.403 -3.415 -6.143
v 32.712 -3.398 -6.061
v 32.796 -3.333 -5.880
v 32.774 -3.091 -5.444
v 32.402 -3.012 -5.172
v 32.400 -2.991 -5.353
v 32.028 -3.095 -5.445
v 32.689 -3.037 -5.207
v 32.116 -3.038 -5.210
v 31.853 -3.384 -6.012
v 31.823 -3.296 -5.782
v 31.847 -3.110 -5.447
v 32.980 -3.297 -5.786
v 32.957 -3.107 -5.438
v 32.947 -3.386 -6.019
v 32.404 -3.470 -6.119
v 32.978 -3.201 -5.533
v 31.830 -3.202 -5.539
v 32.699 -7.787 -3.408
v 32.960 -7.855 -3.404
v 32.877 -7.862 -3.657
v 32.779 -7.910 -3.912
v 32.695 -7.999 -3.939
v 32.413 -8.019 -3.986
v 32.138 -8.010 -3.959
v 32.044 -7.915 -3.923
v 32.088 -7.909 -3.686
v 31.934 -7.853 -3.630
v 31.827 -7.851 -3.399
v 32.107 -7.790 -3.413
v 32.107 -7.631 -3.284
v 32.196 -7.608 -3.234
v 32.402 -7.631 -3.179
v 32.603 -7.605 -3.228
v 32.694 -7.627 -3.276
v 32.406 -7.786 -3.633
v 31.935 9.314 6.304
v 32.089 9.323 6.331
v 32.067 9.038 6.332
v 32.155 8.998 6.385
v 32.392 9.018 6.396
v 32.621 9.006 6.365
v 32.740 9.019 6.331
v 32.711 9.303 6.332
v 32.875 9.291 6.307
v 32.706 9.600 6.286
v 32.582 9.765 6.266
v 32.390 9.791 6.256
v 32.100 9.603 6.286
v 32.419 8.857 6.332
v 32.412 8.843 6.325
v 32.860 9.478 6.294
v 32.203 9.759 6.239
v 31.948 9.475 6.253
v 32.431 8.695 6.548
v 32.979 8.723 1.308
v 32.849 8.600 1.370
v 32.710 8.390 1.343
v 32.414 8.305 1.361
v 32.102 8.389 1.342
v 31.970 8.589 1.371
v 31.830 8.728 1.306
v 31.827 8.994 1.285
v 32.000 9.081 1.295
v 32.108 9.285 1.279
v 32.411 9.286 1.280
v 32.709 9.282 1.279
v 32.810 9.081 1.300
v 32.981 8.996 1.282
v 32.406 9.338 1.205
v 32.718 9.295 1.215
v 32.943 9.045 1.221
v 32.959 8.422 1.342
v 32.405 8.146 1.358
v 31.848 8.426 1.343
v 31.864 9.063 1.216
v 32.097 9.303 1.216
v 32.754 9.065 1.199
v 32.061 9.060 1.200
v 32.690 8.179 1.372
v 32.916 9.227 1.234
v 32.125 8.183 1.364
v 31.902 9.215 1.233
v 32.355 9.510 1.269
v 32.616 9.483 1.273
v 32.949 9.261 1.286
v 31.863 9.261 1.286
v 32.141 9.465 1.279
v 32.339 9.484 1.225
v 32.557 9.478 1.228
v 32.395 9.607 6.312
v 32.167 9.288 6.410
v 32.643 9.278 6.414
v 32.601 9.499 6.412
v 32.400 9.576 6.411
v 32.211 9.500 6.410
v 32.721 8.740 6.578
v 32.989 8.998 6.553
v 33.093 9.339 6.515
v 32.111 9.954 6.456
v 33.033 9.627 6.485
v 32.909 9.820 6.461
v 31.770 9.588 6.492
v 31.723 9.281 6.521
v 32.721 9.954 6.451
v 31.817 8.994 6.549
v 32.121 8.731 6.582
v 32.448 10.023 6.452
v 31.944 8.804 6.550
v 32.869 8.801 6.527
v 32.387 10.054 6.407
v 31.884 9.813 6.453
v 32.408 8.496 5.535
v 32.649 8.518 5.515
v 32.751 8.589 5.530
v 32.976 8.757 5.497
v 33.090 9.024 5.495
v 33.117 9.317 5.471
v 33.042 9.567 5.457
v 33.036 9.625 5.401
v 32.887 9.810 5.385
v 32.691 9.919 5.383
v 32.401 9.975 5.380
v 32.102 9.908 5.386
v 31.771 9.620 5.400
v 31.768 9.557 5.458
v 31.693 9.266 5.475
v 31.735 8.944 5.489
v 31.869 8.718 5.500
v 32.081 8.595 5.543
v 31.673 9.276 5.434
v 31.627 9.261 5.410
v 31.625 9.103 5.424
v 31.664 8.995 5.440
v 32.152 8.509 5.505
v 31.922 9.812 5.378
v 31.649 9.464 5.387
v 33.126 9.344 5.436
v 33.180 9.265 5.413
v 33.161 9.474 5.386
v 33.136 8.988 5.444
v 33.174 9.087 5.429
v 33.896 10.322 5.268
v 33.891 8.116 5.491
v 32.406 8.116 5.533
v 32.406 10.334 5.306
v 30.919 8.118 5.490
v 30.916 10.323 5.267
v 32.406 10.363 5.289
v 33.879 10.389 5.197
v 33.876 8.052 5.376
v 33.871 10.383 5.116
v 33.885 10.331 5.093
v 33.683 10.438 5.024
v 33.737 10.338 5.077
v 33.709 10.419 5.175
v 33.706 8.010 5.334
v 33.646 9.916 4.910
v 33.676 8.569 5.186
v 33.647 11.311 3.997
v 33.676 10.961 4.300
v 33.642 10.900 4.307
v 33.730 8.044 5.454
v 33.676 7.470 4.853
v 32.406 11.351 4.029
v 33.629 11.187 3.346
v 33.651 11.321 3.524
v 33.654 11.348 3.786
v 30.920 10.388 5.196
v 32.406 6.939 4.373
v 33.623 6.733 4.132
v 30.918 8.057 5.375
v 30.919 10.381 5.118
v 30.918 10.333 5.094
v 31.126 10.433 5.027
v 31.089 10.416 5.177
v 31.072 10.337 5.078
v 31.077 8.043 5.452
v 31.100 8.014 5.336
v 31.166 11.311 3.997
v 32.406 11.436 3.800
v 32.406 11.370 3.471
v 32.406 11.236 3.327
v 33.676 10.560 3.020
v 33.639 10.740 3.262
v 31.164 9.915 4.913
v 31.136 8.569 5.186
v 31.170 10.899 4.308
v 31.183 11.187 3.346
v 31.161 11.321 3.524
v 31.159 11.348 3.786
v 32.406 6.879 3.861
v 32.406 6.710 4.053
v 32.406 6.730 4.298
v 33.654 7.908 2.889
v 33.676 7.411 3.352
v 31.136 7.470 4.853
v 31.142 7.320 4.638
v 31.189 6.733 4.132
v 31.136 10.560 3.020
v 31.159 7.909 2.879
v 31.170 7.306 3.586
v 31.136 7.411 3.352
v 33.675 9.675 2.725
v 33.647 8.403 2.956
v 32.406 9.762 2.360
v 32.407 8.150 2.504
v 33.895 9.724 2.390
v 32.406 9.664 2.329
v 31.137 9.683 2.726
v 31.164 8.408 2.947
v 30.916 9.726 2.391
v 33.174 8.766 2.464
v 33.203 8.920 2.450
v 33.177 8.960 2.439
v 32.697 9.594 2.332
v 33.023 9.322 2.365
v 33.162 9.152 2.424
v 32.990 8.428 2.488
v 32.887 9.492 2.356
v 32.659 8.200 2.500
v 32.809 8.281 2.490
v 32.633 8.235 2.434
v 32.392 8.202 2.437
v 32.784 8.307 2.430
v 32.966 8.468 2.424
v 33.100 8.726 2.409
v 33.122 9.018 2.387
v 33.125 8.653 2.469
v 31.627 8.959 2.443
v 31.609 8.920 2.450
v 31.783 9.313 2.368
v 31.647 9.154 2.425
v 31.631 8.791 2.462
v 32.131 8.206 2.503
v 31.704 8.625 2.469
v 31.846 8.404 2.488
v 31.921 9.498 2.363
v 32.112 9.592 2.333
v 32.043 8.300 2.429
v 32.195 8.229 2.437
v 31.877 8.434 2.425
v 31.717 8.720 2.412
v 31.687 9.011 2.392
v 32.057 8.269 2.479
v 33.641 8.441 5.053
v 33.651 8.377 4.101
v 33.637 7.678 4.090
v 33.676 8.522 4.742
v 33.670 7.319 4.630
v 33.648 9.856 4.821
v 33.640 9.834 3.808
v 33.646 10.520 3.796
v 33.635 9.623 4.004
v 33.633 9.808 3.996
v 33.648 9.596 3.785
v 33.633 8.587 4.073
v 33.642 8.667 5.031
v 33.636 9.691 4.929
v 33.676 9.422 2.745
v 33.641 9.598 2.838
v 33.676 9.629 3.118
v 33.638 8.394 3.875
v 33.676 8.366 3.251
v 33.640 10.571 3.574
v 33.675 10.058 2.718
v 33.641 7.305 3.590
v 33.676 7.458 3.347
v 32.406 7.685 4.154
v 32.419 7.522 4.109
v 32.406 7.500 3.784
v 32.431 8.241 3.893
v 32.406 8.288 3.853
v 32.401 7.370 3.603
v 32.412 8.141 3.008
v 32.426 7.934 3.019
v 33.622 7.372 4.629
v 33.632 7.913 5.118
v 32.409 7.420 4.612
v 32.402 7.523 4.455
v 33.621 7.964 5.123
v 32.424 7.930 5.076
v 32.397 7.966 5.087
v 32.410 8.399 5.015
v 32.418 8.310 4.163
v 33.623 9.914 2.770
v 32.408 10.676 3.285
v 32.396 10.724 3.418
v 32.409 10.507 3.572
v 32.416 9.898 2.808
v 32.404 10.479 3.844
v 32.416 9.841 3.697
v 32.394 9.733 2.865
v 33.632 8.589 3.897
v 33.128 9.049 3.816
v 32.972 8.605 3.848
v 33.074 9.337 3.785
v 32.958 9.546 3.739
v 32.947 8.540 3.819
v 33.633 9.429 2.805
v 32.947 9.474 2.879
v 32.958 8.483 2.968
v 32.991 9.396 2.849
v 33.115 9.320 4.953
v 32.964 9.659 4.899
v 33.110 9.024 4.984
v 32.961 8.702 4.995
v 32.937 9.685 4.845
v 32.958 9.575 4.019
v 32.962 8.612 4.119
v 33.625 10.610 4.003
v 32.406 10.590 4.039
v 32.409 10.813 4.203
v 32.406 9.873 3.998
v 33.620 10.458 4.839
v 32.413 10.842 4.284
v 32.409 10.418 4.822
v 32.421 9.936 4.825
v 32.395 9.982 4.870
v 33.121 8.992 4.055
v 33.089 9.314 4.022
v 33.069 8.681 2.924
v 33.129 8.973 2.890
v 32.413 7.675 3.939
v 32.423 8.207 3.050
v 32.415 7.668 4.251
v 32.406 10.650 3.245
v 32.406 7.206 4.372
v 32.406 6.946 4.090
v 32.406 7.207 3.893
v 32.406 10.754 3.816
v 32.406 11.093 3.527
v 32.406 11.185 3.818
v 32.406 11.024 3.979
v 31.174 10.573 3.568
v 31.166 10.516 3.798
v 31.160 8.382 4.102
v 31.174 7.680 4.087
v 31.136 8.522 4.742
v 31.169 8.449 5.049
v 31.163 9.846 4.820
v 31.170 9.827 3.807
v 31.136 10.961 4.289
v 31.176 9.622 3.998
v 31.178 9.807 4.000
v 31.176 8.590 4.067
v 31.161 9.606 3.784
v 31.176 9.697 4.925
v 31.169 8.658 5.028
v 31.136 9.429 2.745
v 31.170 9.602 2.836
v 31.136 8.366 3.251
v 31.171 8.405 3.870
v 31.136 9.629 3.118
v 31.173 10.737 3.258
v 31.137 10.058 2.716
v 31.136 7.458 3.347
v 31.188 7.373 4.635
v 31.183 7.917 5.118
v 31.188 7.966 5.125
v 31.191 9.917 2.769
v 31.182 8.587 3.896
v 31.684 9.051 3.816
v 31.740 9.340 3.784
v 31.855 9.546 3.739
v 31.841 8.604 3.847
v 31.867 8.540 3.816
v 31.176 9.427 2.803
v 31.866 9.474 2.880
v 31.854 8.485 2.967
v 31.823 9.396 2.850
v 31.698 9.322 4.953
v 31.702 9.027 4.984
v 31.852 8.702 4.994
v 31.849 9.659 4.899
v 31.875 9.685 4.845
v 31.855 9.574 4.020
v 31.850 8.612 4.119
v 31.187 10.610 4.003
v 31.197 10.455 4.840
v 31.724 9.314 4.022
v 31.692 8.989 4.055
v 31.684 8.974 2.891
v 31.744 8.682 2.924
v 32.633 8.945 -0.102
v 32.724 8.692 -0.105
v 32.672 8.422 -0.053
v 32.399 8.321 -0.059
v 32.140 8.418 -0.053
v 32.072 8.694 -0.096
v 32.150 8.938 -0.092
v 32.380 8.998 -0.122
v 32.385 8.686 -0.210
v 32.022 8.703 1.199
v 32.120 8.412 1.230
v 32.385 8.396 1.232
v 32.694 8.412 1.230
v 32.786 8.705 1.199
v 32.629 8.233 1.249
v 32.989 8.660 1.203
v 32.921 8.480 1.223
v 31.813 8.723 1.197
v 31.895 8.481 1.222
v 32.406 9.318 6.243
v 32.705 -7.750 -3.092
v 32.436 -7.665 -3.179
v 32.131 -7.729 -3.128
v 32.167 -7.989 -3.735
v 32.718 -7.917 -3.693
v 31.986 -3.187 -5.410
v 32.760 -3.154 -5.327
v 32.816 -3.177 -5.392
v 32.726 -3.491 -6.166
v 32.081 -3.492 -6.174
v 31.874 -3.072 -5.248
v 32.934 -3.069 -5.247
v 32.354 -3.529 -6.277
v 32.178 -3.566 -6.253
v 31.862 -3.470 -6.060
v 31.775 -3.154 -5.328
v 32.164 -3.001 -5.029
v 32.395 -2.977 -5.004
v 32.634 -3.002 -5.023
v 33.038 -3.154 -5.328
v 32.950 -3.470 -6.060
v 32.567 -3.536 -6.273
v 32.403 -7.787 -3.344
v 32.611 -7.994 -3.721
v 32.408 -8.028 -3.793
v 32.185 -8.026 -3.414
v 32.637 -8.036 -3.436
v 32.419 -7.971 -3.290
v 31.864 -7.864 -3.136
v 31.736 -7.997 -3.412
v 32.704 -8.292 -4.067
v 31.756 -8.119 -3.695
v 31.874 -8.210 -3.934
v 32.939 -8.209 -3.933
v 33.059 -8.122 -3.715
v 33.076 -8.009 -3.438
v 32.089 -8.287 -4.074
v 32.929 -7.843 -3.107
v 32.377 -7.757 -2.895
v 32.362 -8.330 -4.113
v 32.598 -7.766 -2.915
v 32.155 -7.761 -2.926
v 32.215 -8.275 -4.168
v 32.389 -8.303 -4.177
v 32.598 -8.290 -4.163
v 32.860 -8.258 -4.007
v 32.405 -6.794 -3.286
v 32.071 -6.801 -3.354
v 31.881 -6.847 -3.473
v 31.739 -6.927 -3.663
v 31.689 -7.104 -4.016
v 31.777 -7.212 -4.305
v 31.952 -7.323 -4.443
v 32.107 -7.329 -4.599
v 32.148 -7.366 -4.550
v 32.408 -7.369 -4.631
v 32.654 -7.368 -4.554
v 32.722 -7.328 -4.588
v 33.028 -7.218 -4.315
v 33.120 -7.104 -4.004
v 33.080 -6.941 -3.684
v 32.931 -6.839 -3.473
v 32.707 -6.807 -3.344
v 33.180 -7.013 -3.940
v 33.161 -6.923 -3.749
v 32.674 -6.732 -3.296
v 32.390 -6.664 -3.139
v 32.400 -6.730 -3.267
v 33.135 -7.024 -3.887
v 32.893 -7.280 -4.497
v 33.181 -7.065 -4.062
v 33.162 -7.118 -4.186
v 32.406 -7.349 -4.663
v 31.674 -7.022 -3.890
v 31.627 -7.009 -3.939
v 31.623 -7.059 -4.055
v 31.647 -7.118 -4.187
v 31.918 -7.280 -4.501
v 32.144 -6.734 -3.296
v 31.627 -6.954 -3.821
v 30.918 -7.444 -4.995
v 30.917 -6.541 -2.974
v 32.406 -7.482 -4.995
v 33.896 -6.545 -2.977
v 33.895 -7.444 -4.996
v 32.406 -6.562 -2.938
v 30.921 -6.478 -2.938
v 30.919 -7.393 -5.102
v 30.918 -7.313 -5.098
v 31.109 -7.386 -5.150
v 31.130 -7.263 -5.215
v 31.080 -6.461 -2.922
v 31.171 -6.836 -4.627
v 31.136 -6.496 -3.512
v 31.149 -6.801 -6.422
v 31.171 -6.841 -6.008
v 31.179 -6.943 -5.898
v 31.136 -5.658 -2.727
v 32.406 -6.885 -6.500
v 31.184 -6.789 -6.599
v 32.406 -5.006 -2.519
v 31.166 -4.563 -2.565
v 33.882 -6.472 -2.936
v 33.877 -7.396 -5.102
v 33.870 -7.315 -5.103
v 33.693 -7.382 -5.159
v 33.679 -7.259 -5.218
v 33.663 -6.801 -6.422
v 32.406 -6.807 -6.627
v 32.406 -6.579 -6.715
v 32.406 -6.353 -6.673
v 31.159 -5.053 -6.006
v 31.141 -5.801 -6.376
v 31.169 -5.969 -6.340
v 33.644 -6.836 -4.636
v 33.676 -6.496 -3.512
v 33.631 -6.933 -5.907
v 33.628 -6.789 -6.599
v 33.723 -6.461 -2.922
v 32.406 -4.595 -2.810
v 32.406 -4.516 -2.538
v 32.406 -4.796 -2.504
v 31.163 -4.197 -4.079
v 31.136 -4.338 -3.448
v 33.676 -5.658 -2.727
v 33.643 -5.381 -2.767
v 33.647 -4.563 -2.565
v 33.654 -5.044 -6.008
v 33.671 -5.810 -6.377
v 33.650 -4.194 -4.085
v 33.645 -4.541 -3.175
v 33.676 -4.338 -3.448
v 31.171 -4.888 -5.481
v 31.136 -4.311 -4.485
v 32.406 -4.653 -5.963
v 32.406 -3.957 -4.422
v 30.926 -3.991 -4.451
v 30.923 -4.642 -5.908
v 32.403 -4.568 -5.888
v 32.406 -4.642 -5.956
v 32.397 -3.957 -4.521
v 33.644 -4.883 -5.479
v 33.676 -4.311 -4.485
v 33.887 -3.991 -4.451
v 33.890 -4.642 -5.908
v 31.626 -4.294 -5.171
v 31.740 -4.134 -4.899
v 32.104 -4.535 -5.821
v 31.766 -4.428 -5.543
v 31.627 -4.369 -5.335
v 31.649 -4.397 -5.398
v 31.920 -4.500 -5.720
v 31.861 -4.068 -4.691
v 31.910 -4.036 -4.702
v 32.086 -3.990 -4.588
v 31.887 -4.025 -4.766
v 31.681 -4.254 -5.200
v 33.180 -4.300 -5.192
v 33.161 -4.400 -5.407
v 32.697 -3.981 -4.581
v 33.066 -4.132 -4.903
v 33.170 -4.215 -4.991
v 33.040 -4.428 -5.550
v 32.979 -4.081 -4.705
v 32.879 -4.032 -4.673
v 32.891 -4.499 -5.722
v 32.694 -4.540 -5.828
v 32.946 -4.037 -4.786
v 33.128 -4.250 -5.204
v 33.090 -4.327 -5.415
v 31.724 -4.332 -5.422
v 31.174 -6.319 -3.459
v 31.175 -6.381 -3.659
v 31.140 -6.119 -2.931
v 31.184 -5.430 -3.829
v 31.171 -5.052 -3.298
v 31.155 -5.383 -3.997
v 31.136 -6.088 -3.693
v 31.183 -5.572 -4.028
v 31.170 -5.376 -2.769
v 31.177 -5.296 -3.006
v 31.171 -6.919 -4.832
v 31.136 -6.605 -4.854
v 31.137 -7.200 -5.352
v 31.167 -6.008 -5.234
v 31.164 -6.296 -5.874
v 31.177 -6.559 -5.901
v 31.178 -5.974 -5.003
v 31.184 -5.379 -4.171
v 31.150 -6.479 -3.693
v 31.174 -4.490 -4.531
v 31.163 -5.012 -5.550
v 31.172 -4.430 -4.340
v 31.170 -5.788 -5.030
v 31.174 -5.785 -5.180
v 31.136 -4.719 -4.303
v 31.173 -6.093 -6.072
v 31.169 -4.546 -3.176
v 31.188 -5.232 -3.965
v 31.185 -4.863 -3.282
v 32.406 -5.059 -3.323
v 32.410 -4.857 -3.322
v 32.401 -5.204 -3.921
v 31.187 -4.481 -3.254
v 32.404 -4.579 -3.237
v 32.410 -4.537 -3.269
v 32.403 -4.421 -4.270
v 32.387 -4.304 -4.060
v 31.188 -6.117 -2.993
v 32.405 -5.415 -2.818
v 32.402 -6.095 -3.026
v 32.406 -5.311 -3.080
v 32.402 -5.212 -3.209
v 32.403 -6.263 -3.450
v 32.394 -5.480 -3.799
v 32.405 -5.905 -6.290
v 32.381 -5.846 -6.303
v 32.406 -6.024 -6.084
v 31.207 -6.144 -5.913
v 31.182 -5.018 -5.750
v 32.386 -5.149 -5.955
v 31.192 -5.909 -5.355
v 32.412 -6.110 -5.913
v 32.406 -5.085 -5.778
v 32.396 -5.878 -5.374
v 32.396 -5.814 -5.341
v 32.408 -6.100 -5.244
v 31.686 -5.521 -4.551
v 31.683 -5.729 -4.607
v 31.845 -5.344 -4.204
v 31.803 -5.717 -4.988
v 31.861 -5.730 -5.094
v 31.872 -4.969 -5.447
v 31.851 -4.534 -4.553
v 31.846 -4.911 -5.434
v 31.702 -6.675 -4.291
v 31.852 -6.791 -4.606
v 31.702 -6.549 -4.007
v 31.854 -6.395 -3.718
v 31.773 -6.470 -3.825
v 31.849 -5.984 -4.959
v 31.854 -5.592 -4.076
v 32.404 -6.365 -5.811
v 32.404 -6.608 -5.870
v 32.406 -6.799 -5.960
v 32.399 -6.826 -5.932
v 32.404 -7.106 -5.295
v 32.406 -6.902 -4.886
v 32.390 -6.152 -5.205
v 31.830 -6.748 -4.554
v 31.725 -5.674 -4.321
v 31.720 -5.862 -4.742
v 31.683 -4.686 -4.956
v 31.717 -4.612 -4.790
v 31.724 -4.801 -5.211
v 32.390 -5.814 -5.357
v 32.406 -5.124 -2.816
v 32.406 -4.687 -2.682
v 32.406 -4.772 -3.047
v 32.406 -6.573 -6.123
v 32.406 -6.285 -6.135
v 32.406 -6.219 -6.415
v 32.406 -6.646 -6.419
v 33.641 -6.844 -6.005
v 33.643 -5.967 -6.338
v 33.639 -6.090 -6.078
v 33.627 -5.569 -4.033
v 33.661 -5.392 -4.005
v 33.626 -5.438 -3.831
v 33.643 -5.057 -3.300
v 33.635 -5.296 -3.006
v 33.676 -6.088 -3.693
v 33.640 -6.319 -3.467
v 33.674 -6.122 -2.928
v 33.641 -6.374 -3.654
v 33.643 -6.928 -4.832
v 33.676 -7.200 -5.352
v 33.648 -6.009 -5.223
v 33.648 -6.295 -5.869
v 33.676 -6.605 -4.854
v 33.635 -6.559 -5.901
v 33.625 -5.372 -4.169
v 33.636 -5.964 -5.001
v 33.665 -6.479 -3.684
v 33.641 -4.485 -4.538
v 33.651 -5.013 -5.564
v 33.641 -4.424 -4.340
v 33.676 -4.719 -4.303
v 33.645 -5.793 -5.030
v 33.643 -5.784 -5.182
v 33.628 -5.229 -3.974
v 33.629 -4.868 -3.282
v 33.626 -4.480 -3.254
v 33.624 -6.120 -2.997
v 33.607 -6.144 -5.912
v 33.630 -5.023 -5.760
v 33.620 -5.909 -5.355
v 33.129 -5.729 -4.608
v 33.008 -5.718 -4.990
v 33.127 -5.522 -4.552
v 32.966 -5.342 -4.203
v 32.951 -5.729 -5.094
v 32.940 -4.969 -5.447
v 32.962 -4.534 -4.555
v 32.966 -4.911 -5.433
v 33.110 -6.675 -4.293
v 33.111 -6.550 -4.010
v 33.042 -6.472 -3.829
v 32.960 -6.790 -4.606
v 32.957 -6.393 -3.719
v 32.963 -5.984 -4.959
v 32.958 -5.591 -4.076
v 32.982 -6.748 -4.555
v 33.093 -5.862 -4.742
v 33.088 -5.675 -4.322
v 33.089 -4.801 -5.211
v 33.129 -4.687 -4.956
v 33.096 -4.612 -4.791
v 8.113 14.464 29.325
v 8.076 37.558 42.785
v 8.143 14.567 29.209
v 8.177 37.643 42.624
v 8.085 37.730 42.490
v 8.054 14.639 29.050
v 7.781 14.639 29.035
v 7.791 37.773 42.416
v 7.681 14.593 29.205
v 7.691 14.426 29.407
v 7.660 37.645 42.618
v 7.786 37.534 42.829
v 7.848 14.309 29.634
v 8.039 14.379 29.530
v 7.536 14.576 29.190
v 7.590 14.489 29.291
v 7.422 14.660 29.030
v 7.419 14.386 29.505
v 7.875 14.798 28.790
v 8.295 14.594 29.204
v 8.295 14.507 29.354
v 8.350 14.660 29.028
v 8.350 14.388 29.500
v 7.476 37.745 42.437
v 7.465 37.527 42.812
v 7.579 37.637 42.641
v 7.865 37.903 42.143
v 7.571 37.812 42.329
v 8.347 37.505 42.833
v 8.071 37.829 42.299
v 8.343 37.767 42.385
v 7.870 37.366 43.077
v 8.009 37.433 42.985
v 50.410 27.723 14.313
v 50.141 27.766 14.317
v 50.323 27.766 14.298
v 50.646 27.582 14.227
v 50.809 27.304 14.061
v 50.747 27.486 14.137
v 50.778 27.035 13.911
v 50.623 26.817 13.779
v 50.712 26.920 13.810
v 50.386 26.703 13.714
v 50.051 26.682 13.701
v 49.804 26.781 13.758
v 49.661 26.895 13.854
v 49.578 27.070 13.925
v 49.661 26.920 13.810
v 49.563 27.304 14.061
v 49.625 27.461 14.181
v 49.808 27.647 14.259
v 49.625 27.486 14.137
v 50.050 27.740 14.342
v 9.546 23.091 11.629
v 55.266 23.091 11.629
v 14.694 26.678 13.699
v 15.249 27.304 14.061
v 15.218 27.035 13.911
v 9.546 48.942 26.526
v 14.672 27.766 14.317
v 14.490 27.766 14.298
v 55.266 48.942 26.526
v 15.005 27.647 14.259
v 15.187 27.486 14.137
v 14.361 26.720 13.723
v 15.152 26.920 13.810
v 14.167 27.582 14.227
v 14.403 27.723 14.313
v 14.101 26.920 13.810
v 14.189 26.817 13.779
v 14.065 27.486 14.137
v 14.003 27.304 14.061
v 14.034 27.035 13.911
v 15.008 26.781 13.758
v 14.763 27.740 14.342
v 15.187 27.461 14.181
v 58.281 47.571 28.904
v 58.058 21.708 14.024
v 57.979 21.978 13.557
v 57.976 47.794 28.515
v 57.822 22.238 13.107
v 57.867 48.031 28.102
v 57.566 22.477 12.693
v 57.681 48.382 27.492
v 57.222 22.686 12.331
v 57.223 48.522 27.246
v 56.817 22.869 12.014
v 56.682 48.717 26.914
v 56.325 22.986 11.811
v 56.351 48.873 26.631
v 55.806 23.065 11.675
v 55.759 48.912 26.575
v 6.780 21.708 14.024
v 6.892 47.632 28.991
v 6.824 47.794 28.516
v 6.833 21.978 13.557
v 6.937 48.034 28.096
v 6.991 22.238 13.107
v 7.126 48.385 27.487
v 7.246 22.477 12.693
v 7.590 48.522 27.246
v 7.590 22.686 12.331
v 8.130 48.717 26.914
v 7.995 22.869 12.014
v 8.461 48.873 26.631
v 8.488 22.986 11.811
v 9.053 48.912 26.575
v 9.007 23.065 11.675
v 56.301 48.836 26.862
v 56.789 22.848 12.051
v 57.910 47.638 28.994
v 58.007 21.708 14.024
v 8.024 22.848 12.051
v 8.495 48.827 26.832
v 58.058 26.500 35.067
v 58.058 20.622 31.636
v 58.058 32.828 38.708
v 58.058 26.941 35.285
v 58.058 20.615 31.430
v 58.058 26.927 35.060
v 58.058 33.229 38.678
v 58.070 20.366 31.356
v 58.058 26.688 34.969
v 58.058 32.994 38.610
v 58.054 32.804 38.911
v 58.058 13.770 27.774
v 58.058 33.260 38.911
v 58.188 39.609 42.690
v 58.058 20.178 31.419
v 57.873 32.953 38.639
v 58.007 32.828 38.709
v 57.863 26.944 35.245
v 58.007 26.927 35.044
v 57.881 26.630 35.002
v 58.007 26.506 35.058
v 57.864 20.619 31.608
v 57.950 20.617 31.454
v 57.959 39.641 42.709
v 57.886 33.259 38.890
v 58.007 33.238 38.672
v 57.944 32.761 38.969
v 57.900 20.328 31.352
v 58.007 13.770 27.774
v 57.917 20.207 31.396
v 57.946 20.142 31.680
v 58.084 20.174 31.656
v 57.984 20.400 31.751
v 58.092 20.450 31.734
v 58.075 26.489 35.302
v 57.943 26.460 35.321
v 57.976 26.708 35.388
v 58.052 26.696 35.478
v 58.119 26.729 35.301
v 57.932 32.942 38.946
v 57.959 33.035 39.143
v 58.066 33.049 39.112
v 58.005 33.155 39.071
v 57.919 39.198 43.401
v 57.914 13.371 28.465
v 58.002 13.568 28.124
v 57.970 39.418 43.022
v 57.800 13.254 28.751
v 57.792 13.302 28.871
v 57.837 38.987 43.755
v 57.733 39.007 43.723
v 57.593 13.161 29.092
v 57.743 13.150 28.826
v 6.849 39.640 42.708
v 6.830 39.418 43.024
v 6.894 39.198 43.401
v 6.958 38.986 43.757
v 6.780 13.770 27.774
v 6.810 13.568 28.124
v 6.899 13.371 28.465
v 7.006 13.252 28.743
v 7.065 13.198 28.819
v 7.021 13.302 28.871
v 7.223 13.165 29.093
v 7.075 39.003 43.731
v 6.889 32.788 38.917
v 6.956 26.770 35.478
v 6.855 26.699 35.361
v 6.802 26.928 35.259
v 6.789 20.186 31.423
v 6.893 20.159 31.649
v 6.892 26.473 35.292
v 6.883 20.434 31.770
v 6.780 26.496 35.074
v 6.780 20.618 31.645
v 6.884 33.057 39.108
v 6.898 32.964 38.933
v 6.781 33.176 39.062
v 6.797 33.253 38.887
v 6.780 32.831 38.702
v 6.799 32.997 38.627
v 6.818 20.385 31.360
v 6.782 33.222 38.661
v 6.782 26.921 35.040
v 6.795 26.679 34.984
v 6.795 20.611 31.438
v 56.497 12.572 31.676
v 56.090 12.572 31.693
v 56.181 11.235 30.959
v 56.352 11.358 30.781
v 56.161 11.205 30.904
v 56.081 11.411 30.767
v 56.181 11.483 30.562
v 55.815 11.490 30.583
v 56.143 11.750 30.442
v 55.793 11.742 30.481
v 55.950 12.748 31.414
v 56.154 12.835 31.417
v 56.040 12.875 31.701
v 56.258 12.862 31.496
v 56.389 12.920 31.681
v 56.014 12.688 31.525
v 56.320 12.728 31.406
v 55.804 11.614 30.759
v 55.878 11.469 30.701
v 56.201 12.757 31.964
v 56.221 12.470 31.852
v 56.363 12.788 31.911
v 7.084 20.496 31.631
v 7.146 20.302 31.324
v 7.505 19.491 33.117
v 7.936 19.382 33.559
v 7.927 19.229 33.500
v 7.207 19.770 32.889
v 6.962 20.107 32.304
v 7.182 19.620 32.640
v 6.962 19.887 32.177
v 8.056 19.392 33.562
v 8.171 19.223 33.328
v 8.051 19.159 33.484
v 8.474 19.990 32.508
v 8.473 19.801 32.327
v 8.141 20.299 31.972
v 8.119 20.056 31.885
v 8.338 20.075 32.021
v 8.430 20.127 32.269
v 8.436 19.923 32.114
v 7.491 20.520 31.640
v 7.390 20.107 31.720
v 6.743 20.250 31.549
v 6.746 20.267 31.519
v 7.574 19.266 33.253
v 7.233 19.479 32.884
v 6.810 20.089 32.082
v 8.163 20.101 31.806
v 6.975 19.829 32.532
v 8.100 19.304 33.695
v 6.744 20.478 31.661
v 7.574 19.486 33.380
v 8.331 20.265 32.031
v 7.155 20.658 31.503
v 7.383 20.388 31.904
v 7.497 20.554 31.643
v 7.495 20.233 31.462
v 7.505 20.271 31.453
v 58.335 40.260 41.599
v 58.371 40.258 41.622
v 58.523 40.155 41.820
v 58.749 40.173 41.800
v 58.853 40.260 41.603
v 58.794 40.430 41.551
v 58.741 40.375 41.404
v 58.531 40.386 41.384
v 58.454 40.457 41.497
v 58.373 40.339 41.446
v 58.803 40.350 41.429
v 58.346 40.390 41.674
v 30.264 49.718 25.325
v 30.207 49.670 25.601
v 30.016 49.428 25.734
v 29.777 49.702 25.338
v 29.883 49.861 25.269
v 30.000 49.765 25.164
v 29.822 49.679 25.585
v 29.860 49.659 25.620
v 59.026 42.057 38.787
v 59.026 45.391 33.013
v 58.562 43.494 36.067
v 58.479 43.717 35.640
v 58.346 43.724 35.900
v 58.370 43.724 35.900
v 58.756 43.707 35.652
v 58.676 43.501 36.064
v 58.837 43.736 35.878
v 58.842 43.569 35.872
v 5.786 45.391 33.013
v 5.974 43.724 35.900
v 5.786 42.057 38.787
v 6.044 43.704 35.658
v 6.110 43.535 36.070
v 6.310 43.721 35.635
v 6.464 43.724 35.900
v 6.435 43.749 35.855
v 6.228 43.488 36.065
v 6.384 43.500 36.001
v 59.026 39.908 42.509
v 5.786 39.908 42.509
v 6.014 40.416 41.528
v 5.951 40.261 41.602
v 6.060 40.168 41.796
v 6.348 40.452 41.485
v 6.464 40.390 41.674
v 6.299 40.159 41.815
v 8.956 49.549 25.792
v 9.185 49.378 25.802
v 8.389 49.481 25.911
v 7.832 49.366 26.108
v 7.520 49.194 26.287
v 7.327 49.211 26.376
v 5.770 47.684 29.021
v 5.993 47.020 30.190
v 6.003 47.006 29.934
v 6.314 47.057 29.865
v 5.955 48.268 28.011
v 5.819 47.985 28.496
v 6.492 48.794 27.099
v 6.182 48.541 27.537
v 6.309 46.824 30.256
v 6.464 47.057 30.126
v 6.702 48.913 26.911
v 5.990 46.871 30.154
v 6.413 46.981 30.258
v 6.379 38.718 44.548
v 6.109 38.964 44.122
v 5.809 39.477 43.236
v 5.924 39.213 43.693
v 5.779 39.753 42.773
v 58.115 38.509 44.914
v 57.725 38.316 45.249
v 58.888 39.213 43.693
v 58.826 39.215 43.406
v 58.157 38.588 44.794
v 58.434 38.718 44.548
v 58.704 38.964 44.122
v 59.003 39.477 43.236
v 59.033 39.753 42.773
v 59.042 47.684 29.021
v 58.897 47.962 28.375
v 58.394 47.005 30.216
v 58.346 47.057 30.126
v 58.473 47.050 29.872
v 58.857 48.268 28.011
v 58.110 48.913 26.911
v 58.630 48.541 27.537
v 58.476 46.827 30.245
v 58.798 47.011 29.928
v 58.321 48.794 27.099
v 58.826 47.019 30.192
v 58.809 46.866 30.166
v 57.486 49.211 26.376
v 57.292 49.194 26.287
v 57.678 49.121 26.552
v 56.980 49.366 26.108
v 56.423 49.481 25.911
v 55.627 49.378 25.802
v 55.266 49.470 25.770
v 52.363 49.386 25.788
v 48.483 49.565 25.782
v 46.101 49.371 25.829
v 42.184 49.372 25.795
v 41.971 49.414 25.790
v 35.031 49.711 25.328
v 37.873 49.702 25.338
v 37.918 49.679 25.585
v 34.931 49.650 25.634
v 34.791 49.420 25.743
v 34.989 49.679 25.584
v 34.801 49.763 25.163
v 34.799 49.865 25.262
v 38.069 50.279 24.546
v 37.979 49.861 25.269
v 38.111 49.454 25.695
v 37.956 49.659 25.620
v 38.666 50.173 24.730
v 38.360 49.718 25.325
v 38.103 49.766 25.162
v 38.304 49.670 25.601
v 34.543 49.709 25.336
v 34.603 49.669 25.602
v 34.261 50.958 23.345
v 30.552 50.958 23.345
v 28.358 50.567 24.046
v 26.699 49.458 25.687
v 26.447 49.709 25.336
v 26.507 49.669 25.602
v 26.147 50.173 24.730
v 26.893 49.679 25.584
v 26.834 49.650 25.634
v 26.935 49.711 25.328
v 26.743 50.279 24.546
v 26.702 49.764 25.163
v 26.703 49.865 25.262
v 22.807 49.414 25.789
v 22.619 49.375 25.789
v 19.223 49.565 25.782
v 16.329 49.565 25.782
v 12.361 49.565 25.782
v 9.944 49.367 25.799
v 9.546 49.470 25.770
v 8.407 39.375 43.414
v 8.421 39.219 43.685
v 6.937 39.908 42.509
v 6.937 42.057 38.787
v 6.937 45.391 33.013
v 7.803 48.633 27.171
v 7.104 49.114 26.563
v 6.876 49.019 26.709
v 7.474 48.490 27.479
v 8.245 48.818 27.073
v 6.994 47.911 28.626
v 7.108 48.130 28.254
v 7.194 48.272 27.792
v 9.091 48.959 26.811
v 9.546 48.981 26.775
v 8.649 48.899 26.915
v 12.361 48.997 26.766
v 16.329 48.997 26.766
v 19.223 48.997 26.766
v 22.392 48.997 26.766
v 26.147 48.997 26.766
v 28.358 48.997 26.766
v 30.676 48.997 26.766
v 33.201 48.997 26.766
v 34.137 48.997 26.766
v 38.666 48.997 26.766
v 42.420 48.997 26.766
v 46.100 48.997 26.766
v 48.483 48.997 26.766
v 52.452 48.997 26.766
v 55.266 48.981 26.775
v 55.722 48.959 26.811
v 56.153 48.903 26.911
v 57.338 48.490 27.479
v 57.619 48.272 27.792
v 56.563 48.807 27.076
v 57.009 48.633 27.171
v 57.655 48.181 28.155
v 57.807 48.902 26.670
v 57.705 48.130 28.254
v 57.818 47.911 28.626
v 57.876 45.391 33.013
v 57.876 42.057 38.787
v 57.868 39.753 42.773
v 57.803 39.515 43.171
v 57.876 39.908 42.509
v 57.621 39.462 43.268
v 56.412 39.386 43.393
v 56.384 39.233 43.662
v 57.393 39.372 43.416
v 57.025 38.634 44.477
v 56.663 38.654 44.662
v 56.965 39.011 44.044
v 57.016 38.907 44.225
v 57.554 39.477 43.229
v 57.289 39.536 43.136
v 57.029 39.563 43.087
v 57.029 38.810 44.388
v 57.400 39.211 43.697
v 56.712 39.550 43.110
v 56.438 39.503 43.192
v 56.693 39.039 43.995
v 57.300 39.464 43.267
v 56.452 39.067 43.946
v 56.476 39.140 43.815
v 57.252 39.100 43.893
v 56.462 38.588 44.794
v 56.531 39.451 43.299
v 57.299 38.156 45.525
v 56.335 38.548 44.864
v 56.335 37.865 46.047
v 52.452 37.308 47.013
v 55.749 38.021 45.776
v 54.241 37.196 47.206
v 56.015 37.767 45.964
v 55.849 38.002 45.544
v 55.776 37.828 45.820
v 56.228 38.021 45.777
v 56.156 37.783 45.894
v 55.890 37.849 45.978
v 56.097 38.007 45.530
v 48.483 36.040 49.209
v 50.710 36.179 48.698
v 50.661 36.263 48.534
v 52.104 37.196 47.206
v 50.747 36.479 48.449
v 49.061 35.542 50.072
v 51.083 36.184 48.716
v 52.452 36.625 48.196
v 50.995 36.495 48.420
v 51.170 36.267 48.535
v 51.157 36.238 48.654
v 51.120 36.322 48.438
v 46.924 35.542 50.072
v 46.100 34.596 51.710
v 48.466 35.291 50.174
v 42.420 34.103 52.563
v 45.399 34.725 51.487
v 45.383 34.551 51.497
v 43.212 33.673 53.308
v 46.100 35.279 50.527
v 45.857 34.737 51.465
v 45.446 34.611 51.683
v 45.612 34.456 51.686
v 45.784 34.501 51.667
v 45.802 34.681 51.283
v 45.595 34.708 51.247
v 45.874 34.543 51.511
v 38.666 32.904 54.641
v 38.666 32.221 55.823
v 38.972 32.613 55.061
v 42.263 33.321 53.582
v 39.432 32.622 55.129
v 39.375 32.550 55.253
v 39.462 32.626 55.055
v 39.321 32.646 54.823
v 41.075 33.673 53.308
v 39.233 32.473 55.281
v 39.091 32.536 55.279
v 39.045 32.626 54.844
v 35.317 31.834 56.494
v 37.454 31.834 56.494
v 34.394 30.803 58.063
v 34.137 31.457 57.147
v 34.137 30.788 58.305
v 33.461 30.648 58.548
v 33.951 30.720 58.400
v 33.355 31.220 57.512
v 33.201 30.620 58.597
v 33.805 31.354 57.317
v 32.815 30.507 58.461
v 32.959 30.575 58.651
v 32.657 30.785 58.310
v 32.153 30.785 58.310
v 30.676 30.788 58.305
v 30.861 30.720 58.400
v 31.434 30.560 58.397
v 32.406 30.556 58.688
v 32.393 30.667 58.516
v 32.780 30.799 57.973
v 32.895 31.171 57.624
v 32.031 30.798 57.975
v 32.393 30.904 58.104
v 31.918 31.171 57.624
v 31.442 31.221 57.507
v 30.676 31.457 57.147
v 31.996 30.509 58.457
v 31.854 30.575 58.651
v 32.406 31.148 57.666
v 31.007 31.354 57.317
v 29.496 31.834 56.494
v 28.358 31.515 57.047
v 30.414 30.805 58.073
v 28.358 32.197 55.864
v 26.147 32.904 54.641
v 26.147 32.221 55.823
v 27.358 31.834 56.494
v 25.847 32.605 55.047
v 25.768 32.550 55.253
v 25.562 32.475 55.278
v 25.697 32.530 55.288
v 25.765 32.629 54.843
v 22.543 33.316 53.590
v 25.349 32.648 55.084
v 23.738 33.673 53.308
v 25.478 32.638 54.830
v 25.381 32.630 55.115
v 15.751 35.542 50.072
v 13.720 36.183 48.709
v 14.101 36.184 48.699
v 13.794 36.490 48.430
v 12.709 37.196 47.206
v 12.361 36.625 48.196
v 13.681 36.312 48.469
v 16.329 36.040 49.209
v 14.044 36.487 48.434
v 14.151 36.263 48.535
v 10.572 37.196 47.206
v 12.361 37.308 47.013
v 9.819 38.120 45.607
v 9.901 37.368 46.583
v 8.477 37.865 46.047
v 8.769 37.781 45.967
v 8.477 38.548 44.864
v 8.716 38.008 45.532
v 8.580 38.021 45.776
v 9.035 37.827 45.822
v 8.884 37.782 45.966
v 8.646 37.794 45.876
v 9.058 38.021 45.777
v 8.965 38.000 45.541
v 8.351 38.588 44.794
v 6.698 38.509 44.914
v 7.513 38.156 45.525
v 7.080 38.317 45.245
v 8.150 38.654 44.662
v 7.788 38.634 44.476
v 7.470 39.451 43.299
v 7.516 39.522 43.159
v 7.215 39.473 43.235
v 7.007 39.517 43.169
v 7.598 39.085 43.916
v 7.796 38.907 44.225
v 7.783 38.810 44.388
v 7.429 39.387 43.391
v 7.192 39.462 43.268
v 6.944 39.753 42.773
v 7.860 39.001 44.062
v 7.779 39.573 43.071
v 7.398 39.236 43.653
v 8.375 39.503 43.192
v 7.480 39.139 43.822
v 8.361 39.067 43.946
v 8.110 39.044 43.987
v 8.238 39.464 43.267
v 8.076 39.556 43.100
v 33.201 50.959 23.367
v 33.701 50.654 23.896
v 33.201 50.655 23.895
v 33.632 50.339 24.443
v 33.688 49.376 26.109
v 33.700 49.343 26.167
v 33.739 49.352 26.151
v 33.702 49.558 25.795
v 31.125 49.376 26.109
v 31.074 49.352 26.151
v 31.112 49.343 26.167
v 33.201 49.359 26.139
v 31.111 49.558 25.795
v 31.181 50.339 24.443
v 31.112 50.654 23.896
v 18.949 34.725 51.487
v 16.340 35.293 50.173
v 17.889 35.542 50.072
v 19.201 34.711 51.247
v 19.223 35.115 50.810
v 19.005 34.679 51.288
v 18.941 34.543 51.511
v 19.033 34.510 51.678
v 19.223 34.433 51.992
v 19.199 34.461 51.685
v 21.600 33.673 53.308
v 22.392 34.103 52.563
v 19.427 34.546 51.506
v 19.385 34.622 51.665
v 19.419 34.725 51.486
v 19.347 34.796 51.363
v 29.998 49.118 26.290
v 29.803 49.179 26.204
v 30.223 49.162 26.227
v 30.234 49.400 26.023
v 29.800 49.411 26.049
v 30.012 49.397 25.885
v 10.802 49.119 26.294
v 10.602 49.174 26.210
v 11.014 49.164 26.227
v 10.800 49.401 25.888
v 10.591 49.411 26.049
v 11.025 49.400 26.023
v 18.608 49.144 26.250
v 18.900 49.145 26.255
v 18.616 49.399 25.933
v 18.889 49.401 25.938
v 26.702 49.116 26.290
v 26.902 49.177 26.218
v 26.481 49.176 26.215
v 26.493 49.410 26.006
v 26.701 49.397 25.884
v 26.912 49.410 26.050
v 34.800 49.116 26.292
v 38.102 49.119 26.292
v 38.319 49.164 26.227
v 34.582 49.170 26.217
v 37.904 49.177 26.208
v 35.004 49.175 26.208
v 34.589 49.410 26.006
v 38.330 49.400 26.023
v 37.896 49.411 26.049
v 35.008 49.410 26.050
v 38.105 49.401 25.888
v 34.795 49.389 25.875
v 46.208 49.149 26.250
v 45.906 49.148 26.247
v 45.929 49.395 25.923
v 46.181 49.402 25.927
v 53.999 49.119 26.292
v 53.784 49.173 26.211
v 54.203 49.172 26.221
v 54.217 49.410 26.050
v 55.857 49.549 25.792
v 53.997 49.401 25.888
v 53.787 49.399 26.016
v 9.819 48.997 26.766
v 58.993 47.985 28.496
v 6.655 38.588 44.794
v 30.477 49.443 25.694
v 30.676 50.279 24.546
v 28.358 50.279 24.546
v 28.490 49.484 25.621
v 52.361 49.080 26.318
v 42.181 49.076 26.313
v 38.836 49.459 25.639
v 26.147 49.285 26.267
v 25.971 49.460 25.637
v 22.621 49.073 26.317
v 16.329 49.285 26.267
v 52.452 49.114 26.563
v 48.483 49.285 26.267
v 42.420 49.114 26.563
v 38.666 49.285 26.267
v 34.137 49.114 26.563
v 34.227 49.111 26.244
v 33.201 49.285 26.267
v 33.201 49.114 26.563
v 30.580 49.114 26.239
v 26.147 49.114 26.563
v 22.392 49.114 26.563
v 19.223 49.285 26.267
v 16.329 49.114 26.563
v 12.361 49.285 26.267
v 9.819 49.114 26.563
v 9.960 49.077 26.296
v 8.477 49.285 26.267
v 58.941 45.391 33.013
v 58.110 42.057 38.787
v 58.941 42.057 38.787
v 58.110 45.391 33.013
v 6.702 42.057 38.787
v 6.702 45.391 33.013
v 58.906 39.839 42.391
v 58.256 39.839 42.391
v 6.546 39.834 42.383
v 8.477 49.114 26.563
v 57.662 38.588 44.794
v 56.335 49.114 26.563
v 56.335 49.285 26.267
v 34.137 50.279 24.546
v 34.336 49.480 25.588
v 12.361 49.114 26.563
v 19.223 49.114 26.563
v 28.358 49.114 26.563
v 30.676 49.114 26.563
v 38.666 49.114 26.563
v 46.100 49.114 26.563
v 48.483 49.114 26.563
v 52.452 37.196 47.206
v 48.615 35.348 50.070
v 42.420 33.673 53.308
v 28.358 31.834 56.494
v 22.392 33.673 53.308
v 12.361 37.196 47.206
v 16.177 35.351 50.064
v 28.358 49.285 26.267
v 31.137 47.173 24.845
v 31.103 48.426 22.675
v 33.674 47.173 24.846
v 33.707 48.424 22.679
v 31.173 48.458 22.621
v 33.644 48.459 22.619
v 31.113 49.244 23.083
v 31.110 46.269 21.331
v 31.112 46.240 21.381
v 31.113 47.663 22.171
v 33.699 49.244 23.083
v 33.700 46.240 21.381
v 33.699 47.663 22.171
v 33.703 46.269 21.331
v 33.692 48.003 25.344
v 33.701 44.960 23.599
v 33.699 46.370 24.411
v 31.113 47.951 25.323
v 31.111 44.960 23.599
v 31.113 46.370 24.411
v 58.753 48.393 27.763
v 58.406 48.720 27.196
v 56.710 49.414 25.994
v 56.003 49.523 25.806
v 42.026 48.276 25.153
v 55.266 48.310 25.115
v 56.118 48.261 25.202
v 56.621 48.182 25.341
v 57.333 48.023 25.621
v 57.834 47.748 26.069
v 58.434 47.513 26.479
v 58.786 47.184 27.049
v 59.003 46.827 27.668
v 58.962 46.452 28.318
v 59.049 39.741 42.766
v 58.982 38.518 42.061
v 57.892 38.376 45.112
v 58.967 39.357 43.413
v 59.000 38.138 42.717
v 58.774 37.774 43.347
v 58.408 37.440 43.927
v 57.927 37.243 44.285
v 57.317 36.912 44.840
v 40.100 31.508 54.200
v 37.981 30.834 55.384
v 34.393 29.668 57.406
v 31.346 30.628 58.558
v 33.466 30.630 58.558
v 31.350 30.645 58.552
v 33.816 29.445 57.773
v 33.124 29.344 57.949
v 32.406 29.310 58.008
v 31.688 29.344 57.949
v 30.996 29.445 57.773
v 30.419 29.668 57.406
v 26.821 30.834 55.386
v 28.907 30.140 56.574
v 7.495 36.912 44.840
v 5.764 39.741 42.766
v 5.846 39.357 43.413
v 6.920 38.376 45.112
v 6.885 37.243 44.285
v 6.405 37.440 43.927
v 6.038 37.774 43.347
v 5.813 38.138 42.717
v 5.792 38.517 42.060
v 5.811 46.472 28.281
v 8.810 49.523 25.806
v 8.102 49.414 25.994
v 6.406 48.720 27.196
v 6.060 48.393 27.763
v 5.809 46.827 27.668
v 6.026 47.184 27.049
v 6.378 47.513 26.479
v 6.963 47.740 26.082
v 7.480 48.023 25.621
v 8.191 48.182 25.341
v 8.695 48.261 25.202
v 9.546 48.310 25.115
v 22.783 48.279 25.151
v 57.629 39.448 43.256
v 57.595 37.296 41.952
v 57.759 37.335 41.886
v 57.833 37.360 41.843
v 56.907 36.734 42.927
v 56.649 36.773 42.859
v 56.412 36.858 42.712
v 56.440 36.963 42.551
v 56.240 37.018 42.434
v 56.229 37.129 42.243
v 56.439 37.250 42.061
v 56.440 37.252 42.035
v 56.445 37.357 41.848
v 56.562 37.402 41.770
v 56.767 37.442 41.700
v 57.058 37.448 41.690
v 57.268 37.414 41.749
v 57.391 37.373 41.819
v 56.987 36.644 43.082
v 56.634 36.485 43.358
v 33.855 31.203 57.320
v 33.804 29.159 56.048
v 30.957 31.203 57.320
v 32.406 31.139 57.648
v 31.446 29.047 56.242
v 31.928 29.005 56.313
v 32.406 28.983 56.352
v 32.885 29.005 56.313
v 33.367 29.047 56.242
v 31.008 29.159 56.048
v 8.179 36.485 43.358
v 7.826 36.644 43.082
v 7.890 36.731 42.932
v 7.951 36.742 42.912
v 8.483 39.142 43.799
v 7.187 37.305 41.938
v 7.421 37.373 41.819
v 7.544 37.414 41.749
v 7.754 37.448 41.690
v 8.046 37.442 41.700
v 8.309 37.379 41.809
v 8.374 37.252 42.035
v 8.375 37.248 42.062
v 8.583 37.129 42.243
v 8.572 37.018 42.434
v 8.372 36.963 42.551
v 8.400 36.858 42.712
v 8.163 36.773 42.859
v 7.184 39.448 43.256
v 7.046 37.342 41.873
v 6.979 37.360 41.843
v 6.950 37.555 41.504
v 6.950 45.493 27.756
v 8.253 48.799 27.078
v 8.116 48.741 27.159
v 7.726 48.581 27.437
v 7.405 48.386 27.775
v 7.166 48.164 28.160
v 7.118 48.113 28.248
v 9.546 46.763 25.556
v 9.051 46.738 25.599
v 8.574 46.666 25.724
v 8.135 46.549 25.927
v 7.750 46.391 26.201
v 7.434 46.198 26.534
v 7.147 45.989 26.895
v 7.055 45.740 27.327
v 57.863 37.555 41.504
v 57.863 45.493 27.756
v 55.266 46.763 25.556
v 57.757 45.740 27.327
v 57.694 48.113 28.248
v 57.665 45.989 26.895
v 57.378 46.198 26.534
v 57.407 48.386 27.775
v 57.062 46.391 26.201
v 56.677 46.549 25.927
v 57.086 48.581 27.437
v 56.238 46.666 25.724
v 56.697 48.741 27.159
v 55.762 46.738 25.599
v 35.265 49.569 22.918
v 34.396 49.677 22.749
v 38.236 49.009 23.888
v 34.335 49.724 22.636
v 38.825 48.933 24.019
v 40.287 48.643 24.522
v 26.577 49.009 23.888
v 25.988 48.933 24.019
v 28.681 49.385 23.238
v 30.408 49.669 22.766
v 29.548 49.569 22.918
v 30.472 49.718 22.652
v 8.229 39.110 43.846
v 8.229 39.445 43.265
v 57.291 39.110 43.846
v 45.458 34.470 51.635
v 45.431 34.662 51.303
v 45.398 34.641 51.324
v 45.864 34.640 51.335
v 18.948 34.641 51.324
v 19.377 34.665 51.297
v 19.415 34.640 51.335
v 19.331 34.461 51.649
v 11.052 49.269 25.998
v 10.576 49.270 25.997
v 10.823 49.362 25.834
v 10.684 49.347 25.844
v 10.690 49.347 25.857
v 26.936 49.261 26.012
v 26.451 49.270 25.997
v 26.559 49.347 25.844
v 26.774 49.343 25.866
v 38.357 49.269 25.998
v 37.878 49.267 26.001
v 37.973 49.344 25.876
v 37.989 49.347 25.844
v 54.238 49.264 26.007
v 53.756 49.270 25.997
v 54.003 49.362 25.834
v 53.864 49.347 25.844
v 54.054 49.344 25.868
v 7.461 38.678 43.388
v 7.572 38.578 43.564
v 7.653 38.555 43.623
v 7.779 38.531 43.639
v 8.006 38.533 43.642
v 8.138 38.562 43.589
v 8.155 38.627 43.469
v 8.311 38.682 43.381
v 8.329 38.805 43.168
v 8.276 38.876 43.046
v 8.174 38.906 42.990
v 8.053 38.969 42.886
v 7.766 38.977 42.870
v 7.572 38.935 42.945
v 7.490 38.886 43.031
v 7.464 38.803 43.164
v 56.488 38.703 43.347
v 56.630 38.631 43.461
v 56.655 38.572 43.580
v 56.775 38.537 43.628
v 57.011 38.529 43.647
v 57.199 38.562 43.589
v 57.335 38.664 43.411
v 57.352 38.800 43.173
v 57.307 38.896 43.011
v 57.199 38.949 42.919
v 57.011 38.982 42.861
v 56.725 38.960 42.900
v 56.595 38.896 43.008
v 56.507 38.860 43.085
v 56.492 38.808 43.156
v 26.439 49.588 25.442
v 26.495 49.720 25.215
v 26.894 49.717 25.216
v 26.937 49.585 25.449
v 26.515 49.523 25.556
v 26.853 49.500 25.578
v 29.773 49.588 25.442
v 29.724 49.823 25.001
v 30.232 49.739 25.178
v 30.271 49.585 25.449
v 30.394 49.384 25.765
v 29.844 49.514 25.558
v 37.869 49.588 25.442
v 37.921 49.717 25.216
v 38.304 49.726 25.203
v 38.367 49.585 25.449
v 38.274 49.514 25.572
v 37.943 49.518 25.556
v 34.535 49.588 25.442
v 34.430 49.820 25.024
v 35.090 49.825 24.997
v 35.034 49.585 25.449
v 34.401 49.430 25.685
v 57.001 38.633 43.448
v 56.716 38.798 43.161
v 56.976 38.867 43.041
v 57.122 38.835 43.097
v 56.725 37.730 42.490
v 57.017 37.774 42.415
v 57.346 37.748 42.427
v 57.200 37.655 42.652
v 57.337 37.532 42.805
v 57.023 37.533 42.832
v 56.739 37.555 42.791
v 56.672 37.655 42.652
v 57.238 37.643 42.622
v 56.648 37.638 42.639
v 8.106 38.789 43.177
v 7.787 38.637 43.441
v 7.691 38.835 43.098
v 7.835 38.870 43.037
v 8.139 37.655 42.652
v 7.611 37.655 42.652
v 31.165 47.106 23.605
v 31.164 46.219 23.024
v 31.163 47.421 23.269
v 31.166 47.090 23.277
v 31.165 47.424 23.590
v 31.166 45.966 22.946
v 31.164 45.949 22.681
v 31.161 46.397 22.737
v 31.164 46.386 22.903
v 31.164 46.146 22.544
v 31.164 46.275 22.582
v 30.486 48.767 22.084
v 34.327 48.767 22.084
v 34.283 46.546 20.852
v 30.530 46.546 20.852
v 34.356 49.646 22.790
v 34.342 49.634 22.809
v 30.468 49.637 22.804
v 34.337 49.629 22.857
v 30.475 49.630 22.858
v 30.443 49.649 22.790
v 34.411 50.715 23.437
v 34.385 50.712 23.471
v 34.342 50.687 23.487
v 35.596 49.448 23.137
v 35.719 49.411 23.215
v 34.933 49.569 22.918
v 35.686 50.481 23.857
v 35.548 50.522 23.806
v 34.372 49.974 24.747
v 34.343 49.977 24.720
v 35.180 48.761 24.343
v 35.152 49.855 24.942
v 34.403 49.869 24.902
v 34.382 48.816 24.239
v 35.120 48.732 24.386
v 34.342 48.820 24.221
v 35.195 48.748 24.342
v 35.367 48.933 24.019
v 35.161 48.758 24.367
v 34.337 48.764 24.356
v 34.342 49.822 24.985
v 36.426 48.437 24.901
v 36.305 49.516 25.525
v 36.310 49.474 25.603
v 36.466 48.417 24.928
v 36.470 48.387 24.986
v 36.414 48.359 25.038
v 34.380 48.328 25.084
v 34.342 48.323 25.085
v 34.337 47.262 24.692
v 34.333 49.265 25.957
v 34.367 49.345 25.818
v 34.343 49.328 25.834
v 34.492 49.283 25.968
v 33.831 48.970 26.474
v 34.109 49.035 26.361
v 33.702 48.962 26.489
v 33.994 48.996 26.421
v 36.951 48.284 25.141
v 36.799 49.357 25.809
v 36.921 49.337 25.826
v 36.865 49.330 25.859
v 35.027 49.273 25.993
v 34.787 49.347 25.843
v 34.788 49.346 25.855
v 36.856 48.998 26.423
v 31.111 48.962 26.489
v 33.702 46.944 25.242
v 33.807 46.946 25.231
v 33.970 46.970 25.183
v 34.164 47.044 25.055
v 34.309 47.175 24.835
v 34.217 44.971 23.580
v 34.292 45.106 23.345
v 33.893 44.816 23.847
v 33.658 44.789 23.895
v 30.525 45.078 23.394
v 30.604 44.961 23.597
v 30.914 44.817 23.846
v 31.155 44.789 23.895
v 31.111 46.944 25.242
v 30.473 49.269 25.958
v 30.476 47.262 24.692
v 30.503 47.175 24.836
v 30.621 47.057 25.033
v 30.703 49.035 26.361
v 30.822 46.975 25.173
v 30.819 48.996 26.419
v 31.006 46.946 25.231
v 30.985 48.970 26.476
v 30.467 49.335 25.828
v 30.446 49.347 25.818
v 30.263 49.270 25.996
v 30.468 48.326 25.080
v 30.416 48.333 25.083
v 27.974 49.360 25.803
v 29.778 49.264 26.007
v 29.870 49.341 25.879
v 29.892 49.348 25.843
v 27.856 48.288 25.137
v 27.868 49.337 25.829
v 27.857 49.337 25.854
v 28.681 48.322 25.078
v 27.957 48.998 26.423
v 27.908 48.969 26.479
v 27.828 47.045 25.158
v 27.827 46.946 25.240
v 25.268 48.968 26.480
v 25.357 46.944 25.242
v 25.318 47.034 25.158
v 25.217 48.996 26.425
v 25.338 46.946 25.238
v 25.209 49.337 25.829
v 25.207 49.335 25.855
v 25.243 48.278 25.150
v 25.168 49.360 25.802
v 22.951 49.365 25.793
v 22.788 49.337 25.829
v 22.777 49.337 25.854
v 22.866 49.001 26.417
v 36.903 48.969 26.478
v 36.983 47.046 25.158
v 36.985 46.946 25.239
v 39.467 46.946 25.240
v 39.545 48.968 26.479
v 39.474 47.054 25.158
v 39.596 48.996 26.426
v 39.603 49.327 25.861
v 39.557 48.273 25.153
v 39.612 49.339 25.825
v 39.650 49.357 25.810
v 22.828 48.969 26.479
v 22.747 47.045 25.158
v 22.747 46.946 25.240
v 20.188 48.968 26.480
v 20.265 46.946 25.239
v 20.214 46.984 25.172
v 20.137 48.996 26.425
v 20.129 49.337 25.829
v 20.127 49.335 25.855
v 20.161 48.279 25.150
v 20.088 49.360 25.802
v 42.019 49.337 25.827
v 41.993 49.332 25.857
v 41.940 48.999 26.421
v 41.983 48.969 26.478
v 42.065 47.045 25.158
v 42.065 46.946 25.239
v 44.539 46.945 25.241
v 44.625 48.968 26.479
v 44.559 46.947 25.237
v 44.586 47.018 25.164
v 44.676 48.996 26.426
v 44.683 49.327 25.861
v 44.651 48.275 25.154
v 44.692 49.339 25.825
v 44.730 49.357 25.810
v 39.422 48.282 25.153
v 40.287 48.319 25.083
v 44.506 48.278 25.153
v 47.108 48.276 25.154
v 46.941 49.360 25.802
v 46.005 49.362 25.831
v 47.110 49.357 25.809
v 47.099 49.337 25.827
v 47.073 49.332 25.857
v 46.293 49.276 25.986
v 45.824 49.275 25.988
v 45.923 49.347 25.843
v 46.194 49.347 25.843
v 47.040 49.003 26.411
v 47.063 48.969 26.478
v 47.145 47.044 25.158
v 47.145 46.946 25.239
v 49.627 46.946 25.240
v 49.705 48.968 26.479
v 49.679 46.984 25.173
v 49.756 48.996 26.426
v 49.763 49.327 25.861
v 49.731 48.275 25.154
v 49.772 49.339 25.825
v 49.810 49.357 25.810
v 52.029 49.359 25.804
v 52.049 49.349 25.791
v 52.181 49.337 25.828
v 52.257 49.359 25.806
v 52.191 48.277 25.153
v 52.153 49.332 25.857
v 52.135 49.006 26.405
v 52.143 48.969 26.478
v 52.225 47.044 25.158
v 52.225 46.946 25.239
v 55.266 46.944 25.242
v 55.808 46.855 25.396
v 56.368 46.855 25.396
v 56.216 48.852 26.681
v 56.891 46.717 25.635
v 56.682 48.773 26.818
v 57.408 46.592 25.924
v 57.093 48.622 27.049
v 57.714 46.306 26.347
v 57.362 48.425 27.418
v 57.989 46.046 26.797
v 58.155 45.764 27.286
v 58.296 45.521 27.819
v 58.148 47.483 29.047
v 58.085 47.790 28.508
v 58.255 45.441 27.846
v 58.857 47.468 29.070
v 58.881 46.336 28.409
v 58.889 47.423 29.160
v 49.586 48.278 25.153
v 58.912 46.415 28.382
v 58.955 46.344 28.504
v 58.912 45.185 30.517
v 58.867 46.304 31.093
v 58.955 45.212 30.465
v 58.874 46.936 30.024
v 58.335 46.901 30.098
v 58.340 46.966 29.989
v 58.328 46.940 30.025
v 58.900 45.110 30.607
v 58.136 46.272 31.147
v 58.244 44.193 30.007
v 58.288 44.192 30.082
v 58.131 44.932 33.467
v 58.289 42.965 32.223
v 58.862 44.901 33.522
v 58.910 43.836 32.843
v 58.955 43.810 32.895
v 58.908 41.346 37.151
v 58.867 42.494 37.692
v 58.955 41.402 37.064
v 58.909 43.905 32.725
v 58.418 43.508 35.981
v 58.335 43.589 35.837
v 58.334 43.632 35.746
v 58.150 42.472 37.732
v 58.105 42.439 37.780
v 58.242 40.382 36.608
v 58.306 40.409 36.687
v 58.257 39.114 38.812
v 58.132 41.122 40.066
v 58.878 41.090 40.122
v 58.900 40.016 39.443
v 58.880 39.897 42.190
v 58.915 38.864 41.487
v 58.211 39.880 42.219
v 58.288 37.856 41.070
v 58.902 38.789 41.565
v 58.205 37.555 41.504
v 58.173 37.340 41.877
v 57.906 37.123 42.253
v 57.856 36.902 42.634
v 58.166 39.402 43.046
v 57.921 36.874 42.791
v 57.698 38.706 43.707
v 57.737 38.438 43.472
v 57.557 36.949 42.555
v 57.984 47.541 28.939
v 57.868 45.751 27.308
v 57.472 46.230 26.480
v 57.142 46.431 26.131
v 56.740 46.596 25.846
v 56.281 46.718 25.633
v 55.266 46.819 25.458
v 9.546 46.819 25.458
v 9.004 46.855 25.396
v 8.531 46.718 25.633
v 8.596 48.852 26.681
v 8.072 46.596 25.846
v 7.670 46.431 26.131
v 7.340 46.230 26.480
v 7.450 48.425 27.418
v 6.944 45.751 27.308
v 6.829 47.541 28.939
v 6.906 37.123 42.253
v 7.163 36.939 42.572
v 7.114 38.706 43.707
v 7.076 38.438 43.472
v 7.149 36.866 42.697
v 6.887 36.876 42.793
v 6.956 36.902 42.635
v 6.639 37.340 41.877
v 6.635 39.399 43.048
v 6.607 37.555 41.504
v 6.618 39.609 42.690
v 6.525 37.856 41.070
v 6.590 39.877 42.224
v 5.940 39.892 42.198
v 5.903 38.788 41.584
v 5.882 38.866 41.485
v 5.902 40.031 39.433
v 5.950 41.097 40.112
v 6.085 40.379 41.394
v 6.279 40.387 41.385
v 6.442 40.260 41.614
v 6.474 40.260 41.599
v 6.419 40.349 41.432
v 6.002 40.346 41.440
v 5.910 40.050 39.450
v 6.682 41.128 40.057
v 6.555 39.117 38.806
v 6.707 42.438 37.780
v 6.508 40.409 36.687
v 6.569 40.383 36.606
v 6.662 42.473 37.731
v 5.946 42.493 37.693
v 5.894 40.106 39.316
v 5.903 41.341 37.161
v 5.903 43.836 32.843
v 5.950 44.901 33.522
v 5.970 43.567 35.872
v 6.475 43.584 35.846
v 6.478 43.632 35.746
v 6.456 43.658 35.698
v 6.682 44.933 33.468
v 6.523 42.965 32.224
v 6.524 44.193 30.081
v 6.676 46.272 31.147
v 6.569 44.193 30.007
v 5.946 46.303 31.093
v 5.900 43.906 32.720
v 5.910 45.112 30.614
v 5.897 45.187 30.514
v 5.899 46.413 28.387
v 5.924 47.423 29.160
v 5.924 46.337 28.418
v 5.939 46.935 30.026
v 5.955 47.468 29.071
v 6.468 46.974 29.972
v 6.474 46.895 30.109
v 6.485 46.940 30.025
v 6.647 47.488 29.037
v 6.557 45.441 27.846
v 6.518 45.519 27.818
v 6.518 47.569 28.907
v 6.658 45.764 27.286
v 6.707 47.787 28.502
v 6.824 46.046 26.797
v 7.099 46.306 26.347
v 7.403 46.595 25.925
v 7.922 46.717 25.635
v 7.720 48.622 27.049
v 8.445 46.855 25.396
v 8.130 48.773 26.818
v 9.546 46.944 25.242
v 12.587 46.946 25.240
v 12.669 48.969 26.478
v 12.587 47.045 25.158
v 12.662 49.008 26.400
v 12.626 49.336 25.830
v 12.613 49.339 25.852
v 12.625 48.269 25.157
v 12.778 49.366 25.792
v 12.542 49.361 25.801
v 15.008 49.362 25.798
v 15.075 48.262 25.160
v 12.759 48.295 25.147
v 15.051 49.337 25.830
v 15.045 49.339 25.852
v 15.057 48.996 26.425
v 15.107 48.968 26.479
v 15.132 46.987 25.167
v 15.198 47.054 25.156
v 15.185 46.946 25.239
v 17.749 48.969 26.478
v 17.667 46.946 25.240
v 17.667 47.045 25.158
v 17.763 49.005 26.408
v 17.708 49.337 25.829
v 17.697 49.337 25.854
v 18.519 49.274 25.990
v 17.681 49.359 25.805
v 17.866 49.364 25.793
v 18.989 49.269 25.998
v 18.789 49.364 25.831
v 18.723 49.364 25.830
v 18.621 49.348 25.843
v 17.699 48.279 25.152
v 29.217 49.448 23.138
v 29.094 49.411 23.215
v 29.880 49.569 22.918
v 30.464 50.692 23.488
v 30.453 50.701 23.448
v 30.404 50.716 23.437
v 29.259 50.520 23.795
v 30.415 50.718 23.465
v 30.465 49.977 24.725
v 29.109 50.475 23.867
v 29.661 49.854 24.943
v 29.632 48.761 24.343
v 30.432 49.970 24.756
v 30.454 49.949 24.750
v 30.419 49.911 24.841
v 30.413 48.813 24.250
v 29.677 48.731 24.386
v 30.467 48.820 24.222
v 29.618 48.748 24.342
v 29.445 48.933 24.019
v 29.651 48.758 24.367
v 30.475 48.765 24.356
v 30.468 49.843 24.984
v 28.502 49.529 25.528
v 28.380 48.435 24.906
v 28.390 48.363 25.032
v 28.681 48.507 24.757
v 28.338 48.389 24.980
v 28.339 48.412 24.930
v 25.386 48.279 25.152
v 25.364 47.047 25.158
v 25.428 49.076 26.295
v 25.404 49.336 25.830
v 25.413 49.339 25.852
v 25.496 49.386 25.757
v 25.455 49.045 26.319
v 27.715 49.045 26.320
v 27.739 46.980 25.180
v 27.720 49.070 26.313
v 27.718 48.341 25.067
v 27.711 49.437 25.667
v 27.764 49.080 26.279
v 26.577 48.320 25.081
v 20.306 48.278 25.152
v 58.913 40.102 39.322
v 15.226 48.280 25.152
v 30.885 46.211 23.041
v 30.883 46.395 22.913
v 30.885 46.405 22.724
v 30.885 46.291 22.571
v 30.882 46.167 22.534
v 30.885 45.936 22.688
v 30.883 45.980 22.982
v 30.884 47.100 23.622
v 30.885 47.423 23.610
v 30.884 47.427 23.256
v 30.885 47.075 23.274
v 30.861 47.522 22.963
v 30.858 46.988 22.961
v 32.072 29.042 57.220
v 32.188 28.926 57.051
v 32.091 28.841 56.873
v 32.400 28.814 56.877
v 32.718 28.842 56.877
v 32.624 28.928 57.054
v 32.737 29.044 57.225
v 32.723 29.194 57.483
v 32.660 29.276 57.620
v 32.745 29.376 57.806
v 32.404 29.381 57.809
v 32.064 29.376 57.805
v 32.184 29.277 57.620
v 32.092 29.196 57.484
v 56.232 37.940 45.613
v 56.261 37.873 45.734
v 56.257 37.919 45.639
v 55.747 37.939 45.615
v 39.338 32.406 55.204
v 39.003 32.452 55.128
v 39.464 32.568 54.920
v 39.474 32.501 55.039
v 38.939 32.548 54.943
v 25.471 32.408 55.200
v 25.335 32.510 55.023
v 25.808 32.451 55.130
v 25.873 32.548 54.943
v 25.341 32.559 54.926
v 9.064 37.940 45.618
v 8.573 37.933 45.619
v 8.542 37.868 45.726
v 58.332 44.261 30.107
v 58.359 46.192 31.290
v 58.880 46.178 31.310
v 58.927 45.111 30.674
v 58.958 45.083 30.690
v 58.940 43.957 32.677
v 58.958 43.939 32.672
v 58.309 46.174 31.316
v 58.310 45.026 33.305
v 58.243 42.965 32.135
v 58.359 45.014 33.331
v 58.878 45.023 33.311
v 58.259 40.336 36.688
v 58.359 42.382 37.889
v 58.880 42.368 37.909
v 58.928 41.300 37.273
v 58.958 41.273 37.289
v 58.958 40.129 39.271
v 58.309 42.364 37.915
v 58.310 41.216 39.904
v 58.242 39.157 38.730
v 58.247 39.146 38.748
v 58.316 39.189 38.832
v 58.359 41.204 39.931
v 58.878 41.213 39.910
v 58.877 40.039 39.312
v 5.936 40.038 39.312
v 6.496 39.190 38.833
v 6.494 41.214 39.909
v 5.934 41.213 39.910
v 5.849 40.127 39.271
v 5.883 41.299 37.272
v 5.849 41.273 37.287
v 6.566 39.148 38.745
v 6.571 39.157 38.729
v 6.496 42.367 37.912
v 6.553 40.337 36.686
v 5.932 42.368 37.910
v 6.494 45.024 33.310
v 5.934 45.023 33.311
v 5.872 43.957 32.676
v 5.849 43.937 32.672
v 5.885 45.110 30.671
v 5.849 45.083 30.688
v 6.570 42.965 32.133
v 6.496 46.177 31.313
v 5.932 46.178 31.311
v 6.481 44.261 30.107
v 12.502 49.075 26.296
v 10.112 47.062 25.154
v 10.215 49.045 26.319
v 10.188 49.076 26.295
v 10.205 49.362 25.799
v 10.146 48.278 25.152
v 10.164 49.336 25.830
v 10.173 49.339 25.852
v 10.008 48.278 25.153
v 10.033 47.055 25.156
v 9.989 49.336 25.831
v 9.980 49.339 25.852
v 9.937 49.045 26.319
v 9.546 46.980 25.180
v 9.546 49.045 26.324
v 9.546 49.067 26.321
v 9.046 46.959 25.217
v 8.692 48.998 26.428
v 7.822 48.787 26.790
v 8.236 48.910 26.580
v 7.473 48.664 27.003
v 9.170 49.038 26.345
v 9.040 49.016 26.366
v 9.168 49.059 26.338
v 7.076 48.862 26.661
v 7.365 49.005 26.416
v 7.780 49.139 26.184
v 8.225 49.242 26.001
v 8.699 49.317 25.874
v 8.933 49.329 25.824
v 7.746 48.070 25.534
v 8.929 48.283 25.196
v 7.324 47.932 25.773
v 9.180 48.296 25.143
v 7.390 46.668 25.925
v 7.308 48.582 27.145
v 6.911 48.781 26.802
v 6.855 47.723 26.156
v 6.550 47.533 26.476
v 6.250 47.284 26.895
v 6.149 47.158 27.143
v 6.029 47.010 27.370
v 5.904 46.729 27.859
v 6.546 47.533 26.445
v 6.832 48.215 27.784
v 6.657 47.996 28.163
v 6.553 47.767 28.561
v 7.035 48.363 27.496
v 5.930 47.570 28.905
v 6.573 48.596 27.120
v 6.284 48.356 27.540
v 6.070 48.089 28.002
v 5.942 47.808 28.488
v 5.960 47.856 28.375
v 6.168 48.211 27.760
v 15.268 49.076 26.295
v 15.244 49.336 25.830
v 15.285 49.362 25.799
v 15.253 49.339 25.852
v 15.295 49.045 26.319
v 17.540 49.045 26.324
v 17.541 49.067 26.320
v 17.541 49.368 25.790
v 17.592 49.077 26.290
v 20.278 47.059 25.155
v 20.348 49.076 26.295
v 20.324 49.336 25.830
v 22.640 48.305 25.127
v 20.365 49.362 25.799
v 20.333 49.339 25.852
v 20.375 49.045 26.319
v 22.629 49.045 26.322
v 22.678 49.079 26.286
v 37.041 49.081 26.270
v 37.085 48.341 25.068
v 37.056 49.341 25.853
v 37.080 49.075 26.304
v 37.057 49.347 25.829
v 37.099 49.431 25.677
v 39.309 49.390 25.750
v 39.408 49.337 25.828
v 39.399 49.340 25.852
v 37.097 49.045 26.320
v 37.065 46.980 25.179
v 39.357 49.045 26.319
v 39.432 47.000 25.161
v 39.386 49.077 26.292
v 38.236 48.320 25.081
v 42.131 49.080 26.282
v 42.166 48.305 25.128
v 42.177 49.045 26.320
v 42.153 46.980 25.180
v 44.435 49.045 26.320
v 44.532 47.055 25.156
v 44.461 49.075 26.297
v 44.444 49.362 25.798
v 44.488 49.336 25.831
v 44.479 49.339 25.852
v 47.217 49.078 26.288
v 47.253 48.305 25.127
v 47.267 49.367 25.790
v 47.268 49.044 26.323
v 47.266 49.067 26.319
v 49.515 49.045 26.320
v 49.615 47.059 25.155
v 49.541 49.075 26.297
v 49.524 49.362 25.798
v 49.568 49.336 25.831
v 49.559 49.339 25.852
v 52.303 49.077 26.292
v 52.354 49.045 26.324
v 54.597 49.045 26.319
v 54.695 47.059 25.155
v 54.624 49.076 26.295
v 54.666 48.278 25.153
v 54.607 49.362 25.799
v 54.648 49.336 25.831
v 54.639 49.339 25.852
v 54.804 48.278 25.152
v 54.778 47.059 25.155
v 54.850 49.075 26.296
v 54.824 49.336 25.830
v 54.865 49.362 25.799
v 54.832 49.339 25.852
v 54.877 49.045 26.320
v 55.266 46.980 25.180
v 55.266 49.045 26.324
v 55.266 49.067 26.321
v 56.577 48.910 26.580
v 55.767 46.959 25.217
v 55.772 49.016 26.366
v 56.121 48.998 26.428
v 55.642 49.038 26.345
v 56.991 48.787 26.790
v 57.340 48.664 27.003
v 55.644 49.059 26.338
v 57.733 48.864 26.662
v 57.444 49.008 26.425
v 56.587 49.242 26.001
v 57.033 49.139 26.184
v 56.113 49.317 25.874
v 55.880 49.329 25.824
v 57.453 49.000 26.406
v 55.883 48.283 25.196
v 57.066 48.070 25.534
v 55.633 48.296 25.143
v 57.488 47.932 25.773
v 57.406 46.672 25.911
v 57.457 46.661 25.951
v 57.958 47.722 26.156
v 57.453 46.644 25.956
v 57.503 48.582 27.145
v 57.901 48.781 26.802
v 58.909 46.729 27.859
v 58.783 47.010 27.370
v 58.664 47.158 27.143
v 58.563 47.284 26.895
v 58.262 47.533 26.476
v 58.267 47.533 26.445
v 58.146 48.006 28.143
v 57.765 48.397 27.463
v 57.980 48.215 27.784
v 58.260 47.767 28.561
v 58.356 47.539 28.936
v 58.357 47.561 28.931
v 58.884 47.571 28.904
v 58.240 48.596 27.120
v 58.528 48.356 27.540
v 58.870 47.808 28.488
v 58.743 48.089 28.002
v 58.645 48.211 27.760
v 58.359 39.842 42.288
v 58.958 38.734 41.687
v 58.942 38.532 42.068
v 58.138 39.138 43.481
v 58.092 37.090 42.310
v 58.155 39.155 43.487
v 58.000 38.918 43.886
v 58.908 39.609 42.690
v 58.487 38.792 44.103
v 58.887 39.413 43.027
v 58.687 38.982 43.772
v 58.926 38.328 42.411
v 58.851 38.103 42.796
v 58.749 37.965 43.066
v 58.715 37.879 43.185
v 58.503 37.677 43.524
v 58.459 37.629 43.507
v 58.429 37.607 43.631
v 57.884 38.825 44.045
v 58.377 38.689 44.281
v 58.210 37.422 43.979
v 57.597 37.100 44.534
v 57.222 36.978 44.726
v 57.698 37.167 44.449
v 58.348 38.715 44.256
v 57.546 36.628 43.111
v 57.593 38.654 44.339
v 57.278 38.479 44.645
v 57.233 36.439 43.437
v 56.940 38.331 44.900
v 56.869 36.316 43.771
v 57.240 38.096 45.309
v 58.092 38.458 44.680
v 57.686 38.259 45.043
v 57.694 38.237 45.046
v 56.790 36.280 43.713
v 57.099 36.940 44.797
v 57.096 36.911 44.720
v 56.690 38.361 44.850
v 57.024 38.033 45.417
v 55.105 37.423 46.475
v 55.089 36.299 45.908
v 56.735 38.459 44.686
v 57.171 36.459 43.402
v 57.108 38.532 44.553
v 57.380 38.713 44.243
v 57.593 38.818 43.989
v 57.631 38.884 43.946
v 54.997 36.245 45.889
v 54.658 37.714 45.970
v 57.625 36.877 42.679
v 57.661 38.371 43.594
v 57.319 36.715 42.960
v 56.695 36.437 43.440
v 31.292 31.010 57.581
v 31.381 31.014 57.564
v 31.906 28.950 56.409
v 31.764 30.983 57.629
v 32.406 28.864 56.559
v 32.067 30.829 57.890
v 32.406 30.927 57.723
v 32.906 28.950 56.409
v 33.049 30.983 57.629
v 32.745 30.829 57.890
v 33.419 31.032 57.540
v 33.514 31.007 57.584
v 31.329 31.056 57.508
v 33.483 31.056 57.508
v 8.078 38.459 44.686
v 8.118 36.437 43.440
v 7.433 38.713 44.242
v 7.494 36.715 42.960
v 7.180 38.884 43.945
v 7.153 38.414 43.620
v 7.218 38.820 43.983
v 7.642 36.459 43.402
v 7.267 36.628 43.111
v 7.219 38.654 44.339
v 7.995 36.282 43.723
v 7.704 38.532 44.553
v 8.122 38.362 44.848
v 7.788 38.034 45.417
v 7.717 36.911 44.720
v 9.700 37.423 46.477
v 7.715 36.940 44.798
v 9.723 36.299 45.909
v 9.779 37.414 46.474
v 10.154 37.714 45.971
v 10.171 37.738 45.950
v 10.151 35.607 44.966
v 9.803 36.254 45.892
v 12.324 36.978 47.242
v 12.224 34.968 46.163
v 12.255 34.920 46.097
v 11.923 36.719 47.690
v 12.070 36.661 47.795
v 11.919 35.595 47.109
v 54.646 37.738 45.950
v 54.661 35.607 44.966
v 52.453 36.982 47.234
v 52.589 34.968 46.162
v 52.558 34.920 46.099
v 52.874 36.718 47.691
v 52.742 36.662 47.795
v 54.964 36.257 45.985
v 52.901 35.599 47.106
v 52.816 35.540 47.087
v 52.817 35.574 47.171
v 52.792 35.542 47.216
v 50.868 34.955 48.273
v 50.961 36.107 48.779
v 50.874 34.934 48.275
v 50.761 34.913 48.287
v 50.817 34.953 48.279
v 50.674 34.885 48.372
v 50.380 34.239 47.334
v 50.753 36.058 48.845
v 50.340 36.238 48.527
v 50.795 36.378 48.324
v 50.962 36.385 48.315
v 50.363 36.349 48.334
v 48.289 33.571 48.492
v 48.153 35.645 49.540
v 48.142 35.656 49.541
v 48.116 35.615 49.605
v 48.606 34.226 49.488
v 48.443 35.282 50.189
v 46.534 34.685 51.217
v 46.474 33.544 50.667
v 48.513 34.191 49.575
v 46.107 34.976 50.712
v 46.141 34.948 50.733
v 46.031 34.978 50.710
v 46.028 32.880 49.602
v 46.108 32.884 49.718
v 43.850 34.276 51.924
v 43.958 32.220 50.744
v 43.950 32.217 50.750
v 43.934 32.180 50.814
v 43.833 34.237 51.993
v 44.188 33.938 52.510
v 44.241 32.832 51.900
v 44.165 33.911 52.558
v 42.243 32.193 53.010
v 44.220 32.816 51.956
v 41.869 33.604 53.090
v 41.791 33.615 53.070
v 41.855 31.504 52.051
v 41.811 31.504 52.076
v 39.563 32.901 54.304
v 39.660 30.844 53.128
v 39.723 30.826 53.225
v 39.554 32.864 54.374
v 39.568 32.848 54.370
v 39.903 32.572 54.882
v 39.975 31.468 54.264
v 39.895 32.538 54.921
v 37.991 31.962 55.950
v 37.999 31.938 55.958
v 37.792 31.884 56.068
v 37.939 31.964 55.934
v 37.543 32.235 55.450
v 37.518 32.259 55.437
v 37.533 30.119 54.425
v 37.877 30.796 55.419
v 37.507 30.147 54.336
v 37.503 30.151 54.329
v 33.929 31.116 57.402
v 33.989 29.014 56.297
v 33.552 28.900 56.495
v 32.953 28.827 56.622
v 33.049 30.936 57.713
v 31.859 28.827 56.622
v 31.763 30.936 57.713
v 31.260 28.900 56.495
v 30.824 29.014 56.297
v 30.884 31.116 57.402
v 27.301 30.146 54.337
v 27.262 32.235 55.451
v 27.290 32.259 55.436
v 27.309 30.151 54.329
v 27.279 30.119 54.426
v 26.869 31.964 55.936
v 27.019 31.884 56.068
v 26.932 30.799 55.420
v 26.810 31.938 55.958
v 26.812 31.961 55.952
v 24.918 32.539 54.921
v 24.910 32.572 54.881
v 24.833 31.468 54.258
v 25.258 32.864 54.373
v 25.244 32.848 54.370
v 25.249 32.902 54.304
v 25.084 30.836 53.237
v 25.131 30.842 53.132
v 22.994 31.504 52.072
v 23.014 33.613 53.071
v 22.938 33.605 53.094
v 22.567 32.191 53.015
v 20.638 33.908 52.563
v 20.618 33.936 52.514
v 20.586 32.812 51.963
v 20.979 34.237 51.993
v 20.963 34.276 51.924
v 20.875 32.177 50.820
v 20.559 32.835 51.896
v 20.859 32.219 50.747
v 18.776 32.883 49.597
v 18.772 34.981 50.705
v 18.696 34.979 50.707
v 18.702 32.884 49.716
v 18.270 34.688 51.212
v 18.344 33.543 50.671
v 16.364 35.285 50.184
v 16.302 34.190 49.577
v 16.355 35.325 50.128
v 16.696 35.615 49.605
v 16.669 35.653 49.541
v 16.524 33.571 48.491
v 16.216 34.222 49.492
v 14.449 36.349 48.334
v 14.432 34.239 47.335
v 14.469 36.239 48.525
v 14.016 36.379 48.325
v 13.637 36.256 48.533
v 13.850 36.385 48.315
v 14.062 34.910 48.296
v 14.051 36.055 48.848
v 13.840 36.113 48.772
v 11.998 35.575 47.172
v 13.941 34.956 48.271
v 46.090 32.840 49.680
v 44.272 32.834 51.879
v 44.020 32.205 50.867
v 44.247 32.855 51.895
v 44.382 32.878 51.835
v 42.120 32.152 53.081
v 24.708 31.511 54.205
v 22.691 32.154 53.081
v 20.525 32.833 51.867
v 20.560 32.856 51.897
v 20.789 32.207 50.868
v 20.428 32.878 51.835
v 18.721 32.840 49.681
v 13.989 34.953 48.279
v 13.938 34.934 48.275
v 14.141 34.885 48.374
v 12.024 35.541 47.218
v 11.997 35.541 47.087
v 9.848 36.258 45.982
v 7.586 36.977 44.725
v 37.554 30.167 54.498
v 37.481 32.116 55.667
v 37.810 30.748 55.517
v 35.878 30.161 56.571
v 35.885 30.140 56.575
v 35.557 31.518 56.708
v 35.472 29.460 55.526
v 35.879 31.255 57.158
v 35.531 31.500 56.728
v 35.394 31.444 56.832
v 35.714 31.221 57.217
v 35.427 29.466 55.633
v 35.748 30.115 56.603
v 35.816 30.157 56.570
v 33.898 29.556 57.626
v 33.885 30.643 58.221
v 33.381 29.447 57.789
v 33.370 30.551 58.380
v 34.035 31.032 57.546
v 32.880 30.677 58.156
v 33.228 30.851 57.860
v 33.645 30.926 57.729
v 32.852 30.763 58.031
v 32.874 30.580 58.328
v 32.739 28.761 56.736
v 33.214 28.821 56.632
v 32.831 30.742 58.032
v 32.851 29.161 57.392
v 32.803 28.970 57.049
v 33.903 29.536 57.628
v 32.850 29.122 57.324
v 32.076 28.761 56.739
v 32.007 28.969 57.049
v 31.978 30.735 58.040
v 31.930 30.676 58.160
v 31.932 30.590 58.315
v 30.915 29.556 57.626
v 31.432 29.447 57.789
v 30.910 29.536 57.628
v 30.927 30.643 58.221
v 30.777 31.032 57.546
v 31.168 30.926 57.729
v 31.599 28.821 56.632
v 31.585 30.851 57.860
v 29.423 31.444 56.830
v 29.385 29.466 55.632
v 30.452 30.785 57.992
v 29.080 30.111 56.613
v 29.096 31.223 57.213
v 29.338 29.462 55.522
v 28.990 30.158 56.572
v 28.929 30.162 56.569
v 27.003 30.748 55.517
v 28.681 30.210 56.448
v 28.934 31.253 57.158
v 29.276 31.504 56.724
v 29.248 31.520 56.719
v 27.335 32.116 55.667
v 27.258 30.167 54.498
v 54.605 37.586 46.192
v 54.916 37.366 46.548
v 52.990 35.621 47.101
v 54.910 37.366 46.580
v 54.905 37.333 46.624
v 52.667 36.972 47.262
v 52.988 36.725 47.684
v 52.928 36.751 47.660
v 50.624 35.972 48.988
v 48.378 35.597 49.637
v 46.075 34.847 50.936
v 46.359 34.619 51.318
v 46.375 33.503 50.766
v 46.342 34.637 51.318
v 46.354 34.597 51.358
v 46.333 34.598 51.371
v 46.018 34.854 50.924
v 46.019 32.834 49.682
v 44.099 34.231 52.003
v 44.400 33.993 52.416
v 44.037 32.255 50.921
v 41.762 33.483 53.298
v 42.066 33.249 53.704
v 39.830 32.881 54.336
v 39.765 30.837 53.140
v 39.754 30.874 53.284
v 39.816 32.867 54.375
v 42.046 33.220 53.751
v 40.119 32.625 54.784
v 39.808 32.838 54.406
v 25.005 32.838 54.406
v 24.696 32.625 54.784
v 24.997 32.866 54.375
v 24.985 32.879 54.336
v 25.040 30.840 53.134
v 23.054 33.483 53.298
v 22.747 33.249 53.705
v 22.766 33.221 53.752
v 20.775 32.255 50.921
v 20.716 34.229 52.006
v 20.415 33.993 52.416
v 18.791 34.854 50.925
v 18.783 32.834 49.681
v 18.452 33.507 50.773
v 18.478 34.597 51.371
v 18.731 34.844 50.939
v 18.463 34.630 51.316
v 18.448 34.610 51.324
v 18.435 33.501 50.766
v 16.433 35.598 49.635
v 14.187 35.973 48.986
v 11.819 35.619 47.101
v 11.820 36.724 47.684
v 11.885 36.751 47.660
v 12.140 36.978 47.255
v 10.211 37.586 46.192
v 9.909 37.333 46.626
v 7.941 36.324 43.778
v 7.872 38.332 44.898
v 7.572 38.096 45.308
v 7.216 37.100 44.534
v 6.602 37.422 43.979
v 6.383 37.610 43.630
v 7.114 37.167 44.449
v 7.579 36.439 43.437
v 7.534 38.479 44.645
v 6.927 38.825 44.045
v 6.430 38.683 44.288
v 6.458 38.713 44.247
v 7.127 38.259 45.043
v 6.720 38.458 44.680
v 7.118 38.237 45.046
v 6.305 37.680 43.522
v 6.353 37.629 43.508
v 6.813 38.917 43.886
v 6.325 38.792 44.103
v 5.865 38.527 42.065
v 5.887 38.328 42.411
v 5.962 38.103 42.796
v 6.064 37.965 43.066
v 6.098 37.879 43.185
v 6.721 37.090 42.310
v 6.674 39.138 43.481
v 6.658 39.155 43.487
v 6.126 38.982 43.772
v 5.925 39.413 43.027
v 5.999 39.197 43.404
v 5.905 39.609 42.690
v 5.918 39.816 42.351
v 5.849 38.733 41.687
v 33.634 47.087 23.278
v 33.648 46.387 22.901
v 33.634 47.427 23.590
v 33.634 47.424 23.272
v 33.631 46.397 22.732
v 33.631 46.221 23.024
v 33.638 46.269 22.579
v 33.623 46.143 22.543
v 33.638 45.947 22.682
v 33.627 45.967 22.949
v 33.631 47.107 23.606
v 33.928 46.397 22.906
v 33.928 46.212 23.040
v 33.929 45.982 22.986
v 33.928 45.933 22.693
v 33.929 46.163 22.534
v 33.927 46.296 22.571
v 33.928 46.404 22.714
v 33.954 45.884 22.324
v 33.928 47.422 23.612
v 33.929 47.101 23.623
v 33.928 47.078 23.272
v 33.928 47.430 23.259
v 33.954 46.985 22.958
v 33.954 47.525 22.960
v 33.955 47.805 23.431
v 33.955 47.532 23.903
v 33.955 46.710 23.428
v 33.955 46.983 23.904
v 34.306 46.976 22.937
v 34.312 47.535 22.937
v 34.323 47.558 22.941
v 34.323 47.824 23.427
v 34.317 46.948 22.940
v 34.306 46.690 23.426
v 34.334 47.834 23.453
v 34.321 47.537 23.921
v 34.317 46.681 23.453
v 34.314 46.973 23.920
v 34.325 46.948 23.918
v 34.331 47.558 23.917
v 33.955 46.431 22.320
v 33.952 46.703 22.793
v 33.952 46.429 23.268
v 33.955 45.610 22.793
v 33.952 45.885 23.267
v 34.292 46.442 22.304
v 34.301 46.724 22.793
v 34.301 46.442 23.285
v 34.284 45.875 22.303
v 34.293 45.875 23.286
v 34.284 45.591 22.792
v 30.860 46.984 23.902
v 30.860 47.529 23.903
v 30.858 46.710 23.428
v 30.860 47.803 23.428
v 30.507 46.976 22.937
v 30.500 47.535 22.936
v 30.490 47.558 22.941
v 30.490 47.824 23.427
v 30.496 46.947 22.940
v 30.506 46.690 23.427
v 30.478 47.833 23.453
v 30.492 47.537 23.921
v 30.496 46.680 23.453
v 30.498 46.974 23.920
v 30.481 47.558 23.917
v 30.487 46.948 23.919
v 30.860 45.885 23.267
v 30.860 46.429 23.268
v 30.858 45.610 22.793
v 30.860 46.703 22.793
v 30.858 45.882 22.321
v 30.858 46.431 22.320
v 30.520 45.875 23.286
v 30.511 46.440 23.286
v 30.528 45.590 22.795
v 30.511 46.724 22.796
v 30.528 45.872 22.304
v 30.520 46.442 22.304
v 56.948 37.903 42.143
v 56.943 37.366 43.077
v 56.465 37.504 42.835
v 56.465 37.767 42.380
v 57.432 36.965 42.550
v 57.431 37.250 42.063
v 57.453 37.235 42.060
v 56.938 36.820 42.798
v 56.937 37.349 43.081
v 57.432 37.251 42.038
v 56.939 37.393 41.806
v 7.875 37.349 43.081
v 7.877 36.820 42.798
v 7.380 36.963 42.551
v 7.379 37.249 42.063
v 7.877 37.393 41.806
v 7.380 37.250 42.038
v 39.014 49.473 25.603
v 39.131 49.879 24.904
v 39.149 49.852 24.968
v 37.495 50.154 24.423
v 39.164 49.858 24.927
v 39.325 49.826 24.991
v 37.078 49.494 25.545
v 37.512 49.085 23.780
v 38.995 48.368 25.020
v 39.150 48.822 24.256
v 39.268 48.782 24.301
v 39.261 48.746 24.344
v 38.493 48.933 24.019
v 37.413 49.119 23.715
v 36.931 48.419 24.928
v 37.400 48.933 24.019
v 25.791 49.474 25.602
v 25.676 49.876 24.908
v 27.302 50.151 24.426
v 25.659 49.852 24.966
v 25.470 49.824 24.994
v 25.643 49.853 24.931
v 27.734 49.495 25.546
v 27.292 49.085 23.779
v 25.658 48.817 24.247
v 25.959 48.352 25.044
v 25.803 48.370 25.017
v 25.530 48.778 24.308
v 27.881 48.420 24.928
v 25.551 48.746 24.344
v 27.392 49.117 23.719
v 26.320 48.933 24.019
v 27.413 48.933 24.019
v 41.300 48.379 25.002
v 41.236 48.354 25.044
v 41.290 48.428 24.914
v 39.297 48.741 24.364
v 39.056 48.407 24.943
v 37.331 48.933 24.019
v 35.290 48.710 24.426
v 25.516 48.741 24.364
v 25.755 48.408 24.942
v 23.507 48.381 24.997
v 23.520 48.427 24.914
v 23.570 48.355 25.043
v 29.519 48.709 24.430
v 27.481 48.933 24.019
v 29.529 48.752 24.380
v 27.865 48.453 24.897
v 27.455 49.137 23.692
v 25.499 48.759 24.366
v 23.553 48.440 24.900
v 39.313 48.759 24.366
v 35.284 48.751 24.380
v 36.947 48.453 24.897
v 37.332 50.201 24.335
v 35.853 50.465 23.876
v 36.889 49.525 25.512
v 35.332 49.803 25.032
v 41.151 49.473 25.605
v 41.149 49.516 25.525
v 39.101 49.496 25.546
v 23.663 49.516 25.526
v 23.661 49.472 25.605
v 25.711 49.495 25.546
v 27.930 49.524 25.515
v 27.478 50.200 24.337
v 29.482 49.802 25.032
v 37.358 50.187 24.343
v 37.336 50.201 24.362
v 27.465 50.190 24.381
v 27.447 50.181 24.348
v 58.054 20.355 31.874
v 57.313 19.291 33.209
v 56.878 19.226 33.503
v 56.884 19.363 33.600
v 57.690 19.582 32.705
v 57.352 19.568 33.238
v 57.927 19.845 32.249
v 57.690 19.802 32.832
v 57.927 20.065 32.376
v 56.743 19.119 33.510
v 56.776 19.379 33.577
v 56.415 19.831 32.528
v 56.673 20.105 31.991
v 56.772 20.288 31.992
v 56.560 19.945 32.077
v 56.428 19.831 32.275
v 56.560 20.165 32.204
v 56.445 20.116 32.290
v 56.403 20.004 32.483
v 57.516 20.072 31.781
v 57.469 20.396 31.803
v 56.697 19.294 33.745
v 57.275 19.455 33.434
v 57.630 19.662 33.076
v 58.086 20.155 32.222
v 57.903 19.788 32.603
v 58.086 19.935 32.095
v 57.630 19.442 32.949
v 56.410 19.916 32.127
v 56.478 19.975 32.026
v 56.803 20.093 31.821
v 57.894 20.426 31.905
v 57.522 20.353 31.965
v 57.416 20.217 31.515
v 57.415 20.514 31.685
v 57.409 20.256 31.515
v 58.054 32.776 39.064
v 57.352 32.106 40.477
v 56.879 31.845 40.789
v 56.884 32.001 40.897
v 57.690 32.230 40.008
v 57.927 32.494 39.552
v 57.690 32.450 40.135
v 57.927 32.714 39.679
v 56.754 31.764 40.757
v 56.687 32.054 40.821
v 56.705 32.031 41.003
v 56.409 32.401 39.713
v 56.411 32.652 39.786
v 56.709 32.688 39.216
v 56.772 32.936 39.294
v 56.645 32.880 39.392
v 56.560 32.703 39.444
v 56.445 32.511 39.523
v 56.450 32.739 39.509
v 57.469 32.825 38.979
v 57.516 33.006 39.248
v 56.745 31.811 40.972
v 58.134 32.990 38.904
v 57.275 32.103 40.737
v 57.630 32.310 40.378
v 58.086 32.693 39.460
v 57.903 32.546 39.969
v 57.630 32.090 40.251
v 57.275 31.883 40.610
v 57.903 32.326 39.842
v 56.478 32.623 39.328
v 57.522 32.707 39.097
v 57.422 32.844 38.826
v 57.416 33.164 38.990
v 57.412 32.904 38.826
v 59.052 18.623 21.194
v 59.103 18.467 21.465
v 59.084 17.174 20.638
v 59.054 17.319 20.509
v 58.772 17.189 20.665
v 58.820 17.436 20.613
v 58.472 17.203 20.718
v 58.452 17.466 20.532
v 58.478 17.305 20.896
v 58.861 18.593 21.543
v 58.860 18.643 21.244
v 58.849 18.764 21.343
v 58.923 18.853 21.376
v 59.026 18.423 21.541
v 59.103 18.701 21.669
v 58.912 18.435 21.520
v 58.945 18.708 21.657
v 59.102 18.888 21.346
v 58.800 17.343 20.836
v 58.737 17.180 20.803
v 59.051 17.242 20.758
v 59.295 18.646 21.582
v 59.293 18.623 21.195
v 59.286 18.433 21.524
v 59.278 18.868 21.380
v 59.260 18.708 21.657
v 59.052 21.957 15.420
v 59.084 21.936 15.837
v 59.077 20.481 14.929
v 59.077 20.608 14.709
v 58.765 20.502 14.962
v 58.750 20.681 14.701
v 58.461 20.508 14.990
v 58.506 20.712 14.678
v 58.410 20.730 14.858
v 58.870 21.864 15.755
v 58.863 21.973 15.466
v 58.905 22.167 15.594
v 58.919 22.060 15.851
v 59.102 22.221 15.571
v 58.846 20.739 14.916
v 59.049 20.633 14.870
v 59.287 21.820 15.766
v 59.293 21.956 15.421
v 59.278 22.202 15.606
v 59.286 22.061 15.850
v 6.474 14.055 26.532
v 6.338 13.972 26.676
v 6.273 13.881 26.624
v 6.063 13.865 26.542
v 6.001 14.019 26.594
v 6.034 14.113 26.314
v 6.308 14.150 26.269
v 6.467 14.097 26.405
v 6.458 13.920 26.471
v 6.464 13.917 26.399
v 34.551 23.475 10.160
v 34.536 23.367 10.398
v 34.623 23.223 10.356
v 34.789 23.104 10.438
v 35.021 23.482 10.151
v 34.801 23.442 9.978
v 34.972 23.233 10.340
v 35.023 23.392 10.356
v 5.806 15.606 23.516
v 5.786 18.954 17.750
v 6.302 17.164 20.821
v 6.263 17.390 20.418
v 6.473 17.409 20.666
v 6.461 17.236 20.660
v 6.108 17.386 20.427
v 6.333 17.482 20.519
v 6.070 17.182 20.800
v 5.987 17.433 20.616
v 6.043 17.188 20.664
v 59.026 18.954 17.750
v 59.006 15.606 23.516
v 58.550 17.393 20.417
v 58.335 17.409 20.680
v 58.706 17.380 20.426
v 58.503 17.165 20.819
v 5.806 13.451 27.248
v 59.006 13.451 27.248
v 58.789 13.879 26.342
v 58.790 14.119 26.337
v 58.743 13.866 26.551
v 58.479 14.141 26.282
v 58.522 13.879 26.607
v 58.342 14.092 26.412
v 55.857 23.129 10.538
v 55.641 23.122 10.532
v 56.412 23.051 10.660
v 56.977 22.938 10.856
v 57.321 22.817 11.047
v 57.486 22.792 11.123
v 59.034 21.259 13.765
v 58.802 21.890 12.835
v 58.995 21.560 13.256
v 58.277 22.416 11.932
v 58.630 22.122 12.283
v 58.566 20.488 15.072
v 58.336 20.731 14.926
v 58.110 22.477 11.648
v 58.688 20.491 15.063
v 58.434 12.301 29.297
v 58.699 12.541 28.878
v 59.003 13.058 27.983
v 58.862 12.872 28.398
v 59.034 13.322 27.513
v 6.693 12.091 29.645
v 7.105 12.001 29.973
v 5.950 12.872 28.398
v 5.884 12.931 28.149
v 6.704 12.280 29.573
v 6.379 12.301 29.297
v 6.113 12.541 28.878
v 5.809 13.058 27.983
v 5.779 13.322 27.513
v 5.779 21.259 13.765
v 5.882 21.610 13.118
v 6.472 20.729 14.914
v 6.309 20.716 14.681
v 6.011 21.890 12.835
v 6.702 22.477 11.648
v 6.349 20.509 14.991
v 6.182 22.122 12.283
v 6.379 20.735 14.864
v 6.245 20.484 15.070
v 6.063 20.674 14.700
v 5.966 20.740 14.913
v 6.536 22.416 11.932
v 6.052 20.499 14.967
v 6.118 20.503 15.067
v 7.327 22.792 11.123
v 7.492 22.817 11.047
v 7.135 22.685 11.289
v 7.835 22.938 10.856
v 8.401 23.051 10.660
v 9.172 23.122 10.532
v 9.546 23.143 10.502
v 12.361 23.114 10.520
v 16.329 23.114 10.520
v 18.635 23.101 10.440
v 22.392 23.114 10.520
v 22.780 23.161 10.484
v 29.783 23.475 10.167
v 26.925 23.482 10.151
v 29.785 23.388 10.352
v 26.875 23.233 10.340
v 29.934 23.118 10.431
v 26.927 23.392 10.356
v 29.993 23.454 9.995
v 29.840 23.232 10.341
v 26.743 23.843 9.283
v 26.701 23.104 10.438
v 26.147 23.737 9.467
v 26.454 23.475 10.160
v 26.704 23.442 9.978
v 26.527 23.223 10.356
v 30.258 23.482 10.151
v 26.467 23.379 10.372
v 30.166 23.105 10.433
v 30.345 23.346 10.457
v 30.552 24.543 8.095
v 34.261 24.543 8.095
v 36.454 24.132 8.783
v 38.119 23.107 10.436
v 38.355 23.482 10.151
v 38.306 23.233 10.340
v 38.666 23.737 9.467
v 38.350 23.388 10.365
v 37.936 23.232 10.341
v 37.881 23.388 10.352
v 37.879 23.475 10.167
v 38.069 23.843 9.283
v 38.089 23.454 9.995
v 42.033 23.161 10.484
v 42.420 23.114 10.520
v 45.590 23.129 10.519
v 48.483 23.114 10.520
v 52.452 23.114 10.520
v 54.993 23.129 10.519
v 55.266 23.143 10.502
v 56.408 12.969 28.126
v 56.440 12.733 28.523
v 56.396 12.834 28.368
v 57.878 13.451 27.248
v 57.878 15.606 23.516
v 57.876 18.954 17.750
v 56.938 22.255 12.040
v 57.504 22.833 11.317
v 57.903 22.628 11.683
v 57.347 22.229 12.309
v 56.617 22.493 11.818
v 57.910 21.582 13.405
v 57.703 21.708 13.000
v 57.516 21.910 12.640
v 57.918 21.323 13.802
v 55.722 22.542 11.559
v 55.266 22.561 11.522
v 56.294 22.455 11.713
v 56.153 22.483 11.657
v 52.452 22.561 11.504
v 48.483 22.561 11.504
v 45.590 22.561 11.504
v 42.420 22.561 11.504
v 38.666 22.561 11.504
v 36.454 22.561 11.504
v 34.137 22.561 11.504
v 31.611 22.561 11.504
v 30.676 22.561 11.504
v 26.147 22.561 11.504
v 22.392 22.561 11.504
v 18.712 22.561 11.504
v 16.329 22.561 11.504
v 12.361 22.561 11.504
v 9.546 22.561 11.522
v 9.091 22.542 11.559
v 8.649 22.482 11.663
v 7.465 22.229 12.309
v 7.296 21.910 12.640
v 8.477 22.441 11.711
v 8.177 22.527 11.814
v 7.875 22.255 12.040
v 7.248 21.859 12.754
v 6.909 22.628 11.683
v 6.894 21.323 13.802
v 7.109 21.708 13.000
v 6.886 21.589 13.406
v 6.937 18.954 17.750
v 6.935 15.606 23.516
v 6.953 13.327 27.516
v 6.948 13.157 27.908
v 6.935 13.451 27.248
v 7.195 13.036 28.010
v 7.042 13.063 27.966
v 8.386 12.970 28.126
v 8.415 12.820 28.388
v 7.456 12.983 28.095
v 7.794 12.386 29.266
v 8.150 12.234 29.409
v 7.797 12.625 28.720
v 7.838 12.507 28.936
v 7.495 13.073 27.963
v 7.787 13.137 27.839
v 7.764 12.413 29.100
v 7.396 12.836 28.364
v 7.501 13.122 27.869
v 8.080 13.142 27.835
v 8.430 12.723 28.526
v 8.120 12.628 28.716
v 8.343 12.680 28.639
v 7.558 12.677 28.629
v 7.449 12.734 28.513
v 8.405 12.157 29.524
v 8.330 13.109 27.894
v 8.197 13.059 27.981
v 7.518 11.734 30.262
v 8.468 12.115 29.546
v 8.461 11.358 30.781
v 12.361 10.872 31.750
v 8.995 11.485 30.591
v 9.019 11.741 30.482
v 10.609 10.746 31.934
v 8.727 11.410 30.768
v 8.930 11.471 30.700
v 8.630 11.486 30.557
v 8.651 11.744 30.465
v 8.918 11.670 30.324
v 8.763 11.676 30.316
v 16.329 9.604 33.946
v 14.101 9.973 33.539
v 12.709 10.760 31.943
v 14.079 10.161 33.253
v 14.111 9.989 33.235
v 15.788 9.091 34.800
v 13.757 9.943 33.565
v 12.361 10.186 32.904
v 13.734 9.966 33.241
v 13.650 9.948 33.349
v 13.794 10.169 33.225
v 17.889 9.106 34.809
v 18.712 8.160 36.447
v 16.341 9.077 35.080
v 22.392 7.667 37.300
v 19.429 8.218 36.288
v 19.415 8.419 36.235
v 19.390 8.182 36.389
v 21.637 7.223 38.037
v 18.712 8.843 35.264
v 18.966 8.414 36.217
v 19.187 8.121 36.478
v 18.971 8.188 36.281
v 19.195 8.479 36.122
v 18.878 8.079 36.480
v 19.189 8.362 36.040
v 26.147 6.468 39.378
v 26.147 5.785 40.561
v 25.832 6.340 39.809
v 22.392 6.993 38.468
v 25.516 6.036 40.074
v 25.410 6.336 39.763
v 23.738 7.237 38.045
v 25.729 6.097 39.993
v 25.535 6.313 39.607
v 25.754 6.098 39.888
v 25.714 6.306 39.614
v 25.338 6.325 39.864
v 29.496 5.398 41.231
v 27.358 5.398 41.231
v 30.412 4.534 42.908
v 30.676 5.021 41.884
v 30.676 4.352 43.042
v 31.438 4.202 43.303
v 30.889 4.297 43.149
v 31.463 4.816 42.256
v 31.010 4.932 42.057
v 32.180 4.291 43.108
v 31.829 4.159 43.386
v 32.650 4.383 42.988
v 34.137 4.352 43.042
v 33.924 4.297 43.149
v 32.630 4.286 43.117
v 33.465 4.212 43.303
v 32.406 4.173 43.355
v 32.398 4.208 43.231
v 32.122 4.425 42.990
v 32.036 4.613 42.874
v 31.800 4.795 42.511
v 32.772 4.609 42.874
v 32.402 4.454 42.832
v 33.012 4.795 42.511
v 33.366 4.820 42.251
v 34.137 5.021 41.884
v 32.984 4.159 43.386
v 32.406 4.737 42.429
v 33.803 4.932 42.057
v 35.317 5.398 41.231
v 36.454 5.079 41.784
v 34.396 4.545 42.906
v 36.454 5.761 40.601
v 38.666 6.468 39.378
v 38.666 5.785 40.561
v 37.454 5.398 41.231
v 39.075 6.097 39.998
v 38.979 6.338 39.812
v 39.291 6.040 40.068
v 39.089 6.303 39.619
v 42.420 6.993 38.468
v 39.470 6.324 39.848
v 41.075 7.237 38.045
v 39.268 6.314 39.605
v 39.390 6.339 39.753
v 39.356 6.077 39.867
v 49.061 9.106 34.809
v 51.044 9.936 33.570
v 50.709 9.976 33.540
v 51.055 9.974 33.222
v 51.008 10.173 33.216
v 52.104 10.760 31.943
v 52.452 10.186 32.904
v 51.160 9.945 33.315
v 48.483 9.604 33.946
v 50.736 10.162 33.252
v 51.192 9.926 33.519
v 50.695 9.984 33.243
v 54.204 10.746 31.934
v 52.452 10.872 31.750
v 54.993 11.684 30.344
v 54.909 11.207 31.503
v 56.344 12.115 29.546
v 56.060 11.674 30.319
v 55.905 11.672 30.320
v 56.407 12.157 29.524
v 58.120 12.091 29.645
v 57.295 11.734 30.262
v 57.710 12.007 29.971
v 56.663 12.234 29.409
v 57.018 12.386 29.266
v 57.370 12.969 28.120
v 57.305 13.060 27.974
v 57.616 13.036 28.010
v 57.854 13.151 27.907
v 57.249 12.679 28.629
v 57.049 12.413 29.100
v 57.860 13.327 27.516
v 56.963 12.622 28.725
v 56.975 12.507 28.936
v 56.992 13.139 27.836
v 57.253 13.123 27.868
v 57.769 13.067 27.966
v 57.412 12.815 28.394
v 56.434 12.661 28.673
v 56.660 12.638 28.699
v 56.482 13.109 27.894
v 56.579 13.032 28.011
v 56.719 13.147 27.826
v 31.611 24.524 8.104
v 31.111 24.219 8.633
v 31.611 24.219 8.632
v 31.111 23.843 9.283
v 31.109 22.961 10.810
v 31.123 22.904 10.906
v 31.091 22.942 10.844
v 31.111 23.122 10.532
v 33.721 22.942 10.844
v 33.703 22.961 10.810
v 33.690 22.904 10.906
v 31.611 22.886 10.940
v 33.702 23.122 10.532
v 33.702 23.843 9.283
v 33.701 24.219 8.633
v 45.842 8.420 36.218
v 48.462 9.118 35.080
v 46.924 9.106 34.809
v 45.594 8.479 36.124
v 45.624 8.366 36.039
v 45.590 8.680 35.547
v 45.915 8.077 36.491
v 45.838 8.190 36.275
v 45.590 7.997 36.730
v 45.614 8.126 36.471
v 43.175 7.223 38.037
v 42.420 7.667 37.300
v 45.424 8.175 36.386
v 45.382 8.221 36.291
v 45.394 8.411 36.231
v 34.807 22.843 11.036
v 35.000 22.878 10.986
v 34.591 22.882 11.018
v 34.441 23.179 10.736
v 34.990 23.094 10.783
v 34.796 23.159 10.713
v 54.004 22.833 11.057
v 54.211 22.874 10.979
v 53.793 22.887 11.010
v 54.003 23.103 10.722
v 54.200 23.090 10.783
v 53.797 23.106 10.785
v 46.215 22.859 11.025
v 45.894 22.868 11.027
v 46.172 23.113 10.737
v 45.942 23.122 10.745
v 38.089 22.851 11.047
v 37.895 22.871 10.958
v 38.329 22.874 10.990
v 38.097 23.138 10.713
v 38.315 23.098 10.775
v 37.905 23.089 10.798
v 29.966 22.833 11.057
v 26.710 22.840 11.032
v 26.493 22.880 11.013
v 30.214 22.880 10.988
v 26.906 22.874 10.979
v 29.803 22.875 10.968
v 26.495 23.101 10.779
v 29.810 23.089 10.795
v 26.895 23.090 10.783
v 26.705 23.141 10.710
v 30.350 23.174 10.736
v 30.009 23.161 10.716
v 18.593 22.861 11.022
v 18.918 22.859 11.015
v 18.859 23.130 10.739
v 18.636 23.122 10.742
v 10.783 22.847 11.067
v 11.024 22.874 10.990
v 10.594 22.875 10.968
v 8.956 23.129 10.538
v 10.602 23.091 10.797
v 10.802 23.107 10.724
v 11.014 23.093 10.778
v 54.993 22.561 11.504
v 5.817 21.560 13.256
v 58.108 12.280 29.573
v 34.094 23.103 10.523
v 34.137 23.843 9.283
v 36.454 23.843 9.283
v 36.454 23.122 10.532
v 12.361 22.849 11.004
v 22.392 22.849 11.004
v 26.147 23.107 10.524
v 38.666 22.849 11.004
v 38.666 23.107 10.524
v 42.420 22.849 11.004
v 48.483 22.849 11.004
v 12.361 22.678 11.300
v 16.329 22.849 11.004
v 22.625 22.911 11.227
v 26.147 22.849 11.004
v 30.667 22.897 11.241
v 30.676 22.849 11.004
v 31.611 22.678 11.300
v 34.137 22.849 11.004
v 38.666 22.678 11.300
v 42.182 22.913 11.222
v 45.590 22.849 11.004
v 48.483 22.678 11.300
v 52.452 22.849 11.004
v 54.859 22.923 11.209
v 54.993 22.849 11.004
v 56.335 22.849 11.004
v 5.872 18.954 17.750
v 6.702 15.621 23.524
v 5.872 15.621 23.524
v 6.702 18.954 17.750
v 58.110 15.621 23.524
v 58.110 18.954 17.750
v 5.872 13.472 27.246
v 6.702 13.472 27.246
v 58.110 13.472 27.246
v 56.352 22.746 11.367
v 7.150 12.153 29.532
v 8.460 22.746 11.367
v 8.477 22.849 11.004
v 30.676 23.843 9.283
v 30.719 23.103 10.523
v 52.359 22.903 11.230
v 45.590 22.678 11.300
v 36.454 22.678 11.300
v 34.145 22.897 11.241
v 26.147 22.678 11.300
v 18.681 22.913 11.180
v 16.329 22.678 11.300
v 12.399 10.858 32.099
v 16.329 9.091 34.800
v 22.392 7.223 38.037
v 36.454 5.398 41.231
v 42.420 7.223 38.037
v 52.407 10.858 32.099
v 48.483 9.091 34.800
v 36.454 22.849 11.004
v 8.424 13.063 27.983
v 8.081 12.557 28.862
v 33.676 25.137 12.122
v 33.700 26.381 9.967
v 31.138 25.136 12.123
v 31.112 26.380 9.968
v 33.666 26.413 9.911
v 31.148 26.415 9.908
v 33.699 25.627 9.448
v 33.700 28.635 11.143
v 33.702 28.609 11.188
v 33.699 27.208 10.361
v 31.113 25.627 9.448
v 31.110 28.609 11.188
v 31.113 27.208 10.361
v 31.112 28.635 11.143
v 31.113 24.334 11.688
v 31.111 27.323 13.416
v 31.113 25.915 12.600
v 33.699 24.334 11.688
v 33.701 27.323 13.416
v 33.699 25.915 12.600
v 5.842 21.646 13.138
v 6.087 21.965 12.518
v 6.432 22.289 11.956
v 7.795 22.983 11.016
v 8.110 23.000 10.767
v 8.743 23.139 10.708
v 22.784 24.318 11.321
v 9.546 24.334 11.273
v 22.880 24.417 11.146
v 8.695 24.284 11.359
v 8.088 24.254 11.429
v 7.430 24.078 11.734
v 6.975 23.788 12.238
v 6.378 23.552 12.644
v 6.026 23.223 13.215
v 5.809 22.865 13.834
v 5.736 22.494 14.478
v 5.792 14.556 28.226
v 6.938 11.966 29.823
v 6.097 12.580 28.773
v 5.846 12.965 28.175
v 5.813 14.177 28.883
v 6.038 13.813 29.513
v 6.405 13.478 30.093
v 6.885 13.267 30.442
v 7.495 12.951 31.006
v 24.709 7.542 40.366
v 26.819 6.857 41.541
v 30.415 5.692 43.571
v 31.346 4.213 43.307
v 30.996 5.484 43.939
v 31.688 5.383 44.115
v 32.406 5.349 44.174
v 33.124 5.383 44.115
v 33.816 5.484 43.939
v 34.397 5.692 43.571
v 37.976 6.859 41.545
v 35.886 6.171 42.729
v 57.317 12.951 31.006
v 58.967 12.965 28.175
v 58.716 12.580 28.773
v 57.874 11.966 29.823
v 57.927 13.267 30.442
v 58.408 13.478 30.093
v 58.774 13.813 29.513
v 59.000 14.177 28.883
v 58.982 14.555 28.225
v 58.964 22.431 14.586
v 56.070 23.139 10.708
v 56.702 23.000 10.767
v 57.018 22.983 11.016
v 58.381 22.289 11.956
v 58.726 21.965 12.518
v 58.971 21.646 13.138
v 59.003 22.865 13.834
v 58.786 23.223 13.215
v 58.434 23.552 12.644
v 57.852 23.781 12.251
v 57.383 24.078 11.734
v 56.724 24.254 11.429
v 56.118 24.284 11.359
v 55.266 24.334 11.273
v 42.027 24.318 11.319
v 41.932 24.417 11.146
v 7.205 13.061 27.993
v 7.187 15.268 29.215
v 7.046 15.305 29.151
v 6.979 15.323 29.120
v 8.093 14.726 30.154
v 8.400 14.821 29.989
v 8.372 14.908 29.818
v 8.580 15.055 29.584
v 8.373 15.196 29.318
v 8.309 15.343 29.086
v 8.046 15.406 28.976
v 7.871 15.340 29.071
v 7.483 15.357 29.061
v 7.835 14.588 30.394
v 7.872 14.759 30.079
v 8.179 14.448 30.635
v 31.008 7.122 43.325
v 33.346 7.036 43.473
v 32.895 6.941 43.638
v 32.406 6.918 43.678
v 31.917 6.941 43.638
v 31.466 7.036 43.473
v 33.804 7.122 43.325
v 56.634 14.448 30.635
v 56.977 14.588 30.394
v 56.937 14.758 30.080
v 56.731 12.557 28.862
v 56.389 13.063 27.983
v 57.585 13.062 27.992
v 57.455 13.077 27.949
v 57.537 15.234 29.274
v 57.330 15.357 29.061
v 56.938 15.340 29.071
v 56.698 15.392 29.000
v 56.445 15.320 29.125
v 56.438 15.195 29.321
v 56.233 15.055 29.584
v 56.441 14.908 29.818
v 56.412 14.821 29.989
v 56.649 14.736 30.136
v 57.759 15.298 29.164
v 57.833 15.323 29.120
v 57.863 15.519 28.781
v 57.863 23.456 15.033
v 56.960 22.247 12.085
v 56.697 22.348 11.922
v 57.407 21.993 12.537
v 57.540 21.883 12.721
v 55.266 24.726 12.834
v 55.762 24.702 12.876
v 56.238 24.629 13.001
v 56.709 24.536 13.163
v 57.102 24.374 13.444
v 57.378 24.162 13.811
v 57.665 23.953 14.172
v 57.813 23.709 14.595
v 6.950 15.519 28.781
v 6.950 23.456 15.033
v 9.546 24.726 12.834
v 7.055 23.704 14.604
v 7.147 23.953 14.172
v 7.434 24.162 13.811
v 7.405 21.993 12.537
v 7.710 24.374 13.444
v 8.104 24.536 13.163
v 7.853 22.247 12.085
v 8.574 24.629 13.001
v 8.253 22.390 11.831
v 8.116 22.348 11.922
v 9.051 24.702 12.876
v 29.548 25.608 9.084
v 30.408 25.690 8.921
v 26.577 25.077 10.003
v 30.469 25.715 8.903
v 25.988 24.972 10.185
v 24.525 24.681 10.689
v 38.236 25.077 10.003
v 38.825 24.972 10.185
v 36.131 25.423 9.403
v 34.387 25.694 8.919
v 35.265 25.608 9.084
v 34.339 25.718 8.902
v 56.652 13.071 27.970
v 18.959 8.325 36.458
v 19.199 8.264 36.558
v 19.408 8.325 36.457
v 45.392 8.336 36.439
v 45.586 8.265 36.555
v 45.839 8.314 36.476
v 53.748 23.026 10.995
v 54.005 22.922 11.176
v 54.241 23.027 10.995
v 53.838 22.943 11.157
v 37.873 23.026 10.995
v 38.109 22.923 11.175
v 38.366 23.027 10.995
v 38.253 22.935 11.171
v 26.443 23.026 10.995
v 26.700 22.922 11.176
v 26.936 23.027 10.995
v 26.533 22.943 11.157
v 10.568 23.026 10.995
v 10.811 22.923 11.174
v 11.061 23.027 10.995
v 10.951 22.934 11.176
v 57.371 13.314 28.765
v 57.238 13.228 28.918
v 56.969 13.175 29.013
v 56.679 13.213 28.946
v 56.514 13.306 28.783
v 56.473 13.403 28.617
v 56.514 13.499 28.450
v 56.670 13.571 28.331
v 56.762 13.619 28.234
v 56.962 13.633 28.219
v 57.160 13.602 28.245
v 57.298 13.531 28.396
v 57.353 13.388 28.651
v 56.731 13.312 28.792
v 57.043 13.535 28.408
v 8.309 13.314 28.765
v 8.254 13.252 28.862
v 8.114 13.211 28.952
v 7.801 13.176 29.009
v 7.575 13.226 28.923
v 7.454 13.306 28.786
v 7.458 13.405 28.618
v 7.515 13.540 28.379
v 7.813 13.631 28.220
v 8.018 13.623 28.230
v 8.147 13.569 28.336
v 8.304 13.488 28.466
v 8.336 13.385 28.652
v 7.765 13.550 28.380
v 38.101 23.577 10.043
v 38.098 23.322 10.483
v 37.916 23.554 10.100
v 38.283 23.568 10.071
v 34.802 23.579 10.039
v 34.802 23.320 10.488
v 34.618 23.562 10.078
v 34.967 23.560 10.083
v 26.705 23.579 10.039
v 26.705 23.320 10.488
v 26.522 23.562 10.078
v 26.871 23.560 10.083
v 29.997 23.577 10.042
v 29.995 23.322 10.484
v 29.820 23.554 10.100
v 30.180 23.569 10.068
v 7.790 13.303 28.808
v 8.122 13.398 28.644
v 8.038 13.315 28.787
v 8.116 14.545 29.148
v 7.634 14.547 29.148
v 56.688 13.411 28.621
v 57.025 13.301 28.813
v 57.218 14.488 29.293
v 57.177 14.545 29.148
v 57.368 14.654 29.036
v 57.017 14.641 29.033
v 56.753 14.644 29.045
v 56.695 14.547 29.148
v 56.698 14.465 29.327
v 56.761 14.377 29.541
v 56.960 14.311 29.628
v 57.112 14.418 29.417
v 57.298 14.576 29.205
v 56.670 14.571 29.192
v 33.648 26.169 11.531
v 33.650 26.419 11.575
v 33.651 27.291 12.170
v 33.640 26.520 11.176
v 33.645 26.584 11.336
v 33.647 26.112 11.288
v 33.643 27.587 12.175
v 33.647 27.241 11.872
v 33.651 26.376 11.111
v 33.645 27.648 11.880
v 33.671 27.394 11.734
v 33.664 26.219 11.123
v 33.666 27.497 11.740
v 34.327 26.731 9.361
v 30.486 26.731 9.361
v 30.530 28.909 10.669
v 34.283 28.909 10.669
v 30.472 25.639 8.992
v 34.339 25.638 8.993
v 34.356 25.649 8.963
v 30.407 24.572 8.357
v 30.464 24.555 8.395
v 29.197 25.461 9.316
v 29.880 25.608 9.084
v 29.259 24.373 8.699
v 29.061 25.422 9.385
v 29.227 24.362 8.724
v 29.051 24.322 8.792
v 30.463 23.837 9.625
v 30.475 23.854 9.628
v 29.648 24.767 10.521
v 29.699 23.699 9.871
v 30.444 23.823 9.635
v 30.412 23.739 9.801
v 30.463 23.720 9.844
v 30.412 24.833 10.402
v 29.704 24.745 10.532
v 30.468 24.849 10.390
v 29.445 24.972 10.185
v 29.695 24.755 10.560
v 28.383 24.464 11.055
v 28.371 24.432 11.078
v 28.502 23.346 10.481
v 28.539 23.320 10.554
v 30.464 23.341 10.496
v 30.406 23.319 10.553
v 28.339 24.419 11.122
v 28.394 24.379 11.189
v 28.339 24.455 11.080
v 28.339 24.403 11.168
v 30.379 24.347 11.258
v 30.474 24.402 11.136
v 30.467 24.349 11.260
v 30.478 25.211 11.994
v 30.465 23.182 10.771
v 30.913 22.841 11.360
v 30.507 23.045 11.007
v 31.111 22.819 11.395
v 30.622 22.952 11.192
v 27.863 24.322 11.315
v 27.924 23.203 10.732
v 29.779 23.026 10.996
v 30.009 22.922 11.176
v 30.263 23.022 10.991
v 30.165 22.938 11.161
v 27.885 22.864 11.317
v 33.702 22.819 11.395
v 31.111 24.908 12.519
v 30.883 24.940 12.476
v 30.662 25.007 12.361
v 30.538 25.101 12.193
v 30.576 27.349 13.371
v 30.520 27.469 13.162
v 30.706 27.245 13.551
v 30.920 27.179 13.665
v 31.155 27.152 13.712
v 34.292 27.469 13.162
v 34.238 27.352 13.366
v 33.899 27.180 13.664
v 34.106 27.245 13.551
v 33.658 27.152 13.712
v 33.702 24.908 12.519
v 34.342 23.182 10.778
v 34.334 25.211 11.994
v 34.300 23.038 11.019
v 34.275 25.101 12.193
v 34.118 24.994 12.384
v 34.191 22.952 11.192
v 33.905 24.934 12.485
v 33.892 22.840 11.362
v 34.533 23.028 10.992
v 34.342 24.350 11.260
v 34.395 24.351 11.245
v 36.870 23.207 10.726
v 34.794 22.922 11.176
v 35.033 23.028 10.993
v 34.628 22.943 11.159
v 36.948 24.320 11.315
v 36.131 24.360 11.245
v 34.339 24.402 11.136
v 36.903 22.851 11.341
v 36.981 24.940 12.417
v 39.562 22.835 11.368
v 39.480 24.938 12.414
v 39.626 23.206 10.724
v 39.555 24.322 11.321
v 41.986 23.206 10.725
v 42.011 22.865 11.315
v 27.830 24.940 12.418
v 25.365 24.938 12.406
v 25.249 22.836 11.367
v 25.310 24.943 12.438
v 25.186 23.201 10.734
v 25.242 24.319 11.323
v 42.063 24.940 12.418
v 44.642 22.835 11.368
v 44.528 24.938 12.407
v 44.590 24.944 12.445
v 44.706 23.206 10.724
v 44.652 24.320 11.318
v 22.951 23.215 10.707
v 22.801 23.202 10.733
v 22.791 22.869 11.307
v 22.748 24.940 12.418
v 20.281 24.937 12.407
v 20.169 22.836 11.367
v 20.214 24.948 12.450
v 20.106 23.201 10.734
v 20.162 24.319 11.323
v 25.386 24.318 11.319
v 24.525 24.358 11.250
v 20.306 24.318 11.319
v 17.701 24.318 11.321
v 17.867 23.215 10.708
v 17.695 23.203 10.731
v 18.510 23.026 10.995
v 18.830 22.924 11.174
v 18.997 23.025 10.995
v 17.697 22.874 11.300
v 17.668 24.940 12.418
v 15.200 24.937 12.410
v 15.089 22.836 11.367
v 15.132 24.950 12.445
v 15.026 23.201 10.734
v 15.082 24.319 11.323
v 12.778 23.212 10.712
v 12.580 23.205 10.727
v 12.759 24.324 11.289
v 12.599 22.879 11.291
v 12.588 24.940 12.418
v 12.616 24.318 11.322
v 9.546 22.854 11.332
v 9.546 24.926 12.488
v 9.013 24.901 12.530
v 9.048 22.807 11.420
v 8.435 24.797 12.710
v 8.596 22.707 11.587
v 8.486 22.695 11.639
v 7.922 24.681 12.912
v 8.130 22.628 11.724
v 7.401 24.474 13.269
v 7.755 22.468 11.998
v 7.589 22.394 12.160
v 7.179 24.244 13.668
v 7.118 22.137 12.582
v 6.824 24.009 14.075
v 6.872 21.901 12.892
v 6.658 23.727 14.564
v 6.941 21.880 13.021
v 6.503 23.371 15.029
v 6.667 21.338 13.963
v 6.600 21.635 13.452
v 6.520 21.418 13.818
v 6.551 23.415 15.088
v 5.952 21.307 14.016
v 5.902 22.451 14.557
v 15.226 24.318 11.319
v 5.905 21.210 16.713
v 5.941 20.101 16.102
v 6.051 20.646 15.119
v 6.306 20.632 15.140
v 6.268 20.877 14.717
v 6.098 20.876 14.725
v 6.028 20.855 14.764
v 6.421 20.853 14.777
v 6.456 20.687 15.065
v 6.593 20.088 16.126
v 6.537 22.110 17.313
v 6.548 18.864 18.245
v 6.547 20.878 19.472
v 6.668 18.781 18.390
v 5.959 18.767 18.418
v 5.900 19.877 19.013
v 5.932 18.740 18.450
v 5.935 19.953 19.015
v 5.902 17.385 23.331
v 5.924 16.364 22.580
v 5.901 19.942 18.890
v 6.005 17.345 20.832
v 5.946 16.267 22.741
v 6.311 17.300 20.905
v 6.467 17.368 20.799
v 6.126 17.559 20.484
v 6.248 17.559 20.480
v 6.592 16.277 22.726
v 6.525 18.284 23.905
v 6.525 17.043 26.054
v 6.544 15.055 24.842
v 6.668 14.971 24.989
v 5.934 14.948 25.029
v 5.917 16.084 25.616
v 5.931 13.811 26.999
v 5.891 14.886 27.630
v 5.899 16.036 25.635
v 6.651 13.791 27.029
v 6.555 15.784 28.314
v 5.919 14.883 27.698
v 6.565 13.712 27.171
v 6.618 13.465 27.596
v 6.607 15.519 28.781
v 6.674 15.306 29.149
v 6.906 15.086 29.530
v 6.919 13.060 28.303
v 6.846 13.042 28.322
v 6.971 14.857 29.927
v 6.899 12.815 28.724
v 6.738 13.271 27.936
v 6.569 13.252 27.969
v 7.108 12.832 28.697
v 7.167 14.884 29.880
v 7.076 13.373 29.000
v 6.822 13.464 27.595
v 6.831 21.413 13.854
v 6.944 23.715 14.585
v 7.187 22.083 12.667
v 7.801 22.453 12.053
v 8.531 24.682 12.911
v 9.029 24.757 12.780
v 9.068 22.744 11.527
v 9.546 24.783 12.736
v 9.546 22.764 11.488
v 55.266 24.783 12.736
v 55.266 22.764 11.488
v 55.784 24.757 12.780
v 55.745 22.744 11.527
v 56.281 24.682 12.911
v 56.216 22.707 11.587
v 56.326 22.695 11.639
v 57.011 22.453 12.053
v 57.223 22.394 12.160
v 57.633 24.244 13.668
v 57.695 22.137 12.582
v 57.871 21.880 13.021
v 57.626 22.083 12.667
v 57.981 21.413 13.854
v 57.057 22.468 11.998
v 57.991 13.464 27.595
v 57.906 15.086 29.530
v 57.893 13.060 28.303
v 57.567 14.900 29.852
v 57.696 12.831 28.704
v 57.898 12.818 28.718
v 57.737 13.373 29.000
v 57.835 14.857 29.927
v 58.138 15.306 29.149
v 58.243 13.252 27.969
v 58.205 15.519 28.781
v 58.195 13.465 27.596
v 58.071 13.269 27.934
v 57.967 13.042 28.322
v 58.257 15.785 28.314
v 58.234 13.713 27.169
v 58.161 13.791 27.028
v 58.867 13.810 26.998
v 58.905 14.871 27.698
v 58.935 14.885 27.626
v 58.955 14.902 27.627
v 58.950 14.885 27.657
v 58.928 16.036 25.626
v 58.862 14.954 25.018
v 58.956 16.041 25.653
v 58.906 16.081 25.596
v 58.953 16.055 25.630
v 58.913 14.797 27.801
v 58.826 14.034 26.571
v 58.333 14.070 26.509
v 58.447 13.980 26.662
v 58.148 14.975 24.983
v 58.243 15.052 24.848
v 58.288 17.045 26.051
v 58.208 16.281 22.720
v 58.288 18.284 23.904
v 58.866 16.268 22.740
v 58.912 16.140 25.486
v 58.910 17.379 23.340
v 58.889 16.364 22.580
v 58.956 17.391 23.315
v 58.909 19.878 19.010
v 58.881 18.740 18.450
v 58.955 19.847 19.061
v 58.854 18.767 18.419
v 58.341 17.376 20.783
v 58.556 17.559 20.480
v 58.683 17.558 20.484
v 58.144 18.781 18.390
v 58.251 18.863 18.247
v 58.265 20.879 19.472
v 58.276 22.110 17.313
v 58.207 20.092 16.119
v 58.871 20.100 16.103
v 58.878 19.953 19.014
v 58.913 19.942 18.888
v 58.908 21.205 16.721
v 58.955 21.250 16.631
v 58.909 22.446 14.566
v 58.861 21.309 14.013
v 58.701 20.877 14.721
v 58.528 20.877 14.718
v 58.483 20.637 15.133
v 58.749 20.643 15.124
v 58.392 20.853 14.777
v 58.784 20.855 14.764
v 58.135 21.334 13.968
v 58.262 23.416 15.088
v 58.309 23.372 15.030
v 58.280 21.421 13.815
v 58.155 23.727 14.564
v 58.183 21.637 13.446
v 57.989 24.009 14.075
v 57.882 21.865 12.893
v 57.411 24.474 13.269
v 56.891 24.681 12.912
v 56.377 24.797 12.710
v 56.682 22.628 11.724
v 55.800 24.901 12.530
v 55.765 22.807 11.420
v 55.266 24.926 12.488
v 55.266 22.854 11.332
v 52.224 24.940 12.418
v 52.199 22.875 11.298
v 52.208 23.206 10.726
v 52.184 24.319 11.329
v 52.030 23.223 10.695
v 49.787 23.209 10.719
v 49.738 24.320 11.337
v 49.723 22.835 11.367
v 49.679 24.948 12.450
v 49.610 24.937 12.408
v 47.108 22.871 11.304
v 47.144 24.940 12.418
v 47.100 23.205 10.726
v 46.124 22.922 11.177
v 46.303 23.027 10.992
v 45.812 23.025 10.995
v 45.978 22.924 11.173
v 46.941 23.220 10.698
v 47.110 24.318 11.319
v 35.615 25.461 9.317
v 34.933 25.608 9.084
v 34.342 24.555 8.401
v 34.394 24.568 8.363
v 35.577 24.365 8.717
v 34.337 23.854 9.629
v 34.343 23.841 9.629
v 34.362 23.828 9.630
v 35.548 24.362 8.703
v 35.745 24.321 8.794
v 35.752 25.422 9.385
v 35.110 23.698 9.874
v 35.159 24.767 10.519
v 34.383 23.792 9.707
v 34.343 23.744 9.789
v 34.382 24.839 10.398
v 35.110 24.745 10.532
v 34.342 24.849 10.390
v 35.367 24.972 10.185
v 35.107 24.755 10.560
v 34.342 23.326 10.495
v 36.314 23.335 10.480
v 36.429 24.442 11.059
v 36.414 24.377 11.191
v 36.425 24.465 11.053
v 36.131 24.546 10.923
v 36.471 24.420 11.118
v 36.467 24.399 11.169
v 36.464 24.457 11.074
v 39.423 24.317 11.316
v 39.430 24.950 12.432
v 39.464 24.899 12.330
v 39.415 22.956 11.177
v 39.382 23.209 10.720
v 39.377 22.926 11.207
v 37.085 22.922 11.213
v 37.064 24.944 12.456
v 37.088 24.360 11.222
v 37.084 23.213 10.708
v 37.036 22.957 11.177
v 36.988 24.899 12.330
v 38.097 24.345 11.371
v 44.507 24.319 11.319
v 5.900 16.138 25.487
v 5.895 14.795 27.806
v 49.586 24.318 11.317
v 33.929 27.280 12.188
v 33.925 27.196 11.874
v 33.939 27.270 11.620
v 33.949 27.652 11.563
v 33.927 27.647 11.883
v 33.928 27.574 12.176
v 33.951 26.911 11.978
v 33.929 26.167 11.553
v 33.928 26.071 11.305
v 33.944 26.097 10.954
v 33.929 26.411 11.099
v 33.923 26.526 11.181
v 33.928 26.582 11.326
v 33.928 26.421 11.571
v 33.938 26.572 11.456
v 32.725 5.981 44.011
v 32.722 6.291 44.014
v 32.721 6.602 44.013
v 32.401 6.577 44.038
v 32.087 6.600 44.012
v 32.088 6.300 44.014
v 32.085 5.982 44.012
v 32.148 5.678 44.010
v 32.404 5.485 44.012
v 32.654 5.676 44.010
v 32.782 5.453 44.017
v 32.024 5.450 44.017
v 8.672 11.597 30.793
v 8.986 11.606 30.772
v 8.546 11.668 30.688
v 8.541 11.712 30.610
v 8.813 11.852 30.369
v 25.472 6.231 40.087
v 25.777 6.244 40.050
v 25.713 6.467 39.683
v 25.544 6.471 39.672
v 25.339 6.305 39.968
v 39.332 6.227 40.091
v 39.466 6.295 39.978
v 39.271 6.470 39.672
v 39.101 6.466 39.682
v 39.035 6.244 40.053
v 56.123 11.592 30.801
v 56.260 11.711 30.595
v 56.000 11.852 30.369
v 56.259 11.667 30.685
v 6.482 22.037 17.276
v 5.892 21.133 16.811
v 5.850 21.125 16.848
v 5.848 21.116 16.865
v 5.864 21.107 16.859
v 5.899 19.970 18.881
v 5.849 19.977 18.838
v 5.899 20.017 16.254
v 6.526 20.018 16.255
v 6.490 20.814 19.427
v 5.934 18.880 18.218
v 5.850 17.315 23.447
v 5.848 17.305 23.464
v 5.865 17.297 23.459
v 5.849 16.167 25.437
v 5.898 16.209 22.854
v 6.527 16.209 22.854
v 5.934 15.070 24.817
v 58.359 15.057 24.835
v 58.878 15.070 24.817
v 58.958 16.166 25.435
v 58.942 17.291 23.456
v 58.958 17.304 23.463
v 58.285 16.209 22.854
v 58.915 16.209 22.854
v 58.359 16.236 22.794
v 58.910 19.970 18.883
v 58.322 20.815 19.427
v 58.359 18.867 18.236
v 58.878 18.880 18.218
v 58.958 19.976 18.836
v 58.942 21.101 16.857
v 58.957 21.115 16.862
v 58.286 20.017 16.254
v 58.914 20.018 16.255
v 58.330 22.037 17.277
v 58.359 20.046 16.194
v 58.916 21.135 16.807
v 58.959 21.129 16.842
v 52.228 24.899 12.330
v 52.276 22.957 11.177
v 54.689 24.939 12.400
v 54.617 22.926 11.207
v 54.655 22.956 11.177
v 52.363 23.209 10.683
v 54.622 23.209 10.720
v 54.666 24.319 11.318
v 54.704 24.899 12.330
v 54.804 24.318 11.320
v 54.768 24.899 12.330
v 54.782 24.939 12.399
v 54.816 22.957 11.177
v 54.849 23.209 10.720
v 55.266 23.223 10.693
v 56.358 24.840 12.637
v 56.121 22.854 11.334
v 56.957 22.662 11.695
v 56.577 22.766 11.485
v 57.405 24.489 13.146
v 57.340 22.522 11.911
v 55.643 22.903 11.247
v 56.999 22.642 11.697
v 57.733 22.718 11.567
v 57.415 22.866 11.306
v 56.587 23.101 10.908
v 55.625 23.214 10.709
v 55.880 23.211 10.745
v 57.282 24.002 11.815
v 57.066 24.092 11.690
v 56.611 24.198 11.504
v 55.883 24.278 11.337
v 57.488 23.954 11.929
v 55.633 24.318 11.299
v 57.841 22.687 11.647
v 57.440 24.444 13.141
v 57.780 23.850 12.128
v 57.455 24.437 13.124
v 57.505 22.455 12.024
v 58.249 23.545 12.610
v 58.321 23.484 12.712
v 58.563 23.306 13.051
v 58.771 23.044 13.502
v 58.909 22.748 14.014
v 58.939 22.501 14.431
v 58.958 22.519 14.432
v 58.260 23.564 12.613
v 57.503 22.426 12.078
v 57.980 22.071 12.689
v 58.059 21.973 12.890
v 58.155 21.852 13.068
v 58.281 21.452 13.789
v 57.777 22.246 12.417
v 57.752 22.270 12.326
v 57.739 22.273 12.338
v 58.355 21.414 13.854
v 58.357 21.405 13.834
v 58.879 21.420 13.815
v 58.528 22.212 12.445
v 58.868 21.672 13.384
v 58.917 21.453 13.786
v 58.645 22.093 12.681
v 58.304 22.422 12.112
v 49.624 24.900 12.331
v 49.575 22.956 11.177
v 49.542 23.209 10.720
v 47.253 24.327 11.283
v 49.537 22.926 11.207
v 47.269 22.915 11.226
v 47.268 23.222 10.695
v 47.196 22.957 11.177
v 47.148 24.899 12.330
v 44.555 24.903 12.318
v 44.541 24.898 12.333
v 44.495 22.956 11.177
v 44.462 23.209 10.720
v 42.166 24.326 11.284
v 44.457 22.926 11.207
v 42.153 24.943 12.457
v 42.186 23.214 10.694
v 42.116 22.957 11.177
v 42.068 24.899 12.330
v 27.824 24.899 12.330
v 27.776 22.956 11.175
v 27.721 24.358 11.225
v 27.720 23.218 10.701
v 25.432 23.211 10.717
v 27.720 22.919 11.219
v 27.741 24.943 12.457
v 25.434 22.927 11.205
v 25.397 22.957 11.175
v 25.354 24.894 12.333
v 25.343 24.904 12.326
v 26.688 24.352 11.374
v 22.744 24.899 12.330
v 22.696 22.956 11.177
v 22.640 24.327 11.283
v 22.619 23.214 10.690
v 20.359 22.925 11.209
v 20.353 23.210 10.718
v 20.317 22.957 11.177
v 20.269 24.899 12.330
v 17.664 24.899 12.330
v 17.616 22.956 11.177
v 17.541 23.221 10.695
v 17.541 22.915 11.224
v 15.279 22.925 11.209
v 15.273 23.210 10.718
v 15.237 22.957 11.177
v 15.189 24.899 12.330
v 12.584 24.899 12.330
v 12.536 22.956 11.177
v 10.196 22.926 11.207
v 10.119 24.939 12.398
v 10.157 22.957 11.177
v 10.146 24.318 11.319
v 10.190 23.209 10.720
v 10.098 24.900 12.328
v 10.009 24.318 11.319
v 10.028 24.939 12.402
v 10.041 24.898 12.332
v 9.996 22.956 11.177
v 9.960 23.207 10.717
v 9.955 22.926 11.209
v 8.455 24.840 12.637
v 8.236 22.766 11.485
v 8.692 22.854 11.334
v 9.170 22.903 11.247
v 7.407 24.489 13.146
v 7.855 22.662 11.695
v 7.472 22.522 11.910
v 7.814 22.642 11.697
v 9.546 23.223 10.693
v 7.076 22.720 11.567
v 7.382 22.868 11.312
v 9.187 23.214 10.709
v 8.225 23.101 10.908
v 8.933 23.211 10.745
v 8.929 24.278 11.337
v 8.202 24.198 11.504
v 7.746 24.092 11.690
v 7.530 24.002 11.815
v 9.180 24.318 11.299
v 7.324 23.954 11.929
v 7.360 24.438 13.127
v 7.033 23.850 12.128
v 7.308 22.456 12.024
v 6.908 22.656 11.703
v 5.870 22.505 14.432
v 5.904 22.748 14.014
v 6.041 23.044 13.502
v 6.250 23.306 13.051
v 6.492 23.484 12.712
v 6.563 23.545 12.610
v 6.553 23.564 12.613
v 5.849 22.518 14.435
v 7.310 22.426 12.078
v 6.657 21.852 13.068
v 7.035 22.246 12.417
v 6.832 22.071 12.689
v 6.531 21.452 13.787
v 7.072 22.272 12.337
v 5.934 21.420 13.816
v 6.284 22.212 12.445
v 5.944 21.672 13.384
v 6.509 22.422 12.112
v 6.168 22.093 12.681
v 5.896 21.453 13.789
v 6.500 15.711 28.296
v 5.934 13.687 27.213
v 5.849 14.772 27.852
v 5.871 14.542 28.218
v 5.856 14.555 28.225
v 6.604 15.300 29.160
v 6.665 13.007 28.392
v 6.721 15.053 29.587
v 5.905 13.465 27.596
v 6.328 12.648 29.012
v 5.924 13.278 27.919
v 6.126 12.841 28.679
v 5.941 13.210 28.067
v 5.992 13.057 28.315
v 5.885 14.347 28.574
v 5.962 14.125 28.953
v 6.064 13.961 29.207
v 5.893 14.347 28.546
v 6.098 13.901 29.341
v 6.314 13.712 29.689
v 6.874 14.734 30.007
v 6.386 13.677 29.785
v 6.381 13.626 29.815
v 6.932 14.764 30.065
v 6.929 12.683 28.953
v 6.457 12.571 29.147
v 6.429 12.541 29.199
v 6.602 13.442 30.134
v 7.216 13.122 30.691
v 7.587 13.012 30.892
v 7.114 13.162 30.590
v 6.461 12.553 29.155
v 7.267 14.591 30.388
v 7.219 12.514 29.247
v 7.534 12.337 29.552
v 7.611 14.413 30.697
v 7.873 12.189 29.807
v 7.918 14.274 30.938
v 7.572 11.954 30.215
v 7.941 14.258 30.964
v 7.941 14.156 30.986
v 7.631 13.075 30.901
v 7.986 14.223 31.007
v 7.713 12.971 30.966
v 7.716 12.984 30.943
v 7.722 13.057 30.946
v 7.709 13.060 30.952
v 8.135 12.198 29.792
v 7.785 11.896 30.312
v 8.034 14.293 30.904
v 8.101 12.256 29.689
v 8.048 14.256 30.969
v 7.799 11.874 30.362
v 9.701 11.278 31.382
v 9.721 12.332 32.071
v 9.755 11.293 31.372
v 7.702 12.391 29.463
v 7.386 12.549 29.181
v 7.167 12.723 28.880
v 7.056 14.772 30.074
v 7.190 12.740 28.837
v 7.235 12.872 28.960
v 9.828 12.320 32.123
v 10.155 11.571 30.877
v 7.156 14.830 29.975
v 7.807 14.517 30.516
v 7.494 14.678 30.237
v 7.465 12.588 29.117
v 7.768 12.453 29.377
v 30.903 4.986 42.281
v 33.388 6.984 43.564
v 33.547 4.851 42.515
v 33.409 4.917 42.432
v 32.627 4.804 42.596
v 32.185 4.804 42.596
v 31.425 6.984 43.564
v 31.380 4.887 42.483
v 31.262 4.851 42.514
v 33.909 4.986 42.281
v 56.712 12.256 29.689
v 56.779 14.293 30.904
v 57.006 14.517 30.516
v 57.045 12.453 29.377
v 57.348 12.588 29.117
v 57.319 14.678 30.237
v 57.584 12.891 28.975
v 57.632 14.835 29.965
v 57.648 12.723 28.881
v 57.623 12.740 28.837
v 57.875 14.764 30.065
v 57.937 14.734 30.006
v 57.202 14.413 30.697
v 57.546 14.591 30.388
v 57.426 12.549 29.181
v 57.593 12.514 29.247
v 57.111 12.391 29.463
v 56.794 14.228 31.017
v 56.677 12.199 29.791
v 56.765 14.257 30.966
v 57.028 11.896 30.311
v 57.090 13.057 30.946
v 57.012 11.873 30.362
v 55.105 11.280 31.381
v 57.097 12.970 30.967
v 55.088 12.333 32.073
v 54.658 11.571 30.877
v 54.664 13.487 32.205
v 54.975 12.312 32.129
v 54.629 13.581 32.137
v 52.566 12.847 33.331
v 52.565 12.836 33.367
v 52.505 10.823 32.180
v 52.800 10.544 32.657
v 52.861 11.633 33.299
v 10.149 13.487 32.205
v 10.183 13.581 32.137
v 12.246 12.847 33.332
v 12.248 12.836 33.367
v 12.271 10.820 32.182
v 11.999 10.547 32.651
v 9.863 12.267 32.175
v 11.939 11.635 33.293
v 12.021 11.578 33.369
v 13.909 11.025 34.400
v 13.897 9.931 33.704
v 14.026 10.974 34.447
v 14.123 10.924 34.506
v 14.450 12.168 34.582
v 14.436 12.206 34.519
v 14.104 9.872 33.819
v 14.436 10.204 33.245
v 14.174 10.082 33.414
v 13.635 10.083 33.414
v 13.650 10.093 33.368
v 13.595 9.879 33.554
v 13.642 10.136 33.339
v 16.573 11.551 35.653
v 16.689 9.487 34.489
v 16.516 11.454 35.721
v 16.683 9.462 34.552
v 16.698 9.444 34.546
v 16.702 9.438 34.552
v 16.355 9.165 35.025
v 16.197 9.203 34.982
v 16.577 11.489 35.760
v 16.213 10.265 35.662
v 16.364 9.137 35.087
v 18.292 8.534 36.138
v 18.344 9.585 36.841
v 18.324 8.555 36.119
v 18.697 8.833 35.621
v 18.775 8.836 35.615
v 18.777 10.844 36.878
v 18.701 10.743 36.935
v 20.971 8.113 36.867
v 20.873 10.143 38.092
v 20.631 7.788 37.429
v 20.561 8.882 38.058
v 22.550 7.178 38.487
v 22.566 8.230 39.177
v 20.587 8.839 38.101
v 22.938 7.457 38.000
v 23.014 7.472 37.978
v 22.994 9.469 39.259
v 22.612 8.298 39.189
v 25.242 6.768 39.201
v 25.086 8.722 40.464
v 25.261 6.726 39.265
v 24.913 6.418 39.801
v 24.900 6.457 39.758
v 24.831 7.518 40.429
v 26.810 5.799 40.868
v 26.814 5.804 40.845
v 27.014 5.745 40.970
v 26.870 5.816 40.838
v 27.278 6.101 40.351
v 27.279 8.038 41.674
v 26.924 6.849 41.586
v 30.843 6.993 43.548
v 31.260 6.863 43.773
v 31.859 6.790 43.899
v 31.872 4.784 42.661
v 32.406 6.764 43.944
v 32.049 4.673 42.834
v 32.406 4.759 42.704
v 32.953 6.790 43.899
v 32.940 4.784 42.661
v 32.763 4.673 42.834
v 33.552 6.863 43.773
v 33.969 6.993 43.548
v 37.534 8.037 41.674
v 37.541 6.101 40.353
v 37.938 5.818 40.839
v 37.988 5.806 40.843
v 37.868 6.842 41.598
v 37.790 5.740 40.977
v 37.999 5.800 40.868
v 39.900 6.418 39.801
v 39.974 7.511 40.434
v 39.913 6.457 39.758
v 39.552 6.727 39.265
v 39.570 6.767 39.202
v 39.718 8.738 40.465
v 41.795 9.477 39.246
v 41.792 7.473 37.977
v 41.869 7.460 37.997
v 41.856 9.456 39.281
v 42.268 7.173 38.495
v 42.206 8.278 39.188
v 44.188 7.783 37.437
v 44.231 8.835 38.110
v 42.250 8.226 39.181
v 43.841 8.113 36.867
v 43.934 10.147 38.086
v 44.247 8.921 38.045
v 44.014 10.113 38.096
v 46.037 10.846 36.874
v 46.038 8.836 35.610
v 46.114 8.837 35.614
v 46.080 8.851 35.617
v 46.112 10.745 36.932
v 46.515 8.555 36.115
v 46.481 8.521 36.162
v 46.462 9.582 36.845
v 48.443 9.134 35.093
v 48.609 9.201 34.984
v 48.589 10.262 35.667
v 48.130 9.463 34.552
v 48.121 9.486 34.491
v 48.115 9.445 34.546
v 48.111 9.438 34.551
v 48.363 9.475 34.512
v 48.296 11.455 35.721
v 48.236 11.489 35.760
v 48.239 11.551 35.653
v 50.377 10.204 33.246
v 50.379 12.205 34.521
v 51.160 10.125 33.339
v 51.177 10.082 33.414
v 50.638 10.083 33.411
v 50.786 10.974 34.448
v 50.704 9.873 33.818
v 50.910 9.929 33.711
v 52.789 11.576 33.370
v 50.903 11.028 34.399
v 16.306 10.208 35.757
v 20.462 8.907 38.015
v 20.794 10.110 38.095
v 22.994 9.377 39.314
v 22.692 8.186 39.251
v 26.577 6.925 41.443
v 38.236 6.925 41.443
v 40.100 7.548 40.367
v 41.855 9.380 39.305
v 41.814 9.376 39.316
v 42.121 8.188 39.248
v 44.333 8.902 38.024
v 44.255 8.848 38.100
v 48.506 10.208 35.756
v 50.363 12.168 34.582
v 50.688 10.926 34.505
v 54.944 12.264 32.179
v 57.097 12.984 30.944
v 57.102 13.060 30.952
v 57.232 13.012 30.891
v 27.249 7.944 41.675
v 27.331 5.973 40.573
v 28.926 6.172 42.728
v 29.321 5.341 41.669
v 29.396 7.385 42.851
v 29.248 5.360 41.615
v 28.931 5.113 42.067
v 28.934 5.111 42.046
v 29.010 5.119 42.040
v 29.110 5.072 42.136
v 29.376 7.303 42.848
v 29.026 6.179 42.747
v 29.117 6.126 42.810
v 29.463 5.285 41.763
v 30.428 5.689 43.545
v 30.452 4.625 42.888
v 30.911 5.563 43.784
v 30.927 4.498 43.126
v 31.432 5.470 43.945
v 31.443 4.406 43.285
v 31.991 4.362 43.365
v 31.981 4.350 43.372
v 30.805 6.963 43.601
v 30.777 4.887 42.452
v 31.930 4.509 43.110
v 31.585 4.706 42.766
v 31.943 4.403 43.276
v 31.599 6.785 43.909
v 32.851 5.971 43.996
v 32.882 4.512 43.107
v 32.820 4.360 43.368
v 32.862 4.411 43.277
v 34.384 5.689 43.545
v 33.902 5.563 43.784
v 33.381 5.470 43.945
v 32.852 4.602 42.927
v 32.831 4.350 43.372
v 33.370 4.406 43.285
v 33.885 4.498 43.126
v 34.035 4.887 42.452
v 34.008 6.963 43.601
v 33.214 6.785 43.909
v 33.228 4.706 42.766
v 35.339 5.286 41.761
v 35.419 7.385 42.850
v 35.480 5.336 41.680
v 35.696 6.129 42.806
v 35.698 5.073 42.134
v 35.436 7.302 42.848
v 35.772 6.178 42.755
v 36.131 6.249 42.614
v 35.876 5.113 42.068
v 35.803 5.119 42.040
v 35.557 5.370 41.612
v 37.477 5.973 40.573
v 35.878 5.111 42.046
v 37.563 7.944 41.675
v 10.208 11.443 31.099
v 9.901 11.206 31.501
v 11.816 11.640 33.255
v 9.917 11.190 31.557
v 12.135 10.842 32.138
v 11.817 10.582 32.590
v 12.145 10.806 32.182
v 12.213 12.748 33.343
v 12.217 12.746 33.363
v 14.424 12.089 34.575
v 14.492 10.076 33.467
v 14.156 10.892 34.564
v 16.429 9.470 34.519
v 16.432 9.445 34.541
v 16.453 9.456 34.564
v 16.438 9.433 34.578
v 18.729 10.787 36.956
v 18.731 8.703 35.847
v 18.468 8.471 36.244
v 18.452 9.515 36.921
v 18.788 8.711 35.831
v 18.786 10.798 36.959
v 20.712 8.091 36.903
v 20.412 7.850 37.322
v 20.722 8.067 36.959
v 20.780 10.027 38.092
v 22.692 8.264 39.236
v 23.047 7.334 38.207
v 22.747 7.105 38.612
v 23.059 7.358 38.199
v 24.984 6.754 39.244
v 25.044 8.802 40.414
v 24.995 6.718 39.281
v 24.693 6.483 39.691
v 39.756 8.680 40.451
v 39.815 6.717 39.284
v 40.116 6.483 39.691
v 39.828 6.754 39.244
v 41.753 7.357 38.199
v 41.760 7.334 38.206
v 42.064 7.104 38.615
v 42.119 8.264 39.236
v 44.032 10.027 38.092
v 44.090 8.067 36.959
v 44.397 7.850 37.322
v 44.098 8.090 36.906
v 46.015 8.711 35.831
v 46.025 10.798 36.958
v 46.083 10.788 36.956
v 46.336 8.462 36.253
v 46.075 8.704 35.843
v 48.375 9.433 34.578
v 50.653 10.891 34.564
v 48.380 9.445 34.541
v 48.359 9.455 34.565
v 50.324 10.076 33.467
v 50.388 12.089 34.575
v 52.596 12.746 33.364
v 52.599 12.748 33.344
v 52.660 10.809 32.187
v 52.985 11.638 33.255
v 52.985 10.581 32.591
v 52.674 10.842 32.140
v 54.601 11.443 31.099
v 54.895 11.189 31.557
v 57.181 13.075 30.902
v 56.868 14.172 30.989
v 56.940 12.191 29.806
v 57.241 11.954 30.215
v 57.597 13.122 30.691
v 58.210 13.442 30.134
v 58.430 13.629 29.810
v 57.698 13.162 30.590
v 56.871 14.258 30.964
v 56.895 14.274 30.938
v 57.278 12.337 29.552
v 57.886 12.683 28.952
v 58.382 12.543 29.195
v 58.347 12.555 29.153
v 58.469 12.639 29.029
v 58.350 12.558 29.150
v 58.430 13.671 29.785
v 58.502 13.714 29.687
v 58.942 14.542 28.218
v 58.920 14.347 28.546
v 58.928 14.347 28.574
v 58.851 14.125 28.953
v 58.749 13.961 29.207
v 58.715 13.901 29.341
v 58.209 15.300 29.160
v 58.092 15.053 29.587
v 58.148 13.007 28.392
v 58.313 15.712 28.295
v 58.359 13.696 27.193
v 58.687 12.841 28.679
v 58.872 13.210 28.067
v 58.820 13.057 28.315
v 58.908 13.465 27.596
v 58.889 13.278 27.919
v 58.878 13.687 27.213
v 58.958 14.771 27.852
v 31.175 26.439 11.568
v 31.178 27.248 11.867
v 31.175 26.117 11.288
v 31.182 26.369 11.111
v 31.165 26.224 11.127
v 31.154 27.410 11.734
v 31.181 27.287 12.168
v 31.182 26.518 11.170
v 31.187 26.592 11.331
v 31.181 27.497 11.742
v 31.181 27.649 11.880
v 31.181 27.589 12.179
v 31.182 26.181 11.540
v 30.887 27.194 11.876
v 30.884 27.278 12.188
v 30.885 27.572 12.177
v 30.886 27.646 11.882
v 30.864 27.653 11.562
v 30.874 27.272 11.623
v 30.862 26.914 11.979
v 30.885 26.073 11.302
v 30.883 26.171 11.556
v 30.885 26.427 11.569
v 30.878 26.562 11.471
v 30.884 26.581 11.328
v 30.889 26.525 11.177
v 30.883 26.407 11.098
v 30.865 26.083 10.933
v 30.858 26.595 10.867
v 30.858 25.773 11.340
v 30.858 26.596 11.815
v 30.858 26.047 11.816
v 30.858 26.868 11.343
v 30.506 26.888 11.340
v 30.503 26.608 10.858
v 30.490 26.602 10.840
v 30.495 26.035 10.857
v 30.505 26.665 11.868
v 30.482 26.042 10.841
v 30.489 25.753 11.340
v 30.498 26.039 11.834
v 30.858 27.968 11.978
v 30.858 27.695 12.450
v 30.863 27.155 12.450
v 30.857 27.142 11.504
v 30.520 27.703 11.485
v 30.511 27.153 11.479
v 30.511 27.134 11.487
v 30.516 26.859 11.975
v 30.528 27.987 11.975
v 30.858 27.142 12.449
v 30.520 27.133 12.465
v 30.519 27.153 12.475
v 30.529 27.706 12.467
v 33.952 26.048 11.814
v 33.952 25.775 11.343
v 33.955 26.596 11.815
v 33.952 26.594 10.869
v 33.955 26.868 11.343
v 34.307 26.888 11.341
v 34.310 26.608 10.858
v 34.323 26.602 10.841
v 34.317 26.036 10.857
v 34.308 26.663 11.868
v 34.331 26.042 10.840
v 34.323 25.753 11.340
v 34.315 26.038 11.834
v 33.950 27.155 12.450
v 33.955 27.695 12.450
v 33.955 27.968 11.978
v 33.954 27.142 12.449
v 34.293 27.133 12.466
v 34.296 26.859 11.979
v 34.292 27.153 12.474
v 33.955 27.142 11.504
v 34.284 27.703 12.468
v 34.301 27.133 11.488
v 34.302 27.153 11.478
v 34.284 27.988 11.978
v 34.293 27.703 11.485
v 7.875 14.246 29.731
v 7.379 14.909 29.816
v 7.379 15.194 29.322
v 7.875 14.758 30.048
v 57.393 14.386 29.505
v 56.937 14.246 29.731
v 56.937 14.798 28.790
v 56.465 14.659 29.026
v 56.462 14.388 29.500
v 56.937 14.758 30.048
v 57.430 14.907 29.818
v 57.432 15.194 29.320
v 25.966 23.311 10.534
v 25.784 23.333 10.505
v 27.710 23.332 10.505
v 25.672 23.723 9.824
v 27.273 23.990 9.366
v 27.311 24.019 9.322
v 25.497 23.688 9.893
v 25.807 23.322 10.552
v 25.968 23.319 10.554
v 27.673 23.320 10.554
v 27.315 25.090 9.963
v 27.862 24.430 11.100
v 25.959 24.375 11.200
v 25.659 24.835 10.399
v 27.334 25.120 9.907
v 25.781 24.415 11.124
v 25.529 24.795 10.471
v 26.320 24.972 10.185
v 26.577 25.018 10.105
v 27.413 24.972 10.185
v 25.807 24.385 11.183
v 39.015 23.332 10.506
v 37.102 23.334 10.503
v 38.842 23.310 10.535
v 39.133 23.728 9.815
v 37.541 23.991 9.365
v 37.470 24.021 9.315
v 38.919 23.322 10.552
v 38.843 23.318 10.554
v 39.299 23.691 9.887
v 37.143 23.320 10.554
v 37.497 25.090 9.963
v 36.950 24.431 11.099
v 37.479 25.122 9.904
v 39.150 24.822 10.400
v 38.996 24.384 11.185
v 39.033 24.417 11.122
v 39.276 24.798 10.467
v 37.051 24.390 11.147
v 38.236 25.018 10.105
v 38.493 24.972 10.185
v 37.400 24.972 10.185
v 23.517 24.390 11.176
v 23.570 24.374 11.198
v 23.504 24.422 11.109
v 23.523 24.463 11.062
v 27.481 24.972 10.185
v 29.513 24.718 10.602
v 27.858 24.461 11.057
v 29.554 24.743 10.582
v 41.307 24.424 11.106
v 41.289 24.387 11.179
v 41.278 24.463 11.058
v 41.236 24.374 11.200
v 35.299 24.719 10.602
v 35.271 24.764 10.532
v 35.260 24.753 10.561
v 37.331 24.972 10.185
v 36.954 24.460 11.056
v 35.280 24.741 10.538
v 39.306 24.750 10.520
v 25.506 24.750 10.520
v 23.554 24.445 11.052
v 23.552 24.460 11.053
v 29.532 24.742 10.536
v 29.538 24.763 10.530
v 29.547 24.752 10.561
v 27.455 25.154 9.845
v 27.469 24.044 9.266
v 27.924 23.383 10.419
v 29.491 23.670 9.918
v 29.465 23.645 9.969
v 25.644 23.319 10.555
v 23.696 23.319 10.554
v 23.660 23.345 10.483
v 41.153 23.345 10.482
v 41.119 23.319 10.554
v 39.168 23.319 10.555
v 36.882 23.381 10.422
v 35.853 24.332 8.787
v 37.332 24.055 9.250
v 35.344 23.647 9.967
v 35.321 23.669 9.921
v 25.642 23.310 10.534
v 39.167 23.311 10.532
v 18.627 24.443 11.114
v 18.881 24.443 11.114
v 18.881 23.098 10.431
v 18.909 22.886 10.747
v 18.590 22.890 10.751
v 18.881 24.346 11.506
v 18.627 24.346 11.506
v 18.892 24.578 11.467
v 18.928 24.627 11.374
v 18.579 24.627 11.374
v 18.616 24.578 11.467
v 18.918 24.338 11.344
v 18.589 24.338 11.343
v 18.567 24.511 10.997
v 18.940 24.511 10.997
v 18.633 24.775 11.148
v 18.874 24.776 11.148
v 18.590 24.763 11.169
v 18.917 24.763 11.169
v 59.052 15.290 26.968
v 59.052 15.104 27.290
v 59.069 13.842 26.494
v 59.035 13.995 26.289
v 59.111 13.867 26.294
v 58.638 13.947 26.261
v 58.836 15.298 27.203
v 58.880 15.286 26.989
v 58.927 15.387 27.408
v 58.927 15.534 27.155
v 59.103 15.368 27.443
v 58.900 15.110 27.281
v 59.102 15.554 27.120
v 59.293 15.104 27.289
v 59.293 15.289 26.969
v 59.278 15.534 27.155
v 59.278 15.387 27.408
v 5.654 21.937 15.836
v 5.659 21.957 15.420
v 5.735 20.608 14.709
v 5.735 20.481 14.929
v 5.943 21.973 15.461
v 5.933 21.868 15.763
v 5.904 22.170 15.593
v 5.893 22.061 15.850
v 5.669 22.221 15.573
v 5.763 20.633 14.870
v 5.513 21.954 15.425
v 5.516 21.795 15.747
v 5.527 22.060 15.851
v 5.529 22.198 15.612
v 18.911 9.294 37.353
v 18.993 7.915 36.680
v 19.017 7.892 36.623
v 19.229 8.156 36.302
v 18.955 9.530 37.136
v 19.179 9.412 37.208
v 19.208 9.495 37.203
v 19.135 9.570 37.430
v 18.868 9.660 37.308
v 18.854 9.423 37.130
v 19.161 9.351 37.301
v 19.046 8.051 36.662
v 19.005 9.457 37.681
v 18.959 9.290 37.631
v 18.653 9.266 37.402
v 18.683 9.548 37.522
v 18.698 9.517 37.576
v 10.816 24.443 11.114
v 10.816 23.098 10.431
v 10.816 22.875 10.736
v 10.816 22.989 10.934
v 10.816 24.346 11.506
v 10.758 24.572 11.469
v 10.816 24.504 11.436
v 11.003 24.324 11.320
v 11.001 24.652 11.361
v 10.967 24.593 11.464
v 10.795 24.353 11.377
v 10.620 24.328 11.314
v 10.631 24.652 11.362
v 10.617 24.506 11.005
v 11.003 24.511 10.997
v 10.665 24.524 10.973
v 10.816 24.775 11.148
v 10.665 24.770 11.157
v 10.980 24.763 11.169
v 10.636 24.755 11.183
v 51.355 11.026 34.402
v 51.098 10.924 34.530
v 51.055 9.653 33.718
v 51.312 9.686 33.657
v 51.294 9.653 33.605
v 50.895 9.710 33.462
v 51.084 11.170 34.180
v 51.106 11.269 34.198
v 50.982 11.283 34.491
v 51.217 11.342 34.384
v 51.073 11.159 34.731
v 50.947 11.257 34.562
v 51.230 11.113 34.212
v 51.342 11.197 34.666
v 51.101 10.852 34.655
v 51.162 10.848 34.661
v 51.428 10.935 34.511
v 25.476 7.175 41.024
v 25.123 7.201 40.979
v 25.241 5.985 40.071
v 25.436 5.842 40.183
v 25.437 6.083 39.868
v 25.484 7.448 40.726
v 25.554 7.508 40.980
v 25.291 7.402 40.705
v 25.197 7.550 40.984
v 25.583 7.294 40.820
v 25.252 7.298 40.809
v 25.393 7.397 41.249
v 25.332 7.395 41.252
v 57.134 14.590 29.211
v 56.509 14.597 29.199
v 56.509 14.504 29.360
v 56.741 37.829 42.299
v 57.241 37.812 42.329
v 56.804 37.433 42.985
v 34.788 24.436 11.126
v 34.788 22.887 10.779
v 34.788 22.972 10.924
v 34.788 24.339 11.519
v 34.837 24.563 11.482
v 34.787 24.497 11.447
v 34.984 24.321 11.326
v 34.974 24.675 11.322
v 34.960 24.596 11.460
v 34.803 24.346 11.385
v 34.601 24.674 11.323
v 34.630 24.589 11.470
v 34.597 24.503 11.010
v 34.984 24.500 11.015
v 34.864 24.518 10.984
v 34.846 24.767 11.163
v 34.629 24.760 11.175
v 34.960 24.753 11.186
v 45.932 24.443 11.114
v 46.186 24.443 11.114
v 46.177 23.098 10.440
v 45.932 23.098 10.431
v 46.214 22.886 10.747
v 45.895 22.890 10.751
v 46.186 24.346 11.506
v 45.932 24.346 11.506
v 46.197 24.578 11.467
v 46.233 24.627 11.374
v 45.884 24.627 11.374
v 45.921 24.578 11.467
v 46.223 24.338 11.344
v 45.894 24.338 11.343
v 45.872 24.511 10.997
v 46.245 24.511 10.997
v 45.938 24.775 11.148
v 46.179 24.776 11.148
v 45.895 24.763 11.169
v 46.222 24.763 11.169
v 57.912 26.745 35.547
v 57.352 25.782 36.825
v 56.879 25.538 37.147
v 56.889 25.676 37.225
v 57.660 25.836 36.478
v 57.927 26.170 35.901
v 57.690 26.126 36.484
v 57.927 26.390 36.028
v 56.746 25.447 37.118
v 56.755 25.706 37.210
v 56.697 25.717 37.376
v 56.865 25.684 37.263
v 56.415 26.046 36.115
v 56.409 26.297 36.189
v 56.688 26.350 35.588
v 56.723 26.594 35.673
v 56.599 26.510 35.819
v 56.425 26.169 35.901
v 56.445 26.440 35.941
v 57.508 26.402 35.408
v 57.520 26.678 35.609
v 56.731 25.526 37.343
v 57.275 25.779 37.085
v 57.630 25.986 36.727
v 58.086 26.479 35.873
v 57.903 26.112 36.255
v 57.453 26.745 35.413
v 58.086 26.259 35.746
v 57.275 25.559 36.958
v 56.478 26.299 35.677
v 57.527 26.389 35.466
v 57.419 26.526 35.170
v 57.414 26.751 35.281
v 29.908 24.436 11.126
v 30.162 24.436 11.126
v 30.181 22.893 10.779
v 29.908 22.887 10.779
v 29.908 22.972 10.924
v 29.908 24.339 11.519
v 30.162 24.339 11.519
v 30.183 24.575 11.474
v 30.210 24.645 11.343
v 29.872 24.615 11.364
v 29.911 24.576 11.476
v 29.827 24.328 11.314
v 29.846 24.674 11.323
v 29.891 24.333 11.373
v 29.827 24.494 11.026
v 30.221 24.504 11.009
v 29.873 24.516 10.988
v 29.911 24.763 11.169
v 30.185 24.762 11.172
v 13.714 10.924 34.530
v 13.457 11.026 34.402
v 13.500 9.686 33.657
v 13.758 9.653 33.718
v 13.518 9.653 33.605
v 13.918 9.710 33.462
v 13.719 11.173 34.188
v 13.706 11.269 34.198
v 13.812 11.284 34.472
v 13.592 11.345 34.388
v 13.578 11.108 34.210
v 13.728 11.155 34.738
v 13.865 11.257 34.562
v 13.703 10.851 34.656
v 13.451 11.205 34.653
v 13.385 10.935 34.511
v 13.642 10.849 34.659
v 45.902 9.294 37.353
v 45.819 7.915 36.680
v 45.795 7.892 36.623
v 45.548 8.145 36.323
v 45.633 9.412 37.208
v 45.858 9.530 37.136
v 45.604 9.495 37.203
v 45.677 9.570 37.431
v 45.944 9.660 37.308
v 45.651 9.351 37.301
v 45.959 9.423 37.130
v 45.766 8.051 36.662
v 46.129 9.548 37.522
v 46.159 9.266 37.402
v 45.854 9.290 37.631
v 45.808 9.457 37.681
v 46.115 9.517 37.576
v 7.079 32.990 38.862
v 7.505 32.139 40.421
v 7.931 32.043 40.841
v 7.927 31.859 40.790
v 7.182 32.488 40.069
v 6.886 32.801 39.527
v 7.182 32.269 39.942
v 6.962 32.535 39.480
v 8.089 32.039 40.811
v 8.051 31.791 40.747
v 8.098 32.034 40.984
v 8.463 32.656 39.779
v 8.466 32.387 39.737
v 8.141 32.947 39.275
v 8.141 32.727 39.148
v 8.340 32.869 39.411
v 8.434 32.716 39.506
v 8.336 32.651 39.280
v 8.477 32.480 39.575
v 7.386 33.037 39.199
v 7.390 32.746 39.019
v 8.079 31.808 40.925
v 6.744 33.017 38.900
v 7.574 31.915 40.555
v 7.233 32.127 40.187
v 6.810 32.627 39.320
v 6.975 32.367 39.771
v 7.496 32.912 38.781
v 7.151 33.298 38.811
v 7.233 32.347 40.314
v 7.574 32.135 40.682
v 6.975 32.588 39.898
v 8.331 32.913 39.334
v 7.154 32.954 38.602
v 7.378 32.751 39.060
v 7.501 33.196 38.930
v 53.996 24.443 11.114
v 53.996 23.098 10.431
v 53.996 22.875 10.736
v 53.996 22.989 10.934
v 53.996 24.346 11.506
v 54.008 24.572 11.470
v 53.996 24.504 11.436
v 54.193 24.328 11.314
v 54.181 24.652 11.361
v 54.156 24.596 11.459
v 54.010 24.351 11.376
v 53.806 24.325 11.318
v 53.811 24.652 11.362
v 53.838 24.595 11.461
v 53.806 24.510 10.999
v 54.193 24.507 11.003
v 54.072 24.525 10.972
v 53.996 24.775 11.148
v 54.027 24.772 11.153
v 54.169 24.759 11.176
v 53.826 24.760 11.174
v 7.079 26.739 35.253
v 7.505 25.815 36.769
v 7.933 25.700 37.205
v 7.927 25.544 37.145
v 7.182 26.164 36.418
v 6.886 26.477 35.875
v 7.182 25.944 36.291
v 6.962 26.211 35.828
v 8.054 25.714 37.189
v 8.052 25.471 37.123
v 8.474 26.314 36.159
v 8.466 26.063 36.086
v 8.141 26.623 35.624
v 8.154 26.390 35.518
v 8.296 26.570 35.714
v 8.428 26.466 35.896
v 8.366 26.313 35.653
v 8.459 26.172 35.896
v 7.448 26.689 35.339
v 7.386 26.423 35.381
v 6.744 26.692 35.249
v 7.151 26.629 34.961
v 7.574 25.590 36.904
v 7.233 25.803 36.536
v 6.810 26.303 35.669
v 8.102 26.441 35.432
v 6.975 26.043 36.119
v 8.100 25.628 37.346
v 8.118 25.723 37.365
v 7.233 26.023 36.663
v 7.574 25.810 37.031
v 6.975 26.263 36.246
v 7.160 26.975 35.134
v 7.150 26.988 35.172
v 7.383 26.712 35.555
v 7.501 26.872 35.279
v 7.501 26.579 35.107
v 7.490 26.546 35.125
v 31.216 12.567 4.775
v 31.136 21.051 9.766
v 31.136 26.275 12.782
v 31.216 26.581 11.492
v 31.216 36.213 18.428
v 31.216 46.112 24.143
v 31.216 13.523 3.119
v 31.136 13.961 2.740
v 31.216 22.281 7.635
v 31.216 27.505 10.651
v 31.216 37.404 16.366
v 31.216 47.303 22.081
v 31.136 13.797 2.645
v 31.216 13.688 3.214
v 31.136 22.067 8.005
v 31.216 27.271 11.056
v 31.216 37.170 16.771
v 31.216 47.069 22.486
v 33.597 46.112 24.143
v 33.597 36.213 18.428
v 33.676 26.275 12.782
v 33.676 21.051 9.766
v 33.597 12.567 4.775
v 33.676 13.797 2.645
v 33.597 22.281 7.635
v 33.597 27.505 10.651
v 33.597 37.404 16.366
v 33.597 47.303 22.081
v 33.676 49.378 23.187
v 31.295 13.800 2.830
v 31.295 15.917 4.052
v 31.295 50.562 24.055
v 31.295 14.806 5.977
v 31.295 12.771 4.802
v 31.295 21.130 9.628
v 31.295 26.354 12.644
v 31.295 22.027 8.074
v 33.517 50.562 24.055
v 33.517 13.717 2.782
v 33.597 13.523 3.119
v 33.517 14.806 5.977
v 33.517 21.130 9.628
v 33.517 26.354 12.644
v 33.517 48.187 25.249
v 33.517 49.298 23.325
v 33.517 15.917 4.052
v 33.597 26.581 11.492
v 33.597 49.104 23.661
v 33.597 47.069 22.486
v 33.597 37.170 16.771
v 33.597 27.271 11.056
v 33.676 22.067 8.005
v 33.517 22.027 8.074
v 5.710 18.467 21.465
v 5.659 18.623 21.194
v 5.759 17.319 20.509
v 5.728 17.174 20.638
v 6.317 17.192 20.726
v 5.946 18.642 21.238
v 5.952 18.593 21.543
v 5.926 18.804 21.345
v 5.889 18.853 21.376
v 5.694 18.888 21.346
v 5.634 18.423 21.541
v 5.893 18.433 21.524
v 5.651 18.702 21.667
v 5.861 18.706 21.661
v 5.761 17.242 20.758
v 5.513 18.620 21.199
v 5.517 18.646 21.582
v 5.519 18.435 21.520
v 5.529 18.864 21.387
v 5.544 18.711 21.651
v 5.556 18.883 21.355
v 39.667 7.192 40.994
v 39.325 7.181 41.012
v 39.571 5.985 40.071
v 39.377 5.842 40.183
v 39.050 6.104 39.896
v 39.316 7.443 40.724
v 39.259 7.508 40.980
v 39.516 7.411 40.708
v 39.615 7.550 40.984
v 39.230 7.294 40.820
v 39.560 7.298 40.809
v 39.411 7.398 41.247
v 39.473 7.394 41.254
v 5.659 15.104 27.290
v 5.659 15.290 26.968
v 5.778 13.995 26.289
v 5.743 13.842 26.494
v 5.701 13.867 26.294
v 6.030 13.875 26.337
v 6.175 13.947 26.261
v 5.925 15.288 26.984
v 5.976 15.298 27.203
v 5.882 15.536 27.152
v 5.880 15.384 27.414
v 5.669 15.553 27.122
v 5.906 15.107 27.286
v 5.651 15.368 27.441
v 5.513 15.287 26.974
v 5.513 15.107 27.285
v 5.529 15.391 27.402
v 5.529 15.530 27.161
v 38.121 24.436 11.126
v 38.121 22.887 10.779
v 38.121 22.972 10.924
v 38.121 24.339 11.519
v 38.063 24.565 11.481
v 38.121 24.497 11.447
v 38.308 24.317 11.332
v 38.308 24.675 11.322
v 38.279 24.589 11.470
v 37.919 24.324 11.320
v 37.935 24.674 11.323
v 37.945 24.598 11.456
v 37.919 24.497 11.020
v 38.308 24.504 11.009
v 37.967 24.517 10.986
v 38.053 24.766 11.164
v 38.279 24.760 11.175
v 37.945 24.751 11.189
v 32.186 5.015 41.853
v 32.164 4.918 41.986
v 32.418 5.094 41.758
v 32.419 5.079 41.722
v 32.634 5.010 41.858
v 32.645 4.911 41.998
v 32.603 4.889 42.078
v 32.419 4.844 42.140
v 32.222 4.875 42.085
v 28.358 23.099 10.520
v 9.819 23.099 10.520
v 58.346 13.920 26.402
v 8.184 13.021 27.977
v 30.852 23.056 10.603
v 30.794 23.076 10.535
v 6.470 12.242 29.327
v 26.147 5.781 40.518
v 28.358 5.096 41.753
v 31.216 4.234 43.196
v 33.597 4.234 43.196
v 38.666 5.781 40.518
v 46.100 8.156 36.404
v 49.006 9.084 34.796
v 58.924 12.936 28.124
v 58.342 12.242 29.327
v 58.925 21.596 13.125
v 33.961 23.056 10.603
v 34.018 23.076 10.535
v 33.879 22.812 11.017
v 30.933 22.812 11.017
v 48.483 23.064 10.582
v 28.358 23.064 10.582
v 26.147 23.064 10.582
v 16.329 23.064 10.582
v 12.361 23.064 10.582
v 52.452 21.772 12.870
v 42.420 21.772 12.870
v 38.666 23.064 10.582
v 26.147 21.772 12.870
v 28.358 21.772 12.870
v 16.329 21.772 12.870
v 22.392 21.772 12.870
v 9.819 21.772 12.870
v 12.361 21.772 12.870
v 56.353 21.772 12.870
v 56.353 15.599 23.511
v 52.452 15.599 23.511
v 48.483 21.772 12.870
v 48.483 15.599 23.511
v 46.100 21.772 12.870
v 46.100 15.599 23.511
v 42.420 15.599 23.511
v 38.666 21.772 12.870
v 38.666 15.599 23.511
v 33.597 21.772 12.870
v 33.597 15.599 23.511
v 31.216 21.772 12.870
v 31.216 15.599 23.511
v 28.358 15.599 23.511
v 26.147 15.599 23.511
v 22.392 15.599 23.511
v 16.329 15.599 23.511
v 12.361 15.599 23.511
v 9.819 15.599 23.511
v 8.459 21.772 12.870
v 8.459 15.599 23.511
v 58.926 15.599 23.511
v 58.926 13.441 27.250
v 56.353 13.441 27.250
v 52.452 13.441 27.250
v 48.483 13.441 27.250
v 46.100 13.441 27.250
v 42.420 13.441 27.250
v 38.666 13.441 27.250
v 33.597 13.441 27.250
v 31.216 13.441 27.250
v 28.358 13.441 27.250
v 26.147 13.441 27.250
v 22.392 13.441 27.250
v 16.329 13.441 27.250
v 12.361 13.441 27.250
v 9.819 13.441 27.250
v 8.459 13.441 27.250
v 57.879 12.162 29.516
v 52.452 12.162 29.516
v 48.483 12.162 29.516
v 46.100 12.162 29.516
v 42.420 12.162 29.516
v 38.666 12.162 29.516
v 33.597 12.162 29.516
v 31.216 12.162 29.516
v 28.358 12.162 29.516
v 26.147 12.162 29.516
v 22.392 12.162 29.516
v 16.329 12.162 29.516
v 12.361 12.162 29.516
v 9.819 12.162 29.516
v 6.933 12.162 29.516
v 48.483 10.738 31.930
v 46.100 10.738 31.930
v 42.420 10.738 31.930
v 38.666 10.738 31.930
v 33.597 10.738 31.930
v 31.216 10.738 31.930
v 28.358 10.738 31.930
v 26.147 10.738 31.930
v 22.392 10.738 31.930
v 16.329 10.738 31.930
v 46.100 9.084 34.796
v 42.420 9.084 34.796
v 38.666 9.084 34.796
v 33.597 9.084 34.796
v 31.216 9.084 34.796
v 28.358 9.084 34.796
v 26.147 9.084 34.796
v 22.392 9.084 34.796
v 38.666 7.215 38.032
v 33.597 7.215 38.032
v 31.216 7.215 38.032
v 28.358 7.215 38.032
v 26.147 7.215 38.032
v 33.597 5.576 40.871
v 31.216 5.576 40.871
v 28.358 5.576 40.871
v 57.064 13.047 27.881
v 56.715 13.026 27.916
v 57.160 13.028 27.914
v 57.343 12.695 28.490
v 8.051 13.037 27.898
v 7.608 13.014 27.937
v 7.699 13.039 27.895
v 26.453 22.919 10.781
v 26.932 22.920 10.781
v 10.578 22.919 10.781
v 11.057 22.920 10.781
v 29.787 22.919 10.781
v 35.028 22.920 10.781
v 34.549 22.919 10.781
v 38.362 22.920 10.781
v 37.883 22.919 10.781
v 53.758 22.919 10.781
v 54.237 22.920 10.781
v 57.879 22.541 11.436
v 56.694 22.936 10.753
v 58.346 17.230 20.636
v 58.832 21.728 12.844
v 45.751 8.332 36.048
v 42.420 6.958 38.427
v 39.459 6.140 39.844
v 28.358 5.052 41.728
v 22.392 6.958 38.427
v 6.462 20.550 14.885
v 5.980 21.728 12.844
v 6.933 22.541 11.436
v 8.119 22.936 10.753
v 48.483 12.118 29.491
v 46.100 12.118 29.491
v 42.420 12.118 29.491
v 38.666 12.118 29.491
v 33.597 12.118 29.491
v 31.216 12.118 29.491
v 28.358 12.118 29.491
v 26.147 12.118 29.491
v 22.392 12.118 29.491
v 16.329 12.118 29.491
v 12.361 12.118 29.491
v 57.879 12.118 29.491
v 52.452 12.118 29.491
v 9.819 12.118 29.491
v 6.933 12.118 29.491
v 56.353 21.728 12.844
v 52.452 21.728 12.844
v 48.483 21.728 12.844
v 46.100 21.728 12.844
v 42.420 21.728 12.844
v 38.666 21.728 12.844
v 33.597 21.728 12.844
v 31.216 21.728 12.844
v 28.358 21.728 12.844
v 26.147 21.728 12.844
v 22.392 21.728 12.844
v 16.329 21.728 12.844
v 12.361 21.728 12.844
v 9.819 21.728 12.844
v 8.459 21.728 12.844
v 6.933 21.728 12.844
v 57.879 21.728 12.844
v 32.163 7.547 44.203
v 32.214 7.442 44.124
v 32.425 7.375 44.095
v 32.396 7.342 44.119
v 32.644 7.536 44.200
v 32.608 7.456 44.118
v 32.616 7.700 44.281
v 32.417 7.781 44.342
v 32.206 7.708 44.292
v 30.931 5.314 42.421
v 31.392 5.195 42.625
v 31.890 5.123 42.751
v 32.922 5.122 42.751
v 33.420 5.195 42.625
v 33.881 5.313 42.422
v 32.406 5.098 42.794
v 32.417 28.260 56.181
v 32.602 28.330 56.209
v 32.637 28.508 56.296
v 32.407 28.681 56.406
v 32.549 28.642 56.412
v 32.177 28.496 56.292
v 32.228 28.312 56.199
v 32.417 28.267 56.141
v 32.240 28.654 56.359
v 56.662 25.295 37.165
v 56.683 19.402 33.746
v 56.667 31.618 40.810
v 56.471 19.196 33.780
v 56.467 25.496 37.420
v 56.466 31.791 41.057
v 56.501 25.314 37.297
v 56.541 25.291 37.216
v 56.520 31.625 40.922
v 56.518 31.980 41.094
v 56.477 19.018 33.687
v 56.725 12.605 29.791
v 56.664 18.973 33.517
v 56.512 18.980 33.611
v 56.537 25.675 37.440
v 56.543 19.356 33.787
v 56.593 31.596 40.887
v 56.563 25.277 37.261
v 56.894 31.943 40.856
v 56.854 31.972 40.833
v 57.334 12.871 29.332
v 57.499 12.971 29.160
v 57.049 12.727 29.581
v 57.552 13.063 29.158
v 8.091 12.610 29.784
v 7.767 12.731 29.573
v 7.482 12.875 29.325
v 7.309 12.965 29.168
v 7.352 12.979 29.144
v 7.352 38.825 44.067
v 7.937 31.986 40.885
v 8.153 31.619 40.807
v 7.947 25.680 37.253
v 8.147 25.299 37.156
v 8.132 19.405 33.740
v 8.142 18.979 33.501
v 7.264 13.067 29.151
v 8.213 31.597 40.871
v 8.349 25.495 37.414
v 8.341 19.204 33.773
v 8.271 25.673 37.441
v 8.291 31.626 40.914
v 8.352 31.793 41.051
v 8.277 31.987 41.096
v 8.307 25.313 37.289
v 8.341 19.024 33.683
v 8.290 18.977 33.600
v 8.251 31.616 40.841
v 8.284 25.300 37.218
v 8.251 19.377 33.775
v 26.701 24.436 11.126
v 26.701 22.887 10.779
v 26.701 22.972 10.924
v 26.701 24.339 11.519
v 26.701 24.562 11.483
v 26.701 24.497 11.447
v 26.891 24.318 11.330
v 26.887 24.675 11.322
v 26.866 24.592 11.466
v 26.511 24.318 11.330
v 26.515 24.674 11.323
v 26.536 24.592 11.466
v 26.511 24.503 11.010
v 26.891 24.503 11.011
v 26.701 24.518 10.983
v 26.701 24.768 11.161
v 26.536 24.757 11.180
v 26.866 24.757 11.180
v 8.716 12.568 31.700
v 8.301 12.578 31.665
v 8.631 11.235 30.959
v 8.651 11.205 30.904
v 8.631 12.840 31.427
v 8.863 12.748 31.414
v 8.858 12.780 31.440
v 8.763 12.880 31.695
v 8.550 12.905 31.525
v 8.489 12.727 31.406
v 8.418 12.918 31.685
v 8.776 12.691 31.514
v 8.604 12.757 31.965
v 8.591 12.470 31.852
v 8.397 12.805 31.882
f 1 2 4
f 5 1 6
f 4 3 1
f 1 5 2
f 7 6 1
f 5 6 8
f 9 2 5
f 4 2 11
f 2 10 11
f 4 11 12
f 12 3 4
f 1 3 7
f 3 12 7
f 9 10 2
f 8 9 5
f 7 8 6
f 17 16 19
f 17 20 16
f 7 21 15
f 14 23 24
f 19 22 17
f 24 18 14
f 15 26 7
f 30 31 12
f 7 12 21
f 29 25 28
f 32 24 23
f 17 29 28
f 32 23 35
f 17 37 20
f 11 10 33
f 36 37 17
f 27 10 9
f 38 40 39
f 36 28 34
f 28 36 17
f 26 8 7
f 38 39 42
f 35 43 32
f 42 47 38
f 14 18 47
f 10 27 41
f 43 35 44
f 47 42 14
f 10 41 33
f 44 38 43
f 12 11 30
f 48 9 8
f 44 40 38
f 8 49 48
f 46 45 44
f 44 50 40
f 35 46 44
f 46 51 45
f 53 54 52
f 35 53 46
f 53 35 23
f 52 46 53
f 14 57 56
f 56 55 14
f 13 57 14
f 13 58 57
f 21 59 58
f 15 21 13
f 58 13 21
f 57 58 60
f 60 61 57
f 67 63 64
f 30 64 65
f 31 65 66
f 68 66 59
f 33 67 30
f 12 31 21
f 11 33 30
f 67 33 62
f 62 63 67
f 68 21 31
f 59 21 68
f 66 68 31
f 65 31 30
f 64 30 67
f 70 60 58
f 58 59 70
f 69 70 59
f 62 33 28
f 28 71 63
f 28 63 62
f 34 28 33
f 59 72 69
f 72 59 66
f 65 73 72
f 73 65 64
f 64 74 73
f 74 64 63
f 63 75 74
f 75 63 62
f 72 66 65
f 71 25 77
f 25 71 28
f 75 63 71
f 62 75 78
f 70 69 82
f 69 72 82
f 72 73 81
f 73 74 80
f 74 75 79
f 79 80 74
f 80 81 73
f 81 82 72
f 82 76 70
f 76 84 83
f 83 70 76
f 83 61 60
f 60 70 83
f 56 57 83
f 57 61 83
f 55 85 86
f 86 14 55
f 14 86 23
f 85 55 56
f 53 86 87
f 53 23 86
f 54 53 87
f 87 88 54
f 89 90 77
f 77 25 89
f 71 77 91
f 91 75 71
f 77 90 91
f 91 92 79
f 79 75 91
f 16 95 93
f 93 94 16
f 16 20 96
f 96 95 16
f 97 93 95
f 20 37 27
f 98 20 27
f 27 99 98
f 20 98 96
f 96 100 97
f 97 95 96
f 26 101 102
f 105 102 103
f 49 103 104
f 48 104 98
f 26 105 49
f 8 26 49
f 99 27 106
f 9 48 27
f 106 98 99
f 106 27 48
f 98 106 48
f 104 48 49
f 103 49 105
f 102 105 26
f 99 100 107
f 100 98 99
f 96 98 100
f 97 100 108
f 108 109 97
f 13 58 101
f 26 15 13
f 101 26 13
f 110 100 98
f 111 110 104
f 103 112 111
f 101 113 112
f 112 102 101
f 112 103 102
f 104 103 111
f 98 104 110
f 100 110 119
f 110 111 118
f 111 112 117
f 112 113 116
f 113 114 115
f 115 116 113
f 116 117 112
f 117 118 111
f 118 119 110
f 119 108 100
f 101 60 114
f 101 114 113
f 101 58 60
f 120 121 57
f 57 14 120
f 58 57 61
f 61 60 58
f 60 114 113
f 61 122 114
f 122 115 114
f 122 123 115
f 114 60 61
f 122 61 57
f 57 121 122
f 120 14 124
f 121 120 124
f 124 125 121
f 42 124 14
f 128 127 126
f 126 129 128
f 126 127 124
f 124 42 126
f 40 130 129
f 39 40 126
f 126 42 39
f 129 126 40
f 36 34 131
f 34 33 133
f 33 41 134
f 134 133 33
f 133 132 34
f 132 131 34
f 41 27 134
f 27 37 135
f 37 36 131
f 131 136 37
f 136 135 37
f 135 134 27
f 131 132 133
f 131 133 134
f 131 134 135
f 131 135 136
f 16 137 138
f 138 19 16
f 19 138 139
f 139 22 19
f 29 17 140
f 25 29 141
f 141 142 25
f 140 141 29
f 143 92 91
f 143 144 92
f 83 145 85
f 85 56 83
f 85 88 87
f 86 85 87
f 88 145 146
f 146 54 88
f 88 85 145
f 147 83 84
f 147 145 83
f 82 144 147
f 144 148 147
f 92 144 81
f 76 147 84
f 80 79 92
f 82 81 144
f 81 80 92
f 147 76 82
f 145 148 146
f 148 145 147
f 52 146 149
f 146 52 54
f 144 143 146
f 149 146 143
f 146 148 144
f 46 151 150
f 46 150 51
f 46 52 151
f 151 52 149
f 149 143 151
f 152 122 121
f 121 125 152
f 127 125 124
f 125 127 128
f 128 129 153
f 153 152 128
f 152 125 128
f 154 123 122
f 122 152 154
f 152 153 155
f 154 152 155
f 156 153 130
f 129 130 153
f 40 50 157
f 157 130 40
f 157 158 130
f 116 115 154
f 159 116 154
f 123 154 115
f 159 109 118
f 159 118 117
f 109 119 118
f 109 108 119
f 159 117 116
f 154 155 159
f 158 160 156
f 156 130 158
f 153 156 160
f 159 155 153
f 153 160 159
f 109 159 160
f 160 97 109
f 47 18 161
f 38 47 162
f 43 38 163
f 32 43 164
f 24 32 165
f 18 24 166
f 166 161 18
f 165 166 24
f 164 165 32
f 163 164 43
f 162 163 38
f 161 162 47
f 45 51 167
f 90 51 150
f 51 90 167
f 89 25 142
f 89 142 167
f 150 151 90
f 90 89 167
f 151 143 91
f 91 90 151
f 168 142 141
f 141 140 168
f 167 142 168
f 168 169 167
f 168 170 169
f 171 140 17
f 168 171 172
f 168 140 171
f 173 169 170
f 158 137 94
f 50 174 137
f 16 94 137
f 137 158 157
f 158 94 93
f 157 50 137
f 158 93 97
f 97 160 158
f 50 44 174
f 175 139 138
f 138 137 175
f 174 176 175
f 175 137 174
f 139 177 22
f 171 17 22
f 22 177 171
f 177 178 171
f 171 179 180
f 180 181 171
f 175 176 182
f 178 175 183
f 178 139 175
f 139 178 177
f 178 184 179
f 179 171 178
f 185 184 178
f 178 186 185
f 187 188 189
f 187 190 188
f 189 191 187
f 184 190 187
f 187 179 184
f 195 190 185
f 185 192 195
f 185 186 192
f 195 194 189
f 189 190 195
f 188 190 189
f 184 185 190
f 193 194 195
f 195 192 193
f 197 194 193
f 198 189 194
f 197 198 194
f 196 197 193
f 202 187 191
f 202 200 199
f 199 201 202
f 181 180 201
f 180 187 202
f 180 179 187
f 202 201 180
f 191 200 202
f 200 203 204
f 204 199 200
f 199 204 205
f 203 200 191
f 206 182 176
f 208 207 173
f 173 209 208
f 168 172 173
f 172 171 173
f 171 181 173
f 173 181 201
f 173 201 199
f 173 170 168
f 209 199 205
f 199 209 173
f 207 208 209
f 209 210 207
f 204 211 212
f 211 204 203
f 210 209 214
f 207 210 214
f 209 213 214
f 212 214 213
f 213 204 212
f 205 204 209
f 213 209 204
f 215 207 214
f 215 214 217
f 217 216 215
f 217 214 212
f 212 219 217
f 220 212 211
f 211 221 220
f 219 220 221
f 219 212 220
f 223 216 217
f 223 222 216
f 219 224 225
f 225 226 219
f 227 229 228
f 227 230 229
f 230 221 229
f 221 230 211
f 217 219 226
f 226 223 217
f 231 197 226
f 197 231 198
f 197 196 232
f 197 232 233
f 233 226 197
f 226 233 223
f 223 234 222
f 223 235 234
f 223 233 232
f 223 232 235
f 206 178 183
f 175 182 206
f 206 186 178
f 206 232 193
f 206 192 186
f 193 192 206
f 183 175 206
f 232 196 193
f 236 234 235
f 235 232 236
f 236 232 206
f 234 236 206
f 189 237 238
f 238 191 189
f 203 191 239
f 238 240 191
f 198 241 242
f 241 198 231
f 211 203 229
f 191 240 243
f 189 244 237
f 189 242 244
f 242 189 198
f 231 224 241
f 239 229 203
f 243 239 191
f 229 221 211
f 246 241 245
f 229 239 252
f 243 240 250
f 240 238 249
f 238 237 248
f 244 242 246
f 247 248 246
f 252 250 251
f 241 246 242
f 244 248 237
f 248 249 238
f 249 250 240
f 243 252 239
f 246 248 244
f 250 252 243
f 252 228 229
f 231 225 224
f 231 226 225
f 253 231 224
f 253 241 224
f 253 254 245
f 245 241 253
f 252 251 227
f 249 248 255
f 246 245 254
f 227 228 252
f 250 255 251
f 255 250 249
f 247 255 248
f 254 247 246
f 235 258 257
f 257 234 235
f 235 256 258
f 235 259 260
f 260 256 235
f 263 261 262
f 264 262 257
f 258 256 263
f 264 258 263
f 257 258 264
f 262 264 263
f 265 260 259
f 259 197 265
f 267 235 266
f 266 235 234
f 266 234 206
f 267 266 268
f 269 268 266
f 169 173 45
f 176 174 44
f 44 206 176
f 45 167 169
f 173 270 45
f 271 44 45
f 45 270 271
f 206 44 271
f 266 206 272
f 273 272 206
f 206 271 273
f 272 275 274
f 272 273 275
f 276 270 173
f 173 277 276
f 269 279 280
f 266 279 269
f 280 268 269
f 278 280 279
f 277 173 281
f 283 282 277
f 276 277 282
f 260 284 263
f 263 256 260
f 285 268 269
f 268 285 286
f 286 285 261
f 286 263 268
f 256 268 263
f 261 263 286
f 256 260 287
f 287 268 256
f 259 235 267
f 267 288 259
f 287 288 267
f 287 267 268
f 287 265 289
f 287 265 259
f 259 288 287
f 287 260 265
f 280 278 268
f 278 290 287
f 287 268 278
f 286 285 269
f 269 268 286
f 286 268 287
f 287 293 286
f 294 285 286
f 286 295 294
f 286 296 295
f 292 289 291
f 287 290 291
f 291 289 287
f 299 292 291
f 290 300 299
f 299 291 290
f 292 299 298
f 297 301 289
f 301 293 287
f 287 289 301
f 289 292 297
f 286 293 302
f 302 296 286
f 303 304 297
f 293 301 304
f 301 297 304
f 304 302 293
f 305 307 306
f 302 295 296
f 295 302 307
f 305 295 307
f 305 308 294
f 294 295 305
f 309 308 305
f 305 310 309
f 303 302 304
f 307 302 306
f 302 303 307
f 310 305 306
f 306 311 310
f 307 303 312
f 313 311 306
f 306 307 313
f 312 313 307
f 310 311 313
f 314 310 313
f 315 309 310
f 310 316 315
f 316 310 314
f 292 298 317
f 292 312 303
f 303 297 292
f 317 312 292
f 316 314 313
f 313 318 316
f 318 313 312
f 312 317 318
f 318 317 320
f 320 319 318
f 316 318 319
f 319 321 316
f 320 317 299
f 317 298 299
f 299 319 320
f 299 300 319
f 321 322 315
f 315 316 321
f 321 319 300
f 300 323 321
f 323 324 321
f 324 325 322
f 322 321 324
f 325 324 323
f 323 326 325
f 328 324 325
f 325 327 328
f 330 329 321
f 331 330 321
f 332 331 324
f 332 324 328
f 321 324 331
f 329 333 322
f 321 329 322
f 335 330 332
f 330 331 332
f 332 334 335
f 336 333 329
f 329 337 336
f 338 334 332
f 337 329 330
f 330 339 337
f 334 338 339
f 339 335 334
f 330 335 339
f 337 341 336
f 341 337 340
f 342 337 339
f 342 341 340
f 342 344 341
f 340 337 342
f 338 345 342
f 342 343 338
f 339 338 342
f 345 346 344
f 345 344 342
f 344 348 347
f 342 344 347
f 341 349 344
f 344 340 341
f 344 342 340
f 342 347 340
f 347 350 351
f 351 340 347
f 341 340 352
f 352 353 341
f 341 353 349
f 351 354 352
f 352 340 351
f 354 351 350
f 6 352 354
f 354 135 6
f 356 135 354
f 350 357 356
f 356 354 350
f 350 355 357
f 355 109 108
f 108 357 355
f 357 135 356
f 357 358 135
f 352 6 359
f 359 360 352
f 353 352 360
f 349 353 360
f 361 109 355
f 362 361 355
f 358 357 108
f 108 363 358
f 358 364 6
f 6 135 358
f 360 359 365
f 6 365 359
f 325 344 346
f 348 344 362
f 344 325 362
f 325 346 345
f 278 323 300
f 266 362 325
f 345 338 332
f 332 328 345
f 300 290 278
f 266 326 323
f 325 326 266
f 278 279 323
f 327 325 345
f 345 328 327
f 347 348 362
f 279 266 323
f 266 366 361
f 272 274 366
f 355 350 347
f 366 266 272
f 347 362 355
f 361 362 266
f 366 275 367
f 366 274 275
f 361 366 367
f 369 368 361
f 361 367 369
f 367 370 369
f 370 367 275
f 370 275 273
f 271 270 370
f 276 282 370
f 370 270 276
f 273 271 370
f 370 368 371
f 371 368 369
f 369 370 371
f 370 369 368
f 369 370 372
f 282 372 370
f 369 372 373
f 373 368 369
f 372 374 373
f 372 282 374
f 282 283 374
f 373 374 375
f 376 373 375
f 376 92 373
f 377 363 108
f 118 377 108
f 358 363 377
f 377 364 358
f 6 364 378
f 378 364 377
f 377 116 378
f 365 6 378
f 378 116 365
f 380 116 379
f 381 382 380
f 380 379 381
f 382 381 384
f 384 3 382
f 116 380 365
f 385 210 207
f 385 386 210
f 386 218 210
f 210 218 388
f 388 387 210
f 173 207 281
f 207 210 281
f 390 281 210
f 281 391 389
f 391 281 390
f 204 387 392
f 388 392 387
f 281 389 393
f 395 394 393
f 395 393 389
f 386 385 396
f 399 396 397
f 386 399 398
f 218 386 398
f 397 398 399
f 396 399 386
f 391 394 395
f 395 389 391
f 388 218 398
f 398 401 388
f 402 389 391
f 398 397 402
f 402 391 403
f 398 403 391
f 398 391 218
f 402 403 398
f 218 391 404
f 404 388 218
f 390 405 404
f 387 405 390
f 390 210 387
f 391 390 404
f 405 387 404
f 404 392 406
f 392 404 387
f 392 388 404
f 394 391 404
f 404 400 394
f 409 391 403
f 409 404 391
f 407 400 404
f 407 406 408
f 404 406 407
f 411 412 408
f 407 408 412
f 400 412 413
f 400 407 412
f 294 403 402
f 403 295 414
f 294 295 403
f 404 409 415
f 406 415 410
f 410 408 406
f 415 406 404
f 403 414 416
f 416 409 403
f 418 417 410
f 418 410 415
f 418 415 409
f 409 416 418
f 295 419 416
f 419 295 305
f 305 306 419
f 414 295 416
f 295 294 308
f 308 305 295
f 417 418 416
f 417 416 419
f 419 416 306
f 421 420 417
f 311 421 419
f 419 306 311
f 417 419 421
f 421 311 310
f 421 310 422
f 423 310 309
f 422 310 424
f 423 424 310
f 420 408 410
f 408 420 425
f 425 411 408
f 410 417 420
f 424 426 421
f 421 422 424
f 421 426 425
f 425 420 421
f 427 428 425
f 425 426 427
f 426 424 429
f 429 427 426
f 425 428 412
f 428 427 413
f 413 412 428
f 412 411 425
f 424 423 430
f 430 429 424
f 429 431 413
f 413 427 429
f 429 432 433
f 429 430 432
f 433 431 429
f 431 433 432
f 431 432 434
f 436 435 432
f 432 433 436
f 439 438 433
f 440 439 433
f 429 437 440
f 433 429 440
f 436 433 438
f 430 433 432
f 430 429 433
f 437 430 441
f 430 437 429
f 443 438 440
f 438 439 440
f 440 442 443
f 438 443 444
f 445 437 441
f 445 446 437
f 446 447 440
f 440 437 446
f 443 442 447
f 447 444 443
f 442 440 447
f 446 445 448
f 447 446 449
f 449 450 444
f 444 449 451
f 444 447 449
f 449 446 448
f 448 452 449
f 449 452 451
f 452 453 451
f 455 452 454
f 452 449 454
f 432 452 375
f 375 452 455
f 432 375 374
f 277 432 374
f 432 453 452
f 451 436 438
f 453 435 436
f 453 432 435
f 438 444 451
f 277 281 434
f 434 432 277
f 451 453 436
f 394 413 431
f 394 400 413
f 431 393 394
f 454 376 375
f 281 431 434
f 431 281 393
f 455 454 375
f 374 283 277
f 454 456 376
f 457 449 452
f 452 448 457
f 454 449 457
f 452 458 448
f 376 459 79
f 79 92 376
f 454 457 460
f 460 456 454
f 460 461 456
f 460 457 462
f 462 461 460
f 456 461 463
f 459 376 456
f 463 459 456
f 461 133 463
f 133 464 459
f 459 463 133
f 3 384 465
f 3 133 461
f 461 462 3
f 448 466 462
f 462 457 448
f 448 458 466
f 468 462 466
f 466 467 468
f 462 468 3
f 467 466 458
f 459 464 79
f 469 79 464
f 464 133 3
f 3 465 464
f 468 382 3
f 382 468 467
f 464 465 383
f 383 79 469
f 383 81 79
f 469 464 383
f 465 384 383
f 383 384 381
f 470 360 365
f 380 470 365
f 382 470 380
f 382 467 470
f 359 360 470
f 470 471 359
f 359 472 353
f 353 360 359
f 468 471 470
f 470 467 468
f 466 474 468
f 473 359 471
f 475 472 359
f 359 473 475
f 472 349 353
f 476 473 468
f 471 468 473
f 468 474 476
f 474 466 458
f 477 349 472
f 472 478 477
f 479 474 458
f 479 480 474
f 472 475 481
f 481 478 472
f 482 481 475
f 478 315 477
f 315 478 316
f 316 310 309
f 309 315 316
f 483 316 478
f 483 310 316
f 478 481 484
f 484 483 478
f 482 485 484
f 481 482 484
f 309 424 423
f 483 480 424
f 424 310 483
f 309 310 424
f 480 479 423
f 423 424 480
f 474 480 486
f 486 476 474
f 475 473 476
f 487 485 482
f 482 475 487
f 476 487 475
f 480 483 484
f 484 486 480
f 484 485 487
f 487 486 484
f 486 487 476
f 219 488 253
f 230 488 219
f 219 221 230
f 253 224 219
f 491 247 254
f 254 490 491
f 492 255 247
f 247 491 492
f 492 493 251
f 493 494 227
f 490 254 253
f 489 495 488
f 495 253 488
f 488 496 489
f 494 496 230
f 230 227 494
f 488 230 496
f 253 495 490
f 227 251 493
f 251 255 492
f 261 285 262
f 385 207 215
f 215 396 385
f 294 308 309
f 349 315 333
f 458 445 441
f 458 423 479
f 397 396 402
f 333 336 349
f 441 423 458
f 234 257 222
f 477 315 349
f 262 222 257
f 349 336 341
f 315 322 333
f 216 497 396
f 216 222 262
f 448 445 458
f 396 215 216
f 262 497 216
f 441 430 423
f 295 498 301
f 301 286 295
f 403 415 498
f 498 295 403
f 402 403 295
f 295 294 402
f 399 499 415
f 415 403 399
f 396 399 403
f 403 402 396
f 286 301 500
f 500 264 286
f 285 286 264
f 264 262 285
f 264 500 501
f 501 502 264
f 500 495 489
f 500 490 495
f 415 499 494
f 490 500 301
f 498 415 492
f 415 493 492
f 499 501 489
f 489 501 500
f 301 491 490
f 492 301 498
f 496 494 499
f 492 491 301
f 494 493 415
f 489 496 499
f 399 502 501
f 501 499 399
f 262 264 502
f 502 497 262
f 497 502 399
f 399 396 497
f 109 504 377
f 503 383 381
f 109 377 118
f 379 504 505
f 92 81 383
f 503 381 379
f 92 79 81
f 116 377 504
f 379 116 504
f 368 373 506
f 373 92 503
f 383 503 92
f 361 507 504
f 503 506 373
f 507 361 368
f 505 503 379
f 504 109 361
f 118 108 109
f 505 508 509
f 509 503 505
f 509 510 506
f 506 503 509
f 506 510 369
f 369 368 506
f 507 368 369
f 369 511 507
f 504 508 505
f 504 512 508
f 510 509 165
f 509 166 165
f 509 508 161
f 512 162 161
f 512 163 162
f 161 166 509
f 369 510 164
f 163 512 511
f 165 164 510
f 164 511 369
f 161 508 512
f 164 163 511
f 507 512 504
f 507 511 512
f 513 514 515
f 515 516 513
f 516 515 517
f 518 519 516
f 516 517 518
f 520 518 521
f 521 522 520
f 523 524 522
f 522 521 523
f 524 523 525
f 526 524 525
f 525 527 526
f 514 527 525
f 514 525 524
f 521 522 524
f 528 522 518
f 521 518 522
f 529 516 518
f 518 517 529
f 521 524 523
f 517 515 529
f 529 515 514
f 523 525 514
f 520 522 528
f 528 518 520
f 516 524 513
f 524 516 529
f 529 514 524
f 526 513 524
f 530 527 514
f 514 532 531
f 514 533 532
f 533 514 513
f 530 526 527
f 530 532 533
f 533 526 530
f 532 530 531
f 530 514 531
f 513 526 533
f 542 541 540
f 538 537 544
f 539 538 544
f 544 537 536
f 545 546 543
f 542 547 548
f 534 549 547
f 542 540 534
f 546 549 534
f 534 540 543
f 547 542 534
f 534 543 546
f 548 543 540
f 548 540 542
f 540 541 548
f 550 545 548
f 548 545 543
f 547 550 548
f 550 547 549
f 549 546 550
f 546 545 550
f 553 551 552
f 554 553 552
f 557 554 556
f 558 557 559
f 561 558 560
f 551 561 560
f 563 552 551
f 560 563 551
f 562 560 561
f 556 560 558
f 559 556 558
f 556 559 557
f 555 556 554
f 552 555 554
f 558 565 557
f 564 554 557
f 554 566 567
f 554 567 568
f 567 570 568
f 568 553 554
f 572 574 551
f 573 561 551
f 561 565 558
f 553 568 571
f 551 574 573
f 574 575 573
f 573 575 561
f 561 575 576
f 556 578 559
f 555 581 579
f 559 582 556
f 563 560 583
f 552 563 583
f 555 578 556
f 552 585 584
f 552 586 580
f 580 581 555
f 560 582 562
f 552 584 586
f 580 587 581
f 588 583 562
f 582 560 556
f 583 585 552
f 580 555 552
f 583 560 562
f 564 557 559
f 564 569 578
f 554 564 578
f 566 554 555
f 567 566 555
f 555 579 567
f 578 555 554
f 573 575 583
f 574 585 583
f 583 575 574
f 572 584 585
f 585 574 572
f 553 571 584
f 572 551 552
f 552 584 572
f 584 552 553
f 571 586 584
f 568 580 586
f 586 571 568
f 568 570 587
f 553 568 580
f 587 580 568
f 567 581 587
f 587 570 567
f 567 579 581
f 564 559 578
f 559 557 565
f 565 582 559
f 582 565 577
f 561 576 562
f 565 561 562
f 562 582 565
f 576 588 562
f 575 583 588
f 588 576 575
f 589 590 591
f 591 592 589
f 591 593 592
f 594 595 593
f 593 591 594
f 597 596 598
f 596 597 595
f 599 600 597
f 597 598 599
f 599 601 602
f 602 600 599
f 603 602 601
f 602 603 589
f 600 589 599
f 595 597 598
f 598 596 595
f 591 604 595
f 591 595 594
f 590 599 591
f 589 592 604
f 604 592 593
f 604 593 595
f 600 602 589
f 589 604 591
f 591 599 589
f 589 603 605
f 599 590 601
f 590 607 606
f 590 589 607
f 590 606 608
f 608 603 601
f 608 606 605
f 608 605 603
f 606 607 605
f 608 601 590
f 607 589 605
f 609 610 611
f 611 612 609
f 613 614 612
f 612 611 613
f 614 613 615
f 617 615 618
f 615 617 616
f 615 616 614
f 617 618 619
f 620 609 623
f 622 609 623
f 620 609 622
f 622 619 620
f 614 617 618
f 611 614 613
f 610 624 611
f 614 618 613
f 618 615 613
f 622 621 620
f 609 612 625
f 612 614 625
f 616 617 614
f 609 625 611
f 611 624 609
f 625 614 611
f 626 627 609
f 622 610 621
f 627 628 610
f 627 610 609
f 622 609 624
f 610 622 624
f 610 629 626
f 621 609 620
f 621 626 609
f 626 621 610
f 610 628 629
f 626 628 627
f 626 629 628
f 636 638 637
f 639 637 640
f 636 637 639
f 632 641 633
f 634 633 641
f 642 643 639
f 638 644 645
f 643 646 630
f 630 636 639
f 630 646 644
f 638 636 630
f 639 643 630
f 630 644 638
f 640 637 638
f 645 647 642
f 639 640 638
f 642 639 638
f 638 645 642
f 647 644 646
f 644 647 645
f 646 643 647
f 642 647 643
f 648 649 650
f 650 651 648
f 651 650 652
f 652 653 651
f 653 652 654
f 655 654 656
f 656 657 655
f 654 655 653
f 658 659 657
f 657 656 658
f 659 658 660
f 660 661 659
f 660 662 663
f 663 661 660
f 664 665 659
f 659 658 664
f 665 664 652
f 652 653 665
f 656 654 664
f 658 656 664
f 664 654 652
f 665 657 659
f 653 655 665
f 665 655 657
f 666 667 661
f 660 668 669
f 648 660 661
f 649 667 668
f 667 649 648
f 660 648 649
f 668 660 649
f 648 661 667
f 669 663 662
f 661 663 669
f 669 662 660
f 669 666 661
f 668 667 666
f 666 669 668
f 672 670 671
f 676 674 675
f 680 676 677
f 676 679 674
f 673 678 670
f 672 673 670
f 672 675 673
f 675 674 673
f 681 672 670
f 677 683 682
f 677 676 683
f 671 677 682
f 684 1089 1090
f 684 685 1089
f 1090 686 684
f 1089 685 687
f 1091 688 689
f 690 688 1091
f 1092 691 690
f 689 686 1090
f 1090 1091 689
f 690 1091 1092
f 687 691 1092
f 1092 1089 687
f 1093 1094 1095
f 1096 1097 1098
f 1099 1100 1101
f 1102 1101 1103
f 1104 1105 1106
f 1107 1093 1108
f 1109 1096 1110
f 1111 1112 1033
f 1113 1033 1114
f 1115 1099 1102
f 1116 1102 1117
f 1118 1104 1119
f 1120 1121 1122
f 692 693 1123
f 1124 1125 694
f 1126 696 697
f 1124 697 696
f 1126 699 695
f 696 1126 1124
f 1125 1123 701
f 1123 695 698
f 697 699 1126
f 700 694 1125
f 701 700 1125
f 698 701 1123
f 694 697 1124
f 703 702 704
f 704 705 703
f 703 706 702
f 702 706 707
f 704 1127 710
f 708 710 1127
f 709 708 1128
f 1128 711 709
f 710 705 704
f 708 1127 1128
f 1128 707 711
f 712 692 1125
f 1124 670 671
f 1130 681 670
f 672 1130 1129
f 1125 683 676
f 1124 671 682
f 1130 672 681
f 1125 682 683
f 670 1124 1130
f 1129 676 675
f 675 672 1129
f 676 1129 1125
f 713 714 715
f 715 704 713
f 1131 717 718
f 704 715 716
f 713 1131 718
f 1131 719 717
f 720 719 1127
f 1127 716 720
f 718 714 713
f 719 1131 1127
f 1122 1121 721
f 1121 722 721
f 1121 1132 722
f 723 724 1122
f 1133 1122 725
f 725 726 1133
f 728 727 702
f 727 729 730
f 731 732 733
f 731 734 735
f 702 736 728
f 702 1128 737
f 735 732 731
f 731 733 727
f 728 729 727
f 738 741 1128
f 740 738 739
f 727 730 731
f 739 731 740
f 731 739 734
f 738 1128 739
f 737 736 702
f 741 737 1128
f 999 1131 742
f 1131 743 742
f 1131 744 745
f 745 743 1131
f 1131 746 744
f 1131 713 746
f 1134 748 747
f 1130 749 750
f 1130 752 749
f 751 1130 747
f 751 752 1130
f 1129 750 753
f 753 754 1129
f 1123 693 755
f 755 756 1123
f 1126 757 758
f 761 762 759
f 761 758 757
f 758 761 1126
f 1126 763 757
f 760 764 759
f 1126 1123 763
f 764 766 759
f 757 762 761
f 765 767 756
f 759 768 756
f 1123 769 763
f 1123 756 767
f 756 768 765
f 756 760 759
f 767 769 1123
f 1135 770 771
f 772 770 1135
f 1136 773 774
f 1136 771 773
f 1094 775 776
f 1094 777 778
f 1095 778 651
f 653 651 779
f 1098 1097 780
f 1097 779 780
f 781 783 782
f 782 784 781
f 781 785 783
f 787 1137 788
f 783 785 786
f 789 1137 790
f 1137 787 790
f 782 787 784
f 788 784 787
f 786 1098 631
f 1098 791 792
f 793 631 1098
f 795 794 1137
f 1138 796 795
f 1138 1098 786
f 631 783 786
f 792 793 1098
f 791 789 790
f 795 1137 1138
f 797 792 791
f 791 790 797
f 1138 786 796
f 794 788 1137
f 1137 789 798
f 1090 799 800
f 1100 1092 801
f 1100 801 803
f 1100 803 802
f 802 804 1100
f 1092 805 801
f 808 1091 807
f 807 804 808
f 804 810 808
f 806 1092 1091
f 808 809 1091
f 804 802 810
f 806 805 1092
f 809 806 1091
f 811 1101 1100
f 1100 804 811
f 1101 812 813
f 1103 813 814
f 1105 814 815
f 1106 815 816
f 1132 816 817
f 820 821 1127
f 821 822 1128
f 823 824 825
f 825 826 823
f 1133 824 827
f 825 739 826
f 739 828 829
f 823 827 824
f 829 830 739
f 1128 822 831
f 830 826 739
f 831 739 1128
f 831 828 739
f 1120 1133 832
f 832 833 1120
f 1133 834 835
f 835 832 1133
f 836 1139 1120
f 837 1118 1139
f 838 1140 1118
f 839 1116 1140
f 840 1115 1116
f 841 1141 1115
f 842 1142 1141
f 843 1113 1142
f 844 1111 1113
f 845 1143 1111
f 846 1109 1143
f 847 1144 1109
f 848 1145 1144
f 849 1107 1145
f 1107 849 850
f 1135 851 852
f 850 1135 1107
f 850 851 1135
f 772 853 854
f 1135 855 856
f 772 857 853
f 856 772 1135
f 856 857 772
f 858 859 772
f 761 859 858
f 1126 761 860
f 858 861 761
f 761 862 860
f 861 862 761
f 1124 1126 863
f 1130 1124 864
f 1130 865 866
f 1130 867 865
f 866 747 1130
f 747 869 868
f 866 869 747
f 1134 873 874
f 876 1134 875
f 1134 868 879
f 878 881 877
f 876 875 882
f 880 877 872
f 882 884 876
f 876 873 1134
f 879 885 1134
f 874 886 1134
f 887 888 889
f 885 875 1134
f 872 890 868
f 870 889 888
f 890 879 868
f 886 891 748
f 886 892 891
f 895 892 896
f 886 893 894
f 897 894 893
f 897 1146 895
f 894 899 886
f 893 1146 897
f 898 892 886
f 886 900 898
f 899 902 886
f 898 896 892
f 901 900 886
f 896 897 895
f 904 903 905
f 520 1147 906
f 907 518 528
f 907 1146 521
f 520 905 903
f 906 522 520
f 906 528 522
f 907 521 909
f 521 1146 904
f 903 1147 520
f 528 906 907
f 909 908 907
f 905 521 904
f 908 518 907
f 910 911 912
f 912 1147 910
f 915 1148 916
f 917 913 914
f 913 915 914
f 911 920 919
f 918 911 917
f 917 921 918
f 917 922 923
f 913 1148 915
f 917 923 921
f 914 922 917
f 919 916 911
f 918 920 911
f 919 915 916
f 924 925 617
f 614 925 926
f 926 927 618
f 615 618 926
f 615 1148 928
f 925 614 616
f 618 614 926
f 926 1148 615
f 925 616 617
f 928 924 930
f 924 929 931
f 617 929 924
f 928 930 615
f 931 930 924
f 924 932 933
f 934 933 932
f 935 936 934
f 937 938 939
f 939 938 936
f 939 940 937
f 936 935 941
f 936 941 939
f 944 945 946
f 944 946 947
f 948 943 949
f 943 940 942
f 940 939 942
f 950 939 951
f 952 953 954
f 944 952 955
f 956 945 944
f 957 948 949
f 942 949 943
f 951 953 950
f 958 954 953
f 954 955 952
f 955 959 944
f 944 947 957
f 958 960 953
f 953 951 958
f 959 956 944
f 950 942 939
f 949 944 957
f 961 1149 962
f 963 956 961
f 962 963 961
f 964 965 966
f 966 967 964
f 966 968 970
f 969 968 966
f 965 971 969
f 966 965 969
f 974 975 976
f 975 1150 972
f 972 977 973
f 965 978 971
f 965 974 976
f 974 1150 975
f 972 966 970
f 976 978 965
f 972 970 977
f 972 977 975
f 1151 982 597
f 982 595 597
f 979 1152 598
f 1152 983 596
f 983 981 984
f 981 1151 597
f 980 982 979
f 979 598 980
f 983 984 596
f 981 597 984
f 980 595 982
f 596 598 1152
f 985 1151 986
f 987 988 985
f 989 988 990
f 991 992 993
f 994 991 989
f 988 995 990
f 988 987 996
f 994 992 991
f 996 995 988
f 987 991 997
f 997 996 987
f 990 994 989
f 991 998 997
f 991 993 998
f 1000 989 991
f 999 1001 991
f 1001 1000 991
f 999 991 1002
f 1002 1003 999
f 1131 999 1006
f 1007 999 1008
f 1006 1009 1131
f 1014 999 1015
f 1003 1008 999
f 999 1014 1006
f 1015 1004 1005
f 999 1007 1015
f 1008 1010 1007
f 818 1018 1019
f 1018 1020 1019
f 1021 1011 1012
f 1005 1014 1015
f 1012 1020 1021
f 1017 1008 1022
f 819 818 1023
f 1009 820 1131
f 1008 1017 1010
f 798 1024 1025
f 1024 1026 1025
f 1137 798 1025
f 1138 1137 1027
f 1028 1029 1138
f 1029 1033 1112
f 1112 1138 1029
f 1138 1030 1028
f 1089 1031 1032
f 1031 1114 1033
f 1031 1089 1114
f 1034 1035 1090
f 1036 1026 1024
f 1036 799 1090
f 1090 1035 1036
f 1024 799 1036
f 1037 1152 1038
f 1037 1040 1039
f 1041 1039 1040
f 1042 1037 1038
f 1043 1044 1042
f 1039 1152 1037
f 1042 1038 1043
f 1045 1046 1047
f 1046 1048 1047
f 1043 1045 1044
f 1045 1047 1044
f 1041 1049 1048
f 1041 1040 1049
f 1045 1150 1046
f 1048 1046 1041
f 1050 1051 1141
f 1050 1141 1142
f 1142 1114 1052
f 1052 1050 1142
f 1114 1089 1052
f 1092 1053 1054
f 1089 1092 1054
f 1092 1051 1053
f 1089 1055 1052
f 1051 1092 1153
f 1089 1054 1055
f 1120 1139 1056
f 1139 1058 1056
f 1120 1056 1057
f 1139 1119 1058
f 1132 1121 1057
f 1059 1106 1132
f 1057 1060 1132
f 1106 1061 1058
f 1059 1061 1106
f 1058 1119 1106
f 1060 1059 1132
f 1118 1140 1062
f 1140 1117 1063
f 1140 1063 1062
f 1103 1105 1064
f 1105 1062 1064
f 1064 1065 1103
f 1062 1105 1104
f 1117 1103 1063
f 1065 1063 1103
f 1066 1115 1141
f 1067 1066 1141
f 1066 1068 1115
f 1141 1153 1067
f 1100 1099 1068
f 1092 1069 1070
f 1092 1100 1069
f 1068 1071 1100
f 1100 1071 1069
f 1092 1070 1067
f 1067 1153 1092
f 1072 1143 634
f 1143 1073 634
f 1072 1074 1111
f 1143 1110 1073
f 634 1075 1072
f 1072 1111 1143
f 1076 1072 1075
f 1138 1112 1074
f 1110 1098 1073
f 1098 1077 1073
f 1076 1078 641
f 1138 1079 1080
f 1074 1079 1138
f 641 1077 1098
f 641 1098 1080
f 1075 1078 1076
f 641 1080 1081
f 1081 1076 641
f 1098 1138 1080
f 1145 1108 657
f 657 1144 1145
f 1144 657 656
f 656 1109 1144
f 664 665 653
f 656 664 1097
f 664 653 1097
f 656 1097 1096
f 1095 665 657
f 1095 653 665
f 657 1108 1095
f 1107 1135 538
f 1135 1083 538
f 1135 1136 1083
f 1107 538 1082
f 1083 1136 1084
f 1136 774 1084
f 1083 1084 775
f 775 1085 1083
f 544 775 1094
f 1082 1094 1093
f 544 1085 775
f 1082 1086 1094
f 1086 544 1094
f 1082 1093 1107
f 656 1096 1109
f 1074 1112 1111
f 1068 1099 1115
f 1062 1104 1118
f 1057 1121 1120
f 1051 1153 1141
f 1090 1089 1034
f 1032 1034 1089
f 1027 1030 1138
f 1025 1027 1137
f 986 987 985
f 986 1151 981
f 983 1152 1039
f 1046 1150 974
f 967 1149 964
f 964 1149 961
f 963 945 956
f 932 935 934
f 933 925 924
f 928 1148 913
f 910 917 911
f 910 1147 903
f 904 1146 893
f 902 901 886
f 748 1134 886
f 887 877 881
f 868 1134 747
f 864 867 1130
f 863 864 1124
f 860 863 1126
f 854 858 772
f 852 855 1135
f 1145 848 849
f 1144 847 848
f 1109 846 847
f 1143 845 846
f 1111 844 845
f 1113 843 844
f 1142 842 843
f 1141 841 842
f 1115 840 841
f 1116 839 840
f 1140 838 839
f 1118 837 838
f 1139 836 837
f 1120 1087 836
f 833 1087 1120
f 827 834 1133
f 1128 1127 821
f 1127 1131 820
f 817 722 1132
f 816 1132 1106
f 815 1106 1105
f 814 1105 1103
f 813 1103 1101
f 811 812 1101
f 807 1091 800
f 800 1091 1090
f 780 791 1098
f 779 1097 653
f 651 653 1095
f 778 1095 1094
f 776 777 1094
f 771 1136 1135
f 766 761 759
f 755 1088 756
f 754 712 1129
f 750 1129 1130
f 895 1146 907
f 906 1147 912
f 916 1148 926
f 962 1149 967
f 972 1150 1045
f 1038 1152 979
f 982 1151 985
f 726 824 1133
f 724 725 1122
f 721 723 1122
f 716 1127 704
f 682 1125 1124
f 1125 1129 712
f 707 1128 702
f 695 1123 1126
f 1123 1125 692
f 1122 1133 1120
f 1119 1139 1118
f 1117 1140 1116
f 1102 1116 1115
f 1114 1142 1113
f 1033 1113 1111
f 1110 1143 1109
f 1108 1145 1107
f 1106 1119 1104
f 1103 1117 1102
f 1101 1102 1099
f 1098 1110 1096
f 1095 1108 1093
f 878 877 887
f 872 868 880
f 882 1154 884
f 878 877 880
f 1154 882 883
f 887 881 878
f 1155 1156 1035
f 1035 1034 1155
f 1156 1036 1035
f 1034 1032 1155
f 1157 1030 1027
f 1157 1028 1030
f 1027 1158 1157
f 1027 1025 1158
f 1156 1158 1026
f 1158 1025 1026
f 1026 1036 1156
f 1155 1031 1033
f 1033 1157 1155
f 1033 1029 1157
f 1159 1156 1036
f 1036 1156 1160
f 1036 1160 1162
f 1162 1161 1036
f 1161 1163 1159
f 1159 1036 1161
f 1159 1163 1156
f 1162 1160 1156
f 1162 1156 1161
f 1161 1156 1163
f 1164 1158 1025
f 1165 1158 1166
f 1025 1167 1168
f 1168 1165 1025
f 1025 1165 1166
f 1166 1164 1025
f 1164 1166 1158
f 1168 1167 1158
f 1025 1158 1167
f 1161 1165 1158
f 1158 1156 1161
f 1168 1158 1165
f 1169 1157 1029
f 1169 1170 1157
f 1171 1157 1172
f 1157 1170 1172
f 1171 1029 1169
f 1169 1172 1171
f 1169 1172 1170
f 1172 1169 1157
f 1157 1029 1028
f 1173 1155 1031
f 1032 1031 1155
f 1174 1155 1175
f 1031 1173 1175
f 1175 1174 1031
f 1174 1175 1173
f 1173 1031 1174
f 1173 1175 1155
f 1175 1173 1176
f 1155 1176 1173
f 1171 1174 1155
f 1155 1157 1171
f 1176 1155 1175
f 776 780 778
f 778 777 776
f 780 651 778
f 780 779 651
f 760 1088 1177
f 764 760 1178
f 1179 766 764
f 773 1180 771
f 1181 774 773
f 1182 1183 774
f 1184 1180 773
f 1084 1183 776
f 770 1184 773
f 756 1088 760
f 766 859 761
f 772 859 770
f 771 770 773
f 775 1084 776
f 1184 770 859
f 1183 1084 774
f 1180 1184 859
f 1185 780 776
f 776 1186 1185
f 1186 776 1183
f 1183 1187 1186
f 1187 1182 774
f 774 1188 1187
f 1189 1188 773
f 1188 1181 773
f 1190 1189 1180
f 1189 771 1180
f 1190 859 766
f 766 1191 1190
f 1191 1179 764
f 764 1192 1191
f 1193 1192 760
f 1192 1178 760
f 1194 1193 1088
f 1193 1177 1088
f 1088 755 1194
f 760 1177 1193
f 764 1178 1192
f 766 1179 1191
f 1180 859 1190
f 773 771 1189
f 774 1181 1188
f 1183 1182 1187
f 755 693 692
f 692 754 755
f 692 712 754
f 1195 1194 755
f 755 754 1195
f 747 748 1196
f 1197 751 747
f 751 1197 752
f 749 752 1198
f 749 753 750
f 1195 754 753
f 753 1199 1195
f 1200 1199 749
f 1199 753 749
f 1200 752 1197
f 1197 1201 1200
f 1200 1198 752
f 1201 1197 747
f 747 1202 1201
f 1203 1202 748
f 1202 1196 748
f 748 891 1203
f 747 1196 1202
f 749 1198 1200
f 934 925 933
f 934 926 925
f 934 891 911
f 911 916 934
f 916 926 934
f 891 906 912
f 912 911 891
f 891 892 895
f 895 907 891
f 907 906 891
f 891 934 1204
f 934 1205 1204
f 934 1206 1205
f 1204 1203 891
f 947 1207 957
f 963 946 945
f 943 937 940
f 936 938 934
f 1207 947 946
f 1206 934 938
f 938 1208 1206
f 1209 1208 937
f 1208 938 937
f 1210 1209 943
f 1210 948 957
f 957 1211 1210
f 1212 1211 1207
f 1211 957 1207
f 1213 1212 946
f 946 963 1213
f 1207 946 1212
f 943 948 1210
f 937 943 1209
f 1000 988 989
f 1000 985 988
f 1000 979 982
f 1000 1038 979
f 1000 963 1043
f 963 1045 1043
f 1043 1038 1000
f 982 985 1000
f 963 967 966
f 966 972 963
f 972 1045 963
f 963 962 967
f 963 1214 1215
f 1000 1216 1214
f 1214 963 1000
f 1215 1213 963
f 1217 743 745
f 999 742 1218
f 1219 1001 999
f 1218 742 743
f 1216 1000 1001
f 1001 1220 1216
f 1221 1220 999
f 1220 1219 999
f 1221 1218 743
f 743 1222 1221
f 1222 1217 745
f 745 1223 1222
f 1224 1223 744
f 744 746 1224
f 745 744 1223
f 743 1217 1222
f 999 1218 1221
f 1001 1219 1220
f 746 704 702
f 702 727 746
f 746 713 704
f 1225 1224 746
f 746 727 1225
f 723 1226 1227
f 1228 724 723
f 725 1229 724
f 735 734 1230
f 1231 732 735
f 1232 733 732
f 1233 1229 825
f 721 1226 723
f 726 1233 825
f 817 721 722
f 724 726 725
f 726 825 824
f 739 825 734
f 1233 726 724
f 1226 721 817
f 1229 1233 724
f 1225 727 733
f 733 1234 1225
f 1234 1232 732
f 732 1235 1234
f 1236 1235 735
f 1235 1231 735
f 1237 1236 734
f 1236 1230 734
f 1237 825 1229
f 1229 1238 1237
f 1238 725 724
f 724 1239 1238
f 1240 1239 723
f 1239 1228 723
f 1241 1240 1226
f 1240 1227 1226
f 1226 817 1241
f 723 1227 1240
f 724 1228 1239
f 1229 725 1238
f 734 825 1237
f 735 1230 1236
f 732 1231 1235
f 733 1232 1234
f 817 815 814
f 814 811 817
f 814 813 811
f 813 812 811
f 817 816 815
f 1241 817 811
f 811 1242 1241
f 780 798 791
f 789 791 798
f 799 811 807
f 807 800 799
f 804 807 811
f 798 799 1024
f 868 869 1243
f 869 866 1244
f 1244 1243 869
f 1245 876 884
f 1246 884 1154
f 1246 1154 883
f 1248 883 871
f 1249 871 870
f 1252 870 888
f 1252 888 887
f 1254 887 877
f 1256 877 880
f 1257 880 868
f 868 1243 1257
f 880 1257 1256
f 877 1256 1255
f 877 1255 1254
f 887 1254 1253
f 887 1253 1252
f 870 1252 1251
f 870 1251 1250
f 870 1250 1249
f 871 1249 1248
f 883 1248 1247
f 883 1247 1246
f 884 1246 1245
f 873 876 1245
f 1245 1258 873
f 874 873 1258
f 1258 1259 874
f 874 941 893
f 893 886 874
f 941 903 904
f 941 917 910
f 941 928 913
f 941 924 928
f 941 932 924
f 941 935 932
f 913 917 941
f 910 903 941
f 904 893 941
f 941 874 1259
f 1259 1260 941
f 959 955 1261
f 955 954 1262
f 954 958 1263
f 958 951 1264
f 951 939 1265
f 939 941 1260
f 1260 1265 939
f 1265 1264 951
f 1264 1263 958
f 1263 1262 954
f 1262 1261 955
f 1261 1266 959
f 959 964 961
f 959 965 964
f 959 974 965
f 959 1046 974
f 959 1002 1041
f 1002 1039 1041
f 1041 1046 959
f 1002 983 1039
f 1002 986 981
f 981 983 1002
f 961 956 959
f 991 987 1002
f 987 986 1002
f 959 1266 1267
f 1267 1002 959
f 1003 1002 1267
f 1267 1268 1003
f 1008 1003 1269
f 1268 1269 1003
f 1269 1270 1008
f 1011 1012 1013
f 1017 1271 1016
f 1271 1017 1022
f 1272 1004 1013
f 1273 1013 1012
f 1275 1012 1020
f 1278 1020 1018
f 1278 1018 818
f 1280 818 819
f 1281 819 1016
f 1283 1016 1271
f 1284 1271 1022
f 1284 1022 1008
f 1008 1270 1284
f 1271 1284 1283
f 1016 1283 1282
f 1016 1282 1281
f 819 1281 1280
f 818 1280 1279
f 818 1279 1278
f 1020 1278 1277
f 1020 1277 1276
f 1020 1276 1275
f 1012 1275 1274
f 1012 1274 1273
f 1013 1273 1272
f 1014 1005 1006
f 1006 1005 1272
f 1005 1004 1272
f 1272 1285 1006
f 1009 1006 1285
f 1285 1286 1009
f 1009 831 822
f 822 821 1009
f 821 820 1009
f 1286 1287 831
f 831 1009 1286
f 827 835 834
f 1288 835 827
f 1289 827 823
f 823 826 1290
f 826 830 1291
f 830 829 1292
f 827 1289 1288
f 835 1288 832
f 1293 833 832
f 832 1294 1293
f 1294 832 1288
f 1288 1295 1294
f 1295 1288 1289
f 1289 1296 1295
f 1296 827 823
f 823 1297 1296
f 1298 1297 826
f 1297 1290 826
f 1299 1298 830
f 1298 1291 830
f 1300 1299 829
f 1299 1292 829
f 1287 1300 828
f 828 831 1287
f 829 828 1300
f 830 1292 1299
f 826 1291 1298
f 823 1290 1297
f 1289 827 1296
f 833 837 836
f 833 838 837
f 833 839 838
f 833 840 839
f 833 841 840
f 833 842 841
f 833 850 843
f 843 842 833
f 850 844 843
f 850 845 844
f 850 846 845
f 850 847 846
f 850 848 847
f 850 849 848
f 836 1087 833
f 866 865 1301
f 1301 1244 866
f 865 864 863
f 863 860 865
f 865 867 864
f 1302 1301 865
f 865 860 1302
f 1293 1303 850
f 850 833 1293
f 1302 860 862
f 862 1304 1302
f 1304 862 861
f 861 1305 1304
f 1305 858 854
f 854 1306 1305
f 1306 1307 853
f 853 1308 1306
f 1309 1308 857
f 1308 1310 857
f 1311 1309 856
f 1312 1311 1313
f 1311 855 1313
f 1303 1312 851
f 851 850 1303
f 1313 851 1312
f 856 855 1311
f 857 856 1309
f 853 1310 1308
f 854 1307 1306
f 861 858 1305
f 854 861 858
f 855 852 856
f 1313 852 851
f 1307 854 853
f 1310 853 857
f 856 1313 855
f 852 1313 856
f 798 1314 1315
f 798 780 1316
f 1316 1314 798
f 780 1318 1316
f 780 1319 1318
f 780 1185 1319
f 1315 1317 798
f 811 1320 1321
f 799 1322 1320
f 1320 811 799
f 1323 1324 799
f 1324 1322 799
f 1321 1242 811
f 1325 1323 799
f 1016 819 1017
f 879 890 872
f 920 1326 1327
f 1327 919 920
f 1327 915 919
f 923 922 1329
f 921 923 1329
f 918 921 1330
f 1329 1330 921
f 1328 914 915
f 1327 1328 915
f 918 1326 920
f 1329 922 914
f 1331 914 1328
f 1333 1329 914
f 1326 918 1332
f 1334 1044 1047
f 1044 1334 1335
f 1335 1042 1044
f 1040 1037 1337
f 1037 1338 1337
f 1337 1049 1040
f 1337 1048 1049
f 1336 1037 1042
f 1335 1336 1042
f 1048 1334 1047
f 1339 1037 1336
f 1341 1048 1337
f 1334 1048 1340
f 1342 1056 1058
f 1057 1056 1344
f 1056 1343 1344
f 1342 1343 1056
f 1344 1060 1057
f 1345 1058 1061
f 1058 1345 1342
f 1067 1346 1347
f 1347 1066 1067
f 1068 1066 1347
f 1347 1348 1068
f 1068 1348 1071
f 1349 1067 1070
f 1067 1349 1346
f 1350 634 1073
f 1351 1075 634
f 1351 1352 1075
f 1350 1351 634
f 1075 1352 1078
f 1353 1073 1077
f 1073 1353 1350
f 1083 1354 1355
f 1355 538 1083
f 1082 538 1356
f 1355 1356 538
f 1356 1086 1082
f 1357 1083 1085
f 1083 1357 1354
f 1015 1007 1360
f 1007 1010 1361
f 1010 1017 1362
f 1017 819 1363
f 819 818 1365
f 818 1019 1366
f 1019 1020 1367
f 1020 1012 1368
f 1012 1013 1369
f 1013 1004 1370
f 1004 1015 1358
f 1358 1370 1004
f 1370 1369 1013
f 1369 1368 1012
f 1368 1367 1020
f 1367 1366 1019
f 1366 1365 818
f 1365 1364 819
f 1364 1363 819
f 1363 1362 1017
f 1362 1361 1010
f 1361 1360 1007
f 1360 1359 1015
f 1359 1358 1015
f 871 883 1373
f 883 882 1373
f 882 875 1374
f 875 885 1375
f 885 879 1376
f 879 872 1378
f 872 877 1379
f 877 887 1380
f 887 889 1381
f 889 870 1381
f 870 871 1371
f 1371 1382 870
f 1382 1381 870
f 1381 1380 887
f 1380 1379 877
f 1379 1378 872
f 1378 1377 879
f 1377 1376 879
f 1376 1375 885
f 1375 1374 875
f 1374 1373 882
f 1373 1372 871
f 1372 1371 871
f 1372 1373 1383
f 802 1384 808
f 1384 1385 808
f 1385 806 809
f 809 808 1385
f 808 810 802
f 1386 801 805
f 1387 803 1386
f 1388 1386 805
f 1384 1389 806
f 802 1390 1384
f 1385 1384 806
f 801 1386 803
f 690 1391 689
f 1391 1392 689
f 1392 684 686
f 686 689 1392
f 689 688 690
f 1393 687 685
f 1396 684 1392
f 691 687 1393
f 1394 691 1393
f 690 1397 1392
f 685 1395 1393
f 1391 690 1392
f 782 1398 790
f 1398 1399 790
f 1399 792 797
f 797 790 1399
f 790 787 782
f 1400 631 793
f 1403 792 1399
f 1401 783 1400
f 782 1404 1399
f 793 1402 1400
f 631 1400 783
f 1398 782 1399
f 795 1405 788
f 1405 1406 788
f 1406 781 784
f 784 788 1406
f 788 794 795
f 1407 786 785
f 1408 796 1407
f 795 1409 1405
f 1406 1405 781
f 786 1407 796
f 1382 1371 1411
f 1410 1374 1375
f 1378 1379 1412
f 1383 1411 1372
f 1379 1380 1412
f 1411 1381 1382
f 1373 1410 1383
f 1376 1410 1375
f 1381 1412 1380
f 1410 1373 1374
f 1411 1371 1372
f 1381 1411 553
f 553 1412 1381
f 554 1378 1412
f 1377 1378 564
f 1376 1377 557
f 1410 1376 558
f 1376 557 558
f 1383 1410 551
f 1410 558 551
f 551 1411 1383
f 564 557 1377
f 554 564 1378
f 553 554 1412
f 551 553 1411
f 558 561 551
f 1364 1365 1366
f 1361 1362 1415
f 1363 1364 1413
f 1366 1413 1364
f 1415 1414 1361
f 1413 1415 1363
f 1360 1361 1414
f 1368 1369 1366
f 1415 1362 1363
f 1366 1367 1368
f 1414 1359 1360
f 1370 1358 1417
f 1417 1369 1370
f 1366 1369 1418
f 1413 1366 1419
f 1420 1415 1413
f 1415 1420 1421
f 1421 1414 1415
f 1414 1421 1416
f 1416 1359 1414
f 1416 1358 1359
f 1419 1420 1413
f 1418 1419 1366
f 1417 1418 1369
f 1416 1417 1358
f 1420 1422 1423
f 1421 1420 1423
f 1155 1425 1424
f 1425 1155 1174
f 1427 1174 1426
f 1174 1428 1426
f 1174 1429 1425
f 1431 1156 1427
f 1155 1424 1432
f 1430 1428 1174
f 1433 1430 1174
f 1433 1174 1161
f 1431 1434 1156
f 1427 1426 1431
f 1161 1156 1434
f 1156 1432 1435
f 1427 1429 1174
f 1435 1427 1156
f 1434 1433 1161
f 1432 1156 1155
f 1325 799 1317
f 1317 1436 1325
f 799 798 1317
f 1317 1437 1436
f 1436 1437 1438
f 1438 1439 1436
f 1317 1315 1440
f 1441 1440 1315
f 1325 1442 1323
f 1443 1323 1442
f 1441 1445 1444
f 1445 1446 1440
f 1440 1441 1445
f 1441 1315 1447
f 1447 1315 1448
f 1441 1447 1449
f 1449 1445 1441
f 1444 1449 1450
f 1444 1445 1449
f 1451 1452 1445
f 1446 1445 1452
f 1453 1454 1449
f 1449 1447 1453
f 1450 1445 1444
f 1445 1454 1451
f 1450 1454 1445
f 1450 1449 1454
f 1455 1451 1454
f 1454 1453 1455
f 1451 1455 1456
f 1452 1451 1456
f 1457 1453 1447
f 1456 1455 1458
f 1459 1458 1455
f 1460 1461 1458
f 1458 1459 1460
f 1461 1462 1458
f 1464 1463 1455
f 1459 1455 1463
f 1459 1463 1465
f 1465 1460 1459
f 795 796 1408
f 1466 785 781
f 1409 795 1460
f 1460 1465 1405
f 1466 1407 785
f 1466 1408 1407
f 781 1405 1465
f 795 1408 1460
f 781 1465 1466
f 1460 1405 1409
f 1408 1467 1460
f 1461 1460 1467
f 1467 1462 1461
f 1463 1468 1466
f 1466 1465 1463
f 1464 1468 1463
f 1469 1408 1466
f 1466 1463 1469
f 1467 1469 1470
f 1467 1408 1469
f 1472 1470 1469
f 1469 1471 1472
f 1470 1437 1456
f 1456 1458 1470
f 1470 1472 1474
f 1437 1317 1440
f 1474 1472 1473
f 1470 1474 1437
f 1440 1456 1437
f 1470 1458 1462
f 1440 1446 1452
f 1475 1474 1473
f 1452 1456 1440
f 1462 1467 1470
f 1408 1079 1471
f 1472 1471 1079
f 1079 1475 1472
f 1473 1472 1475
f 1477 1475 1079
f 1476 1477 1111
f 1479 1477 1476
f 1475 1477 1480
f 1471 1481 1482
f 1482 1408 1471
f 1080 1079 1483
f 1079 1408 1482
f 1482 1483 1079
f 1076 1484 1485
f 1485 1072 1076
f 1485 1074 1072
f 1485 1486 1074
f 1484 1076 1081
f 1074 1486 1079
f 1483 1482 1481
f 1476 1478 1489
f 1491 1479 1476
f 1476 1490 1491
f 1477 1479 1491
f 1491 1492 1477
f 1477 1492 1493
f 1493 1474 1477
f 1475 1480 1474
f 1480 1477 1474
f 1489 1490 1476
f 1494 1495 1474
f 1496 1494 1474
f 1474 1493 1496
f 1493 1492 1496
f 1497 1496 1492
f 1498 1492 1491
f 1491 1490 1498
f 1499 1498 1490
f 1490 1489 1499
f 1498 1497 1492
f 1161 1174 1500
f 1495 1171 1165
f 1171 1495 1494
f 1500 1439 1161
f 1171 1494 1496
f 1165 1438 1495
f 1171 1496 1497
f 1171 1497 1498
f 1504 1502 1174
f 1501 1500 1174
f 1498 1499 1171
f 1174 1171 1499
f 1502 1501 1174
f 1165 1161 1438
f 1174 1499 1505
f 1503 1504 1174
f 1161 1439 1438
f 1174 1505 1503
f 1489 1506 1505
f 1505 1499 1489
f 1508 1509 1507
f 1508 1510 1509
f 1510 1512 1511
f 1510 1508 1512
f 1513 1514 1510
f 1513 1515 1516
f 1506 1488 1516
f 1516 1515 1506
f 1516 1514 1513
f 1510 1511 1513
f 1489 1478 1488
f 1488 1506 1489
f 1503 1505 1515
f 1505 1506 1515
f 1503 1515 1513
f 1511 1504 1503
f 1511 1502 1504
f 1502 1511 1512
f 1502 1512 1508
f 1508 1501 1502
f 1508 1500 1501
f 1503 1513 1511
f 1507 1509 1510
f 1514 1516 1510
f 1510 1516 1142
f 1507 1518 1517
f 1055 1519 1518
f 1518 1507 1055
f 1395 1520 1519
f 1519 1055 1395
f 1055 1521 1522
f 1522 1395 1055
f 1054 1521 1055
f 1050 1052 1523
f 1524 1051 1050
f 1524 1525 1051
f 1523 1524 1050
f 1523 1052 1055
f 1526 1523 1055
f 1051 1525 1053
f 1520 1395 1522
f 1522 1527 1520
f 1528 1519 1520
f 1520 1527 1528
f 1519 1528 1529
f 1522 1528 1527
f 1522 1521 1528
f 1528 1531 1532
f 1528 1521 1531
f 1533 1532 1531
f 1531 1534 1535
f 1535 1533 1531
f 1537 1535 1534
f 1536 1537 1534
f 1536 1534 1539
f 1534 1538 1539
f 1538 1541 1542
f 1542 1540 1538
f 1543 1540 1542
f 1542 1242 1543
f 1544 1545 1542
f 1544 1542 1541
f 1547 1487 1481
f 1487 1483 1481
f 1547 1548 1487
f 1487 1548 1549
f 1549 1550 1487
f 1549 1551 1550
f 1553 1550 1551
f 1553 1552 1550
f 1556 1546 1555
f 1556 1544 1546
f 1557 1555 1546
f 1546 1558 1559
f 1559 1557 1546
f 1561 1559 1558
f 1560 1561 1558
f 1560 1558 1563
f 1558 1562 1563
f 1552 1554 1566
f 1566 1565 1552
f 1567 1566 1554
f 1554 1553 1567
f 1569 1568 1567
f 1568 1565 1567
f 1569 1570 1568
f 1568 1570 1571
f 1571 1572 1568
f 1573 1574 1572
f 1571 1573 1572
f 1576 1572 1574
f 1576 1575 1572
f 1553 1554 1552
f 1567 1553 1579
f 1565 1566 1567
f 1576 1577 1575
f 1581 1582 1577
f 1577 1576 1581
f 1575 1583 664
f 665 664 1583
f 1575 1577 1582
f 1582 1583 1575
f 1583 1582 1585
f 1585 1584 1583
f 657 1586 1587
f 1587 656 657
f 1586 657 665
f 656 1587 664
f 1585 1582 1581
f 1584 1585 1581
f 1589 1588 1581
f 1588 1584 1581
f 1589 1590 1588
f 1588 1590 1591
f 1591 1592 1588
f 1593 1594 1592
f 1591 1593 1592
f 1596 1592 1594
f 1596 1595 1592
f 1595 1599 1598
f 1595 1597 1599
f 1601 1599 1597
f 1597 1596 1601
f 1603 1602 1601
f 1602 1600 1601
f 1603 1604 1602
f 1605 1602 1604
f 1604 1606 1605
f 1606 1607 1608
f 1607 1609 1610
f 1609 1611 1610
f 1609 1612 1613
f 1612 1614 1615
f 1614 1616 1615
f 1617 1618 853
f 853 1614 1617
f 1619 1620 1621
f 1621 1617 1619
f 1622 1623 1620
f 1620 1619 1622
f 1624 1625 1626
f 1626 1622 1624
f 1626 1623 1622
f 1621 1618 1617
f 853 1616 1614
f 1615 1613 1612
f 1613 1611 1609
f 1610 1608 1607
f 1608 1605 1606
f 1625 862 1626
f 1623 1626 1620
f 1618 1621 853
f 853 1615 1616
f 1613 1610 1611
f 1620 1626 862
f 1627 1625 1629
f 1629 1628 1627
f 1630 1625 1624
f 1630 1629 1625
f 1596 1597 1595
f 1598 1599 1601
f 1600 1598 1601
f 1630 1633 1628
f 1630 1628 1629
f 1633 1631 1628
f 1634 1633 1630
f 1194 1634 1630
f 1635 1636 1631
f 1631 1633 1635
f 1633 1637 1635
f 1633 1634 1637
f 1628 1631 1636
f 1628 1636 767
f 767 1638 1628
f 763 769 767
f 1640 762 757
f 1640 759 762
f 759 1640 1638
f 1638 768 759
f 1638 765 768
f 765 1638 767
f 1639 757 763
f 767 1639 763
f 1641 757 758
f 1642 1639 1644
f 1644 1643 1642
f 1639 767 1644
f 1640 757 1641
f 1647 1645 1635
f 1645 1636 1635
f 1646 1645 1647
f 1648 1646 1647
f 1647 1649 1648
f 1649 1650 1648
f 1653 1648 1650
f 1653 1651 1648
f 1651 1653 1654
f 1654 1656 1655
f 1655 1653 1654
f 1657 1658 1651
f 1651 1654 1657
f 1659 1657 1654
f 1654 1653 1659
f 1660 1659 1653
f 1653 1655 1660
f 1651 1658 701
f 694 700 1661
f 1663 699 697
f 1663 695 699
f 695 1663 1664
f 1664 698 695
f 1664 701 698
f 1661 1662 694
f 701 1661 700
f 1662 697 694
f 1666 697 1662
f 701 1665 1661
f 1657 1659 1658
f 1669 1667 1659
f 1667 1658 1659
f 1668 1667 1669
f 1668 1669 1670
f 1670 1671 1668
f 1670 1672 1671
f 1675 1672 1670
f 1675 1673 1672
f 1677 1676 1673
f 1673 1675 1677
f 1679 1678 1677
f 1678 1676 1677
f 1679 1680 1678
f 1679 1681 1680
f 1682 1680 1681
f 1681 1683 1682
f 1682 1684 1680
f 1685 1686 1687
f 1686 1688 1689
f 1683 1685 1690
f 1690 1682 1683
f 1689 1687 1686
f 1687 1690 1685
f 1690 1684 1682
f 1687 1689 1691
f 1692 1689 1688
f 1693 1692 1688
f 1693 1688 1694
f 1694 1692 1693
f 1692 1694 1695
f 1696 1692 1695
f 1696 1689 1692
f 1244 866 1687
f 1687 1697 1244
f 1301 1698 866
f 1697 1687 1696
f 1696 1695 1697
f 1698 865 866
f 1301 1302 860
f 860 1698 1301
f 865 1698 860
f 1304 1623 862
f 1304 1305 1699
f 1305 1620 1699
f 1305 1700 1621
f 1700 1308 853
f 1308 1616 853
f 1309 1613 1701
f 1701 1308 1309
f 1702 855 1613
f 1613 1309 1702
f 1312 1703 1313
f 1313 1702 1312
f 1606 1704 1703
f 1703 1312 1606
f 1313 855 1702
f 1701 1616 1308
f 853 1621 1700
f 1621 1620 1305
f 1699 1623 1304
f 1699 862 1623
f 1621 1699 1620
f 1701 853 1616
f 855 1313 1613
f 862 1699 1620
f 1703 1704 1605
f 1606 1705 1706
f 1706 1704 1606
f 1706 1707 1605
f 1605 1704 1706
f 1705 1294 1708
f 1294 1709 1288
f 1709 834 1288
f 1709 1296 1710
f 1296 1297 1711
f 1297 1712 1711
f 1713 1714 826
f 826 1297 1713
f 1299 1715 1714
f 1714 1713 1299
f 1716 1717 1718
f 1718 1299 1716
f 828 1716 1287
f 828 1717 1716
f 1718 1715 1299
f 826 1712 1297
f 1711 1710 1296
f 1710 834 1709
f 1288 1708 1294
f 1708 1706 1705
f 1710 1288 834
f 1712 826 1711
f 1715 1718 1714
f 1717 828 1718
f 1708 1707 1706
f 828 1715 1718
f 1286 1719 831
f 1719 1009 831
f 1285 1720 1721
f 1720 1722 1723
f 1286 1285 1006
f 1006 1719 1286
f 1723 1721 1720
f 1721 1006 1285
f 1006 1009 1719
f 1722 1724 1723
f 1724 1722 1725
f 1726 1724 1725
f 1726 1725 1727
f 1728 1724 1726
f 1726 1727 1728
f 1729 1724 1728
f 1731 1732 1721
f 1721 1733 1731
f 1734 1735 1732
f 1732 1731 1734
f 1733 1721 1729
f 1729 1728 1733
f 1736 1006 1732
f 1721 1730 1729
f 1732 1735 1736
f 1721 1732 1006
f 1735 1734 1737
f 1737 1738 1735
f 1736 1735 1738
f 1738 1737 1739
f 1740 1738 1739
f 1742 1740 1739
f 1742 1741 1740
f 1743 1744 1741
f 1741 1742 1743
f 715 1741 1744
f 1746 716 715
f 718 717 719
f 714 718 1747
f 1747 1748 714
f 1746 720 716
f 719 1747 718
f 1749 1747 719
f 719 1750 1749
f 715 1751 1746
f 715 714 1748
f 1752 1745 1744
f 1745 1752 1753
f 1754 1752 1743
f 1752 1744 1743
f 1754 1753 1752
f 1755 1753 1754
f 1754 1756 1755
f 1757 1755 1756
f 1759 1757 1756
f 1759 1758 1757
f 1759 1760 1758
f 1761 1762 1758
f 1758 1760 1761
f 1760 1763 1761
f 1760 1759 1763
f 1758 1762 703
f 1765 706 703
f 706 1765 1766
f 1766 707 706
f 1766 711 707
f 1766 709 711
f 705 710 1767
f 1767 1768 705
f 709 1767 710
f 708 709 710
f 1768 703 705
f 1769 703 1768
f 708 709 1766
f 1767 1770 708
f 709 708 1770
f 709 1770 1767
f 1761 1763 1762
f 1772 1771 1763
f 1771 1762 1763
f 1772 1773 1771
f 1771 1773 1774
f 1774 1775 1771
f 1776 1775 1774
f 1778 1776 1774
f 1778 1777 1776
f 1779 1780 1777
f 1777 1778 1779
f 1784 728 1783
f 1777 1783 728
f 1777 1780 1783
f 1784 729 728
f 1784 730 729
f 730 1784 1786
f 1786 731 730
f 1786 740 731
f 740 1786 738
f 737 741 1787
f 736 737 741
f 741 728 736
f 1791 738 1786
f 1788 728 1787
f 1789 1788 1790
f 1787 1790 1788
f 728 741 1787
f 1785 1783 1781
f 1779 1781 1783
f 1783 1780 1779
f 1783 1793 1792
f 1783 1785 1793
f 1794 1793 1781
f 1793 1785 1781
f 1794 1795 1796
f 1795 1717 1796
f 1795 1797 1715
f 1797 1798 1714
f 1798 1799 1714
f 1798 1800 826
f 1800 1712 826
f 1801 1710 1802
f 1802 1800 1801
f 1803 1804 1710
f 1710 1801 1803
f 1805 1806 1807
f 1807 1803 1805
f 1705 1707 1806
f 1806 1805 1705
f 1807 1804 1803
f 1802 1712 1800
f 826 1799 1798
f 1714 1715 1797
f 1715 1717 1795
f 1796 1793 1794
f 1715 828 1796
f 1793 1796 828
f 1804 1807 1710
f 1802 826 1712
f 826 1714 1799
f 1715 1796 1717
f 1707 1705 1808
f 1808 1809 1707
f 1808 1810 1809
f 1812 1809 1810
f 1812 1811 1809
f 1813 1811 1815
f 1811 1813 1814
f 1814 1813 1817
f 1817 1816 1814
f 1818 1817 1813
f 1813 1819 1818
f 1821 1820 1818
f 1820 1816 1818
f 1822 1823 1820
f 1821 1822 1820
f 1824 1820 1823
f 1823 1825 1824
f 1825 1826 1824
f 1605 1572 1588
f 1608 1703 1605
f 1605 1568 1572
f 1602 1605 1592
f 1625 860 862
f 1568 1707 1550
f 1588 1592 1605
f 1615 1701 1613
f 1516 1707 1531
f 1534 1707 1546
f 1600 1595 1598
f 1546 1541 1538
f 1605 1602 1608
f 1608 1610 1313
f 853 1701 1615
f 1707 1487 1550
f 1313 1703 1608
f 1707 1534 1531
f 1707 1558 1546
f 1544 1541 1546
f 1313 1610 1613
f 1600 1592 1595
f 1809 1814 1816
f 1568 1605 1707
f 1816 1820 1809
f 1550 1552 1565
f 1640 860 1625
f 1572 1586 1588
f 1809 1820 1707
f 1572 1587 1586
f 1516 1488 1707
f 1814 1809 1811
f 1802 1711 826
f 1807 1288 1710
f 1806 1708 1288
f 1708 1806 1707
f 1531 1142 1516
f 1510 1531 1524
f 1487 1707 1478
f 1724 1729 1730
f 1510 1142 1531
f 1707 1488 1478
f 1600 1602 1592
f 1288 1807 1806
f 1730 1723 1724
f 1538 1534 1546
f 1558 1707 1824
f 1711 1802 1710
f 1753 1009 1738
f 1707 1820 1824
f 1793 828 738
f 1721 1723 1730
f 1487 1478 1476
f 1771 1009 1755
f 1738 1740 1753
f 1006 1736 1009
f 1565 1568 1550
f 1824 1828 1558
f 1753 1755 1009
f 1736 1738 1009
f 738 1792 1793
f 1755 1757 1771
f 1476 1485 1487
f 1740 719 1753
f 738 828 831
f 831 1771 1775
f 1757 708 1771
f 1775 1776 831
f 1691 1696 1687
f 1648 1667 1668
f 1667 1648 696
f 1771 831 1009
f 866 1678 1680
f 1689 1696 1691
f 860 1646 1648
f 1648 1668 860
f 860 1645 1646
f 1486 1111 1477
f 1680 1690 866
f 758 1645 860
f 1476 1486 1485
f 1476 1111 1486
f 866 1690 1687
f 1678 860 1671
f 1792 738 1791
f 738 831 1776
f 1740 1749 1750
f 1678 865 860
f 670 678 1678
f 1668 1671 860
f 1750 719 1740
f 1678 866 865
f 1671 670 1678
f 1648 1651 1663
f 1583 1584 665
f 1588 1586 665
f 1079 1486 1477
f 665 1584 1588
f 1680 1684 1690
f 1662 1661 1658
f 860 1641 758
f 1648 697 696
f 1766 1765 1762
f 757 1639 1645
f 696 697 1667
f 1663 697 1648
f 1572 1575 664
f 1642 1643 1636
f 1639 1642 1645
f 758 757 1645
f 1651 701 1664
f 664 1587 1572
f 1651 1664 1663
f 1638 1640 1628
f 1658 1661 1665
f 1662 1658 1667
f 697 1662 1667
f 1625 1627 1640
f 1643 1644 1636
f 1487 1484 1081
f 1746 1751 1744
f 1766 1762 1771
f 1771 708 1766
f 1627 1628 1640
f 1783 1786 1784
f 1081 1483 1487
f 1757 1758 1767
f 1644 767 1636
f 1642 1636 1645
f 1485 1484 1487
f 1640 1641 860
f 1776 1787 741
f 1776 1777 1790
f 1665 701 1658
f 1777 1788 1789
f 1777 728 1788
f 1744 1745 1746
f 1753 720 1746
f 1792 1791 1786
f 1081 1080 1483
f 1776 1790 1787
f 1751 715 1744
f 1786 1783 1792
f 1777 1789 1790
f 1758 1768 1767
f 1758 1769 1768
f 1746 1745 1753
f 1765 703 1762
f 1747 1740 1741
f 1753 719 720
f 741 738 1776
f 1758 703 1769
f 1748 1747 1741
f 1767 708 1757
f 1740 1747 1749
f 1741 715 1748
f 1064 1827 1829
f 1507 1526 1055
f 1824 1827 1064
f 1523 1526 1510
f 1558 1828 1830
f 678 673 1678
f 1507 1510 1526
f 1064 1828 1824
f 1531 1053 1525
f 677 1672 1673
f 1830 1831 1558
f 1671 1672 677
f 1673 680 677
f 1562 1558 1831
f 1510 1524 1523
f 1525 1524 1531
f 1831 1065 1562
f 1673 676 680
f 676 1673 1676
f 674 679 1676
f 1676 1678 673
f 1521 1054 1053
f 677 671 1671
f 679 676 1676
f 673 674 1676
f 1053 1531 1521
f 671 670 1671
f 1833 1827 1832
f 1827 1833 1829
f 1834 1824 1826
f 1834 1827 1824
f 1830 1063 1065
f 1831 1830 1065
f 1062 1828 1064
f 1062 1063 1828
f 1063 1830 1828
f 1562 1829 1833
f 1829 1562 1064
f 1065 1064 1562
f 1833 1564 1562
f 1835 1564 1833
f 1833 1836 1835
f 1837 1323 1443
f 1838 1323 1837
f 1443 1839 1840
f 1839 1443 1442
f 1443 1840 1841
f 1443 1840 1842
f 1842 1837 1443
f 1839 1841 1843
f 1839 1841 1840
f 1842 1840 1841
f 1837 1842 1845
f 1837 1845 1846
f 1846 1847 1837
f 1848 1841 1839
f 1839 1844 1848
f 1842 1846 1845
f 1842 1841 1848
f 1848 1846 1842
f 1849 1847 1846
f 1846 1848 1849
f 1848 1844 1850
f 1850 1849 1848
f 1837 1847 1851
f 1508 1530 1852
f 1850 1442 1508
f 1508 1518 1530
f 1852 1850 1508
f 1508 1517 1518
f 1850 1844 1839
f 1442 1325 1436
f 1436 1508 1442
f 1530 1853 1854
f 1517 1508 1507
f 1854 1852 1530
f 1839 1442 1850
f 1850 1852 1849
f 1855 1849 1852
f 1856 1855 1852
f 1852 1854 1856
f 1395 1853 1530
f 1530 1520 1395
f 1856 1854 1396
f 685 684 1853
f 1853 1395 685
f 1858 1397 690
f 690 1857 1858
f 1858 1392 1397
f 1392 1858 1856
f 1856 1396 1392
f 684 1854 1853
f 1395 1857 1393
f 1857 691 1394
f 1854 684 1396
f 1394 1393 1857
f 690 691 1857
f 1855 1856 1858
f 1858 1859 1855
f 1520 1859 1857
f 1857 1395 1520
f 1849 1859 1860
f 1859 1849 1855
f 1849 1860 1861
f 1859 1858 1857
f 1859 1862 1857
f 1863 1859 1520
f 1545 1556 1242
f 1545 1544 1556
f 1242 1542 1545
f 1543 1242 1556
f 1556 1539 1543
f 1538 1540 1543
f 1543 1539 1538
f 1866 1867 1536
f 1865 1536 1867
f 1866 1536 1539
f 1867 1866 1864
f 1539 1864 1866
f 1868 1867 1864
f 1864 1869 1868
f 1871 1864 1870
f 1871 1869 1864
f 1865 1867 1868
f 1865 1868 1872
f 1872 1873 1865
f 1535 1865 1873
f 1533 1873 1532
f 1865 1537 1536
f 1873 1533 1535
f 1535 1537 1865
f 1874 1875 1871
f 1871 1870 1874
f 1872 1532 1873
f 1877 1532 1876
f 1872 1876 1532
f 1876 1521 1528
f 1528 1877 1876
f 1528 1532 1877
f 1869 1871 1875
f 1875 1878 1869
f 1349 1876 1872
f 1071 1348 1868
f 1868 1869 1071
f 1876 1349 1070
f 1348 1347 1868
f 1869 1069 1071
f 1878 1521 1070
f 1872 1346 1349
f 1878 1070 1069
f 1070 1521 1876
f 1069 1869 1878
f 1347 1346 1872
f 1872 1868 1347
f 1878 1875 1521
f 1521 1875 1528
f 1874 1528 1875
f 1879 1528 1874
f 1879 1870 1864
f 1870 1879 1874
f 1879 1864 1880
f 1562 1564 1835
f 1835 1563 1562
f 1835 1836 1834
f 1834 1563 1835
f 1832 1834 1836
f 1832 1827 1834
f 1833 1832 1836
f 1813 1812 1819
f 1813 1815 1812
f 1815 1811 1812
f 1816 1817 1818
f 1884 1431 1426
f 1426 1883 1884
f 1431 1884 1885
f 1885 1886 1433
f 1433 1886 1887
f 1430 1887 1888
f 1426 1428 1888
f 1888 1883 1426
f 1888 1428 1430
f 1887 1430 1433
f 1433 1434 1885
f 1885 1434 1431
f 1424 1889 1890
f 1889 1891 1424
f 1432 1424 1891
f 1892 1435 1432
f 1432 1891 1892
f 1892 1893 1427
f 1893 1894 1427
f 1429 1427 1894
f 1429 1894 1895
f 1895 1425 1429
f 1889 1424 1425
f 1425 1895 1889
f 1427 1435 1892
f 944 1896 1897
f 952 944 1897
f 953 1898 1899
f 953 952 1897
f 1897 1898 953
f 960 1899 1900
f 960 953 1899
f 1899 1901 953
f 950 1901 1902
f 942 1904 1903
f 1902 1904 942
f 942 1903 1905
f 942 1905 1906
f 949 1906 1907
f 944 949 1906
f 1906 1908 944
f 1908 1909 944
f 1909 1896 944
f 1906 949 942
f 1902 942 950
f 1901 950 953
f 1902 1903 1904
f 1896 1909 1897
f 1910 897 896
f 897 1911 894
f 1912 899 894
f 1912 902 899
f 902 1912 1913
f 1913 901 902
f 1913 900 901
f 898 900 1913
f 1915 1910 896
f 896 898 1915
f 1910 1911 897
f 1916 894 1911
f 898 1914 1915
f 614 625 1917
f 1917 616 614
f 929 617 1918
f 1918 931 929
f 1918 930 931
f 1919 615 930
f 615 1919 618
f 1918 1919 930
f 1921 617 1917
f 1919 1920 927
f 618 1919 927
f 616 1917 617
f 618 1922 625
f 625 614 618
f 1924 976 975
f 976 1924 1925
f 1925 978 976
f 1925 971 978
f 971 1925 969
f 968 1926 1923
f 1923 970 968
f 977 1924 975
f 1926 968 969
f 1924 977 973
f 969 1927 1926
f 1923 1928 977
f 977 970 1923
f 990 1929 1930
f 1931 993 992
f 993 1931 1932
f 1932 998 993
f 1932 997 998
f 1932 996 997
f 995 996 1933
f 1933 990 995
f 1933 1929 990
f 992 994 1931
f 1930 994 990
f 1935 994 1930
f 996 1934 1933
f 1635 1652 1647
f 1936 1647 1652
f 1652 1937 1936
f 1652 1940 1939
f 1652 1938 1940
f 1647 1936 1941
f 1647 1941 1942
f 1942 1649 1647
f 1649 1943 1648
f 1648 1944 1649
f 1942 1943 1649
f 1648 1943 1945
f 1945 1944 1648
f 1944 1946 1651
f 1946 1944 1945
f 1937 1945 1943
f 1945 1947 1946
f 1945 1937 1947
f 1942 1936 1937
f 1943 1942 1937
f 1941 1936 1942
f 1939 1947 1937
f 1937 1652 1939
f 1944 1651 1654
f 1654 1649 1944
f 1653 1650 1649
f 1649 1654 1653
f 1651 1946 1654
f 1946 1939 1654
f 1946 1947 1939
f 1656 1654 1940
f 1939 1940 1654
f 1659 1674 1669
f 1948 1669 1674
f 1674 1949 1948
f 1674 1952 1951
f 1674 1950 1952
f 1669 1948 1668
f 1669 1668 1953
f 1953 1670 1669
f 1671 1954 1670
f 1953 1671 1670
f 1668 1948 1949
f 1668 1949 1956
f 1668 1954 1671
f 1668 1955 1954
f 1956 1955 1668
f 1671 1953 1668
f 1951 1956 1949
f 1949 1674 1951
f 1954 1955 1675
f 1675 1670 1954
f 1955 1956 1951
f 1951 1675 1955
f 1957 1675 1952
f 1951 1952 1675
f 1753 1754 1743
f 1743 1745 1753
f 1959 1958 1743
f 1960 1764 1958
f 1958 1959 1960
f 1961 1743 1958
f 1961 1745 1743
f 1753 1962 1754
f 1754 1962 1755
f 1764 1963 1961
f 1961 1958 1764
f 1755 1963 1764
f 1764 1756 1755
f 1764 1759 1756
f 1961 1962 1753
f 1961 1755 1962
f 1755 1961 1963
f 1745 1961 1753
f 1763 1761 1773
f 1773 1772 1763
f 1771 1773 1761
f 1761 1762 1771
f 1965 1964 1761
f 1966 1782 1964
f 1964 1965 1966
f 1967 1761 1964
f 1761 1968 1762
f 1967 1968 1761
f 1771 1762 1968
f 1968 1969 1771
f 1771 1969 1773
f 1969 1970 1773
f 1773 1970 1971
f 1971 1774 1773
f 1782 1972 1967
f 1967 1964 1782
f 1971 1972 1782
f 1782 1774 1971
f 1782 1778 1774
f 1967 1969 1968
f 1970 1967 1972
f 1972 1971 1970
f 1967 1970 1969
f 1812 1810 1973
f 1974 1811 1812
f 1812 1973 1974
f 1973 1810 1974
f 1976 1977 1974
f 1974 1810 1976
f 1975 1812 1815
f 1975 1815 1978
f 1978 1979 1975
f 1980 1978 1815
f 1815 1811 1980
f 1974 1345 1061
f 1977 1980 1060
f 1059 1980 1811
f 1061 1811 1974
f 1974 1977 1343
f 1977 1344 1343
f 1060 1344 1977
f 1974 1342 1345
f 1811 1061 1059
f 1343 1342 1974
f 1059 1060 1980
f 1976 1981 1977
f 1977 1981 1982
f 1982 1980 1977
f 1812 1979 1982
f 1979 1812 1975
f 1978 1982 1979
f 1978 1980 1982
f 1981 1983 1982
f 1985 1976 1984
f 1976 1985 1981
f 1981 1985 1983
f 1986 1987 1983
f 1983 1985 1986
f 1989 1983 1988
f 1988 1241 1989
f 1988 1983 1990
f 1987 1990 1983
f 1241 1988 1990
f 1990 1991 1241
f 1985 1984 1986
f 1992 1993 1986
f 1986 1984 1992
f 1805 1803 1994
f 1803 1133 1994
f 1801 1995 1996
f 1996 1803 1801
f 1800 1997 1995
f 1995 1801 1800
f 1992 1805 1998
f 1805 1999 1998
f 1998 1993 1992
f 1996 1133 1803
f 1994 1999 1805
f 1994 1996 2000
f 1994 1998 1999
f 1133 1996 1994
f 1995 2000 1996
f 1990 1987 2001
f 2001 1991 1990
f 1993 1987 1986
f 2003 2002 1997
f 1997 2002 2004
f 1993 2001 1987
f 2005 2000 1995
f 1228 2006 1994
f 1993 1998 2007
f 1995 2004 2005
f 2000 2005 1228
f 2006 2007 1998
f 1994 2000 1228
f 2007 2001 1993
f 1998 1994 2006
f 2004 1995 1997
f 2005 2004 2008
f 2007 2006 2009
f 2007 1991 2001
f 2008 2010 2011
f 1239 1228 2005
f 2005 2011 1239
f 2012 2006 1228
f 2013 2009 2006
f 2006 2012 2013
f 1228 1239 2012
f 2014 2004 2002
f 2010 2008 2004
f 2004 2014 2010
f 2009 2013 2015
f 1241 1991 2007
f 2007 2015 1241
f 2015 2007 2009
f 2002 1237 2014
f 2011 2005 2008
f 1997 1800 2016
f 2016 2003 1997
f 1989 1241 2015
f 2013 2012 2015
f 2010 2017 2011
f 1237 2017 2014
f 2010 2014 2017
f 2003 2016 1237
f 1237 2002 2003
f 2018 1237 2016
f 2019 2016 1800
f 2018 2016 2019
f 2020 2021 2019
f 2019 1800 2020
f 2021 2018 2019
f 2018 2019 2022
f 1235 2024 2023
f 1781 1225 2025
f 2020 1800 2026
f 2021 2020 2027
f 1798 1797 2028
f 1797 1715 2028
f 2029 2030 2031
f 2031 1797 2029
f 1796 2029 1794
f 2026 1798 1799
f 1798 2032 1799
f 1799 2020 2026
f 1796 2030 2029
f 2031 1715 1797
f 2028 2032 1798
f 1992 1984 1705
f 1805 1992 1705
f 2026 1800 1798
f 1976 1808 1705
f 1976 1810 1808
f 1795 2029 1797
f 1976 1705 1984
f 2029 1795 1794
f 2028 1799 2032
f 1715 2031 2028
f 2030 1796 2031
f 1785 1796 1793
f 2033 2021 2020
f 735 2033 1799
f 732 2031 1796
f 732 735 2028
f 2020 1799 2033
f 1796 2034 732
f 1799 2028 735
f 2028 2031 732
f 1785 2034 1796
f 732 2034 2035
f 2036 735 732
f 1785 2035 2034
f 2035 2025 2024
f 1235 2036 732
f 732 2024 1235
f 1235 2023 735
f 2033 735 2023
f 2023 2022 2033
f 2025 2035 1785
f 2022 2018 2021
f 2021 2033 2022
f 1785 1781 2025
f 735 2036 1235
f 2024 732 2035
f 1821 2037 2038
f 1818 1882 2037
f 2037 1821 1818
f 2040 2037 1882
f 1882 2041 2040
f 1834 2039 1882
f 2039 1834 1836
f 2042 1882 2039
f 2042 2041 1882
f 2038 2037 2040
f 2038 2040 2043
f 2043 1826 2038
f 1825 1823 2038
f 2038 1822 1821
f 2038 1826 1825
f 1823 1822 2038
f 1836 2044 2042
f 2042 2039 1836
f 1826 2043 2045
f 2046 1826 2045
f 2045 1827 1834
f 1834 2046 2045
f 1834 1826 2046
f 2041 2042 2044
f 2044 2047 2041
f 2040 2045 2043
f 2045 2040 2041
f 2045 2047 1827
f 2045 2041 2047
f 1832 1827 2044
f 2047 2044 1827
f 1832 2044 1836
f 1563 1881 2048
f 1560 2048 2049
f 2048 1560 1563
f 2050 2048 1881
f 1881 2051 2050
f 2053 2052 1881
f 2052 2053 2054
f 2055 1881 2052
f 2055 2051 1881
f 2049 2048 2050
f 2049 2050 2056
f 2056 1555 2049
f 1557 1559 2049
f 1561 1560 2049
f 2049 1555 1557
f 1559 1561 2049
f 2054 2057 2055
f 2055 2052 2054
f 2059 1555 2058
f 2056 2058 1555
f 2058 1544 1556
f 1556 2059 2058
f 1556 1555 2059
f 2051 2055 2057
f 2057 2060 2051
f 2056 2051 2060
f 2060 1544 2058
f 2056 2050 2051
f 2058 2056 2060
f 1544 2060 2057
f 2057 1545 1544
f 1545 2057 1242
f 2054 1242 2057
f 2054 1556 1242
f 1556 2054 2053
f 2061 1547 1481
f 2062 2061 1481
f 1481 1483 2062
f 1483 2066 2062
f 1483 2065 2066
f 2067 2064 2063
f 2067 1481 2064
f 2065 1483 1481
f 2067 2065 1481
f 2068 2069 2067
f 2067 2063 2068
f 2070 2065 2067
f 2067 2069 2070
f 2071 1547 2066
f 2062 2066 1547
f 1547 2061 2062
f 2071 2066 2072
f 2072 2073 2071
f 1551 1549 2073
f 1548 2071 2073
f 2073 1549 1548
f 1547 2071 1548
f 1350 1353 2072
f 2072 1353 1077
f 2066 2065 1078
f 2065 641 1078
f 1078 1352 2066
f 1077 2070 2072
f 641 2065 2070
f 1352 1351 2066
f 2070 1077 641
f 1351 1350 2072
f 2072 2066 1351
f 1551 2073 2072
f 2074 1551 2072
f 2072 2070 1578
f 1578 2074 2072
f 1553 1551 2074
f 1578 1553 2074
f 1578 2064 636
f 2063 2064 2068
f 1578 2068 2064
f 2070 2069 1578
f 2068 1578 2069
f 2075 1569 1567
f 2076 2075 1567
f 1567 1565 2076
f 2078 2077 1185
f 1185 1567 2078
f 2077 2078 2079
f 1580 2079 2078
f 2080 1185 2077
f 2080 1567 1185
f 1567 2080 1566
f 2076 2082 1569
f 2083 1569 2082
f 1569 2075 2076
f 2083 2082 2084
f 2084 2085 2083
f 2085 1574 1573
f 1570 2083 2085
f 2085 1573 1571
f 1570 1569 2083
f 2085 1571 1570
f 2080 1565 1566
f 1565 2080 2081
f 2079 2086 2080
f 2080 2077 2079
f 2087 2085 2084
f 2084 2088 1580
f 1580 2087 2084
f 2089 1574 2085
f 2085 2087 2089
f 1576 1574 2089
f 2089 1580 1576
f 2089 2087 1580
f 2081 2080 2086
f 2086 2088 2081
f 2081 2076 1565
f 2082 2081 2088
f 2081 2082 2076
f 2088 2084 2082
f 2088 2086 1580
f 2079 1580 2086
f 2090 1589 1581
f 2091 2090 1581
f 1581 1584 2091
f 2092 1581 2094
f 2093 2094 1581
f 2094 2093 2095
f 1632 2095 2093
f 2096 2092 2094
f 1585 1581 2092
f 2096 1585 2092
f 2091 2097 1589
f 1589 2090 2091
f 1589 2097 2098
f 2098 2099 1589
f 2099 1594 1593
f 1593 1591 2099
f 1590 1589 2099
f 2099 1591 1590
f 2096 1584 1585
f 1584 2096 2100
f 2095 2101 2096
f 2096 2094 2095
f 2102 2099 2098
f 2098 2103 1632
f 1632 2102 2098
f 1596 1594 2102
f 1594 2099 2102
f 2102 1632 1596
f 2100 2096 2101
f 2101 2103 2100
f 2097 2100 2103
f 2100 2091 1584
f 2097 2091 2100
f 2098 2097 2103
f 2103 2101 1632
f 2095 1632 2101
f 2104 1603 1601
f 2105 2104 1601
f 1601 1600 2105
f 2107 1601 2106
f 2107 1600 1601
f 2106 2108 2107
f 2105 2109 1603
f 1603 2104 2105
f 1603 2109 2110
f 2110 2111 1603
f 1600 2107 2108
f 2108 2112 1600
f 2113 2114 2108
f 2108 2106 2113
f 2115 2112 2108
f 2108 2114 2115
f 2109 1600 1086
f 1086 1600 2112
f 1086 1356 2109
f 2109 2105 1600
f 2112 2115 544
f 2110 1357 1085
f 1085 2115 2110
f 2110 2109 1355
f 2115 1085 544
f 2109 1356 1355
f 1354 1357 2110
f 544 1086 2112
f 1355 1354 2110
f 2116 2111 2110
f 2110 2115 2117
f 2117 2116 2110
f 2106 1601 2113
f 2117 2113 1601
f 2113 2117 2114
f 2115 2114 2117
f 2118 2119 2116
f 2119 2120 2111
f 2116 2117 2118
f 2111 2116 2119
f 2121 2119 2118
f 2118 2122 2121
f 2123 2124 1186
f 2123 2118 2124
f 2125 2118 2123
f 2125 2122 2118
f 2120 2119 2121
f 2126 2120 2121
f 2121 2127 2126
f 1612 1609 2128
f 1609 1135 2128
f 1607 2129 2130
f 2130 1609 1607
f 2126 2127 2131
f 2131 1607 2126
f 1614 1612 2132
f 2132 2133 1614
f 2131 2129 1607
f 2130 1135 1609
f 2128 2132 1612
f 2132 2128 2134
f 2130 2128 1135
f 2129 2131 2130
f 2130 2134 2128
f 1186 2135 2125
f 2125 2123 1186
f 2135 2136 2122
f 2122 2125 2135
f 2133 2137 2138
f 2127 2121 2122
f 2133 2132 2139
f 2127 2136 2140
f 1181 2134 2130
f 2141 2139 2132
f 2140 2131 2127
f 2142 2130 2131
f 2130 2142 1181
f 2139 2137 2133
f 2131 2140 2142
f 2132 2134 2141
f 1181 2141 2134
f 2122 2136 2127
f 2137 2139 772
f 2140 2136 2135
f 2143 2142 2140
f 2144 772 2141
f 2141 772 2139
f 2145 2146 2142
f 2146 1188 1181
f 1181 2142 2146
f 1188 2147 2141
f 2144 2141 2147
f 2147 2148 2144
f 1186 2149 2140
f 2143 2140 2149
f 2149 2145 2143
f 2148 2150 772
f 2150 1190 2137
f 2137 772 2150
f 772 2144 2148
f 2140 2135 1186
f 2141 1181 1188
f 2142 2143 2145
f 2138 2137 2151
f 2133 2138 2152
f 2152 1614 2133
f 1190 2150 2153
f 2147 2153 2148
f 2153 2150 2148
f 2149 2146 2145
f 1186 2124 2149
f 2138 2137 1190
f 1190 2137 2151
f 1190 2152 2138
f 1190 2154 2152
f 2155 1614 2152
f 2156 2152 2154
f 2152 2156 2155
f 2157 2155 2156
f 2156 2158 2157
f 2156 2154 2158
f 1194 1630 2159
f 1192 2161 2160
f 2162 2156 2154
f 1614 2155 2157
f 2163 1614 2157
f 2158 2164 2157
f 2165 1619 2166
f 1619 2167 2166
f 1617 2168 2169
f 2169 1619 1617
f 2163 2157 1618
f 1618 1617 2163
f 1624 2165 1626
f 2165 2170 1626
f 1618 2168 1617
f 2169 2167 1619
f 2166 2170 2165
f 2120 1606 1604
f 1606 2120 1607
f 1624 1622 2165
f 2120 1604 2111
f 1603 2111 1604
f 1617 1614 2163
f 1619 2165 1622
f 2120 2126 1607
f 2166 1626 2170
f 2169 2166 2167
f 2168 1618 2169
f 2157 2168 1618
f 1625 2171 1624
f 1629 2171 1625
f 2172 2168 2157
f 764 2169 2168
f 2173 1629 1625
f 2168 2172 764
f 760 2166 2169
f 760 2173 1626
f 2169 764 760
f 1625 1626 2173
f 1626 2166 760
f 2158 2172 2157
f 1629 2173 2175
f 760 764 2174
f 760 2175 2173
f 2172 2162 2161
f 1192 2174 764
f 764 2161 1192
f 1192 2160 760
f 2175 760 2160
f 2160 2159 2175
f 2162 2172 2158
f 2159 1630 1629
f 1629 2175 2159
f 2158 2154 2162
f 760 2174 1192
f 2161 764 2172
f 2171 1629 1630
f 1630 1624 2171
f 2176 1679 1677
f 2177 2176 1677
f 1677 2178 2177
f 2179 1677 2181
f 2181 1677 2180
f 2182 2179 2181
f 2181 1195 2182
f 1129 1677 2179
f 1129 2178 1677
f 2177 2178 1129
f 1129 2183 2177
f 1680 2177 2183
f 2183 1130 1680
f 2176 2177 1680
f 1679 2176 1680
f 2184 1681 1130
f 1680 1130 1681
f 1683 2184 1130
f 1130 1682 1683
f 1130 1684 1682
f 1685 1690 2185
f 2185 2186 1685
f 2186 2187 2188
f 2188 1688 2186
f 2185 2187 2186
f 2187 2185 2188
f 1690 2187 2185
f 2182 2189 1129
f 1129 2179 2182
f 2189 2190 1129
f 2191 2192 2188
f 1130 2183 1129
f 2190 1684 1130
f 1684 2190 2193
f 2194 2187 1690
f 2193 1690 1684
f 1690 2193 2194
f 2188 2187 2195
f 2194 2195 2187
f 2195 2191 2188
f 1129 2190 1130
f 2193 2190 2189
f 749 2195 2194
f 2196 2197 2194
f 749 2194 2197
f 2197 2198 749
f 2182 2196 2193
f 2198 2199 2195
f 2199 2200 2191
f 2191 2195 2199
f 2195 749 2198
f 2193 2189 2182
f 2194 2193 2196
f 2188 2201 1688
f 2188 2192 2202
f 2202 2201 2188
f 2198 2199 2197
f 2203 2197 2196
f 2199 2198 2200
f 2182 1195 2196
f 2197 2203 2198
f 2202 2200 2201
f 2200 2192 2191
f 2200 2202 2192
f 1688 2201 2200
f 2188 1688 2200
f 2200 2204 2188
f 2188 2192 2208
f 2204 2192 2188
f 2209 2210 2211
f 2211 2212 2209
f 2209 1688 2188
f 2212 2211 2213
f 2213 2214 2212
f 2188 2210 2209
f 2204 2188 2208
f 2216 2210 2188
f 2208 2192 2204
f 748 2211 2210
f 748 891 2213
f 2210 2216 748
f 2213 2211 748
f 2188 2204 2216
f 2215 891 748
f 748 2216 2206
f 2216 2205 2206
f 2206 2207 748
f 2204 2200 2205
f 2205 2216 2204
f 2215 748 2207
f 2207 1203 2215
f 2213 891 2215
f 2213 2217 2214
f 2218 2214 2213
f 2213 2215 2219
f 2219 2218 2213
f 2214 2218 2217
f 2220 2217 2218
f 2219 1203 2218
f 1203 2219 2215
f 2223 2221 2218
f 2221 2220 2218
f 2222 2223 1203
f 2217 2220 2221
f 2218 1203 2223
f 2223 2222 2221
f 2222 2224 2221
f 2222 2225 2224
f 2226 2221 2224
f 2225 2227 1910
f 1910 1915 2225
f 2228 2227 2225
f 2225 2222 2228
f 2212 2231 2232
f 2232 2209 2212
f 2226 2224 2231
f 2231 2212 2226
f 2209 2210 2233
f 2233 1688 2209
f 2232 2210 2209
f 2210 2232 2233
f 2231 2224 2230
f 2222 2234 2228
f 2234 2222 2223
f 2227 2234 2235
f 2235 2236 2227
f 2228 2234 2227
f 2238 2240 2239
f 2238 2233 2240
f 2233 2241 2240
f 2238 1688 2233
f 2233 2238 2241
f 2240 2241 2238
f 2242 2243 2244
f 2243 2238 2233
f 1259 2242 2231
f 2231 874 1259
f 2233 2244 2243
f 2244 2231 2242
f 2230 874 2231
f 2245 1259 874
f 874 2246 2245
f 874 2230 2246
f 2247 1261 2248
f 1261 2249 2248
f 1261 2250 954
f 2250 2251 2252
f 2251 958 2252
f 2253 951 2254
f 2254 2251 2253
f 1265 2255 951
f 951 2253 1265
f 2245 2246 2256
f 2256 1265 2245
f 2256 2255 1265
f 2254 958 2251
f 2252 954 2250
f 954 2249 1261
f 2248 2257 2247
f 954 2248 2249
f 958 2254 2252
f 2255 2256 951
f 2257 1002 1267
f 1267 2247 2257
f 2257 2258 1002
f 2259 2260 2261
f 2261 2262 2259
f 1267 1002 2260
f 2260 2259 1267
f 2262 2261 2263
f 2263 1727 2262
f 2260 1002 2258
f 1727 2264 2265
f 1727 2266 2264
f 2266 1727 2263
f 1727 1728 2263
f 2264 2263 1727
f 2264 2266 2263
f 2267 2268 2269
f 2268 2270 2269
f 2268 1727 2263
f 2271 2267 2260
f 2260 2272 2271
f 2263 2270 2268
f 2269 2260 2267
f 2260 2258 2272
f 2263 2269 2270
f 2273 2271 2272
f 2273 2272 2275
f 2272 2274 2275
f 1930 1929 2274
f 2276 2274 1929
f 2275 2274 2276
f 2276 2277 2275
f 2280 2279 2276
f 2282 2280 2281
f 2282 2279 2280
f 2280 1151 2283
f 2283 2281 2280
f 2283 1151 2285
f 1151 2284 2285
f 2286 2237 2236
f 2237 2227 2236
f 1146 2237 2286
f 2286 2287 1146
f 2234 2236 2235
f 2290 1146 2287
f 2290 2288 1146
f 2290 2291 2287
f 2288 2290 2291
f 524 528 2288
f 2288 2291 524
f 513 2293 524
f 2293 513 2292
f 524 2293 528
f 522 528 2293
f 2294 2295 2293
f 2295 522 2293
f 905 520 2296
f 908 909 2297
f 518 908 529
f 529 528 518
f 2297 529 908
f 522 2296 520
f 2297 909 521
f 2298 521 905
f 2295 2294 2299
f 2299 2300 2295
f 2295 2300 2301
f 2301 2300 2299
f 2303 2301 2299
f 2303 2302 2301
f 2306 2305 2304
f 2304 2307 2306
f 2309 2308 2310
f 2311 2310 2308
f 2311 2308 2306
f 2308 2305 2306
f 2312 2309 2310
f 2310 2313 2312
f 2312 2313 2314
f 2315 2316 2312
f 2317 2312 2314
f 2317 2315 2312
f 2319 2316 2318
f 2318 2320 2319
f 2321 2320 2318
f 2318 2322 2321
f 2323 2324 2319
f 2328 2325 2326
f 2323 2328 2327
f 2327 2324 2323
f 2326 2327 2328
f 2329 2323 2321
f 2323 2319 2321
f 2323 2329 2330
f 2328 2323 2330
f 2331 2325 2328
f 2328 2330 2331
f 2332 2325 2331
f 2331 2333 2332
f 2326 2325 2332
f 2333 2334 2332
f 2336 2334 2333
f 2336 2335 2334
f 625 2337 2338
f 1922 618 2337
f 625 1922 2337
f 1205 2338 2337
f 2337 2339 1205
f 2338 2340 2341
f 2342 2341 2343
f 2341 2340 2343
f 2246 2341 2342
f 2342 2344 2246
f 2344 2345 2346
f 2345 2253 951
f 2253 2347 951
f 2253 2348 2349
f 2348 2350 2349
f 2250 2351 2352
f 2352 2348 2250
f 2353 2354 954
f 954 2250 2353
f 2355 2257 2356
f 2356 2353 2355
f 2356 2354 2353
f 954 2351 2250
f 2352 2350 2348
f 2349 2347 2253
f 951 2346 2345
f 2346 2246 2344
f 954 2252 2352
f 2252 2254 2349
f 2257 2248 2356
f 951 2256 2346
f 2246 2346 2256
f 2354 2356 954
f 2351 954 2352
f 2352 2349 2350
f 2349 951 2347
f 954 2356 2248
f 951 2349 2254
f 2349 2352 2252
f 2257 2355 2357
f 2357 2358 2257
f 2360 2358 2357
f 2360 2359 2358
f 977 1928 2362
f 1928 1923 2362
f 2361 2362 1923
f 2364 2362 2361
f 2361 1214 2364
f 2367 2365 2368
f 2365 2363 2368
f 2366 2365 2367
f 2366 2367 2369
f 2369 2370 2366
f 2366 2370 2371
f 2373 2370 2372
f 2374 2373 2372
f 2369 2372 2370
f 2371 2374 2375
f 2374 2370 2373
f 2375 2376 2371
f 2374 2371 2370
f 2375 2374 2377
f 2378 2374 2372
f 2378 2377 2374
f 2377 2381 2380
f 2377 2379 2381
f 2382 2381 2379
f 2379 2378 2382
f 2384 2380 2383
f 2385 2384 2386
f 2384 2383 2386
f 2384 2385 2387
f 2387 2388 2384
f 2387 2391 2389
f 2387 2389 2388
f 2393 2389 2391
f 2393 2392 2389
f 2396 2394 2392
f 2392 2393 2396
f 2397 2394 2395
f 2398 2397 2399
f 2397 2395 2399
f 2400 2397 2398
f 2398 2401 2400
f 2358 2365 2366
f 2375 2377 2380
f 2246 2312 2326
f 2380 2384 2375
f 2246 2309 2312
f 2341 2246 2332
f 2358 1925 2365
f 2358 2366 2257
f 2312 2316 2319
f 2384 2257 2371
f 2326 2332 2246
f 2319 2324 2312
f 2257 2366 2371
f 2246 2341 2256
f 2384 2376 2375
f 2305 2302 2304
f 2397 2392 2394
f 2258 2397 2400
f 2230 2308 2309
f 2397 2389 2392
f 2258 2389 2397
f 2257 2384 2388
f 2397 2389 2390
f 2309 2246 2230
f 2400 1151 2258
f 2308 2230 2301
f 2308 2301 2302
f 2280 1932 2258
f 1151 2400 984
f 2324 2327 2312
f 2230 2295 2301
f 2233 2232 2244
f 1151 2280 2258
f 2388 2258 2257
f 2384 2371 2376
f 2327 2326 2312
f 2341 2332 2334
f 1146 905 2295
f 2237 1146 2230
f 2237 2230 1912
f 1146 2295 2230
f 2305 2308 2302
f 2334 1918 2341
f 1913 2230 2224
f 2269 2261 2260
f 2231 2244 2232
f 2261 2269 2263
f 1914 898 2225
f 2388 2389 2258
f 2224 2225 898
f 2272 2258 1931
f 1916 1911 2227
f 898 1913 2224
f 2227 1911 1910
f 2230 1913 1912
f 2237 894 1916
f 1916 2227 2237
f 2258 1932 1931
f 1912 894 2237
f 1925 1924 2365
f 2225 1915 1914
f 994 1935 2274
f 969 2359 2361
f 2362 2363 973
f 2334 1919 1918
f 2272 1931 994
f 2341 1918 617
f 2335 1920 1919
f 2335 2337 927
f 2363 1924 973
f 994 2274 2272
f 1919 2334 2335
f 2358 2359 969
f 2363 2365 1924
f 2335 927 1920
f 2361 1927 969
f 2280 996 1932
f 2280 2276 1934
f 617 1921 2338
f 1934 996 2280
f 2276 1929 1933
f 1926 1927 2361
f 1935 1930 2274
f 2338 1917 625
f 2338 1921 1917
f 2276 1933 1934
f 2358 969 1925
f 1923 1926 2361
f 617 2338 2341
f 973 977 2362
f 2337 618 927
f 1146 2288 521
f 905 2296 2295
f 2400 2402 984
f 1146 521 2298
f 597 2403 2284
f 2288 529 2297
f 1151 2404 597
f 1151 984 2404
f 2288 2297 521
f 2284 2403 604
f 2298 905 1146
f 2284 1151 597
f 2288 528 529
f 2400 598 2402
f 604 980 2284
f 2296 522 2295
f 2405 2400 2401
f 2405 598 2400
f 2403 597 2406
f 597 2404 984
f 980 604 2403
f 597 595 2403
f 596 984 2402
f 2402 598 596
f 980 2403 595
f 2407 2284 980
f 980 599 2407
f 2307 2408 2303
f 2303 2408 2302
f 2408 2307 2302
f 2307 2304 2302
f 2411 2317 2314
f 2314 2313 2411
f 2317 2322 2315
f 2318 2316 2322
f 2316 2315 2322
f 2317 2411 2412
f 2412 2322 2317
f 2319 2320 2321
f 2330 2329 2321
f 2413 2414 2321
f 2337 2335 2336
f 2336 2339 2337
f 2340 1205 2343
f 2340 2338 1205
f 2360 2361 2359
f 2361 2360 1214
f 2363 2362 2364
f 2364 2368 2363
f 2378 2379 2377
f 2416 2417 2378
f 2382 2386 2383
f 2383 2380 2382
f 2380 2381 2382
f 2420 2385 2419
f 2386 2419 2385
f 2382 2418 2419
f 2419 2386 2382
f 2395 2422 2399
f 2396 2422 2395
f 2395 2394 2396
f 2399 2422 2396
f 980 2405 599
f 980 598 2405
f 2405 2424 599
f 2407 2285 2284
f 2407 2285 2283
f 2425 2426 2282
f 2279 2425 2426
f 2426 2276 2279
f 2282 2425 2279
f 2276 2426 2277
f 2275 2277 2426
f 2426 2427 2275
f 2275 2427 2273
f 2428 2342 2343
f 2343 2340 2428
f 2343 2431 2340
f 2431 2343 2429
f 2340 2432 2428
f 2342 2428 2432
f 2342 2428 2433
f 2433 2434 2342
f 2435 2428 2432
f 2428 2435 2433
f 2430 2436 2431
f 2431 2429 2430
f 2438 2437 2435
f 2437 2433 2435
f 2436 2439 2432
f 2439 2437 2435
f 2431 2428 2340
f 2428 2431 2432
f 2435 2432 2439
f 2431 2436 2432
f 2434 2433 2437
f 2437 2439 2440
f 2440 2434 2437
f 2430 2440 2436
f 2439 2436 2440
f 2443 2440 2441
f 2443 2442 2440
f 2440 2442 2439
f 1206 934 2443
f 2443 2441 1206
f 1208 2444 2445
f 2444 2446 2447
f 2447 2445 2444
f 2445 938 1208
f 2344 2434 2437
f 2437 2246 2344
f 2246 2437 2439
f 2442 2443 2246
f 2439 2442 2246
f 2448 2449 2346
f 2443 2346 2246
f 2449 2448 950
f 2346 2443 2448
f 2448 934 938
f 2448 2443 934
f 938 2450 2448
f 2450 938 2445
f 2447 2451 2445
f 2451 2450 2445
f 950 2452 2453
f 2449 2453 2345
f 2345 2346 2449
f 2453 2449 950
f 1901 2452 950
f 2451 2447 1905
f 1905 1903 2451
f 1903 2450 2451
f 2448 1903 1902
f 2448 2454 1903
f 2454 2448 2450
f 950 2448 1902
f 1903 2454 2450
f 2444 2455 1905
f 1905 2446 2444
f 2446 1905 2447
f 2454 1903 1902
f 1898 2456 1899
f 2456 1900 1899
f 2452 1901 1899
f 1899 1900 2452
f 952 1898 1897
f 2458 1897 1909
f 2461 1909 1908
f 1909 2461 2460
f 2460 2459 1909
f 2459 2458 1909
f 2458 952 1897
f 1908 2457 2461
f 2463 2457 1908
f 1908 2462 2463
f 952 2456 1898
f 2457 2463 2464
f 2463 1212 946
f 1212 1213 963
f 963 946 1212
f 946 2464 2463
f 2464 2461 2457
f 2257 2355 2353
f 2356 2353 2465
f 2466 2465 2456
f 2456 952 2466
f 2465 2466 2356
f 2353 2356 2257
f 2355 2257 2467
f 2467 2468 2355
f 963 2469 946
f 1213 2470 2471
f 2471 963 1213
f 2469 963 2471
f 2257 2471 2473
f 2257 2473 2472
f 2458 2459 946
f 2458 2471 2356
f 2467 2257 2472
f 2464 2460 2461
f 946 2469 2458
f 2257 2356 2471
f 952 2356 2466
f 2469 2471 2458
f 2464 2459 2460
f 2356 952 2458
f 2464 946 2459
f 2467 2472 2474
f 2474 2468 2467
f 2472 2473 2474
f 2473 2471 2470
f 2470 2474 2473
f 2476 2472 2474
f 2476 2474 1215
f 2468 2467 2479
f 2479 2357 2468
f 2348 1900 2456
f 2348 2452 1900
f 2453 2253 2345
f 2452 2348 2253
f 2355 2353 2468
f 2434 2344 2342
f 2250 2348 2456
f 2353 2250 2465
f 2453 2452 2253
f 2468 2357 2355
f 2250 2456 2465
f 2477 2478 2480
f 2479 2467 2477
f 2480 2479 2477
f 2475 2481 2476
f 2476 1215 2475
f 2357 2479 2480
f 2479 2359 2360
f 2360 2357 2479
f 2480 2359 2479
f 2481 2359 2480
f 2481 2480 2478
f 2478 2477 2481
f 2477 2467 2481
f 2472 2476 2467
f 2476 2481 2467
f 2475 2360 2481
f 2359 2481 2360
f 2236 2289 2482
f 2482 2286 2236
f 2289 2236 2234
f 2483 2482 2289
f 2289 2484 2483
f 2286 2482 2483
f 2483 2237 2286
f 2286 2237 2486
f 2486 2287 2286
f 2486 2237 2483
f 2485 2487 2484
f 2484 2289 2485
f 1146 2486 2287
f 2486 2488 2290
f 2290 2287 2486
f 2290 2287 2489
f 2486 2483 2484
f 2486 2487 2488
f 2486 2484 2487
f 2490 2488 2487
f 2288 2488 2490
f 2490 2487 2485
f 2488 2485 2291
f 2488 2490 2485
f 2291 2290 2488
f 2491 2294 2293
f 2493 2491 2293
f 2293 2494 2493
f 2494 2293 2292
f 2495 2496 2493
f 2493 2494 2495
f 2493 2294 2491
f 2294 2493 2492
f 2492 2493 2300
f 2300 2299 2492
f 2299 2294 2492
f 2497 2299 2300
f 2494 2496 2495
f 2496 2494 2493
f 2498 2300 2493
f 2493 2494 2498
f 2292 2409 2498
f 2498 2494 2292
f 2300 2498 2409
f 2409 2497 2300
f 2303 2409 2307
f 2497 2409 2303
f 2303 2299 2497
f 2308 2500 2499
f 2305 2500 2308
f 2500 2306 2410
f 2410 2499 2500
f 2306 2500 2305
f 2310 2311 2309
f 2308 2309 2311
f 2310 2309 2501
f 2501 2313 2310
f 2411 2502 2499
f 2499 2410 2411
f 2501 2503 2313
f 2503 2502 2411
f 2411 2313 2503
f 2501 2309 1329
f 1330 1329 2309
f 2501 1331 1328
f 1329 1333 2501
f 2309 2308 1330
f 1328 1327 2502
f 2501 914 1331
f 1333 914 2501
f 2308 2499 918
f 2499 1326 1332
f 1328 2502 2501
f 1332 918 2499
f 2502 1327 1326
f 918 1330 2308
f 1326 2499 2502
f 2502 2503 2501
f 2321 2414 2504
f 2504 2330 2321
f 2330 2504 2331
f 2414 2331 2504
f 2505 2331 2414
f 2414 2506 2505
f 2413 1204 2507
f 2508 2506 2414
f 2508 2414 2413
f 2330 2331 2505
f 2330 2505 2509
f 2509 2510 2330
f 2329 2331 2330
f 2333 2331 2330
f 2330 2510 2333
f 2507 2511 2508
f 2508 2413 2507
f 2509 2333 2510
f 2509 2511 1204
f 1204 2510 2509
f 2333 2510 1204
f 1204 2336 2333
f 2511 2509 2505
f 2508 2505 2506
f 2508 2511 2505
f 2507 1204 2511
f 2415 2512 2368
f 2513 2367 2368
f 2368 2514 2513
f 2417 2512 2415
f 2514 2368 2415
f 2415 2512 2514
f 2515 2367 2513
f 2515 2513 2373
f 2373 2372 2515
f 2369 2367 2515
f 2515 2372 2369
f 2417 2516 2514
f 2514 2512 2417
f 2373 2369 2372
f 2373 2517 2416
f 2416 2369 2373
f 2378 2372 2369
f 2369 2416 2378
f 2514 2373 2513
f 2514 2517 2373
f 2516 2517 2514
f 2517 2516 2416
f 2417 2416 2516
f 2518 2420 2419
f 2419 2519 2518
f 2519 2520 2518
f 2518 2520 2420
f 2420 2520 2388
f 2388 2387 2420
f 2385 2420 2387
f 2521 2522 2519
f 2519 2419 2521
f 2391 2387 2388
f 2388 2389 2391
f 2389 2523 2393
f 1338 2389 2388
f 2522 2389 1037
f 1340 1048 2520
f 2519 2522 1336
f 2522 1037 1339
f 2388 2520 1337
f 1340 2520 2519
f 2520 1341 1337
f 1336 1335 2519
f 1337 1338 2388
f 1048 1341 2520
f 1339 1336 2522
f 2519 1334 1340
f 1338 1037 2389
f 1335 1334 2519
f 2522 2523 2389
f 2419 2421 2521
f 2523 2522 2393
f 2421 2393 2522
f 2522 2524 2421
f 2521 2421 2522
f 2396 2423 2399
f 2399 2525 2398
f 2399 2423 2525
f 2526 2525 2423
f 2423 2527 2526
f 2526 2398 2525
f 2398 2526 2528
f 2528 2529 2398
f 2529 2401 2398
f 2529 2528 2401
f 2530 2401 2528
f 2528 2531 2533
f 2533 2532 2528
f 2527 2533 2531
f 2532 2533 2527
f 2528 2526 2527
f 2531 2528 2527
f 2424 2532 2527
f 2527 2423 2424
f 2528 2532 2405
f 2405 2530 2528
f 2405 2401 2530
f 2424 2405 2532
f 2534 2283 2285
f 2285 2535 1151
f 2285 2407 2535
f 2284 2535 2407
f 2537 2407 2536
f 2537 2284 2407
f 2538 2537 2536
f 2535 2539 1151
f 1151 2539 2283
f 2283 2539 2280
f 2539 2540 2280
f 2537 2535 2284
f 2538 2535 2537
f 2425 2541 2538
f 2538 2536 2425
f 2280 2542 2281
f 2280 2540 2542
f 2540 2541 2425
f 2425 2542 2540
f 2282 2281 2542
f 2542 2425 2282
f 2540 2538 2541
f 2540 2539 2535
f 2535 2538 2540
f 2427 1216 2543
f 2543 2273 2427
f 1216 2427 2275
f 2545 2543 2544
f 2545 2273 2543
f 1216 2546 2543
f 2547 2543 2546
f 2546 2548 2547
f 2548 2546 1216
f 2544 2543 2547
f 2547 2545 2544
f 2547 2548 1000
f 2268 2267 2553
f 2553 2270 2268
f 2267 2544 2547
f 2268 2270 2554
f 2554 1728 2268
f 2547 2553 2267
f 2555 2556 2554
f 2555 2557 2556
f 1001 2553 2547
f 1001 2558 2270
f 2558 2555 2554
f 2270 2553 1001
f 2554 2270 2558
f 2547 1000 1001
f 1000 2548 1001
f 1001 2549 2550
f 2550 2558 1001
f 2550 2551 2558
f 2548 1216 2549
f 2549 1001 2548
f 2555 2558 2551
f 2551 2552 2555
f 2556 2559 2555
f 2554 2556 2557
f 2554 2557 2552
f 2552 1728 2554
f 2552 2557 2555
f 2560 1728 2552
f 2552 2561 2560
f 2554 2560 2561
f 2561 2559 2554
f 2552 2562 2559
f 2559 2561 2552
f 2568 2565 2567
f 2566 2567 2565
f 2552 2566 2567
f 1224 2563 2564
f 2567 2566 2568
f 2565 2568 2564
f 1728 2560 2554
f 1731 2569 2570
f 2569 2571 2570
f 2569 1728 2554
f 2554 2571 2569
f 2570 1732 1731
f 1732 2570 2571
f 2554 2570 2571
f 1734 1735 1131
f 1131 2572 1734
f 1131 1735 1736
f 745 2566 2565
f 2564 2573 2574
f 2574 2565 2564
f 2567 2575 2562
f 2566 745 2575
f 2575 2567 2566
f 2563 2576 2573
f 2573 2564 2563
f 2562 2552 2567
f 2565 2574 745
f 2574 2575 745
f 2573 2576 2577
f 2563 2578 2579
f 2579 2576 2563
f 2577 2576 2579
f 2575 2571 2554
f 2554 2559 2575
f 1736 2577 2579
f 2574 2573 1732
f 2571 2575 2574
f 1736 1732 2573
f 1732 2571 2574
f 1131 1736 2579
f 2573 2577 1736
f 2562 2575 2559
f 2579 1738 1131
f 2579 2580 1738
f 1131 1737 2572
f 1737 1131 1739
f 1131 1738 1739
f 2581 1739 1738
f 1738 2580 1742
f 1742 2581 1738
f 1742 1739 2581
f 2580 2579 1742
f 2578 1742 2579
f 2582 1742 2578
f 2578 2583 2582
f 1224 2583 2578
f 2578 2563 1224
f 2586 1157 1158
f 2584 2588 2585
f 2589 2584 2590
f 2587 2586 1158
f 2591 1165 2588
f 2590 1171 2589
f 1165 2592 2588
f 2584 2585 2590
f 1171 2590 2593
f 2591 1158 1165
f 2593 2594 1171
f 1171 1157 2589
f 2591 2587 1158
f 2588 2584 2591
f 2594 2592 1171
f 1157 2595 2589
f 2592 1165 1171
f 2586 2595 1157
f 2590 2585 2596
f 2596 2597 2590
f 2590 2597 2598
f 2598 2593 2590
f 2594 2593 2598
f 2592 2594 2599
f 2592 2599 2600
f 2598 2599 2594
f 2588 2592 2600
f 2600 2601 2588
f 2601 2585 2588
f 2601 2596 2585
f 2602 2595 2586
f 2595 2603 2604
f 2595 2603 2605
f 2605 2589 2595
f 2584 2589 2605
f 2605 2606 2584
f 2602 2603 2595
f 2606 2591 2584
f 2587 2591 2607
f 2607 2608 2587
f 2587 2608 2602
f 2602 2586 2587
f 2606 2607 2591
f 2609 2608 2607
f 2608 2609 2610
f 2607 2611 2609
f 2602 2610 2612
f 2604 2603 2612
f 2613 2606 2605
f 2602 2608 2610
f 2603 2602 2612
f 2607 2606 2611
f 2606 2613 2611
f 2604 2612 2614
f 2603 2604 2614
f 2605 2614 2613
f 2605 2603 2614
f 2615 2616 2609
f 2609 2611 2615
f 2616 2617 2610
f 2610 2609 2616
f 2615 2611 2613
f 2613 2618 2615
f 2617 2619 2612
f 2612 2610 2617
f 2618 2613 2614
f 2614 2620 2618
f 2620 2614 2612
f 2612 2619 2620
f 2601 2621 2622
f 2601 2600 2621
f 2600 2623 2621
f 2596 2622 2624
f 2623 2600 2599
f 2596 2601 2622
f 2599 2598 2623
f 2597 2624 2625
f 2597 2625 2598
f 2597 2596 2624
f 2626 2622 2621
f 2627 2628 2626
f 2626 2621 2627
f 2622 2626 2628
f 2628 2629 2622
f 2630 2624 2622
f 2622 2629 2630
f 2631 2627 2621
f 2621 2623 2631
f 2599 2632 2623
f 2625 2633 2598
f 2634 2625 2624
f 2624 2630 2634
f 2631 2623 2632
f 2632 2635 2631
f 2598 2632 2599
f 2633 2632 2598
f 2636 2633 2625
f 2625 2634 2636
f 2618 2630 2629
f 2629 2615 2618
f 2616 2628 2627
f 1495 2636 2634
f 2627 1438 2616
f 1495 2631 2635
f 1438 2627 2631
f 2616 2615 2628
f 1437 2617 2616
f 1474 2619 2617
f 2631 1495 1438
f 2617 1437 1474
f 1495 2635 2636
f 2620 1474 2630
f 2634 2630 1474
f 2620 2619 1474
f 2629 2628 2615
f 2618 2620 2630
f 2616 1438 1437
f 1474 1495 2634
f 2636 2632 2633
f 2632 2636 2635
f 2637 1889 1895
f 1890 1889 2637
f 1890 2637 2638
f 1895 2639 2637
f 1891 2638 2640
f 2641 1894 1893
f 2638 1891 1889
f 1892 1891 2640
f 1889 1890 2638
f 1895 1894 2639
f 1894 2641 2639
f 1892 2640 2642
f 1893 1892 2642
f 1893 2642 2641
f 2643 2641 2642
f 2642 2644 2643
f 2644 2642 2640
f 2640 2645 2644
f 2643 2646 2639
f 2639 2641 2643
f 2645 2640 2638
f 2638 2647 2645
f 2646 2648 2637
f 2637 2639 2646
f 2648 2647 2638
f 2638 2637 2648
f 2649 1883 1888
f 1883 2649 2650
f 2650 1884 1883
f 1884 2650 2651
f 1885 1884 2651
f 1888 1887 1886
f 2653 1886 1885
f 1886 2652 1888
f 1885 2651 2653
f 1886 2653 2652
f 2654 2655 2650
f 2650 2649 2654
f 1888 2656 2649
f 2657 2654 2649
f 2649 2656 2657
f 2656 1888 2658
f 1887 2658 1888
f 2655 2659 2651
f 2651 2650 2655
f 2656 2658 2661
f 2661 2657 2656
f 1887 1888 2652
f 2652 2658 1887
f 2660 2659 2662
f 2659 2660 2651
f 2653 2651 2660
f 2663 2661 2658
f 2658 2652 2663
f 2664 2653 2660
f 2660 2662 2664
f 2648 2655 2654
f 1508 2647 2648
f 1508 2645 2647
f 2643 2659 2655
f 2654 1500 2648
f 2648 2646 2655
f 2645 1508 1436
f 2655 2646 2643
f 2644 1436 2659
f 2664 2662 1436
f 2663 2664 1439
f 1500 2661 2663
f 1500 2654 2657
f 2663 1439 1500
f 1436 2644 2645
f 2643 2644 2659
f 2662 2659 1436
f 2657 2661 1500
f 2648 1500 1508
f 2664 1436 1439
f 2663 2652 2653
f 2653 2664 2663
f 557 576 558
f 576 572 551
f 553 571 567
f 576 561 558
f 572 571 553
f 576 551 561
f 553 551 572
f 554 553 567
f 554 567 564
f 565 557 564
f 2665 565 564
f 564 2666 2665
f 557 565 576
f 1695 2666 2667
f 2666 1695 2665
f 2665 2668 576
f 576 565 2665
f 1256 2666 564
f 564 567 1256
f 576 574 572
f 572 574 571
f 2668 1248 574
f 574 576 2668
f 1256 567 571
f 571 1251 1256
f 1248 1251 571
f 571 574 1248
f 2669 1416 1421
f 1419 1418 2670
f 2671 2672 1420
f 1421 1423 2669
f 1419 2670 2671
f 1420 1419 2671
f 2672 2669 1420
f 1418 1417 2670
f 2669 1422 1420
f 2669 1423 1422
f 2672 2673 2669
f 2674 2669 2673
f 2673 1282 2674
f 2675 1416 2669
f 2673 2672 2671
f 2676 2675 2669
f 2669 2674 2676
f 1279 1282 2673
f 2673 2671 1279
f 1416 2675 1417
f 2677 1417 2675
f 2675 2676 2677
f 1279 2671 2670
f 2670 1274 1279
f 2677 1274 2670
f 2670 1417 2677
f 1279 1280 1281
f 1281 1282 1279
f 1274 1277 1278
f 1282 1283 1284
f 1278 1279 1274
f 1248 2668 1246
f 1251 1248 1249
f 1274 1272 1273
f 1274 1276 1277
f 1284 2674 1282
f 1270 1269 2674
f 1246 1247 1248
f 1249 1250 1251
f 1284 1270 2674
f 2668 1245 1246
f 1256 1251 1253
f 2666 1256 1257
f 1252 1253 1251
f 1683 1681 2184
f 1253 1254 1256
f 1274 1275 1276
f 1274 2677 1272
f 1243 2667 2666
f 1257 1243 2666
f 1685 2186 1686
f 2238 1694 1688
f 1256 1254 1255
f 1688 1686 2186
f 1700 1306 1308
f 1296 1709 1295
f 1705 1293 1294
f 1303 1293 1705
f 1305 1306 1700
f 1243 1695 2667
f 1727 2676 2674
f 2677 1722 1272
f 1272 1722 1720
f 1716 1300 1287
f 1705 1606 1303
f 1697 1695 1243
f 1245 2668 2243
f 1259 1258 2242
f 2674 1269 1727
f 1299 1713 1298
f 1295 1709 1294
f 1312 1303 1606
f 1312 1702 1311
f 1259 2245 1260
f 1311 1702 1309
f 1697 1243 1244
f 1245 2243 2242
f 1265 1260 2245
f 1265 2253 1264
f 2253 2251 1263
f 1272 1720 1285
f 1299 1300 1716
f 1263 1264 2253
f 2268 1728 1727
f 2569 1733 1728
f 1681 2184 1679
f 1297 1298 1713
f 2247 1266 1261
f 2259 1268 1267
f 2267 2271 2544
f 2572 1737 1734
f 2668 2665 2238
f 1258 1245 2242
f 1267 1266 2247
f 2271 2545 2544
f 2214 2226 2212
f 1733 2569 1731
f 2259 1269 1268
f 2214 2217 2226
f 2572 1739 1737
f 2251 2250 1262
f 2259 2262 1269
f 2262 1727 1269
f 1262 2250 1261
f 1722 2677 1727
f 2665 1695 2238
f 1262 1263 2251
f 2238 1695 1694
f 1725 1722 1727
f 2677 2676 1727
f 2238 2243 2668
f 2217 2221 2226
f 2271 2273 2545
f 2678 2680 792
f 1399 1404 2681
f 2067 783 1401
f 2067 2681 782
f 2680 793 792
f 2067 782 783
f 1404 782 2681
f 2680 1402 793
f 792 2679 2678
f 2681 2679 1399
f 1401 1400 2067
f 2679 1403 1399
f 1400 1402 2680
f 792 1403 2679
f 2680 2067 1400
f 2684 2681 2067
f 2067 2685 2684
f 2686 2063 2067
f 2067 2680 2686
f 2682 2679 2681
f 2687 2682 2681
f 2681 2684 2687
f 2679 2683 2678
f 2686 2678 2683
f 2683 2688 2686
f 2679 2682 2689
f 2683 2679 2689
f 2689 2688 2683
f 2687 2689 2682
f 2689 2687 2684
f 2689 2684 2690
f 1316 2690 2684
f 2691 2684 2685
f 2067 2063 2685
f 2063 2686 630
f 2680 2678 2686
f 2693 802 803
f 2693 2692 802
f 803 1387 2693
f 1389 1384 2695
f 1387 1386 2693
f 802 2692 2694
f 2694 1384 1390
f 2695 1875 806
f 1390 802 2694
f 2694 2695 1384
f 2695 806 1389
f 1386 1388 1875
f 1388 805 1875
f 805 806 1875
f 1875 2693 1386
f 2698 1527 1875
f 1875 2695 2698
f 2695 2694 2697
f 2698 2695 2697
f 2697 2699 2698
f 2700 2693 1875
f 1875 1874 2700
f 2692 2696 2694
f 2701 2702 2696
f 2696 2692 2701
f 1875 1527 1874
f 2703 2700 1874
f 2692 2693 2701
f 2700 2701 2693
f 2697 2704 2699
f 2694 2702 2704
f 2694 2696 2702
f 2697 2694 2704
f 2698 2699 2705
f 2705 1320 2698
f 1527 2698 2706
f 1529 1863 1520
f 1520 1519 1529
f 1530 1518 1519
f 1215 1214 2475
f 2360 2475 1214
f 1211 2463 2462
f 1212 2470 1213
f 2470 1213 2474
f 2463 1211 1212
f 1210 2462 1908
f 2462 1210 1211
f 1215 2474 1213
f 1315 1314 1448
f 1204 2339 2336
f 2339 1204 1205
f 1205 2440 2430
f 2441 1205 1206
f 1208 1209 2444
f 1209 1210 2455
f 1205 2429 2343
f 2430 2429 1205
f 2455 2444 1209
f 1210 1906 1905
f 1210 1905 2455
f 2441 2440 1205
f 1194 1655 1940
f 1194 1952 1950
f 1194 2180 1952
f 1195 1199 2196
f 1204 2410 2307
f 1940 1938 1194
f 1655 1656 1940
f 2180 1957 1952
f 1195 2181 2180
f 1203 2292 524
f 2307 2409 1204
f 2707 1601 1632
f 2707 2118 2117
f 1199 1200 2198
f 1201 1202 2206
f 2117 1601 2707
f 2124 2707 1185
f 1186 1187 2149
f 1950 1655 1194
f 1677 1675 2180
f 1199 2203 2196
f 1200 2200 2198
f 2206 2205 1201
f 2207 1202 1203
f 2485 1203 2291
f 2411 2410 1204
f 2413 2322 1204
f 1580 2707 1576
f 2707 2124 2118
f 1188 1189 2147
f 2198 2203 1199
f 2207 2206 1202
f 524 2291 1203
f 2322 2411 1204
f 1581 1576 2707
f 2153 1189 1190
f 1191 2162 2154
f 1191 1192 2161
f 1193 2159 2160
f 1950 1660 1655
f 2234 1203 2289
f 2485 2289 1203
f 2292 513 524
f 1203 2409 2292
f 1580 2078 2707
f 2707 2093 1581
f 1632 2093 2707
f 1596 1632 1601
f 1187 2146 2149
f 2153 2147 1189
f 2161 2162 1191
f 2159 1193 1194
f 1637 1194 1938
f 2180 1194 1195
f 2205 2200 1201
f 2234 2223 1203
f 2409 1203 1204
f 1579 2709 2708
f 2146 1187 1188
f 1637 1634 1194
f 1635 1938 1652
f 1659 1950 1674
f 2306 2307 2410
f 2322 2412 2411
f 2708 1567 1579
f 2160 1192 1193
f 2200 1200 1201
f 2321 2322 2413
f 2708 2707 1567
f 2154 1190 1191
f 1675 1957 2180
f 1319 1185 2710
f 1635 1637 1938
f 1659 1660 1950
f 2078 1567 2707
f 2707 2710 1185
f 1185 1186 2124
f 2686 2709 1578
f 636 630 2686
f 1578 2709 1553
f 2689 1319 2688
f 2686 1578 636
f 1318 1319 2689
f 2709 1579 1553
f 1316 1318 2690
f 2711 1314 1316
f 2711 1447 1314
f 1316 2684 2711
f 2691 2712 2684
f 1464 1455 2713
f 1455 1453 2713
f 2713 2685 1464
f 2064 1481 2685
f 1468 1464 2685
f 636 2064 2063
f 1471 1469 1463
f 1468 2685 1481
f 1463 1481 1471
f 2713 1453 1457
f 2685 2712 2691
f 2685 2063 2064
f 2063 630 636
f 1481 1463 1468
f 1224 1742 2582
f 1743 1742 1224
f 1241 1983 1989
f 1241 1982 1983
f 1216 1220 2549
f 1221 2551 2550
f 1223 2568 2566
f 2582 2583 1224
f 1225 1234 2025
f 1234 1235 2024
f 1220 2550 2549
f 1221 2552 2551
f 2566 1222 1223
f 2564 1223 1224
f 2024 2025 1234
f 1236 2022 2023
f 1236 1237 2018
f 1239 1240 2012
f 2015 1240 1241
f 1216 2427 2426
f 2550 1220 1221
f 2564 2568 1223
f 1764 1225 1759
f 1225 1779 1778
f 2018 2022 1236
f 1237 1238 2017
f 2015 2012 1240
f 1216 2424 2423
f 2566 2552 1222
f 1225 1782 1966
f 2023 1235 1236
f 1238 2011 2017
f 1214 2421 2382
f 2421 1216 2393
f 1216 2536 599
f 2426 2425 1216
f 1225 1965 1759
f 1778 1782 1225
f 1225 1781 1779
f 2011 1238 1239
f 2421 2419 2382
f 599 2424 1216
f 1966 1965 1225
f 2382 2378 1214
f 2423 2393 1216
f 2425 2536 1216
f 2552 1221 1222
f 1225 1764 1960
f 1965 1761 1763
f 2421 1214 1216
f 1224 1960 1959
f 1242 1563 1834
f 1242 2053 1881
f 1960 1224 1225
f 1763 1759 1965
f 1881 1563 1242
f 2396 2393 2423
f 2407 599 2536
f 1818 1819 1882
f 1242 1556 2053
f 1819 1812 1882
f 1834 1241 1242
f 1242 2704 2702
f 1539 2701 1864
f 1556 1242 2714
f 1880 1864 2700
f 1214 2378 2417
f 1959 1743 1224
f 1241 1812 1982
f 1834 1882 1241
f 2702 2715 1242
f 1539 1556 2716
f 2701 2700 1864
f 2368 2364 2415
f 1812 1241 1882
f 2417 2415 1214
f 2364 1214 2415
f 2715 2714 1242
f 2700 2703 1880
f 1321 2699 2704
f 1321 2705 2699
f 2714 2716 1556
f 2716 2701 1539
f 2704 1242 1321
f 1849 1861 1847
f 1847 1861 2717
f 1322 1324 1837
f 1324 1838 1837
f 2698 2719 2706
f 2698 1322 2718
f 2698 1320 1322
f 1862 1528 1527
f 1859 1529 1528
f 1528 1874 1527
f 1880 2703 1874
f 1874 1879 1880
f 2706 2719 1527
f 1859 1863 1529
f 1860 1527 1861
f 1527 1859 1862
f 1860 1859 1527
f 1528 1862 1859
f 2705 1321 1320
f 1447 1448 1314
f 2689 2690 1318
f 1908 1906 1210
f 1520 1530 1519
f 1838 1324 1323
f 2720 2721 2698
f 2720 2698 2718
f 2715 2716 2714
f 1447 2711 2684
f 2684 2722 2723
f 2723 1447 2684
f 2685 2684 2712
f 2685 2724 2681
f 2681 2684 2685
f 1447 2713 1457
f 1447 1449 2725
f 2725 2713 1447
f 2713 2726 1482
f 1482 2685 2713
f 2686 2708 2709
f 2686 2069 2727
f 2727 2708 2686
f 2710 2707 2688
f 2710 2688 1319
f 2688 2707 2728
f 2728 2683 2688
f 2688 2729 2678
f 2678 2686 2688
f 2716 2715 2702
f 2702 2696 2730
f 2730 2716 2702
f 2701 2716 2731
f 2731 1871 2701
f 2702 2701 2692
f 2692 2732 2702
f 2719 2698 1527
f 2698 2695 2733
f 2733 1527 2698
f 1837 2720 2718
f 1837 2721 2720
f 1322 1837 2718
f 1837 1845 2734
f 2734 2721 1837
f 1527 2717 1861
f 1527 1522 2735
f 2735 2717 1527
f 1851 2717 1837
f 1847 2717 1851
f 2717 2736 1845
f 1845 1837 2717
f 2737 2724 2685
f 1482 2737 2685
f 2724 2737 2681
f 2681 2722 2684
f 1449 2723 2722
f 1447 2723 1449
f 2737 1482 2726
f 2726 2725 1449
f 2722 2681 2737
f 2722 2737 2726
f 2726 1449 2722
f 2713 2725 2726
f 2727 2707 2708
f 2727 2728 2707
f 2683 2729 2688
f 2729 2683 2678
f 2069 2678 2683
f 2683 2727 2069
f 2727 2683 2728
f 2678 2069 2686
f 2735 2736 2717
f 1522 2738 2735
f 1527 2733 2738
f 2738 1522 1527
f 2738 2733 2695
f 2738 2695 2734
f 2735 1845 2736
f 1845 2735 2738
f 2734 1845 2738
f 2734 2698 2721
f 2734 2695 2698
f 1871 2692 2701
f 2696 2732 2692
f 2702 2732 2696
f 2696 1871 2731
f 2731 2730 2696
f 1871 2696 2692
f 2730 2714 2716
f 2714 2730 2731
f 2716 2714 2731
f 2739 2740 2741
f 2741 2742 2739
f 705 706 2742
f 2742 2741 705
f 706 705 710
f 710 709 711
f 710 711 706
f 2743 2744 709
f 2744 2743 2745
f 2746 2744 2745
f 2743 2747 2745
f 2747 2743 2740
f 2746 2739 2744
f 2744 2743 703
f 706 703 705
f 706 705 2741
f 2741 2742 706
f 2743 709 703
f 709 710 703
f 705 703 710
f 2739 2742 2748
f 703 709 2744
f 706 711 703
f 703 711 709
f 2739 2748 2741
f 2748 2742 2741
f 2739 2743 2744
f 2740 2750 2749
f 2740 2739 2750
f 2743 2739 2740
f 2747 2746 2745
f 2753 2739 2747
f 2751 2747 2752
f 2751 2753 2747
f 2747 2739 2746
f 2749 2750 2751
f 2751 2752 2749
f 2740 2749 2747
f 2752 2747 2749
f 2753 2750 2739
f 2750 2753 2751
f 2754 2755 2756
f 2756 989 2754
f 989 2756 2757
f 2757 989 2758
f 989 2757 990
f 994 995 996
f 995 994 2759
f 995 2759 990
f 2760 2761 994
f 994 996 2760
f 2761 2760 2762
f 2755 2764 2765
f 2755 2765 2762
f 2766 2761 2762
f 2762 2763 2766
f 2755 2762 2761
f 2755 2767 2761
f 996 994 2761
f 2761 2767 996
f 995 990 994
f 1929 2757 2756
f 2760 2767 2755
f 996 2767 2760
f 1929 2756 2755
f 2755 2762 2760
f 2757 1929 990
f 990 2759 994
f 2754 989 1929
f 1929 2755 2754
f 990 1929 989
f 2766 2763 2768
f 2768 2754 2766
f 2755 2769 2764
f 2754 2761 2766
f 2754 2755 2761
f 2755 2754 2769
f 2763 2762 2764
f 2762 2765 2764
f 2764 2768 2763
f 2769 2754 2768
f 2769 2768 2764
f 2770 2771 2772
f 2772 2773 2770
f 2773 2772 2774
f 2774 2775 2773
f 2775 2774 2776
f 2777 2776 1062
f 1062 1063 2777
f 2776 2777 2775
f 2778 2779 1063
f 1063 1062 2778
f 2779 2778 2780
f 2780 2781 2779
f 2780 2782 2783
f 2783 2781 2780
f 1064 1065 2779
f 2779 2778 1064
f 1065 1064 2774
f 2774 2775 1065
f 1062 2776 1064
f 2778 1062 1064
f 1064 2776 2774
f 1065 1063 2779
f 2775 2777 1065
f 1065 2777 1063
f 2784 2785 2781
f 2780 2786 2787
f 2770 2780 2781
f 2771 2785 2786
f 2785 2771 2770
f 2780 2770 2771
f 2786 2780 2771
f 2770 2781 2785
f 2787 2783 2782
f 2781 2783 2787
f 2787 2782 2780
f 2787 2784 2781
f 2786 2785 2784
f 2784 2787 2786
f 2797 2788 2796
f 2797 2796 2795
f 2789 2792 2790
f 2792 2791 2790
f 2799 2798 2796
f 2798 2797 2796
f 2795 2800 2799
f 2800 2794 2793
f 2793 2792 2800
f 2795 2794 2800
f 2796 2795 2799
f 2788 2797 2798
f 3224 2801 2802
f 2801 3224 3225
f 3225 2803 2801
f 3224 2802 2804
f 3226 2805 2806
f 3227 2807 2805
f 3227 2804 2807
f 2808 2803 3225
f 3225 3226 2808
f 2805 3226 3227
f 3227 3224 2804
f 2806 2808 3226
f 3228 2888 2889
f 3229 2891 3230
f 3231 3232 2925
f 3233 2925 2926
f 3234 2927 2928
f 3235 3228 3236
f 3237 3229 3238
f 3239 3240 3142
f 3241 3142 3242
f 3243 3231 3233
f 3244 3233 3245
f 3246 3234 3247
f 3248 3249 3250
f 2809 2810 3251
f 3252 3253 2811
f 3252 2814 2813
f 3251 2815 2816
f 3254 2817 2812
f 2813 2817 3254
f 2813 3254 3252
f 3253 3251 2816
f 3251 2812 2815
f 2818 2811 3253
f 2816 2818 3253
f 2811 2814 3252
f 2821 2822 2820
f 2820 2819 2821
f 3255 2824 2825
f 3256 2825 2824
f 2819 2820 2823
f 2821 3255 2826
f 2825 2826 3255
f 3256 2823 2825
f 2826 2822 2821
f 2824 3255 3256
f 2827 2809 3253
f 3252 2788 2798
f 2789 3258 3257
f 2798 2799 3252
f 3253 2800 2792
f 3253 2799 2800
f 2788 3252 3258
f 2792 2789 3257
f 2789 2788 3258
f 2792 3257 3253
f 2829 2821 2828
f 2829 2830 2821
f 3255 2831 2833
f 2821 2830 2831
f 2828 3259 2832
f 3259 2833 2832
f 2832 2829 2828
f 2833 3259 3255
f 3250 3249 2834
f 3249 2835 2834
f 3249 2929 2835
f 2836 2837 3250
f 3260 3250 2838
f 2838 2839 3260
f 2841 2840 2819
f 2842 2843 2844
f 2842 2845 2846
f 2841 2847 2840
f 2819 3256 2849
f 3256 2850 2851
f 2852 2851 2850
f 2846 2843 2842
f 2842 2844 2840
f 2840 2847 2842
f 2848 2841 2819
f 2851 2849 3256
f 2852 2853 2851
f 2842 2852 2845
f 2850 3256 2852
f 2849 2848 2819
f 2842 2853 2852
f 3111 3259 2854
f 3259 2855 2854
f 3259 2856 2857
f 2857 2855 3259
f 3259 2858 2856
f 3259 2828 2858
f 3261 2860 2859
f 3261 2861 2860
f 3258 2862 2863
f 3258 2865 2862
f 2864 3258 2859
f 2864 2865 3258
f 3257 2863 2866
f 2866 2867 3257
f 3251 2810 2868
f 2868 2869 3251
f 2870 2873 3254
f 2872 2876 2871
f 2874 2871 2873
f 2875 2874 3254
f 3254 3251 2875
f 2876 2878 2871
f 2870 2874 2873
f 3251 2877 2879
f 2871 2880 2869
f 2874 2870 3254
f 3251 2879 2875
f 3251 2869 2877
f 2869 2881 2877
f 2869 2872 2871
f 2880 2881 2869
f 3262 2882 2883
f 3263 2884 2885
f 3263 2883 2884
f 2888 2886 2887
f 3230 2891 2892
f 3230 2892 2893
f 2894 2895 2896
f 2896 2897 2894
f 2897 3264 2899
f 2896 2895 2898
f 2900 3264 2901
f 3264 2897 2901
f 2899 2894 2897
f 2898 2902 2896
f 2898 3230 2902
f 3230 2903 2904
f 2901 2905 2900
f 2904 2906 3230
f 3264 2907 2908
f 3265 2909 2907
f 2906 2902 3230
f 3265 3230 2898
f 2903 2900 2905
f 2907 3264 3265
f 2903 2905 2910
f 3265 2898 2909
f 2910 2904 2903
f 2908 2899 3264
f 3264 2900 2911
f 3225 2912 2913
f 3232 3227 2914
f 3232 2915 2916
f 3232 2914 2915
f 2916 2917 3232
f 3227 2918 2914
f 3227 2919 2918
f 2921 3226 2920
f 2920 2917 2921
f 2917 2922 2921
f 2919 3227 3226
f 2921 2919 3226
f 2916 2922 2917
f 2923 2925 3232
f 3232 2917 2924
f 2924 2923 3232
f 2931 2932 2933
f 2934 2935 3255
f 2935 2936 3256
f 2937 2839 2938
f 2938 2939 2937
f 3260 2839 2940
f 2938 2852 2939
f 2852 2941 2942
f 2937 2940 2839
f 2942 2943 2852
f 3256 2936 2944
f 2943 2939 2852
f 2944 2852 3256
f 2944 2941 2852
f 3248 3260 2945
f 2945 2946 3248
f 3260 2947 2948
f 2948 2945 3260
f 2949 3266 3248
f 2950 3246 3266
f 2951 3267 3246
f 2952 3244 3267
f 2953 3243 3244
f 2954 3268 3243
f 2955 3269 3268
f 2956 3241 3269
f 2957 3239 3241
f 2958 3270 3239
f 2959 3237 3270
f 2960 3207 3237
f 2961 3271 3207
f 2962 3235 3271
f 3235 2962 2963
f 3262 2964 2965
f 2963 3262 3235
f 2963 2964 3262
f 2882 2966 2967
f 3262 2968 2969
f 2882 2970 2966
f 2969 2882 3262
f 2969 2970 2882
f 2967 2971 2882
f 2873 2971 2967
f 3254 2873 2972
f 2967 2973 2873
f 2873 2974 2972
f 2973 2974 2873
f 3252 3254 2975
f 3258 3252 2976
f 3258 2977 2978
f 3258 2979 2977
f 2978 2859 3258
f 2859 2981 2980
f 2978 2981 2859
f 2982 2984 2983
f 3261 2986 2987
f 2988 2989 2990
f 3261 2990 2986
f 2990 3261 2988
f 3261 2980 2992
f 2993 2994 2991
f 2982 2996 2983
f 2990 2989 2997
f 2994 2993 2985
f 2997 2998 2990
f 2992 2999 3261
f 2997 2996 2998
f 2987 3000 3261
f 2995 2982 3001
f 2999 2988 3261
f 2985 2992 2980
f 3000 3002 2861
f 3000 3003 3002
f 3004 3005 3006
f 3007 3003 3008
f 3000 3004 3006
f 3005 3272 3007
f 3004 3272 3005
f 3009 3003 3000
f 3009 3008 3003
f 3008 3005 3007
f 3010 3011 3012
f 3013 3010 3014
f 3011 3273 3015
f 3017 3272 3018
f 3012 3014 3010
f 3015 3016 3011
f 3017 3019 3020
f 3017 3018 3020
f 3018 3272 3013
f 3010 3273 3011
f 3016 3015 3017
f 3014 3018 3013
f 3020 3016 3017
f 3021 3022 3023
f 3023 3273 3021
f 3024 3025 3026
f 3025 3274 3027
f 3028 3024 3026
f 3022 3029 3031
f 3029 3022 3028
f 3028 3032 3029
f 3024 3274 3025
f 3022 3031 3030
f 3026 3032 3028
f 3030 3027 3022
f 3030 3025 3027
f 3033 3034 3035
f 3034 3038 3035
f 3037 3034 3036
f 3036 3039 3037
f 3039 3274 3040
f 3034 3037 3038
f 3036 3274 3039
f 3040 3041 3039
f 3040 3033 3041
f 3036 3039 3043
f 3042 3041 3033
f 3035 3042 3033
f 3033 3044 3045
f 3046 3045 3044
f 3047 3048 3046
f 3049 3050 3051
f 3051 3050 3048
f 3052 3053 3049
f 3048 3047 3054
f 3048 3054 3051
f 3057 3058 3059
f 3056 3055 3060
f 3057 3059 3061
f 3062 3056 3063
f 3056 3053 3055
f 3053 3052 3055
f 3064 3052 3065
f 3057 3066 3067
f 3069 3058 3057
f 3070 3062 3063
f 3060 3063 3056
f 3065 3066 3064
f 3071 3067 3066
f 3067 3068 3057
f 3068 3072 3057
f 3057 3061 3070
f 3064 3055 3052
f 3070 3073 3057
f 3066 3065 3071
f 3072 3069 3057
f 3063 3073 3070
f 3074 3275 3075
f 3076 3069 3074
f 3075 3076 3074
f 3077 3078 3079
f 3079 3080 3077
f 3079 3082 3081
f 3079 3081 3083
f 3078 3084 3082
f 3079 3078 3082
f 3089 3276 3085
f 3085 3090 3086
f 3078 3087 3088
f 3087 3276 3089
f 3085 3079 3083
f 3088 3084 3078
f 3089 3088 3087
f 3085 3083 3090
f 3085 3086 3089
f 3277 3096 3094
f 3096 3097 3094
f 3091 3278 3093
f 3278 3098 3093
f 3098 3095 3099
f 3095 3277 3094
f 3092 3097 3096
f 3092 3096 3091
f 3091 3093 3092
f 3098 3100 3093
f 3099 3100 3098
f 3095 3094 3099
f 3101 3277 3102
f 3103 3104 3101
f 3105 3104 3106
f 3108 3107 3105
f 3104 3109 3106
f 3104 3103 3110
f 3105 3106 3108
f 3110 3109 3104
f 3103 3107 3110
f 3107 3108 3110
f 3112 3105 3107
f 3111 3113 3107
f 3113 3112 3107
f 3111 3107 3114
f 3114 3115 3111
f 3259 3111 3118
f 3119 3111 3120
f 3121 3116 3117
f 3118 3122 3259
f 3111 3115 3120
f 3125 3116 3124
f 3111 3126 3118
f 3126 3111 3127
f 3120 3128 3123
f 3127 3121 3117
f 3120 3123 3119
f 3129 3132 3131
f 3117 3126 3127
f 3119 3127 3111
f 3133 3130 3128
f 3128 3120 3133
f 3130 3133 2932
f 2932 3129 2933
f 3124 3131 3132
f 3122 2934 3259
f 2911 3134 3135
f 3134 3136 3135
f 3135 3137 3264
f 3264 2911 3135
f 3265 3264 3138
f 3139 3142 3240
f 3240 3265 3139
f 3265 3140 3139
f 3141 3242 3142
f 3141 3224 3242
f 3143 3144 3225
f 3225 3145 3146
f 3146 3136 3134
f 3146 2912 3225
f 3225 3144 3145
f 3134 2912 3146
f 3147 3278 3148
f 3147 3150 3149
f 3148 3152 3147
f 3151 3149 3150
f 3153 3154 3152
f 3149 3278 3147
f 3152 3148 3153
f 3155 3156 3157
f 3153 3155 3154
f 3155 3157 3154
f 3156 3158 3157
f 3151 3150 3158
f 3155 3276 3156
f 3158 3156 3151
f 3268 3159 3160
f 3268 3162 3159
f 3160 3161 3268
f 3162 3268 3269
f 3269 3160 3162
f 3269 3242 3163
f 3163 3160 3269
f 3242 3224 3163
f 3227 3164 3165
f 3224 3227 3165
f 3224 3166 3163
f 3161 3227 3279
f 3224 3165 3166
f 3161 3164 3227
f 3248 3266 3167
f 3266 3168 3167
f 3266 3170 3168
f 3248 3168 3169
f 3167 3171 3248
f 3266 3247 3170
f 3171 3168 3248
f 2929 3249 3169
f 3172 2928 2929
f 2929 3169 3173
f 2928 3174 3170
f 3172 3174 2928
f 3170 3247 2928
f 3173 3172 2929
f 3246 3267 3175
f 3267 3245 3176
f 3267 3178 3175
f 3246 3179 3177
f 3176 3178 3267
f 3175 3179 3246
f 2927 3177 3180
f 2926 2927 3180
f 3180 3181 2926
f 3177 2927 3234
f 3245 2926 3176
f 3181 3176 2926
f 3268 3183 3184
f 3182 3243 3268
f 3184 3182 3268
f 3182 3186 3243
f 3186 3185 3243
f 3268 3279 3183
f 3232 3231 3185
f 3227 3232 3187
f 3185 3188 3232
f 3232 3188 3187
f 3227 3189 3183
f 3187 3189 3227
f 3183 3279 3227
f 3190 3270 3191
f 3239 3192 3193
f 3270 3194 3195
f 3193 3196 3239
f 3197 3198 3190
f 3190 3199 3195
f 3195 3191 3270
f 3270 3238 3194
f 3270 3190 3192
f 3195 3197 3190
f 3192 3239 3270
f 3191 3199 3190
f 3265 3240 3196
f 3238 3230 3194
f 3230 3200 3194
f 3198 3201 3202
f 3198 3197 3201
f 3265 3203 3204
f 3202 3200 3230
f 3202 3230 3204
f 3204 3205 3202
f 3196 3203 3265
f 3205 3198 3202
f 3230 3265 3204
f 3271 3236 3206
f 3206 3207 3271
f 3207 3209 3208
f 3208 3237 3207
f 3210 3209 3207
f 3211 3212 2890
f 3211 2890 2891
f 3208 2891 3229
f 3208 3211 2891
f 2889 3212 3206
f 2889 2890 3212
f 3206 3236 2889
f 3235 3262 3213
f 3262 3263 3216
f 3215 3213 3262
f 3235 3217 3214
f 3216 3215 3262
f 3213 3217 3235
f 3216 3263 3218
f 3263 2885 3218
f 3216 3218 2886
f 2886 3220 3216
f 2886 3219 3220
f 3219 2886 2888
f 3214 2888 3228
f 2888 3221 3219
f 3214 3221 2888
f 3214 3228 3235
f 3208 3229 3237
f 3196 3240 3239
f 3185 3231 3243
f 3177 3234 3246
f 3169 3249 3248
f 3161 3279 3268
f 3225 3224 3143
f 3141 3143 3224
f 3138 3140 3265
f 3137 3138 3264
f 3102 3103 3101
f 3102 3277 3095
f 3098 3278 3149
f 3156 3276 3087
f 3080 3275 3077
f 3077 3275 3074
f 3076 3058 3069
f 3051 3052 3049
f 3044 3047 3046
f 3045 3034 3033
f 3040 3274 3024
f 3021 3028 3022
f 3021 3273 3010
f 3013 3272 3004
f 3006 3009 3000
f 2861 3261 3000
f 2980 3261 2859
f 2976 2979 3258
f 2975 2976 3252
f 2972 2975 3254
f 2965 2968 3262
f 3271 2961 2962
f 3207 2960 2961
f 3237 2959 2960
f 3270 2958 2959
f 3239 2957 2958
f 3241 2956 2957
f 3269 2955 2956
f 3268 2954 2955
f 3243 2953 2954
f 3244 2952 2953
f 3267 2951 2952
f 3246 2950 2951
f 3266 2949 2950
f 3248 3222 2949
f 2946 3222 3248
f 2940 2947 3260
f 3256 3255 2935
f 3255 3259 2934
f 2931 3129 2932
f 2930 2835 2929
f 2920 3226 2913
f 2913 3226 3225
f 2893 2903 3230
f 2883 3263 3262
f 2878 2873 2871
f 2868 3223 2869
f 2867 2827 3257
f 2863 3257 3258
f 3007 3272 3017
f 3015 3273 3023
f 3027 3274 3036
f 3075 3275 3080
f 3085 3276 3155
f 3148 3278 3091
f 3096 3277 3101
f 2837 2838 3250
f 2834 2836 3250
f 2831 3255 2821
f 2799 3253 3252
f 3253 3257 2827
f 2823 3256 2819
f 2812 3251 3254
f 3251 3253 2809
f 3250 3260 3248
f 3247 3266 3246
f 3245 3267 3244
f 3233 3244 3243
f 3242 3269 3241
f 3142 3241 3239
f 3238 3270 3237
f 3236 3271 3235
f 2928 3247 3234
f 2926 3245 3233
f 2925 3233 3231
f 3230 3238 3229
f 2889 3236 3228
f 2991 3280 3281
f 3281 2995 2991
f 3282 3283 3144
f 3144 3143 3282
f 3283 3145 3144
f 3143 3141 3282
f 3284 3140 3138
f 3284 3139 3140
f 3138 3285 3284
f 3138 3137 3285
f 3286 3287 3136
f 3287 3135 3136
f 3136 3146 3286
f 3282 3141 3142
f 3142 3284 3282
f 3142 3139 3284
f 3288 3286 3146
f 3288 3289 3286
f 3146 3283 3288
f 3283 3146 3145
f 3146 3288 3291
f 3291 3290 3146
f 3290 3291 3288
f 3288 3146 3290
f 3288 3291 3289
f 3291 3288 3283
f 3291 3283 3290
f 3290 3286 3291
f 3286 3289 3291
f 3137 3135 3285
f 3292 3285 3135
f 3293 3285 3294
f 3135 3292 3294
f 3294 3293 3135
f 3292 3294 3285
f 3294 3292 3295
f 3135 3287 3292
f 3287 3295 3292
f 3290 3293 3287
f 3287 3286 3290
f 3294 3287 3293
f 3295 3287 3294
f 3296 3284 3139
f 3297 3284 3298
f 3298 3299 3297
f 3297 3299 3139
f 3297 3139 3300
f 3300 3301 3297
f 3299 3298 3296
f 3296 3139 3299
f 3296 3298 3284
f 3301 3300 3284
f 3139 3284 3300
f 3301 3284 3297
f 3302 3282 3141
f 3303 3282 3304
f 3305 3303 3141
f 3141 3306 3307
f 3307 3305 3141
f 3303 3304 3302
f 3302 3141 3303
f 3302 3304 3282
f 3307 3306 3282
f 3141 3282 3306
f 3297 3303 3282
f 3282 3284 3297
f 3303 3305 3307
f 3307 3282 3303
f 2887 2892 2889
f 2889 2888 2887
f 2892 2890 2889
f 2892 2891 2890
f 2872 3223 3308
f 2876 2872 3309
f 2876 3310 3311
f 3311 2878 2876
f 2884 2882 2883
f 3312 2885 2884
f 3313 3218 2885
f 2869 3223 2872
f 2878 2971 2873
f 2886 3218 2887
f 3309 3310 2876
f 3314 2892 2887
f 2887 3315 3314
f 2893 2892 3314
f 3315 2887 3218
f 3218 3316 3315
f 3316 3313 2885
f 2885 3317 3316
f 3318 3317 2884
f 3317 3312 2884
f 3319 3318 2882
f 3318 2883 2882
f 3319 2971 2878
f 2878 3320 3319
f 3320 3311 3310
f 3310 3321 3320
f 3322 3321 2872
f 3321 3309 2872
f 3323 3322 3223
f 3322 3308 3223
f 3223 2868 3323
f 2872 3308 3322
f 3310 3309 3321
f 2878 3311 3320
f 2882 2971 3319
f 2884 2883 3318
f 2885 3312 3317
f 3218 3313 3316
f 2868 2810 2809
f 2809 2867 2868
f 2809 2827 2867
f 3324 3323 2868
f 2868 2867 3324
f 3002 3325 2861
f 2859 2861 3326
f 2864 3327 2859
f 2864 3327 2865
f 2860 2861 2859
f 3002 2860 2861
f 2862 2866 2863
f 3324 2867 2866
f 2866 3328 3324
f 3329 3328 2862
f 3328 2866 2862
f 3329 2865 3327
f 3327 3330 3329
f 3330 2864 2859
f 2859 3331 3330
f 3332 3331 2861
f 3331 3326 2861
f 2861 3325 3332
f 2859 3326 3331
f 3327 2864 3330
f 2862 2865 3329
f 3046 3034 3045
f 3046 3036 3034
f 3046 3002 3022
f 3022 3027 3046
f 3027 3036 3046
f 3002 3015 3023
f 3023 3022 3002
f 3002 3003 3007
f 3007 3017 3002
f 3017 3015 3002
f 3046 3325 3002
f 3325 3046 3333
f 3046 3334 3333
f 3046 3335 3334
f 3333 3332 3325
f 3061 3059 3336
f 3338 3050 3337
f 3339 3061 3070
f 3340 3337 3050
f 3053 3340 3050
f 3076 3059 3058
f 3049 3053 3050
f 3048 3050 3046
f 3339 3061 3059
f 3340 3053 3056
f 3337 3340 3056
f 3335 3046 3050
f 3050 3341 3335
f 3342 3341 3337
f 3341 3338 3337
f 3343 3342 3056
f 3343 3062 3070
f 3070 3344 3343
f 3345 3344 3061
f 3344 3070 3061
f 3346 3345 3059
f 3345 3336 3059
f 3059 3076 3346
f 3061 3336 3345
f 3056 3062 3343
f 3337 3056 3342
f 3050 3338 3341
f 3112 3104 3105
f 3112 3101 3104
f 3112 3091 3096
f 3112 3148 3091
f 3112 3076 3153
f 3076 3155 3153
f 3153 3148 3112
f 3096 3101 3112
f 3076 3080 3079
f 3079 3085 3076
f 3085 3155 3076
f 3076 3075 3080
f 3076 3112 3347
f 3076 3348 3349
f 3347 3350 3348
f 3348 3076 3347
f 3349 3346 3076
f 3111 3351 2854
f 3352 3353 3111
f 3113 3353 3112
f 3353 3113 3111
f 3351 2854 2855
f 3347 3112 3353
f 3350 3347 3353
f 3353 3354 3350
f 3355 3354 3111
f 3354 3352 3111
f 3355 3351 2855
f 2855 3356 3355
f 3355 2854 3351
f 3356 2855 2857
f 2857 3357 3356
f 3358 3357 2856
f 2856 2858 3358
f 2857 2856 3357
f 3111 2854 3355
f 3353 3352 3354
f 2858 2821 2819
f 2819 2840 2858
f 2858 2828 2821
f 3359 3358 2858
f 2858 2840 3359
f 2836 2834 3360
f 3361 2837 2836
f 2838 2839 2837
f 2846 2845 3362
f 2846 3363 3364
f 3364 2843 2846
f 3365 2844 2843
f 2930 2834 2835
f 2852 2938 2845
f 3362 3363 2846
f 3359 2840 2844
f 2844 3366 3359
f 3366 3365 2843
f 2843 3367 3366
f 3368 3367 3363
f 3367 3364 3363
f 3369 3368 2845
f 3368 3362 2845
f 3369 2938 2839
f 2839 3370 3369
f 3370 2838 2837
f 2837 3371 3370
f 3372 3371 2836
f 3371 3361 2836
f 3373 3372 2834
f 3372 3360 2834
f 2834 2930 3373
f 2836 3360 3372
f 2837 3361 3371
f 2839 2838 3370
f 2845 2938 3369
f 3363 3362 3368
f 2843 3364 3367
f 2844 3365 3366
f 2930 2928 2927
f 2927 2923 2930
f 2927 2926 2923
f 2926 2925 2923
f 2930 2929 2928
f 3373 2930 2923
f 2923 3374 3373
f 2923 2924 3374
f 2893 2911 2903
f 2900 2903 2911
f 2912 2924 2920
f 2920 2913 2912
f 2917 2920 2924
f 2911 2912 3134
f 2985 2980 3375
f 2980 2981 3375
f 2981 2978 3377
f 3377 3376 2981
f 3376 3375 2981
f 3378 2990 2998
f 3379 2998 2996
f 3381 2996 2983
f 3383 2983 2984
f 3383 2984 2982
f 3385 2982 2995
f 3387 2995 3281
f 3387 3281 3280
f 3388 3280 2991
f 3388 2991 2994
f 3390 2994 2985
f 2985 3375 3390
f 2994 3390 3389
f 2994 3389 3388
f 3280 3388 3387
f 2995 3387 3386
f 2995 3386 3385
f 2982 3385 3384
f 2982 3384 3383
f 2983 3383 3382
f 2983 3382 3381
f 2996 3381 3380
f 2996 3380 3379
f 2998 3379 3378
f 2986 2990 3391
f 3378 3392 2990
f 3392 3391 2990
f 2987 2986 3391
f 3391 3393 2987
f 2987 3054 3004
f 3004 3000 2987
f 3054 3010 3013
f 3054 3028 3021
f 3054 3040 3024
f 3054 3033 3040
f 3054 3044 3033
f 3054 3047 3044
f 3024 3028 3054
f 3021 3010 3054
f 3013 3004 3054
f 3054 2987 3393
f 3393 3394 3054
f 3052 3051 3065
f 3395 3068 3067
f 3396 3051 3054
f 3051 3396 3065
f 3068 3395 3072
f 3072 3395 3397
f 3395 3067 3398
f 3067 3071 3399
f 3071 3065 3400
f 3065 3396 3401
f 3396 3054 3394
f 3394 3401 3396
f 3401 3400 3065
f 3400 3399 3071
f 3399 3398 3067
f 3398 3397 3395
f 3397 3402 3072
f 3072 3077 3074
f 3072 3078 3077
f 3072 3087 3078
f 3072 3156 3087
f 3072 3114 3151
f 3114 3149 3151
f 3151 3156 3072
f 3114 3098 3149
f 3114 3102 3095
f 3095 3098 3114
f 3074 3069 3072
f 3107 3103 3114
f 3103 3102 3114
f 3072 3402 3403
f 3403 3114 3072
f 3115 3114 3403
f 3403 3404 3115
f 3120 3115 3404
f 3404 3405 3120
f 3132 3406 3407
f 3117 3116 3125
f 3407 3124 3132
f 3408 3117 3125
f 3410 3125 3124
f 3411 3124 3407
f 3411 3407 3406
f 3412 3406 3132
f 3412 3132 3129
f 3414 3129 2931
f 3415 2931 2933
f 3416 2933 2932
f 3418 2932 3133
f 3419 3133 3120
f 3120 3405 3419
f 3133 3419 3418
f 2932 3418 3417
f 2932 3417 3416
f 2933 3416 3415
f 2931 3415 3414
f 3129 3414 3413
f 3129 3413 3412
f 3406 3412 3411
f 3124 3411 3410
f 3125 3410 3409
f 3125 3409 3408
f 3118 3126 3420
f 3126 3117 3408
f 3408 3420 3126
f 3420 3421 3118
f 3122 3118 3421
f 3421 3422 3122
f 3122 2944 2936
f 2936 2935 3122
f 2935 2934 3122
f 3422 3423 2944
f 2944 3122 3422
f 2940 2948 2947
f 3425 2943 2942
f 2937 2939 3424
f 2943 3425 2939
f 3426 2946 2945
f 2945 3427 3426
f 3427 2945 2948
f 2948 3428 3427
f 3428 2947 2940
f 2940 3429 3428
f 3429 2940 2937
f 2937 3430 3429
f 3431 3430 2939
f 3430 3424 2939
f 3432 3431 3425
f 3431 2939 3425
f 3433 3432 2942
f 3423 3433 2941
f 2941 2944 3423
f 2942 2941 3433
f 3425 2942 3432
f 2937 3424 3430
f 2948 2947 3428
f 2946 2950 2949
f 2946 2951 2950
f 2946 2952 2951
f 2946 2953 2952
f 2946 2954 2953
f 2946 2955 2954
f 2946 2963 2956
f 2956 2955 2946
f 2963 2957 2956
f 2963 2958 2957
f 2963 2959 2958
f 2963 2960 2959
f 2963 2961 2960
f 2963 2962 2961
f 2949 3222 2946
f 2978 2977 3434
f 3434 3377 2978
f 2977 2976 2975
f 2975 2972 2977
f 2977 2979 2976
f 3435 3434 2977
f 2977 2972 3435
f 3426 3436 2963
f 2963 2946 3426
f 3435 2972 2974
f 2974 3437 3435
f 3437 2974 2973
f 2973 3438 3437
f 3438 2973 3439
f 3439 3440 3438
f 2966 3441 3440
f 3442 3441 2970
f 3441 3443 2970
f 3444 3442 2968
f 3442 2969 2968
f 3445 3444 2965
f 3444 3446 2965
f 3436 3445 2964
f 2964 2963 3436
f 2965 2964 3445
f 2968 3446 3444
f 2970 2969 3442
f 2966 3443 3441
f 3439 2966 3440
f 2968 2965 2969
f 3439 2967 2966
f 3443 2966 2970
f 2970 2968 2969
f 2968 2965 3446
f 2967 3439 2973
f 2911 3447 3448
f 2911 2893 3449
f 3449 3447 2911
f 2893 3451 3449
f 2893 3452 3451
f 2893 3314 3452
f 3448 3450 2911
f 2924 3453 3454
f 2912 3455 3453
f 3453 2924 2912
f 3456 3457 2912
f 3457 3455 2912
f 3454 3374 2924
f 3458 3456 2912
f 3123 3128 3130
f 3459 3124 3116
f 3124 3459 3131
f 2993 2991 3001
f 2995 3001 2991
f 2989 2988 2997
f 3032 3026 3460
f 3029 3032 3462
f 3032 3461 3462
f 3462 3031 3029
f 3460 3461 3032
f 3025 3460 3026
f 3464 3031 3462
f 3460 3025 3465
f 3150 3147 3466
f 3158 3150 3468
f 3150 3467 3468
f 3468 3157 3158
f 3466 3467 3150
f 3152 3466 3147
f 3470 3157 3468
f 3154 3469 3152
f 3466 3152 3471
f 3472 3168 3170
f 3473 3167 3168
f 3171 3167 3473
f 3473 3168 3171
f 3169 3168 3474
f 3168 3473 3474
f 3173 3169 3475
f 3173 3475 3476
f 3476 3172 3173
f 3174 3172 3478
f 3172 3477 3478
f 3174 3478 3479
f 3174 3479 3170
f 3476 3477 3172
f 3472 3473 3168
f 3184 3183 3480
f 3481 3182 3184
f 3186 3182 3481
f 3185 3186 3481
f 3188 3185 3483
f 3188 3483 3484
f 3187 3188 3485
f 3188 3484 3485
f 3187 3485 3486
f 3486 3189 3187
f 3189 3486 3183
f 3481 3482 3185
f 3480 3481 3184
f 3487 3486 3485
f 3488 3195 3194
f 3489 3191 3195
f 3199 3191 3489
f 3195 3199 3489
f 3195 3489 3490
f 3490 3197 3195
f 3201 3197 3491
f 3202 3201 3492
f 3201 3491 3492
f 3200 3202 3494
f 3202 3493 3494
f 3200 3494 3495
f 3200 3495 3194
f 3492 3493 3202
f 3488 3489 3195
f 3496 3215 3216
f 3215 3496 3497
f 3497 3213 3215
f 3217 3213 3497
f 3497 3214 3217
f 3221 3214 3499
f 3221 3499 3500
f 3219 3221 3501
f 3221 3500 3501
f 3220 3219 3502
f 3219 3503 3502
f 3220 3502 3216
f 3501 3503 3219
f 3497 3498 3214
f 3501 3502 3503
f 3127 3119 3504
f 3119 3123 3507
f 3123 3130 3508
f 3130 2932 3510
f 2932 2933 3511
f 2933 3129 3512
f 3129 3131 3514
f 3131 3459 3515
f 3459 3116 3516
f 3116 3121 3504
f 3121 3127 3504
f 3504 3517 3116
f 3517 3516 3116
f 3516 3515 3459
f 3515 3514 3131
f 3514 3513 3129
f 3513 3512 3129
f 3512 3511 2933
f 3511 3510 2932
f 3510 3509 3130
f 3509 3508 3130
f 3508 3507 3123
f 3507 3506 3119
f 3506 3505 3119
f 3505 3504 3119
f 3505 3506 3518
f 3511 3513 3514
f 3511 3509 3510
f 3507 3518 3506
f 3513 3511 3512
f 2983 2996 3519
f 2996 2997 3521
f 2997 2988 3522
f 2988 2999 3523
f 2999 2992 3525
f 2992 2985 3526
f 2985 2993 3528
f 2993 3001 3529
f 3001 2982 3530
f 2982 2984 3519
f 2984 2983 3519
f 3519 3531 2982
f 3531 3530 2982
f 3530 3529 3001
f 3529 3528 2993
f 3528 3527 2985
f 3527 3526 2985
f 3526 3525 2992
f 3525 3524 2999
f 3524 3523 2999
f 3523 3522 2988
f 3522 3521 2997
f 3521 3520 2996
f 3520 3519 2996
f 3520 3521 3532
f 3522 3523 3524
f 3532 3519 3520
f 3531 3529 3530
f 3527 3525 3526
f 3533 2922 2916
f 2921 3534 2919
f 3534 3535 2919
f 3535 2918 2919
f 2916 2915 3533
f 2915 2914 3485
f 3484 2915 3485
f 3536 2806 2805
f 2803 3537 2801
f 3537 2802 2801
f 2805 2807 3536
f 3538 2804 2802
f 2804 3538 2807
f 3539 2901 2897
f 2910 3540 2904
f 3540 2906 2904
f 2897 2896 3539
f 3493 2902 2906
f 2902 3493 2896
f 3541 2908 2907
f 2899 3542 2894
f 3542 3543 2894
f 3543 2895 2894
f 2907 2909 3541
f 3544 2909 3545
f 2898 3545 2909
f 3547 3546 3524
f 3531 3519 3548
f 3546 3522 3524
f 3527 3528 3549
f 3529 3531 3548
f 3548 3550 3529
f 3548 3519 3532
f 3521 3546 3532
f 3546 3521 3522
f 3525 3527 3547
f 3527 3549 3547
f 3547 3524 3525
f 3548 3551 3552
f 3552 3550 3548
f 3529 3550 3552
f 3552 3528 3529
f 3553 3549 3528
f 3549 3553 3554
f 3554 3547 3549
f 3525 3547 3555
f 3547 3555 3556
f 3546 3547 3557
f 3532 3546 3558
f 3546 3557 3558
f 3558 3548 3532
f 3548 3559 3551
f 3558 3559 3548
f 3556 3557 3547
f 3554 3555 3547
f 3552 3553 3528
f 3562 3560 3557
f 3558 3561 3551
f 3554 3562 3557
f 3554 3556 3555
f 3558 3551 3559
f 3557 3556 3554
f 3562 3554 3555
f 3555 3554 3553
f 3560 3562 3555
f 3517 3504 3564
f 3507 3508 3509
f 3516 3565 3515
f 3509 3518 3507
f 3564 3565 3516
f 3504 3505 3564
f 3564 3516 3517
f 3505 3518 3564
f 3563 3509 3511
f 3566 3563 3514
f 3563 3511 3514
f 559 3564 3504
f 3564 556 555
f 555 3565 3564
f 555 3515 3565
f 3514 3515 555
f 3566 3514 580
f 3566 580 552
f 552 3563 3566
f 3563 552 3567
f 583 3509 3563
f 3509 583 562
f 562 3518 3509
f 3564 3518 562
f 3564 3568 559
f 562 3568 3564
f 3567 583 3563
f 555 580 3514
f 559 556 3564
f 562 560 559
f 3568 562 559
f 583 3567 552
f 555 556 559
f 3569 3282 3303
f 3571 3303 3570
f 3569 3572 3282
f 3303 3573 3570
f 3574 3569 3303
f 3572 3575 3282
f 3576 3283 3571
f 3303 3577 3573
f 3577 3303 3290
f 3290 3578 3577
f 3283 3575 3580
f 3576 3579 3283
f 3290 3283 3579
f 3571 3574 3303
f 3571 3570 3576
f 3283 3580 3571
f 3283 3581 3580
f 3579 3578 3290
f 3575 3283 3282
f 3458 2912 3450
f 3450 3582 3458
f 2912 2911 3450
f 3450 3583 3582
f 3582 3583 3584
f 3584 3585 3582
f 3588 2911 3450
f 3450 3448 3588
f 2911 3589 3450
f 3586 3450 3589
f 3590 3448 3591
f 3448 3590 3592
f 3592 3588 3448
f 3589 3588 3593
f 3589 2911 3588
f 3594 3592 3590
f 3596 3597 3594
f 3594 3590 3596
f 3594 3597 3598
f 3589 3598 3599
f 3593 3588 3592
f 3592 3598 3589
f 3598 3592 3594
f 3589 3593 3592
f 3595 3589 3599
f 3599 3598 3542
f 3600 3599 3542
f 3542 3596 3600
f 3599 3600 3601
f 3601 3595 3599
f 3602 3596 3590
f 3598 3597 3596
f 3542 3598 3596
f 3595 3605 3601
f 3605 3606 3601
f 3604 3601 3606
f 3600 3607 3608
f 3608 3599 3600
f 3608 3609 3599
f 3609 3606 3605
f 3599 3605 3595
f 3606 3609 2908
f 3605 3599 3609
f 3610 2895 3543
f 3611 3541 2909
f 3609 3608 2899
f 3610 2898 2895
f 3610 3544 3545
f 3606 2908 3541
f 3542 2899 3608
f 3610 3545 2898
f 2899 2908 3609
f 3541 3611 3606
f 3543 3608 3610
f 3543 3542 3608
f 3606 3611 3265
f 3608 3607 3612
f 3612 3613 3608
f 3610 3608 3613
f 3613 3612 3610
f 3607 3613 3612
f 3607 3614 3613
f 3615 3544 3610
f 3610 3612 3615
f 3611 3544 3265
f 3544 3611 2909
f 3544 3615 3616
f 3616 3265 3544
f 3615 3618 3617
f 3617 3616 3615
f 3616 3583 3601
f 3603 3601 3583
f 3619 3616 3617
f 3583 3450 3586
f 3616 3619 3583
f 3601 3604 3616
f 3586 3601 3583
f 3616 3604 3606
f 3586 3589 3595
f 3620 3619 3617
f 3595 3601 3586
f 3606 3265 3616
f 3617 3265 3620
f 3617 3618 3544
f 3544 3265 3617
f 3624 3625 3626
f 3626 3623 3624
f 3621 3623 3626
f 3618 3627 3628
f 3628 3544 3618
f 3629 3618 3615
f 3629 3627 3618
f 3545 3544 3628
f 3545 3630 3205
f 3205 3204 3545
f 3205 3630 3198
f 3631 3190 3198
f 3632 3192 3190
f 3632 3193 3192
f 3193 3632 3633
f 3633 3196 3193
f 3203 3196 3634
f 3203 3634 3544
f 3204 3203 3545
f 3203 3544 3545
f 3631 3632 3190
f 3545 3635 3630
f 3628 3627 3629
f 3629 3636 3628
f 3638 3625 3624
f 3624 3639 3638
f 3626 3625 3640
f 3622 3621 3641
f 3641 3642 3622
f 3642 3643 3622
f 3240 3622 3643
f 3620 3240 3643
f 3643 3619 3620
f 3621 3626 3641
f 3640 3641 3626
f 3619 3643 3644
f 3644 3645 3619
f 3646 3644 3643
f 3643 3642 3647
f 3647 3646 3643
f 3642 3641 3648
f 3649 3648 3641
f 3641 3640 3649
f 3648 3647 3642
f 3290 3303 3650
f 3645 3297 3293
f 3297 3645 3644
f 3650 3585 3290
f 3293 3584 3645
f 3297 3646 3647
f 3297 3647 3648
f 3649 3305 3303
f 3653 3654 3303
f 3651 3650 3303
f 3297 3644 3646
f 3654 3651 3303
f 3648 3649 3299
f 3303 3297 3649
f 3293 3290 3584
f 3297 3299 3649
f 3303 3305 3652
f 3305 3649 3655
f 3652 3653 3303
f 3290 3585 3584
f 3648 3299 3297
f 3305 3655 3652
f 3640 3656 3655
f 3655 3649 3640
f 3659 3242 3657
f 3659 3660 3242
f 3660 3659 3661
f 3660 3661 3662
f 3662 3663 3660
f 3656 3638 3664
f 3663 3662 3656
f 3664 3663 3656
f 3658 3659 3657
f 3640 3625 3638
f 3638 3656 3640
f 3652 3655 3662
f 3655 3656 3662
f 3652 3662 3661
f 3661 3653 3652
f 3659 3654 3653
f 3659 3651 3654
f 3659 3658 3651
f 3658 3650 3651
f 3653 3661 3659
f 3663 3664 3666
f 3665 3657 3242
f 3639 3666 3664
f 3664 3638 3639
f 3242 3163 3665
f 3667 3657 3665
f 3657 3667 3224
f 3669 3224 3667
f 3224 3669 3668
f 3667 3670 3669
f 3538 3671 3667
f 3160 3163 3672
f 3673 3162 3160
f 3673 3159 3162
f 3160 3159 3673
f 3160 3673 3674
f 3674 3161 3160
f 3164 3161 3675
f 3165 3164 3676
f 3164 3675 3676
f 3165 3538 3667
f 3667 3166 3165
f 3166 3667 3665
f 3166 3665 3163
f 3676 3538 3165
f 3672 3673 3160
f 3670 3667 3671
f 3671 3677 3670
f 3678 3668 3670
f 3669 3670 3668
f 3670 3677 3679
f 3671 3680 3677
f 3682 3683 3681
f 3677 3681 3684
f 3677 3671 3681
f 3684 3681 3682
f 3682 3685 3684
f 3682 3686 3687
f 3687 3685 3682
f 3688 3682 3683
f 3688 3686 3682
f 3686 3690 3689
f 3689 3687 3686
f 3690 3686 3688
f 3689 3690 3692
f 3690 3691 3692
f 3692 3691 2923
f 2923 3374 3692
f 3637 3694 3695
f 3696 3637 3636
f 3637 3628 3636
f 3694 3637 3696
f 3696 3697 3694
f 3694 3697 3698
f 3698 3699 3694
f 3694 3699 3700
f 3700 3695 3694
f 3699 3698 3701
f 3701 3702 3699
f 3702 3701 3703
f 3699 3700 3702
f 3636 3629 3696
f 3627 3636 3629
f 3705 3702 3703
f 3705 3704 3702
f 3706 3707 3693
f 3374 3693 3708
f 3374 2923 3693
f 3708 3693 3706
f 3706 3709 3708
f 3706 3710 3711
f 3711 3709 3706
f 3712 3706 3707
f 3712 3710 3706
f 3710 3714 3713
f 3715 3711 3710
f 3713 3715 3710
f 3714 3710 3712
f 3713 3714 3717
f 3714 3716 3717
f 3719 3718 3704
f 3704 3720 3719
f 3721 3722 3723
f 3724 3721 3725
f 3721 2892 3725
f 3722 3721 3724
f 3724 3726 3722
f 3722 3726 3727
f 3727 3728 3722
f 3722 3728 3729
f 3729 3723 3722
f 3727 3730 3728
f 3730 3727 3731
f 3731 3732 3730
f 3728 3729 3730
f 3734 3730 3732
f 3734 3733 3730
f 3703 3735 3705
f 3735 3720 3705
f 3735 3720 3704
f 3704 3705 3735
f 3314 3720 3735
f 3314 3735 3737
f 3314 3719 3720
f 2892 3719 3314
f 2892 3718 3719
f 3314 3725 2892
f 3725 3314 3724
f 3719 3725 3314
f 3732 3738 3734
f 3738 3739 3734
f 3738 3739 3733
f 3733 3734 3738
f 3741 3742 3733
f 3733 3739 3741
f 3743 3739 3738
f 3743 3741 3739
f 2890 3744 3742
f 3733 3742 3744
f 3212 3211 3744
f 2890 3746 3212
f 3212 3746 3206
f 3747 3207 3206
f 3207 3747 3748
f 3748 3210 3207
f 3748 3209 3210
f 3748 3208 3209
f 3211 3208 3749
f 3211 3749 3744
f 3744 2890 3212
f 3745 3741 3743
f 3745 3742 3741
f 3743 3750 3745
f 3751 3752 3753
f 3754 3751 3750
f 3751 3745 3750
f 3752 3751 3754
f 3754 3755 3752
f 3752 3755 3756
f 3756 3757 3752
f 3752 3757 3758
f 3758 3753 3752
f 3756 3759 3757
f 3759 3756 3760
f 3760 3761 3759
f 3757 3758 3759
f 3750 3743 3754
f 3741 3750 3743
f 3763 3759 3761
f 3763 3762 3759
f 3766 3764 3762
f 3762 3767 3766
f 3768 3769 3770
f 3771 3768 3772
f 3768 3765 3772
f 3769 3768 3771
f 3771 3773 3769
f 3774 3769 3773
f 3773 3775 3774
f 3769 3774 2963
f 2963 3770 3769
f 3775 3776 3777
f 3776 2964 3777
f 3776 3778 3779
f 3778 3780 3779
f 3778 3781 3782
f 3781 3783 3784
f 3783 3785 3784
f 3786 3787 3785
f 3785 3783 3786
f 3788 3789 3439
f 3439 3786 3788
f 3790 3791 3792
f 3792 3788 3790
f 3793 3794 3795
f 3795 3790 3793
f 3795 3791 3790
f 3792 3789 3788
f 3439 3787 3786
f 3784 3782 3781
f 3782 3780 3778
f 3779 2964 3776
f 3777 3774 3775
f 2964 2963 3774
f 3791 3795 3792
f 3789 3792 3439
f 3787 3439 3785
f 3782 3779 3780
f 3774 3777 2964
f 3791 3795 3794
f 3793 3796 3794
f 3799 3797 3794
f 3799 3798 3797
f 3800 3794 3796
f 3800 3799 3794
f 3761 3801 3763
f 3801 3767 3763
f 3801 3767 3762
f 3762 3763 3801
f 3803 3767 3801
f 3803 3766 3767
f 3804 3805 3803
f 3766 3803 3805
f 3765 3805 3804
f 3765 3764 3805
f 3766 3805 3764
f 3804 3772 3765
f 3772 3804 3771
f 3805 3772 3804
f 3796 3793 3800
f 3800 3798 3799
f 3806 3807 3798
f 3798 3800 3806
f 3807 3808 2881
f 3798 3807 2881
f 2870 2874 2875
f 2870 3810 3811
f 3811 2874 2870
f 3811 2871 2874
f 3811 2880 2871
f 3811 2881 2880
f 3809 3810 2870
f 2875 3809 2870
f 3812 3809 2875
f 3809 3812 3810
f 2877 2881 2879
f 2881 3808 2879
f 3815 3813 3806
f 3813 3807 3806
f 3816 3813 3815
f 3815 3817 3816
f 3816 3814 3813
f 3816 3817 3818
f 3821 3816 3818
f 3821 3819 3816
f 3822 3823 3819
f 3819 3821 3822
f 3819 3825 2815
f 3819 3823 3825
f 2818 3825 3823
f 2813 2814 3826
f 2813 3826 2812
f 2812 2817 2813
f 2815 2818 2816
f 3827 3826 2814
f 3825 2818 2815
f 3823 3824 3822
f 3829 3828 3822
f 3828 3823 3822
f 3828 3829 3830
f 3830 3831 3828
f 3831 3832 3828
f 3830 3832 3831
f 3830 3833 3832
f 3824 3822 3835
f 3836 3832 3833
f 3836 3834 3832
f 3837 2791 3834
f 3834 3836 3837
f 2791 3838 3839
f 2791 3839 3840
f 3842 3841 3837
f 3841 3839 3837
f 3843 3841 3842
f 3842 3844 3843
f 3845 3846 3847
f 3846 3848 3849
f 3844 3845 3850
f 3850 3843 3844
f 3849 3847 3846
f 3847 3850 3845
f 3847 3851 3850
f 3843 3850 3851
f 3853 3852 3848
f 3848 3854 3855
f 3855 3853 3848
f 3852 3849 3848
f 3854 3853 3855
f 3853 3854 3852
f 3377 3851 3847
f 3847 3846 3377
f 3434 3856 3851
f 3851 3377 3434
f 3846 3847 3852
f 3852 3854 3846
f 3434 3435 3857
f 3857 3856 3434
f 3435 3858 3791
f 3858 3438 3792
f 3438 3789 3792
f 3438 3786 3439
f 3786 3441 3859
f 3441 3785 3859
f 3860 3782 2970
f 2970 3441 3860
f 3861 3862 3782
f 3782 3860 3861
f 3445 2964 3779
f 3779 3861 3445
f 3779 3862 3861
f 2970 3785 3441
f 3859 3787 3786
f 3439 3789 3438
f 3792 3791 3858
f 3791 3857 3435
f 3859 3439 3787
f 2970 3859 3785
f 3862 3779 3782
f 3436 3426 2946
f 2946 2963 3436
f 3427 3863 3864
f 3863 3865 3864
f 3863 3866 3867
f 3866 3430 2937
f 3430 3868 2937
f 3869 3870 3871
f 3871 3430 3869
f 3432 3872 3425
f 3425 3869 3432
f 3873 3874 3875
f 3875 3432 3873
f 3423 3876 3874
f 3874 3873 3423
f 3875 3872 3432
f 3425 3870 3869
f 3871 3868 3430
f 2937 3867 3866
f 3867 3865 3863
f 3864 2945 3427
f 3867 3864 3865
f 3868 3871 2937
f 3870 3425 3871
f 3872 3875 3425
f 3422 3877 3876
f 3876 3423 3422
f 3421 3878 3879
f 3878 3880 3881
f 3422 3421 3882
f 3882 3877 3422
f 3881 3879 3878
f 3879 3882 3421
f 3881 3880 3884
f 3885 3884 3880
f 3885 3880 3886
f 3886 3884 3885
f 3886 3883 3884
f 3883 3881 3884
f 3887 3888 3879
f 3879 3878 3887
f 3889 3890 3888
f 3888 3887 3889
f 3878 3879 3883
f 3883 3886 3878
f 3890 3889 3891
f 3891 3892 3890
f 3894 3892 3891
f 3894 3893 3892
f 3896 3897 3893
f 3893 3895 3896
f 3895 3893 3894
f 3896 3895 3894
f 3899 3900 3896
f 3896 3894 3899
f 3894 3901 3899
f 3894 3898 3901
f 2829 3896 3900
f 3902 2829 3900
f 2830 3902 3903
f 3903 2831 2830
f 2831 3904 3905
f 2829 2832 3896
f 2832 3906 3896
f 2829 3902 2830
f 3905 2833 2831
f 3903 3904 2831
f 3907 3905 3904
f 2833 3905 3907
f 3910 3908 3899
f 3908 3900 3899
f 3910 3911 3908
f 3909 3908 3911
f 3912 3909 3911
f 3911 3913 3912
f 3912 3908 3909
f 3915 3912 3913
f 3915 3914 3912
f 3914 3916 3915
f 3918 3919 3914
f 3914 3915 3918
f 3920 3918 3915
f 3915 3917 3920
f 3921 3915 3916
f 3914 3919 2822
f 3923 2822 3919
f 3922 3923 3919
f 3922 2823 2820
f 3924 2824 2825
f 2825 2824 3925
f 2825 3925 2826
f 2822 3922 2820
f 3924 3925 2824
f 2823 3924 2825
f 3924 3926 3925
f 3922 2822 3923
f 3928 3927 3918
f 3927 3919 3918
f 3928 3929 3927
f 3927 3929 3930
f 3930 3931 3927
f 3927 3931 3932
f 3934 3931 3930
f 3934 3933 3931
f 3936 3937 3933
f 3933 3934 3936
f 3934 3359 3936
f 3934 3935 3359
f 3933 3937 3939
f 3933 3939 3940
f 3939 2847 2841
f 3939 2842 2847
f 3942 2850 2851
f 2851 2850 2849
f 2841 2848 3939
f 2853 3942 2851
f 3939 2853 2842
f 3942 3944 2850
f 3944 2849 2850
f 3943 3944 3942
f 3944 3943 2849
f 2848 3940 3939
f 3941 3937 3936
f 3946 3937 3941
f 3941 3945 3946
f 3947 3945 3936
f 3945 3941 3936
f 3947 3948 3945
f 3948 3949 3950
f 3949 3874 3950
f 3949 3951 3875
f 3951 3872 3875
f 3951 3869 3425
f 3869 3952 3868
f 3953 3867 3954
f 3954 3952 3953
f 3955 3956 3867
f 3867 3953 3955
f 3957 2945 3864
f 3864 3955 3957
f 3958 3959 3960
f 3960 3957 3958
f 3960 2945 3957
f 3864 3956 3955
f 3954 3868 3952
f 3868 3870 3869
f 3425 3872 3951
f 3875 3874 3949
f 3950 3945 3948
f 3875 3874 3950
f 3945 3950 3874
f 3956 3864 3867
f 3868 3425 3870
f 2945 3960 3959
f 3959 2946 2945
f 3959 3958 3961
f 3961 3962 3959
f 2946 3962 3963
f 2946 3959 3962
f 3961 3964 3962
f 3964 3961 3965
f 3962 3963 3964
f 3948 3947 3936
f 3967 3964 3965
f 3967 3966 3964
f 3970 3969 3968
f 3968 3971 3970
f 3972 3973 3974
f 3975 3972 3976
f 3972 3969 3976
f 3975 3977 3973
f 3973 3972 3975
f 3977 3978 3973
f 3979 3973 3978
f 3978 3980 3979
f 3981 3974 3973
f 3973 3979 3981
f 3980 3982 3979
f 3982 3980 3983
f 3979 3981 3982
f 2963 3729 3753
f 2963 3723 3729
f 3770 2963 3758
f 3794 3857 3791
f 3723 2946 3700
f 3753 3758 2963
f 3784 2970 3782
f 3784 3785 3859
f 3666 2946 3683
f 3688 2946 3707
f 3765 3762 3764
f 3693 2923 3691
f 2963 3770 2964
f 3859 2970 3784
f 2946 3695 3700
f 3439 3859 3785
f 2946 3688 3683
f 2946 3712 3707
f 3765 3759 3762
f 3964 3968 3969
f 3723 2963 2946
f 3706 3693 3686
f 3969 3972 3964
f 3702 3704 3718
f 3811 3857 3794
f 3729 3747 3753
f 2946 3710 3712
f 3686 3688 3706
f 3964 3966 3968
f 3425 3868 3871
f 3963 3972 2946
f 3699 3702 3723
f 3729 3748 3747
f 3666 3639 2946
f 3707 3706 3688
f 3954 2937 3871
f 3718 2892 3702
f 3683 3660 3663
f 3660 3683 3673
f 3695 2946 3624
f 3871 3868 3954
f 2946 3639 3624
f 3765 3768 3759
f 3691 3690 3693
f 3700 3699 3723
f 3758 3769 3770
f 3637 3694 3624
f 3710 2946 3981
f 2937 3954 3867
f 3908 3877 3892
f 3624 3694 3695
f 2946 3974 3981
f 2946 3973 3974
f 3945 3874 3942
f 3879 3881 3883
f 3663 3666 3683
f 3972 3973 2946
f 3972 3962 3964
f 3637 3624 3623
f 3927 3877 3912
f 3888 3890 3877
f 2892 3721 3702
f 3768 3769 3758
f 3981 3985 3714
f 3768 3757 3759
f 3963 3962 3972
f 3879 3888 3882
f 3908 3912 3877
f 3890 3892 3877
f 3714 3710 3981
f 3758 3757 3768
f 3942 3946 3945
f 3877 3882 3888
f 3623 3632 3637
f 3932 3943 3942
f 3892 2833 3908
f 3908 3907 3904
f 3942 3874 3876
f 3876 3927 3932
f 3912 3925 3927
f 3721 3722 3702
f 3849 3852 3847
f 3828 3816 3827
f 3927 3876 3877
f 3827 2814 3828
f 3857 3814 3816
f 3690 3686 3693
f 3632 3623 3621
f 3634 3265 3544
f 3816 3828 3857
f 3932 2849 3943
f 3810 3814 3857
f 3747 3206 3751
f 3621 3633 3632
f 3908 2833 3907
f 3912 2826 3925
f 3621 3622 3633
f 3196 3622 3240
f 3841 3857 3832
f 3942 3876 3932
f 3892 2832 2833
f 3620 3634 3196
f 3841 3856 3857
f 3828 3832 3857
f 3206 3746 3742
f 3927 3925 3926
f 3722 3723 3702
f 3196 3240 3620
f 3841 3851 3856
f 3832 2788 3841
f 3816 3819 2812
f 3742 3745 3206
f 3751 3752 3747
f 3926 3924 3927
f 3729 3208 3748
f 3206 3745 3751
f 3942 2853 3946
f 3622 3196 3633
f 3620 3265 3634
f 3841 3843 3851
f 3742 3746 2890
f 3924 2823 3927
f 3729 3728 3208
f 2811 2818 3823
f 2875 3813 3814
f 3752 3753 3747
f 3728 3730 3208
f 2823 3922 3919
f 3810 3812 3814
f 2812 3826 3816
f 3730 3733 3208
f 2875 2879 3807
f 3812 3809 3814
f 3811 3810 3857
f 3814 3809 2875
f 3826 3827 3816
f 3819 2815 2812
f 3744 3749 3733
f 2881 3811 3798
f 3198 3630 3628
f 3637 3631 3198
f 2811 3823 3828
f 2814 2811 3828
f 3749 3208 3733
f 3794 3797 3811
f 3904 3903 3900
f 2823 3919 3927
f 3630 3635 3628
f 3797 3798 3811
f 3937 2853 3939
f 3198 3628 3637
f 2849 3932 3931
f 3912 3914 2826
f 2875 3807 3813
f 3632 3631 3637
f 3931 3933 2849
f 3635 3545 3628
f 2853 3937 3946
f 3933 2848 2849
f 3914 2822 2826
f 3904 3900 3908
f 3906 3892 3893
f 3892 3906 2832
f 3896 3906 3893
f 3933 3940 2848
f 3903 3902 3900
f 2879 3808 3807
f 3981 3979 3985
f 3979 3982 3985
f 2789 2790 3841
f 3714 3986 3176
f 3982 3177 3985
f 3982 3984 3177
f 3177 3984 3987
f 3714 3985 3986
f 2788 2789 3841
f 3242 3660 3163
f 3987 3988 3177
f 2795 3832 3834
f 3987 3989 3988
f 3161 3674 3683
f 3161 3682 3681
f 3834 2794 2795
f 3716 3176 3991
f 3716 3714 3176
f 3660 3673 3672
f 3674 3673 3683
f 3683 3682 3161
f 3991 3990 3716
f 3660 3672 3163
f 3834 2793 2794
f 2792 3834 2791
f 3671 3675 3161
f 2792 2793 3834
f 3839 3841 2790
f 3671 3538 3676
f 3676 3675 3671
f 3832 2797 2788
f 2790 2791 3839
f 3832 2796 2797
f 3161 3681 3671
f 2795 2796 3832
f 3992 3982 3983
f 3992 3984 3982
f 3986 3178 3176
f 3175 3178 3985
f 3178 3986 3985
f 3179 3175 3985
f 3985 3177 3179
f 3180 3177 3988
f 3180 3988 3989
f 3181 3180 3989
f 3181 3990 3991
f 3181 3991 3176
f 3989 3990 3181
f 3987 3716 3989
f 3990 3989 3716
f 3717 3716 3987
f 3987 3992 3717
f 3994 3456 3993
f 3995 3458 3587
f 3458 3995 2912
f 3456 2912 3996
f 3456 3996 3997
f 3997 3993 3456
f 3995 3996 2912
f 3996 3995 3998
f 3998 3995 4000
f 3999 4000 3995
f 4001 3997 3996
f 3997 4003 4002
f 3993 3997 4002
f 4002 4004 3993
f 4000 3996 3998
f 4001 4003 3997
f 4001 3996 4000
f 4000 4003 4001
f 2806 4003 4000
f 4005 4004 2806
f 2806 4000 4005
f 4006 4005 4000
f 4000 3999 4006
f 3993 4004 4007
f 4004 4003 2806
f 4002 4003 4004
f 3658 4006 4008
f 3658 3678 4009
f 4008 3587 3658
f 3587 4008 4006
f 3658 4009 4006
f 3668 3678 3658
f 4006 3999 3995
f 3582 3658 3587
f 3657 3224 3668
f 3678 4010 4011
f 3587 3458 3582
f 3668 3658 3657
f 4011 4009 3678
f 3995 3587 4006
f 4012 4006 4009
f 4009 4011 4012
f 4013 4005 4006
f 4006 4012 4013
f 3667 3224 3678
f 3678 3670 3667
f 3224 4010 3678
f 2802 3224 3667
f 2802 4010 3224
f 2802 3537 4010
f 4014 3536 2807
f 4013 4012 2803
f 3536 4014 4015
f 4015 2808 2806
f 4012 4011 2803
f 4015 2806 3536
f 2808 4015 4013
f 4013 2803 2808
f 3537 4011 4010
f 3667 4014 3538
f 2807 3538 4014
f 3538 2802 3667
f 3537 2803 4011
f 4005 4013 4015
f 4015 4016 4005
f 3670 4017 4014
f 4014 3667 3670
f 4005 4016 4018
f 4015 4019 4016
f 4015 4020 4019
f 4015 4014 4020
f 4014 4017 4020
f 3679 4017 3670
f 2923 4021 3374
f 3692 4022 3691
f 3687 3689 3692
f 3687 3692 4023
f 4023 4025 3687
f 4023 4026 4025
f 4027 3687 4025
f 4025 4028 4027
f 4028 4025 4023
f 4023 4026 4028
f 3689 3687 4027
f 4024 3689 4027
f 4024 4027 4029
f 4029 4030 4024
f 3687 4024 4030
f 4030 3685 3687
f 3687 3689 4024
f 3685 4030 3684
f 4031 4032 4028
f 4028 4026 4031
f 4029 3684 4030
f 4029 3681 3684
f 3681 3685 3684
f 3681 3671 4033
f 4033 3685 3681
f 3677 3684 3685
f 4033 3677 3685
f 3680 4033 3677
f 4027 3185 3482
f 4027 4028 3185
f 4028 3483 3185
f 3484 3483 4028
f 4032 3183 3486
f 3183 4032 4029
f 3485 4028 4032
f 4032 3487 3485
f 4029 3480 3183
f 3482 3481 4027
f 3486 3487 4032
f 3481 3480 4029
f 3485 3484 4028
f 4029 4027 3481
f 3681 4032 3671
f 3681 4029 4032
f 3671 4032 3680
f 4031 3680 4032
f 3677 4033 3671
f 3677 3680 4034
f 4031 4034 3680
f 4034 4026 4023
f 4034 4031 4026
f 4034 4023 4035
f 3717 4036 3716
f 3984 4038 3992
f 3992 3987 3984
f 3837 3839 3838
f 3838 2791 3837
f 3971 3968 3966
f 4039 3971 3966
f 3966 3967 4039
f 4039 4040 3970
f 3970 3971 4039
f 3970 4040 3969
f 4040 3976 3969
f 4042 3576 3570
f 4042 4043 3576
f 3579 4043 4044
f 4044 4045 3578
f 3577 3578 4045
f 4045 4046 3577
f 4046 3573 3577
f 3573 4046 4047
f 4042 3570 3573
f 3573 4047 4042
f 3578 3579 4044
f 4043 3579 3576
f 3569 4048 4049
f 3575 4049 4050
f 3575 4050 4051
f 4051 3580 3575
f 4051 4052 3580
f 3580 3581 4052
f 3571 3580 4051
f 4051 4053 3571
f 3574 3571 4053
f 3574 4054 4048
f 4048 3569 3574
f 4053 4054 3574
f 4049 3575 3572
f 4049 3572 3569
f 4051 4052 4053
f 4053 4052 4055
f 4056 4057 3057
f 3066 3057 4057
f 4057 4058 3066
f 4058 4059 3066
f 4059 3055 3064
f 3055 4059 4060
f 3055 4060 4061
f 3055 4061 4062
f 3060 4062 4063
f 3073 3063 4064
f 3057 3073 4064
f 3057 4065 4056
f 4064 4065 3057
f 4063 4064 3063
f 4063 3063 3060
f 4062 3060 3055
f 4059 3064 3066
f 3006 4067 4068
f 4068 3009 3006
f 3006 3005 4067
f 3003 3008 4068
f 4068 4069 3003
f 3005 4070 4067
f 3008 3009 4068
f 3035 4071 3042
f 3043 3039 4072
f 3039 3043 4073
f 3039 4074 3037
f 4073 4074 3039
f 4072 4073 3043
f 3041 4072 3039
f 3038 4071 3035
f 4073 3037 4074
f 3089 3086 4076
f 3082 4077 3081
f 3084 4077 3082
f 4076 3088 3089
f 4075 4076 3086
f 3090 4075 3086
f 3108 4079 4080
f 4080 3110 3108
f 3110 4080 3109
f 4078 4079 3108
f 3105 4078 3108
f 3105 4082 4078
f 4081 3109 4080
f 4079 4078 4082
f 3806 3820 3815
f 4083 3815 3820
f 3820 4084 4083
f 4087 4086 3820
f 3820 4085 4087
f 4088 3815 4083
f 4088 4083 4089
f 4089 3817 4088
f 3815 4088 3817
f 4090 4089 4083
f 3817 4089 4090
f 4090 4084 4091
f 4090 4083 4084
f 4084 4092 4091
f 4086 4092 4084
f 4084 3820 4086
f 4090 4091 3821
f 3821 3817 4090
f 3821 3818 3817
f 4091 4092 4086
f 4086 3821 4091
f 3822 4093 4094
f 4094 3829 3822
f 4093 3822 3824
f 4094 4093 3835
f 3824 3835 4093
f 4095 4094 3835
f 3835 4096 4095
f 4099 4098 3835
f 3835 4097 4099
f 4100 4094 4095
f 4100 4095 4102
f 4102 4103 4100
f 3830 3829 4100
f 4100 4103 3830
f 3829 4094 4100
f 4095 4101 4102
f 4102 3830 4103
f 4101 4095 4096
f 4101 4105 4104
f 4096 4105 4101
f 4101 4104 4102
f 4104 4105 4096
f 4098 4104 4096
f 4096 3835 4098
f 4102 4104 3836
f 3836 3830 4102
f 3836 3833 3830
f 4098 3836 4104
f 3911 3910 3899
f 4106 3911 3899
f 3899 4107 4106
f 4108 4110 3921
f 4108 4109 4110
f 4107 3899 4108
f 3911 4106 4111
f 4112 3911 4111
f 4112 4111 4113
f 4113 4114 4112
f 3911 4112 4114
f 4114 3913 3911
f 3913 4114 4115
f 4111 4116 4113
f 3921 4117 4107
f 4107 4108 3921
f 4113 4115 4114
f 4113 4118 4115
f 4118 4117 3921
f 3921 4115 4118
f 3915 3913 4115
f 3916 3915 4119
f 4115 4119 3915
f 3921 4119 4115
f 4119 3921 3916
f 4117 4120 4107
f 4107 4116 4111
f 4113 4117 4118
f 4107 4113 4116
f 4111 4106 4107
f 4113 4107 4120
f 4120 4117 4113
f 3929 3928 3918
f 4121 3929 3918
f 3918 4122 4121
f 4123 4125 3938
f 4123 4124 4125
f 4122 3918 4123
f 4123 4126 4122
f 3929 4121 4127
f 4127 4128 3929
f 3929 4128 4129
f 4129 4130 3929
f 3929 4130 3930
f 4129 4128 4127
f 3938 4131 4126
f 4126 4123 3938
f 4129 3930 4130
f 4129 4132 3930
f 4132 4131 3938
f 3938 3930 4132
f 3930 3938 3934
f 4122 4126 4131
f 4129 4131 4132
f 4127 4122 4131
f 4131 4129 4127
f 4127 4121 4122
f 3967 3965 3961
f 3961 4039 3967
f 3971 3967 4039
f 3967 3961 3964
f 3965 4133 3964
f 4134 4135 4133
f 4133 3965 4134
f 3966 2928 3971
f 3971 2928 4136
f 4136 4137 3971
f 2928 3966 3170
f 3170 3964 4133
f 3169 3474 4135
f 4135 4136 3169
f 3477 4136 2928
f 3170 3966 3964
f 4133 4135 3473
f 4135 3474 3473
f 2928 3170 3479
f 3472 3170 4133
f 2928 3478 3477
f 3479 3478 2928
f 4136 3475 3169
f 4136 3476 3475
f 3473 3472 4133
f 3477 3476 4136
f 4134 4138 4135
f 4135 4138 4139
f 4139 4136 4135
f 4140 4139 4138
f 4039 4137 4140
f 4039 3971 4137
f 4136 4139 4140
f 4140 4137 4136
f 4140 4137 4139
f 4140 4138 4142
f 4138 4134 4143
f 4142 4141 4140
f 4143 4142 4138
f 4142 4144 4141
f 4145 4144 4141
f 4146 2929 4144
f 4144 4142 4146
f 4141 4147 3373
f 4141 4145 4147
f 4145 4141 2929
f 4141 4144 2929
f 4147 4145 2929
f 2929 2930 4147
f 4146 4142 4143
f 4148 4149 4146
f 4146 4143 4148
f 4150 3955 4151
f 3955 4152 4151
f 4153 4154 4155
f 4155 3955 4153
f 4156 4157 4158
f 4158 4153 4156
f 4148 4150 4159
f 4150 4160 4159
f 4159 4149 4148
f 4158 4154 4153
f 4155 4152 3955
f 4151 4160 4150
f 4155 4158 4154
f 4151 4159 4160
f 4152 4155 4151
f 4157 4154 4158
f 4149 2929 4146
f 4157 4161 4162
f 4149 2930 2929
f 4163 4155 4154
f 4164 4165 4151
f 4149 4159 2835
f 4154 4162 4163
f 4155 4163 4164
f 4165 2835 4159
f 4151 4155 4164
f 2835 2930 4149
f 4159 4151 4165
f 4162 4154 4157
f 4164 4163 2837
f 2837 4162 4166
f 3360 4164 4167
f 4163 4166 4162
f 2835 3360 2834
f 2835 4165 3360
f 4164 3360 4165
f 4161 4166 4162
f 4166 4163 2837
f 4163 4167 4164
f 4162 2837 4163
f 4162 4168 4169
f 3371 4167 4163
f 4163 4169 3371
f 4170 3360 4167
f 4171 2834 3360
f 3360 4170 4171
f 4167 3371 4170
f 4172 4166 4161
f 4168 4162 4166
f 4166 4172 4168
f 2834 4171 4173
f 4147 2930 2835
f 2835 4173 4147
f 4173 2835 2834
f 4161 3369 4172
f 4169 4163 4162
f 4157 4156 3369
f 3369 4161 4157
f 4175 4173 4170
f 4174 4169 4172
f 3373 4147 4173
f 4171 4170 4173
f 4168 4172 4169
f 4173 4175 3373
f 4169 4174 3371
f 3369 4161 2938
f 4176 3369 4156
f 4156 4177 4176
f 4178 4179 4176
f 4176 4177 4178
f 3369 4176 4179
f 3367 4182 4181
f 4183 3936 4184
f 4184 4185 4183
f 4156 3952 4178
f 4177 4156 4178
f 3869 4186 4187
f 4186 4188 4187
f 3949 3950 4189
f 4189 4186 3949
f 3952 3869 4190
f 3869 4191 4190
f 4190 4178 3952
f 4189 4188 4186
f 4187 4191 3869
f 3958 3957 4150
f 4148 4143 3958
f 3953 3952 4156
f 3955 4150 3957
f 4150 4148 3958
f 4134 3961 3958
f 4186 3951 3949
f 4134 3965 3961
f 3955 3953 4153
f 3951 4186 3869
f 4134 3958 4143
f 4156 4153 3953
f 4178 4190 4191
f 4187 4190 4191
f 4188 4189 4187
f 3945 4192 3950
f 3947 4193 3945
f 3945 4193 3941
f 3950 3941 4194
f 4192 3945 3941
f 3941 3950 4192
f 4195 4179 4178
f 3363 4195 4191
f 4196 4189 3950
f 4196 3363 4187
f 4178 4191 4195
f 3950 4197 4196
f 4191 4187 3363
f 4187 4189 4196
f 4194 4197 3950
f 4195 3363 4199
f 4198 4199 4196
f 4196 4199 3363
f 4197 4183 4182
f 3367 4198 4196
f 4196 4182 3367
f 3367 4181 4199
f 4195 4199 4181
f 4181 4180 4195
f 4183 4197 4194
f 4180 4176 4179
f 4179 4195 4180
f 4194 3936 4183
f 4199 4198 3367
f 4182 4196 4197
f 4193 3947 4184
f 4184 3941 4193
f 3936 4184 3947
f 3941 4184 3936
f 3936 4194 3941
f 4185 4184 3936
f 3936 3359 4185
f 3975 3978 3977
f 3976 4041 3978
f 4041 3976 4040
f 3978 3975 3976
f 4200 4201 4041
f 4041 4201 3978
f 4202 3978 4201
f 4201 4203 4202
f 4204 4200 4041
f 4204 4205 4200
f 4041 4200 4203
f 4203 4201 4041
f 3977 3978 4202
f 3977 4202 4206
f 4206 3983 3977
f 3980 3978 3977
f 3977 3983 3980
f 4205 4207 4203
f 4203 4200 4205
f 4206 3982 3983
f 3982 3984 4208
f 4208 3980 3982
f 3992 3983 3980
f 4208 3992 3980
f 4038 4208 3992
f 4202 3982 4206
f 3982 4202 4203
f 3982 4203 4207
f 4207 3984 3982
f 3984 4207 4038
f 4205 4038 4207
f 3992 4208 3984
f 4204 3992 4038
f 4038 4205 4204
f 3717 4037 3715
f 3715 3713 3717
f 3715 3711 4209
f 4209 3713 3715
f 4037 3711 3715
f 4037 4210 3711
f 4037 4211 4210
f 4212 3711 4210
f 4210 4213 4212
f 4214 4211 4037
f 4214 4215 4211
f 4037 4211 4213
f 4213 4210 4037
f 4209 3711 4212
f 4209 4212 4216
f 4216 4217 4209
f 3709 3711 4209
f 3709 4217 3708
f 4209 4217 3709
f 4215 2925 4213
f 4213 4211 4215
f 4216 3708 4217
f 3708 4216 3693
f 3693 3709 3708
f 3693 2923 4218
f 4218 3709 3693
f 3374 3708 3709
f 3709 4218 3374
f 4021 4218 3374
f 4216 2923 3693
f 4216 4213 2925
f 4216 2925 2923
f 4216 4212 4213
f 2923 2925 4021
f 4215 4021 2925
f 3374 4218 2923
f 3374 4021 4214
f 4021 4215 4214
f 3697 3696 3629
f 3629 3636 3697
f 3637 3697 3636
f 3629 4219 3627
f 4219 3629 4220
f 4221 3627 4219
f 4221 3628 3627
f 4222 4223 4221
f 4221 4219 4222
f 3696 3697 3637
f 3637 4224 3696
f 4225 3696 4224
f 4225 4224 4226
f 4226 4227 4225
f 3697 4225 4227
f 4227 3703 3701
f 4227 3701 3698
f 4227 3698 3697
f 3696 4225 3697
f 3197 3628 4221
f 4226 3488 3194
f 4224 3637 3197
f 3637 3628 3197
f 4221 3493 3492
f 4224 3197 3490
f 4221 3491 3197
f 3492 3491 4221
f 4223 3495 3494
f 3194 4223 4226
f 3493 4221 4223
f 3194 3495 4223
f 3490 3489 4224
f 4223 3494 3493
f 3489 3488 4226
f 4226 4224 3489
f 3698 4227 4226
f 4226 4223 4228
f 4228 3698 4226
f 3735 3703 3701
f 3736 3701 3698
f 3698 4228 3736
f 3736 3735 3701
f 4222 4228 3736
f 3736 4220 4229
f 4219 4220 3736
f 3736 4222 4219
f 4222 3736 4223
f 3736 4228 4223
f 3726 3724 3314
f 3314 3725 3726
f 3721 3726 3725
f 4230 4231 3719
f 3719 3314 4230
f 4231 4230 3740
f 3740 4232 4231
f 2891 3719 4231
f 2891 2892 3719
f 3724 3726 3721
f 3721 4233 3724
f 3724 4233 4234
f 4234 3731 3724
f 3726 3724 3731
f 3731 3727 3726
f 4232 4235 2891
f 2891 4231 4232
f 4234 3727 3731
f 4234 4235 4236
f 4236 3727 4234
f 3738 3732 3727
f 3732 3731 3727
f 3727 3740 3738
f 3727 4236 3740
f 4232 4236 3740
f 2891 3721 2892
f 4233 2891 4235
f 4233 3721 2891
f 4235 4234 4233
f 4232 3740 4235
f 3740 4236 4235
f 3755 3754 3743
f 3743 3750 3755
f 3751 3755 3750
f 3741 3743 3802
f 3802 4237 3741
f 3741 4238 3745
f 3754 3755 3751
f 3751 4239 3754
f 3754 4239 4240
f 4240 3760 3754
f 3755 3754 3760
f 3760 3756 3755
f 4237 4241 4238
f 4238 3741 4237
f 4240 3756 3760
f 4240 4241 4242
f 4242 3756 4240
f 3801 3761 3756
f 3761 3760 3756
f 3756 3802 3801
f 4242 3802 3756
f 4237 4242 3802
f 4239 4238 4241
f 4238 3751 3745
f 4238 4239 3751
f 4240 4239 4241
f 4237 3802 4241
f 3802 4242 4241
f 3773 3771 3804
f 3804 3772 3773
f 3768 3773 3772
f 3771 3773 3768
f 3771 3768 4243
f 4243 4244 3771
f 4245 4246 3765
f 3765 3805 4245
f 3768 3765 3214
f 3765 4246 3501
f 3216 3502 4246
f 3499 3214 3765
f 3216 4246 4243
f 4243 3768 3497
f 4246 3502 3503
f 3765 3500 3499
f 3765 3501 3500
f 3503 3501 4246
f 4243 3497 3496
f 3214 3498 3768
f 3496 3216 4243
f 3498 3497 3768
f 4247 4244 4243
f 4243 4246 4248
f 4248 4247 4243
f 3805 3804 4249
f 4249 4245 3805
f 4247 4248 4249
f 4245 4249 4246
f 4249 4248 4246
f 4245 4248 4249
f 4247 4249 4250
f 4247 4252 4251
f 4251 4244 4247
f 4250 4252 4247
f 4250 4253 4252
f 4250 4254 4253
f 4255 4252 4253
f 4253 4256 4255
f 4257 4254 4250
f 4250 3315 4257
f 4250 4254 4256
f 4256 4253 4250
f 4251 4252 4255
f 4258 4251 4255
f 4255 4259 4258
f 4260 3778 4261
f 3778 4262 4261
f 4263 4264 4265
f 4265 3778 4263
f 4258 4259 4266
f 4266 4263 4258
f 4267 4260 4268
f 4260 4269 4268
f 4268 4270 4267
f 4266 4264 4263
f 4265 4262 3778
f 4261 4269 4260
f 4261 4268 4269
f 4265 4261 4262
f 4264 4266 4265
f 4270 4268 4269
f 4257 2887 4256
f 4256 4254 4257
f 4259 4255 4256
f 4270 4269 4272
f 4259 2887 2886
f 4273 4261 4265
f 4274 4272 4269
f 2886 4266 4259
f 4275 4265 4266
f 4265 4275 4273
f 4272 4271 4270
f 4266 2886 4275
f 4269 4261 4274
f 4273 4274 4261
f 4256 2887 4259
f 4272 4274 2884
f 2884 4273 4276
f 4273 4275 3313
f 3218 3313 2886
f 2886 3313 4275
f 3313 4276 4273
f 4276 4274 2884
f 4273 2884 4274
f 4277 4278 3313
f 4278 3317 4276
f 4276 3313 4278
f 3317 4279 4274
f 4272 4274 4279
f 4279 4280 4272
f 4257 4281 2886
f 3218 2886 4281
f 4281 4277 3218
f 4280 4282 4272
f 4282 3319 4271
f 4271 4272 4282
f 2886 2887 4257
f 4274 4276 3317
f 3313 3218 4277
f 4270 4271 3319
f 3319 4267 4270
f 4284 4279 3317
f 4283 4281 3315
f 4279 4282 4280
f 4281 4278 4277
f 4257 3315 4281
f 4279 4284 4282
f 4281 4283 4278
f 3319 4285 4267
f 4286 4267 4285
f 4285 4287 4286
f 3319 4285 4287
f 4289 4288 3800
f 3321 4291 4290
f 4289 4293 4288
f 3783 4267 4286
f 3790 4294 4295
f 4294 3789 4295
f 3786 4296 4297
f 4297 4294 3786
f 3783 4286 4298
f 4298 3786 3783
f 4298 4296 3786
f 4297 3789 4294
f 4295 3795 3790
f 4251 3775 3773
f 4263 3776 3775
f 3781 4260 4267
f 3775 4251 4263
f 4267 3783 3781
f 4260 3781 3778
f 4251 3773 4244
f 3776 4263 3778
f 3771 4244 3773
f 3786 4294 3788
f 3790 3788 4294
f 4251 4258 4263
f 4297 4295 3789
f 4296 4298 4297
f 4299 3794 3795
f 4300 3799 3794
f 4301 4298 4286
f 3794 4299 4300
f 3310 4297 4298
f 4302 4300 4299
f 4298 4301 3310
f 4303 4295 4297
f 4303 4302 3795
f 4297 3310 4303
f 4299 3795 4302
f 3795 4295 4303
f 4287 4301 4286
f 4303 3310 4305
f 4303 4305 4304
f 4301 4305 3310
f 4301 4292 4291
f 3321 4304 4305
f 4305 4291 3321
f 3321 4290 4303
f 4302 4303 4290
f 4290 4289 4302
f 4292 4301 4287
f 4289 3800 4300
f 4300 4302 4289
f 4287 4285 4292
f 4303 4304 3321
f 4291 4305 4301
f 3794 3799 4288
f 4288 3796 3794
f 3796 4288 3800
f 3799 4300 3800
f 3800 4288 3799
f 3800 4288 4293
f 3837 3324 4307
f 3837 4306 3324
f 3844 3842 3841
f 3841 3843 3844
f 3845 3850 4308
f 4308 4309 3845
f 4309 4308 3849
f 3849 3848 4309
f 4307 4311 3839
f 3839 3837 4307
f 4310 3849 4312
f 4311 3843 3841
f 3843 4311 4313
f 4314 4308 3850
f 4313 3850 3843
f 3850 4313 4314
f 3849 4308 4315
f 4314 4315 4308
f 4315 4312 3849
f 3839 4311 3841
f 4316 4317 4314
f 4315 4314 4317
f 4317 4318 4315
f 4307 4316 4313
f 4318 4319 4312
f 4312 4315 4318
f 4313 4311 4307
f 4314 4313 4316
f 3848 4320 4310
f 4321 3848 4310
f 3849 4310 3848
f 4310 4312 4322
f 4322 4321 4310
f 3848 4321 4320
f 4320 4321 4323
f 4307 3324 4316
f 4323 4321 4322
f 4312 4319 4322
f 4310 4323 4322
f 4322 4324 4310
f 4322 3327 4324
f 4327 3332 4328
f 4320 4323 4310
f 4329 4330 4331
f 4331 4332 4329
f 4329 4320 4310
f 4332 4331 4333
f 4333 4334 4332
f 4310 4330 4329
f 3327 4310 4324
f 4335 4330 4310
f 4336 4331 4330
f 4336 3002 4333
f 4330 4335 4336
f 4333 4331 4336
f 4310 3327 4335
f 4336 4335 4326
f 4335 4325 4326
f 4326 4327 4336
f 3327 4322 4325
f 4325 4335 3327
f 3002 4336 4327
f 4327 4328 3002
f 4333 3002 4328
f 4328 4334 4333
f 4328 3332 4334
f 4338 4337 4334
f 4334 3332 4338
f 4338 4339 4337
f 4338 4340 4339
f 4338 4341 4340
f 4341 4342 3008
f 4343 4342 4341
f 4341 4338 4343
f 4337 4339 2987
f 4345 4346 4347
f 4347 4329 4345
f 4337 2987 4346
f 4346 4345 4337
f 4329 4330 4348
f 4348 4349 4329
f 4347 4330 4329
f 4330 4347 4348
f 4343 4351 4344
f 4344 4342 4343
f 4352 4342 4344
f 3854 3853 4354
f 4349 4348 3853
f 4348 4349 4320
f 3853 3854 4349
f 4348 3854 3853
f 3391 4355 4347
f 4355 4356 4347
f 4355 3854 4348
f 4357 3391 4346
f 3391 2986 4346
f 4346 4358 4357
f 4348 4356 4355
f 4347 2986 3391
f 4358 2986 4346
f 4347 4346 2986
f 4348 4347 4356
f 2987 4358 4346
f 3394 4357 4358
f 4358 3054 3394
f 4358 2987 3054
f 3402 4359 4360
f 4359 4361 4360
f 4359 3398 4362
f 3398 4363 4364
f 4363 4365 4364
f 3400 4366 4367
f 4367 4363 3400
f 4368 4369 4366
f 4366 3400 4368
f 3394 3054 4370
f 4370 4368 3394
f 4370 4369 4368
f 4367 4365 4363
f 4364 4362 3398
f 4362 4361 4359
f 4360 3072 3402
f 4362 4360 4361
f 4365 4367 4364
f 4369 4370 4366
f 4362 4364 4371
f 4364 4367 4372
f 4366 4372 4367
f 4372 4371 4364
f 3072 4373 4374
f 4374 3402 3072
f 3072 3114 4373
f 3404 3115 4375
f 4375 4376 3404
f 4374 4373 4377
f 4377 3404 4374
f 4376 4378 4379
f 4379 3880 4376
f 4377 3115 3404
f 4375 4378 4376
f 4375 4377 3115
f 4378 4375 4379
f 4373 3115 4377
f 4377 4373 3114
f 3880 3884 4380
f 3884 3880 4379
f 4379 4381 4382
f 4382 3880 3884
f 3884 4379 4382
f 4383 4384 4375
f 4384 4385 4375
f 4384 4381 4379
f 4386 4383 4377
f 4377 3114 4386
f 4379 4385 4384
f 4375 4377 4383
f 4379 4375 4385
f 3114 4387 4386
f 4386 4387 4389
f 4387 4388 4389
f 4391 4390 3106
f 4389 4390 4391
f 4391 4392 4389
f 4396 4393 4395
f 4396 4391 4393
f 4395 4394 4393
f 4393 4397 4398
f 4398 4395 4393
f 4397 4393 4394
f 4394 4399 4397
f 4400 4401 4397
f 4401 4398 4397
f 4403 4397 4402
f 4400 4397 4404
f 4397 4403 4404
f 4408 4352 4351
f 4352 4344 4351
f 4408 4407 4352
f 4409 4352 4408
f 4408 4410 4409
f 4411 4407 4352
f 4352 4409 4411
f 4409 4410 4412
f 4412 4413 4409
f 4415 4414 4409
f 4351 4353 4408
f 4343 4353 4351
f 4343 4350 4353
f 4416 4353 4350
f 4417 4409 4413
f 4417 4415 4409
f 4418 4415 4417
f 4417 4419 4418
f 4421 4422 4419
f 4419 4417 4421
f 4426 4422 4421
f 4421 4423 4426
f 4427 4428 4422
f 4422 4426 4427
f 4419 4428 4422
f 4426 4422 4428
f 4428 4427 4426
f 4425 4429 4423
f 4429 4426 4423
f 3012 4426 4429
f 3016 3020 4422
f 3016 4422 4426
f 4426 3011 3016
f 3011 4426 3012
f 4430 3018 3014
f 3014 4431 4430
f 4432 4429 4425
f 4432 4425 4433
f 4433 4434 4432
f 4429 4432 4434
f 4433 4435 4434
f 4433 4436 4435
f 4435 3273 4437
f 4438 4435 4436
f 4438 3273 4435
f 4440 4437 3273
f 4440 3273 4439
f 4437 4440 4441
f 4442 4441 4440
f 4440 4443 4442
f 4446 4445 4444
f 4444 4448 4447
f 4447 4446 4444
f 4448 4444 4449
f 4444 4441 4449
f 4450 4445 4446
f 4446 4451 4450
f 4451 4452 4453
f 4453 4450 4451
f 4454 4453 4452
f 4450 4453 4455
f 4454 4455 4453
f 4454 4457 4456
f 4458 4454 4452
f 4458 4457 4454
f 4459 3036 4456
f 4456 4460 4459
f 4463 4461 4459
f 4461 3036 4459
f 4462 4461 4463
f 4464 4462 4463
f 4463 4465 4464
f 4466 4464 4465
f 4467 4466 4464
f 4465 4468 4469
f 4469 4466 4465
f 4469 4467 4466
f 3037 4467 4470
f 3334 4470 4467
f 4467 4471 3334
f 4474 4473 4475
f 4473 4472 4475
f 4476 4474 4473
f 4477 4473 4474
f 4474 4478 4477
f 4478 4479 4370
f 4479 4369 4370
f 4479 4480 4481
f 4480 4066 4372
f 4066 4482 4372
f 4483 4484 4371
f 4371 4066 4483
f 4485 4360 4484
f 4484 4483 4485
f 4486 4487 4360
f 4360 4485 4486
f 4371 4482 4066
f 4372 4481 4480
f 4481 4369 4479
f 4370 4477 4478
f 4371 4372 4482
f 4481 4370 4369
f 4487 4486 4488
f 4488 4489 4487
f 4489 4488 4490
f 4491 4492 4489
f 4493 4489 4488
f 4493 4491 4489
f 4492 4494 3083
f 4495 4494 4492
f 4492 3348 4495
f 4494 4496 4497
f 4498 4496 4499
f 4496 4494 4499
f 4499 4500 4498
f 4497 4496 4498
f 4497 4498 4501
f 4501 4502 4497
f 4503 4502 4501
f 4501 4504 4503
f 4505 4503 4504
f 4505 3085 4503
f 4507 4506 3085
f 4508 4507 3085
f 3085 4505 4508
f 4510 4506 4509
f 4510 4511 4513
f 4512 4513 4511
f 4514 4510 4515
f 4510 4509 4515
f 4516 4511 4510
f 4512 4511 4516
f 4514 4516 4510
f 4516 4517 4512
f 4512 4517 4518
f 4518 4519 4512
f 4522 4521 4520
f 4518 4522 4520
f 4518 4520 4519
f 4524 4520 4521
f 4524 4523 4520
f 4523 4525 4526
f 3278 4526 4527
f 4525 4527 4526
f 4528 4525 4523
f 4523 4529 4528
f 4533 4530 4534
f 4530 3278 4534
f 4533 4535 4530
f 4531 4530 4535
f 4532 4531 4535
f 4536 4532 4535
f 4535 4537 4536
f 4538 4531 4532
f 4532 4536 4538
f 4538 4536 4537
f 4503 3085 4506
f 3054 4450 4462
f 4506 4510 4503
f 3054 4445 4450
f 4370 4481 4366
f 4371 4484 4362
f 4360 4487 3072
f 3072 4487 4489
f 4502 4513 4512
f 4473 3054 4464
f 4372 4366 4481
f 4360 4362 4484
f 4489 3084 4497
f 4489 4497 3072
f 4454 4456 3036
f 4512 3072 4502
f 4462 4464 3054
f 3036 4461 4454
f 3072 4497 4502
f 3054 4473 4370
f 4530 4523 4526
f 3114 4531 4538
f 4530 4520 4523
f 3114 4520 4531
f 3072 4512 4519
f 4473 4477 4370
f 4503 4510 4513
f 4526 3278 4530
f 4445 3054 2987
f 4538 4399 3114
f 4454 4461 4462
f 4445 2987 4434
f 4444 4435 4437
f 4394 4080 3114
f 4402 4538 3099
f 2987 4429 4434
f 4399 4394 3114
f 4519 3114 3072
f 4513 4502 4503
f 4411 3014 4429
f 4407 4411 2987
f 4407 2987 4067
f 4538 4397 4399
f 4462 4455 4454
f 4411 4429 2987
f 4067 4352 4407
f 4402 4397 4538
f 4441 4444 4437
f 4450 4455 4462
f 4464 3042 4473
f 4068 2987 4339
f 4411 4431 3014
f 4530 4531 4520
f 4444 4434 4435
f 4434 4444 4445
f 4068 4340 4341
f 4519 4520 3114
f 4339 4340 4068
f 4387 3114 4079
f 2987 4068 4067
f 3005 4342 4352
f 4352 4070 3005
f 3114 4080 4079
f 4067 4070 4352
f 3084 3088 4497
f 3003 4069 4341
f 4341 3008 3003
f 4496 4497 3088
f 4341 4069 4068
f 4464 4466 3041
f 3109 4394 4393
f 4388 4079 4082
f 4464 3041 3042
f 4082 4390 4388
f 4473 3042 4071
f 4494 4076 4075
f 4079 4388 4387
f 3005 3008 4342
f 3041 4466 4467
f 4489 4492 3081
f 4494 4496 3088
f 4467 4072 3041
f 4394 3109 4081
f 4075 3090 4494
f 4082 3105 4390
f 4071 3038 4473
f 4467 4074 4073
f 4394 4081 4080
f 4393 4391 3109
f 4391 3106 3109
f 4489 4077 3084
f 3088 4076 4494
f 4073 4072 4467
f 4470 4472 3038
f 3105 3106 4390
f 4467 3037 4074
f 4489 3081 4077
f 4470 3038 3037
f 3083 3081 4492
f 3038 4472 4473
f 4414 4415 3020
f 3018 4409 4414
f 3020 4418 4419
f 3018 4411 4409
f 3090 3083 4494
f 4415 4418 3020
f 3100 3099 4538
f 4406 4405 4403
f 4539 3097 4406
f 4411 3018 4430
f 3020 3018 4414
f 4406 4403 4539
f 4402 4541 4540
f 3014 3012 4429
f 4419 3020 3019
f 4540 3094 4402
f 4402 3099 4541
f 4430 4431 4411
f 4403 4402 4539
f 3094 4539 4402
f 4419 4422 3020
f 3097 4542 4406
f 4543 4538 4537
f 4543 4544 4538
f 4541 3099 4540
f 4539 4542 3097
f 3094 4540 3099
f 4542 4539 3092
f 3100 4544 3093
f 3093 4544 4542
f 4542 3092 3093
f 3097 4539 3094
f 4539 3097 3092
f 3100 4538 4544
f 4542 4544 4545
f 4545 4546 4542
f 4546 4545 4544
f 4544 4542 4546
f 4546 4542 4406
f 4404 4406 4542
f 4542 4547 4404
f 4548 4438 4436
f 3273 4438 4548
f 4548 4443 4439
f 4440 4439 4443
f 4439 3273 4548
f 4441 4442 4449
f 4549 4448 4449
f 4452 4551 4458
f 4452 4552 4551
f 4456 4457 4458
f 4458 4460 4456
f 4460 4458 4551
f 4553 4460 4551
f 4554 4463 4459
f 4469 4471 4467
f 3333 4471 4469
f 3334 4471 4556
f 4557 3334 4556
f 3334 4558 4470
f 4472 4470 4558
f 4558 4475 4472
f 4491 4493 4559
f 4559 3348 4492
f 4492 4491 4559
f 3348 4560 4495
f 4560 3348 4561
f 4495 4499 4494
f 4499 4495 4562
f 4505 4504 4563
f 4505 4563 4564
f 4566 4515 4508
f 4567 4566 4508
f 4566 4515 4509
f 4509 4506 4566
f 4506 4507 4508
f 4508 4515 4506
f 4515 4566 4506
f 4515 4566 4514
f 4568 4514 4566
f 4524 4521 4569
f 4523 4524 4529
f 4571 4534 3278
f 3278 4527 4528
f 4528 4571 3278
f 4527 4525 4528
f 4534 4571 4533
f 4542 4544 4543
f 4542 4543 4547
f 4403 4405 4404
f 4405 4406 4404
f 4574 4396 4395
f 4575 4392 4574
f 4396 4574 4392
f 4391 4396 4392
f 4574 4576 4575
f 4388 4390 4389
f 4475 4558 4474
f 4578 4474 4558
f 4558 4472 4578
f 4578 4577 4474
f 4577 4578 4580
f 4580 4581 4577
f 4582 4580 4578
f 4579 4584 4472
f 4472 4558 4579
f 4583 4586 4584
f 4583 4472 4584
f 4584 4587 4578
f 4584 4586 4587
f 4578 4587 4588
f 4580 4582 4588
f 4582 4578 4588
f 4472 4584 4578
f 4584 4588 4587
f 4585 4580 4588
f 4580 4585 4581
f 4585 4588 4589
f 4589 4581 4585
f 4579 4589 4584
f 4588 4584 4589
f 4589 4587 4585
f 3335 4590 4587
f 4587 4589 3335
f 4587 4590 4591
f 4591 4592 4587
f 3335 4593 3050
f 4593 4594 3049
f 4594 4595 3060
f 3060 3049 4594
f 3049 3050 4593
f 3050 4590 3335
f 3050 4592 4591
f 3050 4591 4590
f 4596 4581 4585
f 4478 4596 4585
f 4585 4477 4478
f 4477 4585 4587
f 4597 4598 4599
f 4587 4599 4477
f 4597 4600 4598
f 4598 4600 4372
f 4599 4587 4597
f 4597 4592 3050
f 4597 4587 4592
f 3050 4601 4597
f 4601 3050 3049
f 3049 4602 4601
f 3060 4602 3049
f 4372 4603 4604
f 4598 4604 4479
f 4599 4479 4478
f 4478 4477 4599
f 4479 4599 4598
f 4604 4598 4372
f 4601 4597 4602
f 4059 4603 4372
f 4062 4602 3060
f 4062 4061 4602
f 4061 4601 4602
f 4597 4061 4060
f 4597 4601 4061
f 4060 4600 4597
f 4060 4059 4600
f 4372 4600 4059
f 3341 4593 3335
f 4593 3341 4594
f 4062 4595 4594
f 4595 4062 3060
f 4605 4058 4057
f 4605 4066 4058
f 4066 4603 4058
f 4603 4059 4058
f 4065 4607 4606
f 4606 4607 4056
f 4056 4065 4606
f 4065 4056 4607
f 4056 4609 4608
f 4057 4056 4608
f 4065 4610 4609
f 4609 4056 4065
f 3073 4065 4064
f 4065 3073 4611
f 4611 4610 4065
f 4057 4608 4371
f 3073 4064 4612
f 4614 4612 4064
f 3345 4613 4614
f 4613 3345 3346
f 4371 4605 4057
f 4611 4609 4610
f 4371 4608 4609
f 4612 4614 4615
f 4614 4613 3059
f 4613 3346 4616
f 4616 3059 4613
f 3059 4615 4614
f 4615 3073 4612
f 4487 4486 4485
f 4617 4485 4618
f 4619 4618 4605
f 4605 4371 4619
f 4618 4619 4617
f 4485 4617 4487
f 4486 4487 4620
f 4620 4621 4486
f 4616 4622 3059
f 3346 4623 4624
f 4624 4616 3346
f 4624 4622 4616
f 4609 4610 3059
f 4609 4624 4617
f 4620 4487 4624
f 4615 4611 3073
f 4610 4611 4615
f 3059 4622 4609
f 4487 4617 4624
f 4609 4617 4619
f 4622 4624 4609
f 4371 4609 4619
f 4615 3059 4610
f 4620 4625 4621
f 4620 4624 4623
f 4623 4625 4620
f 4623 4626 4620
f 4623 4627 4626
f 4627 4623 3349
f 4626 4628 4620
f 4628 4629 4625
f 4620 4628 4625
f 4625 4629 4630
f 4630 4631 4625
f 4478 4581 4596
f 4604 4480 4479
f 4603 4066 4480
f 4577 4581 4474
f 4486 4485 4621
f 4581 4478 4474
f 4631 4488 4490
f 4483 4066 4605
f 4485 4483 4618
f 4621 4625 4486
f 4604 4603 4480
f 4625 4488 4486
f 4483 4605 4618
f 4474 4476 4577
f 4625 4631 4488
f 4632 4624 4626
f 4626 4627 4632
f 4559 4491 4627
f 4627 3349 4559
f 4630 4488 4631
f 4630 4491 4559
f 4559 4488 4630
f 4488 4559 4493
f 4633 4627 4632
f 4491 4633 4627
f 4624 4628 4626
f 4491 4629 4628
f 4491 4630 4629
f 4628 4624 4632
f 4632 4627 4628
f 4627 4491 4628
f 4634 4408 4353
f 4352 4634 4353
f 4353 4344 4352
f 4416 4636 4344
f 4344 4353 4416
f 4352 4408 4634
f 4408 4352 4637
f 4637 4413 4408
f 4413 4412 4410
f 4413 4410 4408
f 4635 4638 4636
f 4636 4416 4635
f 4409 4414 4413
f 4637 4409 4413
f 4414 4409 4637
f 4639 4414 4637
f 4414 4415 4420
f 4420 4413 4414
f 4420 4417 4413
f 4637 4352 4344
f 4344 4636 4637
f 4639 4637 4636
f 4638 4415 4639
f 4639 4636 4638
f 4414 4639 4415
f 4415 4638 4635
f 4635 4420 4415
f 4423 4424 4425
f 4640 4425 4424
f 4424 4427 4640
f 4427 4424 4423
f 4424 4641 4427
f 4425 4640 4642
f 4642 4433 4425
f 4642 4436 4433
f 4643 4436 4642
f 4641 4640 4427
f 3273 4642 4640
f 4640 4641 3273
f 4424 4438 3273
f 3273 4641 4424
f 4642 3273 4438
f 4438 4643 4642
f 4548 4436 4643
f 4643 4438 4548
f 4644 4549 4449
f 4449 4645 4644
f 4647 4644 4645
f 4645 4449 4442
f 4442 4441 4645
f 4645 4442 4550
f 4648 4550 4646
f 4648 4645 4550
f 4647 4649 4650
f 4650 4644 4647
f 4549 4644 4650
f 4549 4650 4651
f 4651 4650 4652
f 4652 4653 4651
f 4552 4452 4451
f 4446 4651 4653
f 4653 4451 4446
f 4653 4552 4451
f 4651 4446 4447
f 4447 4549 4651
f 4448 4549 4447
f 4650 4654 4652
f 4654 4650 4649
f 4551 4655 4648
f 4648 4646 4551
f 4652 4656 4657
f 4656 4652 4654
f 4552 4653 4656
f 4657 4656 4653
f 4652 4657 4653
f 4656 4655 4551
f 4551 4653 4656
f 4551 4552 4653
f 4645 4648 4655
f 4656 4654 3025
f 4654 4649 3461
f 3462 3461 4649
f 3460 3465 4654
f 3461 3460 4654
f 4645 3464 3462
f 3025 3030 4655
f 4649 4647 3462
f 4647 4645 3462
f 3031 3464 4645
f 3030 3463 4655
f 3465 3025 4654
f 3025 4655 4656
f 4655 3030 3031
f 3031 4645 4655
f 4551 4646 4550
f 4459 4555 4554
f 4555 4658 4554
f 4659 4658 4555
f 4555 4660 4659
f 4555 4661 3333
f 4554 4658 4659
f 4554 4659 4662
f 4662 4663 4554
f 4465 4463 4554
f 4554 4663 4465
f 3333 4664 4660
f 4660 4555 3333
f 4662 4465 4663
f 4662 4665 4465
f 4666 4465 4665
f 4665 4664 4469
f 4469 4666 4665
f 4469 4468 4666
f 4465 4666 4468
f 4664 4662 4659
f 4665 4662 4664
f 4660 4664 4659
f 3333 4469 4664
f 4500 4667 4498
f 4667 4500 4499
f 4667 4668 4498
f 4562 4668 4667
f 4667 4499 4562
f 4669 4668 4562
f 4562 4670 4669
f 4671 4565 4562
f 4673 4498 4672
f 4669 4672 4498
f 4498 4667 4669
f 4669 4667 4668
f 4673 4672 4674
f 4674 4564 4673
f 4504 4501 4563
f 4501 4498 4673
f 4564 4563 4501
f 4673 4564 4501
f 4565 4675 4670
f 4670 4562 4565
f 4676 4564 4674
f 4674 4675 4565
f 4565 4676 4674
f 4563 4565 4505
f 4563 4564 4565
f 4565 4564 4676
f 4670 4672 4669
f 4670 4674 4672
f 4670 4675 4674
f 4517 4568 4566
f 4677 4517 4566
f 4566 4678 4677
f 4680 4679 4517
f 4677 4680 4517
f 4568 4677 4517
f 4677 4681 4679
f 4679 4680 4677
f 4517 4679 4682
f 4682 4683 4517
f 4522 4683 4569
f 4569 4521 4522
f 4683 4518 4517
f 4516 4514 4568
f 4522 4518 4683
f 4568 4517 4516
f 4681 4684 4682
f 4682 4679 4681
f 4570 4685 4678
f 4678 4566 4570
f 4682 4569 4683
f 4682 4686 4569
f 4682 4684 4687
f 4687 4686 4682
f 4686 4523 4524
f 4524 4569 4686
f 4685 4688 4678
f 4687 4684 3466
f 3471 3152 4688
f 3157 4681 4677
f 4688 4687 3466
f 4678 4688 3152
f 4684 4681 3467
f 3157 4677 4678
f 4688 3466 3471
f 4681 3468 3467
f 3152 3469 4678
f 3467 3466 4684
f 4681 3157 3470
f 3154 3157 4678
f 3470 3468 4681
f 3469 3154 4678
f 4685 4523 4688
f 4523 4686 4687
f 4688 4523 4687
f 4570 4529 4523
f 4523 4685 4570
f 4571 4534 4689
f 4689 4533 4571
f 4690 4689 4534
f 4534 3278 4690
f 4535 4533 4690
f 4533 4689 4690
f 4535 4690 4691
f 4691 4537 4535
f 3278 4545 4691
f 4545 3278 4692
f 4691 4690 3278
f 4572 4692 3278
f 3278 4534 4572
f 4691 4545 4572
f 4572 4537 4691
f 4537 4572 4543
f 4572 4543 4545
f 4545 4692 4572
f 4400 4404 4573
f 4693 4400 4573
f 4573 4403 4693
f 4695 4403 4573
f 4573 4694 4695
f 4693 4696 4397
f 4693 4402 4397
f 4397 4696 4400
f 4400 4693 4397
f 4400 4696 4393
f 4393 4395 4400
f 4395 4398 4400
f 4398 4401 4400
f 4576 4697 4695
f 4695 4694 4576
f 4698 4395 4393
f 4393 4699 4574
f 4574 4698 4393
f 4574 4395 4698
f 4393 4695 4697
f 4393 4697 4699
f 4393 4693 4403
f 4696 4693 4393
f 4403 4695 4393
f 4576 4574 4699
f 4699 4697 4576
f 4389 3350 4700
f 4700 4386 4389
f 3350 4701 4700
f 4702 4700 4701
f 4701 3112 4702
f 4701 3350 4703
f 4384 4707 4708
f 4708 4385 4384
f 4707 4700 4702
f 4384 4385 4709
f 4709 4381 4384
f 4702 4708 4707
f 3351 4710 4709
f 4711 4708 4702
f 4711 4712 4385
f 4712 3351 4709
f 4385 4708 4711
f 4709 4385 4712
f 4702 3112 4711
f 4711 4703 4704
f 4704 4712 4711
f 4704 4705 4712
f 3112 4701 4703
f 4703 4711 3112
f 3351 4712 4705
f 4705 4706 3351
f 4713 4381 4709
f 4709 3351 4706
f 4706 4713 4709
f 4715 4713 4706
f 4713 4715 4381
f 4381 4715 3886
f 4709 4715 4706
f 4706 4716 4709
f 4706 4714 4716
f 3358 4717 4718
f 3886 4709 3883
f 3886 4715 4709
f 3887 4721 4722
f 4721 3886 3883
f 3883 4722 4721
f 4722 3888 3887
f 3889 3890 3892
f 3892 3891 3889
f 4724 4720 4719
f 4718 4725 4726
f 4726 4719 4718
f 4720 4724 4716
f 4717 4727 4725
f 4725 4718 4717
f 4716 4714 4720
f 4719 4726 4724
f 4717 3894 3893
f 3893 4727 4717
f 3892 3893 4723
f 4724 4722 4709
f 4709 4716 4724
f 4709 4722 3883
f 3890 4727 3893
f 4726 4725 3888
f 4722 4724 4726
f 3890 3888 4725
f 3888 4722 4726
f 3892 3890 3893
f 4725 4727 3890
f 3892 4723 3891
f 4723 3893 3894
f 3894 3891 4723
f 3894 4717 3358
f 3358 3898 3894
f 4730 3284 3285
f 3285 4731 4730
f 4728 4732 4729
f 4734 3293 4732
f 4733 3297 4728
f 3293 4735 4732
f 4734 3285 3293
f 3297 4737 4736
f 4733 4737 3297
f 3297 3284 4738
f 4734 4731 3285
f 4732 4728 4734
f 4728 4729 4733
f 3284 4730 4739
f 4736 4735 3293
f 4736 3293 3297
f 4739 4738 3284
f 4738 4728 3297
f 4733 4729 4741
f 4729 4740 4741
f 4733 4741 4742
f 4742 4737 4733
f 4737 4742 4743
f 4743 4736 4737
f 4743 4735 4736
f 4732 4735 4744
f 4744 4745 4732
f 4732 4745 4740
f 4740 4729 4732
f 4743 4744 4735
f 4739 4730 4746
f 4738 4739 4747
f 4728 4738 4749
f 4738 4748 4749
f 4747 4748 4738
f 4746 4747 4739
f 4728 4749 4750
f 4750 4734 4728
f 4731 4734 4750
f 4750 4751 4731
f 4731 4751 4752
f 4730 4731 4751
f 4751 4746 4730
f 4752 4751 4750
f 4752 4750 4753
f 4752 4753 4754
f 4750 4755 4753
f 4746 4754 4756
f 4747 4746 4756
f 4751 4752 4754
f 4757 4749 4748
f 4746 4751 4754
f 4750 4749 4755
f 4749 4757 4755
f 4747 4756 4758
f 4748 4758 4757
f 4748 4747 4758
f 4759 4760 4753
f 4753 4755 4759
f 4760 4761 4754
f 4754 4753 4760
f 4759 4755 4757
f 4757 4762 4759
f 4761 4763 4756
f 4756 4754 4761
f 4762 4757 4758
f 4758 4764 4762
f 4764 4758 4756
f 4756 4763 4764
f 4745 4765 4766
f 4745 4744 4765
f 4744 4767 4765
f 4740 4766 4768
f 4741 4740 4768
f 4769 4743 4742
f 4740 4745 4766
f 4742 4741 4770
f 4744 4743 4767
f 4743 4769 4767
f 4741 4768 4770
f 4742 4770 4769
f 4771 4772 4766
f 4766 4765 4771
f 4773 4768 4766
f 4766 4772 4773
f 4775 4771 4765
f 4765 4767 4775
f 4773 4774 4768
f 4773 4777 4774
f 4768 4774 4770
f 4767 4776 4778
f 4778 4775 4767
f 4776 4767 4769
f 4779 4770 4774
f 4774 4777 4779
f 4778 4776 4769
f 4769 4780 4778
f 4780 4769 4770
f 4770 4779 4780
f 4762 4773 4772
f 4772 4759 4762
f 4760 4772 4771
f 3645 4780 4779
f 4771 3584 4760
f 3645 4778 4780
f 3584 4771 4775
f 4760 4759 4772
f 3583 4761 4760
f 3619 4763 4761
f 4778 3645 3584
f 4761 3583 3619
f 4764 3619 4773
f 4779 4777 3619
f 4764 4763 3619
f 4775 4778 3584
f 4762 4764 4773
f 4777 4773 3619
f 4760 3584 3583
f 3619 3645 4779
f 4781 4049 4048
f 4049 4781 4782
f 4783 4048 4054
f 4048 4783 4781
f 4050 4782 4784
f 4051 4050 4784
f 4052 4051 4784
f 4785 4054 4053
f 4050 4049 4782
f 4054 4785 4783
f 4052 4784 4055
f 4053 4055 4785
f 4786 4785 4055
f 4055 4787 4786
f 4787 4055 4784
f 4784 4788 4787
f 4786 4789 4783
f 4783 4785 4786
f 4788 4784 4782
f 4782 4790 4788
f 4789 4791 4781
f 4781 4783 4789
f 4791 4790 4782
f 4782 4781 4791
f 4042 4047 4792
f 4042 4792 4793
f 4047 4794 4792
f 4043 4793 4795
f 4044 4043 4795
f 4796 4046 4045
f 4794 4047 4046
f 4043 4042 4793
f 4045 4044 4797
f 4046 4796 4794
f 4044 4795 4797
f 4045 4797 4796
f 4792 4798 4793
f 4799 4800 4798
f 4798 4792 4799
f 4793 4798 4800
f 4800 4801 4793
f 4802 4799 4792
f 4792 4794 4802
f 4801 4803 4795
f 4795 4793 4801
f 4796 4804 4794
f 4805 4802 4794
f 4794 4804 4805
f 4806 4804 4796
f 4806 4805 4804
f 4807 4797 4795
f 4795 4803 4807
f 4791 4800 4799
f 3658 4790 4791
f 3658 4788 4790
f 4786 4803 4801
f 4799 3650 4791
f 4791 4789 4800
f 4788 3658 3582
f 4801 4789 4786
f 4787 3582 4803
f 4807 4803 3582
f 4806 4807 3585
f 3650 4802 4805
f 3650 4799 4802
f 3585 4805 4806
f 4805 3585 3650
f 3582 4787 4788
f 4786 4787 4803
f 4801 4800 4789
f 4791 3650 3658
f 4807 3582 3585
f 4806 4796 4797
f 4797 4807 4806
f 4809 4810 3555
f 4810 4811 3557
f 4811 4812 3558
f 3552 4813 4808
f 4812 3561 3558
f 4812 4813 3551
f 4810 3560 3555
f 4811 3558 3557
f 4812 3551 3561
f 3553 3552 4808
f 4809 3555 3553
f 3553 4808 4809
f 3557 3560 4810
f 3552 3551 4813
f 4814 4810 4809
f 4809 4815 4814
f 4814 4816 4811
f 4811 4810 4814
f 3388 4815 4809
f 4809 4808 3388
f 4816 3381 4812
f 4812 4811 4816
f 3388 4808 4813
f 4813 3384 3388
f 3381 3384 4813
f 4813 4812 3381
f 582 578 559
f 582 559 560
f 588 582 562
f 579 580 555
f 555 559 578
f 586 585 552
f 580 579 586
f 585 563 552
f 585 588 583
f 555 578 579
f 583 563 585
f 4818 588 585
f 585 3417 4818
f 4819 582 588
f 588 4818 4819
f 3414 3417 585
f 585 586 3414
f 4820 578 582
f 582 4819 4820
f 3414 586 579
f 579 3411 3414
f 4820 3411 579
f 579 578 4820
f 3415 3417 3414
f 3414 3412 3413
f 3417 3418 3419
f 3412 3414 3411
f 3415 3416 3417
f 3381 4816 3379
f 3384 3381 3383
f 3411 3408 3409
f 3419 4818 3417
f 3379 3380 3381
f 3409 3410 3411
f 3419 3405 4818
f 3381 3382 3383
f 4816 3378 3379
f 3388 3384 3386
f 4815 3388 3389
f 3386 3387 3388
f 3389 3390 4815
f 3385 3386 3384
f 3411 4820 3408
f 3390 3375 4815
f 3845 4309 3846
f 3848 3846 4309
f 3430 3866 3429
f 3786 3440 3441
f 3858 3437 3438
f 4816 3392 3378
f 3866 3863 3428
f 3860 3442 3444
f 3438 3440 3786
f 3437 3858 3435
f 3375 4814 4815
f 3880 4819 4818
f 3408 3880 3878
f 3873 3433 3423
f 3428 3429 3866
f 3442 3860 3441
f 3846 3854 3375
f 3392 4816 4355
f 3391 3392 4355
f 3394 3393 4357
f 4818 3405 3880
f 3432 3869 3431
f 3428 3863 3427
f 3445 3861 3444
f 3377 3846 3375
f 3375 3854 4814
f 3394 4368 3401
f 3444 3861 3860
f 3400 4363 3399
f 4381 3886 4382
f 3420 3878 3421
f 3432 3433 3873
f 3391 4357 3393
f 3886 3880 4382
f 3402 4374 3403
f 3403 4374 3404
f 4721 3878 3886
f 3420 3408 3878
f 3430 3431 3869
f 3400 3401 4368
f 4383 4386 4700
f 4349 4320 4329
f 4332 4345 4329
f 4345 4332 4334
f 4816 4814 3854
f 3405 3404 4376
f 4334 4337 4345
f 3878 4721 3887
f 3375 3376 3377
f 4359 3397 3398
f 4384 4383 4707
f 3397 4359 3402
f 4376 3880 3405
f 4700 4707 4383
f 3398 3399 4363
f 4320 3854 3848
f 3854 4355 4816
f 4349 3854 4320
f 3880 3408 4820
f 4820 4819 3880
f 3540 4821 3230
f 3539 4221 4822
f 3539 2896 4221
f 2905 2901 4825
f 4824 4823 3540
f 3540 2910 4824
f 4822 4825 2901
f 3230 2906 3540
f 2901 3539 4822
f 3540 4823 4821
f 4825 4824 2905
f 2896 3493 4221
f 4824 2910 2905
f 3493 2906 3230
f 3230 4221 3493
f 4827 4823 4826
f 4826 4823 4824
f 4826 4828 4827
f 4830 4825 4822
f 4822 3629 4830
f 4831 4220 4221
f 4221 3230 4831
f 4825 4829 4824
f 4832 4824 4829
f 4829 4830 4832
f 4821 4827 4828
f 4823 4827 4821
f 4833 4821 4828
f 4828 4834 4833
f 4824 4832 4834
f 4826 4824 4834
f 4834 4828 4826
f 4832 4830 4836
f 3449 4836 4830
f 4829 4825 4830
f 3629 4822 4221
f 4220 3629 4221
f 4220 4831 4229
f 3230 4833 4831
f 4833 3230 4821
f 4834 4835 4833
f 3232 4837 3533
f 3533 2915 3232
f 3535 4838 4032
f 2922 3533 4841
f 4841 4839 2922
f 2915 3484 3232
f 3533 4837 4841
f 4840 4838 3535
f 3535 3534 4840
f 4839 4840 2921
f 4840 3534 2921
f 3485 2914 4032
f 3484 3485 3232
f 2914 2918 4032
f 2921 2922 4839
f 2918 3535 4032
f 4032 3232 3485
f 4843 4842 4841
f 4843 4844 4842
f 4841 4842 4839
f 4846 3677 4838
f 4838 4840 4846
f 4839 4845 4840
f 4846 4845 4839
f 4839 4847 4846
f 4848 3232 4032
f 4032 4034 4848
f 4843 4841 4837
f 4837 4844 4843
f 4848 4849 4844
f 4844 4837 4848
f 4032 3677 4034
f 4032 4838 3677
f 4035 4848 4034
f 4848 4837 3232
f 4848 4850 4849
f 4839 4849 4847
f 4842 4844 4849
f 4839 4842 4849
f 4846 4847 4849
f 4846 4849 4851
f 4851 3453 4846
f 4840 4845 4846
f 3349 3348 4559
f 3344 4614 4064
f 3345 4623 3346
f 4623 3346 3349
f 4614 3344 3345
f 4064 3343 3344
f 3448 3447 3591
f 4556 3333 3334
f 4556 4471 3333
f 3334 4589 4579
f 4589 3334 3335
f 3341 3342 4594
f 3342 3343 4062
f 4579 4558 3334
f 4062 4594 3342
f 3343 4063 4062
f 3323 3821 4087
f 3323 4099 4097
f 3323 3837 4099
f 3324 3328 4316
f 3333 4550 4443
f 4087 4085 3323
f 3821 4086 4087
f 3837 4098 4099
f 3332 4424 4421
f 4443 4438 3333
f 4852 3804 3802
f 4852 4250 4249
f 3328 3329 4318
f 3330 3331 4326
f 4443 4548 4438
f 4249 3804 4852
f 3315 4852 3314
f 3315 3316 4283
f 4097 3821 3323
f 3328 4317 4316
f 3329 4319 4318
f 4326 4325 3330
f 4327 3331 3332
f 4635 3332 4417
f 4551 4550 3333
f 4661 4460 3333
f 3740 4852 3738
f 4852 3315 4250
f 3804 3803 3801
f 3317 3318 4284
f 3836 4098 3837
f 4318 4317 3328
f 4327 4326 3331
f 4421 4417 3332
f 4460 4551 3333
f 4852 4230 3314
f 3743 3738 4852
f 4282 3318 3319
f 3320 4292 4285
f 3320 3321 4291
f 3322 4289 4290
f 3323 4293 4289
f 4097 3822 3821
f 4343 3332 4416
f 4635 4416 3332
f 4424 4423 4421
f 4417 4420 4635
f 3332 4438 4424
f 3740 4230 4852
f 3802 3743 4852
f 3801 3802 3804
f 3316 4278 4283
f 4282 4284 3318
f 4291 4292 3320
f 4289 3322 3323
f 3806 3323 3820
f 4306 3323 3324
f 4325 4322 3330
f 4343 4338 3332
f 4416 4350 4343
f 4459 4661 4555
f 4438 3332 3333
f 4278 3316 3317
f 3806 3800 3323
f 4085 3820 3323
f 4319 3329 4322
f 4442 4443 4550
f 4853 3314 3737
f 4290 3321 3322
f 4322 3329 3330
f 4459 4460 4661
f 4285 3319 3320
f 3314 4853 4852
f 3452 3314 4854
f 3323 3800 4293
f 4306 3837 3323
f 4097 3835 3822
f 3314 4852 4854
f 4833 3737 3736
f 3736 4831 4833
f 3736 3737 3735
f 4831 3736 4229
f 3451 3452 4834
f 4834 4832 3451
f 3449 3451 4836
f 4855 3447 3449
f 4855 3590 3447
f 4830 4855 3449
f 3607 3600 4857
f 3600 3596 4857
f 4857 3629 3607
f 4830 3629 4858
f 3612 3629 3615
f 3629 3614 3607
f 3629 3613 3614
f 4858 4856 4830
f 3629 3612 3613
f 3358 4109 3901
f 3901 3898 3358
f 3373 4140 4141
f 3350 3354 4703
f 3355 4705 4704
f 3357 4719 4720
f 3359 3366 4183
f 3366 3367 4182
f 3354 4704 4703
f 3355 4706 4705
f 4720 3356 3357
f 4718 3357 3358
f 4182 4183 3366
f 3368 4180 4181
f 3368 3369 4176
f 3371 3372 4170
f 4175 3372 3373
f 3350 4389 4392
f 4704 3354 3355
f 4718 4719 3357
f 4110 3359 3917
f 4176 4180 3368
f 3369 3370 4172
f 4175 4170 3372
f 3350 4572 4534
f 4720 4714 3356
f 4181 3367 3368
f 3370 4174 4172
f 3348 4570 4508
f 4570 3350 4529
f 3350 4694 4547
f 4392 4576 3350
f 3355 4714 4706
f 3359 4124 3917
f 3935 4125 3359
f 4174 3370 3371
f 4570 4566 4508
f 4547 4572 3350
f 3899 4109 4108
f 4125 4124 3359
f 3938 3935 3934
f 4183 4185 3359
f 4508 4505 3348
f 4534 4529 3350
f 4576 4694 3350
f 4714 3355 3356
f 3921 3917 3915
f 4570 3348 3350
f 4392 4575 4576
f 3899 3901 4109
f 3358 4110 4109
f 3374 3717 3992
f 3374 4214 4037
f 4547 4543 4572
f 4110 3358 3359
f 3920 3917 4124
f 4037 3717 3374
f 3918 4124 4123
f 4528 4529 4534
f 4404 4547 4694
f 3938 4125 3935
f 4040 4039 4041
f 4404 4694 4573
f 3921 4110 3917
f 3373 3992 4204
f 3992 3373 3374
f 3692 4848 4023
f 4035 4023 4848
f 3348 4505 4671
f 3918 3920 4124
f 3373 4039 4140
f 4204 4041 3373
f 4849 4860 3374
f 3692 3374 4861
f 4039 3373 4041
f 4671 4562 3348
f 4571 4528 4534
f 4560 3348 4562
f 4562 4495 4560
f 3374 4860 4859
f 3454 4851 4849
f 4859 4861 3374
f 4565 4671 4505
f 4861 4848 3692
f 4849 3374 3454
f 4005 4018 4004
f 4004 4018 4862
f 4007 4004 4862
f 3455 3457 3993
f 3457 3994 3993
f 4846 3455 4863
f 4846 3453 3455
f 4017 3679 3677
f 4846 4864 4865
f 3677 4019 4020
f 4865 3677 4846
f 4016 3677 4018
f 4020 4017 3677
f 4016 4019 3677
f 4851 3454 3453
f 3590 3591 3447
f 4832 4836 3451
f 4064 4063 3343
f 3994 3457 3456
f 3590 4855 4867
f 4867 4868 3594
f 3594 3590 4867
f 4858 4869 4829
f 4829 4830 4858
f 3590 4857 3602
f 4857 3596 3602
f 3590 3594 4870
f 4870 4857 3590
f 4857 4858 3629
f 4857 4870 4869
f 4869 4858 4857
f 4833 4853 3737
f 4833 4223 4871
f 4871 4853 4833
f 4854 4866 4834
f 4854 4834 3452
f 4834 4866 4872
f 4872 4828 4834
f 4835 4828 4873
f 4873 4833 4835
f 4849 4844 4874
f 4874 4860 4849
f 4848 4861 4875
f 4875 4028 4848
f 4850 4848 4876
f 4876 4844 4850
f 4846 4845 4877
f 4877 4865 4846
f 3455 3993 4863
f 3993 4878 4879
f 4879 4863 3993
f 4862 3677 4865
f 3677 4862 4018
f 4865 4877 4880
f 4880 4862 4865
f 4007 4862 3993
f 4862 4880 3997
f 3997 3993 4862
f 4869 4881 4825
f 4869 4825 4829
f 4882 4868 4855
f 4855 4829 4882
f 4829 4855 4830
f 4867 4855 4868
f 4829 4868 4882
f 4829 4825 4881
f 4881 4883 4829
f 4868 4829 4883
f 4884 3594 4868
f 4869 4868 4883
f 4881 4869 4883
f 4868 4869 4870
f 4870 4884 4868
f 4870 3594 4884
f 4872 4854 4852
f 4871 4872 4852
f 4871 4852 4853
f 4866 4854 4872
f 4835 4834 4828
f 4828 4821 4873
f 4828 4223 4821
f 4828 4871 4223
f 4871 4828 4872
f 4833 4873 4821
f 4821 4223 4833
f 4880 4885 3997
f 3997 4878 3993
f 4877 4845 4840
f 4879 4877 4840
f 4845 4886 4879
f 4840 4845 4879
f 4885 4880 4877
f 4879 4885 4877
f 4886 4845 4846
f 4846 4863 4886
f 4879 4886 4863
f 4878 3997 4879
f 3997 4885 4879
f 4848 4028 4837
f 4837 4876 4848
f 4844 4849 4850
f 4844 4028 4875
f 4876 4837 4028
f 4875 4874 4844
f 4028 4844 4876
f 4874 4859 4860
f 4859 4874 4875
f 4861 4859 4875
f 4888 4889 4887
f 714 4890 4889
f 4889 4888 714
f 4890 714 718
f 718 720 716
f 718 716 4890
f 720 718 4891
f 4892 4893 4891
f 4894 4893 4892
f 4897 4896 4892
f 4892 4891 4897
f 4896 4897 4895
f 4898 4893 4899
f 4893 4894 4891
f 4894 4899 4893
f 714 715 4891
f 715 714 4888
f 4888 4900 715
f 4891 718 714
f 4890 715 4900
f 4887 4889 4900
f 4900 4889 4890
f 715 720 4891
f 4890 716 715
f 716 720 715
f 4887 4900 4888
f 4887 4901 4902
f 4897 4891 4887
f 4902 4895 4887
f 4887 4903 4901
f 4891 4893 4887
f 4887 4898 4903
f 4887 4895 4897
f 4893 4898 4887
f 4896 4894 4892
f 4904 4896 4905
f 4904 4899 4896
f 4896 4899 4894
f 4904 4905 4901
f 4895 4902 4896
f 4905 4896 4902
f 4905 4902 4901
f 4904 4901 4903
f 4899 4903 4898
f 4903 4899 4904
f 4907 4913 4906
f 3072 4914 4915
f 4361 4915 4916
f 4481 4917 4918
f 4369 4918 4919
f 4920 4917 4908
f 4917 4909 4908
f 4917 4910 4909
f 4917 4481 4910
f 4912 4922 4921
f 4912 4911 4923
f 4912 4923 4922
f 4911 4910 4923
f 4924 4925 4481
f 4924 4481 4482
f 4925 4923 4481
f 4923 4910 4481
f 4482 4926 4924
f 4484 4927 4926
f 4926 4482 4484
f 4921 4913 4912
f 4921 4928 4906
f 4921 4906 4913
f 4927 4916 4906
f 4928 4927 4906
f 4927 4484 4916
f 4916 4908 4907
f 4916 4920 4908
f 4907 4906 4916
f 4919 3054 4369
f 4918 4369 4481
f 4916 4484 4361
f 4915 4361 3072
f 4366 4369 4918
f 4361 4362 4916
f 4482 4366 4924
f 4366 4925 4924
f 4366 4923 4925
f 4366 4917 4923
f 4921 4911 4912
f 4921 4922 4911
f 4922 4923 4911
f 4917 4910 4911
f 4911 4923 4917
f 4920 4907 4908
f 4916 4913 4907
f 4907 4920 4916
f 4912 4928 4921
f 4912 4927 4928
f 4912 4913 4927
f 4916 4362 4927
f 4362 4924 4926
f 4362 4482 4924
f 4926 4927 4362
f 4913 4916 4927
f 4918 4917 4366
f 4919 4936 4933
f 4919 4934 4937
f 4919 4935 4941
f 4933 4942 4919
f 4936 4919 4937
f 4937 4929 4930
f 4919 4938 4934
f 4938 4919 4939
f 4939 4940 4932
f 4941 4939 4919
f 4935 4919 3054
f 3054 2987 4935
f 2987 4944 4943
f 4945 4919 4942
f 4942 4946 4945
f 4937 4930 4936
f 4939 4932 4938
f 4940 4931 4932
f 2987 4943 4935
f 4929 4947 4930
f 4941 3054 4919
f 4919 4940 4939
f 4940 4919 4934
f 4934 4938 4940
f 4919 4929 4937
f 4933 4936 4929
f 4929 4919 4933
f 4919 4945 4946
f 4946 4942 4919
f 3054 4941 4935
f 4938 4932 4940
f 4936 4930 4929
f 4949 4944 4931
f 4944 4949 4943
f 4931 4948 4949
f 4950 4951 4952
f 4952 4930 4950
f 4954 4932 4947
f 4947 4953 4954
f 4955 4347 4346
f 2266 2264 4348
f 4347 4955 2266
f 4956 4951 4950
f 4346 4952 4951
f 4346 4930 4952
f 4951 4956 4346
f 4930 4346 4953
f 4346 4954 4953
f 4932 4954 4346
f 4950 4946 4956
f 4930 4953 4947
f 4948 4931 4932
f 4346 4949 4948
f 4948 4932 4346
f 4346 4943 4949
f 4346 2987 4943
f 4946 4945 4956
f 4348 4347 2266
f 4346 4956 4955
f 4957 4956 2986
f 4931 4944 2986
f 4931 2986 4932
f 2986 4930 4947
f 4947 4932 2986
f 2986 4950 4930
f 4950 2986 4956
f 4944 2987 2986
f 2266 4957 4347
f 2986 4347 4957
f 4955 4957 2266
f 4957 4955 4956
f 4959 4960 4961
f 2241 4961 4960
f 2987 4346 2986
f 4481 4366 4482
f 4366 4481 4369
f 3115 4377 3114
f 4484 4362 4361
f 4362 4484 4482
f 4375 4960 4959
f 4379 2240 2241
f 2241 4375 4379
f 4377 4963 4964
f 4377 4966 4967
f 4967 4965 4377
f 4965 4963 4377
f 4968 4967 4966
f 4964 4962 4377
f 4377 4969 4966
f 4970 4969 4377
f 4970 4377 4959
f 4971 4970 4959
f 4971 4974 4972
f 4971 4975 4974
f 4971 4959 4975
f 4976 4975 4959
f 4959 4977 4976
f 4973 4971 4972
f 4959 4958 4977
f 4962 3114 4377
f 2241 4960 4375
f 4959 4377 4375
f 4375 3115 4959
f 4968 4966 4970
f 4971 4976 4975
f 4972 4976 4971
f 4959 4968 4970
f 4959 4967 4968
f 4959 3115 4967
f 3115 4964 4963
f 4963 4967 3115
f 3115 3114 4964
f 4375 4961 2241
f 4959 4961 4375
f 4978 4968 4966
f 4980 4981 4973
f 3072 3114 4962
f 4966 4979 4978
f 4982 4986 4983
f 3072 4984 4986
f 4972 4980 4973
f 4981 4985 4973
f 4985 4981 4914
f 4914 4982 4985
f 4914 3072 4982
f 4983 4978 4982
f 4986 4982 3072
f 4962 4984 3072
f 4958 4987 4977
f 4987 4958 4914
f 4914 4981 4987
f 4979 4982 4978
f 3072 4983 4984
f 4979 4983 4914
f 4985 4981 4980
f 3114 4962 4964
f 4984 3114 3072
f 4983 3072 4914
f 4978 4983 4966
f 3114 4984 4962
f 4983 4979 4966
f 4973 4985 4972
f 4982 4979 4914
f 4985 4980 4972
f 4984 4983 4986
f 4963 4965 4964
f 4967 4963 4965
f 4974 4975 4976
f 4976 4972 4974
f 4970 4966 4969
f 4989 4990 4988
f 920 919 4989
f 919 920 918
f 919 918 922
f 4991 4992 922
f 4993 4991 4994
f 4991 4993 4992
f 4997 4996 4995
f 4995 4993 4997
f 4994 4995 4991
f 4998 4995 4991
f 918 919 4998
f 4998 4991 918
f 920 4999 919
f 920 4989 4988
f 4991 922 918
f 4999 4989 919
f 4992 4993 4995
f 919 922 4992
f 4995 4998 4992
f 4989 4999 4990
f 4992 4998 919
f 4988 4990 920
f 4990 4999 920
f 4995 4996 5000
f 5000 5001 4995
f 4991 5002 5003
f 5003 4994 4991
f 4988 4991 4995
f 4988 5001 5002
f 5002 4991 4988
f 4988 4995 5001
f 5003 4993 4994
f 5003 4996 4997
f 4997 4993 5003
f 5003 5000 4996
f 5002 5001 5000
f 5000 5003 5002
f 5005 5006 5004
f 683 675 5006
f 5006 5005 683
f 675 683 682
f 672 682 671
f 682 672 675
f 672 671 5007
f 5008 5007 5009
f 5009 5010 5008
f 5009 5012 5010
f 5007 5010 5009
f 5012 5009 5011
f 5013 5015 5014
f 5015 5007 5008
f 5008 5014 5015
f 676 675 5007
f 675 676 5016
f 5016 5006 675
f 683 5005 5016
f 5016 676 683
f 5016 5005 5004
f 5007 671 676
f 676 682 683
f 676 671 682
f 675 672 5007
f 5004 5006 5016
f 5004 5007 5015
f 5018 5017 5004
f 5015 5013 5004
f 5004 5009 5007
f 5017 5019 5004
f 5004 5011 5009
f 5004 5013 5018
f 5019 5011 5004
f 5012 5008 5010
f 5012 5014 5008
f 5020 5014 5012
f 5020 5012 5021
f 5020 5021 5017
f 5011 5019 5012
f 5019 5017 5021
f 5021 5012 5019
f 5017 5018 5020
f 5018 5014 5020
f 5014 5018 5013
f 5027 5028 5030
f 1056 5025 1059
f 5026 1056 1059
f 1059 5025 5024
f 5031 5032 5030
f 5029 5033 5034
f 5022 5027 5030
f 5022 5032 5035
f 5022 5029 5027
f 5022 5035 5033
f 5033 5029 5022
f 5022 5030 5032
f 5031 5034 5036
f 5030 5028 5034
f 5027 5029 5034
f 5034 5028 5027
f 5034 5031 5030
f 5035 5032 5036
f 5036 5034 5033
f 5036 5033 5035
f 5031 5036 5032
f 5037 5038 892
f 892 5039 5037
f 5040 892 5041
f 892 5040 5039
f 5040 892 896
f 897 5042 898
f 898 894 897
f 5042 897 896
f 5043 5044 894
f 894 898 5043
f 5045 5049 5037
f 5049 5048 5037
f 5046 5037 5047
f 5045 5037 5043
f 5050 5037 5043
f 5046 5045 5037
f 898 894 5050
f 5050 5043 898
f 896 897 898
f 898 5042 896
f 896 1910 5040
f 5037 5039 1910
f 5044 5043 5037
f 5039 5040 1910
f 5037 5050 5044
f 5044 5050 894
f 5037 1910 892
f 1910 896 892
f 5048 5051 5037
f 5047 5038 5052
f 5052 5046 5047
f 5051 5053 5038
f 5051 5038 5037
f 5047 5037 5038
f 5052 5045 5046
f 5052 5049 5045
f 5052 5048 5049
f 5038 5053 5052
f 5053 5051 5052
f 5048 5052 5051
f 5055 5056 5054
f 1044 1042 5056
f 1044 1049 1037
f 1044 1037 1042
f 5057 5058 1049
f 5058 5057 5059
f 5059 5060 5058
f 5061 5062 5063
f 5063 5059 5061
f 5061 5060 5058
f 5061 5064 5058
f 1044 1037 5058
f 5058 5064 1044
f 1042 1044 5065
f 1043 5056 5055
f 1044 5056 5065
f 1043 5065 5056
f 5057 5064 5061
f 1044 5064 5057
f 5061 5059 5057
f 5057 1049 1044
f 5054 5056 1042
f 1037 1049 5058
f 5054 1042 5055
f 1043 5055 1042
f 5065 1043 1042
f 5058 5060 5066
f 5066 5067 5058
f 5061 5068 5069
f 5069 5062 5061
f 5054 5061 5058
f 5054 5067 5068
f 5068 5061 5054
f 5054 5058 5067
f 5069 5060 5059
f 5069 5059 5063
f 5063 5062 5069
f 5069 5066 5060
f 5068 5067 5066
f 5066 5069 5068
f 5073 4951 4952
f 5074 5073 5075
f 5076 5074 5077
f 5076 5070 5071
f 5075 5077 5074
f 4952 5075 5073
f 4951 4950 4930
f 4930 4952 4951
f 5078 4930 4950
f 5079 5080 5078
f 5078 4950 5079
f 5083 5081 5082
f 5085 5083 5084
f 5085 5080 5079
f 5082 5084 5083
f 5082 5081 5086
f 5070 5087 5088
f 5089 4930 5078
f 5078 5080 5089
f 5090 5087 5070
f 5091 5077 5075
f 5092 5090 5070
f 5093 5082 5086
f 4952 4930 5075
f 5095 5092 5076
f 5082 5093 5094
f 5091 5095 5077
f 5070 5076 5092
f 5076 5077 5095
f 5086 5096 5093
f 5097 5070 5072
f 5097 5071 5070
f 4950 4951 4946
f 5098 5076 5071
f 5099 5100 5073
f 5100 4946 4951
f 5071 5097 5098
f 5101 5074 5076
f 5074 5101 5099
f 5076 5098 5101
f 4951 5073 5100
f 5081 5083 5102
f 5081 5103 5086
f 5073 5074 5099
f 5072 5088 5087
f 5097 5087 5090
f 5087 5097 5072
f 5103 5081 5093
f 5093 5096 5103
f 5079 5089 5080
f 5102 5084 5082
f 5081 5082 5094
f 5081 5094 5093
f 5082 5081 5102
f 5084 5102 5083
f 5089 5079 4950
f 4950 4930 5089
f 5097 5090 5092
f 5098 5092 5095
f 5101 5095 5091
f 5099 5091 5075
f 5100 5075 4930
f 4930 4946 5100
f 5075 5100 5099
f 5091 5099 5101
f 5095 5101 5098
f 5092 5098 5097
f 4930 4950 4946
f 5105 5104 5088
f 5088 5072 5108
f 5108 5105 5088
f 5107 5072 5070
f 5088 5106 5070
f 5086 5110 5109
f 5096 5111 5103
f 5103 5110 5086
f 5111 5096 5086
f 5086 5109 5111
f 5107 5070 5109
f 5109 5110 5107
f 5106 5088 5111
f 5111 5109 5106
f 5104 5105 5103
f 5103 5111 5104
f 5107 5110 5103
f 5103 5072 5107
f 5105 5108 5103
f 5103 5108 5072
f 5111 5088 5104
f 5070 5106 5109
f 1520 5112 687
f 687 685 1520
f 685 687 5113
f 5113 5114 685
f 5115 5116 5114
f 5114 5113 5115
f 5116 5115 1050
f 1050 1052 5116
f 5117 1052 1050
f 1050 5118 5117
f 5117 5118 5119
f 5119 1519 5117
f 5119 5120 5121
f 5120 1519 5119
f 5120 5122 1519
f 1055 1052 1050
f 1050 1054 1055
f 1055 1054 5113
f 5113 5114 1055
f 5113 1054 5115
f 1050 5115 1054
f 5116 1055 5114
f 1055 5116 1052
f 5123 5124 1519
f 5121 5125 5126
f 5112 5124 5127
f 5124 5112 1520
f 5119 1519 1520
f 5112 5127 5125
f 1520 5112 5119
f 5121 5119 5112
f 1519 5124 1520
f 5112 5125 5121
f 5121 5122 5120
f 5123 5126 5128
f 1519 5122 5121
f 5123 1519 5121
f 5121 5126 5123
f 5127 5124 5128
f 5128 5126 5125
f 5125 5127 5128
f 5123 5128 5124
f 5131 5133 5132
f 5164 1106 1105
f 5165 1101 1100
f 1098 5166 1073
f 5166 5167 634
f 5167 1075 634
f 5137 1078 1075
f 1075 5167 5137
f 5166 634 1073
f 641 1078 5137
f 5166 1098 1097
f 1095 5168 657
f 5169 1097 656
f 5168 656 657
f 656 5168 5169
f 1095 665 664
f 5168 1095 1094
f 1083 1085 5138
f 1085 544 5138
f 1083 5138 5170
f 5170 538 1083
f 538 5170 5171
f 5171 1082 538
f 1082 5171 1094
f 821 1715 5172
f 5173 5172 5164
f 5174 5164 5175
f 5176 5175 5177
f 5178 5177 5165
f 5179 5165 5180
f 5181 5180 5182
f 5183 5182 5184
f 5185 5184 5167
f 5186 5167 5166
f 5187 5166 5169
f 5188 5169 5168
f 5189 5168 5171
f 5190 5171 5170
f 5191 5170 5192
f 5193 5192 1620
f 713 704 5194
f 5194 821 716
f 718 820 2579
f 821 720 716
f 821 820 719
f 821 719 720
f 820 717 719
f 2579 715 714
f 714 718 2579
f 5194 716 4890
f 4890 715 5194
f 718 717 820
f 715 2579 5194
f 820 821 5173
f 5195 5173 5174
f 5196 5174 5176
f 5197 5176 5178
f 5198 5178 5179
f 5199 5179 5181
f 5200 5181 5183
f 5201 5183 5185
f 5202 5185 5186
f 5203 5186 5187
f 5204 5187 5188
f 5205 5188 5189
f 5206 5189 5190
f 5207 5190 5191
f 5208 5191 5193
f 5209 5193 864
f 692 676 682
f 712 675 676
f 672 675 712
f 676 692 712
f 867 670 672
f 867 864 671
f 672 712 867
f 682 671 864
f 671 670 867
f 5195 1019 1020
f 5195 818 1019
f 5195 1023 818
f 1015 1007 5210
f 5210 820 1015
f 820 5139 1004
f 820 5195 1012
f 5195 991 819
f 820 1004 1015
f 819 1023 5195
f 1017 819 991
f 1010 991 5210
f 1012 5139 820
f 1007 1010 5210
f 1010 1017 991
f 991 5195 5196
f 5211 5196 5197
f 5212 5197 5198
f 5213 5198 5199
f 5214 5199 5200
f 5215 5200 5201
f 5216 5201 5202
f 5217 5202 5203
f 5218 5203 5204
f 5219 5204 5205
f 5220 5205 5206
f 5221 5206 5207
f 5222 5207 5208
f 5223 5208 5209
f 867 872 877
f 867 5224 879
f 879 890 867
f 871 882 886
f 886 5209 871
f 5209 889 870
f 875 885 5224
f 5209 870 871
f 5209 877 887
f 890 872 867
f 885 879 5224
f 886 882 875
f 887 889 5209
f 5209 867 877
f 875 5224 886
f 1151 5211 5212
f 5225 5212 5213
f 5226 5213 5214
f 5227 5214 5215
f 5228 5215 5216
f 5229 5216 5217
f 5230 5217 5218
f 5231 5218 5219
f 5232 5219 5220
f 5233 5220 5221
f 5234 5221 5222
f 1152 5225 5226
f 5235 5226 5227
f 5236 5227 5228
f 5237 5228 5229
f 5238 5229 5230
f 5239 5230 5231
f 5240 5231 5232
f 5241 5232 5233
f 5242 5233 5234
f 1150 5236 5237
f 5243 5237 5238
f 5244 5238 5239
f 5245 5239 5240
f 5246 5240 5241
f 5247 5241 5242
f 5248 5244 5245
f 5249 5245 5246
f 1101 5165 1063
f 1063 1065 1101
f 2774 1101 1065
f 5165 5177 1063
f 5177 1062 1063
f 5175 1105 1062
f 5177 5175 1062
f 1064 1105 2774
f 5137 5140 1138
f 5170 5138 1182
f 1182 5192 5170
f 5192 771 859
f 5192 1181 771
f 5192 774 1181
f 1620 1179 1178
f 859 1179 1620
f 692 864 694
f 755 765 768
f 763 692 701
f 755 767 765
f 692 769 767
f 694 700 692
f 699 1620 758
f 767 755 692
f 864 696 697
f 1620 757 758
f 759 756 755
f 697 694 864
f 1620 762 757
f 755 768 759
f 697 864 1620
f 1620 699 697
f 758 695 699
f 700 701 692
f 758 698 695
f 763 769 692
f 701 758 757
f 1620 759 762
f 1620 760 759
f 701 698 758
f 757 763 701
f 867 754 750
f 867 2216 747
f 750 5142 867
f 5142 2216 867
f 867 712 754
f 886 5224 5143
f 5143 891 886
f 5223 899 894
f 896 892 2484
f 902 5223 886
f 894 2484 5223
f 902 899 5223
f 897 896 2484
f 894 897 2484
f 5222 5223 2484
f 2484 895 5222
f 528 907 5144
f 5144 1147 522
f 1147 5234 520
f 5234 1146 521
f 908 521 907
f 1147 520 522
f 521 905 5234
f 905 520 5234
f 522 528 5144
f 916 919 920
f 920 2302 916
f 1148 5242 914
f 918 1147 2302
f 2302 920 918
f 923 922 5242
f 914 915 1148
f 922 914 5242
f 918 923 1147
f 5247 1148 930
f 1148 615 930
f 5247 929 617
f 5247 931 929
f 5247 930 931
f 926 927 615
f 617 925 5247
f 614 927 926
f 5246 5247 925
f 925 5145 5246
f 5249 934 938
f 5249 5250 5146
f 5146 934 5249
f 5135 5148 942
f 5148 948 949
f 5129 5249 5147
f 953 5248 5132
f 5136 5129 5147
f 5147 5148 5135
f 5132 960 953
f 5135 5136 5147
f 949 942 5148
f 5135 953 960
f 960 5134 5135
f 960 5132 5134
f 5149 5150 944
f 5248 952 944
f 5135 950 953
f 944 5150 5248
f 5249 5130 5131
f 942 950 5135
f 948 5149 949
f 5131 5132 5248
f 5248 5249 5131
f 5129 5130 5249
f 5149 944 949
f 953 952 5248
f 5248 5150 946
f 946 963 5248
f 5244 5248 5151
f 5151 5243 5244
f 1150 5243 976
f 976 975 1150
f 5243 978 976
f 5243 971 978
f 969 5243 966
f 969 971 5243
f 1047 1150 1045
f 1045 5152 1044
f 5152 1042 1044
f 5236 1150 1048
f 1037 5152 5235
f 5236 1049 1040
f 1150 1047 1048
f 1040 1037 5235
f 1048 1049 5236
f 1037 1042 5152
f 1040 5235 5236
f 5235 5152 2395
f 5225 1152 596
f 596 1152 979
f 1151 5225 597
f 596 984 5225
f 984 597 5225
f 982 5153 595
f 597 5153 982
f 979 598 596
f 5211 1151 996
f 1151 995 996
f 995 1151 985
f 990 985 989
f 997 991 5211
f 996 997 5211
f 990 995 985
f 991 1000 5154
f 820 5210 999
f 820 5155 5156
f 999 2558 820
f 2558 5155 820
f 2579 5156 746
f 5194 704 727
f 1715 740 731
f 708 737 821
f 710 821 5194
f 1715 738 740
f 821 737 741
f 706 5157 728
f 738 1715 821
f 732 1715 731
f 708 736 737
f 705 710 5194
f 703 705 5194
f 5157 729 728
f 741 738 821
f 5157 706 703
f 728 707 706
f 710 708 821
f 728 711 707
f 731 730 5157
f 728 708 709
f 703 5194 5157
f 5157 730 729
f 709 711 728
f 5157 732 731
f 728 736 708
f 1715 1230 825
f 1715 732 1231
f 1231 1230 1715
f 5172 1715 825
f 825 725 5172
f 725 1228 5172
f 1058 1106 5164
f 1057 723 1227
f 5164 1056 1058
f 1056 5164 5172
f 1057 5172 723
f 1227 1060 1057
f 1227 1059 1060
f 1057 1056 5172
f 1106 1227 5158
f 1089 5159 1100
f 1051 5180 1066
f 1067 5159 1054
f 5159 5161 1055
f 5159 1067 1070
f 5159 1055 1054
f 5161 1052 1055
f 1052 5161 5160
f 1052 5160 5182
f 5159 1070 1069
f 1050 1052 5182
f 1053 1051 1066
f 5180 1100 1068
f 1054 1066 1067
f 5160 1031 5182
f 5180 1051 1050
f 1066 1054 1053
f 1068 1066 5180
f 1069 1100 5159
f 5182 5180 1050
f 5182 1031 1029
f 5137 1076 1081
f 5137 1081 1080
f 1076 5137 5167
f 5184 1029 5162
f 1079 1074 5163
f 1074 5162 5163
f 1072 1076 5167
f 5163 5140 1079
f 5140 1080 1079
f 1072 5167 5184
f 1074 5184 5162
f 1074 1072 5184
f 1080 5140 5137
f 1029 5184 5182
f 1059 1227 1106
f 1228 723 5172
f 727 5157 5194
f 746 713 2579
f 5156 2579 820
f 999 5210 5154
f 5154 5210 991
f 979 1152 2395
f 2395 1152 5235
f 5151 966 5243
f 963 5151 5248
f 938 5147 5249
f 5146 5250 5145
f 5145 5250 5246
f 923 5242 1147
f 2302 1147 5144
f 895 1146 5222
f 5143 5224 747
f 747 5224 867
f 1178 760 1620
f 859 1620 5192
f 1182 774 5192
f 5141 1182 5138
f 5246 5250 5249
f 5245 5249 5248
f 5242 1148 5247
f 5241 5247 5246
f 5240 5246 5245
f 5239 5245 5244
f 5238 5244 5243
f 5237 5243 1150
f 5234 1147 5242
f 5233 5242 5241
f 5232 5241 5240
f 5231 5240 5239
f 5230 5239 5238
f 5229 5238 5237
f 5228 5237 5236
f 5227 5236 5235
f 5226 5235 1152
f 5222 1146 5234
f 5221 5234 5233
f 5220 5233 5232
f 5219 5232 5231
f 5218 5231 5230
f 5217 5230 5229
f 5216 5229 5228
f 5215 5228 5227
f 5214 5227 5226
f 5213 5226 5225
f 5212 5225 1151
f 5209 886 5223
f 5208 5223 5222
f 5207 5222 5221
f 5206 5221 5220
f 5205 5220 5219
f 5204 5219 5218
f 5203 5218 5217
f 5202 5217 5216
f 5201 5216 5215
f 5200 5215 5214
f 5199 5214 5213
f 5198 5213 5212
f 5197 5212 5211
f 5196 5211 991
f 1020 1012 5195
f 682 864 692
f 864 867 5209
f 5193 5209 5208
f 5191 5208 5207
f 5190 5207 5206
f 5189 5206 5205
f 5188 5205 5204
f 5187 5204 5203
f 5186 5203 5202
f 5185 5202 5201
f 5183 5201 5200
f 5181 5200 5199
f 5179 5199 5198
f 5178 5198 5197
f 5176 5197 5196
f 5174 5196 5195
f 5173 5195 820
f 5194 2579 713
f 1620 864 5193
f 5192 5193 5191
f 5170 5191 5190
f 5171 5190 5189
f 5168 5189 5188
f 5169 5188 5187
f 5166 5187 5186
f 5167 5186 5185
f 5184 5185 5183
f 5182 5183 5181
f 5180 5181 5179
f 5165 5179 5178
f 5177 5178 5176
f 5175 5176 5174
f 5164 5174 5173
f 5172 5173 821
f 544 1094 5138
f 1094 5171 5168
f 664 1097 1095
f 1097 5169 5166
f 641 5137 1098
f 1100 5180 5165
f 1105 5175 5164
f 1150 5243 5282
f 5243 5244 5283
f 5244 5245 5284
f 5245 5246 5285
f 5246 5247 5286
f 5247 1148 5287
f 5265 5288 5289
f 5288 5290 5291
f 5290 5282 5292
f 5282 5283 5293
f 5283 5284 5294
f 5284 5285 5295
f 5285 5286 5296
f 5286 5287 5297
f 5287 5276 5298
f 5299 5300 5212
f 5300 5289 5213
f 5289 5291 5214
f 5291 5292 5215
f 5292 5293 5216
f 5293 5294 5217
f 5294 5295 5218
f 5295 5296 5219
f 5296 5297 5220
f 5297 5298 5221
f 5298 5301 5222
f 5302 5139 1012
f 991 1016 1017
f 1012 5303 5302
f 5302 5251 1004
f 991 1023 819
f 5303 1020 1019
f 5210 1015 5251
f 819 1016 991
f 1004 5139 5302
f 5251 5302 5210
f 1023 991 5303
f 1019 818 5303
f 818 1023 5303
f 1012 1020 5303
f 991 5211 5304
f 5211 5212 5305
f 5212 5213 5306
f 5213 5214 5307
f 5214 5215 5308
f 5215 5216 5309
f 5216 5217 5310
f 5217 5218 5311
f 5218 5219 5312
f 5219 5220 5313
f 5220 5221 5314
f 5221 5222 5315
f 5222 5223 5316
f 5223 886 5317
f 5317 889 877
f 5317 5252 870
f 890 5224 5318
f 5318 877 5253
f 870 889 5317
f 886 871 5252
f 5318 872 890
f 5253 872 5318
f 5252 5317 886
f 890 879 5224
f 877 5318 5317
f 5254 5319 5194
f 5319 5302 718
f 5194 5319 714
f 5302 717 718
f 5302 719 717
f 714 715 5194
f 719 5302 821
f 5319 718 714
f 5302 5303 5173
f 5303 5304 5174
f 5304 5305 5176
f 5305 5306 5178
f 5306 5307 5179
f 5307 5308 5181
f 5308 5309 5183
f 5309 5310 5185
f 5310 5311 5186
f 5311 5312 5187
f 5312 5313 5188
f 5313 5314 5189
f 5314 5315 5190
f 5315 5316 5191
f 5316 5317 5193
f 5317 5318 864
f 5255 675 672
f 692 683 676
f 682 683 692
f 5318 681 671
f 5255 676 675
f 671 864 5318
f 5318 5255 672
f 676 5255 692
f 672 681 5318
f 1098 5137 632
f 5137 641 632
f 1098 632 1077
f 1095 652 653
f 652 1095 1097
f 1097 664 652
f 5138 1094 536
f 5138 536 544
f 1094 1086 536
f 1101 2775 1065
f 2775 1101 2774
f 5256 1080 5137
f 5140 5162 1074
f 5140 1074 1079
f 5137 5140 5256
f 1079 5256 5140
f 1051 1100 5257
f 1100 1051 1053
f 5160 5159 1052
f 5159 1055 1052
f 1100 1053 1054
f 1067 5182 1050
f 5113 1055 5159
f 1100 1071 5257
f 1050 1051 5257
f 1070 1067 1050
f 5182 1067 1066
f 5159 1100 5113
f 1050 5257 1069
f 1069 1070 1050
f 1066 5180 5182
f 1054 5113 1100
f 1106 1227 5024
f 1106 5024 1061
f 1227 1059 5024
f 1227 5258 1057
f 5258 5172 1057
f 5172 5258 1228
f 736 5194 703
f 1715 5259 738
f 821 5260 710
f 703 706 737
f 706 711 737
f 708 5260 821
f 728 5157 5194
f 711 708 737
f 740 5259 1715
f 5194 736 728
f 703 737 736
f 5194 5157 5261
f 5319 5254 746
f 5302 5262 999
f 5302 5155 5262
f 5156 5155 5302
f 5302 5319 5156
f 996 5299 5211
f 996 995 5299
f 989 5263 990
f 5263 5299 995
f 992 997 991
f 596 5265 5300
f 5264 596 598
f 5264 5265 596
f 5300 984 596
f 5300 597 984
f 597 5299 982
f 982 5264 595
f 598 980 5264
f 597 5300 5299
f 980 595 5264
f 5290 1040 5266
f 5290 5288 1040
f 5288 5267 1040
f 5288 5152 1037
f 1048 1150 5290
f 5288 1037 5267
f 5266 1048 5290
f 975 971 5243
f 975 5243 1150
f 972 973 975
f 5248 5268 946
f 5248 5151 5268
f 5249 5129 5136
f 5248 5133 5131
f 944 1207 5149
f 5148 5269 949
f 5136 960 5249
f 5248 5134 5132
f 942 5269 5148
f 937 5249 942
f 5248 5132 5133
f 5248 1207 944
f 5148 937 942
f 5249 5271 942
f 5135 5134 5270
f 5134 5248 5270
f 5135 5270 960
f 5149 5272 944
f 960 5271 5249
f 5136 5135 960
f 949 5272 5149
f 944 5270 5248
f 5249 5273 5146
f 5249 937 938
f 938 5273 5249
f 615 1148 5247
f 929 615 5247
f 926 5274 927
f 615 5274 926
f 5276 5287 923
f 5276 923 921
f 5287 5275 923
f 5287 914 5275
f 916 5276 920
f 914 5287 1148
f 918 920 5276
f 921 918 5276
f 5277 907 518
f 521 907 5301
f 520 5276 5277
f 518 528 5277
f 5298 905 521
f 5277 528 522
f 520 5298 5276
f 522 520 5277
f 521 5301 5298
f 520 905 5298
f 5222 5278 2484
f 5222 5301 5278
f 886 5223 899
f 899 900 886
f 5318 5279 5142
f 5318 5224 747
f 747 5279 5318
f 5142 750 5318
f 750 754 5318
f 698 769 763
f 699 698 763
f 763 696 697
f 5280 765 767
f 697 699 763
f 767 692 5280
f 5280 768 765
f 696 763 864
f 701 692 769
f 759 768 5280
f 1620 758 762
f 757 1620 864
f 698 701 769
f 864 763 757
f 5280 756 759
f 5192 5281 1182
f 1181 5281 5192
f 754 5255 5318
f 5278 5301 907
f 946 1207 5248
f 5265 5152 5288
f 982 5299 5263
f 995 990 5263
f 999 5210 5302
f 746 5156 5319
f 5261 704 5194
f 864 5193 5317
f 5193 5191 5316
f 5191 5190 5315
f 5190 5189 5314
f 5189 5188 5313
f 5188 5187 5312
f 5187 5186 5311
f 5186 5185 5310
f 5185 5183 5309
f 5183 5181 5308
f 5181 5179 5307
f 5179 5178 5306
f 5178 5176 5305
f 5176 5174 5304
f 5174 5173 5303
f 5173 821 5302
f 5194 704 5254
f 5317 5316 5223
f 5316 5315 5222
f 5315 5314 5221
f 5314 5313 5220
f 5313 5312 5219
f 5312 5311 5218
f 5311 5310 5217
f 5310 5309 5216
f 5309 5308 5215
f 5308 5307 5214
f 5307 5306 5213
f 5306 5305 5212
f 5305 5304 5211
f 5304 5303 991
f 5222 5221 5298
f 5221 5220 5297
f 5220 5219 5296
f 5219 5218 5295
f 5218 5217 5294
f 5217 5216 5293
f 5216 5215 5292
f 5215 5214 5291
f 5214 5213 5289
f 5213 5212 5300
f 5212 5211 5299
f 5298 5297 5287
f 5297 5296 5286
f 5296 5295 5285
f 5295 5294 5284
f 5294 5293 5283
f 5293 5292 5282
f 5292 5291 5290
f 5291 5289 5288
f 5289 5300 5265
f 5287 5286 5247
f 5286 5285 5246
f 5285 5284 5245
f 5284 5283 5244
f 5283 5282 5243
f 5282 5290 1150
f 934 5273 938
f 5148 5147 937
f 938 937 5147
f 946 5150 1207
f 5149 1207 5150
f 5268 963 946
f 2484 5278 895
f 907 895 5278
f 5277 5144 907
f 5144 5277 5276
f 5276 2302 5144
f 2302 5276 916
f 5273 934 5146
f 747 2216 5279
f 5279 2216 5142
f 754 712 5255
f 692 5255 712
f 692 755 5280
f 1181 774 5281
f 1182 5281 774
f 5280 755 756
f 5140 5163 5162
f 5161 5159 5160
f 5157 727 5261
f 1227 723 5258
f 1228 5258 723
f 704 713 5254
f 746 5254 713
f 704 5261 727
f 2558 5262 5155
f 999 5262 2558
f 5265 2395 5152
f 5265 5264 979
f 979 2395 5265
f 982 979 5264
f 982 5263 985
f 989 985 5263
f 5151 963 5268
f 1079 1080 5256
f 923 5275 914
f 923 918 921
f 914 922 923
f 900 899 902
f 902 901 900
f 877 889 887
f 872 5253 877
f 871 870 5252
f 671 681 670
f 698 699 695
f 758 757 762
f 1086 544 536
f 653 652 664
f 1077 632 641
f 1071 1069 5257
f 2775 2774 1064
f 1064 1065 2775
f 1061 5024 1059
f 740 738 5259
f 708 711 709
f 710 5260 708
f 706 707 711
f 1015 1004 5251
f 997 992 993
f 993 998 997
f 5153 597 595
f 1040 5267 1037
f 5266 1040 1049
f 1049 1048 5266
f 971 975 976
f 976 978 971
f 973 977 975
f 5270 944 952
f 960 5270 952
f 5271 960 953
f 942 5271 950
f 949 5269 942
f 949 944 5272
f 953 950 5271
f 952 953 960
f 615 929 931
f 615 927 5274
f 931 930 615
f 5320 5321 5349
f 5322 5323 5324
f 5321 5324 5326
f 5349 5327 5325
f 5324 5321 5322
f 5325 5350 5349
f 5328 5327 5349
f 5322 5350 5329
f 5321 5326 5330
f 5329 5323 5322
f 5350 5325 5329
f 5349 5321 5328
f 5331 5332 5333
f 5351 5350 5334
f 5333 5322 5331
f 5350 5335 5334
f 5331 5351 5336
f 5350 5337 5335
f 5322 5333 5337
f 5331 5336 5332
f 5351 5334 5336
f 5350 5322 5337
f 5352 5351 2587
f 5331 5338 2595
f 2589 2595 5338
f 2587 2591 5352
f 5338 5352 2584
f 5351 2586 2587
f 5338 2584 2589
f 5351 5331 2586
f 2591 2584 5352
f 5353 5352 2592
f 2593 5338 5339
f 2593 2590 5338
f 2588 2592 5352
f 5339 5353 2594
f 5339 2594 2593
f 2585 2588 5352
f 5352 5338 2585
f 2590 2585 5338
f 2592 2594 5353
f 5354 5353 3578
f 3578 3579 5354
f 5339 5340 3573
f 5340 3570 3573
f 5340 5354 3576
f 5354 3579 3576
f 3576 3570 5340
f 5353 5339 3577
f 3577 3578 5353
f 3141 3572 3569
f 3569 5340 3141
f 5354 3571 3580
f 3141 3144 3575
f 3144 3581 3580
f 3580 3144 5354
f 3575 3572 3141
f 3580 3575 3144
f 5354 5340 3574
f 3574 3571 5354
f 3569 3574 5340
f 5341 5349 5342
f 5349 5350 5343
f 5350 5351 5344
f 5351 5352 5345
f 5352 5353 5346
f 5353 5354 5347
f 5354 3144 3146
f 3146 5347 5354
f 5347 5346 5353
f 5346 5345 5352
f 5345 5344 5351
f 5344 5343 5350
f 5343 5342 5349
f 5342 5348 5341
f 3573 3577 5339
f 2595 2586 5331
f 5330 5328 5321
f 5349 5341 5320
f 5340 5355 5356
f 5356 3141 5340
f 5355 5340 5339
f 5339 5357 5355
f 5357 5339 5338
f 5338 5358 5357
f 5358 5338 5331
f 5331 5359 5358
f 5359 5331 5322
f 5322 5360 5359
f 5360 5322 5321
f 5321 5361 5360
f 5356 3139 3141
f 5321 5320 5361
f 5362 5363 5342
f 5363 5348 5342
f 5364 5362 5343
f 5343 5344 5364
f 5365 5364 5344
f 5344 5345 5365
f 5366 5365 5345
f 5345 5346 5366
f 5367 5366 5346
f 5346 5347 5367
f 5347 3146 5368
f 5368 5367 5347
f 3146 3135 5368
f 5342 5343 5362
f 5341 5369 5342
f 5376 5342 5370
f 5350 5370 5371
f 5377 5371 5345
f 5378 5345 5346
f 5354 5347 3145
f 5372 5341 5376
f 5373 5321 5324
f 5324 5323 5373
f 5376 5350 5325
f 5376 5327 5328
f 5325 5327 5376
f 5373 5323 5329
f 5328 5321 5376
f 5374 5373 5333
f 5333 5332 5374
f 5334 5350 5377
f 5337 5333 5373
f 5337 5373 5350
f 5332 5336 5374
f 5336 5334 5377
f 5338 5374 2595
f 5377 5378 2591
f 2591 2587 5377
f 5374 2586 2595
f 2586 5374 5377
f 2587 2586 5377
f 5378 2584 2591
f 5378 5353 2592
f 2592 2588 5378
f 5378 2588 2585
f 2585 5338 5378
f 5353 5354 3579
f 3579 3578 5353
f 5375 5340 3569
f 3569 3572 5375
f 5375 3572 3575
f 3575 3144 5375
f 2584 5378 5338
f 5336 5377 5374
f 5329 5350 5373
f 5376 5321 5372
f 3145 3144 5354
f 5346 5353 5378
f 5345 5378 5377
f 5371 5377 5350
f 5370 5350 5376
f 5342 5376 5341
f 3144 3141 5375
f 3146 3145 3137
f 3145 3146 3144
f 3141 3139 5379
f 3138 3135 3137
f 5379 5375 3141
f 5379 3139 3138
f 3137 3135 3146
f 5341 5348 5369
f 5320 5372 5380
f 5372 5320 5341
f 5348 5363 5381
f 5382 5361 5380
f 5381 5369 5348
f 5381 5363 5382
f 5380 5361 5320
f 5383 5380 5321
f 5380 5372 5321
f 5384 5383 5373
f 5373 5374 5384
f 5358 5384 5374
f 5374 5338 5358
f 5340 5375 5356
f 5375 5379 5356
f 5321 5373 5383
f 5368 3145 5347
f 5365 5345 5371
f 5371 5385 5365
f 5385 5371 5370
f 5370 5386 5385
f 5386 5370 5342
f 5342 5381 5386
f 5368 3137 3145
f 5342 5369 5381
f 3139 5356 5402
f 5403 5402 4731
f 5356 4738 4739
f 5355 4728 4738
f 5402 5387 4731
f 5356 4739 4730
f 4738 5356 5355
f 4728 5355 5403
f 5403 4734 4728
f 4731 4734 5403
f 5402 4730 4731
f 5403 4732 4735
f 5355 4733 4729
f 4735 5404 5403
f 5357 4736 4737
f 4737 5355 5357
f 4736 5357 5404
f 5404 4735 4736
f 4729 4732 5403
f 4737 4733 5355
f 5358 1426 1428
f 1428 5357 5358
f 5405 1433 1434
f 1433 5405 5404
f 5358 1431 1426
f 5405 1434 1431
f 1431 5358 5405
f 1428 1430 5357
f 5404 1430 1433
f 5358 1424 1425
f 5405 1427 1435
f 1424 5358 5359
f 1435 5406 5405
f 5359 1432 1424
f 1432 5359 5406
f 1435 1432 5406
f 1425 1429 5358
f 5405 1429 1427
f 5359 5360 5388
f 5388 5389 5359
f 5390 5407 5406
f 5390 5391 5407
f 5392 5388 5360
f 5392 5360 5407
f 5391 5392 5407
f 5389 5393 5359
f 5393 5390 5406
f 5361 5394 5395
f 5360 5395 5396
f 5395 5360 5361
f 5382 5407 5397
f 5382 5398 5399
f 5361 5399 5400
f 5397 5398 5382
f 5360 5396 5401
f 5400 5394 5361
f 5399 5361 5382
f 5401 5397 5407
f 3138 5402 5368
f 5402 5403 5367
f 5403 5404 5366
f 5404 5405 5365
f 5405 5406 5364
f 5406 5407 5362
f 5407 5382 5363
f 5363 5362 5407
f 5362 5364 5406
f 5364 5365 5405
f 5365 5366 5404
f 5366 5367 5403
f 5367 5368 5402
f 5368 3135 3138
f 5401 5407 5360
f 5393 5406 5359
f 1429 5405 5358
f 1430 5404 5357
f 4729 5403 5355
f 4730 5402 5356
f 5402 3138 3139
f 3138 3137 5368
f 5408 5368 5367
f 5409 5365 5385
f 5410 5385 5386
f 5407 5386 5381
f 5379 3138 5408
f 5408 5403 4734
f 5356 5408 4730
f 5408 5387 4731
f 4734 4731 5408
f 4731 4730 5408
f 5404 4735 4732
f 4732 5403 5404
f 5409 1434 1433
f 1433 5404 5409
f 1431 1434 5409
f 5409 5358 1431
f 5410 1435 1427
f 1427 5409 5410
f 1424 5384 5358
f 5358 5409 1429
f 5410 1432 1435
f 5410 5384 1432
f 1427 1429 5409
f 5384 5389 5388
f 5410 5407 5390
f 5388 5383 5384
f 5384 5410 5393
f 5383 5388 5392
f 5384 5393 5389
f 5410 5390 5393
f 5407 5383 5392
f 5380 5383 5395
f 5395 5394 5380
f 5396 5395 5383
f 5383 5407 5401
f 5380 5394 5400
f 5401 5396 5383
f 5382 5380 5399
f 5400 5399 5380
f 1424 1432 5384
f 5408 5356 5379
f 5381 5382 5407
f 5386 5407 5410
f 5385 5410 5409
f 5365 5409 5404
f 5367 5403 5408
f 5368 5408 3138
f 1421 1423 3562
f 1418 1421 3554
f 1419 1418 3553
f 1420 1419 3551
f 1422 1420 3561
f 1423 1422 3561
f 3561 3557 1423
f 3551 3561 1420
f 3553 3551 1419
f 3554 3553 1418
f 3562 3554 1421
f 3557 3562 1423
f 1418 1419 5411
f 5411 2670 1418
f 5411 5412 2670
f 1418 2670 5413
f 2671 5411 1419
f 1421 1418 1417
f 1421 2675 1423
f 1423 5415 1422
f 1416 2675 1421
f 1417 1416 1421
f 1423 2669 5415
f 1420 2673 2672
f 1420 1422 2673
f 1422 5415 2673
f 3553 4817 3552
f 4817 5417 3552
f 3551 3553 3552
f 3554 4809 3553
f 3557 3561 3558
f 3554 3562 4810
f 3553 4808 4817
f 3551 4813 5418
f 3554 4810 3555
f 3555 4809 3554
f 4812 3558 3551
f 5418 4812 3551
f 3557 4810 3562
f 1419 5411 3552
f 5412 5411 3552
f 3552 5417 5412
f 5413 2670 4808
f 1418 5413 3553
f 1417 1418 3553
f 5414 1417 4809
f 3553 4809 1417
f 4808 3553 5413
f 1422 5415 3558
f 2669 4811 3558
f 3558 5415 2669
f 2669 3557 4811
f 2675 5416 4810
f 1423 2675 4810
f 2669 1423 3557
f 4810 3557 1423
f 1416 3555 4810
f 4810 2675 1416
f 1416 1417 3555
f 1417 4809 3555
f 2670 4817 4808
f 5412 5417 4817
f 4817 2670 5412
f 3552 5411 2671
f 2671 4813 3552
f 2671 5418 4813
f 1420 2672 5418
f 2671 1419 3551
f 3551 5418 2671
f 5418 3551 1420
f 2673 4812 5418
f 5418 2672 2673
f 5415 3558 4812
f 4812 2673 5415
f 5420 5419 5421
f 5422 5420 5421
f 5421 5423 5422
f 5424 5425 4970
f 5426 5424 5427
f 5428 5426 5429
f 5419 5428 5430
f 5429 5430 5428
f 5427 5429 5426
f 4970 5427 5424
f 5431 5432 4971
f 4966 5431 4971
f 5425 4966 4971
f 4971 4970 5425
f 5433 5434 4971
f 4971 5432 5433
f 5437 5435 5436
f 5438 5437 5436
f 5440 5438 5441
f 5440 5434 5433
f 5439 5441 5438
f 5436 5439 5438
f 5436 5435 5442
f 5443 5445 5421
f 5444 5446 5421
f 5421 5446 5443
f 5445 5423 5421
f 5444 5421 5419
f 5447 5427 4970
f 5448 5429 5427
f 5449 5444 5419
f 5450 5436 5442
f 4970 4971 5447
f 5427 5447 5448
f 5451 5449 5430
f 5448 5451 5429
f 5419 5430 5449
f 5430 5429 5451
f 5442 5452 5450
f 5453 5419 5420
f 5432 4966 5433
f 5432 5431 4966
f 5454 5447 5424
f 5447 4966 5425
f 5419 5453 5428
f 5455 5426 5428
f 5426 5455 5454
f 5438 5456 5437
f 5442 5435 5450
f 5425 5424 5447
f 5450 5457 5442
f 5424 5426 5454
f 5433 5438 5440
f 5435 5437 5456
f 5420 5443 5446
f 5453 5446 5444
f 5446 5453 5420
f 5450 5452 5457
f 5443 5420 5422
f 5422 5445 5443
f 5456 5439 5436
f 5435 5436 5450
f 5436 5435 5456
f 5439 5456 5438
f 5434 5433 4966
f 4966 4971 5434
f 5453 5444 5449
f 5428 5449 5451
f 5455 5451 5448
f 5454 5448 5447
f 4971 4966 5447
f 5448 5454 5455
f 5451 5455 5428
f 5449 5428 5453
f 5445 5422 5458
f 5422 5419 5460
f 5419 5422 5423
f 5460 5459 5422
f 5423 5421 5419
f 5459 5420 5422
f 5422 5420 5458
f 5452 5462 5457
f 5457 5461 5442
f 5419 5421 5442
f 5421 5445 5452
f 5445 5458 5457
f 5457 5462 5445
f 5420 5461 5457
f 5457 5458 5420
f 5445 5462 5452
f 5420 5459 5461
f 5461 5460 5419
f 5419 5442 5461
f 5459 5460 5461
f 5421 5452 5442
f 5463 5464 5465
f 5465 5466 5463
f 970 5467 5466
f 5466 5465 970
f 5467 970 968
f 975 968 969
f 969 977 975
f 968 975 5467
f 977 969 5468
f 5471 5464 5469
f 5464 5472 5471
f 5468 5472 5469
f 5464 5469 5472
f 968 970 977
f 969 968 977
f 1923 5465 5464
f 1923 970 5465
f 5467 977 970
f 5469 5470 5472
f 5467 975 977
f 5466 5473 5463
f 5473 5466 1923
f 1923 5464 5473
f 970 1923 5466
f 5470 5463 5472
f 5464 5474 5475
f 5473 5471 5472
f 5464 5463 5476
f 5473 5464 5471
f 5464 5476 5474
f 5473 5472 5463
f 5469 5464 5475
f 5475 5470 5469
f 5463 5470 5475
f 5477 5463 5475
f 5476 5463 5477
f 5476 5477 5475
f 5475 5474 5476
f 5481 5478 5480
f 5482 4948 5483
f 5484 5482 5485
f 5478 5486 5487
f 5487 5479 5478
f 5484 5487 5486
f 5483 5485 5482
f 4948 4931 4943
f 4943 5483 4948
f 4944 4943 4931
f 5488 5489 4944
f 4944 4931 5488
f 5492 5490 5493
f 5494 5492 5495
f 5488 5494 5489
f 5495 5489 5494
f 5493 5495 5492
f 5491 5493 5490
f 5491 5490 5496
f 5489 4943 4944
f 5480 5478 5497
f 5498 5485 5483
f 5499 5484 5485
f 5500 5497 5479
f 5483 4943 5498
f 5485 5498 5499
f 5501 5500 5487
f 5478 5479 5497
f 5499 5501 5484
f 5479 5487 5500
f 5487 5484 5501
f 5493 5491 5495
f 5496 5502 5491
f 5478 5481 5503
f 5478 5505 5506
f 5503 5504 5478
f 5504 5505 5478
f 5507 5486 5478
f 5508 5509 5482
f 5509 4931 4948
f 5478 5506 5507
f 5510 5484 5486
f 5484 5510 5508
f 5496 5490 5511
f 5486 5507 5510
f 4948 5482 5509
f 5511 5512 5496
f 5482 5484 5508
f 5503 5480 5497
f 5497 5506 5505
f 5497 5505 5504
f 5497 5504 5503
f 5512 5511 5491
f 5491 5502 5512
f 5492 5495 5491
f 5491 5511 5490
f 5491 5490 5492
f 5489 5488 4931
f 4931 4943 5489
f 5506 5497 5500
f 5507 5500 5501
f 5510 5501 5499
f 5508 5499 5498
f 5509 5498 4943
f 4943 4931 5509
f 5498 5509 5508
f 5499 5508 5510
f 5501 5510 5507
f 5500 5507 5506
f 5514 5513 5515
f 5480 5516 5479
f 5515 5480 5514
f 5503 5514 5480
f 5480 5479 5478
f 5519 5512 5502
f 5519 5518 5512
f 5496 5517 5502
f 5496 5512 5518
f 5478 5479 5517
f 5517 5496 5478
f 5516 5480 5502
f 5502 5517 5516
f 5513 5514 5519
f 5519 5502 5513
f 5481 5496 5518
f 5518 5503 5481
f 5518 5519 5514
f 5514 5503 5518
f 5480 5515 5502
f 5502 5515 5513
f 5481 5478 5496
f 5517 5479 5516
f 5520 5521 5522
f 5522 5523 5520
f 5522 5525 5524
f 5522 5524 5523
f 765 5526 5525
f 5525 5522 765
f 769 765 762
f 762 757 769
f 765 769 5526
f 5527 5528 757
f 757 1640 5527
f 5527 5529 5528
f 5530 5529 5527
f 5532 5521 5527
f 5521 5532 5531
f 5520 5528 5533
f 5528 5530 5529
f 5529 5533 5528
f 1638 767 5528
f 5528 5527 1638
f 767 765 5522
f 5522 5523 767
f 5523 5522 5521
f 5527 1640 1638
f 1640 757 767
f 757 762 767
f 767 1638 1640
f 765 767 762
f 5526 767 5523
f 5523 5524 5525
f 5523 5525 5526
f 767 757 5528
f 769 757 767
f 5526 769 767
f 5523 5521 5520
f 5520 5527 5528
f 5521 5535 5534
f 5521 5534 5536
f 5532 5527 5520
f 5535 5521 5520
f 5520 5531 5532
f 5531 5520 5521
f 5536 5531 5521
f 5521 5530 5527
f 5529 5530 5521
f 5521 5533 5529
f 5538 5533 5521
f 5521 5537 5538
f 5537 5521 5534
f 5534 5535 5537
f 5535 5533 5538
f 5533 5535 5520
f 5538 5537 5535
f 1471 5543 5542
f 5544 5543 1471
f 5545 5542 5543
f 5256 1080 5540
f 1072 5540 1080
f 5546 5547 5545
f 1471 5548 5549
f 5539 5550 5548
f 1471 5542 5539
f 5547 5550 5539
f 5539 5542 5545
f 5545 5547 5539
f 5539 5548 1471
f 1471 5545 5542
f 5551 5546 5549
f 5546 5545 1471
f 1471 5549 5546
f 5548 5550 5551
f 5548 5551 5549
f 5551 5550 5547
f 5547 5546 5551
f 5552 5553 5554
f 5556 5552 5555
f 5563 5562 5564
f 5566 5563 5565
f 5567 5566 5565
f 5570 5569 5571
f 5553 5573 5574
f 5574 5554 5553
f 5564 5565 5563
f 5561 5564 5562
f 5557 5559 5558
f 5554 5555 5552
f 5575 5567 5565
f 5565 5576 5575
f 5571 5575 5577
f 5576 5565 5564
f 5575 5568 5567
f 5575 5569 5568
f 5575 5578 5577
f 5554 5579 5580
f 5576 5561 5560
f 5577 5570 5571
f 5554 5581 5582
f 2946 5583 5584
f 2946 2963 5585
f 2963 5580 5586
f 2963 5555 5554
f 5554 5587 5581
f 2946 5588 5589
f 5585 5583 2946
f 5586 5590 2963
f 5580 2963 5554
f 2963 5576 5557
f 5564 5561 5576
f 5575 5591 5578
f 5587 5573 5572
f 5582 5579 5554
f 5584 5588 2946
f 5590 5585 2963
f 5560 5558 5576
f 5592 5591 5575
f 5575 5593 5594
f 5572 5570 5587
f 5554 5574 5587
f 5589 5575 2946
f 2963 5556 5555
f 5571 5569 5575
f 5594 5592 5575
f 5574 5573 5587
f 5577 5587 5570
f 5557 5556 2963
f 5576 5559 5557
f 5589 5593 5575
f 5558 5559 5576
f 5590 5595 5583
f 5587 5582 5581
f 5597 5596 5577
f 5598 5597 5577
f 5599 5598 5578
f 5591 5599 5578
f 5589 5594 5593
f 5595 5600 5584
f 5584 5583 5595
f 5588 5584 5600
f 5577 5578 5598
f 5587 5577 5596
f 5580 5579 5582
f 5583 5585 5590
f 3857 5601 5602
f 3791 5602 5603
f 3789 5603 5604
f 3787 5604 5605
f 3785 5605 5606
f 3782 5606 5607
f 3780 5607 5608
f 2964 5608 5576
f 5576 2963 2964
f 5608 2964 3780
f 5607 3780 3782
f 5606 3782 3785
f 5605 3785 3787
f 5604 3787 3789
f 5603 3789 3791
f 5602 3791 3857
f 5609 3945 3874
f 5610 3874 3872
f 5611 3872 3870
f 5612 3870 3868
f 5613 3868 3867
f 5614 3867 3956
f 5615 3956 2945
f 5616 2945 2946
f 2946 5575 5616
f 2945 5616 5615
f 3956 5615 5614
f 3867 5614 5613
f 3868 5613 5612
f 3870 5612 5611
f 3872 5611 5610
f 3874 5610 5609
f 1704 5596 5597
f 5582 1706 5563
f 5595 5569 5570
f 5597 5598 1704
f 1706 5587 5596
f 5570 2946 5595
f 5596 1704 1706
f 2963 5553 5552
f 2946 5600 5595
f 1704 5591 5592
f 5598 5599 1704
f 1706 5561 5562
f 5573 5553 2963
f 5599 5591 1704
f 5562 5563 1706
f 5558 5560 1706
f 5557 1706 2963
f 2946 5588 5600
f 2946 1704 5589
f 5582 5563 5566
f 1704 5592 5594
f 5560 5561 1706
f 1706 5557 5558
f 5552 5556 2963
f 5570 5572 2963
f 1704 5594 5589
f 5582 5568 5569
f 5566 5567 5582
f 5572 5573 2963
f 5567 5568 5582
f 5595 5590 5569
f 5582 5587 1706
f 5570 2963 2946
f 5590 5586 5569
f 5586 5580 5569
f 5580 5582 5569
f 2964 2963 1706
f 3789 3787 5617
f 5617 5603 3789
f 5605 5617 3787
f 1706 5608 2964
f 5616 1704 2946
f 5618 5613 3868
f 5611 5618 3870
f 5619 5610 3874
f 3874 3876 5619
f 3868 3870 5618
f 5503 5481 5621
f 5601 3857 5623
f 5088 5601 5624
f 5622 5624 5601
f 5601 5625 5622
f 5625 5601 5503
f 5108 5626 5601
f 5088 5108 5601
f 5515 3857 3856
f 5623 5503 5601
f 5108 5072 5626
f 5624 5620 5088
f 5515 5623 3857
f 5480 5515 3856
f 5621 5625 5503
f 5624 5108 5088
f 5503 5601 5622
f 5108 5624 5601
f 5622 5625 5503
f 3847 5628 5629
f 5478 5480 3851
f 5478 3851 5621
f 5621 5481 5478
f 5627 3851 5629
f 5620 5627 5629
f 5620 5070 5088
f 5620 5629 5070
f 5072 5070 5629
f 5629 5626 5072
f 5627 5621 3851
f 5630 5628 5631
f 5628 3847 5631
f 5480 3856 3851
f 5629 3851 3847
f 5631 5630 1726
f 1726 5632 5631
f 5631 3847 5630
f 3847 5628 5630
f 5070 5629 3851
f 5627 5070 3851
f 5627 5088 5070
f 5088 5627 5620
f 5632 1726 5630
f 5630 5631 5632
f 3877 3876 3945
f 3874 3945 3876
f 3882 3877 3890
f 3945 3890 3877
f 1706 1704 5575
f 5616 5575 1704
f 1706 5576 5608
f 5575 5576 1706
f 5634 5635 5636
f 5634 5609 5619
f 5612 5618 5611
f 5619 5635 5634
f 5613 5618 5612
f 5604 5617 5605
f 5610 5619 5609
f 5617 5604 5603
f 1693 5639 5633
f 5633 5638 1693
f 5637 3879 3882
f 5633 5637 5638
f 5640 5641 5419
f 5640 5453 5641
f 5636 5643 5642
f 5644 5643 5636
f 5636 5444 5644
f 5444 5643 5644
f 5444 5645 5643
f 5636 5640 5419
f 5419 5641 5636
f 5641 5444 5636
f 5636 5646 5640
f 5647 5646 5636
f 5636 3882 5647
f 3882 5646 5647
f 3882 5648 5646
f 3882 3890 5648
f 5642 5634 5636
f 5633 3879 5637
f 3882 5636 5637
f 5647 5649 3882
f 5636 5650 5647
f 5650 5636 5419
f 5636 5421 5419
f 5421 5636 5644
f 5652 5644 5636
f 5644 5651 5421
f 5636 5635 5652
f 5650 5419 5420
f 5638 5633 5639
f 5638 3879 5633
f 5639 1693 5638
f 5638 5637 3879
f 5649 3877 3882
f 5640 5653 5453
f 5609 5446 5657
f 5634 5642 5655
f 3890 3945 5658
f 5653 5654 3945
f 5653 5609 5657
f 3890 5658 5648
f 3945 5654 5658
f 5653 3945 5609
f 5656 5453 5653
f 5657 5656 5653
f 5655 5446 5609
f 5655 5609 5634
f 5645 5444 5446
f 5655 5645 5446
f 5619 5660 5443
f 5659 5420 5661
f 5420 5659 5650
f 5662 5659 5619
f 5664 3876 3877
f 5619 5443 5663
f 5443 5421 5651
f 5661 5619 5659
f 5664 5619 3876
f 5661 5660 5619
f 5664 5662 5619
f 5649 5664 3877
f 5635 5619 5663
f 5651 5663 5443
f 5663 5652 5635
f 5652 5663 5655
f 5663 5651 5645
f 5645 5651 5644
f 5642 5643 5644
f 5644 5652 5642
f 5644 5643 5645
f 5645 5655 5663
f 5655 5642 5652
f 5660 5657 5446
f 5656 5657 5660
f 5660 5661 5656
f 5420 5453 5656
f 5641 5420 5419
f 5420 5641 5453
f 5444 5641 5419
f 5656 5661 5420
f 5443 5660 5446
f 5653 5640 5659
f 5640 5650 5659
f 5659 5662 5653
f 5654 5653 5662
f 5658 5654 5662
f 5662 5664 5658
f 5658 5664 5649
f 5649 5648 5658
f 5646 5649 5647
f 5649 5646 5648
f 5640 5646 5650
f 5647 5650 5646
f 5627 5621 5620
f 5665 4953 4954
f 5666 5665 5667
f 5668 5666 5669
f 5667 5669 5666
f 4954 5667 5665
f 4953 4947 4932
f 4932 4954 4953
f 5670 4932 4947
f 5671 5672 5670
f 5670 4947 5671
f 5676 5673 5675
f 5677 5676 5678
f 5679 5677 5678
f 5671 5679 5672
f 5675 5678 5676
f 5674 5675 5673
f 5674 5673 5680
f 5627 5681 5621
f 5672 4932 5670
f 5682 5681 5627
f 5683 5667 4954
f 5684 5669 5667
f 5685 5682 5627
f 4954 4932 5683
f 5667 5683 5684
f 5686 5685 5668
f 5684 5686 5669
f 5627 5668 5685
f 5668 5669 5686
f 5680 5687 5674
f 5688 5689 5620
f 5624 5688 5620
f 5627 5620 5689
f 4947 4953 4929
f 5690 5668 5627
f 5666 5691 5665
f 5691 4929 4953
f 5627 5689 5690
f 5692 5666 5668
f 5668 5690 5692
f 4953 5665 5691
f 5673 5693 5680
f 5624 5621 5681
f 5689 5681 5682
f 5681 5689 5688
f 5681 5688 5624
f 5693 5673 5674
f 5674 5687 5693
f 5621 5624 5620
f 5672 5671 4947
f 4947 4932 5672
f 5689 5682 5685
f 5690 5685 5686
f 5692 5686 5684
f 5666 5684 5683
f 5691 5683 4932
f 4932 4929 5691
f 5683 5691 5666
f 5684 5666 5692
f 5686 5692 5690
f 5685 5690 5689
f 4932 4947 4929
f 5695 5694 5621
f 5624 5695 5621
f 5621 5696 5627
f 5680 5698 5697
f 5687 5699 5693
f 5693 5698 5680
f 5699 5687 5680
f 5680 5697 5699
f 5627 5696 5697
f 5697 5698 5627
f 5696 5621 5699
f 5699 5697 5696
f 5694 5695 5693
f 5693 5699 5694
f 5620 5698 5693
f 5693 5624 5620
f 5695 5624 5693
f 5699 5621 5694
f 5698 5620 5627
f 5700 5701 5702
f 5702 5703 5700
f 5703 5702 5704
f 5703 5704 5705
f 5706 729 5703
f 5703 5705 5706
f 729 5706 736
f 729 736 741
f 741 740 729
f 5707 5708 1786
f 1786 741 5707
f 5708 5707 5709
f 5710 5708 5709
f 5707 5711 5709
f 5707 5710 5709
f 5711 5707 5701
f 5712 5713 5700
f 5708 5700 5713
f 728 1784 5708
f 5708 5707 728
f 729 728 5702
f 5702 5703 729
f 5706 5705 5702
f 5702 728 5706
f 5705 5704 5702
f 5707 741 728
f 728 736 5706
f 1784 1786 5708
f 741 1786 1784
f 740 728 729
f 728 740 741
f 1784 728 741
f 5700 5707 5708
f 5701 5715 5714
f 5716 5715 5701
f 5701 5712 5716
f 5712 5701 5700
f 5707 5700 5701
f 5708 5710 5711
f 5718 5717 5715
f 5715 5711 5718
f 5711 5710 5709
f 5715 5700 5711
f 5711 5700 5708
f 5714 5715 5717
f 5701 5714 5711
f 5718 5711 5714
f 5714 5717 5718
f 5700 5716 5712
f 5716 5700 5715
f 5722 5721 1880
f 5723 5721 5722
f 5721 5724 1880
f 5257 1069 5719
f 1066 5719 1069
f 5725 5726 5724
f 5722 5727 5728
f 2703 5729 5727
f 5726 5729 2703
f 2703 1880 5724
f 5722 1880 2703
f 5724 5726 2703
f 2703 5727 5722
f 5728 5730 5725
f 5724 5721 5722
f 5725 5724 5722
f 5722 5728 5725
f 5727 5730 5728
f 5730 5727 5729
f 5729 5726 5730
f 5725 5730 5726
f 5651 5644 5652
f 5731 5651 5652
f 5652 5732 5731
f 5733 4974 4975
f 5734 5733 5735
f 5736 5734 5737
f 5644 5736 5738
f 5738 5652 5644
f 5737 5738 5736
f 5735 5737 5734
f 4975 5735 5733
f 5740 5741 4976
f 4976 5739 5740
f 5742 5743 5744
f 5745 5742 5744
f 5747 5745 5748
f 5747 5741 5740
f 5746 5748 5745
f 5744 5746 5745
f 5744 5743 5749
f 5749 5750 5744
f 5663 5732 5652
f 4977 4975 4976
f 5751 5735 4975
f 5752 5737 5735
f 5753 5642 5652
f 4975 4977 5751
f 5735 5751 5752
f 5754 5753 5738
f 5752 5754 5737
f 5652 5738 5753
f 5738 5737 5754
f 5739 4972 5740
f 4972 5739 4976
f 5755 5736 5644
f 5756 5757 5733
f 5757 4972 4974
f 5644 5645 5755
f 5758 5734 5736
f 5734 5758 5756
f 5749 5743 5759
f 5736 5755 5758
f 4974 5733 5757
f 5745 5743 5742
f 5733 5734 5756
f 5651 5663 5652
f 5651 5652 5642
f 5642 5645 5651
f 5749 5759 5744
f 5663 5651 5731
f 5731 5732 5663
f 5744 5759 5743
f 5744 5743 5745
f 5741 5740 4972
f 4972 4976 5741
f 5645 5642 5753
f 5755 5753 5754
f 5758 5754 5752
f 5756 5752 5751
f 5757 5751 4977
f 4977 4972 5757
f 5751 5757 5756
f 5752 5756 5758
f 5754 5758 5755
f 5753 5755 5645
f 4972 4977 4976
f 5644 5731 5732
f 5732 5652 5644
f 5760 5732 5731
f 5760 5652 5732
f 5749 5761 5762
f 5764 5749 5750
f 5762 5750 5749
f 5644 5652 5761
f 5761 5749 5644
f 5652 5760 5750
f 5750 5762 5652
f 5760 5731 5764
f 5764 5750 5760
f 5644 5749 5764
f 5764 5731 5644
f 5749 5763 5644
f 5762 5761 5652
f 5765 5766 5767
f 5767 5768 5765
f 698 700 5768
f 5768 5767 698
f 700 698 699
f 694 699 697
f 699 694 700
f 5769 5770 697
f 5769 5771 5770
f 5769 5772 5771
f 5769 5773 5772
f 5773 5769 5766
f 5765 5770 5774
f 5771 5774 5770
f 5770 5769 701
f 701 698 700
f 700 698 5767
f 5767 5768 700
f 5775 5767 5766
f 5769 697 701
f 697 699 701
f 701 699 698
f 701 697 5770
f 694 697 701
f 694 701 700
f 5765 5768 5775
f 5775 5766 5765
f 5767 5775 5768
f 5765 5769 5770
f 5766 5777 5776
f 5777 5766 5765
f 5765 5766 5769
f 5766 5771 5772
f 5766 5774 5771
f 5778 5774 5773
f 5778 5773 5779
f 5772 5773 5766
f 5774 5766 5773
f 5776 5777 5778
f 5778 5779 5776
f 5779 5773 5776
f 5773 5766 5776
f 5777 5774 5778
f 5774 5777 5765
f 5780 5649 5659
f 5659 5781 5780
f 5650 5659 5649
f 5647 5650 5649
f 5782 4963 4967
f 5783 5782 5784
f 5785 5783 5786
f 5647 5785 5787
f 5786 5787 5785
f 5784 5786 5783
f 4967 5784 5782
f 4963 4964 4968
f 4968 4967 4963
f 5788 4968 4964
f 5789 5790 5788
f 5788 4964 5789
f 5793 5791 5792
f 5789 5793 5790
f 5792 5794 5793
f 5792 5791 5795
f 5795 5796 5792
f 5790 4968 5788
f 5640 5653 5650
f 5650 5653 5659
f 5797 5784 4967
f 5798 5786 5784
f 5799 5640 5647
f 5650 5647 5640
f 5800 5792 5796
f 4967 4968 5797
f 5784 5797 5798
f 5801 5799 5787
f 5798 5801 5786
f 5647 5787 5799
f 5792 5800 5794
f 5793 5794 5790
f 5787 5786 5801
f 5796 5802 5800
f 4964 4962 5789
f 4962 4964 4963
f 5648 5647 5649
f 5803 5797 5782
f 5797 4962 4963
f 5647 5648 5785
f 5804 5783 5785
f 5783 5804 5803
f 5793 5805 5791
f 4963 5782 5797
f 5782 5783 5803
f 5649 5659 5653
f 5648 5653 5640
f 5653 5648 5649
f 5795 5791 5800
f 5800 5802 5795
f 5805 5794 5800
f 5800 5791 5805
f 5794 5805 5793
f 5790 5789 4962
f 4962 4968 5790
f 5648 5640 5799
f 5785 5799 5801
f 5804 5801 5798
f 5803 5798 5797
f 4968 4962 5797
f 5798 5803 5804
f 5801 5804 5785
f 5799 5785 5648
f 5781 5780 5806
f 5807 5780 5781
f 5781 5647 5807
f 5650 5647 5781
f 5780 5807 5806
f 5795 5808 5796
f 5802 5809 5795
f 5809 5802 5796
f 5807 5647 5796
f 5796 5808 5807
f 5650 5781 5809
f 5809 5796 5650
f 5781 5806 5795
f 5795 5809 5781
f 5807 5808 5795
f 5795 5806 5807
f 5647 5650 5796
f 5812 5810 5811
f 5814 5812 5813
f 5816 5814 5815
f 5818 5816 5817
f 5820 5818 5819
f 5810 5820 5821
f 5821 5811 5810
f 5819 5821 5820
f 5817 5819 5818
f 5815 5817 5816
f 5813 5815 5814
f 5811 5813 5812
f 5350 5983 5822
f 5984 5985 5823
f 5986 5824 5825
f 5826 5827 5824
f 5824 5986 5826
f 5826 5828 5829
f 5829 5827 5826
f 5826 5831 5830
f 5830 5828 5826
f 5826 5833 5831
f 5833 5834 5835
f 5825 5832 5986
f 5833 5836 5831
f 5833 5837 5834
f 5833 5838 5837
f 5987 5839 5840
f 5835 5836 5833
f 5840 5833 5987
f 5987 5841 5842
f 5840 5838 5833
f 5842 5839 5987
f 5988 5844 5843
f 5988 5989 5845
f 5843 5987 5988
f 5845 5844 5988
f 5846 5847 5848
f 5849 5850 5851
f 5850 5852 5846
f 5846 5848 5850
f 5849 5852 5850
f 5853 5854 5850
f 5848 5853 5850
f 5987 5855 5856
f 5841 5857 5854
f 5856 5841 5987
f 5856 5857 5841
f 5986 5859 5860
f 5858 5861 5854
f 5853 5862 5863
f 5860 5864 5986
f 5853 5865 5859
f 5854 5866 5858
f 5853 5867 5866
f 5853 5859 5862
f 5865 5860 5859
f 5866 5854 5853
f 5863 5867 5853
f 5990 5869 5870
f 5870 5871 5990
f 5868 5870 5869
f 5873 5874 5983
f 5983 5875 5873
f 5879 5876 5877
f 5350 5343 5876
f 5876 5879 5350
f 5883 5884 5881
f 5880 5885 5879
f 5879 5886 5884
f 5882 5883 5881
f 5885 5886 5879
f 5884 5887 5879
f 5879 5334 5335
f 5333 5332 5888
f 5335 5350 5879
f 5879 5887 5336
f 5879 5336 5334
f 5887 5888 5332
f 5333 5889 5322
f 5332 5336 5887
f 5321 5890 5326
f 5890 5320 5326
f 5328 5891 5983
f 5983 5327 5328
f 5983 5325 5327
f 5983 5350 5325
f 5350 5322 5323
f 5320 5891 5326
f 5328 5330 5891
f 5323 5329 5350
f 5330 5326 5891
f 5321 5324 5323
f 5323 5322 5321
f 5892 5893 5872
f 5894 5990 5895
f 5875 5983 5896
f 5990 5893 5895
f 5893 5990 5871
f 5893 5871 5872
f 5872 5875 5892
f 5983 5897 5896
f 5983 5898 5897
f 5875 5896 5892
f 5894 5895 5898
f 5898 5891 5894
f 5898 5983 5891
f 5899 5869 5900
f 5869 5990 5903
f 5901 5903 5990
f 5899 5905 5902
f 5902 5904 5899
f 5903 5900 5869
f 5990 5908 5901
f 5907 5908 5906
f 5900 5905 5899
f 5907 5901 5908
f 5904 5907 5906
f 5909 5910 5899
f 5986 5911 5910
f 5910 5909 5986
f 5986 5912 5911
f 5986 5864 5912
f 5986 5914 5913
f 5986 5909 5914
f 5909 5915 5916
f 5909 5916 5914
f 5917 5919 5918
f 5917 5918 5915
f 5826 5986 5920
f 5915 5909 5917
f 5919 5826 5918
f 5920 5921 5826
f 5913 5920 5986
f 5921 5918 5826
f 5987 5833 5923
f 5988 5926 5922
f 5924 5927 5925
f 5926 5988 5987
f 5987 5923 5926
f 5924 5833 5927
f 5833 5924 5923
f 5925 5929 5924
f 5988 5922 5930
f 5929 5925 5928
f 5928 5930 5929
f 5930 5928 5988
f 5989 5988 5931
f 5932 5991 5933
f 5934 5935 5936
f 5939 5938 5937
f 5991 5940 5933
f 5991 5934 5936
f 5937 5932 5939
f 5936 5940 5991
f 5935 5941 5936
f 5935 5989 5942
f 5989 5943 5942
f 5989 5937 5938
f 5933 5939 5932
f 5938 5943 5989
f 5942 5941 5935
f 5985 5984 5945
f 5944 5945 5984
f 5985 5945 5946
f 5947 5949 5950
f 5950 5948 5947
f 5951 5952 5953
f 5984 5947 5944
f 5951 5985 5954
f 5947 5984 5949
f 5948 5953 5947
f 5946 5954 5985
f 5953 5948 5951
f 5954 5952 5951
f 5955 5956 5957
f 5957 5958 5955
f 5957 5985 5959
f 5985 5951 5964
f 5962 5955 5960
f 5962 5965 5955
f 5959 5958 5957
f 5963 5959 5985
f 5966 5967 5960
f 5965 5956 5955
f 5968 5969 5966
f 5960 5961 5962
f 5951 5968 5964
f 5968 5951 5969
f 5967 5961 5960
f 5964 5963 5985
f 5960 5968 5966
f 5970 5971 5985
f 5971 5972 5985
f 5957 5970 5985
f 5984 5973 5974
f 5984 5975 5973
f 5984 5977 5813
f 5977 5976 5813
f 5979 5821 5819
f 5821 5979 5949
f 5976 5978 5815
f 5815 5813 5976
f 5991 5979 5817
f 5811 5821 5949
f 5811 5949 5984
f 5991 5817 5815
f 5813 5811 5984
f 5815 5978 5991
f 5979 5819 5817
f 5934 5981 5980
f 5991 5982 5981
f 5981 5934 5991
f 5991 5978 5982
f 5974 5977 5984
f 5972 5823 5985
f 5979 5991 5932
f 5931 5937 5989
f 5931 5988 5928
f 5899 5906 5909
f 5904 5906 5899
f 5908 5990 5894
f 5888 5889 5333
f 5883 5887 5884
f 5877 5878 5879
f 5874 5822 5983
f 5854 5861 5841
f 5843 5855 5987
f 5845 5989 5935
f 5832 5859 5986
f 5823 5975 5984
f 5822 5343 5350
f 6171 5992 5993
f 6172 5994 5995
f 6173 5996 5997
f 6173 5998 5999
f 5998 6000 6001
f 6173 6002 5996
f 5998 6003 5999
f 5998 6004 6000
f 6005 6174 6007
f 5999 6002 6173
f 5998 6008 6004
f 6005 6010 6006
f 6005 6011 6012
f 6174 6013 6007
f 6001 6003 5998
f 6009 5998 6005
f 6012 6010 6005
f 6174 6014 6013
f 6009 6008 5998
f 6007 6011 6005
f 6006 6009 6005
f 6174 6015 6014
f 6175 6017 6018
f 6018 6019 6175
f 6016 6018 6017
f 6019 6020 6175
f 6022 6023 6172
f 6172 6024 6022
f 6176 6025 6026
f 6176 6027 6025
f 6176 6026 6028
f 6176 5995 6027
f 6030 6029 6031
f 6030 6032 6029
f 6031 6034 6030
f 6032 6035 6029
f 6033 6035 6176
f 6036 6037 6038
f 6031 6039 6034
f 6033 6029 6035
f 6028 6041 6036
f 6036 6041 6037
f 6038 6039 6031
f 6176 6042 6043
f 6028 6040 6042
f 6036 6040 6028
f 6031 6036 6038
f 6176 6043 6033
f 6042 6176 6028
f 6044 6045 6046
f 6044 6047 6045
f 6048 6172 6044
f 6172 6049 6050
f 6035 6045 6047
f 6046 6048 6044
f 6172 6050 6044
f 6047 6053 6035
f 6051 6049 6176
f 6176 6052 6051
f 6035 6053 6052
f 6052 6176 6035
f 6048 6054 5820
f 6172 6048 5810
f 6054 5816 5818
f 6048 5820 5810
f 5818 5820 6054
f 6175 6020 5814
f 5814 6020 6021
f 6021 5812 5814
f 5812 6021 6024
f 5816 6054 6175
f 5812 6024 6172
f 6172 5810 5812
f 5814 5816 6175
f 6055 6056 6057
f 6057 6175 6055
f 6175 6060 6059
f 6056 6055 6061
f 6177 6063 6062
f 6057 6060 6175
f 6061 6062 6056
f 6058 6063 6177
f 6058 6177 6064
f 6059 6064 6017
f 6062 6061 6177
f 6064 6065 6058
f 6059 6065 6064
f 6177 6061 6066
f 6068 6069 6067
f 6073 6068 6071
f 6068 6067 6071
f 6069 5998 6067
f 6173 6178 6072
f 6072 6070 6173
f 6178 6073 6075
f 6070 5998 6173
f 6070 6067 5998
f 6075 6074 6178
f 6071 6075 6073
f 6076 6078 6077
f 6077 6079 6080
f 6076 6005 6078
f 6077 6080 6076
f 6005 6083 6084
f 6082 6081 6079
f 6082 6079 6174
f 6005 6076 6083
f 6174 6084 6085
f 6081 6080 6079
f 6084 6174 6005
f 6086 6088 6089
f 6179 6090 6091
f 6086 6090 6087
f 6086 6087 6088
f 6090 6092 6091
f 6090 6086 6092
f 6089 6093 6094
f 6171 6095 6094
f 6094 6096 6089
f 6094 6093 6171
f 6096 6086 6089
f 6091 6097 6179
f 6171 6098 6095
f 6098 6171 6179
f 6093 6101 6099
f 6099 6101 6100
f 6102 6100 6103
f 6100 6102 6099
f 6093 6099 6104
f 6103 6105 6102
f 6105 6103 6110
f 6110 6171 6107
f 6104 6171 6093
f 6106 6105 6110
f 6104 6107 6171
f 6110 6108 6109
f 6110 6111 6108
f 6110 6112 6113
f 6113 6111 6110
f 6115 6114 6112
f 6114 6113 6112
f 6110 6103 6112
f 6116 6117 6171
f 6110 6118 6116
f 6116 6171 6110
f 6179 6119 6120
f 6179 5993 6119
f 6121 6123 6122
f 6126 6180 6123
f 6125 6180 6124
f 6124 6090 6127
f 6121 6126 6123
f 6125 6123 6180
f 6127 6125 6124
f 6129 6179 6128
f 6090 6179 6127
f 6129 6130 6179
f 6130 6127 6179
f 6128 6122 6129
f 6122 6128 6121
f 6132 6133 6180
f 6133 6132 6131
f 6180 6126 6132
f 6134 6136 6135
f 6133 6135 6139
f 6135 6133 6134
f 6134 6140 6141
f 6180 6139 6142
f 6134 6137 6140
f 6137 6138 6140
f 6137 6143 6138
f 6141 6136 6134
f 6143 6142 6138
f 6139 6180 6133
f 6142 6143 6180
f 6174 6079 6144
f 6079 6137 6134
f 6144 6145 6174
f 6134 6144 6079
f 6145 6146 6174
f 6149 6150 6147
f 6148 6149 6147
f 6149 6151 6153
f 6152 6153 6151
f 6153 6150 6149
f 6154 6155 6151
f 6149 6154 6151
f 6173 5997 6156
f 6015 6157 6155
f 6174 6158 6159
f 6155 6154 6160
f 6156 6161 6173
f 6015 6159 6157
f 6155 6162 6163
f 6154 6164 6160
f 6154 6165 6164
f 5997 6166 6156
f 5997 6165 6154
f 6159 6015 6174
f 6155 6167 6162
f 6154 6166 5997
f 6163 6015 6155
f 6160 6167 6155
f 6178 6169 6168
f 6178 6173 6170
f 6170 6169 6178
f 6173 6161 6170
f 6168 6177 6178
f 6146 6158 6174
f 6120 6128 6179
f 6117 5992 6171
f 6107 6106 6110
f 6097 6098 6179
f 6124 6180 6143
f 6085 6082 6174
f 6074 6072 6178
f 6073 6178 6066
f 6066 6178 6177
f 6059 6017 6175
f 6055 6175 6054
f 6049 6172 6176
f 6023 5994 6172
f 6064 6177 6168
f 5995 6176 6172
f 5993 6179 6171
f 5872 5871 6126
f 6126 6121 5872
f 6038 5962 5961
f 5961 6039 6038
f 6026 5970 5957
f 5957 6028 6026
f 6027 5995 5823
f 5975 5823 5995
f 5995 5994 5975
f 5973 5975 5994
f 5994 6023 5973
f 5823 5972 6027
f 6022 6024 5977
f 5976 5977 6024
f 6024 6021 5976
f 5977 5974 6022
f 5978 6020 6019
f 6019 5982 5978
f 6168 5845 5935
f 5935 5934 6017
f 6017 6064 5935
f 6016 6017 5934
f 5934 5980 6016
f 5935 6064 6168
f 6153 5846 5852
f 5852 6150 6153
f 5899 6134 6133
f 6133 5869 5899
f 6133 6131 5868
f 5868 5869 6133
f 5870 6132 6126
f 6126 5871 5870
f 5873 5875 6128
f 6121 6128 5875
f 5875 5872 6121
f 6128 6120 5873
f 5876 5343 5992
f 5993 5992 5343
f 5343 5822 5993
f 6119 5993 5822
f 5822 5874 6119
f 5992 6117 5876
f 5879 5878 6118
f 5877 6116 6118
f 6118 5878 5877
f 6118 6110 5879
f 6113 5884 5886
f 5886 6111 6113
f 6100 5888 5887
f 5883 6112 6103
f 6103 5887 5883
f 5887 6103 6100
f 5321 5322 6093
f 6101 6093 5322
f 5322 5889 6101
f 6093 6089 5321
f 6087 6090 5891
f 5891 6090 6124
f 6124 5894 5891
f 6143 5908 5894
f 5894 6124 6143
f 6143 6137 5906
f 5906 5908 6143
f 5909 5906 6137
f 6137 6079 5909
f 6079 6077 5917
f 5917 5909 6079
f 5891 5320 6087
f 6078 6005 5826
f 5833 5826 6005
f 6005 5998 5833
f 5927 5833 5998
f 5998 6069 5927
f 5826 5919 6078
f 6068 6073 5928
f 6073 6066 5931
f 5931 5928 6073
f 5937 5931 6066
f 6066 6061 5937
f 6061 6055 5932
f 5932 5937 6061
f 5979 5932 6055
f 6055 6054 5979
f 5949 5979 6054
f 6054 6048 5949
f 5950 5949 6048
f 6048 6046 5950
f 5928 5925 6068
f 5969 5951 6035
f 6045 6035 5951
f 5951 5948 6045
f 6035 6032 5969
f 5966 6030 6034
f 6034 5967 5966
f 6039 5961 5967
f 5967 6034 6039
f 6030 5966 5969
f 5969 6032 6030
f 6041 6028 5957
f 6041 5956 5965
f 6037 5965 5962
f 5962 6038 6037
f 5965 6037 6041
f 5957 5956 6041
f 6027 5972 5971
f 6025 5971 5970
f 5970 6026 6025
f 5971 6025 6027
f 6150 5852 5849
f 6147 5849 5851
f 6148 5851 5850
f 5850 6149 6148
f 5851 6148 6147
f 5849 6147 6150
f 5948 5950 6046
f 6046 6045 5948
f 6078 5919 5917
f 5917 6077 6078
f 5890 5321 6089
f 5320 5890 6088
f 6088 6087 5320
f 6089 6088 5890
f 6068 5925 5927
f 5927 6069 6068
f 6151 5848 5847
f 6152 5847 5846
f 5846 6153 6152
f 5847 6152 6151
f 6116 5877 5876
f 5876 6117 6116
f 6101 5889 5888
f 5888 6100 6101
f 6111 5886 5885
f 6108 5885 5880
f 6109 5880 5879
f 5879 6110 6109
f 5880 6109 6108
f 5885 6108 6111
f 6112 5883 5882
f 6115 5882 5881
f 6114 5881 5884
f 5884 6113 6114
f 5881 6114 6115
f 5882 6115 6112
f 6119 5874 5873
f 5873 6120 6119
f 6022 5974 5973
f 5973 6023 6022
f 5844 5845 6168
f 5843 5844 6169
f 6170 6161 5855
f 5855 5843 6170
f 5856 5855 6161
f 5857 5856 6156
f 6166 6154 5854
f 5854 5857 6166
f 5850 5854 6154
f 6154 6149 5850
f 6156 6166 5857
f 6161 6156 5856
f 6169 6170 5843
f 6168 6169 5844
f 5853 5848 6151
f 5865 5853 6155
f 5860 5865 6157
f 5864 5860 6159
f 5912 5864 6158
f 5911 5912 6146
f 5910 5911 6145
f 5899 5910 6144
f 6144 6134 5899
f 6145 6144 5910
f 6146 6145 5911
f 6158 6146 5912
f 6159 6158 5864
f 6157 6159 5860
f 6155 6157 5865
f 6151 6155 5853
f 5981 5982 6019
f 5980 5981 6018
f 6018 6016 5980
f 6019 6018 5981
f 5978 5976 6021
f 6021 6020 5978
f 5870 5868 6131
f 6131 6132 5870
f 6036 6031 5960
f 6040 6036 5955
f 6042 6040 5958
f 6043 6042 5959
f 6033 6043 5963
f 6029 6033 5964
f 6031 6029 5968
f 5968 5960 6031
f 5964 5968 6029
f 5963 5964 6033
f 5959 5963 6043
f 5958 5959 6042
f 5955 5958 6040
f 5960 5955 6036
f 6051 6052 5954
f 6049 6051 5946
f 6050 6049 5945
f 6044 6050 5944
f 6047 6044 5947
f 6053 6047 5953
f 6052 6053 5952
f 5952 5954 6052
f 5953 5952 6053
f 5947 5953 6047
f 5944 5947 6044
f 5945 5944 6050
f 5946 5945 6049
f 5954 5946 6051
f 6057 6056 5939
f 6060 6057 5933
f 6059 6060 5940
f 6065 6059 5936
f 6058 6065 5941
f 6063 6058 5942
f 6062 6063 5943
f 6056 6062 5938
f 5938 5939 6056
f 5943 5938 6062
f 5942 5943 6063
f 5941 5942 6058
f 5936 5941 6065
f 5940 5936 6059
f 5933 5940 6060
f 5939 5933 6057
f 6074 6075 5930
f 6072 6074 5922
f 6070 6072 5926
f 6067 6070 5923
f 6071 6067 5924
f 6075 6071 5929
f 5929 5930 6075
f 5924 5929 6071
f 5923 5924 6067
f 5926 5923 6070
f 5922 5926 6072
f 5930 5922 6074
f 6122 6123 5893
f 6129 6122 5892
f 6130 6129 5896
f 6127 6130 5897
f 6125 6127 5898
f 6123 6125 5895
f 5895 5893 6123
f 5898 5895 6125
f 5897 5898 6127
f 5896 5897 6130
f 5892 5896 6129
f 5893 5892 6122
f 6085 6084 5920
f 6082 6085 5913
f 6081 6082 5914
f 6080 6081 5916
f 6076 6080 5915
f 6083 6076 5918
f 6084 6083 5921
f 5921 5920 6084
f 5918 5921 6083
f 5915 5918 6076
f 5916 5915 6080
f 5914 5916 6081
f 5913 5914 6082
f 5920 5913 6085
f 6135 6136 5905
f 6139 6135 5900
f 6142 6139 5903
f 6138 6142 5901
f 6140 6138 5907
f 6141 6140 5904
f 6136 6141 5902
f 5902 5905 6136
f 5904 5902 6141
f 5907 5904 6140
f 5901 5907 6138
f 5903 5901 6142
f 5900 5903 6139
f 5905 5900 6135
f 6097 6091 5328
f 6098 6097 5327
f 6095 6098 5325
f 6094 6095 5329
f 6096 6094 5323
f 6086 6096 5324
f 6092 6086 5326
f 6091 6092 5330
f 5330 5328 6091
f 5326 5330 6092
f 5324 5326 6086
f 5323 5324 6096
f 5329 5323 6094
f 5325 5329 6095
f 5327 5325 6098
f 5328 5327 6097
f 6107 6104 5337
f 6106 6107 5335
f 6105 6106 5334
f 6102 6105 5336
f 6099 6102 5332
f 6104 6099 5333
f 5333 5337 6104
f 5332 5333 6099
f 5336 5332 6102
f 5334 5336 6105
f 5335 5334 6106
f 5337 5335 6107
f 5996 6002 5839
f 5997 5996 5842
f 6165 5997 5841
f 6164 6165 5861
f 6160 6164 5858
f 6167 6160 5866
f 6162 6167 5867
f 6163 6162 5863
f 6015 6163 5862
f 6014 6015 5859
f 6013 6014 5832
f 6007 6013 5825
f 6011 6007 5824
f 6012 6011 5827
f 6010 6012 5829
f 6006 6010 5828
f 6009 6006 5830
f 6008 6009 5831
f 6004 6008 5836
f 6000 6004 5835
f 6001 6000 5834
f 6003 6001 5837
f 5999 6003 5838
f 6002 5999 5840
f 5840 5839 6002
f 5838 5840 5999
f 5837 5838 6003
f 5834 5837 6001
f 5835 5834 6000
f 5836 5835 6004
f 5831 5836 6008
f 5830 5831 6009
f 5828 5830 6006
f 5829 5828 6010
f 5827 5829 6012
f 5824 5827 6011
f 5825 5824 6007
f 5832 5825 6013
f 5859 5832 6014
f 5862 5859 6015
f 5863 5862 6163
f 5867 5863 6162
f 5866 5867 6167
f 5858 5866 6160
f 5861 5858 6164
f 5841 5861 6165
f 5842 5841 5997
f 5839 5842 5996
f 6183 6181 6182
f 6185 6183 6184
f 6187 6185 6186
f 6189 6187 6188
f 6191 6189 6190
f 6181 6191 6192
f 6192 6182 6181
f 6190 6192 6191
f 6188 6190 6189
f 6186 6188 6187
f 6184 6186 6185
f 6182 6184 6183
f 6372 6373 6193
f 6374 6375 6194
f 6376 6195 6196
f 6197 6198 6195
f 6195 6376 6197
f 6197 6199 6200
f 6200 6198 6197
f 6197 6202 6201
f 6201 6199 6197
f 6197 6204 6202
f 6204 6205 6206
f 6196 6203 6376
f 6204 6207 6202
f 6204 6208 6205
f 6204 6209 6208
f 6377 6210 6211
f 6206 6207 6204
f 6211 6204 6377
f 6377 6212 6213
f 6211 6209 6204
f 6213 6210 6377
f 6378 6215 6214
f 6378 6379 6216
f 6214 6377 6378
f 6216 6215 6378
f 6217 6218 6219
f 6220 6221 6222
f 6221 6223 6217
f 6217 6219 6221
f 6220 6223 6221
f 6224 6225 6221
f 6219 6224 6221
f 6377 6226 6227
f 6212 6228 6225
f 6227 6212 6377
f 6227 6228 6212
f 6376 6230 6231
f 6229 6232 6225
f 6224 6233 6234
f 6231 6235 6376
f 6224 6236 6230
f 6225 6237 6229
f 6224 6238 6237
f 6224 6230 6233
f 6236 6231 6230
f 6237 6225 6224
f 6234 6238 6224
f 6380 6240 6241
f 6241 6242 6380
f 6239 6241 6240
f 6244 6245 6373
f 6373 6246 6244
f 6251 6247 6248
f 6372 6249 6247
f 6247 6251 6372
f 6255 6256 6253
f 6252 6257 6251
f 6251 6258 6256
f 6254 6255 6253
f 6257 6258 6251
f 6256 6259 6251
f 6251 6260 6261
f 6262 6263 6264
f 6372 6261 6265
f 6261 6372 6251
f 6251 6259 6266
f 6251 6266 6260
f 6259 6264 6263
f 6262 6268 6267
f 6267 6372 6265
f 6263 6266 6259
f 6265 6262 6267
f 6270 6272 6269
f 6272 6271 6269
f 6273 6274 6373
f 6373 6275 6273
f 6373 6276 6275
f 6373 6372 6276
f 6372 6267 6277
f 6271 6274 6269
f 6273 6278 6274
f 6277 6279 6372
f 6278 6269 6274
f 6270 6280 6277
f 6270 6269 6280
f 6279 6276 6372
f 6277 6267 6270
f 6281 6282 6243
f 6283 6380 6284
f 6246 6373 6285
f 6380 6282 6284
f 6282 6380 6242
f 6282 6242 6243
f 6243 6246 6281
f 6373 6286 6285
f 6373 6287 6286
f 6246 6285 6281
f 6283 6284 6287
f 6287 6274 6283
f 6287 6373 6274
f 6288 6240 6289
f 6240 6380 6292
f 6290 6292 6380
f 6288 6294 6291
f 6291 6293 6288
f 6292 6289 6240
f 6380 6297 6290
f 6296 6297 6295
f 6289 6294 6288
f 6296 6290 6297
f 6293 6296 6295
f 6298 6299 6288
f 6376 6300 6299
f 6299 6298 6376
f 6376 6301 6300
f 6376 6235 6301
f 6376 6303 6302
f 6376 6298 6303
f 6298 6304 6305
f 6298 6305 6303
f 6306 6308 6307
f 6306 6307 6304
f 6197 6376 6309
f 6304 6298 6306
f 6308 6197 6307
f 6309 6310 6197
f 6302 6309 6376
f 6310 6307 6197
f 6377 6204 6312
f 6378 6315 6311
f 6313 6316 6314
f 6315 6378 6377
f 6377 6312 6315
f 6313 6204 6316
f 6204 6313 6312
f 6314 6318 6313
f 6378 6311 6319
f 6318 6314 6317
f 6317 6319 6318
f 6319 6317 6378
f 6379 6378 6320
f 6321 6381 6322
f 6323 6324 6325
f 6328 6327 6326
f 6381 6329 6322
f 6381 6323 6325
f 6326 6321 6328
f 6325 6329 6381
f 6324 6330 6325
f 6324 6379 6331
f 6379 6332 6331
f 6379 6326 6327
f 6322 6328 6321
f 6327 6332 6379
f 6331 6330 6324
f 6375 6374 6334
f 6333 6334 6374
f 6375 6334 6335
f 6336 6338 6339
f 6339 6337 6336
f 6340 6341 6342
f 6374 6336 6333
f 6340 6375 6343
f 6336 6374 6338
f 6337 6342 6336
f 6335 6343 6375
f 6342 6337 6340
f 6343 6341 6340
f 6344 6345 6346
f 6346 6347 6344
f 6346 6375 6348
f 6375 6340 6353
f 6351 6344 6349
f 6351 6354 6344
f 6348 6347 6346
f 6352 6348 6375
f 6355 6356 6349
f 6354 6345 6344
f 6357 6358 6355
f 6349 6350 6351
f 6340 6357 6353
f 6357 6340 6358
f 6356 6350 6349
f 6353 6352 6375
f 6349 6357 6355
f 6359 6360 6375
f 6360 6361 6375
f 6346 6359 6375
f 6374 6362 6363
f 6374 6364 6362
f 6374 6366 6184
f 6366 6365 6184
f 6368 6192 6190
f 6192 6368 6338
f 6365 6367 6186
f 6186 6184 6365
f 6381 6368 6188
f 6182 6192 6338
f 6182 6338 6374
f 6381 6188 6186
f 6184 6182 6374
f 6186 6367 6381
f 6368 6190 6188
f 6323 6370 6369
f 6381 6371 6370
f 6370 6323 6381
f 6381 6367 6371
f 6363 6366 6374
f 6361 6194 6375
f 6368 6381 6321
f 6320 6326 6379
f 6320 6378 6317
f 6288 6295 6298
f 6293 6295 6288
f 6297 6380 6283
f 6264 6268 6262
f 6255 6259 6256
f 6248 6250 6251
f 6245 6193 6373
f 6225 6232 6212
f 6214 6226 6377
f 6216 6379 6324
f 6203 6230 6376
f 6194 6364 6374
f 6193 6249 6372
f 5407 5362 6382
f 6544 6383 6384
f 6545 6385 6386
f 6545 6387 6388
f 6387 6389 6390
f 6545 6391 6385
f 6387 6392 6388
f 6387 6393 6389
f 6394 6546 6396
f 6388 6391 6545
f 6387 6397 6393
f 6394 6399 6395
f 6394 6400 6401
f 6546 6402 6396
f 6390 6392 6387
f 6398 6387 6394
f 6401 6399 6394
f 6546 6403 6402
f 6398 6397 6387
f 6396 6400 6394
f 6395 6398 6394
f 6546 6404 6403
f 6547 6406 6407
f 6407 6408 6547
f 6405 6407 6406
f 6408 6409 6547
f 6411 6412 6544
f 6544 6413 6411
f 6548 6414 6415
f 6548 6416 6414
f 6548 6415 6417
f 6548 6384 6416
f 6419 6418 6420
f 6419 6421 6418
f 6420 6423 6419
f 6421 6424 6418
f 6422 6424 6548
f 6425 6426 6427
f 6420 6428 6423
f 6422 6418 6424
f 6417 6430 6425
f 6425 6430 6426
f 6427 6428 6420
f 6548 6431 6432
f 6417 6429 6431
f 6425 6429 6417
f 6420 6425 6427
f 6548 6432 6422
f 6431 6548 6417
f 6433 6434 6435
f 6433 6436 6434
f 6437 6544 6433
f 6544 6438 6439
f 6424 6434 6436
f 6435 6437 6433
f 6544 6439 6433
f 6436 6442 6424
f 6440 6438 6548
f 6548 6441 6440
f 6424 6442 6441
f 6441 6548 6424
f 6437 6443 6191
f 6544 6437 6181
f 6443 6187 6189
f 6437 6191 6181
f 6189 6191 6443
f 6547 6409 6185
f 6185 6409 6410
f 6410 6183 6185
f 6183 6410 6413
f 6187 6443 6547
f 6183 6413 6544
f 6544 6181 6183
f 6185 6187 6547
f 6444 6445 6446
f 6446 6547 6444
f 6547 6449 6448
f 6445 6444 6450
f 6549 6452 6451
f 6446 6449 6547
f 6450 6451 6445
f 6447 6452 6549
f 6447 6549 6453
f 6448 6453 6406
f 6451 6450 6549
f 6453 6454 6447
f 6448 6454 6453
f 6549 6450 6455
f 6457 6458 6456
f 6462 6457 6460
f 6457 6456 6460
f 6458 6387 6456
f 6545 6550 6461
f 6461 6459 6545
f 6550 6462 6464
f 6459 6387 6545
f 6459 6456 6387
f 6464 6463 6550
f 6460 6464 6462
f 6465 6467 6466
f 6466 6468 6469
f 6465 6394 6467
f 6466 6469 6465
f 6394 6472 6473
f 6471 6470 6468
f 6471 6468 6546
f 6394 6465 6472
f 6546 6473 6474
f 6470 6469 6468
f 6473 6546 6394
f 5394 6475 6476
f 6551 6477 5399
f 5394 6477 5361
f 5394 5361 6475
f 6477 5400 5399
f 6477 5394 5400
f 6476 5360 5396
f 5407 5401 5396
f 5396 5395 6476
f 5396 5360 5407
f 5395 5394 6476
f 5399 5398 6551
f 5397 5407 6551
f 5360 6479 5388
f 5388 6479 6478
f 5389 6478 6480
f 6478 5389 5388
f 6480 5393 5389
f 5393 6480 6483
f 6483 5407 5391
f 5390 5393 6483
f 6483 6481 6482
f 6483 6484 6481
f 6483 6485 6486
f 6486 6484 6483
f 6488 6487 6485
f 6487 6486 6485
f 6483 6480 6485
f 6489 6490 5407
f 6483 6491 6489
f 6489 5407 6483
f 6551 6492 6493
f 6551 6382 6492
f 6494 6496 6495
f 6499 6552 6496
f 6498 6552 6497
f 6497 6477 6500
f 6494 6499 6496
f 6498 6496 6552
f 6500 6498 6497
f 6502 6551 6501
f 6477 6551 6500
f 6502 6503 6551
f 6503 6500 6551
f 6501 6495 6502
f 6495 6501 6494
f 6505 6506 6552
f 6506 6505 6504
f 6552 6499 6505
f 6507 6509 6508
f 6506 6508 6512
f 6508 6506 6507
f 6507 6513 6514
f 6552 6512 6515
f 6507 6510 6513
f 6510 6511 6513
f 6510 6516 6511
f 6514 6509 6507
f 6516 6515 6511
f 6512 6552 6506
f 6515 6516 6552
f 6546 6468 6517
f 6468 6510 6507
f 6517 6518 6546
f 6507 6517 6468
f 6518 6519 6546
f 6522 6523 6520
f 6521 6522 6520
f 6522 6524 6526
f 6525 6526 6524
f 6526 6523 6522
f 6527 6528 6524
f 6522 6527 6524
f 6545 6386 6529
f 6404 6530 6528
f 6546 6531 6532
f 6528 6527 6533
f 6529 6534 6545
f 6404 6532 6530
f 6528 6535 6536
f 6527 6537 6533
f 6527 6538 6537
f 6386 6539 6529
f 6386 6538 6527
f 6532 6404 6546
f 6528 6540 6535
f 6527 6539 6386
f 6536 6404 6528
f 6533 6540 6528
f 6550 6542 6541
f 6550 6545 6543
f 6543 6542 6550
f 6545 6534 6543
f 6541 6549 6550
f 6519 6531 6546
f 6493 6501 6551
f 6490 5362 5407
f 5391 5390 6483
f 5398 5397 6551
f 6497 6552 6516
f 6474 6471 6546
f 6463 6461 6550
f 6462 6550 6455
f 6455 6550 6549
f 6448 6406 6547
f 6444 6547 6443
f 6438 6544 6548
f 6412 6383 6544
f 6453 6549 6541
f 6384 6548 6544
f 6382 6551 5407
f 6243 6242 6499
f 6499 6494 6243
f 6427 6351 6350
f 6350 6428 6427
f 6415 6359 6346
f 6346 6417 6415
f 6416 6384 6194
f 6364 6194 6384
f 6384 6383 6364
f 6362 6364 6383
f 6383 6412 6362
f 6194 6361 6416
f 6411 6413 6366
f 6365 6366 6413
f 6413 6410 6365
f 6366 6363 6411
f 6367 6409 6408
f 6408 6371 6367
f 6541 6216 6324
f 6324 6323 6406
f 6406 6453 6324
f 6405 6406 6323
f 6323 6369 6405
f 6324 6453 6541
f 6526 6217 6223
f 6223 6523 6526
f 6288 6507 6506
f 6506 6240 6288
f 6506 6504 6239
f 6239 6240 6506
f 6241 6505 6499
f 6499 6242 6241
f 6244 6246 6501
f 6494 6501 6246
f 6246 6243 6494
f 6501 6493 6244
f 6247 6249 5362
f 6382 5362 6249
f 6249 6193 6382
f 6492 6382 6193
f 6193 6245 6492
f 5362 6490 6247
f 6251 6250 6491
f 6248 6489 6491
f 6491 6250 6248
f 6491 6483 6251
f 6486 6256 6258
f 6258 6484 6486
f 6478 6264 6259
f 6255 6485 6480
f 6480 6259 6255
f 6259 6480 6478
f 6270 6267 5360
f 6479 5360 6267
f 6267 6268 6479
f 5360 6476 6270
f 5361 6477 6274
f 6274 6477 6497
f 6497 6283 6274
f 6516 6297 6283
f 6283 6497 6516
f 6516 6510 6295
f 6295 6297 6516
f 6298 6295 6510
f 6510 6468 6298
f 6468 6466 6306
f 6306 6298 6468
f 6274 6271 5361
f 6467 6394 6197
f 6204 6197 6394
f 6394 6387 6204
f 6316 6204 6387
f 6387 6458 6316
f 6197 6308 6467
f 6457 6462 6317
f 6462 6455 6320
f 6320 6317 6462
f 6326 6320 6455
f 6455 6450 6326
f 6450 6444 6321
f 6321 6326 6450
f 6368 6321 6444
f 6444 6443 6368
f 6338 6368 6443
f 6443 6437 6338
f 6339 6338 6437
f 6437 6435 6339
f 6317 6314 6457
f 6358 6340 6424
f 6434 6424 6340
f 6340 6337 6434
f 6424 6421 6358
f 6355 6419 6423
f 6423 6356 6355
f 6428 6350 6356
f 6356 6423 6428
f 6419 6355 6358
f 6358 6421 6419
f 6430 6417 6346
f 6430 6345 6354
f 6426 6354 6351
f 6351 6427 6426
f 6354 6426 6430
f 6346 6345 6430
f 6416 6361 6360
f 6414 6360 6359
f 6359 6415 6414
f 6360 6414 6416
f 6523 6223 6220
f 6520 6220 6222
f 6521 6222 6221
f 6221 6522 6521
f 6222 6521 6520
f 6220 6520 6523
f 6337 6339 6435
f 6435 6434 6337
f 6467 6308 6306
f 6306 6466 6467
f 6272 6270 6476
f 6271 6272 6475
f 6475 5361 6271
f 6476 6475 6272
f 6457 6314 6316
f 6316 6458 6457
f 6524 6219 6218
f 6525 6218 6217
f 6217 6526 6525
f 6218 6525 6524
f 6489 6248 6247
f 6247 6490 6489
f 6479 6268 6264
f 6264 6478 6479
f 6484 6258 6257
f 6481 6257 6252
f 6482 6252 6251
f 6251 6483 6482
f 6252 6482 6481
f 6257 6481 6484
f 6485 6255 6254
f 6488 6254 6253
f 6487 6253 6256
f 6256 6486 6487
f 6253 6487 6488
f 6254 6488 6485
f 6492 6245 6244
f 6244 6493 6492
f 6411 6363 6362
f 6362 6412 6411
f 6215 6216 6541
f 6214 6215 6542
f 6543 6534 6226
f 6226 6214 6543
f 6227 6226 6534
f 6228 6227 6529
f 6539 6527 6225
f 6225 6228 6539
f 6221 6225 6527
f 6527 6522 6221
f 6529 6539 6228
f 6534 6529 6227
f 6542 6543 6214
f 6541 6542 6215
f 6224 6219 6524
f 6236 6224 6528
f 6231 6236 6530
f 6235 6231 6532
f 6301 6235 6531
f 6300 6301 6519
f 6299 6300 6518
f 6288 6299 6517
f 6517 6507 6288
f 6518 6517 6299
f 6519 6518 6300
f 6531 6519 6301
f 6532 6531 6235
f 6530 6532 6231
f 6528 6530 6236
f 6524 6528 6224
f 6370 6371 6408
f 6369 6370 6407
f 6407 6405 6369
f 6408 6407 6370
f 6367 6365 6410
f 6410 6409 6367
f 6241 6239 6504
f 6504 6505 6241
f 6425 6420 6349
f 6429 6425 6344
f 6431 6429 6347
f 6432 6431 6348
f 6422 6432 6352
f 6418 6422 6353
f 6420 6418 6357
f 6357 6349 6420
f 6353 6357 6418
f 6352 6353 6422
f 6348 6352 6432
f 6347 6348 6431
f 6344 6347 6429
f 6349 6344 6425
f 6440 6441 6343
f 6438 6440 6335
f 6439 6438 6334
f 6433 6439 6333
f 6436 6433 6336
f 6442 6436 6342
f 6441 6442 6341
f 6341 6343 6441
f 6342 6341 6442
f 6336 6342 6436
f 6333 6336 6433
f 6334 6333 6439
f 6335 6334 6438
f 6343 6335 6440
f 6446 6445 6328
f 6449 6446 6322
f 6448 6449 6329
f 6454 6448 6325
f 6447 6454 6330
f 6452 6447 6331
f 6451 6452 6332
f 6445 6451 6327
f 6327 6328 6445
f 6332 6327 6451
f 6331 6332 6452
f 6330 6331 6447
f 6325 6330 6454
f 6329 6325 6448
f 6322 6329 6449
f 6328 6322 6446
f 6463 6464 6319
f 6461 6463 6311
f 6459 6461 6315
f 6456 6459 6312
f 6460 6456 6313
f 6464 6460 6318
f 6318 6319 6464
f 6313 6318 6460
f 6312 6313 6456
f 6315 6312 6459
f 6311 6315 6461
f 6319 6311 6463
f 6495 6496 6282
f 6502 6495 6281
f 6503 6502 6285
f 6500 6503 6286
f 6498 6500 6287
f 6496 6498 6284
f 6284 6282 6496
f 6287 6284 6498
f 6286 6287 6500
f 6285 6286 6503
f 6281 6285 6502
f 6282 6281 6495
f 6474 6473 6309
f 6471 6474 6302
f 6470 6471 6303
f 6469 6470 6305
f 6465 6469 6304
f 6472 6465 6307
f 6473 6472 6310
f 6310 6309 6473
f 6307 6310 6472
f 6304 6307 6465
f 6305 6304 6469
f 6303 6305 6470
f 6302 6303 6471
f 6309 6302 6474
f 6508 6509 6294
f 6512 6508 6289
f 6515 6512 6292
f 6511 6515 6290
f 6513 6511 6296
f 6514 6513 6293
f 6509 6514 6291
f 6291 6294 6509
f 6293 6291 6514
f 6296 6293 6513
f 6290 6296 6511
f 6292 6290 6515
f 6289 6292 6512
f 6294 6289 6508
f 5398 5399 6273
f 5397 5398 6275
f 5401 5397 6276
f 5396 5401 6279
f 5395 5396 6277
f 5394 5395 6280
f 5400 5394 6269
f 5399 5400 6278
f 6278 6273 5399
f 6269 6278 5400
f 6280 6269 5394
f 6277 6280 5395
f 6279 6277 5396
f 6276 6279 5401
f 6275 6276 5397
f 6273 6275 5398
f 5391 5392 6265
f 5390 5391 6261
f 5393 5390 6260
f 5389 5393 6266
f 5388 5389 6263
f 5392 5388 6262
f 6262 6265 5392
f 6263 6262 5388
f 6266 6263 5389
f 6260 6266 5393
f 6261 6260 5390
f 6265 6261 5391
f 6385 6391 6210
f 6386 6385 6213
f 6538 6386 6212
f 6537 6538 6232
f 6533 6537 6229
f 6540 6533 6237
f 6535 6540 6238
f 6536 6535 6234
f 6404 6536 6233
f 6403 6404 6230
f 6402 6403 6203
f 6396 6402 6196
f 6400 6396 6195
f 6401 6400 6198
f 6399 6401 6200
f 6395 6399 6199
f 6398 6395 6201
f 6397 6398 6202
f 6393 6397 6207
f 6389 6393 6206
f 6390 6389 6205
f 6392 6390 6208
f 6388 6392 6209
f 6391 6388 6211
f 6211 6210 6391
f 6209 6211 6388
f 6208 6209 6392
f 6205 6208 6390
f 6206 6205 6389
f 6207 6206 6393
f 6202 6207 6397
f 6201 6202 6398
f 6199 6201 6395
f 6200 6199 6399
f 6198 6200 6401
f 6195 6198 6400
f 6196 6195 6396
f 6203 6196 6402
f 6230 6203 6403
f 6233 6230 6404
f 6234 6233 6536
f 6238 6234 6535
f 6237 6238 6540
f 6229 6237 6533
f 6232 6229 6537
f 6212 6232 6538
f 6213 6212 6386
f 6210 6213 6385
f 6553 6554 6555
f 6564 6555 6563
f 6565 6564 6563
f 6566 6564 6565
f 6567 6563 6559
f 6561 6565 6567
f 6556 6563 6555
f 6563 6556 6557
f 6559 6557 6558
f 6567 6560 6561
f 6566 6561 6562
f 6553 6566 6562
f 6559 6560 6567
f 6565 6561 6566
f 6563 6567 6565
f 6564 6566 6553
f 6557 6559 6563
f 6555 6564 6553
f 6569 6553 6562
f 6562 6570 6569
f 6571 6570 6562
f 6572 6571 6561
f 6572 6561 6560
f 6560 6573 6572
f 6573 6560 6559
f 6573 6558 6557
f 6574 6575 6557
f 6575 6557 6556
f 6556 6576 6575
f 6576 6556 6555
f 6576 6555 6554
f 6568 6576 6554
f 6568 6554 6553
f 6557 6575 6573
f 6559 6558 6573
f 6562 6561 6571
f 6553 6569 6568
f 6574 6577 6575
f 6578 6575 6576
f 6579 6580 6568
f 6581 6576 6568
f 6574 6575 6578
f 6573 6575 6577
f 6582 6572 6573
f 6568 6580 6581
f 6573 6577 6583
f 6582 6584 6572
f 6576 6581 6578
f 6568 6569 6579
f 6573 6583 6582
f 6572 6584 6571
f 6585 6570 6571
f 6587 6581 6580
f 6580 6579 6569
f 6583 6586 6582
f 6570 6585 6569
f 6581 6587 6576
f 6568 6580 6569
f 6583 6573 6586
f 6573 6588 6589
f 6586 6589 6590
f 6582 6590 6591
f 6571 6591 6592
f 6571 6592 6593
f 6570 6593 6594
f 6569 6594 6595
f 6568 6595 6596
f 6568 6596 6597
f 6587 6597 6598
f 6587 6598 6599
f 6576 6599 6600
f 6578 6600 6601
f 6578 6601 6602
f 6574 6602 6603
f 6577 6603 6604
f 6577 6604 6588
f 6588 6573 6577
f 6603 6577 6574
f 6602 6574 6578
f 6600 6578 6576
f 6599 6576 6587
f 6597 6587 6580
f 6597 6580 6568
f 6595 6568 6569
f 6594 6569 6570
f 6593 6570 6571
f 6591 6571 6572
f 6591 6572 6582
f 6590 6582 6586
f 6589 6586 6573
f 6605 6604 6603
f 6603 6602 6605
f 6602 6601 6605
f 6601 6600 6605
f 6600 6599 6605
f 6599 6598 6605
f 6598 6597 6605
f 6597 6596 6605
f 6596 6595 6605
f 6595 6594 6605
f 6594 6593 6605
f 6593 6592 6605
f 6592 6591 6605
f 6591 6590 6605
f 6590 6589 6605
f 6589 6588 6605
f 6588 6604 6605
f 6612 6613 6614
f 6614 6615 6621
f 6618 6607 6606
f 6610 6611 6612
f 6617 6618 6622
f 6610 6619 6608
f 6624 6620 6619
f 6619 6610 6624
f 6619 6624 6612
f 6623 6618 6606
f 6612 6624 6610
f 6610 6608 6609
f 6608 6606 6607
f 6612 6614 6625
f 6625 6626 6612
f 6626 6627 6612
f 6619 6612 6627
f 6627 6628 6619
f 6619 6620 6628
f 6628 6629 6619
f 6608 6619 6629
f 6629 6630 6608
f 6606 6608 6630
f 6630 6631 6606
f 6631 6632 6606
f 6623 6606 6632
f 6632 6633 6618
f 6633 6634 6618
f 6634 6635 6617
f 6635 6636 6616
f 6615 6616 6636
f 6636 6637 6615
f 6637 6638 6621
f 6614 6621 6638
f 6638 6625 6614
f 6621 6615 6637
f 6616 6617 6635
f 6617 6622 6634
f 6622 6618 6634
f 6618 6623 6632
f 6647 6640 6641
f 6628 6643 6629
f 6629 6644 6631
f 6632 6645 6646
f 6636 6640 6647
f 6637 6647 6638
f 6633 6632 6648
f 6633 6648 6646
f 6635 6639 6640
f 6634 6646 6639
f 6626 6625 6627
f 6630 6629 6631
f 6639 6635 6634
f 6640 6636 6635
f 6646 6634 6633
f 6647 6637 6636
f 6642 6627 6625
f 6646 6648 6632
f 6643 6628 6627
f 6641 6638 6647
f 6643 6627 6649
f 6641 6640 6650
f 6643 6651 6629
f 6645 6652 6646
f 6653 6634 6657
f 6658 6653 6654
f 6659 6654 6636
f 6640 6636 6655
f 6646 6634 6658
f 6650 6655 6638
f 6652 6656 6646
f 6645 6632 6652
f 6639 6658 6640
f 6627 6642 6649
f 6644 6629 6651
f 6658 6639 6646
f 6638 6641 6650
f 6659 6640 6658
f 6656 6652 6632
f 6655 6650 6640
f 6634 6646 6656
f 6636 6640 6659
f 6653 6658 6634
f 6654 6659 6658
f 6617 6616 6660
f 6611 6612 6613
f 6617 6660 6618
f 6613 6615 6614
f 6615 6660 6616
f 6615 6663 6664
f 6660 6664 6665
f 6613 6662 6663
f 6618 6665 6661
f 6608 6661 6609
f 6612 6611 6662
f 6662 6613 6612
f 6661 6608 6607
f 6661 6607 6618
f 6663 6615 6613
f 6665 6618 6660
f 6664 6660 6615
f 6609 6661 6610
f 6662 6611 6610
f 6666 6662 6610
f 6669 6665 6664
f 6662 6667 6668
f 6670 6663 6662
f 6672 6661 6665
f 6662 6668 6670
f 6663 6670 6671
f 6674 6664 6663
f 6665 6669 6672
f 6663 6671 6674
f 6673 6675 6661
f 6610 6609 6676
f 6610 6676 6624
f 6624 6666 6610
f 6664 6674 6677
f 6664 6677 6669
f 6661 6672 6673
f 6661 6675 6609
f 6666 6667 6662
f 6667 6666 6679
f 6677 6669 6680
f 6681 6672 6669
f 6676 6609 6675
f 6678 6676 6675
f 6624 6682 6683
f 6683 6666 6624
f 6685 6679 6666
f 6666 6684 6685
f 6667 6679 6685
f 6685 6686 6667
f 6686 6668 6667
f 6687 6670 6668
f 6670 6687 6688
f 6671 6670 6688
f 6688 6689 6671
f 6671 6689 6690
f 6690 6691 6674
f 6674 6671 6690
f 6674 6691 6692
f 6680 6677 6692
f 6692 6669 6677
f 6692 6693 6669
f 6681 6669 6693
f 6681 6693 6694
f 6695 6672 6681
f 6681 6694 6695
f 6672 6695 6696
f 6673 6672 6696
f 6673 6696 6697
f 6697 6675 6673
f 6675 6697 6698
f 6698 6699 6678
f 6678 6675 6698
f 6676 6699 6682
f 6682 6624 6676
f 6699 6676 6678
f 6692 6677 6674
f 6668 6686 6687
f 6683 6684 6666
f 6682 6699 6704
f 6697 6696 6700
f 6703 6700 6701
f 6703 6701 6702
f 6698 6704 6699
f 6700 6703 6697
f 6694 6693 6705
f 6694 6706 6701
f 6695 6694 6696
f 6694 6701 6700
f 6694 6700 6696
f 6689 6687 6707
f 6689 6707 6708
f 6688 6687 6689
f 6708 6709 6689
f 6708 6707 6686
f 6707 6687 6686
f 6682 6684 6683
f 6686 6710 6708
f 6710 6711 6708
f 6685 6710 6686
f 6713 6708 6711
f 6709 6708 6712
f 6714 6713 6683
f 6713 6710 6685
f 6708 6713 6712
f 6683 6682 6714
f 6711 6710 6713
f 6689 6709 6712
f 6713 6684 6683
f 6713 6685 6684
f 6712 6690 6689
f 6691 6712 6715
f 6692 6691 6715
f 6691 6690 6712
f 6716 6702 6701
f 6716 6703 6702
f 6715 6717 6693
f 6717 6701 6706
f 6701 6717 6716
f 6716 6698 6697
f 6693 6692 6715
f 6706 6694 6717
f 6697 6703 6716
f 6705 6693 6717
f 6694 6705 6717
f 6704 6716 6714
f 6682 6704 6714
f 6704 6698 6716
f 6718 6715 6712
f 6712 6719 6718
f 6712 6721 6719
f 6722 6712 6713
f 6722 6721 6712
f 6713 6720 6722
f 6723 6719 6721
f 6724 6721 6722
f 6723 6721 6724
f 6719 6723 6725
f 6724 6720 6726
f 6726 6723 6724
f 6723 5937 6727
f 5937 6728 6727
f 6726 5937 6723
f 6724 6722 6720
f 6729 6730 5821
f 6729 6723 6731
f 6731 6730 6729
f 6720 6713 6726
f 6732 6726 6713
f 5943 5938 6733
f 6733 5937 5943
f 6734 6718 6723
f 6725 6723 6718
f 6718 6719 6725
f 6723 6729 6734
f 5813 6735 6736
f 6718 6738 6717
f 6715 6718 6717
f 6739 5943 5937
f 5937 6714 6739
f 5937 6726 6714
f 6713 6714 6732
f 6726 6732 6714
f 5942 6740 5941
f 6740 5942 5943
f 6717 6742 6743
f 6741 6716 6717
f 6738 6742 6717
f 6717 6743 6741
f 6744 6742 6738
f 6738 6745 6744
f 6743 6744 6746
f 6744 6743 6742
f 6748 6716 6741
f 6748 6747 6716
f 6748 6741 6743
f 6743 6746 6748
f 6734 6749 6744
f 6745 6738 6718
f 6744 6718 6734
f 6744 6745 6718
f 6734 6729 6737
f 6750 6737 6736
f 6751 6736 6735
f 6735 6752 6751
f 6736 6751 6750
f 6737 6750 6734
f 5978 6735 5813
f 5813 6754 6753
f 5813 6735 6754
f 6753 5978 5813
f 6450 6755 6756
f 6755 6450 6744
f 6744 6450 6748
f 6746 6744 6748
f 6749 6191 6757
f 6757 6744 6749
f 6752 6758 6759
f 6751 6759 6760
f 6750 6760 6749
f 6749 6734 6750
f 6760 6750 6751
f 6759 6751 6752
f 6739 6714 6450
f 6714 6748 6450
f 6747 6714 6716
f 6747 6748 6714
f 6450 6452 6739
f 6761 5941 6740
f 6763 6740 5943
f 5943 6739 6763
f 6740 6763 6762
f 6740 6762 6761
f 6764 6765 5941
f 6758 6183 6759
f 6452 6450 6766
f 6766 6767 6452
f 6767 6451 6452
f 6763 6452 6768
f 6762 6768 6454
f 6454 6761 6762
f 6768 6762 6763
f 6452 6763 6739
f 6183 6409 6769
f 6769 6758 6183
f 6409 6183 6758
f 6447 6768 6452
f 6768 6447 6454
f 6770 6771 6772
f 6770 6454 6771
f 5978 6773 6774
f 6774 6764 5978
f 6764 5982 5978
f 5982 6020 5978
f 5982 6019 6020
f 5982 5981 6018
f 5982 6764 5981
f 5982 6018 6019
f 6764 5980 5981
f 6019 6018 6020
f 6752 6735 5978
f 5978 6775 6752
f 6021 6775 5976
f 5978 5976 6775
f 6761 6776 6764
f 6776 6018 5981
f 6776 5980 6764
f 5981 5980 6776
f 6764 5941 6761
f 6777 6020 6018
f 6020 6777 6021
f 6778 6021 6777
f 6021 6778 6775
f 6761 6454 6770
f 6770 6776 6761
f 6770 6405 6776
f 6407 6370 6776
f 6405 6407 6776
f 6407 6770 6408
f 6407 6405 6770
f 6752 6775 6409
f 6410 6775 6365
f 6775 6410 6409
f 6409 6758 6752
f 6409 6408 6770
f 6770 6780 6779
f 6779 6409 6770
f 6367 6370 6408
f 6781 6365 6775
f 6775 6778 6781
f 6367 6781 6370
f 6365 6781 6367
f 6365 6367 6409
f 6409 6410 6365
f 6782 6777 6018
f 6777 6783 6784
f 6777 6784 6787
f 6782 6783 6777
f 6018 6788 6782
f 6785 6778 6777
f 6787 6786 6777
f 6789 6785 6777
f 6018 6790 6791
f 6786 6789 6777
f 6776 6790 6018
f 6791 6788 6018
f 6796 6788 6795
f 6795 6791 6794
f 6791 6790 6792
f 6790 6776 6793
f 6796 6797 6784
f 6784 6782 6796
f 6798 6782 6788
f 6784 6783 6782
f 6793 6792 6790
f 6792 6794 6791
f 6791 6795 6788
f 6788 6796 6798
f 6798 6796 6782
f 6781 6799 6800
f 6781 6801 6802
f 6370 6800 6803
f 6802 6799 6781
f 6370 6805 6806
f 6800 6370 6781
f 6804 6776 6370
f 6803 6805 6370
f 6781 6807 6801
f 6806 6804 6370
f 6778 6808 6781
f 6808 6807 6781
f 6625 6797 6796
f 6796 6642 6625
f 6642 6796 6795
f 6794 6649 6642
f 6649 6794 6792
f 6649 6792 6793
f 6793 6643 6649
f 6651 6643 6793
f 6651 6810 6809
f 6644 6809 6811
f 6809 6644 6651
f 6811 6812 6644
f 6812 6631 6644
f 6812 6813 6631
f 6632 6631 6813
f 6813 6801 6632
f 6801 6656 6632
f 6656 6801 6808
f 6808 6778 6653
f 6654 6653 6778
f 6785 6636 6654
f 6789 6655 6636
f 6785 6789 6636
f 6638 6655 6786
f 6638 6786 6797
f 6797 6625 6638
f 6789 6786 6655
f 6778 6785 6654
f 6653 6657 6808
f 6657 6634 6808
f 6808 6634 6656
f 6793 6810 6651
f 6642 6795 6794
f 6799 6801 6813
f 6807 6808 6801
f 6799 6802 6801
f 6805 6803 6812
f 6806 6805 6812
f 6814 6806 6811
f 6776 6804 6810
f 6804 6814 6809
f 6799 6812 6803
f 6799 6813 6812
f 6803 6800 6799
f 6811 6809 6814
f 6809 6810 6804
f 6810 6793 6776
f 6812 6811 6806
f 6806 6814 6804
f 6786 6787 6797
f 6784 6797 6787
f 5813 5815 6754
f 5821 6737 6729
f 6818 6728 6815
f 5937 6726 5932
f 5932 6728 5937
f 5932 6815 6728
f 6816 6817 5933
f 6733 5938 6819
f 6822 6821 6825
f 6820 6825 6823
f 6821 6824 6825
f 6824 6823 6825
f 5819 6822 5817
f 6826 6816 6825
f 6728 6827 6828
f 6828 6727 6728
f 6827 6728 6818
f 6773 6829 6774
f 6830 6773 6831
f 6832 6816 6833
f 6835 5978 6753
f 6764 6774 5982
f 5941 6836 5936
f 5941 6765 6836
f 6765 6837 6836
f 6764 6837 6765
f 6817 6832 6816
f 6817 5933 6838
f 6839 6838 5933
f 6840 6839 5933
f 6840 5933 5940
f 6817 6838 6841
f 6841 6832 6817
f 6832 6774 6833
f 5982 6774 6832
f 6832 6841 6842
f 6764 6836 6837
f 5940 5936 6840
f 6843 6840 5936
f 6843 5936 6836
f 6832 6842 6844
f 6844 5982 6832
f 6764 6845 6843
f 6843 6836 6764
f 6764 6844 6845
f 6764 5982 6844
f 6846 5938 5939
f 5938 6846 6819
f 6733 6846 5937
f 6733 6819 6846
f 6847 5937 6846
f 6848 6846 5939
f 6849 6848 5939
f 6850 6726 5937
f 5937 6847 6850
f 6847 6846 6848
f 6848 6851 6847
f 5939 5933 6839
f 6839 6849 5939
f 6815 6726 6850
f 6726 6815 5932
f 6850 6847 6852
f 6851 6852 6847
f 6850 6852 6853
f 6853 6815 6850
f 6817 6816 6854
f 6854 6838 6817
f 6818 6815 6816
f 6815 6853 6854
f 6854 6816 6815
f 6754 5978 6835
f 6753 6754 6835
f 6855 5978 6754
f 6754 6857 6856
f 6754 5815 6857
f 6834 6858 6857
f 6857 5815 6834
f 6855 6754 6856
f 6856 6859 6855
f 6834 6822 6858
f 6860 6858 6822
f 6822 6821 6861
f 6861 6860 6822
f 6830 6773 5978
f 5978 6855 6830
f 6830 6821 6825
f 6831 6830 6825
f 6830 6862 6861
f 6861 6821 6830
f 6830 6859 6862
f 6859 6830 6855
f 6825 6826 6863
f 6863 6826 6816
f 6816 6832 6863
f 6863 6865 6864
f 6864 6825 6863
f 6864 6866 6825
f 6866 6867 6825
f 6832 6868 6865
f 6863 6832 6865
f 6869 6829 6773
f 6773 6830 6869
f 6830 6825 6867
f 6867 6870 6830
f 6832 6774 6871
f 6871 6868 6832
f 6774 6829 6869
f 6872 6869 6830
f 6870 6872 6830
f 6828 6820 6727
f 6828 6873 6874
f 6827 6875 6873
f 6873 6828 6827
f 6876 6875 6827
f 6823 6820 6828
f 6874 6877 6828
f 6816 6826 6827
f 6816 6827 6818
f 6823 6828 6877
f 6877 6878 6823
f 6827 6826 6879
f 6879 6876 6827
f 6826 6825 6823
f 6880 6822 5819
f 5819 5821 6730
f 6730 6731 5819
f 6880 6882 6881
f 6880 5819 6882
f 6880 6881 6860
f 6860 6822 6880
f 6822 6860 6883
f 6883 6821 6822
f 6731 6723 6884
f 5819 6885 6882
f 6885 5819 6731
f 6820 6823 6824
f 6883 6824 6821
f 6884 6886 6885
f 6885 6731 6884
f 6824 6883 6887
f 6887 6820 6824
f 6723 6727 6888
f 6888 6886 6723
f 6884 6723 6886
f 6727 6887 6888
f 6887 6727 6820
f 6882 6885 6886
f 6881 6882 6886
f 6860 6887 6883
f 6886 6888 6881
f 6887 6860 6881
f 6888 6887 6881
f 6875 6876 6879
f 6875 6879 6889
f 6889 6873 6875
f 6889 6890 6873
f 6874 6873 6890
f 6890 6878 6874
f 6877 6874 6878
f 6823 6890 6889
f 6889 6826 6823
f 6889 6879 6826
f 6823 6878 6890
f 6865 6868 6871
f 6891 6864 6865
f 6864 6891 6892
f 6866 6864 6892
f 6892 6872 6866
f 6867 6866 6872
f 6872 6870 6867
f 6871 6891 6865
f 6892 6774 6869
f 6869 6872 6892
f 6892 6891 6774
f 6891 6871 6774
f 6841 6838 6893
f 6845 6840 6843
f 6893 6840 6894
f 6894 6841 6893
f 6840 6845 6844
f 6894 6842 6841
f 6840 6844 6894
f 6840 6838 6839
f 6840 6893 6838
f 6842 6894 6844
f 6849 6853 6852
f 6853 6849 6895
f 6895 6854 6853
f 6852 6851 6849
f 6895 6838 6854
f 6851 6848 6849
f 6849 6839 6838
f 6838 6895 6849
f 6856 6896 6859
f 6858 6862 6859
f 6858 6861 6862
f 6859 6856 6858
f 6856 6857 6858
f 6861 6858 6860
f 5940 5933 5936
f 5811 6737 5821
f 5817 6822 5815
f 6737 5811 5813
f 6736 6737 5813
f 6834 5815 6822
f 5938 5943 6739
f 5943 5942 6898
f 5942 5941 6898
f 5941 5936 6899
f 5936 5933 6839
f 5933 5939 6849
f 5939 5938 6897
f 6897 6849 5939
f 6849 6839 5933
f 6839 6899 5936
f 6899 6761 5941
f 6761 6898 5941
f 6898 6739 5943
f 6739 6897 5938
f 6451 6445 6849
f 6445 6446 6839
f 6446 6448 6899
f 6448 6454 6761
f 6454 6447 6898
f 6447 6452 6739
f 6452 6451 6897
f 6897 6739 6452
f 6739 6898 6447
f 6898 6761 6454
f 6761 6899 6448
f 6899 6839 6446
f 6839 6849 6445
f 6849 6897 6451
f 6446 6449 6448
f 5821 5819 6882
f 5819 5817 6900
f 5817 5815 6857
f 5815 5813 6901
f 5813 5811 6902
f 5811 5821 6902
f 6903 6902 5821
f 6902 6901 5813
f 6901 6857 5815
f 6857 6900 5817
f 6900 6882 5819
f 6882 6903 5821
f 6191 6181 6902
f 6181 6183 6901
f 6901 6183 6185
f 6185 6857 6901
f 6185 6187 6900
f 6187 6189 6900
f 6189 6191 6903
f 6903 6882 6189
f 6882 6900 6189
f 6900 6857 6185
f 6901 6902 6181
f 6902 6903 6191
f 6185 6904 6905
f 6760 6759 6183
f 6181 6760 6183
f 6905 6187 6185
f 6760 6181 6191
f 6446 6907 6906
f 6448 6771 6454
f 6450 6756 6444
f 6909 6444 6756
f 6444 6748 6450
f 6909 6756 6908
f 6749 6760 6191
f 6905 6916 6911
f 6191 6912 6757
f 6916 6913 6914
f 6913 6916 6910
f 6187 6905 6189
f 6914 6911 6916
f 6906 6915 6916
f 6755 6917 6918
f 6918 6756 6755
f 6908 6756 6918
f 6919 6779 6780
f 6923 6779 6920
f 6921 6906 6922
f 6185 6183 6924
f 6183 6758 6924
f 6924 6758 6769
f 6769 6409 6925
f 6408 6780 6770
f 6772 6926 6770
f 6771 6926 6772
f 6907 6906 6922
f 6838 6446 6907
f 6839 6840 6446
f 6446 6838 6839
f 6449 6446 6840
f 6907 6922 6841
f 6841 6838 6907
f 6922 6780 6408
f 6921 6780 6922
f 6842 6841 6922
f 6926 6771 6770
f 6448 6449 6840
f 6840 6843 6448
f 6771 6448 6843
f 6922 6408 6844
f 6844 6842 6922
f 6770 6771 6843
f 6843 6845 6770
f 6845 6844 6770
f 6408 6770 6844
f 6451 6927 6445
f 6927 6451 6767
f 6927 6450 6928
f 6450 6927 6767
f 6450 6767 6766
f 6445 6848 6849
f 6445 6927 6848
f 6748 6929 6928
f 6928 6450 6748
f 6928 6851 6848
f 6848 6927 6928
f 6748 6444 6909
f 6909 6929 6748
f 6852 6928 6929
f 6852 6851 6928
f 6929 6909 6853
f 6853 6852 6929
f 6907 6838 6854
f 6854 6906 6907
f 6906 6909 6908
f 6909 6906 6854
f 6854 6853 6909
f 6924 6409 6930
f 6924 6925 6409
f 6925 6924 6769
f 6856 6857 6185
f 6185 6924 6856
f 6904 6185 6857
f 6857 6858 6904
f 6930 6859 6856
f 6856 6924 6930
f 6858 6905 6904
f 6858 6860 6905
f 6905 6860 6861
f 6861 6911 6905
f 6779 6920 6930
f 6930 6409 6779
f 6920 6916 6911
f 6916 6920 6923
f 6920 6911 6861
f 6861 6862 6920
f 6862 6859 6920
f 6930 6920 6859
f 6916 6931 6915
f 6922 6906 6915
f 6915 6931 6922
f 6931 6916 6932
f 6916 6933 6932
f 6916 6934 6933
f 6932 6935 6931
f 6935 6922 6931
f 6935 6936 6922
f 6920 6779 6919
f 6919 6937 6920
f 6920 6938 6934
f 6934 6916 6920
f 6922 6936 6939
f 6939 6780 6922
f 6780 6937 6919
f 6940 6938 6920
f 6920 6937 6940
f 6755 6910 6917
f 6917 6941 6942
f 6918 6942 6943
f 6944 6941 6917
f 6942 6918 6917
f 6913 6917 6910
f 6917 6945 6944
f 6918 6915 6906
f 6908 6918 6906
f 6913 6946 6945
f 6945 6917 6913
f 6918 6943 6947
f 6947 6915 6918
f 6915 6913 6916
f 6905 6948 6189
f 6191 6189 6757
f 6881 6189 6948
f 6189 6881 6882
f 6948 6905 6860
f 6860 6881 6948
f 6905 6911 6883
f 6883 6860 6905
f 6757 6949 6744
f 6882 6885 6189
f 6757 6189 6885
f 6914 6913 6910
f 6911 6914 6883
f 6949 6757 6885
f 6885 6886 6949
f 6914 6910 6887
f 6887 6883 6914
f 6744 6886 6888
f 6888 6755 6744
f 6886 6744 6949
f 6888 6887 6755
f 6910 6755 6887
f 6946 6944 6945
f 6946 6950 6944
f 6950 6941 6944
f 6941 6950 6951
f 6951 6947 6942
f 6943 6942 6947
f 6942 6941 6951
f 6913 6915 6951
f 6951 6950 6913
f 6947 6951 6915
f 6950 6946 6913
f 6936 6935 6939
f 6938 6940 6934
f 6933 6934 6940
f 6952 6932 6933
f 6935 6932 6953
f 6935 6953 6939
f 6952 6953 6932
f 6933 6940 6952
f 6937 6780 6952
f 6780 6953 6952
f 6780 6939 6953
f 6952 6940 6937
f 6962 6956 6957
f 6961 6955 6962
f 6959 6962 6958
f 6960 6962 6959
f 6962 6960 6961
f 6955 6961 6954
f 6957 6958 6962
f 6956 6962 6955
f 6640 6647 6954
f 6640 6954 6961
f 6961 6639 6640
f 6648 6639 6961
f 6959 6963 6648
f 6963 6959 6958
f 6964 6963 6958
f 6964 6958 6957
f 6957 6966 6965
f 6956 6967 6966
f 6967 6956 6955
f 6647 6967 6955
f 6955 6954 6647
f 6957 6956 6966
f 6957 6965 6964
f 6960 6959 6648
f 6961 6960 6648
f 6643 6651 6965
f 6968 6643 6965
f 6965 6966 6968
f 6964 6965 6651
f 6969 6970 6967
f 6971 6645 6648
f 6967 6647 6641
f 6972 6963 6964
f 6972 6971 6963
f 6648 6963 6971
f 6967 6641 6969
f 6967 6970 6966
f 6639 6648 6646
f 6648 6645 6646
f 6632 6645 6971
f 6631 6971 6972
f 6644 6972 6964
f 6629 6964 6651
f 6649 6968 6966
f 6627 6966 6970
f 6642 6970 6969
f 6625 6969 6641
f 6641 6638 6625
f 6969 6625 6642
f 6970 6642 6627
f 6966 6627 6649
f 6968 6649 6643
f 6964 6629 6644
f 6972 6644 6631
f 6971 6631 6632
f 6645 6632 6648
f 6651 6628 6629
f 6649 6627 6628
f 6648 6652 6645
f 6628 6643 6649
f 6648 6646 6652
f 6628 6651 6643
f 6629 6608 6606
f 6631 6606 6623
f 6646 6618 6622
f 6646 6622 6617
f 6639 6617 6615
f 6641 6615 6614
f 6628 6620 6608
f 6608 6629 6628
f 6612 6627 6625
f 6614 6638 6641
f 6615 6641 6647
f 6615 6647 6640
f 6615 6640 6639
f 6617 6639 6646
f 6618 6646 6648
f 6618 6648 6632
f 6623 6632 6631
f 6606 6631 6629
f 6608 6620 6973
f 6620 6619 6973
f 6619 6612 6973
f 6612 6614 6973
f 6614 6615 6973
f 6615 6617 6973
f 6617 6622 6973
f 6622 6618 6973
f 6618 6623 6973
f 6623 6606 6973
f 6606 6608 6973
f 6975 6602 6974
f 6976 6602 6975
f 6597 6598 6599
f 6594 6596 6977
f 6587 6979 6598
f 6599 6598 6979
f 6979 6578 6599
f 6602 6976 6578
f 6574 6577 6602
f 6974 6602 6577
f 6577 6980 6588
f 6980 6981 6588
f 6981 6586 6588
f 6589 6588 6586
f 6582 6572 6978
f 6572 6571 6592
f 6571 6982 6592
f 6982 6585 6593
f 6585 6983 6594
f 6983 6569 6594
f 6569 6568 6594
f 6596 6594 6568
f 6594 6593 6585
f 6593 6592 6982
f 6592 6978 6572
f 6978 6590 6582
f 6588 6974 6577
f 6976 6599 6578
f 6979 6576 6578
f 6981 6573 6586
f 6982 6571 6585
f 6980 6577 6981
f 6573 6981 6577
f 6576 6979 6587
f 6569 6983 6585
f 6571 6572 6582
f 6581 6984 6578
f 6983 6569 6570
f 6582 6584 6571
f 6985 6583 6577
f 6585 6986 6570
f 6570 6585 6983
f 6983 6986 6987
f 6984 6587 6989
f 6993 6586 6985
f 6584 6582 6994
f 6581 6587 6984
f 6584 6994 6982
f 6578 6990 6991
f 6569 6983 6579
f 6574 6991 6577
f 6585 6986 6983
f 6986 6585 6982
f 6995 6986 6982
f 6982 6571 6584
f 6991 6574 6578
f 6992 6577 6991
f 6586 6583 6985
f 6988 6579 6983
f 6580 6579 6988
f 6974 6588 6996
f 6996 6975 6974
f 6590 6978 6588
f 6599 6976 6996
f 6997 6978 6592
f 6596 6597 6599
f 6588 6589 6590
f 6996 6976 6975
f 6592 6998 6997
f 6594 6977 6593
f 6998 6592 6593
f 6998 6593 6977
f 6999 6977 6596
f 7000 6978 6997
f 7000 6588 6978
f 7001 6996 6588
f 6588 7000 7001
f 6999 6599 6996
f 6996 7001 6999
f 6999 6596 6599
f 6976 6999 7001
f 7004 6997 6998
f 7005 6977 6999
f 7008 7000 6997
f 6999 7002 7003
f 6977 7005 7006
f 7010 6998 6977
f 6997 7004 7007
f 6974 7001 7000
f 6999 7003 7005
f 6977 7006 7010
f 6997 7007 7008
f 7000 7009 7011
f 7001 7014 7012
f 7012 6976 7001
f 6998 7010 7013
f 6998 7013 7004
f 7000 7008 7009
f 7000 7011 6974
f 7001 6974 7014
f 6976 7002 6999
f 7017 7010 7016
f 6592 7007 7004
f 7013 7017 7004
f 7004 7019 7007
f 7009 6589 7011
f 7015 6976 7012
f 7017 7013 7010
f 6598 7003 7002
f 7018 7004 7017
f 7006 6594 7010
f 7020 7015 7012
f 6976 7015 7021
f 7022 7002 6976
f 6976 7021 7022
f 7023 6598 7002
f 7002 7022 7023
f 7003 6598 7023
f 7023 7024 7003
f 7024 7005 7003
f 7005 7024 7025
f 7006 7005 7025
f 7026 7027 6594
f 6594 7027 7028
f 7028 7010 6594
f 7006 7025 7026
f 6594 7006 7026
f 7016 7010 7028
f 7016 7028 7029
f 7017 7029 7030
f 7030 7018 7017
f 7030 7004 7018
f 6592 7004 7030
f 7030 7031 6592
f 7007 6592 7031
f 7032 7008 7007
f 7032 7033 7008
f 7033 7009 7008
f 7009 7033 7034
f 7034 6589 7009
f 7011 6589 7034
f 7034 7035 7011
f 7011 7035 7036
f 7014 7036 7020
f 7020 7012 7014
f 7036 7014 6974
f 7036 6974 7011
f 7031 7032 7007
f 7029 7017 7016
f 7020 7021 7015
f 7034 7033 7042
f 7041 7036 7039
f 7034 7042 7037
f 7042 7033 7037
f 7039 7040 7041
f 7037 7038 7034
f 7035 7039 7036
f 7036 7041 7020
f 7032 7030 7031
f 7031 7029 7046
f 7044 7032 7045
f 7033 7044 7037
f 7032 7044 7033
f 7029 7031 7030
f 7031 7043 7032
f 7028 7025 7051
f 7029 7028 7027
f 7025 7024 7049
f 7025 7028 7027
f 7048 7049 7024
f 7049 7050 7025
f 7024 7047 7048
f 7027 7026 7025
f 7027 7029 7046
f 7051 7027 7028
f 7021 7020 7041
f 7047 7024 7023
f 7052 7041 7040
f 7053 7048 7023
f 7023 7048 7047
f 7041 7052 7021
f 7054 7049 7048
f 7054 7025 7050
f 7050 7049 7054
f 7040 7055 7052
f 7055 7053 7023
f 7048 7055 7054
f 7055 7021 7052
f 7055 7022 7021
f 7048 7053 7055
f 7054 7051 7025
f 7055 7023 7022
f 7027 7054 7056
f 7029 7027 7056
f 7027 7051 7054
f 7056 7058 7031
f 7058 7037 7044
f 7038 7037 7057
f 7058 7044 7045
f 7037 7058 7057
f 7031 7029 7056
f 7045 7032 7058
f 7034 7038 7057
f 7043 7031 7058
f 7035 7034 7057
f 7032 7043 7058
f 7039 7057 7040
f 7039 7035 7057
f 7040 7059 7055
f 7059 7060 7055
f 6297 7060 6295
f 6297 7055 7060
f 7062 7054 7055
f 7062 7061 7054
f 7055 6297 7062
f 7063 7061 7062
f 7062 7064 7063
f 6510 6516 6297
f 7060 7065 6510
f 6510 6295 7060
f 6297 6295 6510
f 6516 7064 7062
f 7062 6297 6516
f 7064 6516 6510
f 7064 6510 7066
f 6510 7067 7066
f 7068 7064 7070
f 7070 7069 7068
f 7071 6510 6513
f 7072 7056 7064
f 7056 7063 7064
f 7056 7054 7063
f 7054 7061 7063
f 7064 7068 7072
f 7073 7068 6503
f 7074 6513 6510
f 6510 7059 7074
f 7059 6510 7065
f 7060 7059 7065
f 7057 7059 7040
f 7057 7076 7059
f 6137 7076 6143
f 7058 7077 7078
f 6143 7057 7058
f 7058 7078 6143
f 7076 7057 6143
f 7077 7079 7080
f 7080 7078 7077
f 7058 7079 7077
f 7072 7081 7080
f 7079 7058 7056
f 7080 7056 7072
f 7080 7079 7056
f 7072 7068 7073
f 7082 7073 6503
f 7083 6503 6502
f 6502 7084 7083
f 6503 7083 7082
f 7073 7082 7072
f 6502 7087 7086
f 7086 7085 6502
f 5906 7088 7089
f 7088 5906 7080
f 5906 5908 7080
f 5908 7078 7080
f 5908 6143 7078
f 7090 7080 7081
f 7084 5896 5897
f 7083 5897 7091
f 7082 7091 7081
f 7081 7072 7082
f 7091 7082 7083
f 5897 7083 7084
f 6137 6143 5908
f 7076 6137 5906
f 5906 7092 7076
f 5908 5906 6137
f 7074 7059 5906
f 7092 7059 7076
f 7092 5906 7059
f 5906 5904 7074
f 7093 6508 7075
f 7094 7075 6514
f 7095 6514 6513
f 6513 7074 7095
f 6514 7095 7094
f 7075 7094 7093
f 7096 7097 6508
f 7081 7091 5897
f 5904 5906 7098
f 7098 7099 5904
f 7074 5904 5902
f 7095 5902 7100
f 7094 7100 5900
f 5900 7093 7094
f 7100 7094 7095
f 5902 7095 7074
f 5896 7101 7102
f 7103 7104 7105
f 7103 5900 7104
f 7085 7106 7107
f 7107 7096 7085
f 6505 6494 7085
f 7096 6505 7085
f 6505 6499 6494
f 6504 6505 7096
f 6239 6241 6505
f 6505 6504 6239
f 6505 6241 6242
f 6242 6499 6505
f 7084 6502 7085
f 7085 7108 7084
f 7085 6494 7108
f 6242 7108 6494
f 6494 6243 6242
f 7093 7109 7096
f 7109 6239 6504
f 7109 6504 7096
f 7096 6508 7093
f 6494 6499 6242
f 6241 6239 6242
f 7111 6239 7110
f 7111 6242 6239
f 7112 6242 7111
f 6242 7112 7113
f 6242 7113 7108
f 6239 7109 7114
f 7114 7110 6239
f 7093 5900 7103
f 7103 7109 7093
f 7103 5868 7109
f 5868 6131 7109
f 7103 5870 5868
f 6121 6126 5871
f 5871 5872 6121
f 7084 7108 7101
f 7108 5872 7101
f 5872 7108 6126
f 7101 5896 7084
f 5871 6132 5870
f 5871 6126 6132
f 5872 5871 5870
f 7101 5870 7103
f 7101 5872 5870
f 7103 7116 7115
f 7115 7101 7103
f 6131 7114 7109
f 6131 7117 7114
f 6126 7108 7113
f 7113 7112 6126
f 7112 7118 6126
f 7118 7117 6131
f 6131 6126 7118
f 6131 6132 6126
f 7119 7111 7110
f 7110 7120 7119
f 7111 7123 7124
f 7121 7112 7111
f 7124 7122 7111
f 7119 7123 7111
f 7110 7126 7120
f 7125 7121 7111
f 7110 7127 7126
f 7122 7125 7111
f 7114 7128 7110
f 7128 7127 7110
f 7120 7126 7127
f 7120 7127 7129
f 7127 7128 7126
f 7128 7129 7127
f 7120 7130 7119
f 7132 7131 7118
f 7131 7117 7118
f 7133 7114 7117
f 7135 7134 7117
f 7136 7132 7118
f 7117 7137 7138
f 7131 7135 7117
f 7118 7139 7136
f 7138 7133 7117
f 7117 7134 7137
f 7112 7140 7118
f 7140 7139 7118
f 6984 7120 7129
f 7120 6984 6989
f 7128 6578 6984
f 7128 6990 6578
f 6990 7128 7114
f 7114 6991 6990
f 6992 6991 7114
f 7114 7133 6992
f 6577 6992 7133
f 6985 7138 7141
f 6577 7133 7138
f 7138 6985 6577
f 6993 6985 7134
f 6586 6993 7134
f 6586 7134 7142
f 6582 6586 7142
f 6582 7142 7143
f 7136 6994 6582
f 7143 7136 6582
f 6994 7136 7139
f 6982 7139 7140
f 6995 6982 7140
f 7140 7112 6995
f 7112 6986 6995
f 6987 6986 7112
f 7112 7121 6987
f 6983 6987 7121
f 7121 6988 6983
f 7125 7122 6988
f 6580 6988 7122
f 7122 7144 6580
f 6580 7144 7130
f 6587 6580 7130
f 7121 7125 6988
f 7139 6982 6994
f 7141 7134 6985
f 6984 7129 7128
f 7120 6989 6587
f 7130 7120 6587
f 7131 7132 7136
f 7142 7136 7143
f 7136 7142 7131
f 7133 7138 7137
f 7138 7137 7134
f 7134 7131 7142
f 7138 7134 7141
f 7131 7134 7135
f 7122 7119 7130
f 7119 7122 7123
f 7122 7124 7123
f 7130 7144 7122
f 6503 7068 6500
f 7151 7067 7146
f 6510 6516 7145
f 7145 7067 6510
f 7145 7146 7067
f 7147 6510 7071
f 6515 7150 7148
f 7148 7149 6515
f 7152 7150 7151
f 7071 6513 7153
f 6513 6511 7153
f 6511 7154 7153
f 6515 7154 6511
f 7064 7066 7155
f 7070 7064 7157
f 7155 7066 7156
f 7158 6496 7159
f 6498 7160 7159
f 7159 6496 6498
f 7158 7161 7162
f 7162 7150 7158
f 7067 7163 7066
f 7146 7163 7067
f 7164 7107 7106
f 7169 7107 7166
f 7164 7166 7107
f 7150 7162 7167
f 7167 7158 7150
f 7165 7158 7168
f 7167 7168 7158
f 6499 7106 7085
f 7096 7107 6505
f 7166 6505 7107
f 7169 7150 7172
f 6508 7097 7171
f 7149 6515 6512
f 6512 7173 7149
f 7149 7150 7148
f 7172 7150 7149
f 7171 7173 6512
f 7175 7174 7149
f 7175 7149 7173
f 7149 7174 7176
f 7176 7172 7149
f 7173 7171 7178
f 7178 7175 7173
f 7172 7166 7169
f 7176 7172 7150
f 7096 7177 7171
f 7096 7171 7097
f 7171 7179 7178
f 7179 7171 7177
f 7172 7176 7180
f 7180 7166 7172
f 7096 7181 7179
f 7179 7177 7096
f 6505 7166 7096
f 7096 7166 7180
f 7180 7181 7096
f 7071 7153 7147
f 7182 7147 7153
f 7182 6510 7147
f 6510 7182 6516
f 7182 7153 7183
f 7183 7184 7182
f 7153 7185 7183
f 7154 6515 7185
f 7186 7185 6515
f 7153 7154 7185
f 7145 6516 7182
f 6515 7174 7186
f 7174 6515 7149
f 7182 7184 7187
f 7187 7145 7182
f 7149 7148 7188
f 7188 7174 7149
f 7146 7150 7152
f 7150 7146 7145
f 7145 7148 7150
f 7151 7146 7152
f 7145 7187 7188
f 7188 7148 7145
f 7085 7086 7087
f 7189 7190 7087
f 7087 7191 7189
f 7170 6496 7159
f 7159 7192 7170
f 7191 7087 7170
f 7085 7087 7190
f 7190 7194 7085
f 7195 7192 7159
f 7158 7195 7159
f 7196 7191 7170
f 7170 7192 7196
f 7085 7193 6499
f 7085 7194 7197
f 7193 7085 7197
f 7192 7195 7198
f 7198 7196 7192
f 7193 7106 6499
f 7106 7193 7165
f 7165 7197 7199
f 7199 7168 7165
f 7195 7158 7198
f 7200 7198 7158
f 7199 7158 7168
f 7199 7200 7158
f 7165 7193 7197
f 7162 7201 7202
f 7162 7203 7201
f 7202 7167 7162
f 7202 7204 7167
f 7168 7167 7204
f 7204 7205 7168
f 7164 7162 7150
f 7169 7166 7150
f 7166 7164 7150
f 7203 7162 7150
f 7165 7168 7205
f 7205 7206 7165
f 7162 7164 7207
f 7207 7203 7162
f 7206 7208 7165
f 7208 7106 7165
f 7066 7163 7146
f 7066 7209 7210
f 7146 7211 7209
f 7209 7066 7146
f 7146 7212 7213
f 7213 7211 7146
f 7066 7161 7158
f 7156 7066 7158
f 7161 7066 7210
f 7210 7214 7161
f 7146 7152 7215
f 7215 7212 7146
f 7161 7152 7150
f 7161 7150 7162
f 7160 6498 7069
f 7160 7069 7217
f 7160 7217 7216
f 7216 7159 7160
f 7159 7216 7200
f 7200 7158 7159
f 7064 7070 7069
f 7069 7157 7064
f 7157 7069 7070
f 7069 7219 7218
f 7219 7069 7070
f 7218 7217 7069
f 7158 7155 7156
f 7064 7220 7219
f 7219 7070 7064
f 7158 7200 7221
f 7221 7155 7158
f 7064 7155 7221
f 7221 7220 7064
f 7221 7200 7222
f 7217 7219 7220
f 7216 7221 7222
f 7220 7221 7217
f 7222 7200 7216
f 7216 7217 7221
f 7219 7217 7218
f 7214 7210 7223
f 7209 7223 7210
f 7213 7212 7215
f 7211 7213 7224
f 7202 7209 7211
f 7211 7224 7202
f 7202 7225 7209
f 7214 7223 7209
f 7225 7214 7209
f 7215 7224 7213
f 7202 7152 7161
f 7161 7214 7202
f 7202 7224 7152
f 7224 7215 7152
f 7202 7214 7225
f 7226 7201 7203
f 7203 7227 7226
f 7204 7202 7228
f 7226 7228 7202
f 7202 7201 7226
f 7228 7208 7204
f 7205 7204 7208
f 7208 7206 7205
f 7207 7227 7203
f 7106 7228 7226
f 7226 7164 7106
f 7164 7227 7207
f 7226 7227 7164
f 7106 7208 7228
f 7175 7181 7180
f 7180 7176 7174
f 7175 7179 7181
f 7174 7175 7180
f 7175 7178 7179
f 7188 7186 7174
f 7185 7187 7184
f 7187 7185 7186
f 7186 7188 7187
f 7184 7183 7185
f 7197 7194 7190
f 7197 7190 7189
f 7196 7198 7229
f 7191 7197 7189
f 7191 7229 7197
f 7191 7196 7229
f 7197 7229 7199
f 7198 7199 7229
f 7199 7198 7200
f 6514 7075 6508
f 6508 6509 6514
f 6500 7068 6498
f 6496 7170 7087
f 7087 6495 6496
f 7069 6498 7068
f 6502 6495 7087
f 6511 6513 7074
f 6514 6509 7231
f 6509 6508 7093
f 6508 7171 7232
f 7171 6512 7232
f 6512 6515 7186
f 6515 6511 7230
f 7230 7186 6515
f 7186 7232 6512
f 7232 7093 6508
f 7093 7231 6509
f 7231 7095 6514
f 7074 7230 6511
f 5907 5901 7230
f 5901 5903 7232
f 5903 7104 7232
f 7093 7232 5900
f 7232 7104 5900
f 5900 5905 7231
f 5905 5902 7231
f 5904 5907 7230
f 7230 7074 5904
f 7095 7231 5902
f 7231 7093 5900
f 7232 7186 5901
f 7186 7230 5901
f 5905 5900 5902
f 7100 5902 5900
f 6498 6496 7234
f 6496 6495 7235
f 6495 6502 7084
f 6503 6500 7236
f 6500 6498 7233
f 7233 7236 6500
f 7236 7083 6503
f 7084 7235 6495
f 7235 7234 6496
f 7234 7233 6498
f 5895 5898 7236
f 5898 5897 7236
f 5896 5892 7235
f 5892 5893 7234
f 5893 5895 7233
f 7233 7234 5893
f 7234 7235 5892
f 7235 7084 5896
f 7083 7236 5897
f 7236 7233 5895
f 5892 5896 7238
f 5892 7238 5893
f 7239 5893 7238
f 7081 5898 5895
f 7237 7081 5895
f 7245 7241 7240
f 5901 7243 7242
f 7242 7241 5901
f 7099 7244 5907
f 5901 5907 7244
f 7099 5907 5904
f 5906 7089 7246
f 7246 5908 5906
f 7098 5906 7247
f 7248 7246 7089
f 7248 7089 7245
f 5898 7081 5897
f 7249 7088 7080
f 7253 7088 7249
f 7250 7080 7090
f 7237 7090 7081
f 7251 7252 5893
f 5895 5893 7252
f 7252 7254 5895
f 7241 7255 7256
f 7256 7251 7241
f 7257 7089 7088
f 7089 7257 7248
f 7116 7258 7115
f 7116 7260 7258
f 7260 7116 7261
f 7251 7262 7255
f 7255 7241 7251
f 7263 7262 7251
f 7263 7251 7259
f 7102 7238 5896
f 7101 7115 5871
f 7259 5871 7115
f 5870 7116 7103
f 7116 5870 7260
f 7264 7241 7261
f 5901 7243 5903
f 7265 5903 7243
f 7243 7241 7264
f 7242 7241 7243
f 5903 7265 7104
f 7174 7175 7243
f 7265 7243 7175
f 7243 7264 7176
f 7176 7174 7243
f 7265 7175 7178
f 7178 7104 7265
f 7261 7260 7264
f 7176 7241 7264
f 7104 7266 7103
f 7266 7104 7179
f 7178 7179 7104
f 7264 7260 7180
f 7180 7176 7264
f 7103 7266 7179
f 7179 7181 7103
f 7260 5870 7103
f 7103 7181 7180
f 7180 7260 7103
f 7099 7247 7267
f 7247 7099 7098
f 5906 7267 7247
f 7267 5906 5908
f 7267 7184 7183
f 7183 7099 7267
f 7244 7099 7183
f 7183 7185 7244
f 5901 7185 7186
f 5901 7244 7185
f 7246 7267 5908
f 7186 7174 5901
f 7243 5901 7174
f 7267 7246 7187
f 7187 7184 7267
f 7243 7174 7188
f 7188 7242 7243
f 7246 7241 7242
f 7241 7246 7248
f 7248 7240 7241
f 7240 7248 7245
f 7246 7242 7188
f 7188 7187 7246
f 7238 7102 7101
f 7238 7190 7189
f 7189 7191 7238
f 5893 7239 7252
f 7268 7252 7239
f 7239 7238 7191
f 7101 7194 7190
f 7190 7238 7101
f 7252 7270 7251
f 7270 7252 7268
f 7196 7268 7239
f 7239 7191 7196
f 7101 5871 7269
f 7197 7101 7269
f 7197 7194 7101
f 7268 7196 7198
f 7198 7270 7268
f 5871 7259 7269
f 7259 7263 7199
f 7199 7197 7259
f 7198 7200 7251
f 7200 7263 7251
f 7200 7199 7263
f 7251 7270 7198
f 7269 7259 7197
f 7255 7262 7271
f 7262 7272 7271
f 7271 7273 7255
f 7273 7274 7255
f 7263 7275 7272
f 7272 7262 7263
f 7241 7258 7260
f 7241 7255 7258
f 7241 7260 7261
f 7255 7241 7274
f 7259 7276 7275
f 7275 7263 7259
f 7255 7274 7277
f 7277 7258 7255
f 7259 7115 7278
f 7278 7276 7259
f 7088 7248 7257
f 7088 7279 7280
f 7248 7280 7281
f 7282 7279 7088
f 7280 7248 7088
f 7281 7283 7248
f 7088 7251 7256
f 7251 7088 7253
f 7256 7284 7282
f 7282 7088 7256
f 7248 7283 7285
f 7285 7240 7248
f 7256 7241 7240
f 7237 5895 7254
f 7254 7252 7216
f 7216 7217 7254
f 7217 7237 7254
f 7252 7251 7200
f 7200 7216 7252
f 7237 7080 7250
f 7080 7237 7090
f 7090 7237 7250
f 7237 7217 7218
f 7218 7219 7237
f 7090 7237 7219
f 7253 7249 7251
f 7080 7090 7219
f 7219 7220 7080
f 7251 7249 7221
f 7221 7200 7251
f 7080 7220 7221
f 7221 7249 7080
f 7216 7200 7221
f 7286 7282 7284
f 7279 7282 7286
f 7279 7286 7284
f 7287 7271 7279
f 7279 7284 7287
f 7271 7288 7280
f 7281 7280 7288
f 7288 7285 7283
f 7283 7281 7288
f 7280 7279 7271
f 7256 7240 7271
f 7240 7288 7271
f 7240 7285 7288
f 7271 7284 7256
f 7271 7287 7284
f 7272 7275 7276
f 7276 7278 7272
f 7290 7273 7271
f 7289 7271 7272
f 7274 7273 7290
f 7274 7291 7277
f 7290 7291 7274
f 7271 7289 7290
f 7278 7289 7272
f 7115 7258 7290
f 7258 7291 7290
f 7290 7289 7115
f 7277 7291 7258
f 7289 7278 7115
f 7294 7292 7295
f 7297 7294 7296
f 7298 7297 7296
f 7300 7298 7299
f 7301 7300 7299
f 7304 7301 7303
f 7305 7304 7303
f 7292 7305 7293
f 7303 7293 7305
f 7302 7303 7301
f 7299 7302 7301
f 7296 7299 7298
f 7295 7296 7294
f 7293 7295 7292
f 7301 7307 7306
f 7306 7308 7300
f 7301 7309 7307
f 7306 7300 7301
f 7298 7310 7297
f 7313 7311 7294
f 7297 7313 7294
f 7312 7314 7292
f 7308 7298 7300
f 7304 7309 7301
f 7292 7314 7305
f 7302 7299 7315
f 7303 7302 7317
f 7293 7320 7295
f 7299 7296 7321
f 7319 7315 7299
f 7317 7316 7303
f 7315 7317 7302
f 7296 7322 7321
f 7321 7318 7299
f 7323 7324 7303
f 7324 7293 7303
f 7306 7307 7317
f 7317 7315 7306
f 7316 7317 7307
f 7298 7308 7315
f 7299 7318 7298
f 7315 7299 7298
f 7319 7315 7308
f 7293 7324 7305
f 7314 7320 7293
f 7293 7305 7314
f 7320 7314 7312
f 7294 7311 7322
f 7292 7294 7296
f 7312 7292 7295
f 7295 7320 7312
f 7296 7295 7292
f 7322 7296 7294
f 7322 7311 7313
f 7297 7321 7322
f 7322 7313 7297
f 7296 7321 7297
f 7310 7318 7321
f 7321 7297 7310
f 7318 7310 7298
f 7315 7308 7306
f 7316 7307 7309
f 7309 7304 7303
f 7303 7316 7309
f 7323 7303 7304
f 7305 7324 7323
f 7323 7304 7305
f 7329 7328 7330
f 7332 7331 7333
f 7338 7337 7339
f 7342 7341 7343
f 7342 7326 7344
f 7340 7343 7341
f 7336 7339 7337
f 7326 7327 7325
f 7345 7336 7335
f 7335 7346 7345
f 7340 7345 7347
f 7345 7339 7336
f 7346 7333 7331
f 7346 7334 7332
f 7335 7334 7346
f 7338 7339 7345
f 7350 7351 7352
f 7350 7353 7354
f 7353 7355 7354
f 7353 7327 7326
f 7332 7333 7346
f 7345 7356 7347
f 7326 7357 7349
f 7352 7359 7350
f 7354 7351 7350
f 7348 7353 7326
f 7353 7346 7329
f 7345 7360 7361
f 7349 7348 7326
f 7350 7362 7363
f 7359 7358 7350
f 7353 7325 7327
f 7329 7330 7353
f 7361 7356 7345
f 7345 7363 7364
f 7342 7343 7357
f 7326 7342 7357
f 7363 7345 7350
f 7353 7328 7325
f 7330 7328 7353
f 7340 7338 7345
f 7347 7365 7340
f 7358 7362 7350
f 7364 7360 7345
f 7365 7357 7340
f 7348 7355 7353
f 7343 7340 7357
f 7331 7329 7346
f 7354 7366 7351
f 7348 7367 7355
f 7365 7349 7357
f 7351 7359 7352
f 7363 7362 7358
f 7361 7360 7364
f 7354 7355 7367
f 7368 7369 7370
f 7371 7370 7372
f 7373 7372 7374
f 7375 7374 7376
f 7377 7376 7378
f 7379 7378 7380
f 7381 7380 7382
f 7383 7382 7346
f 7346 7353 7383
f 7382 7383 7381
f 7380 7381 7379
f 7378 7379 7377
f 7376 7377 7375
f 7374 7375 7373
f 7372 7373 7371
f 7370 7371 7368
f 7384 7385 7386
f 7387 7386 7388
f 7389 7388 7390
f 7391 7390 7392
f 7393 7392 7394
f 7395 7394 7396
f 7397 7396 7398
f 7399 7398 7350
f 7350 7345 7399
f 7398 7399 7397
f 7396 7397 7395
f 7394 7395 7393
f 7392 7393 7391
f 7390 7391 7389
f 7388 7389 7387
f 7386 7387 7384
f 7349 7346 7335
f 7346 7365 7347
f 7340 7350 7351
f 7347 7345 7346
f 7335 7348 7349
f 7353 7326 7325
f 7350 7359 7351
f 7346 7331 7332
f 7342 7344 7353
f 7346 7349 7365
f 7328 7346 7353
f 7344 7326 7353
f 7353 7340 7341
f 7341 7342 7353
f 7340 7367 7348
f 7348 7337 7338
f 7335 7336 7348
f 7340 7351 7366
f 7361 7364 7345
f 7363 7358 7350
f 7348 7338 7340
f 7336 7337 7348
f 7366 7354 7340
f 7340 7353 7350
f 7328 7329 7346
f 7354 7367 7340
f 7400 7383 7382
f 7379 7400 7380
f 7377 7379 7401
f 7402 7371 7370
f 7370 7403 7402
f 7401 7376 7377
f 7380 7401 7379
f 7382 7380 7400
f 7404 7397 7405
f 7393 7404 7394
f 7405 7394 7404
f 7398 7405 7397
f 7410 7413 7369
f 7409 7408 7416
f 7369 7368 7415
f 7410 7369 7414
f 7411 7414 7369
f 7411 7369 7415
f 7368 7418 7412
f 7413 7417 7369
f 7410 7414 7406
f 7415 7409 7411
f 7412 7415 7368
f 7418 7368 7419
f 7413 7420 7417
f 7415 7408 7409
f 7407 7410 7406
f 7429 7402 7430
f 7423 7432 7422
f 7431 7430 7402
f 7402 7421 7431
f 7421 7402 7403
f 7423 7422 7421
f 7424 7423 7421
f 7403 7433 7428
f 7421 7403 7424
f 7403 7425 7424
f 7428 7427 7425
f 7428 7425 7403
f 7426 7425 7427
f 7434 7435 7433
f 7433 7403 7434
f 7420 7435 7436
f 7407 7439 7427
f 7427 7428 7407
f 7410 7407 7428
f 7413 7428 7433
f 7413 7433 7435
f 7435 7420 7413
f 7428 7413 7410
f 7438 7427 7439
f 7436 7437 7420
f 7444 7443 7442
f 7409 7444 7442
f 7423 7424 7411
f 7411 7409 7423
f 7424 7414 7411
f 7426 7406 7414
f 7414 7425 7426
f 7406 7426 7441
f 7441 7440 7406
f 7414 7424 7425
f 7442 7423 7409
f 7416 7432 7445
f 7418 7447 7448
f 7431 7412 7418
f 7418 7430 7431
f 7421 7415 7412
f 7415 7421 7422
f 7422 7416 7408
f 7416 7422 7432
f 7422 7408 7415
f 7412 7431 7421
f 7448 7430 7418
f 7446 7448 7447
f 7449 7450 7451
f 7452 7447 7418
f 7444 7445 7446
f 7444 7416 7445
f 7446 7452 7444
f 7446 7447 7452
f 7416 7444 7409
f 7442 7443 7452
f 7451 7441 7442
f 7451 7440 7441
f 7442 7452 7451
f 7443 7444 7452
f 7440 7439 7407
f 7407 7406 7440
f 7440 7451 7438
f 7451 7437 7436
f 7436 7438 7451
f 7438 7439 7440
f 7451 7417 7420
f 7420 7437 7451
f 7454 7453 7455
f 7450 7449 7455
f 7453 7450 7455
f 7418 7419 7452
f 7451 7452 7449
f 7455 7453 7457
f 7457 7456 7455
f 7458 7457 7453
f 7449 7450 7453
f 7451 7436 7435
f 7438 7451 7452
f 7442 7438 7452
f 7441 7426 7427
f 7442 7441 7438
f 7427 7438 7441
f 7442 7445 7432
f 7442 7446 7445
f 7446 7442 7452
f 7452 7448 7446
f 7423 7442 7432
f 7452 7429 7430
f 7430 7448 7452
f 7435 7434 7451
f 7455 7449 7453
f 7456 7457 7454
f 7454 7455 7456
f 7453 7454 7458
f 7457 7458 7454
f 7419 7429 7452
f 7419 7368 7402
f 7396 7405 7398
f 7402 7429 7419
f 7405 7396 7394
f 7371 7402 7368
f 7379 7381 7400
f 7383 7400 7381
f 7395 7404 7393
f 7434 7403 7369
f 7397 7404 7395
f 7378 7401 7380
f 7370 7369 7403
f 7451 7434 7417
f 7369 7417 7434
f 7401 7378 7376
f 7468 7467 7469
f 7467 7468 7466
f 7469 7470 7462
f 7462 7468 7469
f 7465 7461 7460
f 7462 7466 7468
f 7461 7465 7466
f 7471 7472 7473
f 7474 7473 7471
f 7464 7477 7478
f 7478 7476 7464
f 7478 7477 7479
f 7480 7478 7479
f 7476 7475 7464
f 7464 7471 7473
f 7473 7477 7464
f 7464 7481 7482
f 7482 7471 7464
f 7464 7460 7481
f 7460 7483 7481
f 7460 7459 7484
f 7484 7483 7460
f 7475 7463 7464
f 7462 7461 7466
f 7460 7464 7465
f 7477 7478 7480
f 7479 7477 7480
f 7466 7469 7467
f 7466 7462 7470
f 7470 7469 7466
f 7486 7488 7385
f 7474 7471 7485
f 7384 7490 7489
f 7463 7475 7487
f 7459 7385 7484
f 7486 7384 7489
f 7486 7385 7384
f 7491 7480 7479
f 7491 7490 7384
f 7487 7491 7384
f 7487 7384 7463
f 7488 7484 7385
f 7474 7485 7486
f 7491 7479 7490
f 7489 7474 7486
f 7490 7480 7491
f 7488 7486 7384
f 7490 7479 7480
f 7488 7384 7385
f 7492 7493 7494
f 7494 7495 7492
f 7495 7494 7496
f 7497 7498 7495
f 7495 7496 7497
f 7500 7499 7501
f 7499 7500 7498
f 7502 7503 7500
f 7500 7501 7502
f 7505 7503 7504
f 7506 7505 7504
f 7504 7507 7493
f 7505 7506 7508
f 7493 7508 7507
f 7493 7505 7508
f 7503 7505 7493
f 7493 7507 7503
f 7509 7500 7503
f 7503 7507 7509
f 7498 7500 7510
f 7510 7497 7498
f 7509 7510 7500
f 7497 7496 7494
f 7509 7507 7502
f 7499 7497 7510
f 7497 7494 7493
f 7502 7501 7509
f 7501 7499 7510
f 7510 7509 7501
f 7493 7504 7503
f 7507 7503 7502
f 7497 7499 7498
f 7495 7508 7492
f 7508 7495 7497
f 7497 7493 7508
f 7506 7492 7508
f 7511 7504 7493
f 7511 7506 7504
f 7511 7513 7506
f 7493 7513 7511
f 7513 7493 7492
f 7511 7512 7493
f 7506 7513 7492
f 7514 7478 7487
f 7487 7515 7514
f 7475 7487 7478
f 7476 7475 7478
f 7516 7517 7518
f 7520 7519 7521
f 7478 7520 7522
f 7522 7476 7478
f 7521 7522 7520
f 7516 7521 7519
f 7517 7523 7525
f 7525 7518 7517
f 7524 7525 7523
f 7526 7527 7524
f 7524 7523 7526
f 7530 7528 7529
f 7526 7531 7527
f 7532 7527 7531
f 7530 7532 7531
f 7529 7528 7533
f 7533 7534 7529
f 7527 7525 7524
f 7535 7536 7476
f 7536 7487 7476
f 7487 7475 7476
f 7537 7516 7518
f 7538 7521 7516
f 7539 7535 7476
f 7540 7529 7534
f 7518 7525 7537
f 7516 7537 7538
f 7541 7539 7522
f 7538 7541 7521
f 7476 7522 7539
f 7529 7540 7530
f 7522 7521 7541
f 7523 7542 7525
f 7491 7487 7478
f 7542 7523 7517
f 7539 7520 7478
f 7519 7544 7516
f 7544 7542 7517
f 7478 7543 7539
f 7541 7519 7520
f 7520 7539 7541
f 7517 7516 7544
f 7528 7530 7545
f 7478 7487 7536
f 7543 7536 7535
f 7536 7543 7478
f 7533 7528 7540
f 7540 7534 7533
f 7545 7530 7540
f 7540 7528 7545
f 7527 7526 7523
f 7523 7525 7527
f 7543 7535 7539
f 7519 7538 7537
f 7544 7537 7525
f 7525 7542 7544
f 7537 7544 7519
f 7538 7519 7541
f 7515 7514 7546
f 7478 7514 7515
f 7515 7476 7478
f 7514 7478 7546
f 7533 7547 7534
f 7534 7550 7533
f 7534 7549 7550
f 7478 7476 7534
f 7534 7547 7478
f 7476 7515 7549
f 7549 7534 7476
f 7515 7546 7533
f 7533 7550 7515
f 7478 7547 7533
f 7533 7546 7478
f 7548 7533 7546
f 7550 7549 7515
f 7556 7557 7555
f 7552 7558 7559
f 7560 7552 7551
f 7561 7557 7555
f 7552 7560 7558
f 7554 7556 7555
f 7562 7552 7551
f 7551 7559 7562
f 7558 7556 7559
f 7558 7557 7556
f 7551 7552 7559
f 7563 7990 7991
f 7563 7564 7990
f 7990 7564 7565
f 7992 7566 7567
f 7993 7569 7566
f 7993 7565 7570
f 7568 7563 7991
f 7991 7992 7568
f 7566 7992 7993
f 7570 7569 7993
f 7993 7990 7565
f 7992 7567 7568
f 7994 7652 7653
f 7995 7655 7996
f 7997 7998 7689
f 7999 7689 7690
f 8000 7691 7692
f 8001 7994 8002
f 8003 7995 8004
f 8005 8006 8007
f 8008 8007 8009
f 8010 7997 7999
f 8011 7999 8012
f 8013 8000 8014
f 8015 8016 8017
f 7571 7572 8018
f 8019 8020 7573
f 8021 7575 7576
f 8019 7576 7575
f 7575 8021 8019
f 8019 7573 7576
f 8020 8018 7579
f 8018 7574 7577
f 8020 7579 7580
f 7576 7574 8021
f 7578 7573 8020
f 7577 7579 8018
f 7580 7578 8020
f 7582 7581 7583
f 7583 7585 7582
f 7582 7584 7581
f 7581 7584 7586
f 7583 8022 7589
f 7587 7588 8022
f 7588 7587 8023
f 7588 7590 8022
f 8023 7586 7588
f 7589 7585 7583
f 7587 8022 8023
f 7590 7589 8022
f 7591 7571 8020
f 8019 7562 7559
f 7553 8025 8024
f 8025 7552 7562
f 8020 7559 7556
f 7562 8019 8025
f 7554 7553 8024
f 7556 7554 8024
f 7553 7552 8025
f 7556 8024 8020
f 7593 7583 7592
f 7592 7594 7593
f 7592 7595 7594
f 8026 7597 7598
f 7583 7593 7596
f 7592 8026 7598
f 7596 7597 8022
f 7598 7595 7592
f 7597 8026 8022
f 8017 8016 7599
f 8016 7600 7599
f 8016 7693 7600
f 7601 7602 8017
f 8027 8017 7603
f 7603 7604 8027
f 7606 7605 7581
f 7608 7609 7610
f 7608 7611 7612
f 7581 8023 7613
f 7612 7609 7608
f 7608 7610 7605
f 7606 7607 7605
f 7581 7616 7606
f 7614 7617 8023
f 7608 7614 7615
f 7605 7607 7608
f 8023 7617 7613
f 7608 7615 7611
f 7614 8023 7615
f 7613 7616 7581
f 7989 8026 7618
f 8026 7619 7618
f 8026 7620 7621
f 7621 7619 8026
f 8026 7622 7620
f 8026 7592 7622
f 8028 7624 7623
f 8025 7625 7626
f 8025 7629 7625
f 7628 8025 7627
f 7628 7629 8025
f 8024 7626 7630
f 7630 7631 8024
f 8018 7572 7632
f 7632 7633 8018
f 8021 7634 7635
f 7638 7635 7634
f 7635 7638 8021
f 7637 7639 7636
f 8021 8018 7640
f 7639 7642 7636
f 7634 7636 7638
f 8021 7640 7634
f 7641 7643 7633
f 7636 7641 7633
f 8018 7644 7640
f 8018 7643 7644
f 8018 7633 7643
f 7633 7637 7636
f 8029 7645 7646
f 7647 7645 8029
f 8030 7648 7649
f 8030 7646 7648
f 7652 7650 7651
f 7996 7655 7656
f 7659 7660 7661
f 7658 8031 7663
f 7659 7662 7660
f 7662 7659 7658
f 7663 7664 7658
f 7665 8031 7666
f 7657 7662 7658
f 8031 7658 7666
f 7664 7657 7658
f 7661 7667 7668
f 7661 7996 7667
f 7996 7669 7670
f 7666 7671 7665
f 7672 7667 7996
f 7996 7670 7672
f 8032 7996 7661
f 7668 7659 7661
f 7669 7665 7671
f 7673 8031 8032
f 8032 7674 7673
f 7669 7671 7670
f 8032 7661 7674
f 8031 7664 7663
f 7673 7664 8031
f 8031 7665 7675
f 7991 7676 7677
f 7998 7993 7678
f 7998 7678 7680
f 7679 7681 7998
f 7993 7682 7683
f 7993 7684 7682
f 7685 7686 7687
f 7680 7679 7998
f 7687 7992 7685
f 7685 7681 7686
f 7681 7679 7687
f 7683 7678 7993
f 7684 7993 7992
f 7687 7684 7992
f 7687 7686 7681
f 7688 7689 7998
f 7998 7681 7688
f 7697 7698 8022
f 7698 7699 8023
f 7700 7701 7702
f 7702 7703 7700
f 8027 7701 7704
f 7702 7615 7703
f 7615 7705 7706
f 7700 7704 7701
f 7706 7707 7615
f 8023 7699 7385
f 7707 7703 7615
f 7385 7615 8023
f 7385 7705 7615
f 8015 8027 7708
f 7708 7709 8015
f 8027 7405 7710
f 7710 7708 8027
f 7711 8033 8015
f 7712 8013 8033
f 7713 8034 8013
f 7714 8011 8034
f 7715 8010 8011
f 7716 8035 8010
f 7717 8036 8035
f 7718 8008 8036
f 7719 8005 8008
f 7720 8037 8005
f 7721 8003 8037
f 7722 8038 8003
f 7723 8039 8038
f 7724 8001 8039
f 8001 7724 7725
f 8029 7726 7727
f 7725 8029 8001
f 7725 7726 8029
f 7647 7728 7729
f 8029 7400 7730
f 7647 7731 7728
f 7730 7647 8029
f 7730 7731 7647
f 7732 7733 7647
f 7638 7733 7732
f 8021 7638 7402
f 7732 7734 7638
f 7638 7735 7402
f 7734 7735 7638
f 8019 8021 7736
f 8025 8019 7737
f 8025 7738 7739
f 8025 7740 7738
f 7739 7627 8025
f 7627 7739 7741
f 8028 7745 7746
f 7744 7749 7750
f 8028 7752 7745
f 8028 7748 7752
f 7748 8028 7747
f 8028 7741 7753
f 7744 7741 7749
f 7750 7757 7744
f 7758 7759 7743
f 7758 7756 7759
f 7746 7761 8028
f 7753 7760 8028
f 7760 7747 8028
f 7762 7754 7755
f 7744 7753 7741
f 7742 7762 7755
f 7761 7763 7624
f 7763 7761 7764
f 7764 7765 7763
f 7768 7765 7769
f 7764 7766 7770
f 7771 7767 7766
f 7771 8040 7768
f 7765 7772 7773
f 7766 7767 7770
f 7768 7774 7771
f 7773 7769 7765
f 7764 7775 7772
f 7766 8040 7771
f 7772 7765 7764
f 7769 7774 7768
f 7776 7777 7778
f 7779 7776 7780
f 7777 8041 7781
f 7783 8040 7784
f 7781 7782 7777
f 7783 7785 7786
f 7783 7787 7785
f 7784 8040 7779
f 7776 8041 7777
f 7782 7781 7783
f 7780 7784 7779
f 7786 7782 7783
f 7778 7780 7776
f 7784 7787 7783
f 7788 7789 7790
f 7790 8041 7788
f 7793 7792 7791
f 7793 8042 7794
f 7795 7791 7792
f 7794 7797 7793
f 7789 7799 7798
f 7796 7789 7795
f 7795 7800 7796
f 7791 8042 7793
f 7789 7802 7799
f 7795 7801 7800
f 7792 7801 7795
f 7798 7794 7789
f 7796 7802 7789
f 7798 7797 7794
f 7803 7804 7805
f 7806 7807 7808
f 7808 7804 7806
f 7806 7809 7807
f 7810 7807 7806
f 7810 8042 7811
f 7804 7812 7813
f 7806 8042 7810
f 7803 7805 7814
f 7808 7812 7804
f 7811 7803 7810
f 7804 7813 7805
f 7814 7810 7803
f 7803 7815 7816
f 7817 7816 7815
f 7818 7819 7817
f 7820 7821 7822
f 7822 7821 7819
f 7822 7823 7820
f 7819 7818 7824
f 7819 7824 7822
f 7828 7829 7830
f 7827 7825 7823
f 7828 7830 7831
f 7832 7826 7833
f 7826 7823 7825
f 7823 7822 7827
f 7834 7822 7835
f 7836 7837 7838
f 7840 7829 7836
f 7831 7841 7828
f 7842 7832 7833
f 7825 7833 7826
f 7822 7834 7827
f 7835 7837 7834
f 7843 7838 7837
f 7838 7839 7836
f 7839 7844 7836
f 7828 7836 7829
f 7841 7831 7842
f 7837 7835 7843
f 7844 7840 7836
f 7833 7841 7842
f 7845 8043 7846
f 7847 7840 7845
f 7846 7847 7845
f 7848 7849 7850
f 7850 7851 7848
f 7850 7852 7853
f 7850 7855 7854
f 7849 7856 7852
f 7853 7855 7850
f 7850 7849 7852
f 7861 7860 7859
f 7861 8044 7857
f 7857 7861 7858
f 7849 7859 7860
f 7859 8044 7861
f 7857 7850 7854
f 7860 7856 7849
f 7854 7861 7857
f 8045 7867 7865
f 7862 8046 7864
f 8046 7869 7864
f 7869 7866 7870
f 7866 8045 7865
f 7868 7865 7867
f 7863 7868 7867
f 7863 7867 7862
f 7862 7864 7863
f 7871 7864 7869
f 7869 7870 7871
f 7866 7865 7870
f 7872 8045 7873
f 7874 7875 7872
f 7876 7875 7877
f 7875 7881 7882
f 7880 7879 7878
f 7880 7878 7876
f 7876 7877 7883
f 7875 7882 7877
f 7875 7874 7884
f 7874 7878 7885
f 7883 7880 7876
f 7884 7881 7875
f 7878 7879 7885
f 7885 7884 7874
f 7886 7989 7887
f 7888 7876 7878
f 7887 7889 7886
f 7889 7888 7886
f 7989 7886 7890
f 7890 7891 7989
f 7892 7893 7894
f 8026 7989 7895
f 7896 7989 7897
f 7891 7898 7989
f 7894 7899 7892
f 7895 7901 8026
f 7989 7898 7897
f 7894 7900 7899
f 7895 7989 7904
f 7904 7899 7900
f 7989 7906 7904
f 7897 7902 7896
f 7907 7696 7908
f 7900 7895 7904
f 7909 7695 7905
f 7896 7906 7989
f 7901 7697 8026
f 7910 7909 7905
f 7675 7911 7912
f 7911 7913 7912
f 8031 7675 7912
f 8032 8031 7914
f 8007 7916 7915
f 7916 8007 8006
f 7915 7917 8006
f 8006 8032 7915
f 7917 7916 8006
f 8032 7918 7915
f 8009 7920 7919
f 8009 7921 7920
f 7921 8009 8007
f 8007 7922 7919
f 7919 7990 8009
f 7919 7921 8007
f 7923 7924 7991
f 7925 7913 7911
f 7925 7676 7991
f 7991 7924 7925
f 7911 7676 7925
f 7926 8046 7927
f 7928 7926 7931
f 7927 7932 7926
f 7931 7929 7928
f 7927 7933 7932
f 7930 7928 7929
f 7934 7935 7933
f 7928 8046 7926
f 7933 7927 7934
f 7936 7937 7938
f 7938 7939 7936
f 7937 7940 7938
f 7934 7936 7935
f 7936 7939 7935
f 7930 7941 7940
f 7930 7929 7941
f 7936 8044 7937
f 7940 7937 7930
f 7942 7943 8035
f 7942 8035 8036
f 8036 8009 7944
f 7944 7942 8036
f 8009 7990 7945
f 7993 7946 7947
f 7990 7993 7947
f 7945 7944 8009
f 8047 7943 7946
f 7946 7993 8047
f 7990 7947 7945
f 8015 8033 7948
f 8033 7950 7948
f 8015 7948 7949
f 8033 8014 7950
f 7693 8016 7952
f 7951 7692 7693
f 8016 7949 7952
f 8014 7953 7950
f 7951 7953 7692
f 7953 8014 7692
f 7952 7951 7693
f 8013 8034 7954
f 8034 8012 7955
f 8034 7955 7954
f 7690 7691 7956
f 8000 7954 7956
f 7956 7957 7690
f 7956 7691 8000
f 8012 7690 7957
f 7957 7955 8012
f 7958 8010 8035
f 7959 7958 8035
f 7958 7960 8010
f 8035 8047 7959
f 7998 7997 7961
f 7993 7962 7963
f 7993 7998 7962
f 7998 7961 7962
f 7960 7961 7997
f 8047 7963 7959
f 7963 8047 7993
f 7964 8037 7965
f 8037 7966 7965
f 7964 7967 8005
f 8037 8004 7966
f 7965 7968 7964
f 7964 8005 8037
f 7969 7964 7968
f 8032 8006 7970
f 8004 7996 7971
f 8006 7967 7970
f 8004 7971 7966
f 7973 7972 7974
f 7973 7968 7972
f 8032 7970 7975
f 7968 7973 7969
f 7974 7971 7996
f 7974 7996 7975
f 7974 7975 7973
f 7996 8032 7975
f 8039 8002 7976
f 7976 8038 8039
f 8038 7976 7977
f 7977 8003 8038
f 7655 7977 7978
f 7978 7979 7654
f 7978 7654 7655
f 7977 7655 7995
f 8002 7979 7976
f 7653 7654 7979
f 7979 8002 7653
f 8001 8029 7980
f 8029 7982 7980
f 8029 8030 7982
f 8001 7980 7981
f 7983 8030 7984
f 8030 7649 7984
f 7983 7984 7650
f 8030 7983 7982
f 7994 7981 7986
f 7985 7650 7652
f 7986 7652 7994
f 7985 7983 7650
f 7986 7985 7652
f 7981 7994 8001
f 7977 7995 8003
f 7967 8006 8005
f 7960 7997 8010
f 7954 8000 8013
f 7949 8016 8015
f 7943 8047 8035
f 7991 7990 7923
f 7919 7923 7990
f 7915 7922 8007
f 7914 7918 8032
f 7912 7914 8031
f 7878 7886 7888
f 7873 7874 7872
f 7873 8045 7866
f 7869 8046 7928
f 7937 8044 7859
f 7851 8043 7848
f 7848 8043 7845
f 7847 7829 7840
f 7815 7818 7817
f 7816 7804 7803
f 7811 8042 7791
f 7788 7795 7789
f 7788 8041 7776
f 7779 8040 7766
f 7770 7775 7764
f 7624 8028 7761
f 7741 8028 7627
f 7737 7740 8025
f 7736 7737 8019
f 7402 7736 8021
f 7729 7732 7647
f 7727 7400 8029
f 8039 7723 7724
f 8038 7722 7723
f 8003 7721 7722
f 8037 7720 7721
f 8005 7719 7720
f 8008 7718 7719
f 8036 7717 7718
f 8035 7716 7717
f 8010 7715 7716
f 8011 7714 7715
f 8034 7713 7714
f 8013 7712 7713
f 8033 7711 7712
f 8015 7987 7711
f 7709 7987 8015
f 7704 7405 8027
f 8023 8022 7698
f 8022 8026 7697
f 7694 7600 7693
f 7685 7992 7677
f 7677 7992 7991
f 7656 7669 7996
f 7646 8030 8029
f 7642 7638 7636
f 7632 7988 7633
f 7631 7591 8024
f 7626 8024 8025
f 7623 7627 8028
f 7768 8040 7783
f 7781 8041 7790
f 7794 8042 7806
f 7846 8043 7851
f 7857 8044 7936
f 7927 8046 7862
f 7867 8045 7872
f 7604 7701 8027
f 7602 7603 8017
f 7599 7601 8017
f 7596 8022 7583
f 7559 8020 8019
f 8020 8024 7591
f 7586 8023 7581
f 7574 8018 8021
f 8018 8020 7571
f 8017 8027 8015
f 8014 8033 8013
f 8012 8034 8011
f 7999 8011 8010
f 8009 8036 8008
f 8007 8008 8005
f 8004 8037 8003
f 8002 8039 8001
f 7692 8014 8000
f 7690 8012 7999
f 7689 7999 7997
f 7996 8004 7995
f 7653 8002 7994
f 8048 8049 7924
f 7924 7923 8048
f 8049 7925 7924
f 7923 7919 8048
f 8050 7918 7914
f 8050 7915 7918
f 7914 8051 8050
f 7914 7912 8051
f 8052 8053 7913
f 8053 7912 7913
f 7913 7925 8052
f 8048 7919 7922
f 7922 8050 8048
f 7922 7915 8050
f 8054 8052 7925
f 7925 8049 8054
f 8056 8055 7925
f 7925 8054 8057
f 8057 8056 7925
f 8055 8057 8054
f 8054 7925 8055
f 8054 8057 8052
f 8057 8054 8049
f 8057 8049 8056
f 8055 8052 8057
f 8052 8055 8056
f 8058 8051 7912
f 8059 8051 8060
f 8061 8059 7912
f 7912 8058 8060
f 8060 8061 7912
f 7912 8059 8060
f 8058 8060 8051
f 8060 8058 8053
f 7912 8053 8058
f 8056 8059 8053
f 8053 8052 8056
f 8060 8053 8061
f 8059 8061 8053
f 8062 8050 7916
f 7915 7916 8050
f 8063 8050 8064
f 8063 7915 8062
f 8062 8064 8063
f 8062 7916 8063
f 8062 8064 8050
f 7917 7915 8063
f 7916 7917 8063
f 7915 8050 8062
f 8065 8048 7919
f 8066 8048 8067
f 7921 8065 8067
f 8067 8066 7921
f 8066 8067 8065
f 8065 7919 8066
f 8065 8067 8048
f 7920 7921 8066
f 7919 7920 8066
f 7921 8048 8065
f 8048 7921 7919
f 8063 8066 8048
f 8048 8050 8063
f 7651 7656 7653
f 7653 7652 7651
f 7656 7654 7653
f 7656 7655 7654
f 7639 7637 8068
f 8069 7642 7639
f 7648 7645 7646
f 8070 7649 7648
f 8071 7984 7649
f 7633 7988 7637
f 7642 7733 7638
f 7647 7733 7645
f 7650 7984 7651
f 8072 7656 7651
f 7651 8073 8072
f 8073 7651 7984
f 7984 8074 8073
f 8074 8071 7649
f 7649 8075 8074
f 8076 8075 7648
f 8075 8070 7648
f 8077 8076 7645
f 8076 7646 7645
f 8077 7733 7642
f 7642 8078 8077
f 8078 8069 7639
f 7639 8079 8078
f 8080 8079 7637
f 8079 8068 7637
f 8081 8080 7988
f 7988 7632 8081
f 7637 7988 8080
f 7639 8068 8079
f 7642 8069 8078
f 7645 7733 8077
f 7648 7646 8076
f 7649 8070 8075
f 7984 8071 8074
f 7632 7572 7571
f 7571 7631 7632
f 7571 7591 7631
f 7632 7631 8082
f 8083 8081 7632
f 7632 8082 8083
f 7623 7624 8084
f 8085 7630 7625
f 7627 7623 7628
f 7625 7630 7626
f 8082 7631 7630
f 8083 8082 7630
f 7630 8086 8083
f 8087 8086 7625
f 8086 8085 7625
f 8087 7629 7628
f 7628 8088 8087
f 8088 7628 7623
f 7623 8089 8088
f 8090 8089 7624
f 8089 8084 7624
f 7624 7763 8090
f 7623 8084 8089
f 7625 7629 8087
f 7630 8085 8086
f 7817 7804 7816
f 7817 7806 7804
f 7817 7763 7789
f 7789 7794 7817
f 7794 7806 7817
f 7763 7781 7790
f 7790 7789 7763
f 7763 7765 7768
f 7768 7783 7763
f 7783 7781 7763
f 7763 7817 8091
f 7817 8092 8091
f 7817 8093 8092
f 8091 8090 7763
f 8096 8094 7842
f 7847 7830 7829
f 7831 8096 7842
f 7826 8095 7823
f 8095 7820 7823
f 7820 8095 7821
f 7819 7821 7817
f 8096 7831 7830
f 8094 8096 7830
f 8093 7817 7821
f 7821 8097 8093
f 8098 8097 8095
f 8097 7821 8095
f 8099 8098 7826
f 8099 7832 7842
f 7842 8100 8099
f 8101 8100 8094
f 8100 7842 8094
f 8102 8101 7830
f 7830 7847 8102
f 8094 7830 8101
f 7826 7832 8099
f 8095 7826 8098
f 7888 7875 7876
f 7888 7872 7875
f 7888 7862 7867
f 7888 7927 7862
f 7888 7847 7934
f 7847 7936 7934
f 7934 7927 7888
f 7867 7872 7888
f 7847 7851 7850
f 7850 7857 7847
f 7857 7936 7847
f 7847 7846 7851
f 7847 8103 8104
f 7888 8105 8103
f 8103 7847 7888
f 8104 8102 7847
f 7621 7620 8107
f 8108 7889 7887
f 7622 8106 7620
f 7618 7887 7989
f 8105 7888 7889
f 7889 8109 8105
f 8110 8109 7887
f 8109 8108 7887
f 8110 7618 7619
f 7619 8111 8110
f 8111 7619 7621
f 7621 8112 8111
f 8113 8112 7620
f 8112 8107 7620
f 7620 8106 8113
f 7621 8107 8112
f 7887 7618 8110
f 7889 8108 8109
f 7622 7583 7581
f 7581 7605 7622
f 7622 7592 7583
f 7605 8106 7622
f 8114 8113 8106
f 8106 7605 8114
f 7601 7599 8115
f 8116 7602 7601
f 7603 7604 7602
f 7612 7611 8117
f 8118 7609 7612
f 7694 7599 7600
f 7604 7702 7701
f 7615 7702 7611
f 8114 7605 7610
f 7610 8119 8114
f 8119 7610 7609
f 7609 8120 8119
f 8121 8120 7612
f 8120 8118 7612
f 8122 8121 7611
f 8121 8117 7611
f 8122 7702 7604
f 7604 8123 8122
f 8123 7603 7602
f 7602 8124 8123
f 8125 8124 7601
f 8124 8116 7601
f 8126 8125 7599
f 8125 8115 7599
f 7599 7694 8126
f 7601 8115 8125
f 7602 8116 8124
f 7604 7603 8123
f 7611 7702 8122
f 7612 8117 8121
f 7609 8118 8120
f 7694 7692 7691
f 7691 7688 7694
f 7691 7690 7688
f 7690 7689 7688
f 7694 7693 7692
f 8126 7694 7688
f 7688 8127 8126
f 7656 7675 7669
f 7665 7669 7675
f 7676 7688 7685
f 7685 7677 7676
f 7681 7685 7688
f 7675 7676 7911
f 7738 7429 7739
f 7749 7741 7739
f 8128 7741 7749
f 7749 7741 8129
f 7741 8128 8129
f 8128 7749 8129
f 7749 7739 8129
f 8131 8130 7739
f 8130 8129 7739
f 8132 7747 7756
f 8133 7756 7758
f 8134 7758 7759
f 8135 7759 7743
f 8137 7743 7742
f 8138 7742 7755
f 8140 7755 7754
f 8142 7754 7751
f 8143 7751 7750
f 8145 7750 7749
f 7749 8129 8145
f 7750 8145 8144
f 7750 8144 8143
f 7751 8143 8142
f 7754 8142 8141
f 7754 8141 8140
f 7755 8140 8139
f 7755 8139 8138
f 7742 8138 8137
f 7743 8137 8136
f 7743 8136 8135
f 7759 8135 8134
f 7758 8134 8133
f 7756 8133 8132
f 7752 7748 8146
f 7748 7747 8132
f 8132 8146 7748
f 7745 7752 7746
f 7746 7752 8146
f 8146 8147 7746
f 7746 8148 7824
f 7746 7824 7766
f 7766 7764 7746
f 7764 7761 7746
f 7824 7776 7779
f 7824 7795 7788
f 7824 7811 7791
f 7824 7803 7811
f 7824 7815 7803
f 7824 7818 7815
f 7791 7795 7824
f 7788 7776 7824
f 7779 7766 7824
f 8148 7746 8147
f 8147 8149 8148
f 8150 7844 7839
f 8151 7843 7835
f 7843 8151 7838
f 7824 8148 7822
f 8150 7839 8152
f 7839 7838 8153
f 7838 8151 8154
f 8151 7835 8155
f 7835 7822 8156
f 7822 8148 8149
f 8149 8156 7822
f 8156 8155 7835
f 8155 8154 8151
f 8154 8153 7838
f 8153 8152 7839
f 8152 8157 8150
f 7844 7848 7845
f 7844 7849 7848
f 7844 7859 7849
f 7844 7937 7859
f 7844 7890 7930
f 7890 7928 7930
f 7930 7937 7844
f 7890 7869 7928
f 7890 7873 7866
f 7866 7869 7890
f 7845 7840 7844
f 7890 7886 7878
f 7878 7874 7890
f 7874 7873 7890
f 7890 7844 8150
f 8150 8157 8158
f 8158 7890 8150
f 7898 7890 8158
f 8158 8159 7898
f 7898 7891 7890
f 7902 7897 8160
f 7897 7898 8159
f 8159 8160 7897
f 8160 8161 7902
f 8162 7696 7907
f 8165 7893 7903
f 8166 7903 7910
f 8168 7910 7905
f 8169 7905 7695
f 8171 7695 7696
f 8172 7696 8162
f 8173 8162 7907
f 8174 7907 7908
f 8175 7908 7902
f 7902 8161 8175
f 7908 8175 8174
f 7907 8174 8173
f 8162 8173 8172
f 7696 8172 8171
f 7695 8171 8170
f 7695 8170 8169
f 7905 8169 8168
f 7910 8168 8167
f 7910 8167 8166
f 7903 8166 8165
f 7893 8165 8164
f 7893 8164 8163
f 7900 8176 7894
f 7900 7894 7895
f 7895 7894 8163
f 7894 8176 8163
f 8176 7900 8163
f 7900 7894 8163
f 7894 7893 8163
f 8163 8177 7895
f 8177 8178 7895
f 7459 7901 7895
f 7459 7895 8178
f 8178 8179 7459
f 7901 7385 7699
f 7699 7698 7901
f 7698 7697 7901
f 7385 7901 7459
f 8179 8180 7385
f 7385 7459 8179
f 7704 7710 7405
f 8181 7704 7700
f 8182 8181 7700
f 7700 7703 8183
f 7703 7707 8184
f 7707 7706 8185
f 7706 8186 8185
f 7705 8186 7706
f 7704 8181 7710
f 8187 7709 7708
f 7708 8188 8187
f 8188 7708 7710
f 7710 8189 8188
f 8189 7710 8181
f 8181 8190 8189
f 8190 8182 7700
f 7700 8191 8190
f 8192 8191 7703
f 8191 8183 7703
f 8193 8192 7707
f 8192 8184 7707
f 8194 8193 8186
f 8193 8185 8186
f 8180 8194 7705
f 7705 7385 8180
f 8186 7705 8194
f 7707 8185 8193
f 7703 8184 8192
f 7700 8183 8191
f 8181 8182 8190
f 7709 7712 7711
f 7709 7713 7712
f 7709 7714 7713
f 7709 7715 7714
f 7709 7716 7715
f 7709 7717 7716
f 7709 7725 7718
f 7718 7717 7709
f 7725 7719 7718
f 7725 7720 7719
f 7725 7721 7720
f 7725 7722 7721
f 7725 7723 7722
f 7725 7724 7723
f 7711 7987 7709
f 7739 7429 8195
f 8195 8131 7739
f 7402 7429 7738
f 7738 7737 7736
f 7736 7402 7738
f 7738 7740 7737
f 8196 8195 7429
f 7429 7402 8196
f 8187 8197 7725
f 7725 7709 8187
f 8196 7402 7735
f 7735 8198 8196
f 8198 7735 8199
f 8199 8200 8198
f 8200 7732 7729
f 7729 8201 8200
f 8201 8202 7728
f 7728 8203 8201
f 8204 8203 7731
f 8203 8205 7731
f 8206 8204 7730
f 8204 8207 7730
f 8208 8206 7727
f 8206 7400 7727
f 8197 8208 7726
f 7726 7725 8197
f 7727 7726 8208
f 7730 7400 8206
f 7731 8207 8204
f 7728 8205 8203
f 7729 8202 8201
f 8199 7732 8200
f 7729 7734 7732
f 7400 7727 7730
f 7734 8199 7735
f 8202 7729 7728
f 8205 7728 7731
f 7731 7730 8207
f 7732 8199 7734
f 7675 8209 8210
f 7675 7656 8211
f 8211 8209 7675
f 7656 8213 8211
f 7656 8214 8213
f 7656 8072 8214
f 8210 8212 7675
f 7688 8215 8216
f 7676 8217 8215
f 8215 7688 7676
f 8218 8219 7676
f 8219 8217 7676
f 8216 8127 7688
f 8220 8218 7676
f 8221 7908 7696
f 8222 7909 7910
f 7909 8222 7695
f 7892 7899 7893
f 8223 7760 7753
f 7762 7742 7754
f 8224 7797 7798
f 7792 8226 8225
f 7792 8225 7801
f 7796 7800 8227
f 8227 7802 7796
f 7793 8226 7792
f 8224 7793 7797
f 8226 7793 8225
f 7793 8224 7798
f 8225 7801 8226
f 7802 7799 7798
f 7938 7935 7939
f 7926 8228 7931
f 7940 7941 8229
f 7940 8229 8230
f 8230 7938 7940
f 7929 8229 7941
f 7932 8228 7926
f 7935 7932 7933
f 8228 7932 7931
f 8231 7935 7938
f 7950 7953 8232
f 7952 7949 8233
f 8233 7951 7952
f 8232 7953 7951
f 8236 7951 8233
f 8235 8236 8233
f 8236 8235 8234
f 7951 8236 8234
f 7951 8234 8232
f 7959 7963 8237
f 8238 7961 7960
f 7962 8237 7963
f 8238 7962 7961
f 8240 7962 8238
f 8239 8240 8238
f 8237 8240 7678
f 8240 8239 7678
f 7962 8240 7678
f 8237 7962 8240
f 7966 7971 8241
f 8242 7972 7968
f 7974 7972 8243
f 7972 8242 8243
f 8241 7971 7974
f 8243 7974 8242
f 8244 8243 8242
f 8243 8244 7667
f 7974 8243 7667
f 7974 7667 8241
f 7982 7983 8245
f 7986 7981 8246
f 8246 7985 7986
f 7985 8245 7983
f 8249 7985 8246
f 8245 8249 8247
f 8248 8249 8246
f 8249 8248 8247
f 7985 8249 8247
f 8245 7985 8249
f 7904 7906 8250
f 7906 7896 8251
f 7896 7902 8253
f 7902 7908 8254
f 7908 8221 8256
f 8221 7696 8257
f 7696 7695 8258
f 7695 8222 8260
f 8222 7910 8261
f 7910 7903 8262
f 7903 7893 8262
f 7893 7899 8264
f 7899 7904 8250
f 8250 8265 7899
f 8265 8264 7899
f 8264 8263 7893
f 8263 8262 7893
f 8262 8261 7910
f 8261 8260 8222
f 8260 8259 7695
f 8259 8258 7695
f 8258 8257 7696
f 8257 8256 8221
f 8256 8255 7908
f 8255 8254 7908
f 8254 8253 7902
f 8253 8252 7896
f 8252 8251 7896
f 8251 8250 7906
f 8251 8252 8253
f 8262 8263 8264
f 8253 8250 8251
f 7743 7759 8267
f 7759 7756 8268
f 7756 7747 8270
f 7747 7760 8271
f 7760 8223 8272
f 8223 7753 8272
f 7753 7744 8273
f 7744 7750 8275
f 7750 7751 8276
f 7751 7754 8277
f 7754 7742 8278
f 7742 7743 8266
f 8266 8280 7742
f 8280 8279 7742
f 8279 8278 7742
f 8278 8277 7754
f 8277 8276 7751
f 8276 8275 7750
f 8275 8274 7744
f 8274 8273 7744
f 8273 8272 7753
f 8272 8271 7760
f 8271 8270 7747
f 8270 8269 7756
f 8269 8268 7756
f 8268 8267 7759
f 8267 8266 7743
f 8278 8279 8280
f 8269 8267 8268
f 8282 7686 7687
f 7686 8283 7684
f 8284 7678 7683
f 7678 8285 7680
f 8285 8281 7680
f 7679 7680 8281
f 7683 7682 8284
f 7682 7684 8284
f 7684 7687 7686
f 7687 7679 8282
f 8286 7678 8284
f 8288 7568 7567
f 7568 8289 7563
f 8290 8291 7564
f 7565 8287 7569
f 7566 7569 8287
f 7569 7570 7565
f 7565 7564 8291
f 7564 7563 8290
f 7567 7566 8288
f 7565 8292 8287
f 8294 7671 7666
f 7671 8295 7670
f 8296 8297 7672
f 7667 8293 7659
f 7658 7659 8293
f 7659 7668 7667
f 7667 7672 8297
f 7672 7670 8296
f 7666 7658 8294
f 7667 8298 8293
f 8300 7663 7664
f 7663 8301 7657
f 8302 7661 7660
f 7661 8303 7674
f 8303 8299 7674
f 7673 7674 8299
f 7660 7662 8302
f 7662 7657 8302
f 7657 7664 7663
f 7664 7673 8300
f 8271 8272 8304
f 8266 8267 8305
f 8304 8270 8271
f 8275 8306 8307
f 8275 8276 8306
f 8278 8280 8305
f 8276 8277 8306
f 8269 8304 8267
f 8278 8306 8277
f 8304 8269 8270
f 8274 8307 8273
f 8307 8274 8275
f 8305 8280 8266
f 8278 8305 8308
f 8308 8306 8278
f 8309 8307 8306
f 8309 8273 8307
f 8311 8272 8273
f 8273 8310 8311
f 8272 8311 8312
f 8304 8272 8313
f 8272 8312 8313
f 8267 8304 8314
f 8304 8313 8314
f 8267 8314 8315
f 8315 8305 8267
f 8315 8308 8305
f 8309 8310 8273
f 8308 8309 8306
f 8310 8316 8312
f 8310 8312 8311
f 8308 8315 8314
f 8317 8308 8314
f 8257 8258 8318
f 8253 8254 8256
f 8264 8320 8321
f 8256 8319 8253
f 8254 8255 8256
f 8318 8256 8257
f 8320 8264 8265
f 8250 8253 8319
f 8261 8260 8318
f 8262 8321 8260
f 8259 8260 8318
f 8321 8262 8264
f 8260 8261 8262
f 8318 8258 8259
f 7315 8320 8265
f 7299 8321 8320
f 8260 8321 7299
f 8318 8260 7296
f 8322 8256 8318
f 8318 7296 8322
f 8256 8322 7293
f 8256 7293 7303
f 7303 8319 8256
f 8319 7303 7316
f 7316 8250 8319
f 8250 7316 8323
f 8323 8265 8250
f 8323 7315 8265
f 7299 7296 8260
f 7315 7299 8320
f 7296 7295 7293
f 7296 7293 8322
f 7315 8323 7316
f 7317 7315 7316
f 8324 8048 8066
f 8326 8327 8325
f 8048 8324 8328
f 8327 8066 8325
f 8066 8329 8325
f 8066 8327 8324
f 8330 8329 8066
f 8331 8049 8326
f 8326 8332 8331
f 8330 8066 8056
f 8056 8333 8334
f 8049 8328 8326
f 8334 8330 8056
f 8056 8049 8334
f 8331 8334 8049
f 8326 8325 8332
f 8328 8049 8048
f 8220 7676 8212
f 8212 8335 8220
f 7676 7675 8212
f 8212 8336 8335
f 8335 8336 8337
f 8337 8338 8335
f 8339 8340 8212
f 8212 8210 8339
f 8341 8220 8218
f 8341 8344 8218
f 8339 8210 8340
f 8346 8347 8340
f 8340 8210 8346
f 8342 8340 8347
f 8345 8346 8210
f 8348 8349 8210
f 8348 8210 8350
f 8210 8349 8351
f 8351 8345 8210
f 8346 8351 8352
f 8351 8346 8345
f 8353 8354 8346
f 8347 8346 8354
f 8355 8356 8351
f 8351 8349 8355
f 8346 8301 8353
f 8356 8301 8351
f 8352 8301 8346
f 8352 8351 8301
f 8357 8353 8301
f 8358 8357 8301
f 8301 8359 8358
f 8357 8358 8360
f 8354 8353 8360
f 8360 8353 8357
f 8349 8361 8355
f 8362 8361 8349
f 8301 8356 8363
f 8363 8359 8301
f 8355 8363 8356
f 8359 8363 8355
f 8355 8361 8359
f 8357 8365 8360
f 8364 8360 8365
f 8358 8366 8367
f 8367 8357 8358
f 8300 8357 8367
f 8365 8357 8300
f 8300 8367 7663
f 8368 7661 8302
f 8368 8303 7661
f 8300 7673 8299
f 8301 7663 8367
f 8367 8302 7657
f 8299 8303 8300
f 8302 8367 8368
f 7657 8301 8367
f 8303 8032 8300
f 8365 8300 8032
f 8366 8369 8367
f 8369 8370 8367
f 8370 8368 8367
f 8370 8371 8368
f 8372 8303 8368
f 8368 8371 8372
f 8032 8372 8373
f 8032 8303 8372
f 8373 8336 8360
f 8336 8340 8342
f 8336 8212 8340
f 8360 8364 8373
f 8373 8374 8336
f 8342 8360 8336
f 8373 8364 8365
f 8342 8347 8354
f 8375 8374 8373
f 8354 8360 8342
f 8365 8032 8373
f 8303 8376 8372
f 8373 8372 8376
f 8376 8377 8373
f 8377 8375 8373
f 8376 8378 8375
f 8375 8377 8376
f 8372 8383 8384
f 8384 8303 8372
f 7661 8303 8384
f 8387 7969 7973
f 8378 7970 7967
f 7975 8387 7973
f 8378 7975 7970
f 8389 7975 8378
f 8389 7975 7661
f 8388 8389 8378
f 8388 8389 7661
f 8389 8388 8387
f 7975 8389 8387
f 8386 8385 8383
f 8385 8384 8383
f 8379 8381 8392
f 8382 8379 8393
f 8382 8393 8394
f 8380 8382 8394
f 8394 8395 8380
f 8375 8395 8396
f 8375 8006 8395
f 8396 8374 8375
f 8006 8380 8395
f 8392 8393 8379
f 8374 8396 8397
f 8397 8398 8374
f 8396 8395 8397
f 8399 8395 8394
f 8394 8393 8399
f 8400 8399 8393
f 8393 8392 8400
f 8399 8397 8395
f 8056 8066 8401
f 8398 8063 8059
f 8061 8059 8056
f 8056 8055 8061
f 8402 8401 8066
f 8063 8398 8397
f 8401 8338 8056
f 8059 8337 8398
f 8063 8397 8399
f 8399 8400 8063
f 8066 8063 8400
f 8061 8055 8337
f 8338 8055 8056
f 8059 8061 8337
f 8066 8400 8404
f 8403 8402 8066
f 8055 8338 8337
f 8066 8404 8403
f 8392 8405 8404
f 8404 8400 8392
f 8409 8009 8406
f 8406 8408 8409
f 8409 8410 8009
f 8411 8412 8410
f 8411 8413 8412
f 8414 8412 8413
f 8405 8391 8414
f 8414 8413 8405
f 8410 8409 8411
f 8407 8408 8406
f 8392 8381 8391
f 8391 8405 8392
f 8403 8404 8413
f 8404 8405 8413
f 8403 8413 8411
f 8409 8402 8403
f 8402 8409 8408
f 8408 8407 8401
f 8401 8402 8408
f 8403 8411 8409
f 8415 8291 7990
f 8415 8291 8416
f 8415 8406 8416
f 8406 8417 8416
f 8416 8419 8418
f 8418 8415 8416
f 8419 8416 8291
f 7565 8420 8291
f 8417 7944 7945
f 8421 7946 7943
f 7947 7946 8422
f 7946 8421 8422
f 8423 8422 8421
f 8417 7945 7947
f 8422 8423 7565
f 7947 7565 8417
f 7947 8422 7565
f 8419 8291 8420
f 8420 8424 8419
f 8419 8424 8427
f 8424 8420 8425
f 8428 8425 8426
f 8424 8428 8430
f 8424 8425 8428
f 8428 8429 8430
f 8431 8430 8429
f 8429 8432 8433
f 8433 8431 8429
f 8434 8432 8435
f 8434 8436 8432
f 8436 8433 8432
f 8438 8437 8435
f 8434 8435 8439
f 8435 8437 8439
f 8439 8440 8441
f 8441 8127 8439
f 8444 8442 8443
f 8446 8390 8383
f 8390 8386 8383
f 8446 8445 8390
f 8446 8447 8445
f 8445 8447 8448
f 8448 8449 8445
f 8451 8449 8450
f 8448 8450 8449
f 8453 8451 8450
f 8453 8452 8451
f 8127 8444 8457
f 8127 8442 8444
f 8444 8456 8457
f 8458 8457 8456
f 8456 8459 8460
f 8460 8458 8456
f 8461 8459 8462
f 8461 8460 8459
f 8464 8463 8462
f 8461 8462 8465
f 8462 8463 8465
f 8072 7656 8455
f 8455 8453 8072
f 8471 8469 8072
f 8469 8468 8072
f 8471 8470 8469
f 8471 8472 8470
f 8470 8472 8473
f 8473 8474 8470
f 8477 8474 8476
f 8475 8476 8474
f 8473 8475 8474
f 8479 8477 8476
f 8479 8478 8477
f 8453 8454 8452
f 8455 8454 8453
f 8072 8453 8483
f 8468 8467 8072
f 8467 7656 8072
f 8479 8480 8478
f 8481 8480 8479
f 8485 8486 8481
f 8481 8479 8485
f 8481 8486 8487
f 7654 8487 8486
f 7979 7978 8487
f 8487 7654 7979
f 8491 7976 7979
f 8492 7978 7977
f 8491 7979 7654
f 8494 8491 7654
f 8492 8493 8487
f 7978 8492 8487
f 8490 8489 8485
f 8489 8488 8485
f 8488 8486 8485
f 8497 8495 8485
f 8495 8490 8485
f 8497 8496 8495
f 8497 8498 8496
f 8496 8498 8499
f 8499 8500 8496
f 8502 8500 8501
f 8499 8501 8500
f 8504 8502 8501
f 8504 8503 8502
f 8508 8510 8507
f 8508 8509 8510
f 8511 8507 8506
f 8506 8504 8511
f 8515 8513 8511
f 8513 8512 8511
f 8515 8514 8513
f 8515 8516 8514
f 7353 8514 8516
f 8516 8517 7353
f 8517 8518 7383
f 8518 8519 8520
f 8519 7381 8520
f 8519 8521 8522
f 8521 7379 8522
f 8521 8523 8524
f 8523 7377 8524
f 8525 7375 8526
f 8526 8523 8525
f 8527 7373 7729
f 7729 8525 8527
f 8528 7371 7373
f 7373 8527 8528
f 8529 8530 8531
f 8531 8528 8529
f 8531 7371 8528
f 7729 7375 8525
f 8526 7377 8523
f 8524 7379 8521
f 8522 7381 8519
f 8520 7383 8518
f 7383 7353 8517
f 7368 7371 8531
f 7371 8531 7373
f 7728 8526 7375
f 7375 7729 7728
f 7728 7731 7377
f 7731 8524 7377
f 7731 8522 7379
f 8522 8520 7381
f 7379 8524 7731
f 7377 8526 7728
f 8531 8530 7368
f 8529 8532 8530
f 8534 8530 8532
f 8534 8533 8530
f 8504 8505 8503
f 8506 8505 8504
f 8512 8509 8511
f 8508 8507 8511
f 8509 8508 8511
f 8533 8534 8537
f 8537 8535 8533
f 8537 8081 8538
f 8538 8534 8537
f 8539 8540 8535
f 8535 8537 8539
f 8539 8537 8534
f 8534 8541 8539
f 8534 8538 8541
f 7644 8542 8540
f 8535 8540 8542
f 8535 8542 7641
f 7635 7634 7640
f 8543 8544 7635
f 7635 8544 7636
f 7636 7634 7635
f 7640 8543 7635
f 7641 7644 7643
f 8545 8544 8543
f 7641 8542 7644
f 8539 8546 8540
f 8548 8547 8546
f 8547 8540 8546
f 8548 8549 8547
f 8550 8547 8549
f 8549 8551 8550
f 8553 8550 8551
f 8553 8552 8550
f 8555 8556 8552
f 8552 8553 8555
f 8557 8555 8553
f 8553 8554 8557
f 8552 8556 7580
f 7576 7573 8559
f 7575 7576 8559
f 7575 8560 8559
f 7576 8559 7574
f 7579 7577 7580
f 8559 8560 7574
f 8560 8561 7574
f 8564 8562 8555
f 8562 8556 8555
f 8563 8562 8564
f 8564 8565 8563
f 8563 8565 8566
f 8566 8567 8563
f 8569 8567 8566
f 8569 8568 8567
f 8571 8570 8568
f 8568 8569 8571
f 8573 8572 8574
f 8572 8570 8574
f 7419 8572 8573
f 8573 8575 7419
f 8576 8577 7449
f 8577 8578 7455
f 8575 8576 8579
f 8579 7419 8575
f 7455 7449 8577
f 7449 8579 8576
f 7455 8578 8580
f 8581 7455 8580
f 8582 8581 8580
f 8581 7456 7455
f 8582 8580 8583
f 8583 8581 8582
f 8581 8583 7456
f 8131 7452 7449
f 7449 8577 8131
f 8195 7429 7452
f 7452 8131 8195
f 8577 7449 7456
f 7456 8583 8577
f 8195 8196 8584
f 8584 7429 8195
f 8584 7402 7429
f 8196 8585 7371
f 8585 8200 7373
f 8200 8586 7729
f 8586 7375 7729
f 8586 8587 8526
f 8587 7377 8526
f 8588 7379 7731
f 7731 8587 8588
f 8589 7400 7379
f 7379 8588 8589
f 8520 8589 8518
f 8590 7353 7383
f 7383 8518 8590
f 8520 7400 8589
f 7731 7377 8587
f 8526 7375 8586
f 7729 7373 8200
f 7373 7371 8585
f 7371 8584 8196
f 8526 7729 7375
f 7731 8526 7377
f 7400 8520 7379
f 7371 7402 8584
f 8590 8591 7350
f 7350 7353 8590
f 8591 8592 7398
f 8592 8593 8594
f 8593 7405 8594
f 8593 8595 7394
f 8595 8596 7700
f 8596 7392 7700
f 8597 7390 8598
f 8598 8596 8597
f 8193 7388 7707
f 7707 8597 8193
f 8599 7386 7388
f 7388 8193 8599
f 8180 8600 7386
f 7386 8599 8180
f 7707 7390 8597
f 8598 7392 8596
f 7700 7394 8595
f 7394 7405 8593
f 8594 7398 8592
f 7398 7350 8591
f 7394 8594 7405
f 7392 8598 7700
f 7390 7707 8598
f 7386 8600 7385
f 8179 7459 8600
f 8600 8180 8179
f 7385 8600 7459
f 8178 8601 7461
f 8601 8602 7470
f 8179 8178 7460
f 7460 7459 8179
f 7470 7461 8601
f 7461 7460 8178
f 7470 8602 8603
f 8604 8603 8602
f 8604 8602 8605
f 8606 8603 8604
f 8604 8605 8606
f 8606 7470 8603
f 7462 7470 8606
f 7462 8606 8607
f 8608 8609 7461
f 7461 8601 8608
f 8610 8611 8609
f 8609 8608 8610
f 8601 7461 7462
f 7462 8607 8601
f 8611 7460 8609
f 7461 8609 7460
f 8611 8610 8612
f 8612 8613 8611
f 8615 8613 8612
f 8615 8614 8613
f 8615 8616 8614
f 8617 8618 8614
f 8614 8616 8617
f 7594 8614 8618
f 7593 8619 8620
f 8620 7596 7593
f 7596 8621 8622
f 8622 7597 7596
f 7598 7597 8622
f 8622 8621 7598
f 8624 7593 7594
f 8622 8621 8623
f 8620 8623 8621
f 7593 8624 8619
f 7596 8620 8621
f 8618 8617 8625
f 8627 8626 8617
f 8626 8618 8617
f 8628 8626 8627
f 8627 8629 8628
f 8630 8631 8628
f 8629 8630 8628
f 8634 8631 8630
f 8634 8632 8631
f 8635 8636 8632
f 8632 8634 8635
f 8632 8636 8637
f 7582 8637 7584
f 7588 7586 8638
f 8638 7587 7588
f 7582 7585 8637
f 7589 8637 7585
f 8638 7590 7588
f 8639 8638 7586
f 7586 8640 8639
f 8642 8641 8635
f 8641 8636 8635
f 8641 8642 8643
f 8643 8644 8641
f 8643 8645 8644
f 8648 8644 8645
f 8648 8646 8644
f 8646 8648 8649
f 8650 8651 8646
f 8646 8649 8650
f 8649 8652 8650
f 8651 7607 8653
f 8646 8651 7616
f 8653 7616 8651
f 8655 7614 7608
f 7617 7614 8656
f 7616 7607 7606
f 8656 7613 7617
f 8655 8656 7614
f 8656 8655 8657
f 7616 8653 7607
f 8654 8651 8650
f 8650 8652 8654
f 8659 8658 8652
f 8658 8654 8652
f 8659 8660 8658
f 8660 8662 8663
f 8662 7386 8663
f 8662 8664 7388
f 8664 8665 7707
f 8665 7390 7707
f 8665 8666 8598
f 8666 7392 8598
f 8667 7394 8668
f 8668 8666 8667
f 8669 7396 8670
f 8670 8667 8669
f 8594 8669 8592
f 8671 7350 7398
f 7398 8592 8671
f 8594 7396 8669
f 8670 7394 8667
f 8668 7392 8666
f 8598 7390 8665
f 7707 7388 8664
f 7388 7386 8662
f 8663 8658 8660
f 7386 8661 8658
f 7388 7386 8663
f 8658 8663 7386
f 7396 8594 8670
f 7700 8668 7394
f 7394 8670 7700
f 7700 7703 7392
f 7703 8598 7392
f 7703 7707 7390
f 7390 8598 7703
f 7392 8668 7700
f 7350 8671 8672
f 8672 8673 7350
f 8675 8673 8674
f 8672 8674 8673
f 8676 8677 8675
f 8678 8675 8674
f 8678 8676 8675
f 8682 8681 8679
f 8679 8683 8682
f 8686 8685 8684
f 8688 8686 8682
f 8686 8684 8682
f 8688 8687 8686
f 8688 8689 8687
f 8689 8690 8687
f 8691 8687 8690
f 8690 8692 8691
f 8694 8691 8693
f 8692 8693 8691
f 8694 8695 8696
f 7353 8474 8496
f 7353 8470 8474
f 8514 7353 8500
f 8470 7350 8449
f 8496 8500 7353
f 7731 7728 8526
f 8414 7350 8429
f 8432 7350 8456
f 8509 8506 8507
f 8509 8503 8505
f 8444 8441 8440
f 7353 8514 7383
f 7368 8530 7402
f 7350 8445 8449
f 8505 8506 8509
f 8522 7379 8520
f 7729 8526 7728
f 7350 8432 8429
f 7350 8459 8456
f 8681 8684 8685
f 7688 8441 8444
f 8509 8502 8503
f 8444 8440 8437
f 8502 8509 8512
f 8507 8510 8509
f 8675 8679 8681
f 7688 8444 8443
f 8470 7353 7350
f 8681 8686 8675
f 8451 8467 8468
f 8451 8455 7656
f 8444 8437 8438
f 8443 8442 7688
f 7636 7402 8530
f 8474 7976 8496
f 8676 8680 8679
f 7707 7703 8598
f 8673 8687 7350
f 8474 7977 7976
f 8414 8391 7350
f 8429 8009 8410
f 8679 8675 8677
f 7656 8467 8451
f 8454 8455 8451
f 8454 8451 8452
f 8429 8410 8412
f 8009 8429 7942
f 8445 7350 8381
f 8677 8676 8679
f 8598 7703 7700
f 7394 8670 8594
f 8412 8414 8429
f 7350 8391 8381
f 8512 8513 8502
f 8513 8500 8502
f 8438 8435 8444
f 8435 8456 8444
f 8459 7350 8691
f 8500 8513 8514
f 8626 7459 8613
f 8456 8435 8432
f 7350 8687 8691
f 8685 8686 8681
f 8686 8673 8675
f 8658 7386 8656
f 7461 7470 7462
f 8673 8686 8687
f 8390 8381 8379
f 8641 7459 8628
f 7460 8611 7459
f 8468 8469 8451
f 8469 8449 8451
f 8691 7954 8459
f 8626 8628 7459
f 8611 8613 7459
f 8449 8469 8470
f 8658 8656 8657
f 8628 8631 8641
f 8381 8390 8445
f 8379 7964 8390
f 8613 8622 8626
f 8656 7386 7385
f 7385 8641 8644
f 8631 8638 8641
f 7455 7456 7449
f 8550 8562 8563
f 8562 8550 8560
f 8641 7385 7459
f 7402 8547 8550
f 8550 8563 7402
f 7402 8545 8543
f 7967 8379 8382
f 8378 8376 8303
f 8572 8579 7452
f 8543 8547 7402
f 8379 7967 7964
f 8382 8380 7967
f 7967 8006 8375
f 7452 8579 7449
f 8572 7402 8567
f 7976 8495 8496
f 8658 8657 8655
f 8656 7385 8644
f 8380 8006 7967
f 8572 7429 7402
f 8563 8567 7402
f 8375 8378 7967
f 8572 7452 7429
f 8567 7551 8572
f 8550 8552 7574
f 8488 8489 8490
f 8486 8490 8491
f 8638 8639 8641
f 7977 8474 8477
f 8481 8478 8480
f 8486 8488 8490
f 8491 8490 8495
f 8387 8385 8386
f 8384 8385 8387
f 8572 7419 8579
f 8495 7976 8491
f 8639 8640 8641
f 8492 8478 8481
f 7573 7578 8556
f 8559 7573 8562
f 7402 8544 8545
f 8550 7574 8561
f 7586 7584 8636
f 8560 8559 8562
f 8477 8478 8492
f 7640 7644 8540
f 8543 7640 8547
f 8481 8493 8492
f 8561 8560 8550
f 8552 7577 7574
f 8491 8494 8486
f 7641 7636 8533
f 8533 8535 7641
f 8556 7578 7580
f 7573 8556 8562
f 8303 8388 8378
f 8651 8654 7607
f 8477 8492 7977
f 8631 7589 7590
f 8620 8619 8618
f 7586 8636 8641
f 8641 8640 7586
f 7969 8387 8390
f 8530 8533 7636
f 8654 7608 7607
f 8387 8386 8390
f 8631 8632 7589
f 7640 8540 8547
f 7964 7969 8390
f 7636 8544 7402
f 8644 8646 7613
f 8658 8655 7608
f 8387 8388 8384
f 8632 8637 7585
f 7608 8654 8658
f 8646 7616 7613
f 8632 7585 7589
f 8620 8618 8626
f 7598 8613 8614
f 8619 8624 8618
f 8626 8622 8623
f 7613 8656 8644
f 7595 7598 8614
f 8614 7594 7595
f 8623 8620 8626
f 7590 8638 8631
f 8613 7598 8622
f 8624 7594 8618
f 7584 8637 8636
f 8303 7661 8388
f 8481 8487 8493
f 8552 7580 7577
f 7954 8691 8694
f 8388 7661 8384
f 8494 7654 8486
f 8697 8698 8699
f 8695 8698 8697
f 8694 8696 8697
f 8697 8696 8695
f 8420 8428 8426
f 8459 7954 7955
f 7551 7552 8572
f 8426 8425 8420
f 8700 8466 8463
f 8406 8009 8417
f 7552 7553 8572
f 8421 8429 8428
f 7558 8567 8568
f 8700 8463 8464
f 7944 8417 8009
f 8694 8697 7954
f 8421 7943 8429
f 8291 8416 8417
f 8568 7557 7558
f 8464 8462 8700
f 8700 8462 8459
f 8009 7942 7944
f 7955 8700 8459
f 7943 7942 8429
f 8568 7555 7557
f 8291 8417 7565
f 7555 8568 8570
f 8570 7554 7555
f 8700 8701 8466
f 8567 7558 7560
f 8570 8572 7553
f 8420 8423 8421
f 8702 8703 8699
f 7553 7554 8570
f 8703 8697 8699
f 7565 8423 8420
f 8421 8428 8420
f 7560 7551 8567
f 8704 8694 8693
f 8704 8695 8694
f 8697 8703 8702
f 7957 8701 8700
f 7956 8697 8702
f 8700 7955 7957
f 8697 7956 7954
f 7957 7956 8702
f 8702 8701 7957
f 8699 8466 8702
f 8701 8702 8466
f 8465 8466 8699
f 8699 8704 8465
f 8218 8706 8705
f 8707 8218 8705
f 8708 8341 8343
f 8708 8220 8341
f 8218 8709 8710
f 8708 8218 8220
f 8218 8708 8709
f 8218 8710 8711
f 8711 8706 8218
f 8708 8712 8710
f 8709 8708 8710
f 8710 8712 8711
f 8706 8711 8714
f 8706 8714 8715
f 8715 8716 8706
f 8717 8712 8708
f 8708 8713 8717
f 8711 8715 8714
f 8711 8712 8717
f 8717 8288 8711
f 8288 8715 8711
f 8718 8719 8713
f 8713 8719 8717
f 8717 8719 8288
f 8720 8721 8288
f 8288 8719 8720
f 8719 8718 8722
f 8722 8720 8719
f 8718 8713 8722
f 8706 8723 8724
f 8716 8723 8706
f 8288 8721 8725
f 8715 8725 8716
f 8715 8288 8725
f 8723 8716 8721
f 8716 8725 8721
f 8407 8418 8726
f 8722 8343 8407
f 8726 8722 8407
f 8722 8713 8708
f 8335 8407 8341
f 8406 8415 8418
f 8418 7990 8727
f 8407 8343 8341
f 8418 8407 8406
f 8727 8726 8418
f 8708 8343 8722
f 8341 8220 8335
f 8727 8722 8726
f 8289 8720 8722
f 8722 8727 8289
f 8720 8289 8719
f 8291 7990 8418
f 8418 8419 8291
f 7990 8291 8290
f 8287 7993 8728
f 8728 7568 8288
f 8727 8290 7563
f 8728 7566 8287
f 7568 8728 8719
f 8719 8289 7568
f 8290 8727 7990
f 8291 7993 7565
f 7993 8287 8292
f 8288 7566 8728
f 8292 7565 7993
f 7563 8289 8727
f 8720 8719 8728
f 8728 8729 8720
f 8419 8730 7993
f 7993 8291 8419
f 8720 8729 8731
f 7993 8730 8729
f 8730 8732 7993
f 8729 8728 7993
f 8729 8730 8733
f 8730 8732 8733
f 8427 8730 8419
f 8127 7688 8442
f 8127 8441 7688
f 8437 8440 8439
f 8735 8434 8734
f 8439 8734 8434
f 8736 8735 8734
f 8734 8737 8736
f 8736 8737 8738
f 8739 8737 8734
f 8736 8740 8735
f 8735 8740 8741
f 8741 8742 8735
f 8433 8735 8742
f 8735 8436 8434
f 8431 8742 8430
f 8742 8431 8433
f 8433 8436 8735
f 8736 8743 8741
f 8741 8740 8736
f 8744 8745 8739
f 8739 8734 8744
f 8741 8743 8746
f 8741 8430 8742
f 8741 8746 8430
f 8746 8425 8424
f 8424 8430 8746
f 8238 8737 8739
f 8238 7960 8736
f 8237 8746 8743
f 8238 8738 8737
f 8736 8738 8238
f 7960 7958 8736
f 8739 8239 8238
f 8745 8425 8237
f 8745 8237 7678
f 8237 8426 8746
f 7678 8739 8745
f 8425 8426 8237
f 7958 7959 8743
f 7678 8239 8739
f 7959 8237 8743
f 8743 8736 7958
f 8745 8425 8420
f 8426 8425 8746
f 8425 8745 8424
f 8744 8424 8745
f 8744 8734 8747
f 8463 8466 8465
f 8704 8698 8695
f 8699 8698 8704
f 8571 8574 8570
f 8679 8678 8683
f 8679 8680 8678
f 8680 8676 8678
f 8684 8681 8682
f 8751 8752 8325
f 8332 8325 8752
f 8753 8331 8332
f 8332 8752 8753
f 8753 8754 8334
f 8754 8755 8334
f 8333 8334 8755
f 8334 8333 8754
f 8333 8755 8754
f 8334 8754 8756
f 8756 8330 8334
f 8756 8329 8330
f 8751 8325 8329
f 8329 8757 8751
f 8756 8757 8329
f 8334 8331 8753
f 8754 8755 8756
f 8759 8328 8324
f 8324 8758 8759
f 8760 8326 8328
f 8328 8759 8760
f 8760 8761 8327
f 8324 8327 8761
f 8761 8758 8324
f 8327 8326 8760
f 8760 8762 8761
f 8762 8763 8761
f 7836 7828 8764
f 7836 8765 8766
f 8764 8765 7836
f 7837 8766 8767
f 7837 7836 8766
f 8767 8768 7837
f 8768 8769 7834
f 7834 8769 8770
f 7827 8770 8771
f 7827 8771 8772
f 7825 8772 8773
f 7825 8773 8774
f 7841 7833 8774
f 8774 8775 7841
f 8775 8776 7841
f 8776 8777 7841
f 7828 7841 8777
f 7828 8777 8764
f 8774 7833 7825
f 8772 7825 7827
f 8770 7827 7834
f 8768 7834 7837
f 7767 7771 7770
f 7772 8778 7773
f 7772 7773 8779
f 7775 8778 7772
f 7775 7773 8778
f 8781 7770 7771
f 7774 7769 7771
f 8778 8780 8779
f 7773 8778 8779
f 8782 7812 7808
f 7812 8782 8783
f 8783 7813 7812
f 8783 7805 7813
f 7809 7807 8784
f 7807 7810 8784
f 7807 7809 8785
f 7808 7807 8782
f 8785 8782 7807
f 8784 8785 7809
f 7814 7805 8783
f 8786 7814 8783
f 7861 7854 8787
f 7858 7861 8787
f 7861 7858 8788
f 8789 7853 7852
f 8789 7855 7853
f 7855 8789 8787
f 8787 7854 7855
f 8788 7860 7861
f 8787 8788 7858
f 8791 7860 8788
f 7854 8787 8789
f 7856 8790 8789
f 7852 7856 8789
f 7884 8792 7881
f 7885 8792 7884
f 7883 7879 7880
f 8793 7879 7883
f 7883 8794 8793
f 8548 8795 8549
f 8795 8548 8546
f 8796 8795 8546
f 8546 8797 8796
f 8798 8546 8799
f 8798 8801 8800
f 8798 8799 8801
f 8797 8546 8798
f 8796 8549 8795
f 8549 8796 8802
f 8549 8802 8803
f 8803 8804 8549
f 8804 8551 8549
f 8803 8551 8804
f 8803 8805 8551
f 8797 8805 8803
f 8805 8797 8806
f 8803 8796 8797
f 8802 8796 8803
f 8800 8806 8797
f 8797 8798 8800
f 8805 8806 8558
f 8558 8551 8805
f 8551 8558 8553
f 8800 8558 8806
f 8558 8800 8801
f 8565 8564 8555
f 8808 8565 8555
f 8555 8809 8808
f 8810 8555 8811
f 8810 8812 8749
f 8810 8811 8812
f 8555 8810 8809
f 8565 8808 8813
f 8565 8813 8807
f 8807 8813 8814
f 8814 8815 8807
f 8566 8565 8807
f 8807 8815 8566
f 8807 8565 8564
f 8566 8815 8816
f 8814 8816 8815
f 8814 8566 8816
f 8566 8814 8817
f 8814 8818 8817
f 8813 8808 8809
f 8813 8809 8819
f 8813 8818 8814
f 8813 8819 8818
f 8749 8819 8809
f 8809 8810 8749
f 8818 8819 8749
f 8749 8817 8818
f 8569 8566 8817
f 8569 8820 8749
f 8817 8820 8569
f 8817 8749 8820
f 8617 8633 8821
f 8617 8821 8822
f 8822 8627 8617
f 8821 8633 8822
f 8823 8822 8633
f 8633 8824 8823
f 8827 8826 8633
f 8633 8825 8827
f 8823 8627 8822
f 8828 8627 8823
f 8829 8828 8823
f 8829 8823 8830
f 8830 8831 8829
f 8627 8829 8831
f 8831 8630 8629
f 8831 8629 8627
f 8828 8829 8627
f 8826 8832 8824
f 8824 8633 8826
f 8831 8830 8629
f 8830 8832 8634
f 8634 8629 8830
f 8634 8630 8629
f 8824 8830 8823
f 8830 8824 8832
f 8826 8634 8832
f 8635 8647 8642
f 8833 8642 8647
f 8647 8834 8833
f 8837 8835 8647
f 8838 8837 8647
f 8647 8836 8838
f 8834 8647 8835
f 8839 8642 8833
f 8839 8833 8840
f 8840 8643 8839
f 8643 8642 8839
f 8837 8841 8834
f 8834 8835 8837
f 8842 8643 8840
f 8840 8841 8648
f 8648 8842 8840
f 8648 8645 8842
f 8645 8643 8842
f 8833 8834 8841
f 8841 8840 8833
f 8837 8648 8841
f 8843 8676 8678
f 8678 8674 8843
f 8677 8676 8843
f 8675 8843 8674
f 8844 8845 8675
f 8675 8674 8844
f 8843 8845 8846
f 8843 8675 8845
f 8678 8680 8847
f 8847 8848 8678
f 8233 7949 8846
f 8680 8676 8232
f 8233 8849 8847
f 8846 8850 8233
f 8234 8847 8680
f 8232 8677 8843
f 8843 8846 7948
f 8846 7949 7948
f 8233 8850 8849
f 8680 8232 8234
f 7950 8232 8843
f 7948 7950 8843
f 8847 8234 8235
f 8676 8677 8232
f 8235 8233 8847
f 8846 8849 8850
f 8846 8845 8844
f 8846 8844 8848
f 8848 8849 8846
f 8847 8849 8848
f 8844 8851 8848
f 8844 8852 8851
f 8016 8853 8851
f 8851 8852 8016
f 8853 7693 8851
f 8126 8851 7693
f 7693 7694 8126
f 8854 8853 8016
f 8855 8016 8852
f 8856 8857 8855
f 8855 8852 8856
f 8016 8857 8858
f 8016 8855 8857
f 8859 8669 8860
f 8669 7396 8860
f 8667 8861 8862
f 8862 8669 8667
f 8666 8863 8861
f 8861 8667 8666
f 8856 8859 8864
f 8859 8865 8864
f 8864 8857 8856
f 8862 7396 8669
f 8860 8865 8859
f 8858 8864 8866
f 8860 8864 8865
f 7396 8862 8860
f 8864 8858 8857
f 8860 8866 8864
f 8858 8854 8016
f 8853 8854 8858
f 7693 8853 8858
f 8863 8867 8868
f 8858 7694 7693
f 8869 8862 8861
f 8870 8871 8860
f 8858 8866 7600
f 8861 8868 8869
f 8862 8869 8870
f 8871 7600 8866
f 8860 8862 8870
f 7600 7694 8858
f 8866 8860 8871
f 8868 8861 8863
f 8869 8868 7603
f 7600 8871 8872
f 7603 8123 8873
f 8124 8870 8869
f 8869 8873 8124
f 8125 8871 8870
f 8874 8872 8871
f 8871 8125 8874
f 8870 8124 8125
f 8875 8868 8867
f 8123 7603 8868
f 8868 8875 8123
f 8872 8874 8876
f 8126 7694 7600
f 7600 8876 8126
f 8876 7600 8872
f 8867 8122 8875
f 8873 8869 7603
f 8666 8877 8863
f 8863 8877 8122
f 8122 8867 8863
f 8874 8125 8876
f 8123 8875 8873
f 8878 8879 8122
f 8122 8877 8878
f 8880 8122 8879
f 8886 8881 8882
f 8122 8880 8881
f 8883 8884 8882
f 8650 8114 8885
f 8881 8886 8122
f 8877 8666 8878
f 8665 8664 8887
f 8664 7388 8887
f 8662 8663 8888
f 8888 8664 8662
f 8660 8661 8889
f 8889 8662 8660
f 8666 8665 7390
f 8665 8890 7390
f 7390 8878 8666
f 8889 8663 8662
f 8888 7388 8664
f 8887 8890 8665
f 8671 8592 8859
f 8856 8852 8671
f 8669 8859 8592
f 8859 8856 8671
f 8844 8672 8671
f 8844 8674 8672
f 8844 8671 8852
f 8887 7390 8890
f 7388 8888 8887
f 8663 8889 8888
f 8660 8658 8661
f 8658 8654 8891
f 8891 8661 8658
f 8891 8889 8661
f 8892 8879 8878
f 8893 8892 7390
f 8894 8888 8889
f 8894 8893 8887
f 8878 7390 8892
f 8889 8895 8894
f 7390 8887 8893
f 8887 8888 8894
f 8891 8895 8889
f 8894 8895 8896
f 8897 8893 8894
f 8896 8885 8884
f 8883 8897 8894
f 8894 8884 8883
f 8883 8882 8893
f 8892 8893 8882
f 8882 8881 8892
f 8885 8895 8891
f 8885 8896 8895
f 8881 8880 8879
f 8879 8892 8881
f 8891 8650 8885
f 8893 8897 8883
f 8884 8894 8896
f 8658 8660 8650
f 8650 8654 8658
f 8652 8650 8660
f 8660 8659 8652
f 8650 8891 8654
f 8682 8750 8689
f 8689 8688 8682
f 8898 8689 8750
f 8750 8899 8898
f 8900 8899 8750
f 8898 8899 8901
f 8898 8902 8689
f 8689 8902 8903
f 8903 8693 8689
f 8692 8690 8689
f 8689 8693 8692
f 8898 8904 8903
f 8903 8902 8898
f 8704 8905 8900
f 8900 8750 8704
f 8906 8694 8903
f 8906 8903 8904
f 8693 8903 8694
f 8694 8906 8693
f 8906 8695 8704
f 8704 8693 8906
f 8898 8906 8904
f 8906 8899 8900
f 8906 8898 8901
f 8696 8906 8695
f 8906 8905 8698
f 8906 8900 8905
f 8901 8899 8906
f 8698 8695 8906
f 8698 8905 8704
f 8465 8748 8907
f 8907 8461 8465
f 8908 8907 8748
f 8748 8909 8908
f 8911 8909 8748
f 8908 8909 8912
f 8908 8913 8907
f 8907 8913 8914
f 8914 8457 8907
f 8458 8460 8907
f 8907 8457 8458
f 8460 8461 8907
f 8908 7999 8914
f 8914 8913 8908
f 8910 7689 8911
f 8911 8748 8910
f 8914 8915 8444
f 8915 8914 7999
f 8444 8915 8457
f 8914 8444 8457
f 8915 8442 8127
f 8127 8457 8915
f 7999 8911 7689
f 8443 8915 8442
f 7689 7688 8915
f 7999 8909 8911
f 7999 8908 8912
f 8915 7999 7689
f 7688 8442 8915
f 8912 8909 7999
f 7688 7689 8127
f 8910 8127 7689
f 8916 8446 8383
f 8383 8385 8916
f 8386 8919 8916
f 8916 8385 8386
f 8386 8918 8919
f 8921 8920 8385
f 8385 8920 8918
f 8918 8386 8385
f 8921 8383 8917
f 8920 8385 8383
f 8921 8920 8383
f 8482 8922 8921
f 8921 8917 8482
f 8919 8925 8446
f 8926 8446 8925
f 8916 8919 8446
f 8926 8925 8927
f 8927 8928 8926
f 8450 8448 8928
f 8447 8926 8928
f 8928 8448 8447
f 8446 8926 8447
f 8929 8925 8919
f 8929 8927 8925
f 8242 7968 8919
f 8242 8920 8921
f 8242 8918 8920
f 8922 8923 8241
f 8919 8918 8242
f 8921 8244 8242
f 7966 8241 8929
f 8923 8924 8241
f 8241 8924 8929
f 7667 8921 8922
f 7968 7965 8919
f 8922 8241 7667
f 7965 7966 8929
f 7667 8244 8921
f 8929 8919 7965
f 8450 8928 8929
f 8927 8929 8928
f 8929 8924 8923
f 8929 8923 8482
f 8482 8450 8929
f 8482 8453 8450
f 8482 8917 8930
f 8923 8922 8482
f 8931 8471 8072
f 8072 8467 8931
f 7655 8072 8932
f 8072 7655 7656
f 8931 8467 8468
f 8931 8469 8471
f 8469 8933 8471
f 8934 8471 8933
f 8931 7995 8933
f 8933 8469 8931
f 8934 8933 8935
f 8935 8936 8934
f 8476 8475 8936
f 8472 8934 8936
f 8936 8475 8473
f 8472 8471 8934
f 8936 8473 8472
f 7995 8937 8935
f 8935 8933 7995
f 8484 8938 7655
f 7655 8932 8484
f 8935 8937 8936
f 8937 8939 8484
f 8484 8936 8937
f 8476 8484 8479
f 8476 8936 8484
f 7655 8467 7656
f 8938 8940 8937
f 7655 8931 8468
f 7995 7655 8938
f 7655 7995 8931
f 8938 8937 7995
f 8939 8940 8938
f 8468 8467 7655
f 8940 8939 8937
f 8939 8938 8484
f 8941 8497 8485
f 8485 8489 8941
f 8943 8485 8942
f 8943 8488 8485
f 8941 8489 8490
f 8941 8495 8497
f 8495 8944 8497
f 8941 8945 8944
f 8944 8495 8941
f 8497 8944 8946
f 8946 8947 8497
f 8501 8499 8947
f 8498 8497 8947
f 8947 8499 8498
f 8948 8944 8945
f 8948 8946 8944
f 8536 8949 8943
f 8943 8942 8536
f 8946 8948 8947
f 8948 8950 8536
f 8536 8947 8948
f 8504 8501 8947
f 8947 8536 8504
f 8943 8489 8488
f 8945 8943 8949
f 8943 8941 8490
f 8949 8950 8945
f 8951 8948 8950
f 8490 8489 8943
f 8945 8941 8943
f 8948 8945 8950
f 8950 8949 8536
f 8952 8515 8511
f 8511 8509 8952
f 8952 8509 8512
f 8510 8509 8511
f 8511 7652 8510
f 8952 8513 8515
f 8513 8953 8515
f 7994 8953 8952
f 8513 8952 8953
f 8515 8953 8954
f 8954 8955 8515
f 8956 8953 7994
f 8956 8954 8953
f 8957 8958 7652
f 7652 8511 8957
f 7994 8512 8246
f 8246 8512 7652
f 8512 8510 7652
f 7994 8952 8512
f 8510 8512 8509
f 7652 8958 8247
f 8958 8959 8245
f 7994 8246 7981
f 8245 8960 8956
f 8956 7994 7980
f 8958 8245 8247
f 8956 7982 8245
f 7994 7981 7980
f 7652 8247 8248
f 8248 8246 7652
f 8959 8960 8245
f 7980 7982 8956
f 8960 8959 8956
f 8954 8956 8955
f 8956 8959 8957
f 8957 8955 8956
f 8959 8958 8957
f 8961 8962 8955
f 8955 8957 8961
f 8963 8962 8961
f 8961 8964 8963
f 8965 8964 8961
f 8963 8964 8966
f 8963 8967 8962
f 8968 8962 8967
f 8967 8969 8968
f 8969 8967 8963
f 8963 8970 8969
f 8521 8519 8971
f 8519 7381 8971
f 8972 8973 8974
f 8974 8519 8972
f 8968 8969 8975
f 8975 8972 8968
f 8523 8521 8976
f 8976 8977 8523
f 8975 8973 8972
f 8974 7381 8519
f 8971 8976 8521
f 8974 8975 8978
f 8974 8971 7381
f 8973 8975 8974
f 8975 8969 8970
f 8970 8978 8975
f 8073 7651 8965
f 8965 8961 8073
f 8970 8964 8965
f 8970 8963 8966
f 8966 8964 8970
f 8977 8976 8980
f 8970 7651 7650
f 8981 8971 8974
f 8982 8980 8976
f 7650 8978 8970
f 8983 8974 8978
f 8974 8983 8981
f 8980 8979 8977
f 8978 7650 8983
f 8976 8971 8982
f 8981 8982 8971
f 8965 7651 8970
f 8979 8980 8985
f 8984 8983 7650
f 7646 8985 8982
f 8982 8985 8980
f 8986 8074 8983
f 8074 8075 8981
f 8981 8983 8074
f 8075 8987 8982
f 7646 8982 8987
f 8987 8076 7646
f 8073 8988 7650
f 8984 7650 8988
f 8988 8986 8984
f 8076 8989 8985
f 8989 8077 8979
f 8979 8985 8989
f 8985 7646 8076
f 7650 7651 8073
f 8982 8981 8075
f 8983 8984 8986
f 8990 8523 8977
f 8977 8979 8077
f 8077 8990 8977
f 8987 8989 8076
f 8988 8074 8986
f 8077 8979 7733
f 8991 8990 8077
f 8523 8990 8991
f 8523 8991 8993
f 8994 8991 8077
f 8077 8995 8994
f 8995 8077 8992
f 8081 8537 8996
f 8998 8999 8997
f 8077 9001 9000
f 9000 8992 8077
f 9000 9001 8999
f 8523 8991 8994
f 8528 8527 9002
f 8525 9003 9004
f 9004 8527 8525
f 8523 8994 7375
f 7375 8525 8523
f 8529 8528 9005
f 8528 8531 9005
f 9005 7368 8529
f 7375 9003 8525
f 9004 9002 8527
f 9002 8531 8528
f 8962 8517 8516
f 8972 8518 8517
f 8517 8962 8972
f 8962 8516 8955
f 8518 8972 8519
f 8515 8955 8516
f 8962 8968 8972
f 9002 9005 8531
f 9003 7375 9004
f 8994 9003 7375
f 7368 8530 8529
f 8530 9006 8529
f 7368 9007 9006
f 9006 8530 7368
f 9007 9008 8533
f 8533 9006 9007
f 9008 9007 7368
f 9009 9003 8994
f 9010 9004 9003
f 9011 9008 7368
f 9003 9009 9010
f 9012 9002 9004
f 9012 9011 9005
f 9004 9010 9012
f 7368 9005 9011
f 9005 9002 9012
f 8995 9009 8994
f 9012 9010 9013
f 7633 9011 9012
f 9009 9000 8999
f 8998 9013 9010
f 9010 8999 8998
f 8998 8997 9012
f 7633 9012 8997
f 8997 8996 7633
f 9000 9009 8995
f 8996 8537 9008
f 9008 9011 8996
f 9011 7633 8996
f 8995 8992 9000
f 9012 9013 8998
f 8999 9010 9009
f 9006 8533 8537
f 8537 8529 9006
f 8534 8532 8529
f 8529 8537 8534
f 8533 9008 8537
f 9014 8573 8574
f 8574 8570 9014
f 9016 8574 9015
f 9015 8083 9016
f 8573 9014 8572
f 8575 8573 8572
f 8572 7419 8575
f 8572 8025 7419
f 8576 8579 9017
f 9017 9018 8576
f 9018 9017 7455
f 7455 8580 9018
f 7455 9017 9019
f 8579 9019 9017
f 9016 9021 8570
f 8570 8574 9016
f 8024 8570 9021
f 9020 7455 9022
f 8570 8024 8572
f 8572 9014 8570
f 9021 7419 8025
f 8025 8572 9021
f 7419 9021 9023
f 7626 9019 8579
f 9023 8579 7419
f 8579 9023 7626
f 7455 9019 9024
f 7626 9024 9019
f 9024 9022 7455
f 8024 9021 8572
f 9025 9026 7626
f 9024 7626 9026
f 9026 9027 9024
f 9016 9025 9023
f 9027 9028 9024
f 9028 9029 9022
f 9022 9024 9028
f 9023 9021 9016
f 7626 9023 9025
f 7455 9020 8580
f 9020 9022 9030
f 9030 8580 9020
f 9026 9028 9027
f 9016 8083 9025
f 9029 9030 9022
f 9031 9030 9029
f 9030 9031 8580
f 9032 8580 9031
f 9031 9033 9032
f 8089 9035 9037
f 9032 9033 9038
f 9039 9040 9041
f 9041 9042 9039
f 9039 8580 9032
f 9042 9041 9043
f 9043 9044 9042
f 9032 9040 9039
f 9046 9040 9032
f 9047 9041 9040
f 9047 9045 9043
f 9040 9046 9047
f 9043 9041 9047
f 9032 9033 9046
f 9045 9047 9048
f 9046 9048 9047
f 9048 9046 8089
f 9046 9034 8089
f 8089 9037 9048
f 9033 9031 9034
f 9034 9046 9033
f 9045 9048 9035
f 9048 9037 9035
f 9035 9036 9045
f 9043 9045 9036
f 9036 9044 9043
f 9051 9049 9044
f 9050 9051 9036
f 9044 9036 9051
f 9051 9052 9049
f 9051 9053 9052
f 9051 9050 9053
f 7769 7773 9054
f 9053 9054 7773
f 9055 9054 9053
f 9053 9050 9055
f 9057 9058 9059
f 9059 9039 9057
f 9049 9052 9058
f 9058 9057 9049
f 9039 9040 9060
f 9060 8580 9039
f 9059 9040 9039
f 9040 9059 9060
f 9061 9060 9059
f 9058 9052 9056
f 9055 9062 9054
f 9064 8581 9065
f 9064 9061 8581
f 9064 8580 9061
f 9060 9061 8580
f 8146 9066 9059
f 9066 9064 9061
f 9067 8146 7745
f 7745 9056 9067
f 9061 9059 9066
f 9059 7745 8146
f 8149 9067 9056
f 9056 8148 8149
f 8157 8152 9068
f 8152 9069 9068
f 8152 9070 9071
f 9070 9072 9073
f 9072 9074 9073
f 9075 9076 9077
f 9077 9072 9075
f 8156 9078 9076
f 9076 9075 8156
f 8149 8148 9079
f 9079 8156 8149
f 9079 9078 8156
f 9077 9074 9072
f 9073 9071 9070
f 9071 9069 8152
f 9068 8150 8157
f 8150 9068 9080
f 9071 9080 9069
f 9080 9068 9069
f 9074 9077 9073
f 9078 9081 9076
f 8148 9081 9079
f 9078 9079 9081
f 8150 9082 9083
f 9083 8157 8150
f 8159 7891 9084
f 9084 9085 8159
f 9083 9082 7891
f 7891 8159 9083
f 9085 9084 9086
f 9086 8605 9085
f 8605 8603 9087
f 8603 8605 9086
f 8605 8606 9088
f 9086 8606 8605
f 9086 9088 8606
f 9089 9090 9084
f 9090 9091 9084
f 9090 8605 9088
f 9092 9089 9093
f 9093 9094 9092
f 9088 9091 9090
f 9084 9093 9089
f 9088 9084 9091
f 9084 9088 9086
f 9093 9082 9094
f 9092 9094 9096
f 9094 9095 9096
f 9097 9095 7883
f 9097 7883 7877
f 9098 9095 9097
f 9097 9099 9098
f 9101 9100 9097
f 9104 9101 9103
f 9104 9100 9101
f 9101 9105 9106
f 9106 9103 9101
f 9107 9106 9105
f 9105 9109 9108
f 9107 9105 9110
f 9105 9108 9110
f 9112 9063 9062
f 9063 9054 9062
f 9113 9063 9112
f 9112 9114 9113
f 9114 9115 9113
f 9116 9117 9113
f 9119 9113 9115
f 9119 9116 9113
f 9120 9119 9115
f 9119 9121 9116
f 9117 9116 9121
f 9123 9124 9117
f 9117 9121 9123
f 9125 9121 9122
f 9125 9123 9121
f 9126 9127 9123
f 9123 9125 9126
f 9123 9127 9124
f 9130 9124 9127
f 9130 9127 9126
f 9124 7782 9117
f 9129 9131 9126
f 9131 9130 9126
f 7777 9130 9131
f 7778 7777 9131
f 7784 7780 9132
f 7782 7786 7785
f 7782 9124 9130
f 9130 7777 7782
f 7785 7787 7782
f 9133 7787 7784
f 9132 9133 7784
f 7778 9132 7780
f 9134 9131 9129
f 9134 9129 9135
f 9135 9136 9134
f 9134 9136 9137
f 9135 9138 9137
f 9137 9136 9135
f 9139 9138 9135
f 9139 8041 9138
f 9142 9141 9140
f 9140 9143 9142
f 9141 9145 9144
f 9146 9144 9147
f 9148 9147 9144
f 9148 9144 9145
f 9148 9145 9142
f 9145 9141 9142
f 9149 9146 9147
f 9147 9150 9149
f 9149 9150 9151
f 9149 9151 9152
f 9153 9149 9152
f 9155 9153 9152
f 9155 9154 9153
f 9157 7806 9156
f 9156 9158 9157
f 9161 9159 9157
f 9159 7806 9157
f 9159 9161 9162
f 9162 9160 9159
f 9163 9160 9162
f 9162 9164 9163
f 9166 9163 9165
f 9167 9166 9165
f 9164 9165 9163
f 9166 9167 9168
f 9169 9167 9165
f 9169 9168 9167
f 9168 9170 9171
f 8782 9168 9171
f 9170 9172 9171
f 8092 9172 9170
f 9170 9169 8092
f 9174 9171 9172
f 9172 9173 9174
f 9171 9174 9175
f 9175 9174 9173
f 9177 9175 9178
f 9175 9173 9178
f 9179 9180 9175
f 9177 9179 9175
f 9181 9175 9179
f 9179 9182 9181
f 9176 9175 9181
f 9182 9183 9079
f 9183 9184 9185
f 9184 9072 9077
f 9186 9187 9073
f 9073 9072 9186
f 9188 9069 9187
f 9187 9186 9188
f 9189 9190 9068
f 9068 9188 9189
f 9068 9069 9188
f 9077 9185 9184
f 9185 9079 9183
f 9079 9181 9182
f 9069 9068 9187
f 9190 9189 9191
f 9191 9192 9190
f 9192 9193 9190
f 9191 9195 9192
f 9194 9191 9192
f 9197 9196 9192
f 9198 9192 9195
f 9198 9197 9192
f 9199 9196 9197
f 9196 9199 9200
f 9200 9201 9202
f 9200 9199 9201
f 9200 9202 8787
f 9203 9201 9199
f 9199 8103 9203
f 9202 9205 9204
f 9207 9205 9203
f 9205 9202 9203
f 9207 9206 9204
f 9207 9208 9206
f 9204 9205 9207
f 9206 9208 9209
f 9209 9210 9206
f 9211 9210 9209
f 9212 9211 9209
f 9212 7857 9211
f 9215 9213 7857
f 7857 9212 9215
f 9218 9216 9219
f 9216 9214 9219
f 9218 9217 9216
f 9218 9220 9217
f 9217 9220 9221
f 9221 9222 9217
f 9221 9224 9223
f 9221 9223 9222
f 9226 9223 9224
f 9226 9225 9223
f 9228 9227 9225
f 9225 9226 9228
f 8046 9229 9227
f 9227 7927 8046
f 9230 9229 8046
f 9232 9230 9233
f 9230 8046 9233
f 9231 9230 9232
f 9234 9231 9232
f 9232 9235 9234
f 9236 9234 9235
f 9211 7857 9213
f 8148 9149 9160
f 9216 9213 9214
f 9213 9216 9211
f 9154 9156 7806
f 8148 9146 9149
f 9079 9185 9076
f 9073 9187 9071
f 9187 9068 9080
f 9068 9190 8150
f 8150 9190 9193
f 9210 9216 9217
f 9176 8148 9163
f 9077 9076 9185
f 9080 9071 9187
f 9193 7856 9206
f 9193 9206 8150
f 9153 9154 7806
f 9217 8150 9210
f 9160 9163 8148
f 7806 9159 9153
f 8150 9206 9210
f 8148 9176 9079
f 9141 7790 9140
f 9230 9225 9227
f 9082 9231 9234
f 9076 9081 9079
f 9056 9144 9146
f 9230 9223 9225
f 9082 9223 9231
f 8150 9217 9222
f 9176 9181 9079
f 9146 8148 9056
f 8041 7790 9144
f 9227 9229 9230
f 9234 9105 9082
f 9144 9056 9137
f 9144 9138 8041
f 9101 7885 9082
f 9105 9234 9237
f 9056 9134 9137
f 9105 9101 9082
f 9222 9082 8150
f 9216 9210 9211
f 9159 9160 9153
f 9113 9132 9134
f 9063 9113 9056
f 9063 9056 7770
f 9223 9230 9231
f 9234 7871 9237
f 9175 9176 9163
f 9113 9134 9056
f 9056 9111 9063
f 9093 7891 9082
f 9141 9144 7790
f 9149 9153 9160
f 9163 7814 9175
f 7775 9056 9052
f 9059 9058 7745
f 9056 7745 9058
f 9144 9137 9138
f 7891 9093 9084
f 8780 8778 9053
f 9222 9223 9082
f 9052 9053 8778
f 9094 9082 7879
f 8778 7775 9052
f 9054 7774 7769
f 9056 7775 7770
f 9054 7771 7774
f 7771 9054 9063
f 9063 8781 7771
f 9082 7885 7879
f 7770 8781 9063
f 7810 9163 9166
f 7856 7860 9206
f 9053 7773 8779
f 8793 8794 9095
f 9053 8779 8780
f 8789 9193 9192
f 8789 9196 9200
f 9163 7810 7814
f 9094 7879 8793
f 9204 9206 7860
f 9175 8786 8783
f 9168 8784 7810
f 7881 9101 9102
f 9202 7860 8791
f 8793 9095 9094
f 7814 8786 9175
f 7810 9166 9168
f 9192 9196 8789
f 9202 8791 8788
f 9202 9204 7860
f 9168 8785 8784
f 9101 8792 7885
f 9101 9097 7881
f 9193 8789 8790
f 7881 8792 9101
f 9097 7877 7882
f 8794 7883 9095
f 7882 7881 9097
f 9171 8783 7812
f 7854 8789 9200
f 8783 9171 9175
f 8790 7856 9193
f 8788 8787 9202
f 9200 8787 7854
f 9168 8782 8785
f 9113 9117 7787
f 7812 8782 9171
f 9131 9134 7778
f 7868 9238 9109
f 9132 7778 9134
f 9105 9239 7868
f 9105 9237 9239
f 7787 9133 9113
f 9117 7786 7785
f 9117 7785 7787
f 7871 9234 9236
f 9133 9132 9113
f 9109 9105 7868
f 9117 7782 7786
f 9238 7863 9109
f 9240 9236 9235
f 9240 9241 9236
f 7868 7863 9238
f 7865 7868 9239
f 7870 7865 9239
f 7870 9237 7871
f 7864 9241 9242
f 9242 7863 7864
f 9239 9237 7870
f 7864 7871 9241
f 7871 9236 9241
f 7863 9242 9109
f 9243 9109 9242
f 9242 9244 9243
f 7790 8041 9139
f 9143 9140 7790
f 9139 9143 7790
f 9245 9148 9142
f 9246 9155 9152
f 9152 9247 9246
f 9155 9248 9154
f 9155 9158 9156
f 9156 9154 9155
f 9155 9246 9158
f 9248 9246 9249
f 9246 9248 9155
f 9162 9161 9157
f 9170 9168 9169
f 9173 8092 9178
f 9173 9172 8092
f 9198 9199 9197
f 9199 9198 8103
f 9202 9201 9203
f 9215 9219 9213
f 9219 9254 9214
f 9214 9213 9219
f 9255 9218 9253
f 9219 9253 9218
f 9224 9257 9226
f 8046 7927 9228
f 9228 9233 8046
f 7927 9227 9228
f 9240 9258 9241
f 9242 9258 9244
f 9242 9241 9258
f 9244 9258 9240
f 9244 9240 9259
f 9243 9244 9259
f 9259 9261 9243
f 9243 9110 9108
f 9108 9109 9243
f 9110 9262 9107
f 9100 9104 9099
f 9099 9097 9100
f 9263 9099 9104
f 9095 9098 9096
f 9265 9177 9178
f 9266 9265 9178
f 9178 9173 9266
f 9269 9178 9267
f 9269 9268 9178
f 9177 9265 9266
f 9177 9266 9270
f 9270 9271 9177
f 9268 9272 9173
f 9173 9178 9268
f 9272 9275 9266
f 9275 9273 9270
f 9273 9275 9274
f 9270 9266 9275
f 9173 9272 9266
f 9271 9273 9276
f 9273 9274 9276
f 9271 9270 9273
f 9274 9275 9277
f 9277 9276 9274
f 9277 9278 9268
f 9268 9269 9277
f 9268 9278 9272
f 9278 9277 9275
f 9275 9272 9278
f 8093 7817 9275
f 9275 9277 8093
f 8093 9279 9280
f 9279 9281 9282
f 9281 8773 7825
f 7825 9282 9281
f 9282 9280 9279
f 9280 7817 8093
f 9182 9276 9274
f 9274 9283 9182
f 9283 9274 9275
f 9284 9285 9286
f 9275 9286 9283
f 9284 9287 9285
f 9285 9287 7834
f 9286 9275 9284
f 9284 7817 9280
f 9284 9275 7817
f 9284 9280 9282
f 9282 9288 9284
f 7825 9288 9282
f 9285 7834 9077
f 9077 9289 9290
f 9285 9290 9183
f 9286 9183 9182
f 9182 9283 9286
f 9183 9286 9285
f 9290 9285 9077
f 9284 9291 7834
f 9284 7834 9287
f 9077 7834 8768
f 8768 9289 9077
f 9288 8772 8771
f 9288 7825 8773
f 8773 8772 9288
f 8771 9284 9288
f 9284 9292 8770
f 7834 9293 8768
f 9291 9284 8770
f 8770 7834 9291
f 8770 9293 7834
f 8771 9292 9284
f 8093 9294 9279
f 9279 9294 9281
f 8772 8773 8771
f 9292 8771 8770
f 9295 8770 9292
f 9293 8770 8768
f 8776 8775 8777
f 8766 8765 8764
f 8770 8769 8768
f 8766 8764 9297
f 7836 9297 8764
f 8766 9297 7836
f 9299 8764 8777
f 7841 8777 8775
f 8777 7841 9300
f 9300 9299 8777
f 9299 9298 8764
f 9298 7836 8764
f 9303 9301 9302
f 9301 9303 8102
f 8766 7836 9073
f 9296 8766 9073
f 9299 7836 9298
f 8775 9302 7831
f 9302 9301 9304
f 9301 8102 7847
f 7847 9304 9301
f 9304 7831 9302
f 7831 7841 8775
f 9305 9189 9188
f 9306 9188 9307
f 9308 9307 9296
f 9296 9073 9308
f 9307 9308 9306
f 9188 9306 9305
f 9308 9073 7836
f 9189 9305 9309
f 9309 9310 9189
f 7847 9311 9304
f 8102 9312 9313
f 9313 7847 8102
f 9311 7847 9313
f 9299 9313 9306
f 9309 9305 9313
f 7831 9300 7841
f 9299 9300 7831
f 9304 9311 9299
f 9305 9306 9313
f 7836 9306 9308
f 9311 9313 9299
f 9306 7836 9299
f 7831 9304 9299
f 9309 9313 9312
f 9312 9310 9309
f 8104 9316 9315
f 9315 9312 8104
f 9198 9316 8104
f 8104 9317 9198
f 9317 8104 9318
f 9312 9315 9313
f 9319 9313 9315
f 9319 9315 9316
f 9310 9320 9314
f 9309 9320 9310
f 9314 9320 9322
f 9322 9195 9314
f 9072 8767 8766
f 9072 8768 8767
f 9072 9289 8768
f 9276 9179 9271
f 8766 9296 9072
f 9290 9184 9183
f 9289 9072 9184
f 9177 9271 9179
f 9189 9188 9310
f 9276 9182 9179
f 9186 9072 9296
f 9188 9186 9307
f 9310 9314 9189
f 9290 9289 9184
f 9194 9191 9195
f 9314 9191 9189
f 9186 9296 9307
f 9314 9195 9191
f 9179 9180 9177
f 9320 9321 9322
f 9198 9197 9319
f 9319 9316 9198
f 9322 9323 9195
f 9322 9197 9198
f 9198 9323 9322
f 9198 9195 9323
f 9197 9322 9321
f 9320 9309 9197
f 9321 9320 9197
f 9313 9319 9309
f 9319 9197 9309
f 9055 9118 9062
f 9324 9112 9062
f 9062 9325 9324
f 9327 9062 9118
f 9328 9327 9118
f 9062 9327 9325
f 9325 9327 9324
f 9112 9324 9329
f 9329 9115 9112
f 9115 9114 9112
f 9326 9330 9328
f 9328 9118 9326
f 9113 9329 9114
f 9329 9113 9115
f 9329 9116 9119
f 9119 9114 9329
f 9120 9115 9114
f 9114 9119 9120
f 9329 9327 9328
f 9329 9324 9327
f 9329 9330 9116
f 9331 9329 9116
f 9329 9328 9330
f 9116 9326 9119
f 9116 9330 9326
f 9332 9130 9126
f 9332 9126 9128
f 9129 9131 9333
f 9333 9135 9129
f 9332 9131 9130
f 8041 9333 9131
f 9131 9332 8041
f 9128 9139 8041
f 8041 9332 9128
f 9333 8041 9139
f 9139 9135 9333
f 9334 9148 9142
f 9142 9335 9334
f 9334 9335 9337
f 9338 9142 9336
f 9336 9339 9338
f 9338 9335 9142
f 9334 9245 9148
f 9341 9245 9340
f 9334 9340 9245
f 9341 9340 9342
f 9342 9247 9341
f 9247 9151 9150
f 9147 9341 9247
f 9152 9151 9247
f 9247 9150 9147
f 9245 9341 9147
f 9147 9148 9245
f 9339 9337 9335
f 9338 9339 9335
f 9249 9343 9339
f 9339 9336 9249
f 9344 9247 9342
f 9342 9343 9249
f 9249 9344 9342
f 9246 9247 9344
f 9249 9246 9344
f 9342 9340 7801
f 7800 7801 9340
f 9337 9339 7802
f 8226 7793 9342
f 7801 8225 9342
f 9340 9334 7800
f 7793 7798 9343
f 8225 8226 9342
f 9334 9337 8227
f 7802 8227 9337
f 7793 9343 9342
f 9343 7798 7799
f 9339 7799 7802
f 8227 7800 9334
f 7799 9339 9343
f 9157 9250 9161
f 9250 9162 9161
f 9345 9162 9250
f 9250 9346 9345
f 9162 9345 9347
f 9347 9348 9162
f 9164 9349 9165
f 9162 9348 9164
f 9348 9349 9164
f 9350 9347 9345
f 8091 9352 9346
f 9346 9250 8091
f 9347 9349 9348
f 9347 9165 9349
f 9165 9347 9350
f 9350 9353 9165
f 9349 9165 9353
f 9353 9352 8091
f 8091 9349 9353
f 9165 9349 8091
f 8091 9169 9165
f 9351 9346 9352
f 9352 9350 9345
f 9353 9350 9352
f 9346 9352 9345
f 9354 9207 9203
f 9203 9355 9354
f 9355 9203 9251
f 9358 9208 9357
f 9208 9207 9357
f 9354 9356 9207
f 9356 9357 9207
f 9358 9357 9359
f 9359 9209 9358
f 9209 9208 9358
f 9357 9356 9359
f 9252 9360 9355
f 9355 9251 9252
f 9359 9360 9252
f 9252 9209 9359
f 9209 9252 9212
f 9355 9361 9360
f 9355 9359 9356
f 9355 9360 9359
f 9354 9355 9356
f 9362 9255 9253
f 9253 9256 9362
f 9363 9362 9256
f 9256 9364 9363
f 9255 9362 9363
f 9255 9363 9365
f 9365 9366 9255
f 9366 9257 9224
f 9220 9255 9366
f 9366 9221 9220
f 9255 9220 9218
f 9224 9221 9366
f 9367 9368 9364
f 9364 9256 9367
f 9257 9366 9365
f 9257 9369 9224
f 9365 9369 9257
f 9369 9370 9226
f 9226 9224 9369
f 7931 9369 9365
f 9368 9370 7932
f 9370 9369 8228
f 9364 9368 7933
f 9365 9363 7929
f 7938 9363 9364
f 7932 7933 9368
f 9370 8228 7932
f 9363 8229 7929
f 9363 7938 8230
f 7933 7935 9364
f 7929 7931 9365
f 8230 8229 9363
f 7931 8228 9369
f 7935 7938 9364
f 9371 9370 9368
f 9256 9372 9367
f 9370 9371 9226
f 9372 9226 9368
f 9367 9372 9368
f 9370 9368 9226
f 9373 9232 9233
f 9233 8046 9373
f 9232 9373 9236
f 9236 9235 9232
f 8046 9241 9236
f 9374 9241 8046
f 9236 9373 8046
f 9260 9374 8046
f 8046 9233 9260
f 9241 9374 9240
f 9260 9240 9374
f 9262 9110 9106
f 9106 9107 9262
f 9105 9106 9110
f 9376 9110 9375
f 9376 9108 9110
f 9108 9378 9105
f 9108 9377 9378
f 9105 9378 9107
f 9107 9378 9379
f 9379 9103 9107
f 9103 9106 9107
f 9263 9380 9376
f 9376 9375 9263
f 9379 9100 9104
f 9104 9103 9379
f 9379 9376 9380
f 9379 9378 9377
f 9108 9376 9379
f 9377 9108 9379
f 9380 7875 9379
f 7875 9100 9379
f 9100 7875 9104
f 9263 9104 7875
f 7875 9380 9263
f 9096 9264 9381
f 9381 9092 9096
f 9264 9096 9098
f 9382 9381 9264
f 9264 9383 9382
f 9387 9384 8109
f 9090 9388 9389
f 9389 9091 9090
f 9388 9381 9382
f 9090 9091 9390
f 9390 8606 9090
f 9382 9389 9388
f 9391 9392 9390
f 9393 9389 9382
f 9393 9394 9091
f 9394 9391 9390
f 9091 9389 9393
f 9390 9091 9394
f 9382 9383 9393
f 9394 9393 9395
f 9383 9395 9393
f 9395 9387 8109
f 8109 9394 9395
f 8109 9385 9394
f 9383 9264 9384
f 9384 9395 9383
f 9391 9394 9385
f 9385 9386 9391
f 9384 9387 9395
f 9390 9392 9386
f 9386 8606 9390
f 9386 9392 9391
f 9386 9396 9397
f 9386 9397 8606
f 9398 8606 9397
f 9397 9399 9398
f 9399 9397 9396
f 9403 9404 9402
f 8113 9400 9401
f 8606 9398 7462
f 8608 9405 9406
f 9405 8606 7462
f 7462 9406 9405
f 9406 8609 8608
f 8609 9406 9407
f 7462 9407 9406
f 8610 8611 8613
f 8613 8612 8610
f 8026 8613 8611
f 9408 9403 9402
f 9401 9409 9410
f 9410 9402 9401
f 9404 9408 9399
f 9408 9404 9403
f 9400 9411 9409
f 9409 9401 9400
f 9399 9396 9404
f 9402 9410 9408
f 9400 8615 8614
f 8614 9411 9400
f 8614 9412 9411
f 9408 9407 9398
f 9398 9399 9408
f 8613 8026 8614
f 9398 9407 7462
f 8611 9411 9412
f 9410 9409 8609
f 9412 8614 8611
f 9407 9408 9410
f 8611 8609 9409
f 8609 9407 9410
f 8026 8611 8614
f 9409 9411 8611
f 8113 9413 8615
f 8615 9400 8113
f 9416 8050 8051
f 9414 8059 9420
f 9418 9415 9414
f 9419 8063 9414
f 9417 9416 8051
f 9414 9417 8059
f 8059 9421 9420
f 9414 9420 9418
f 8063 9423 9422
f 9419 9423 8063
f 9417 8051 8059
f 8059 9422 9420
f 8063 8050 9424
f 9415 9419 9414
f 9422 8059 8063
f 9416 9424 8050
f 9424 9414 8063
f 9425 9419 9415
f 9419 9426 9427
f 9427 9423 9419
f 9427 9422 9423
f 9427 9428 9422
f 9425 9426 9419
f 9420 9422 9428
f 9421 9420 9429
f 9420 9430 9429
f 9420 9430 9431
f 9431 9418 9420
f 9431 9415 9418
f 9431 9425 9415
f 9428 9430 9420
f 9429 9428 9432
f 9429 9430 9428
f 9424 9416 9433
f 9433 9434 9424
f 9414 9424 9435
f 9424 9434 9435
f 9417 9414 9435
f 9435 9436 9417
f 9417 9436 9433
f 9433 9416 9417
f 9438 9436 9435
f 9438 9435 9437
f 9436 9438 9439
f 9433 9439 9440
f 9439 9433 9436
f 9442 9434 9433
f 9435 9434 9441
f 9435 9441 9437
f 9433 9440 9442
f 9434 9442 9441
f 9443 9444 9438
f 9438 9437 9443
f 9444 9446 9439
f 9439 9438 9444
f 9443 9437 9441
f 9441 9448 9443
f 9446 9444 9445
f 9448 9447 9443
f 9446 9450 9440
f 9440 9439 9446
f 9448 9441 9442
f 9442 9452 9448
f 9452 9451 9448
f 9451 9452 9453
f 9452 9442 9440
f 9440 9450 9452
f 9446 9454 9450
f 9446 9449 9454
f 9431 9430 9455
f 9430 9429 9455
f 9431 9455 9456
f 9429 9432 9455
f 9425 9456 9457
f 9456 9425 9431
f 9426 9425 9457
f 9458 9428 9427
f 9428 9458 9432
f 9426 9457 9459
f 9427 9426 9459
f 9427 9459 9458
f 9460 9461 9456
f 9456 9455 9460
f 9462 9457 9456
f 9456 9461 9462
f 9463 9460 9455
f 9455 9432 9463
f 9464 9459 9457
f 9457 9462 9464
f 9463 9432 9458
f 9458 9465 9463
f 9465 9458 9459
f 9459 9464 9465
f 9448 9462 9461
f 9461 9447 9448
f 9461 9443 9447
f 9444 9461 9460
f 8398 9465 9464
f 9460 8337 9444
f 8398 9463 9465
f 8337 9460 9463
f 9444 9443 9461
f 8336 9446 9445
f 8374 9454 9449
f 9463 8398 8337
f 8336 9449 9446
f 9449 8336 8374
f 8336 9445 9444
f 9452 8374 9462
f 9464 9462 8374
f 9452 9450 8374
f 9451 9453 9462
f 9444 8337 8336
f 9453 9452 9462
f 8374 8398 9464
f 9450 9454 8374
f 9448 9451 9462
f 9467 8759 8758
f 8758 9466 9467
f 8758 8761 9468
f 8758 9468 9466
f 8759 9467 9469
f 8760 8759 9469
f 8761 8763 9468
f 8760 9469 8762
f 9470 8763 8762
f 8762 9471 9470
f 9471 8762 9469
f 9469 9473 9471
f 9475 9470 9474
f 9470 9475 9468
f 9468 8763 9470
f 9473 9472 9471
f 9473 9469 9467
f 9467 9477 9473
f 9475 9479 9466
f 9466 9468 9475
f 9479 9477 9467
f 9467 9466 9479
f 9480 9476 9473
f 9473 9477 9480
f 9478 9481 9479
f 9475 9478 9479
f 8751 8757 9482
f 8751 9482 9483
f 8757 8756 9484
f 8757 9484 9482
f 8752 9483 9485
f 9485 8753 8752
f 9483 8752 8751
f 8756 8755 9486
f 9487 8755 8754
f 8756 9486 9484
f 8753 9485 9487
f 8755 9487 9486
f 8754 8753 9487
f 9488 9489 9483
f 9483 9482 9488
f 9490 9488 9482
f 9482 9484 9490
f 9489 9491 9485
f 9485 9483 9489
f 9492 9490 9484
f 9484 9486 9492
f 9493 9487 9485
f 9485 9491 9493
f 9489 9479 9481
f 9479 9489 9488
f 8407 9477 9479
f 8407 9476 9480
f 9473 9476 8335
f 9474 9491 9489
f 9488 8401 9479
f 9489 9478 9475
f 9481 9478 9489
f 9476 8407 8335
f 9489 9475 9474
f 9471 8335 9491
f 9493 9491 8335
f 9492 9493 8338
f 8401 9490 9492
f 8401 9488 9490
f 8407 9480 9477
f 9492 8338 8401
f 8335 9472 9473
f 9470 9471 9491
f 9479 8401 8407
f 9474 9470 9491
f 9471 9472 8335
f 9493 8335 8338
f 9492 9486 9487
f 9487 9493 9492
f 8312 9495 8313
f 9495 9496 8314
f 8308 9497 9494
f 9496 8317 8314
f 9496 9497 8308
f 9495 8314 8313
f 8308 8317 9496
f 8309 8308 9494
f 8309 9494 8310
f 9498 8312 8310
f 8310 9499 9498
f 8583 9499 9500
f 9499 8583 9498
f 9498 9501 9495
f 9495 8312 9498
f 8129 9500 9499
f 9499 9503 8129
f 9504 9499 8310
f 8310 9494 9504
f 9502 9495 9501
f 9504 9503 9499
f 9501 8135 9496
f 9496 9495 9501
f 9504 9494 9497
f 9497 8138 9504
f 8135 8138 9497
f 9497 9496 8135
f 9504 8138 8139
f 7323 7316 7303
f 7296 7299 7318
f 7322 7320 7295
f 7296 7318 7322
f 7295 7296 7322
f 7320 7323 7293
f 7299 7315 7318
f 7323 7303 7293
f 9506 7323 7320
f 7320 8173 9506
f 9505 7323 9506
f 9507 7316 7323
f 7323 9506 9507
f 8170 8173 7320
f 7320 7322 8170
f 9508 7315 7316
f 7316 9507 9508
f 8170 7322 7318
f 7318 9509 8170
f 9509 8169 8170
f 9508 9509 7318
f 7318 7315 9508
f 8171 8173 8170
f 9509 8167 8168
f 8173 8174 8175
f 8168 8169 9509
f 8171 8172 8173
f 8135 9501 8133
f 8138 8135 8137
f 9509 8163 8164
f 8175 9506 8173
f 8161 8160 9506
f 8133 8134 8135
f 8164 8165 9509
f 8175 8161 9506
f 8135 8136 8137
f 8165 8166 9509
f 9501 8132 8133
f 9504 8139 8141
f 9503 9504 8144
f 8141 8142 9504
f 8144 8145 9503
f 8140 8141 8139
f 9504 8143 8144
f 8163 9510 9508
f 9018 8580 8578
f 9509 8166 8167
f 9509 9510 8163
f 8145 8129 9503
f 8576 9018 8577
f 9064 8583 8580
f 9504 8142 8143
f 8578 8577 9018
f 8597 8596 8191
f 8596 8595 8190
f 8586 8201 8203
f 8585 8198 8200
f 8190 8191 8596
f 8595 8593 8189
f 8591 8187 8188
f 8197 8187 8591
f 8588 8204 8206
f 8587 8203 8204
f 8200 8201 8586
f 8198 8585 8196
f 8129 8583 9500
f 9066 8146 8132
f 8605 9507 9506
f 9508 8602 8163
f 8163 8602 8601
f 8599 8194 8180
f 8189 8190 8595
f 8592 8188 8189
f 8591 8590 8197
f 8590 8518 8208
f 8204 8588 8587
f 8577 8583 8129
f 8132 9501 9066
f 8149 8147 9067
f 9506 8159 8605
f 8193 8597 8192
f 8189 8593 8592
f 8208 8197 8590
f 8518 8589 8206
f 8203 8587 8586
f 8131 8577 8130
f 8178 8177 8163
f 8188 8592 8591
f 8206 8589 8588
f 8577 8129 8130
f 8156 9075 8155
f 9075 9072 8154
f 8163 8601 8178
f 8193 8194 8599
f 8206 8208 8518
f 8146 9067 8147
f 8154 8155 9075
f 8157 9083 8158
f 8158 9083 8159
f 9090 8606 8605
f 9405 8601 8607
f 8191 8192 8597
f 9089 9092 9381
f 9042 9057 9039
f 9057 9042 9044
f 8607 8606 9405
f 9501 9498 9064
f 8160 8159 9506
f 9044 9049 9057
f 8601 9405 8608
f 9090 9089 9388
f 9072 9070 8153
f 9085 8605 8159
f 8153 9070 8152
f 9381 9388 9089
f 8602 9508 8605
f 9498 8583 9064
f 8153 8154 9072
f 9508 9507 8605
f 9064 9066 9501
f 9509 9508 9510
f 7670 9512 9513
f 9511 7996 8296
f 7671 8294 9514
f 7670 8295 9512
f 8921 8293 8298
f 8921 9514 7658
f 7658 8293 8921
f 9513 8296 7670
f 7996 8297 8296
f 8294 7658 9514
f 8296 9513 9511
f 9514 9512 7671
f 8298 7667 8921
f 9512 8295 7671
f 7667 8297 7996
f 7996 8921 7667
f 9516 9513 9512
f 9512 9515 9516
f 8921 9517 9514
f 9518 9514 9517
f 9517 8383 9518
f 9519 8917 8921
f 8921 7996 9519
f 9520 9512 9514
f 9514 9518 9520
f 9513 9516 9511
f 9519 9511 9516
f 9516 9521 9519
f 9515 9512 9521
f 9521 9516 9515
f 9520 9521 9512
f 9521 9520 9518
f 9521 9518 9523
f 9518 9524 8211
f 8211 9523 9518
f 9518 8383 9525
f 9526 9518 9525
f 8383 9517 8921
f 8917 9519 8930
f 7996 9511 9519
f 9519 9521 9522
f 7679 8281 9530
f 7998 9527 8281
f 8282 7679 9530
f 8281 8285 7998
f 8283 7686 9529
f 8285 7678 7998
f 8281 9527 9530
f 9530 9528 8282
f 9528 7686 8282
f 9529 8745 7684
f 7684 8283 9529
f 9528 9529 7686
f 8284 7684 8745
f 7678 8286 8745
f 8286 8284 8745
f 8745 7998 7678
f 9528 9530 9531
f 9528 9531 9532
f 9533 8745 9529
f 9534 8424 9533
f 9533 9529 9534
f 9534 9529 9528
f 9528 9535 9534
f 9536 7998 8745
f 8745 8744 9536
f 9527 9531 9530
f 9537 9538 9531
f 9531 9527 9537
f 8745 9533 8424
f 8747 9536 8744
f 9527 7998 9537
f 9536 9537 7998
f 9537 9540 9538
f 9528 9538 9535
f 9532 9531 9538
f 9528 9532 9538
f 8215 9541 9534
f 9534 9535 9542
f 9542 8215 9534
f 9539 9534 9543
f 9539 8424 9534
f 8104 8103 9317
f 8103 9198 9317
f 8100 9302 8775
f 8101 9303 9302
f 8101 9312 8102
f 9302 8100 8101
f 8102 9303 8101
f 8775 8099 8100
f 8104 9312 8102
f 8210 8209 8350
f 9169 8091 8092
f 8093 8097 9294
f 8092 9277 9269
f 9277 8092 8093
f 8097 8098 9281
f 8098 8099 8773
f 8092 9267 9178
f 9281 9294 8097
f 9269 9267 8092
f 8773 9281 8098
f 8099 8774 8773
f 8081 8554 8801
f 8081 8812 8811
f 8081 9015 8812
f 8083 8086 9025
f 8091 9336 9143
f 8801 8799 8081
f 8090 9128 9125
f 9143 9139 8091
f 9544 8511 8536
f 9544 8961 8957
f 8086 8087 9028
f 8090 9036 9035
f 8957 8511 9544
f 8073 9544 8072
f 8073 8074 8988
f 8811 8554 8081
f 8571 8569 9015
f 8086 9026 9025
f 8087 9029 9028
f 8089 9034 8088
f 9035 8089 8090
f 9326 8090 9122
f 9249 9336 8091
f 9250 9158 8091
f 8484 9544 8479
f 9544 8073 8961
f 8075 8076 8987
f 8558 8554 8553
f 8569 8749 9015
f 8571 9015 8574
f 9028 9026 8086
f 8090 9050 9036
f 9125 9122 8090
f 9158 9249 8091
f 8485 8479 9544
f 8989 8076 8077
f 8078 9001 8077
f 8078 8079 8999
f 8080 8996 8997
f 8811 8557 8554
f 9055 8090 9118
f 9326 9118 8090
f 9121 9119 9326
f 8090 9139 9128
f 8484 8932 9544
f 9544 8942 8485
f 8536 8942 9544
f 8504 8536 8511
f 8999 9001 8078
f 8996 8080 8081
f 8541 8081 8799
f 9015 8081 8083
f 9034 9031 8088
f 9055 9050 8090
f 9326 9122 9121
f 9139 8090 8091
f 8079 8997 8999
f 8541 8538 8081
f 8539 8799 8546
f 9029 8087 9031
f 9142 9143 9336
f 9158 9246 9249
f 9545 8072 8483
f 8997 8079 8080
f 8558 8801 8554
f 9031 8087 8088
f 9157 9158 9250
f 9545 9544 8072
f 8749 8812 9015
f 9126 9125 9128
f 8214 8072 9546
f 8539 8541 8799
f 8555 8557 8811
f 8072 9544 9546
f 8932 8072 9544
f 9522 9547 9548
f 9548 9519 9522
f 9519 8483 8482
f 8482 8483 8453
f 9519 8482 8930
f 8213 8214 9521
f 8211 8213 9523
f 9524 8209 8211
f 8209 8349 8348
f 9524 8349 8209
f 9526 9549 9518
f 8366 8358 9550
f 8358 8359 9550
f 9550 9525 8366
f 8917 8383 9525
f 8369 8366 9525
f 8359 8361 9550
f 8371 8383 8372
f 9550 8361 8362
f 8370 8369 9525
f 9525 9549 9526
f 9525 8383 8370
f 8383 8371 8370
f 8113 8633 8617
f 8113 8616 9413
f 8617 8616 8113
f 8126 8848 8851
f 8105 8109 9384
f 8110 9385 8109
f 8112 9402 9404
f 8114 8119 8885
f 8119 8120 8884
f 8110 9386 9385
f 9404 8111 8112
f 9401 8112 8113
f 8884 8885 8119
f 8121 8886 8882
f 8876 8125 8126
f 8105 9098 9099
f 9401 9402 8112
f 8826 8114 8634
f 8114 8652 8649
f 8120 8882 8884
f 8122 8886 8121
f 8122 8123 8875
f 8105 9260 9233
f 9264 9098 8105
f 9404 9396 8111
f 8114 8837 8838
f 8882 8120 8121
f 8103 9372 9215
f 9372 8105 9226
f 8105 9375 9259
f 9099 9263 8105
f 9384 9264 8105
f 8616 8615 9413
f 8114 8836 8634
f 8649 8837 8114
f 8873 8123 8124
f 9372 9256 9215
f 9259 9260 8105
f 9386 8110 9396
f 8838 8836 8114
f 8650 8652 8114
f 9538 9540 9551
f 9540 9537 9552
f 9215 9212 8103
f 9233 9226 8105
f 9263 9375 8105
f 9396 8110 8111
f 8114 8826 8827
f 8836 8647 8635
f 9552 9551 9540
f 9372 8103 8105
f 8113 8827 8825
f 8127 8465 8704
f 8127 8910 8748
f 9259 9240 9260
f 8827 8113 8114
f 8635 8634 8836
f 8748 8465 8127
f 9228 9226 9233
f 9261 9259 9375
f 8648 8837 8649
f 8682 8683 8750
f 9243 9375 9110
f 8683 8678 8750
f 8704 8126 8127
f 8439 9537 8734
f 8747 8734 9536
f 8103 9212 9252
f 9256 9219 9215
f 8825 8633 8113
f 8126 8678 8848
f 8704 8750 8126
f 8127 9554 9553
f 9538 9554 8127
f 8439 8127 9555
f 9537 9536 8734
f 9243 9261 9375
f 8678 8126 8750
f 9252 9251 8103
f 9253 9219 9256
f 9203 8103 9251
f 8216 9535 9538
f 8216 9542 9535
f 9553 9555 8127
f 9555 9537 8439
f 9538 8127 8216
f 8720 8731 8721
f 8721 8731 9556
f 8724 8723 8721
f 8217 8219 8706
f 8219 8707 8705
f 8705 8706 8219
f 9534 9557 9543
f 9541 8215 8217
f 8730 8427 8424
f 8732 8424 9539
f 9539 8733 8732
f 9543 9557 9539
f 8729 9539 8731
f 9539 8729 8733
f 8424 8732 8730
f 9542 8216 8215
f 8348 8350 8209
f 9521 9523 8213
f 8775 8774 8099
f 8707 8219 8218
f 9561 9538 9551
f 9547 9522 9521
f 9563 9547 9521
f 9524 9566 9567
f 9567 8349 9524
f 9518 9525 9565
f 9525 9518 9549
f 9565 9568 9514
f 9514 9518 9565
f 8349 9550 8362
f 9564 9550 8349
f 8349 8351 9569
f 9569 9564 8349
f 9550 9569 9568
f 9568 9525 9550
f 9519 9545 8483
f 9519 8922 9570
f 9570 9545 9519
f 9546 9521 8214
f 9521 9546 9571
f 9571 9516 9521
f 9548 9547 9563
f 9519 9548 9563
f 9563 9516 9572
f 9572 9519 9563
f 9562 9554 9538
f 9538 9531 9573
f 9573 9562 9538
f 9537 9555 9574
f 9574 8739 9537
f 9552 9561 9551
f 9552 9537 9561
f 9561 9537 9575
f 9575 9531 9561
f 9534 9559 9539
f 9557 9534 9539
f 9534 9529 9576
f 9576 9559 9534
f 8706 9560 9541
f 8217 8706 9541
f 8706 8714 9577
f 9577 9560 8706
f 9539 9556 8731
f 9539 9576 9578
f 9578 9556 9539
f 8724 9556 8706
f 9556 9558 8706
f 8721 9556 8724
f 9558 9578 8714
f 8714 8706 9558
f 9565 9525 9568
f 9579 9566 9524
f 9514 9579 9524
f 9514 9524 9518
f 9514 9580 9579
f 9566 9579 9580
f 9566 9580 8351
f 8351 9567 9566
f 8349 9567 8351
f 9580 9514 9568
f 9580 9568 9569
f 9569 8351 9580
f 9569 9550 9564
f 9546 9544 9571
f 9544 9570 9571
f 9570 9544 9545
f 9563 9521 9516
f 9516 9511 9572
f 8922 9511 9516
f 9516 9570 8922
f 9570 9516 9571
f 9511 8922 9519
f 9519 9572 9511
f 9558 9556 9578
f 9576 9539 9559
f 9576 9529 9581
f 8714 9578 9576
f 9581 8714 9576
f 9577 9541 9560
f 9534 9541 9529
f 9582 9529 9541
f 9577 9582 9541
f 9581 9577 8714
f 9577 9529 9582
f 9529 9577 9581
f 9527 9575 9537
f 8739 9527 9537
f 9531 9575 9527
f 9531 9538 9561
f 9531 8739 9574
f 9574 9573 9531
f 8739 9531 9527
f 9573 9554 9562
f 9573 9553 9554
f 9573 9574 9553
f 9555 9553 9574
f 7436 7437 9583
f 9583 7438 7436
f 9584 9585 9586
f 9587 9584 9588
f 9589 9587 9590
f 7437 9589 9591
f 9591 9583 7437
f 9590 9591 9589
f 9588 9590 9587
f 9586 9588 9584
f 9585 9592 9593
f 9593 9586 9585
f 9593 9592 9594
f 9598 9597 9599
f 9594 9598 9601
f 9600 9601 9598
f 9599 9600 9598
f 9595 9599 9597
f 9596 9595 9602
f 9602 9603 9596
f 9604 9586 9593
f 9592 9604 9593
f 7439 7438 9583
f 9605 9588 9586
f 9606 9590 9588
f 9607 7439 9583
f 9600 9599 9595
f 9586 9604 9605
f 9588 9605 9606
f 9608 9607 9591
f 9606 9608 9590
f 9583 9591 9607
f 9591 9590 9608
f 7433 7413 7436
f 7413 7437 7436
f 9609 9589 7437
f 9584 9592 9585
f 9608 9587 9589
f 9587 9608 9610
f 9611 9612 9597
f 9602 9595 9613
f 9589 9609 9608
f 9595 9597 9612
f 9584 9587 9610
f 9597 9598 9611
f 7433 7438 7439
f 7439 7437 7413
f 7439 7413 7433
f 9602 9613 9596
f 9612 9600 9595
f 9596 9613 9595
f 9600 9612 9611
f 9600 9611 9598
f 7437 7439 9607
f 9609 9607 9608
f 9610 9606 9605
f 9584 9605 9604
f 9604 9592 9584
f 9605 9584 9610
f 9606 9610 9608
f 9607 9609 7437
f 7433 7428 7427
f 7438 7435 7433
f 7438 9614 7436
f 7435 7433 7436
f 7427 7438 7433
f 7427 9614 7438
f 9602 9618 9616
f 9618 9602 9603
f 9603 9617 9618
f 9615 9603 9602
f 9603 9615 9617
f 7436 9614 9615
f 9615 9602 7436
f 9614 7427 9617
f 9617 9615 9614
f 7428 7433 9618
f 9618 9617 7428
f 7436 9602 9616
f 9616 7435 7436
f 9616 7433 7435
f 9616 9618 7433
f 9617 7427 7428
f 7416 9619 7447
f 7432 7416 7447
f 7445 7432 7446
f 7447 7446 7432
f 9620 9621 9622
f 9624 9623 9625
f 9619 9624 9626
f 9626 7447 9619
f 9625 9626 9624
f 9620 9625 9623
f 9621 9627 9629
f 9629 9622 9621
f 9628 9629 9627
f 9630 9631 9628
f 9628 9627 9630
f 9635 9632 9634
f 9630 9636 9631
f 9637 9631 9636
f 9635 9637 9636
f 9633 9634 9632
f 9633 9632 9638
f 9638 9639 9633
f 7446 9641 7418
f 7446 7418 7430
f 9631 9629 9628
f 9640 9622 9629
f 7430 7445 7446
f 7447 9641 7446
f 9642 9620 9622
f 9643 9625 9620
f 9637 9635 9634
f 9622 9640 9642
f 9620 9642 9643
f 9645 9644 9626
f 9643 9645 9625
f 7447 9626 9644
f 9626 9625 9645
f 7432 7445 9641
f 9641 9619 7416
f 9627 9621 9640
f 7416 7432 9641
f 9644 9624 9619
f 9646 9647 9620
f 9647 9640 9621
f 9619 9641 9644
f 9648 9623 9624
f 9623 9648 9646
f 9637 9649 9635
f 9624 9644 9648
f 9621 9620 9647
f 9632 9635 9649
f 9620 9623 9646
f 7445 7430 7418
f 7418 9641 7445
f 9649 9637 9634
f 9634 9632 9649
f 9631 9630 9627
f 9627 9629 9631
f 9641 7447 9644
f 9648 9645 9643
f 9646 9643 9642
f 9647 9642 9640
f 9642 9647 9646
f 9643 9646 9648
f 9645 9648 9644
f 9629 9627 9640
f 7430 7445 7421
f 7445 7432 7421
f 9638 9650 9639
f 9653 9638 9639
f 9653 9651 9638
f 9652 9653 9639
f 9651 9650 9638
f 7432 7446 9639
f 9639 9650 7432
f 7446 7430 9652
f 9652 9639 7446
f 7430 7421 9653
f 7432 9650 9651
f 9651 7421 7432
f 7421 9651 9653
f 7430 9653 9652
f 9654 9655 9656
f 9656 9657 9654
f 9659 9658 9660
f 9661 9660 9662
f 9660 9661 9659
f 9663 9664 9661
f 9661 9662 9663
f 9666 9665 9663
f 9663 9665 9664
f 9669 9668 9670
f 9670 9663 9669
f 9668 9669 9667
f 9654 9664 9671
f 9666 9671 9664
f 9672 9659 9664
f 9664 9663 9672
f 9673 9658 9659
f 9672 9673 9659
f 9659 9658 9656
f 9656 9657 9659
f 9674 9656 9655
f 9663 9662 9672
f 9662 9660 9673
f 9658 9673 9660
f 9673 9672 9662
f 9658 9659 9657
f 9657 9656 9658
f 9659 9661 9664
f 9665 9666 9664
f 9654 9657 9674
f 9674 9655 9654
f 9656 9674 9657
f 9654 9663 9664
f 9655 9676 9675
f 9669 9663 9654
f 9676 9655 9654
f 9654 9667 9669
f 9655 9675 9677
f 9667 9654 9655
f 9677 9667 9655
f 9668 9666 9663
f 9668 9671 9666
f 9678 9671 9668
f 9668 9663 9670
f 9679 9675 9678
f 9678 9668 9679
f 9675 9676 9678
f 9667 9677 9668
f 9677 9675 9679
f 9679 9668 9677
f 9676 9671 9678
f 9671 9676 9654
f 9680 9681 9682
f 9682 9683 9680
f 9684 9685 9683
f 9683 9682 9684
f 9685 9684 9686
f 9687 9686 9688
f 9686 9687 9685
f 9689 9690 9688
f 9689 9691 9690
f 9689 9692 9691
f 9680 9690 9693
f 9691 9693 9690
f 9690 9689 9694
f 9694 9684 9685
f 9685 9684 9682
f 9682 9683 9685
f 9695 9682 9681
f 9689 9688 9694
f 9688 9686 9694
f 9686 9684 9694
f 9680 9683 9695
f 9694 9688 9690
f 9694 9685 9687
f 9694 9687 9688
f 9695 9681 9680
f 9695 9683 9682
f 9680 9689 9690
f 9681 9697 9696
f 9697 9681 9680
f 9680 9681 9689
f 9681 9691 9692
f 9681 9693 9691
f 9698 9693 9681
f 9681 9692 9689
f 9696 9699 9698
f 9698 9681 9696
f 9696 9697 9698
f 9697 9693 9698
f 9693 9697 9680
f 9704 9702 9703
f 9701 9702 9704
f 9703 9705 9704
f 9702 9701 9700
f 9700 9708 9702
f 9709 9708 9700
f 9700 9707 9709
f 9710 10129 10130
f 9710 9711 10129
f 10129 9711 9712
f 10129 9712 9713
f 10132 9716 9717
f 10132 9713 9716
f 9715 9710 10130
f 10130 10131 9715
f 9714 10131 10132
f 10132 10129 9713
f 9717 9714 10132
f 9714 9715 10131
f 10133 9794 9795
f 10134 9797 10135
f 10136 10137 9831
f 10138 9831 9832
f 10139 9833 9834
f 10140 10133 10141
f 10142 10134 10143
f 10144 10145 10062
f 10146 10062 10147
f 10148 10136 10138
f 10149 10138 10150
f 10151 10139 10152
f 10153 10154 10155
f 9718 9719 10156
f 10157 10158 9720
f 10157 9723 9722
f 9722 9725 10159
f 9722 10159 10157
f 10158 10156 9727
f 10156 9721 9724
f 9725 9721 10159
f 10158 9728 9726
f 9724 9727 10156
f 9726 9720 10158
f 9727 9728 10158
f 9720 9723 10157
f 9730 9658 9659
f 9659 9729 9730
f 9730 9673 9658
f 10160 9732 9661
f 10161 9661 9732
f 9729 9733 9731
f 9730 10160 9734
f 9661 9660 10160
f 9659 9733 9729
f 9660 9734 10160
f 9734 9673 9730
f 9732 10160 10161
f 9731 9661 10161
f 9735 9718 10158
f 10163 9709 9707
f 9702 10163 10162
f 9707 9706 10157
f 10163 9708 9709
f 10158 9706 9705
f 9707 10157 10163
f 10162 9705 9703
f 9703 9702 10162
f 9702 9708 10163
f 9705 10162 10158
f 9736 9737 9738
f 9738 9730 9736
f 9736 9739 9737
f 10160 9740 9742
f 9730 9738 9740
f 9736 10164 9741
f 10164 9742 9741
f 9741 9739 9736
f 9742 10164 10160
f 10155 10154 9743
f 10154 9744 9743
f 10154 9835 9744
f 9745 9746 10155
f 10165 10155 9747
f 9747 9748 10165
f 9694 9749 9729
f 9687 9750 9751
f 9687 9752 9753
f 9729 10161 9754
f 10161 9755 9688
f 9756 9688 9755
f 9756 9687 9688
f 9753 9750 9687
f 9687 9751 9749
f 9694 9685 9749
f 9729 9757 9684
f 9749 9685 9687
f 9684 9694 9729
f 10161 9686 9754
f 9688 9686 10161
f 9687 9756 9752
f 9755 10161 9756
f 9754 9757 9729
f 10128 10164 9758
f 10164 9759 9758
f 10164 9760 9761
f 9761 9759 10164
f 10164 9762 9760
f 10164 9736 9762
f 10166 9764 9763
f 10163 9765 9766
f 10163 9769 9765
f 9768 10163 9767
f 9768 9769 10163
f 10162 9766 9770
f 9770 9771 10162
f 10156 9719 9772
f 9772 9773 10156
f 9774 9777 10159
f 9776 9779 9775
f 9778 9780 10159
f 10159 10156 9781
f 9773 9782 9783
f 9779 9784 9775
f 9774 9775 9777
f 10159 9781 9778
f 10156 9783 9785
f 9775 9782 9773
f 9780 9774 10159
f 10156 9786 9781
f 10156 9785 9786
f 10156 9773 9783
f 9773 9776 9775
f 10167 9787 9788
f 9789 9787 10167
f 10168 9790 9791
f 10168 9788 9790
f 9794 9792 9793
f 10135 9797 9798
f 9799 9801 9800
f 9801 9804 9800
f 9800 10169 9805
f 9802 9806 9803
f 9801 9802 9804
f 9807 10169 9800
f 9802 9801 9806
f 9805 9799 9800
f 9803 9808 9802
f 9803 10135 9808
f 10135 9809 9810
f 9800 9811 9807
f 9812 9808 10135
f 10170 10135 9803
f 9810 9814 10135
f 9809 9807 9811
f 9813 10169 10170
f 10170 9815 9816
f 9809 9811 9810
f 9816 9813 10170
f 10170 9803 9815
f 9814 9812 10135
f 9813 9805 10169
f 10169 9807 9817
f 10130 9818 9819
f 10137 10132 9820
f 10137 9820 9822
f 9821 9823 10137
f 10137 9824 9821
f 10132 9825 9820
f 9822 9824 10137
f 9826 9825 10132
f 9829 10131 9828
f 9828 9823 9829
f 9823 9821 9829
f 9827 10132 10131
f 9829 9827 10131
f 9827 9826 10132
f 9830 9831 10137
f 10137 9823 9830
f 9837 9838 9839
f 9840 9841 10160
f 9841 9842 10161
f 9843 9844 9845
f 9845 9846 9843
f 10165 9844 9847
f 9845 9756 9846
f 9756 9848 9849
f 9843 9847 9844
f 9849 9850 9756
f 10161 9842 9851
f 9850 9846 9756
f 9851 9756 10161
f 9851 9848 9756
f 10153 10165 9852
f 9852 9853 10153
f 10165 9854 9855
f 9855 9852 10165
f 9856 10171 10153
f 9857 10151 10171
f 9858 10172 10151
f 9859 10149 10172
f 9860 10148 10149
f 9861 10173 10148
f 9862 10174 10173
f 9863 10146 10174
f 9864 10144 10146
f 9865 10175 10144
f 9866 10142 10175
f 9867 10176 10142
f 9868 10177 10176
f 9869 10140 10177
f 10140 9869 9870
f 10167 9871 9872
f 9870 10167 10140
f 9870 9871 10167
f 9789 9873 9874
f 10167 9875 9876
f 9789 9877 9873
f 9876 9789 10167
f 9876 9877 9789
f 9878 9879 9789
f 9777 9879 9878
f 10159 9777 9880
f 9878 9881 9777
f 9777 9882 9880
f 9881 9882 9777
f 10157 10159 9883
f 10163 10157 9884
f 10163 9885 9886
f 10163 9887 9885
f 9886 9767 10163
f 9767 9889 9888
f 9886 9889 9767
f 10166 9893 9894
f 9892 9888 9897
f 9896 10166 9895
f 10166 9888 9900
f 9890 9903 9891
f 9896 9895 9904
f 10166 9899 9893
f 9896 9899 10166
f 9900 9907 10166
f 9892 9897 9901
f 9891 9903 9905
f 9894 9908 10166
f 9907 9906 10166
f 9902 9909 9910
f 9906 9895 10166
f 9892 9900 9888
f 9890 9910 9909
f 9908 9911 9764
f 9911 9908 9912
f 9912 9913 9911
f 9914 9915 9916
f 9917 9913 9918
f 9912 9914 9916
f 9919 9915 9914
f 9919 10178 9917
f 9913 9920 9918
f 9912 9916 9922
f 9913 9921 9920
f 9914 10178 9919
f 9921 9913 9912
f 9912 9923 9921
f 9918 9919 9917
f 9926 9924 9927
f 9925 9928 9924
f 9925 10179 9929
f 9931 10178 9932
f 9929 9930 9925
f 9931 9933 9930
f 9932 10178 9926
f 9928 9927 9924
f 9924 10179 9925
f 9930 9929 9931
f 9932 9933 9931
f 9926 9934 9932
f 9927 9934 9926
f 9935 9936 9937
f 9937 10179 9935
f 9938 9939 9940
f 9941 9939 9938
f 9941 10180 9942
f 9943 9938 9940
f 9936 9944 9946
f 9944 9936 9943
f 9943 9947 9944
f 9938 10180 9941
f 9936 9948 9945
f 9940 9947 9943
f 9943 9949 9947
f 9945 9942 9936
f 9946 9948 9936
f 9945 9941 9942
f 9950 9951 9952
f 9954 9951 9953
f 9955 10180 9956
f 9951 9954 9957
f 9955 9954 9953
f 9953 10180 9955
f 9956 9958 9955
f 9951 9959 9952
f 9956 9950 9958
f 9953 9955 9961
f 9960 9958 9950
f 9957 9959 9951
f 9952 9960 9950
f 9950 9962 9963
f 9964 9963 9962
f 9965 9966 9964
f 9967 9968 9969
f 9969 9968 9966
f 9966 9965 9970
f 9966 9970 9969
f 9973 9974 9975
f 9975 9976 9973
f 9976 9975 9977
f 9978 9972 9979
f 9972 9967 9971
f 9967 9969 9980
f 9981 9969 9982
f 9983 9984 9985
f 9987 9974 9973
f 9971 9979 9972
f 9982 9984 9981
f 9989 9985 9984
f 9985 9986 9983
f 9986 9990 9983
f 9976 9977 9988
f 9978 9979 9988
f 9980 9971 9967
f 9973 9983 9987
f 9984 9982 9989
f 9990 9987 9983
f 9981 9980 9969
f 9979 9976 9988
f 9991 10181 9992
f 9993 9987 9991
f 9992 9993 9991
f 9994 9995 9996
f 9996 9997 9994
f 9996 9998 10000
f 9999 9998 9996
f 9995 10001 9999
f 9996 9995 9999
f 10006 10182 10002
f 9995 10004 10005
f 10004 10182 10006
f 10002 9996 10000
f 10005 10001 9995
f 10006 10005 10004
f 10002 10007 10003
f 10002 10003 10006
f 10000 10007 10002
f 10011 10012 10013
f 10183 10014 10011
f 10014 10015 10011
f 10008 10184 10010
f 10184 10016 10010
f 10016 10013 10017
f 10013 10183 10011
f 10009 10018 10014
f 10009 10014 10008
f 10008 10010 10009
f 10017 10019 10016
f 10018 10015 10014
f 10019 10010 10016
f 10013 10012 10017
f 10020 10183 10021
f 10022 10023 10020
f 7495 10023 7497
f 10024 7500 10025
f 7500 10024 7495
f 10023 7510 7497
f 10023 10022 7499
f 7495 7498 7500
f 10022 10024 10026
f 7501 7499 10022
f 10026 7501 10022
f 7499 7510 10023
f 10024 10025 10026
f 10027 10128 10028
f 10029 7495 10024
f 10028 10030 10027
f 10030 10029 10027
f 10128 10027 10031
f 10031 10032 10128
f 10033 10034 10035
f 10164 10128 10036
f 10037 10128 10038
f 10036 10039 10164
f 10032 10038 10128
f 10044 10128 10045
f 10040 10038 10041
f 10045 10033 10035
f 10044 10036 10128
f 10128 10037 10045
f 10038 10040 10037
f 10046 9838 10047
f 9837 10048 10049
f 10035 10044 10045
f 10040 10041 10047
f 10039 9840 10164
f 10050 10049 10048
f 9817 10051 10052
f 10051 10053 10052
f 10169 9817 10052
f 10170 10169 10054
f 10055 10057 10170
f 10056 10062 10145
f 10145 10170 10056
f 10170 10058 10055
f 10057 10056 10170
f 10129 10059 10060
f 10061 10147 10062
f 10061 10129 10147
f 10129 10061 10059
f 10063 10064 10130
f 10065 10053 10051
f 10065 9818 10130
f 10130 10064 10065
f 10051 9818 10065
f 10066 10184 10067
f 10069 10070 10071
f 10067 10072 10073
f 10066 10069 10068
f 10067 10073 10066
f 10071 10068 10069
f 10074 10075 10072
f 10068 10184 10066
f 10072 10067 10074
f 10076 10077 10078
f 10077 10079 10078
f 10074 10076 10075
f 10076 10078 10075
f 10077 10080 10079
f 10071 10069 10080
f 10076 10182 10077
f 10080 10077 10071
f 10081 10082 10173
f 10081 10173 10174
f 10174 10147 10083
f 10083 10081 10174
f 10147 10129 10084
f 10132 10085 10086
f 10084 10083 10147
f 10129 10132 10086
f 10132 10082 10085
f 10082 10132 10185
f 10129 10086 10084
f 10153 10171 10087
f 10171 10089 10087
f 10153 10087 10088
f 10171 10152 10089
f 9835 10154 10088
f 10090 9834 9835
f 9834 10092 10089
f 10088 10091 9835
f 10090 10092 9834
f 10089 10152 9834
f 10091 10090 9835
f 10151 10172 10093
f 10172 10150 10094
f 10172 10094 10093
f 9832 9833 10095
f 9833 10093 10095
f 10095 10096 9832
f 10093 9833 10139
f 10150 9832 10096
f 10096 10094 10150
f 10173 10098 10097
f 10097 10148 10173
f 10097 10099 10148
f 10173 10185 10098
f 10137 10136 10099
f 10132 10137 10100
f 10099 10101 10137
f 10137 10101 10100
f 10132 10102 10098
f 10100 10102 10132
f 10098 10185 10132
f 10103 10175 10104
f 10175 10105 10104
f 10103 10106 10144
f 10107 10108 10103
f 10175 10143 10105
f 10104 10107 10103
f 10103 10144 10175
f 10170 10145 10106
f 10143 10135 10109
f 10107 10110 10108
f 10110 10111 10112
f 10170 10113 10114
f 10106 10113 10170
f 10109 10105 10143
f 10112 10109 10135
f 10112 10135 10114
f 10107 10111 10110
f 10114 10110 10112
f 10135 10170 10114
f 10177 10141 10115
f 10115 10176 10177
f 10176 10115 10116
f 10116 10142 10176
f 10117 10118 9796
f 10116 10117 9797
f 10117 9796 9797
f 10116 9797 10134
f 9795 10118 10115
f 9795 9796 10118
f 10115 10141 9795
f 10140 10167 10119
f 10167 10168 10121
f 10140 10119 10120
f 10121 10119 10167
f 10121 10168 10122
f 10168 9791 10122
f 10123 10122 9792
f 9792 10124 10123
f 10124 9792 9794
f 10120 9794 10133
f 10122 10123 10121
f 10120 10125 9794
f 9794 10125 10124
f 10120 10133 10140
f 10116 10134 10142
f 10106 10145 10144
f 10099 10136 10148
f 10093 10139 10151
f 10088 10154 10153
f 10082 10185 10173
f 10130 10129 10063
f 10060 10063 10129
f 10054 10058 10170
f 10052 10054 10169
f 10024 10027 10029
f 10021 10022 10020
f 10021 10183 10013
f 10016 10184 10068
f 10077 10182 10004
f 9997 10181 9994
f 9994 10181 9991
f 9993 9974 9987
f 9962 9965 9964
f 9963 9951 9950
f 9956 10180 9938
f 9935 9943 9936
f 9935 10179 9924
f 9926 10178 9914
f 9922 9923 9912
f 9764 10166 9908
f 9888 10166 9767
f 9884 9887 10163
f 9883 9884 10157
f 9880 9883 10159
f 9874 9878 9789
f 9872 9875 10167
f 10177 9868 9869
f 10176 9867 9868
f 10142 9866 9867
f 10175 9865 9866
f 10144 9864 9865
f 10146 9863 9864
f 10174 9862 9863
f 10173 9861 9862
f 10148 9860 9861
f 10149 9859 9860
f 10172 9858 9859
f 10151 9857 9858
f 10171 9856 9857
f 10153 10126 9856
f 9853 10126 10153
f 9847 9854 10165
f 10161 10160 9841
f 10160 10164 9840
f 9836 9744 9835
f 9828 10131 9819
f 9819 10131 10130
f 9798 9809 10135
f 9788 10168 10167
f 9784 9777 9775
f 9772 10127 9773
f 9771 9735 10162
f 9766 10162 10163
f 9763 9767 10166
f 9917 10178 9931
f 9929 10179 9937
f 9942 10180 9953
f 9992 10181 9997
f 10002 10182 10076
f 10067 10184 10008
f 10014 10183 10020
f 9748 9844 10165
f 9746 9747 10155
f 9743 9745 10155
f 9740 10160 9730
f 9706 10158 10157
f 10158 10162 9735
f 9731 10161 9729
f 9721 10156 10159
f 10156 10158 9718
f 10155 10165 10153
f 10152 10171 10151
f 10150 10172 10149
f 10138 10149 10148
f 10147 10174 10146
f 10062 10146 10144
f 10143 10175 10142
f 10141 10177 10140
f 9834 10152 10139
f 9832 10150 10138
f 9831 10138 10136
f 10135 10143 10134
f 9795 10141 10133
f 9904 10187 9896
f 10186 9890 9909
f 10188 10189 10064
f 10064 10063 10188
f 10189 10065 10064
f 10063 10060 10188
f 10190 10058 10054
f 10190 10055 10058
f 10054 10191 10190
f 10054 10052 10191
f 10192 10193 10053
f 10193 10052 10053
f 10053 10065 10192
f 10188 10061 10062
f 10062 10190 10188
f 10062 10056 10190
f 10194 10192 10065
f 10189 10192 10065
f 10196 10195 10065
f 10065 10194 10197
f 10197 10196 10065
f 10195 10197 10194
f 10194 10065 10195
f 10194 10197 10192
f 10197 10192 10196
f 10192 10189 10196
f 10197 10195 10196
f 10193 10191 10052
f 10198 10193 10052
f 10199 10191 10193
f 10199 10193 10200
f 10201 10199 10052
f 10052 10198 10200
f 10200 10201 10052
f 10052 10199 10200
f 10198 10200 10193
f 10196 10199 10193
f 10193 10192 10196
f 10199 10201 10200
f 10202 10190 10056
f 10203 10190 10204
f 10203 10056 10202
f 10056 10057 10202
f 10202 10204 10203
f 10202 10204 10190
f 10190 10057 10055
f 10057 10190 10202
f 10205 10188 10059
f 10060 10059 10188
f 10206 10188 10207
f 10061 10205 10207
f 10207 10206 10061
f 10206 10207 10205
f 10205 10061 10206
f 10205 10059 10061
f 10205 10207 10188
f 10061 10188 10205
f 10203 10206 10188
f 10188 10190 10203
f 9793 9798 9795
f 9795 9794 9793
f 9798 9796 9795
f 9798 9797 9796
f 9776 10127 10208
f 9779 9776 10209
f 10210 9784 9779
f 10211 9787 9788
f 10212 9791 10211
f 10213 10122 9791
f 9790 10211 9791
f 9773 10127 9776
f 9784 9879 9777
f 9789 9879 9787
f 9788 9787 9790
f 9792 10122 9793
f 10211 9790 9787
f 10214 9798 9793
f 9793 10215 10214
f 10214 10216 9798
f 10215 9793 10122
f 10122 10217 10215
f 10217 10213 9791
f 9791 10218 10217
f 10219 10218 10211
f 10218 10212 10211
f 10220 10219 9787
f 10219 9788 9787
f 10220 9879 9784
f 9784 10221 10220
f 10221 10210 9779
f 9779 10222 10221
f 10223 10222 9776
f 10222 10209 9776
f 10224 10223 10127
f 10223 10208 10127
f 10127 9772 10224
f 9776 10208 10223
f 9779 10209 10222
f 9784 10210 10221
f 9787 9879 10220
f 10211 9788 10219
f 9791 10212 10218
f 10122 10213 10217
f 9772 9719 9718
f 9718 9771 9772
f 9718 9735 9771
f 10225 10224 9772
f 9772 9771 10225
f 9763 9764 10226
f 9765 9769 10227
f 10228 9770 9765
f 9767 9763 9768
f 9765 9770 9766
f 10225 9771 9770
f 9770 10229 10225
f 10230 10229 9765
f 10229 10228 9765
f 10230 9769 9768
f 9768 10231 10230
f 10230 10227 9769
f 10231 9768 9763
f 9763 10232 10231
f 10233 10232 9764
f 10232 10226 9764
f 9764 9911 10233
f 9763 10226 10232
f 9765 10227 10230
f 9770 10228 10229
f 9964 9951 9963
f 9964 9953 9951
f 9964 9911 9936
f 9936 9942 9964
f 9942 9953 9964
f 9911 9929 9937
f 9937 9936 9911
f 9911 9913 9917
f 9917 9931 9911
f 9931 9929 9911
f 9911 9964 10234
f 9964 10235 10234
f 9964 10236 10235
f 10234 10233 9911
f 9967 10237 9968
f 9993 9975 9974
f 9966 9968 9964
f 10237 9967 9972
f 10236 9964 9968
f 9968 10238 10236
f 10239 10238 10237
f 10238 9968 10237
f 10240 10239 9972
f 10240 9978 9988
f 9988 10241 10240
f 10242 10241 9977
f 10241 9988 9977
f 10243 10242 9975
f 9975 9993 10243
f 9977 9975 10242
f 9972 9978 10240
f 10237 9972 10239
f 10029 10023 7495
f 10029 10020 10023
f 10029 10008 10014
f 10029 10067 10008
f 10029 9993 10074
f 9993 10076 10074
f 10074 10067 10029
f 10014 10020 10029
f 9993 9997 9996
f 9996 10002 9993
f 10002 10076 9993
f 9993 9992 9997
f 9993 10244 10245
f 10029 10246 10244
f 10244 9993 10029
f 10245 10243 9993
f 9761 9760 10247
f 10248 9759 9761
f 10249 10030 10028
f 9758 10028 10128
f 10246 10029 10030
f 10030 10250 10246
f 10251 10250 10028
f 10250 10249 10028
f 10251 9758 9759
f 9759 10252 10251
f 10252 10248 9761
f 9761 10253 10252
f 10254 10253 9760
f 10253 10247 9760
f 9760 9762 10254
f 9761 10247 10253
f 9759 10248 10252
f 10028 9758 10251
f 10030 10249 10250
f 9762 9730 9729
f 9729 9749 9762
f 9762 9736 9730
f 10255 10254 9762
f 9762 9749 10255
f 9745 9743 10256
f 10257 10258 9745
f 9747 9748 10258
f 9753 9752 10259
f 10260 9750 9753
f 10261 9751 9750
f 9746 10258 9748
f 9836 9743 9744
f 9746 9748 9747
f 9748 9845 9844
f 9756 9845 9752
f 10258 9746 9745
f 10255 9749 9751
f 9751 10262 10255
f 10262 10261 9750
f 9750 10263 10262
f 10264 10263 9753
f 10263 10260 9753
f 10265 10264 9752
f 10264 10259 9752
f 10265 9845 9748
f 9748 10266 10265
f 10266 9747 10258
f 10258 10267 10266
f 10268 10267 9745
f 10267 10257 9745
f 10269 10268 9743
f 10268 10256 9743
f 9743 9836 10269
f 9745 10256 10268
f 10258 10257 10267
f 9748 9747 10266
f 9752 9845 10265
f 9753 10259 10264
f 9750 10260 10263
f 9751 10261 10262
f 9836 9834 9833
f 9833 9830 9836
f 9833 9832 9830
f 9832 9831 9830
f 9836 9835 9834
f 10269 9836 9830
f 9830 10270 10269
f 10271 10270 9830
f 9798 9817 9809
f 9807 9809 9817
f 9818 9830 9828
f 9828 9819 9818
f 9823 9828 9830
f 9817 9818 10051
f 9901 9897 10272
f 10272 9888 9889
f 10272 9889 9886
f 9888 10272 9897
f 9897 10272 10273
f 10272 9886 10273
f 10275 10274 9886
f 10274 10273 9886
f 10276 9896 10187
f 10276 10187 9904
f 10276 9904 9905
f 10278 9905 9891
f 10279 9891 9890
f 10280 9890 10186
f 10280 10186 9909
f 10281 9909 9902
f 10282 9902 9898
f 10283 9898 9901
f 10284 9901 9897
f 9897 10273 10284
f 9901 10284 10283
f 9898 10283 10282
f 9902 10282 10281
f 9909 10281 10280
f 9890 10280 10279
f 9891 10279 10278
f 9905 10278 10277
f 9905 10277 10276
f 9893 9899 10285
f 9899 9896 10286
f 10276 10286 9896
f 10286 10285 9899
f 9894 9893 10285
f 10285 10287 9894
f 9894 9970 9914
f 9914 9912 9894
f 9912 9908 9894
f 9970 9924 9926
f 9970 9943 9935
f 9970 9956 9938
f 9970 9950 9956
f 9970 9962 9950
f 9970 9965 9962
f 9938 9943 9970
f 9935 9924 9970
f 9926 9914 9970
f 9970 9894 10287
f 10287 10288 9970
f 9990 9986 10289
f 9986 9985 10290
f 9985 9989 10291
f 9989 9982 10292
f 9982 9969 10293
f 9969 9970 10288
f 10288 10293 9969
f 10293 10292 9982
f 10292 10291 9989
f 10291 10290 9985
f 10290 10289 9986
f 10289 10294 9990
f 9990 9994 9991
f 9990 9995 9994
f 9990 10004 9995
f 9990 10077 10004
f 9990 10031 10071
f 10031 10068 10071
f 10071 10077 9990
f 10031 10016 10068
f 10031 10021 10013
f 10013 10016 10031
f 9991 9987 9990
f 10031 10027 10024
f 10024 10022 10031
f 10022 10021 10031
f 9990 10294 10295
f 10295 10031 9990
f 10032 10031 10295
f 10295 10296 10032
f 10041 10038 10297
f 10038 10032 10296
f 10296 10297 10038
f 9838 10046 9839
f 9837 10299 10048
f 10301 10034 10043
f 10298 10047 10041
f 10300 10301 10043
f 10302 10300 10043
f 10303 10043 10042
f 10304 10042 10050
f 10305 10050 10048
f 10306 10048 10299
f 10307 10299 9837
f 10308 9837 9839
f 10308 9839 10046
f 10310 10046 10047
f 10311 10047 10298
f 10311 10298 10041
f 10041 10297 10311
f 10047 10311 10310
f 10046 10310 10309
f 10046 10309 10308
f 9837 10308 10307
f 10299 10307 10306
f 10048 10306 10305
f 10050 10305 10304
f 10042 10304 10303
f 10043 10303 10302
f 10300 10035 10034
f 10035 10300 10044
f 10034 10301 10300
f 10036 10044 10302
f 10044 10300 10302
f 10302 10312 10036
f 10312 10313 10036
f 10039 10036 10313
f 10313 10314 10039
f 10039 9851 9842
f 9842 9841 10039
f 9841 9840 10039
f 10314 10315 9851
f 9851 10039 10314
f 9847 9855 9854
f 10316 9843 9846
f 10319 9850 9849
f 10317 9847 10316
f 9846 10319 10318
f 9850 10319 9846
f 9843 10316 9847
f 10320 9853 9852
f 9852 10321 10320
f 10321 9852 9855
f 9855 10322 10321
f 10322 9854 9847
f 9847 10323 10322
f 10323 10317 10316
f 10316 10324 10323
f 10325 10324 9846
f 10324 10316 9846
f 10326 10325 10319
f 10325 10318 10319
f 10327 10326 9849
f 10326 10319 9849
f 10315 10327 9848
f 9848 9851 10315
f 9849 9848 10327
f 9846 10318 10325
f 9847 10317 10323
f 9855 9854 10322
f 9853 9857 9856
f 9853 9858 9857
f 9853 9859 9858
f 9853 9860 9859
f 9853 9861 9860
f 9853 9862 9861
f 9853 9870 9863
f 9863 9862 9853
f 9870 9864 9863
f 9870 9865 9864
f 9870 9866 9865
f 9870 9867 9866
f 9870 9868 9867
f 9870 9869 9868
f 9856 10126 9853
f 9886 9885 10328
f 10328 10275 9886
f 9885 9884 9883
f 9883 9880 9885
f 9885 9887 9884
f 10329 10328 9885
f 9885 9880 10329
f 10320 10330 9870
f 9870 9853 10320
f 10329 9880 9882
f 9882 10331 10329
f 10331 9882 9881
f 9881 10332 10331
f 9878 10333 10332
f 10333 10334 9873
f 9873 10335 10333
f 10336 10335 10337
f 10338 10336 10339
f 10336 10340 10339
f 10341 10338 9872
f 10330 10341 9871
f 9871 9870 10330
f 9872 9871 10341
f 10339 9872 10338
f 10337 10340 10336
f 9873 10337 10335
f 9878 10334 10333
f 9881 9878 10332
f 9874 9881 9878
f 9875 9872 9876
f 10339 9876 9872
f 10337 9877 10339
f 9878 9874 9873
f 10334 9878 9873
f 10337 10339 10340
f 9877 10337 9873
f 9876 10339 9877
f 9817 10342 10343
f 9817 9798 10344
f 10344 10342 9817
f 9798 10346 10344
f 9798 10347 10346
f 9798 10216 10347
f 10343 10345 9817
f 9830 10348 10349
f 9818 10350 10348
f 10348 9830 9818
f 10351 10352 9818
f 10352 10350 9818
f 10349 10271 9830
f 10353 10351 9818
f 10049 10354 9837
f 9838 9839 10047
f 10050 10354 10049
f 9897 9901 9898
f 9907 9900 9906
f 9946 9944 10355
f 9948 9946 10355
f 10355 9945 9948
f 9945 10356 10357
f 10357 9941 9945
f 9939 9941 10357
f 9939 10357 9940
f 10355 10356 9945
f 10079 10080 10358
f 10358 10078 10079
f 10358 10075 10078
f 10075 10359 10360
f 10360 10072 10075
f 10073 10072 10360
f 10073 10360 10066
f 10358 10359 10075
f 10363 10091 10088
f 10361 10089 10092
f 10087 10089 10362
f 10363 10088 10362
f 10364 10089 10361
f 10089 10364 10362
f 10087 10362 10088
f 10367 10101 10099
f 10365 10098 10102
f 10367 10099 10366
f 10366 10097 10365
f 10366 10368 10367
f 10097 10366 10099
f 10097 10098 10365
f 10371 10111 10107
f 10369 10105 10109
f 10105 10370 10104
f 10371 10107 10370
f 10372 10105 10369
f 10105 10372 10370
f 10104 10370 10107
f 10375 10125 10120
f 10373 10121 10123
f 10121 10373 10119
f 10375 10120 10374
f 10374 10119 10373
f 10374 10376 10375
f 10119 10374 10120
f 10045 10037 10378
f 10037 10040 10379
f 10040 10047 10380
f 10047 9839 10381
f 9839 9837 10383
f 9837 10354 10384
f 10354 10050 10385
f 10050 10042 10386
f 10042 10043 10387
f 10043 10034 10388
f 10034 10033 10388
f 10033 10045 10389
f 10389 10388 10033
f 10388 10387 10043
f 10387 10386 10042
f 10386 10385 10050
f 10385 10384 10354
f 10384 10383 9837
f 10383 10382 9839
f 10382 10381 9839
f 10381 10380 10047
f 10380 10379 10040
f 10379 10378 10037
f 10378 10377 10045
f 10377 10389 10045
f 10386 10387 10388
f 10380 10381 10390
f 10386 10388 10391
f 10386 10384 10385
f 9891 9905 10393
f 9905 9904 10394
f 9904 9895 10395
f 9895 9906 10396
f 9906 9900 10397
f 9900 9892 10399
f 9892 9897 10399
f 9897 9898 10400
f 9898 9902 10401
f 9902 9910 10402
f 9910 9890 10403
f 9890 9891 10404
f 10404 10403 9890
f 10403 10402 9910
f 10402 10401 9902
f 10401 10400 9898
f 10400 10399 9897
f 10399 10398 9900
f 10398 10397 9900
f 10397 10396 9906
f 10396 10395 9895
f 10395 10394 9904
f 10394 10393 9905
f 10393 10392 9891
f 10392 10404 9891
f 10392 10393 10394
f 10399 10400 10405
f 9821 10406 9829
f 9826 10407 9820
f 10407 9824 9822
f 9822 9820 10407
f 9820 9825 9826
f 10408 9827 10406
f 9821 10409 10406
f 9829 10406 9827
f 9714 10410 9715
f 9711 10411 9713
f 10411 9717 9716
f 9716 9713 10411
f 9713 9712 9711
f 9710 9715 10410
f 10412 9710 10410
f 9714 10413 10410
f 9800 10414 9811
f 9814 10415 9808
f 10415 9804 9802
f 9802 9808 10415
f 9808 9812 9814
f 9810 9811 10414
f 10416 9810 10414
f 9800 10417 10414
f 9813 10418 9805
f 9801 10419 9803
f 10419 9816 9815
f 9815 9803 10419
f 9803 9806 9801
f 10421 10418 9813
f 10420 9799 10418
f 9805 10418 9799
f 10403 10404 10423
f 10404 10392 10423
f 10422 10395 10396
f 10394 10424 10423
f 10396 10397 10422
f 10400 10401 10405
f 10423 10402 10403
f 10423 10392 10394
f 10394 10422 10424
f 10397 10398 10422
f 10402 10405 10401
f 10422 10394 10395
f 10405 10398 10399
f 10402 10423 7292
f 10402 10425 7297
f 7297 10405 10402
f 10398 10405 10426
f 10405 7308 10426
f 7307 10422 10398
f 10422 7307 7301
f 10424 10422 7305
f 10422 7304 7305
f 7292 10423 10424
f 7305 7292 10424
f 7301 7304 10422
f 10426 7307 10398
f 7298 7308 10405
f 7297 7298 10405
f 7292 10425 10402
f 7306 7308 7307
f 7298 7308 7306
f 7292 7294 7297
f 10426 7306 7307
f 7292 7297 10425
f 7298 10426 7308
f 7306 10426 7298
f 10382 10383 10427
f 10379 10380 10390
f 10381 10382 10427
f 10390 10428 10379
f 10381 10427 10390
f 10377 10378 10428
f 10428 10389 10377
f 10378 10379 10428
f 10386 10391 10384
f 10427 10383 10384
f 10388 10389 10429
f 10388 10430 10431
f 10431 10391 10388
f 10384 10391 10432
f 10384 10433 10434
f 10434 10427 10384
f 10435 10390 10427
f 10390 10436 10437
f 10437 10428 10390
f 10428 10438 10429
f 10429 10389 10428
f 10437 10438 10428
f 10435 10436 10390
f 10434 10435 10427
f 10432 10433 10384
f 10431 10432 10391
f 10429 10430 10388
f 10440 10433 10435
f 10429 10439 10431
f 10434 10440 10435
f 10429 10431 10430
f 10440 10434 10433
f 10206 10442 10441
f 10441 10188 10206
f 10444 10445 10443
f 10445 10206 10443
f 10441 10446 10188
f 10447 10443 10206
f 10448 10189 10449
f 10447 10206 10196
f 10196 10450 10447
f 10206 10445 10442
f 10448 10451 10189
f 10444 10443 10448
f 10196 10189 10453
f 10189 10451 10453
f 10446 10452 10189
f 10448 10449 10444
f 10452 10449 10189
f 10196 10453 10450
f 10446 10189 10188
f 10353 9818 10345
f 10345 10454 10353
f 9818 9817 10345
f 10345 10455 10454
f 10454 10455 10456
f 10456 10457 10454
f 10353 10459 10351
f 10459 10460 10351
f 10461 10462 10458
f 10345 10343 10461
f 10458 10345 10461
f 10463 10343 10464
f 10343 10463 10465
f 10465 10461 10343
f 10467 10465 10463
f 10463 10466 10467
f 10468 10467 10466
f 10469 10470 10462
f 10471 10472 10468
f 10468 10466 10471
f 10467 10468 10472
f 10474 10473 10469
f 10462 10472 10474
f 10465 10472 10462
f 10472 10465 10467
f 10462 10461 10465
f 10469 10462 10474
f 10469 10474 10475
f 10476 10474 10472
f 10472 10477 10476
f 10478 10469 10475
f 10474 10476 10478
f 10478 10475 10474
f 10470 10469 10478
f 10479 10471 10466
f 10471 10477 10472
f 10476 10477 10471
f 10476 10471 10480
f 10476 10481 10482
f 10476 10482 10483
f 10483 10474 10476
f 10421 9813 10475
f 10475 9813 9816
f 10475 10474 10421
f 10474 10483 10418
f 10483 9799 10420
f 10483 10419 9801
f 10483 9816 10419
f 10420 10418 10483
f 10418 10421 10474
f 10483 9801 9799
f 9816 10485 10475
f 10483 10484 10486
f 10486 9816 10483
f 10482 10487 10483
f 10483 10482 10488
f 10488 10484 10483
f 10489 10487 10481
f 10482 10481 10487
f 10488 10482 10487
f 10490 10488 10487
f 10491 10486 10484
f 10484 10488 10491
f 10485 10493 10492
f 9816 10491 10493
f 10493 10485 9816
f 9816 10486 10491
f 10492 10455 10478
f 10455 10345 10458
f 10493 10494 10455
f 10458 10478 10455
f 10492 10478 10475
f 10458 10462 10470
f 10495 10494 10493
f 10492 10493 10455
f 10470 10478 10458
f 10475 10485 10492
f 10493 10491 10113
f 10113 10495 10493
f 10497 10144 10499
f 10491 10500 10501
f 10501 10113 10491
f 10114 10113 10501
f 10502 10108 10110
f 10103 10503 10106
f 10504 10113 10106
f 10505 10106 10503
f 10503 10103 10502
f 10106 10505 10504
f 10108 10502 10103
f 10496 10498 10508
f 10144 10496 10509
f 10509 10510 10144
f 10510 10511 10497
f 10497 10499 10510
f 10511 10494 10497
f 10495 10497 10494
f 10499 10144 10510
f 10508 10509 10496
f 10512 10513 10494
f 10511 10510 10514
f 10514 10512 10511
f 10510 10509 10515
f 10516 10515 10509
f 10509 10508 10516
f 10515 10514 10510
f 10494 10511 10512
f 10196 10206 10517
f 10513 10203 10199
f 10201 10199 10196
f 10196 10195 10201
f 10203 10513 10512
f 10517 10457 10196
f 10195 10196 10457
f 10199 10456 10513
f 10203 10512 10514
f 10203 10514 10515
f 10520 10518 10206
f 10518 10517 10206
f 10515 10516 10203
f 10206 10203 10516
f 10201 10195 10456
f 10456 10199 10201
f 10206 10516 10521
f 10519 10520 10206
f 10195 10457 10456
f 10206 10521 10519
f 10508 10522 10521
f 10521 10516 10508
f 10524 10525 10523
f 10525 10524 10526
f 10527 10528 10525
f 10525 10526 10527
f 10527 10174 10528
f 10174 10527 10529
f 10529 10530 10174
f 10522 10507 10530
f 10530 10529 10522
f 10508 10498 10507
f 10507 10522 10508
f 10519 10521 10529
f 10521 10522 10529
f 10519 10529 10527
f 10527 10520 10519
f 10526 10518 10520
f 10518 10526 10524
f 10524 10517 10518
f 10520 10527 10526
f 10525 10528 10174
f 10084 10523 10525
f 10525 10531 10084
f 10533 10523 10084
f 10523 10533 10532
f 10086 10534 10084
f 10536 10085 10082
f 10083 10084 10531
f 10536 10082 10535
f 10537 10083 10531
f 10081 10083 10535
f 10083 10537 10535
f 10081 10535 10082
f 10533 10084 10534
f 10534 10538 10533
f 10533 10538 10539
f 10538 10541 10542
f 10538 10534 10541
f 10541 10543 10544
f 10544 10542 10541
f 10544 10543 10546
f 10543 10545 10546
f 10546 10545 10547
f 10547 10270 10546
f 10549 10506 10500
f 10506 10501 10500
f 10506 10549 10550
f 10550 10551 10506
f 10551 10550 10552
f 10554 10551 10552
f 10554 10553 10551
f 10270 10548 10555
f 10270 10547 10548
f 10548 10556 10557
f 10557 10555 10548
f 10558 10557 10556
f 10558 10556 10560
f 10556 10559 10560
f 10214 10561 10553
f 10553 10554 10214
f 10564 10563 10214
f 10563 10562 10214
f 10563 10564 10565
f 10565 10566 10563
f 10565 10567 10566
f 10569 10566 10567
f 10569 10568 10566
f 10214 10554 10571
f 10562 10561 10214
f 10573 10574 10568
f 10568 10569 10573
f 10118 10117 10574
f 10568 10574 10117
f 10576 10115 10118
f 10115 10176 10577
f 10577 10116 10115
f 10578 10117 10116
f 10176 10115 10576
f 10116 10577 10578
f 10575 10574 10573
f 10580 10579 10573
f 10579 10575 10573
f 10579 10580 10581
f 10581 10582 10579
f 10581 10583 10582
f 10585 10582 10583
f 10585 10584 10582
f 10588 10586 10584
f 10584 10585 10588
f 10590 10589 10591
f 10589 10587 10591
f 10592 10589 10590
f 10590 10593 10592
f 10593 10594 10595
f 10594 10596 10597
f 10596 10598 10597
f 10596 10599 10600
f 10599 9876 10600
f 10599 10601 10602
f 10601 10603 10602
f 10604 10605 9873
f 9873 10601 10604
f 10606 10607 10605
f 10605 10604 10606
f 10608 9882 10609
f 10609 10606 10608
f 10610 10611 10612
f 10612 10608 10610
f 10612 9882 10608
f 10609 10607 10606
f 9873 10603 10601
f 10602 9876 10599
f 10600 10598 10596
f 10597 10595 10594
f 10595 10592 10593
f 10611 10613 10612
f 9882 10612 10609
f 10607 10609 10605
f 9873 10602 10603
f 10602 10600 9876
f 10600 10597 10598
f 9882 10612 10613
f 10611 10610 10614
f 10616 10611 10614
f 10616 10615 10611
f 10587 10586 10591
f 10588 10591 10586
f 10618 10619 10615
f 10615 10616 10618
f 10615 10619 9783
f 9786 9785 10620
f 9781 9786 10621
f 9786 10620 10621
f 9778 9781 10621
f 9780 9778 10621
f 9780 9775 9774
f 10622 9782 9775
f 10622 10623 9782
f 9783 10620 9785
f 9783 9782 10623
f 10622 9775 9780
f 10624 9783 10623
f 10621 10626 9774
f 9780 9774 10625
f 9780 10625 10622
f 9780 10621 9774
f 10628 10627 10618
f 10627 10619 10618
f 10629 10627 10628
f 10628 10630 10629
f 10630 10631 10629
f 10633 10631 10630
f 10633 10632 10631
f 10630 10635 10633
f 10633 10634 10632
f 10636 10637 10634
f 10634 10633 10636
f 10634 10637 9727
f 10639 9727 10637
f 9728 9727 10639
f 9726 9728 10639
f 9720 9726 10641
f 9726 10639 10641
f 9723 9720 10641
f 9722 9723 10642
f 9725 9724 9721
f 9725 9727 9724
f 10641 10642 9723
f 10644 10643 9727
f 9725 10644 9727
f 10640 10637 10636
f 10646 10645 10636
f 10645 10640 10636
f 10645 10646 10647
f 10647 10648 10645
f 10647 10649 10648
f 10651 10649 10647
f 10651 10650 10649
f 10653 10652 10650
f 10650 10654 10653
f 10656 10655 10657
f 10655 10652 10657
f 10656 10658 10655
f 10659 10658 10656
f 10656 10660 10659
f 10661 10662 10663
f 10662 10664 10663
f 10662 10665 10666
f 10660 10661 10667
f 10661 10668 10667
f 10667 10659 10660
f 10666 10664 10662
f 10663 10668 10661
f 10664 9886 10667
f 10663 10667 10668
f 10666 10663 10664
f 10659 10667 9886
f 10667 10663 10664
f 7467 10669 10665
f 10665 10670 10671
f 10671 7467 10665
f 10669 10666 10665
f 10670 7467 10671
f 7467 10670 10669
f 10275 9886 10663
f 10663 10662 10275
f 10328 10672 9886
f 10662 10663 10669
f 10669 10670 10662
f 10328 10329 10673
f 10673 10672 10328
f 10672 10673 9880
f 10329 10674 9882
f 10674 10332 10609
f 10332 10604 10675
f 10604 10605 10675
f 10604 10335 9873
f 10335 10603 9873
f 10336 9876 10676
f 10676 10335 10336
f 10677 10598 9876
f 9876 10336 10677
f 10678 10679 10597
f 10597 10677 10678
f 10680 10681 10679
f 10679 10678 10680
f 10597 10598 10677
f 10676 10603 10335
f 10675 10609 10332
f 10609 9882 10674
f 9882 10673 10329
f 9873 10675 10605
f 10676 9873 10603
f 10598 10597 9876
f 9873 10676 10602
f 9876 10602 10676
f 9882 9880 10673
f 10680 10682 10683
f 10683 10681 10680
f 10682 10684 10685
f 10684 10686 10687
f 10686 10688 10687
f 10686 10323 9847
f 10323 10324 10689
f 10324 10690 10689
f 10691 10692 9846
f 9846 10324 10691
f 10326 10693 10694
f 10694 10691 10326
f 10327 9848 10693
f 10693 10326 10327
f 10315 10695 9848
f 10694 10692 10691
f 9846 10690 10324
f 10689 9847 10323
f 9847 10688 10686
f 10687 10685 10684
f 10685 10683 10682
f 9847 10687 10688
f 10690 9846 10689
f 10692 10694 9846
f 9847 10689 10696
f 9848 10695 9851
f 9846 10696 10689
f 10314 10697 10695
f 10695 10315 10314
f 10697 9851 10695
f 10313 10698 10699
f 10698 10700 10701
f 10314 10313 10036
f 10036 10697 10314
f 10701 10699 10698
f 10699 10036 10313
f 10701 10700 7458
f 10703 7458 10700
f 10703 10700 10704
f 10704 7458 10703
f 10704 10702 7458
f 10702 10701 7458
f 10705 10706 10699
f 10699 10698 10705
f 10707 10708 10709
f 10709 10705 10707
f 10698 10710 10702
f 10702 10704 10698
f 10709 10706 10705
f 10699 10710 10698
f 10709 10710 10699
f 10699 10710 10702
f 10706 10709 10699
f 10708 10707 10711
f 10711 10712 10708
f 10713 10712 10711
f 10715 10713 10711
f 10715 10714 10713
f 10715 10716 10714
f 10717 10716 10715
f 10715 10718 10717
f 10719 10720 10714
f 10714 10716 10719
f 10716 10721 10719
f 10716 10717 10721
f 10723 10722 10721
f 10719 10721 10722
f 9738 10725 10720
f 10725 10714 10720
f 9740 9742 10726
f 9741 9742 10726
f 9741 10726 10727
f 10725 9737 9739
f 9738 9737 10725
f 10725 9739 9741
f 10727 9741 10725
f 10719 10722 10720
f 10730 10728 10722
f 10728 10720 10722
f 10729 10728 10730
f 10731 10729 10730
f 10730 10732 10731
f 10735 10731 10732
f 10735 10733 10731
f 10736 10733 10735
f 10738 10739 10736
f 10736 10735 10738
f 10740 10738 10735
f 10735 10737 10740
f 10736 9659 9672
f 10736 10739 9659
f 9659 9731 9733
f 9661 10742 9662
f 9734 9660 9662
f 9673 9734 9672
f 9734 9662 9672
f 9658 9673 9672
f 9672 9659 9658
f 9732 10742 9661
f 9659 9661 9731
f 10743 9661 9659
f 9659 10744 10743
f 10741 10739 10738
f 10747 10745 10738
f 10745 10741 10738
f 10746 10745 10747
f 10746 10747 10748
f 10748 10749 10746
f 10738 10751 10747
f 10753 10749 10748
f 10753 10750 10749
f 10755 10756 10750
f 10750 10753 10755
f 10753 10255 10755
f 10753 10754 10255
f 10750 10756 9694
f 10757 9687 9685
f 9754 9686 10759
f 9757 9754 10760
f 9754 10759 10760
f 9684 9757 10760
f 9694 9684 10760
f 9688 10759 9686
f 10757 10758 9687
f 9685 9694 10757
f 10759 9688 9755
f 10761 9688 10758
f 10757 10762 9694
f 9688 9687 10758
f 10764 10763 10755
f 10763 10756 10755
f 10764 10765 10763
f 10765 10767 10768
f 10767 9848 10768
f 10767 10769 10693
f 10769 10770 10693
f 10769 10691 10692
f 10691 10771 9846
f 10771 10690 9846
f 10772 9847 10696
f 10696 10771 10772
f 10773 10688 10774
f 10774 10772 10773
f 10775 10776 10687
f 10687 10773 10775
f 10777 10778 10776
f 10776 10775 10777
f 10687 10688 10773
f 10774 9847 10772
f 10696 10690 10771
f 10692 10770 10769
f 10693 9848 10767
f 10768 10763 10765
f 10693 9848 10768
f 10766 10768 9848
f 10768 10766 10763
f 10688 10687 10774
f 9847 10774 10696
f 10696 9846 10690
f 10692 10693 10770
f 10778 10777 10779
f 10779 10780 10778
f 10782 10780 10779
f 10782 10781 10780
f 10785 10784 10783
f 10783 10782 10785
f 10787 10786 10785
f 10786 10784 10785
f 10787 10788 10786
f 10789 10786 10788
f 10788 10790 10789
f 10681 10566 10579
f 10595 10679 10681
f 10681 10563 10566
f 10589 10681 10582
f 10613 9880 9882
f 10563 10683 10551
f 10579 10582 10681
f 10530 10683 10541
f 10543 10683 10548
f 10587 10584 10586
f 10548 10547 10545
f 10681 10589 10595
f 10613 10611 9880
f 10683 10506 10551
f 10597 10679 10595
f 10600 9876 10597
f 10683 10543 10541
f 10683 10556 10548
f 10609 10675 10605
f 10587 10582 10584
f 10780 10783 10784
f 10563 10681 10683
f 10784 10786 10780
f 10778 10683 10685
f 10683 10778 10780
f 10551 10553 10561
f 10622 9880 10611
f 10589 10592 10595
f 10566 10176 10579
f 10780 10781 10783
f 10693 10692 10694
f 10780 10786 10683
f 10566 10577 10176
f 10530 10507 10683
f 10776 10685 10687
f 10685 10776 10778
f 10561 10562 10551
f 10541 10174 10530
f 10174 10541 10535
f 10506 10683 10498
f 9847 10774 10687
f 10683 10507 10498
f 10587 10589 10582
f 10545 10543 10548
f 10556 10683 10789
f 10729 10697 10712
f 10683 10786 10789
f 10763 9848 9755
f 10699 10701 10702
f 10763 10766 9848
f 10506 10498 10496
f 10745 10697 10731
f 10709 10708 10697
f 10562 10563 10551
f 10789 10792 10556
f 10710 10709 10036
f 10729 10731 10697
f 10708 10712 10697
f 10036 10699 10710
f 10697 10036 10709
f 10496 10503 10506
f 10745 10746 10697
f 10712 10726 10729
f 10731 10742 9732
f 10728 9742 9740
f 9755 9848 9851
f 9851 10746 10749
f 10731 9732 10745
f 10666 10669 10663
f 10645 10629 9722
f 9742 10728 10729
f 10746 9851 10697
f 9880 10627 10629
f 10629 10645 9880
f 10749 10759 9755
f 10504 10144 10497
f 10664 10663 9886
f 9774 10627 9880
f 10496 10505 10503
f 10729 10726 9742
f 10731 9662 10742
f 10496 10144 10504
f 10658 9880 10648
f 9755 9851 10749
f 10712 10727 10726
f 10495 10113 10504
f 10658 10672 9880
f 10645 10648 9880
f 10576 10118 10574
f 10504 10497 10495
f 10658 9886 10672
f 10648 9700 10658
f 10631 10632 10644
f 10574 10575 10576
f 10655 10658 9700
f 10576 10575 10579
f 9755 9688 10763
f 10658 10659 9886
f 10629 10644 9725
f 10644 10629 10631
f 9732 9661 10745
f 10578 10577 10566
f 10641 10639 10637
f 10645 9722 10642
f 10743 10744 10739
f 10637 10640 10641
f 9725 9722 10629
f 10632 10634 10644
f 9880 10622 10625
f 10504 10505 10496
f 10566 10568 10578
f 10743 10739 10741
f 10621 10620 10619
f 9774 10626 10627
f 10634 9727 10643
f 10625 9774 9880
f 10176 10576 10579
f 10627 10626 10621
f 10634 10643 10644
f 10623 10622 10615
f 10502 10110 10501
f 10641 10640 10645
f 10642 10641 10645
f 10117 10578 10568
f 10615 9783 10624
f 9740 9738 10720
f 10743 10741 10745
f 10611 10615 10622
f 10624 10623 10615
f 9662 10733 10736
f 10756 10758 10757
f 10502 10501 10506
f 10731 10733 9662
f 10763 10761 10758
f 10744 9659 10739
f 9661 10743 10745
f 10621 10619 10627
f 10503 10502 10506
f 10749 10750 10759
f 10756 10757 10762
f 10763 9688 10761
f 10110 10114 10501
f 10758 10756 10763
f 10750 10760 10759
f 10736 9672 9662
f 10714 9741 10727
f 9740 10720 10728
f 10727 10713 10714
f 10712 10713 10727
f 10725 9741 10714
f 10762 9694 10756
f 10750 9694 10760
f 10620 9783 10619
f 10789 10791 10793
f 10793 10791 10796
f 10795 10794 10556
f 10556 10792 10795
f 9700 9701 10655
f 10789 10793 10792
f 9706 10648 10649
f 9706 10649 10650
f 10174 10537 10531
f 10531 10525 10174
f 10095 10793 10796
f 10650 9705 9706
f 10559 10794 10096
f 10559 10556 10794
f 10174 10535 10537
f 10536 10535 10541
f 9704 10650 10652
f 9701 9702 10655
f 9704 9705 10650
f 10652 10655 9702
f 10534 10085 10536
f 10534 10086 10085
f 10648 9707 9700
f 9702 9704 10652
f 10536 10541 10534
f 9706 9707 10648
f 10797 10789 10790
f 10797 10791 10789
f 10793 10093 10792
f 10795 10094 10794
f 10093 10094 10792
f 10094 10795 10792
f 10793 10095 10093
f 10094 10096 10794
f 10796 10559 10095
f 10096 10095 10559
f 10560 10559 10796
f 10796 10797 10560
f 10799 10351 10798
f 10460 10800 10801
f 10800 10460 10459
f 10351 10460 10801
f 10351 10801 10802
f 10802 10798 10351
f 10803 10804 10800
f 10801 10800 10805
f 10804 10805 10800
f 10806 10802 10801
f 10802 10807 10808
f 10808 10798 10802
f 10808 10807 10809
f 10809 10810 10808
f 10801 10805 10811
f 10806 10807 10802
f 10806 10809 10807
f 10806 10801 10811
f 10811 10809 10806
f 10811 10805 10812
f 10804 10812 10805
f 10813 10814 10809
f 10809 10811 10813
f 10815 10813 10811
f 10804 10803 10815
f 10812 10804 10815
f 10811 10812 10815
f 10808 10810 10816
f 10809 10814 10810
f 10813 10817 10810
f 10813 10810 10814
f 10524 10532 10815
f 10815 10459 10524
f 10815 10532 10540
f 10815 10803 10800
f 10454 10524 10353
f 10540 10818 10812
f 10532 10524 10523
f 10459 10353 10524
f 10812 10815 10540
f 10800 10459 10815
f 9711 10818 10532
f 10532 10533 9711
f 10540 10532 10818
f 10819 9714 9717
f 10819 10413 9714
f 10811 10812 10412
f 10819 10410 10413
f 10818 9711 9710
f 10410 10819 10811
f 10811 10412 10410
f 10812 9710 10412
f 9710 10812 10818
f 9711 10819 10411
f 9717 10411 10819
f 10813 10811 10819
f 10819 10820 10813
f 10533 10821 10819
f 10819 9711 10533
f 10532 10540 10533
f 10820 10822 10813
f 10813 10822 10823
f 10819 10824 10820
f 10819 10821 10825
f 10825 10824 10819
f 10824 10826 10822
f 10820 10824 10822
f 10825 10824 10821
f 10539 10821 10533
f 10829 10544 10546
f 10829 10546 10827
f 10830 10829 10827
f 10827 10831 10830
f 10831 10832 10830
f 10544 10829 10830
f 10828 10544 10832
f 10830 10832 10544
f 10828 10832 10833
f 10833 10834 10828
f 10544 10828 10834
f 10834 10542 10544
f 10835 10836 10831
f 10831 10827 10835
f 10833 10542 10834
f 10833 10541 10542
f 10541 10837 10838
f 10838 10542 10541
f 10837 10534 10538
f 10538 10838 10837
f 10538 10542 10838
f 10832 10831 10367
f 10367 10368 10832
f 10836 10365 10102
f 10365 10836 10833
f 10101 10367 10831
f 10100 10831 10836
f 10836 10102 10100
f 10368 10366 10832
f 10366 10365 10833
f 10100 10101 10831
f 10833 10832 10366
f 10534 10837 10541
f 10541 10836 10534
f 10541 10833 10836
f 10534 10836 10538
f 10835 10538 10836
f 10835 10827 10839
f 10797 10796 10791
f 10650 10651 10654
f 10653 10657 10652
f 10782 10783 10781
f 10845 10448 10443
f 10443 10844 10845
f 10448 10845 10846
f 10453 10451 10846
f 10846 10847 10453
f 10453 10847 10848
f 10848 10450 10453
f 10447 10450 10848
f 10848 10849 10447
f 10849 10443 10447
f 10849 10844 10443
f 10846 10451 10448
f 10850 10845 10844
f 10441 10851 10852
f 10446 10852 10853
f 10452 10853 10854
f 10444 10449 10854
f 10854 10855 10444
f 10855 10856 10445
f 10442 10445 10856
f 10856 10857 10442
f 10441 10442 10851
f 10442 10857 10851
f 10445 10444 10855
f 10449 10452 10854
f 10853 10452 10446
f 10852 10446 10441
f 10856 10858 10857
f 10856 10855 10854
f 10859 10860 9973
f 9983 9973 10860
f 9984 10860 10861
f 9984 9983 10860
f 10861 10862 9984
f 10862 10863 9984
f 9981 10863 10864
f 9980 10864 10865
f 10865 10866 9971
f 9971 10866 10867
f 9979 9978 10867
f 9976 9979 10869
f 10869 10868 9976
f 10868 10859 9976
f 9973 9976 10859
f 10867 10869 9979
f 10867 9979 9971
f 10865 9971 9980
f 10864 9980 9981
f 10863 9981 9984
f 10863 10864 10862
f 10861 10860 10862
f 10869 10867 10868
f 9918 10871 10872
f 10872 9919 9918
f 10872 9915 9919
f 9915 10872 9916
f 9922 9916 9921
f 9921 9923 9922
f 9918 9920 10871
f 9921 10871 9920
f 10875 9921 9916
f 10873 10871 10874
f 9921 10874 10871
f 9954 10876 10877
f 10877 9957 9954
f 10877 9959 9957
f 10877 9952 9959
f 9960 9952 10878
f 10878 9958 9960
f 9958 10879 9955
f 9955 9961 10876
f 9954 9955 10876
f 10878 10879 9958
f 10880 10876 9961
f 10007 10000 10881
f 10003 10007 10881
f 10005 10883 10884
f 10884 10001 10005
f 10001 10884 9999
f 10885 9998 9999
f 9998 10885 10881
f 10881 10000 9998
f 10006 10883 10005
f 10881 10882 10003
f 7498 7497 10886
f 7500 7498 10886
f 10025 7500 7501
f 7501 10026 10025
f 7509 7510 7499
f 7510 7509 10886
f 10886 7497 7510
f 7501 7509 7499
f 10886 10887 7500
f 7500 10888 7501
f 10886 10889 10887
f 10890 10628 10618
f 10627 10890 10618
f 10893 10894 10891
f 10891 10892 10893
f 10896 10895 10894
f 10894 10893 10896
f 10897 10891 10894
f 10891 10897 10619
f 10618 10891 10619
f 10628 10890 10627
f 10627 10898 10628
f 10628 10898 10629
f 10629 10898 10627
f 10899 10630 10629
f 10629 10619 10900
f 10629 10627 10619
f 10619 10897 10900
f 10895 10900 10897
f 10897 10894 10895
f 10629 10900 10895
f 10895 10899 10629
f 10635 10630 10899
f 10633 10635 10895
f 10895 10638 10633
f 10899 10895 10635
f 10638 10895 10900
f 10902 10903 10636
f 10636 10901 10902
f 10904 10841 10903
f 10903 10902 10904
f 10905 10636 10903
f 10636 10905 10640
f 10645 10906 10646
f 10646 10906 10648
f 10648 10647 10646
f 10648 10906 10645
f 10645 10640 10907
f 10645 10907 10648
f 10640 10905 10907
f 10841 10907 10905
f 10905 10903 10841
f 10648 10907 10841
f 10841 10647 10648
f 10647 10841 10651
f 10722 10734 10730
f 10908 10730 10734
f 10734 10909 10908
f 10734 10912 10911
f 10734 10910 10912
f 10730 10908 10729
f 10730 10729 10913
f 10913 10732 10730
f 10731 10913 10729
f 10911 10914 10909
f 10909 10734 10911
f 10732 10913 10731
f 10731 10915 10732
f 10915 10733 10735
f 10735 10732 10915
f 10909 10914 10733
f 10909 10731 10729
f 10731 10733 10915
f 10729 10908 10909
f 10731 10909 10733
f 10911 10735 10914
f 10733 10914 10735
f 10735 10911 10912
f 10737 10735 10912
f 10738 10752 10916
f 10751 10916 10917
f 10917 10747 10751
f 10916 10751 10738
f 10918 10917 10916
f 10916 10919 10918
f 10916 10922 10921
f 10916 10920 10922
f 10919 10752 10916
f 10917 10918 10746
f 10746 10747 10917
f 10747 10746 10923
f 10923 10748 10747
f 10746 10749 10923
f 10921 10924 10919
f 10919 10916 10921
f 10748 10923 10749
f 10925 10748 10749
f 10749 10926 10925
f 10926 10750 10753
f 10753 10925 10926
f 10753 10748 10925
f 10919 10924 10750
f 10749 10750 10926
f 10746 10919 10750
f 10750 10749 10746
f 10746 10918 10919
f 10927 10753 10750
f 10921 10927 10924
f 10750 10924 10927
f 10928 10927 10922
f 10927 10921 10922
f 10782 10779 10929
f 10930 10781 10782
f 10782 10929 10930
f 10781 10930 10780
f 10780 10930 10929
f 10929 10779 10780
f 10779 10171 10780
f 10931 10932 10171
f 10171 10779 10931
f 10781 10934 10782
f 10782 10934 10935
f 10935 10936 10782
f 10934 10781 10361
f 10361 10780 10171
f 10932 10935 10363
f 10090 10935 10934
f 10361 10781 10780
f 10171 10364 10361
f 10171 10932 10362
f 10932 10363 10362
f 10934 10361 10092
f 10934 10092 10090
f 10362 10364 10171
f 10935 10091 10363
f 10090 10091 10935
f 10935 10932 10933
f 10933 10931 10937
f 10933 10932 10931
f 10933 10937 10936
f 10936 10935 10933
f 10936 10937 10939
f 10937 10931 10940
f 10939 10938 10936
f 10940 10939 10937
f 10941 10942 10938
f 10938 10939 10941
f 10269 10938 10942
f 10942 10943 10269
f 10942 10941 10153
f 10153 10941 10939
f 10939 10940 10153
f 10777 10778 10153
f 10153 10940 10777
f 10775 10944 10945
f 10944 10165 10945
f 10772 10946 10947
f 10947 10944 10772
f 10948 10949 10946
f 10946 10772 10948
f 10777 10775 10950
f 10775 10776 10950
f 10950 10778 10777
f 10947 10165 10944
f 10945 10776 10775
f 10945 10950 10776
f 10165 10947 10945
f 10946 10951 10947
f 10949 10951 10946
f 10778 10942 10153
f 10949 10952 10953
f 10778 10943 10942
f 10258 10947 10951
f 10954 10256 10945
f 10778 10950 10955
f 10951 10953 10258
f 10947 10258 10954
f 10256 10955 10950
f 10945 10947 10954
f 10955 10943 10778
f 10950 10945 10256
f 10953 10951 10949
f 10258 10953 9844
f 10955 10256 10956
f 10952 9844 10953
f 10953 10957 10958
f 10959 10954 10258
f 10258 10958 10959
f 10268 10256 10954
f 10960 10956 10256
f 10256 10268 10960
f 10954 10959 10268
f 10961 9844 10952
f 10957 10953 9844
f 9844 10961 10957
f 10956 10960 10962
f 10269 10943 10955
f 10955 10962 10269
f 10962 10955 10956
f 10952 10265 10961
f 10958 10258 10953
f 10948 10964 10949
f 10949 10964 10265
f 10265 10952 10949
f 10964 10948 10265
f 10960 10268 10962
f 10957 10961 10958
f 10265 10965 10961
f 10265 10952 10963
f 10948 10966 10265
f 10966 10948 10964
f 10967 9845 10265
f 10265 10966 10967
f 10265 9845 10963
f 10975 10968 10970
f 10970 10968 10969
f 10973 10974 10972
f 10968 10975 10265
f 10976 10948 10771
f 10976 10967 10948
f 10967 10964 10948
f 10966 10964 10967
f 10691 10769 10977
f 10769 10978 10977
f 10767 10768 10979
f 10979 10769 10767
f 10765 10980 10768
f 10771 10691 10692
f 10691 10981 10692
f 10692 10976 10771
f 10979 10978 10769
f 10977 10981 10691
f 10772 10771 10948
f 10772 10944 10773
f 10931 10779 10777
f 10775 10773 10944
f 10931 10777 10940
f 10768 10980 10766
f 10976 10983 10982
f 10976 10692 10983
f 10977 10983 10981
f 10983 10692 10981
f 10978 10979 10977
f 10977 10982 10983
f 10765 10984 10763
f 10765 10763 10766
f 10766 10980 10765
f 10763 10984 10766
f 10766 10984 10985
f 10756 10985 10984
f 10756 10986 10985
f 10766 10985 10986
f 10986 10768 10766
f 9752 9845 10976
f 10967 10976 9845
f 10987 9752 10982
f 9750 10979 10768
f 9750 10987 10977
f 10976 10982 9752
f 10768 10988 9750
f 10982 10977 10987
f 10977 10979 9750
f 10986 10988 10768
f 10988 10986 10989
f 10990 10987 9750
f 10991 9752 10987
f 10988 10972 10971
f 10971 10990 9750
f 10971 10970 10987
f 10991 10987 10970
f 10970 10969 10991
f 10972 10988 10989
f 10969 10968 9752
f 10968 10265 9845
f 9845 9752 10968
f 9752 10991 10969
f 10989 10973 10972
f 10987 10990 10971
f 10971 9750 10988
f 10984 10765 10755
f 10755 10756 10984
f 10765 10764 10755
f 10973 10989 10986
f 10986 10755 10973
f 10755 10986 10756
f 10974 10973 10755
f 10255 10974 10755
f 10787 10992 10788
f 10785 10843 10992
f 10992 10787 10785
f 10993 10992 10843
f 10843 10994 10993
f 10994 10996 10993
f 10788 10992 10993
f 10993 10996 10788
f 10788 10996 10997
f 10997 10790 10788
f 10995 10998 10994
f 10994 10843 10995
f 10789 10999 11000
f 11000 10790 10789
f 10997 10789 10790
f 10999 10791 10797
f 10797 11000 10999
f 10797 10790 11000
f 10996 10789 10997
f 10789 10996 10994
f 10789 10994 10998
f 10998 10791 10789
f 10791 10999 10789
f 10791 10998 10797
f 10995 10797 10998
f 10560 10840 11001
f 11001 10558 10560
f 10557 11001 11002
f 11001 10557 10558
f 10840 11002 11001
f 11003 11002 10840
f 10840 11004 11003
f 11004 11006 11003
f 11003 10557 11002
f 11003 11006 10557
f 10557 11006 10149
f 10149 11007 10557
f 10557 11007 10555
f 11005 11008 11004
f 11004 10840 11005
f 10149 10555 11007
f 10555 10149 10548
f 10548 11009 11010
f 11010 10555 10548
f 11009 10547 10270
f 10270 11010 11009
f 10270 10555 11010
f 10149 10547 10548
f 10149 11004 11008
f 10149 11008 10547
f 10149 11006 11004
f 10547 11009 10548
f 10547 11008 10270
f 11005 10270 11008
f 11011 10549 10500
f 11012 11011 10500
f 10500 10501 11012
f 10501 10506 11012
f 11014 10500 11013
f 11014 10501 10500
f 10570 11015 11014
f 11014 11013 10570
f 11012 10549 11011
f 10506 11016 10549
f 11017 10549 11016
f 11012 10506 10549
f 11017 11016 11018
f 11018 10550 11017
f 10549 11017 10550
f 10371 10501 11014
f 11016 10506 10371
f 10506 10501 10371
f 11014 10112 10111
f 11018 10372 10369
f 10111 10371 11014
f 10369 11015 11018
f 10112 11014 11015
f 10369 10109 11015
f 10371 10370 11016
f 11015 10109 10112
f 10370 10372 11018
f 11018 11016 10370
f 11018 11019 11020
f 11020 10550 11018
f 11015 11019 11018
f 11019 11015 10570
f 10570 11020 11019
f 11021 10552 10550
f 10550 11020 11021
f 10554 10552 11021
f 10570 11021 11020
f 10570 10554 11021
f 10570 11013 11022
f 11023 10564 10214
f 11024 11023 10214
f 10214 10562 11024
f 11026 10214 11025
f 11026 10562 10214
f 10562 10563 11024
f 11024 10564 11023
f 10563 10142 10564
f 11024 10563 10564
f 10564 10142 11027
f 11027 10565 10564
f 10572 11028 11026
f 11026 11025 10572
f 11027 11029 11030
f 11030 10565 11027
f 11029 11028 10572
f 10572 11030 11029
f 10569 10567 11030
f 10567 10565 11030
f 11030 10572 10569
f 11026 10563 10562
f 10142 11026 11028
f 10142 10563 11026
f 11028 11027 10142
f 11028 11029 11027
f 11031 10580 10573
f 11032 11031 10573
f 10573 10575 11032
f 10573 11033 10575
f 10575 10579 11032
f 10580 11031 11032
f 10579 11034 10580
f 11032 10579 10580
f 10580 11034 11035
f 11035 10581 10580
f 10617 11036 11033
f 11033 10573 10617
f 11035 11037 11038
f 11038 10581 11035
f 11037 11036 10617
f 10617 11038 11037
f 10585 10583 11038
f 10583 10581 11038
f 11038 10617 10585
f 11034 11033 11036
f 11033 10579 10575
f 11033 11034 10579
f 11035 11034 11036
f 11036 11037 11035
f 11039 10590 10591
f 11040 11039 10591
f 10591 10587 11040
f 10587 10589 11040
f 10590 11039 11040
f 11040 10589 10590
f 10590 10589 11041
f 11041 11042 10590
f 11044 11045 10587
f 10587 10591 11044
f 10589 10587 10375
f 10587 11045 10124
f 10373 10123 11045
f 10587 10125 10375
f 10373 11045 11041
f 11041 10589 10374
f 10589 10375 10376
f 10587 10124 10125
f 10123 10124 11045
f 11041 10374 10373
f 10376 10374 10589
f 11045 11043 11041
f 11041 11043 11046
f 11046 11042 11041
f 11043 11045 11044
f 11044 11046 11043
f 11046 11044 11047
f 11046 11049 11048
f 11046 11048 11042
f 11047 11049 11046
f 11050 11049 11047
f 11047 11051 11050
f 11051 11052 11050
f 11050 11048 11049
f 11050 11052 11048
f 10593 11048 11052
f 11052 10592 10593
f 10599 11053 11054
f 11053 10167 11054
f 10594 10595 11055
f 11055 11053 10594
f 10593 10592 11056
f 11056 10594 10593
f 11057 10599 11058
f 11058 11059 11057
f 11056 10595 10594
f 11055 10167 11053
f 11054 11058 10599
f 11059 11058 11060
f 11054 11060 11058
f 11055 11054 10167
f 10595 11056 11055
f 10215 11061 11051
f 11051 11047 10215
f 10592 11052 11051
f 11059 11060 11063
f 10592 11061 11064
f 11065 11054 11055
f 10211 11063 11060
f 11064 11056 10592
f 10213 11055 11056
f 11055 10213 11065
f 11063 11062 11059
f 11056 11064 10213
f 11060 11054 10211
f 11065 10211 11054
f 11051 11061 10592
f 11066 10213 11064
f 11067 10217 10213
f 10217 11068 11065
f 11065 10213 10217
f 11068 11069 10211
f 11063 10211 11069
f 11069 11070 11063
f 10215 11071 11064
f 11066 11064 11071
f 11071 11067 11066
f 11070 11072 11063
f 11072 10220 11062
f 11062 11063 11072
f 11064 11061 10215
f 10211 11065 11068
f 10213 11066 11067
f 11073 11057 11059
f 11059 11062 10220
f 10220 11073 11059
f 11072 11074 10220
f 11069 11072 11070
f 11071 10217 11067
f 11057 11073 10220
f 11075 11073 10220
f 10220 9879 11075
f 10220 9879 11076
f 11081 11082 11080
f 10220 11083 11082
f 11078 11084 11077
f 11082 11083 11080
f 11057 11073 11075
f 11057 11075 11085
f 11085 10601 11057
f 10608 10606 11086
f 10606 10607 11086
f 10604 11087 11088
f 11088 10606 10604
f 10601 11085 10605
f 10605 10604 10601
f 10612 11089 10610
f 10605 11087 10604
f 11088 10607 10606
f 11086 10612 10608
f 11048 10593 10590
f 10593 11048 10594
f 11057 10601 10599
f 11053 10596 10594
f 11048 10590 11042
f 10596 11053 10599
f 11088 11086 10607
f 11087 11090 11088
f 11085 11090 10605
f 11087 10605 11090
f 10612 10613 11089
f 10613 10614 10610
f 10613 10611 10610
f 10610 11089 10613
f 10613 11091 10615
f 10615 10611 10613
f 11085 11075 9784
f 9784 11090 11085
f 11092 11088 11090
f 11093 11091 10613
f 11090 9784 11092
f 9776 11086 11088
f 9776 11093 10612
f 11088 11092 9776
f 10613 10612 11093
f 10612 11086 9776
f 9879 9784 11075
f 11092 9784 11094
f 9776 11092 11095
f 11093 11096 11091
f 11094 11081 11080
f 11079 11095 11092
f 11092 11080 11079
f 11093 9776 11079
f 11079 11078 11093
f 11082 9784 9879
f 11081 11094 9784
f 9784 11082 11081
f 11078 11077 11096
f 11096 11093 11078
f 9879 10220 11082
f 9776 11095 11079
f 11080 11092 11094
f 10616 10610 10611
f 10616 10614 10610
f 10616 10615 11091
f 11091 11077 10616
f 11091 11096 11077
f 10616 11077 11084
f 11097 10656 10657
f 10657 10842 11097
f 10658 11097 10842
f 10842 11098 10658
f 10842 10225 11101
f 10842 11099 10225
f 10842 11101 11100
f 10658 10656 11097
f 10660 11097 10658
f 10658 10659 10660
f 11102 10668 11103
f 11103 11104 11102
f 10660 10659 10668
f 10668 11102 10660
f 11104 11103 10666
f 10666 10665 11104
f 11100 11105 11098
f 11098 10842 11100
f 11105 10659 10658
f 10659 11105 11107
f 9765 11103 10668
f 11107 10668 10659
f 10668 11107 9765
f 10666 11103 11108
f 9765 11108 11103
f 11108 11106 10666
f 11098 11105 10658
f 11108 9765 11110
f 11110 11107 11109
f 11107 11110 9765
f 11111 11112 11110
f 11108 11110 11112
f 11112 11113 11108
f 11100 11114 11107
f 11109 11107 11114
f 11114 11111 11109
f 11113 11115 11108
f 11115 11116 11106
f 11106 11108 11115
f 11107 11105 11100
f 11110 11109 11111
f 10666 11117 10665
f 10666 11106 11116
f 11116 11117 10666
f 11111 11114 11100
f 11112 11115 11113
f 11111 11114 11112
f 11101 10225 11111
f 11100 11101 11111
f 11116 11119 11118
f 11116 11118 11117
f 11121 11117 11118
f 11118 11122 11121
f 11118 11119 11123
f 11118 11123 11122
f 10232 11125 11127
f 11120 11117 11121
f 11121 11122 11128
f 11129 11130 11131
f 11131 11132 11129
f 11129 11120 11121
f 11132 11131 11133
f 11133 11134 11132
f 11121 11130 11129
f 11123 11128 11122
f 11123 11122 11106
f 11123 11121 11128
f 9767 11130 11121
f 9764 11131 11130
f 9764 11135 11133
f 11130 9767 9764
f 11133 11131 9764
f 11121 11123 9767
f 9764 9767 10232
f 9767 11124 10232
f 10232 11127 9764
f 11123 11119 11124
f 11124 9767 11123
f 11135 9764 11125
f 9764 11127 11125
f 11125 11126 11135
f 11133 11136 11134
f 11133 11137 11136
f 11133 11135 11138
f 11138 11137 11133
f 11126 11138 11135
f 11140 11141 11126
f 11142 11139 11137
f 11141 11142 11138
f 11138 11126 11141
f 11137 11138 11142
f 11139 11143 11142
f 11141 11140 11143
f 11142 11143 11141
f 11142 11144 11139
f 11142 11145 11144
f 11144 11147 11146
f 11148 11139 11144
f 11146 11148 11144
f 11145 11142 11141
f 11145 11141 11140
f 11149 11145 11140
f 11149 11150 10871
f 11145 11149 10871
f 11151 11150 11149
f 11149 11140 11151
f 11132 11153 11154
f 11154 11129 11132
f 11146 11147 11153
f 11153 11132 11146
f 11129 11130 11155
f 11155 11156 11129
f 11154 11130 11129
f 11147 9893 11153
f 11130 11154 11155
f 11154 11153 9893
f 11155 11157 10669
f 11155 10669 11158
f 11151 11159 11152
f 11152 11150 11151
f 11160 11150 11152
f 11161 11158 7469
f 11161 10669 11158
f 11161 11155 11158
f 11155 11161 11117
f 11155 11117 11120
f 11155 11120 11156
f 10669 11161 10670
f 10669 10670 11158
f 10670 7469 11158
f 10670 11161 7469
f 10669 11157 11158
f 11158 11157 11155
f 11162 11163 11164
f 11163 11161 11158
f 11146 11162 9893
f 11162 11165 9893
f 9893 11147 11146
f 11158 11164 11163
f 11164 11165 11162
f 11164 9893 11165
f 11164 11158 11155
f 10288 11146 11147
f 11147 11166 10288
f 10294 11167 11168
f 11167 11169 11168
f 11167 10290 9985
f 10290 10291 11170
f 10291 9989 11170
f 10292 9982 11171
f 11171 10291 10292
f 11172 11173 9982
f 9982 10292 11172
f 10288 11166 11174
f 11174 11172 10288
f 11174 11173 11172
f 11171 9989 10291
f 11170 9985 10290
f 9985 11169 11167
f 11168 11175 10294
f 9985 11168 11169
f 9989 11171 11170
f 11173 11174 9982
f 11175 11176 11177
f 11177 10294 11175
f 11178 11179 11180
f 11180 11181 11178
f 11177 11176 10032
f 10032 11178 11177
f 11181 11180 11182
f 11182 11183 11181
f 10032 11179 11178
f 11184 11182 11180
f 11179 10032 11180
f 11185 11182 11184
f 10701 11182 11185
f 11183 11182 7457
f 11182 11183 10700
f 10701 10700 11183
f 11182 10701 11183
f 11182 10700 10701
f 11186 11187 11184
f 11182 11184 11187
f 11187 10701 11182
f 10701 11187 11183
f 11182 10701 11184
f 11184 10701 11185
f 11188 11189 11190
f 11189 11191 11190
f 11189 11186 11184
f 11177 11188 11192
f 11192 11176 11177
f 11184 11191 11189
f 11190 11192 11188
f 11190 10032 11192
f 11184 11190 11191
f 11176 11192 10032
f 11193 11195 11194
f 11195 11177 11176
f 11176 11194 11195
f 11193 11194 11197
f 11194 11196 11197
f 11199 11198 10886
f 10886 11198 11196
f 11200 11198 11199
f 11199 11201 11200
f 11204 11202 11203
f 11204 11199 11202
f 11205 11203 11202
f 11202 10183 11206
f 11206 11205 11202
f 10183 11208 11206
f 11207 11206 11208
f 11207 11208 11210
f 11208 11209 11210
f 11211 11160 11159
f 11160 11152 11159
f 11211 11212 11160
f 10178 11160 11212
f 11212 11213 10178
f 11213 11214 11215
f 11215 10178 11213
f 11151 11217 11159
f 11218 11215 11214
f 11218 11216 11215
f 11218 11219 11216
f 11220 11221 11216
f 11216 11219 11220
f 11224 11225 11222
f 11226 11221 11220
f 11220 11222 11226
f 11222 11223 11226
f 11216 11221 9930
f 11225 11227 11222
f 11227 11226 11222
f 11226 9925 11221
f 9930 11221 9925
f 9925 11226 11227
f 9928 9925 11228
f 9933 9932 11229
f 9932 11230 11229
f 9930 9933 11229
f 9934 11230 9932
f 11228 9927 9928
f 9934 11229 11230
f 11231 9930 11229
f 9934 11232 11229
f 11227 11225 11233
f 11233 11234 11227
f 11234 11233 11235
f 11236 11234 11235
f 11239 11238 11237
f 11237 11240 11239
f 11240 11237 11234
f 11240 11234 11236
f 11235 11241 11242
f 11242 11236 11235
f 11242 11240 11236
f 11240 9937 11243
f 11243 11239 11240
f 11245 11244 11243
f 11243 11242 11245
f 11247 11244 11246
f 11249 11248 11247
f 11250 11249 11247
f 11250 11247 11245
f 11247 11246 11245
f 11251 11248 11249
f 11249 11252 11251
f 11254 11251 11252
f 11254 11253 11251
f 11256 11255 11253
f 11253 11257 11256
f 11260 11258 11261
f 11258 11255 11261
f 11259 11258 11260
f 11262 11259 11260
f 11260 11263 11262
f 11264 11262 11263
f 11264 11266 11265
f 11267 11264 11263
f 11267 11266 11264
f 10876 11265 11269
f 11268 11269 11265
f 10235 11268 11265
f 11265 11267 10235
f 11268 11270 11271
f 11268 11271 11269
f 11273 11272 11274
f 11272 11271 11274
f 11166 11272 11273
f 11273 11275 11166
f 11275 11276 11174
f 11276 11173 11174
f 11276 11277 9982
f 11277 11278 9982
f 11277 11279 11280
f 11279 11281 11280
f 11282 11283 11284
f 11284 11279 11282
f 11285 11168 9985
f 9985 11282 11285
f 11286 11175 11168
f 11168 11285 11286
f 9985 11283 11282
f 11284 11281 11279
f 11280 11278 11277
f 9982 11173 11276
f 11174 11166 11275
f 11283 9985 11284
f 11284 11280 11281
f 11280 9982 11278
f 11175 11286 11287
f 11287 11288 11175
f 11289 11290 11288
f 11291 11288 11287
f 11291 11289 11288
f 11293 11289 11292
f 11289 11293 11290
f 11294 11290 11293
f 11290 11294 10881
f 11295 11294 11293
f 11293 10244 11295
f 11297 11294 11296
f 11299 11297 11295
f 11297 11296 11295
f 11298 11297 11299
f 11298 11299 11300
f 11300 11301 11298
f 11302 11301 11300
f 11300 11303 11302
f 11305 11302 11303
f 11305 11304 11302
f 11307 11306 11304
f 11304 11308 11307
f 11310 11309 11311
f 11309 11306 11311
f 11310 11312 11309
f 11309 11312 11313
f 11313 11314 11309
f 11317 11315 11316
f 11313 11317 11315
f 11313 11315 11314
f 11315 11318 11319
f 11320 11315 11317
f 11320 11318 11315
f 11319 11318 11321
f 11323 11321 11318
f 11318 11320 11323
f 11322 11324 11325
f 11322 11325 11326
f 11322 11326 11327
f 11329 11324 11323
f 11324 11322 11323
f 11323 11330 11329
f 11329 11331 11328
f 11328 11325 11329
f 11325 11324 11329
f 11332 11328 11331
f 11331 11333 11332
f 11332 11325 11328
f 11302 11304 11306
f 11166 11251 11259
f 9982 11280 11171
f 11280 11284 11170
f 11306 11309 11302
f 11166 11248 11251
f 11170 11171 11280
f 11272 11166 11262
f 11288 10884 11298
f 11288 11298 11175
f 11251 11253 11255
f 11309 11175 11301
f 11259 11262 11166
f 9985 11170 11284
f 11255 11258 11251
f 11175 11298 11301
f 11166 11272 11174
f 11327 11319 11321
f 11176 11325 11332
f 11327 11315 11318
f 11176 11315 11325
f 11175 11309 11314
f 11321 10067 11327
f 11318 11319 11327
f 11248 11166 11147
f 11239 11243 11247
f 10067 11322 11327
f 11332 10183 11176
f 11251 11258 11259
f 11248 11147 11234
f 11247 11238 11239
f 11202 7501 11176
f 11208 11332 10017
f 11147 11227 11234
f 11155 11154 11164
f 11315 11327 11326
f 10183 11202 11176
f 11332 11208 10183
f 11314 11176 11175
f 11309 11301 11302
f 10178 9927 11227
f 11160 10178 11147
f 11160 11147 9916
f 10178 11227 11147
f 11237 11238 11247
f 11315 11326 11325
f 11244 11247 11243
f 11262 10878 11272
f 11234 11237 11247
f 11190 11180 10032
f 9893 11164 11154
f 11180 11190 11184
f 11234 11247 11248
f 11314 11315 11176
f 9921 11147 11144
f 11144 11145 9921
f 11147 9921 10875
f 11194 11176 7500
f 11147 10875 9916
f 10872 11150 11160
f 11160 9916 10872
f 11176 10888 7500
f 11176 7501 10888
f 11145 10873 10874
f 10879 11262 11264
f 10884 10883 11298
f 11145 10871 10873
f 11145 10874 9921
f 11196 7500 10887
f 11262 10879 10878
f 7500 11196 11194
f 10872 10871 11150
f 9955 11264 11265
f 11288 11290 10885
f 11294 11297 10006
f 11196 10887 10889
f 10878 9952 11272
f 11265 9961 9955
f 11202 7509 7501
f 10003 10882 11294
f 11297 10883 10006
f 9952 10877 11272
f 11265 10880 9961
f 11202 11199 7509
f 11199 10886 7509
f 10006 10003 11294
f 11297 11298 10883
f 11269 11271 10877
f 10889 10886 11196
f 11265 10876 10880
f 11288 9999 10884
f 11288 10885 9999
f 11269 10877 10876
f 9955 10879 11264
f 10881 10885 11290
f 10877 11271 11272
f 11215 11216 9934
f 10882 10881 11294
f 9934 10178 11215
f 11216 11229 11232
f 10012 11334 11209
f 11216 11231 11229
f 11208 10017 10012
f 11227 9927 11228
f 11216 9930 11231
f 11216 11232 9934
f 11209 11335 10018
f 9934 9927 10178
f 11209 11208 10012
f 11334 11335 11209
f 11332 11336 10017
f 11332 10010 11336
f 10018 10009 11209
f 11228 9925 11227
f 11337 11332 11333
f 11337 11338 11332
f 10015 10018 11335
f 10011 10015 11335
f 10010 10019 11336
f 10017 11336 10019
f 11334 10012 10011
f 11335 11334 10011
f 11339 10009 10010
f 10010 11338 11339
f 10010 11332 11338
f 10009 11339 11209
f 11340 11209 11339
f 11339 11341 11340
f 11243 11240 11242
f 11245 11242 11342
f 11246 11244 11245
f 11252 11343 11254
f 11252 11344 11343
f 11254 11257 11253
f 11255 11256 11261
f 11345 11260 11261
f 11267 11265 11266
f 11347 10235 11267
f 10235 11274 11268
f 11270 11268 11274
f 11271 11270 11274
f 11291 10244 11293
f 11293 11292 11291
f 11291 11292 11289
f 11295 10244 11348
f 11296 11294 11295
f 11305 11350 11351
f 11303 11350 11305
f 11304 11305 11308
f 11353 11354 11307
f 11353 11311 11306
f 11307 11354 11306
f 11306 11354 11353
f 11311 11353 11310
f 11312 11310 11353
f 11319 11318 11320
f 11320 11355 11323
f 11322 10067 11323
f 10067 11321 11323
f 11333 11356 11337
f 11338 11337 11357
f 11339 11357 11337
f 11339 11338 11357
f 11339 11337 11341
f 11340 11210 11209
f 11199 11204 11201
f 11204 11358 11201
f 11196 11198 11200
f 11200 11359 11196
f 11359 11197 11196
f 11197 11360 11193
f 11359 11360 11197
f 11200 11359 11360
f 11359 11200 11361
f 11362 11273 11274
f 11363 11362 11274
f 11274 11270 11363
f 11273 11362 11363
f 11273 11363 11365
f 11365 11366 11273
f 11367 11365 11363
f 11364 11368 11270
f 11270 11274 11364
f 11270 11368 11369
f 11370 11369 11371
f 11369 11370 11363
f 11365 11367 11370
f 11367 11363 11370
f 11270 11369 11363
f 11369 11368 11371
f 11365 11370 11371
f 11372 11366 11365
f 11365 11371 11373
f 11373 11372 11365
f 11364 11373 11368
f 11371 11368 11373
f 11375 11372 11373
f 11373 11371 11375
f 11374 10236 11376
f 11371 11373 11374
f 11376 9964 11371
f 11371 11374 11376
f 11371 9964 11377
f 11376 11378 11379
f 11378 11380 11381
f 11380 10870 11382
f 11382 11381 11380
f 11381 11379 11378
f 11379 9964 11376
f 11379 11377 9964
f 11381 11382 11383
f 11366 11372 11375
f 11365 11375 11366
f 11384 11366 11375
f 11375 11385 11384
f 11385 11375 11371
f 11386 11387 11174
f 11371 11174 11385
f 11386 9981 11387
f 11174 11371 11386
f 11386 11377 11379
f 11386 11371 11377
f 11386 11379 11381
f 11382 11388 11381
f 11388 11386 11381
f 11387 9981 11280
f 11280 10863 11389
f 11387 11389 11276
f 11174 11276 11384
f 11384 11385 11174
f 11276 11174 11387
f 11389 11387 11280
f 9981 11386 9980
f 11386 11388 11382
f 10866 11386 11382
f 11386 10866 10865
f 10864 9980 11386
f 10865 10864 11386
f 11280 9981 10864
f 10864 10863 11280
f 10870 10866 11382
f 11378 11376 10236
f 10867 10866 10870
f 10868 11390 10859
f 11284 10861 10860
f 10860 11391 9983
f 11391 10860 10859
f 10859 10868 11391
f 10868 11392 11393
f 10868 11393 11391
f 11392 10868 10869
f 10860 9983 11284
f 10243 11394 11395
f 11391 11397 9983
f 10869 11396 11399
f 11396 11395 11400
f 11395 11394 9993
f 9993 11400 11395
f 11400 11399 11396
f 11399 11392 10869
f 11401 11402 11285
f 11168 11285 11403
f 11404 11403 10861
f 10861 11284 11404
f 11403 11404 11168
f 11285 11168 11401
f 11404 11284 9983
f 11402 11401 11405
f 11405 11406 11402
f 11399 11392 11398
f 11394 11408 11409
f 11409 9993 11394
f 11391 11409 11168
f 11405 11401 11409
f 11399 11393 11392
f 11400 9993 11391
f 11401 11168 11409
f 11397 11168 11404
f 9993 11409 11391
f 9983 11397 11404
f 11399 11391 11393
f 11168 11397 11391
f 11399 11400 11391
f 11407 11405 11406
f 11406 11405 11410
f 11405 11409 11411
f 11411 11410 11405
f 11408 11394 10243
f 11409 11408 11411
f 11407 11410 11411
f 11411 11409 11407
f 11291 10245 11412
f 11411 11413 11409
f 11413 11411 10245
f 11409 11414 11407
f 11407 11415 11406
f 11407 11406 11410
f 11406 11415 11416
f 11416 11287 11406
f 11279 10862 10861
f 11279 10863 10862
f 11275 11384 11276
f 11389 11277 11276
f 10863 11279 11277
f 11286 11285 11406
f 11366 11275 11273
f 11282 11279 10861
f 11285 11282 11403
f 11389 10863 11277
f 11406 11287 11286
f 11282 10861 11403
f 11285 11402 11406
f 11366 11384 11275
f 11291 11292 11413
f 11413 10245 11291
f 11418 11287 11416
f 11416 11292 11291
f 11291 11418 11416
f 11291 11287 11418
f 11292 11417 11413
f 11292 11415 11407
f 11292 11416 11415
f 11407 11409 11413
f 11413 11417 11407
f 11417 11292 11407
f 11419 11211 11159
f 11159 11420 11419
f 11420 11159 11217
f 11422 11420 11217
f 11211 11419 11423
f 11423 11213 11211
f 11212 11211 11213
f 11421 11424 11422
f 11422 11217 11421
f 11423 10178 11215
f 11215 11423 11425
f 11426 11213 11215
f 11423 11215 11213
f 11218 11426 11215
f 11427 11214 11213
f 11213 11426 11427
f 11218 11214 11427
f 11218 11427 11426
f 11420 11422 11424
f 11423 11419 11420
f 11424 11216 11425
f 11425 11420 11424
f 11425 11423 11420
f 11215 11425 11216
f 11216 11424 11421
f 11421 11218 11216
f 11428 11224 11222
f 11429 11428 11222
f 11222 11226 11429
f 11242 11223 11430
f 11429 11224 11428
f 11224 11429 11431
f 11431 11235 11224
f 11233 11225 11224
f 11224 11235 11233
f 11431 11433 11235
f 11433 11434 11235
f 11434 11431 11432
f 11434 11433 11431
f 11432 11240 11434
f 11240 11432 11431
f 11240 11431 11429
f 11429 11226 11240
f 11223 11242 11240
f 11240 11226 11223
f 11434 11240 11242
f 11242 11235 11434
f 11436 11250 11245
f 11245 11437 11436
f 11245 11244 11437
f 11437 11245 11438
f 11436 11435 11250
f 11435 11436 11439
f 11435 11439 11440
f 11440 11439 11441
f 11441 11344 11440
f 11249 11440 11344
f 11344 11252 11249
f 11440 11249 11250
f 11250 11435 11440
f 11343 11442 11437
f 11437 11438 11343
f 11441 11443 11444
f 11444 11344 11441
f 11443 11442 11343
f 11343 11444 11443
f 11343 11344 11444
f 11441 11439 9947
f 9944 9947 11439
f 11441 9940 10357
f 9947 9940 11441
f 10357 10356 11442
f 11439 11436 9944
f 11436 11437 9944
f 10355 9944 11437
f 10357 11442 11441
f 11442 10356 10355
f 10355 11437 11442
f 11443 11441 11442
f 11343 11438 11245
f 11256 11346 11445
f 11261 11445 11345
f 11445 11261 11256
f 11446 11345 11445
f 11445 11447 11446
f 11447 11445 11346
f 11345 11446 11448
f 11345 11448 11449
f 11449 11450 11345
f 11263 11260 11345
f 11345 11450 11263
f 11449 11448 11446
f 11451 11449 11446
f 10234 11452 11447
f 11447 11346 10234
f 11449 11263 11450
f 11449 11451 11263
f 11451 11452 11267
f 11267 11263 11451
f 11452 11451 11446
f 11447 11452 11446
f 10234 11267 11452
f 11349 11453 11299
f 11299 11295 11349
f 11454 11453 11349
f 11349 11455 11454
f 11454 11456 11453
f 11453 11299 11454
f 11453 11456 11457
f 11457 11351 11453
f 11303 11300 11350
f 11300 11299 11453
f 11351 11350 11300
f 11453 11351 11300
f 11458 11456 11454
f 11456 11458 11457
f 11352 11459 11455
f 11455 11349 11352
f 11457 11458 11351
f 11458 11459 11460
f 11460 11351 11458
f 11352 11308 11305
f 11350 11460 11305
f 11305 11460 11352
f 11350 11351 11460
f 11455 11458 11454
f 11455 11459 11458
f 11352 11460 11459
f 11461 11312 11353
f 11462 11461 11353
f 11353 11463 11462
f 11463 11464 11462
f 11312 11461 11462
f 11462 11464 11312
f 11312 11464 11465
f 11465 11466 11312
f 11317 11466 11467
f 11466 11313 11312
f 11317 11313 11466
f 11320 11468 11463
f 11463 11353 11320
f 11465 11467 11466
f 11465 11469 11467
f 11467 11469 11317
f 11469 11319 11320
f 11320 11317 11469
f 11469 11465 10066
f 11468 11469 10066
f 11463 11468 10360
f 11465 11464 10069
f 10358 11464 11463
f 11468 10066 10360
f 11464 10080 10069
f 10360 10359 11463
f 10069 10066 11465
f 11464 10358 10080
f 10359 10358 11463
f 11468 11319 11469
f 11319 11468 11320
f 11470 11329 11323
f 11323 11322 11470
f 11471 11357 11323
f 11328 11473 11470
f 11472 11328 11470
f 11473 11328 11329
f 11470 11473 11329
f 11329 11328 11474
f 11474 11356 11329
f 11331 11329 11356
f 11356 11333 11331
f 11475 11356 11474
f 11322 11338 11474
f 11474 11470 11322
f 11470 11474 11328
f 11357 11338 11322
f 11322 11323 11357
f 11474 11338 11337
f 11337 11475 11474
f 11337 11356 11475
f 11476 11207 11210
f 11476 11477 11207
f 11206 11207 11477
f 11477 11476 11210
f 11478 11477 11210
f 11210 11209 11478
f 11480 11209 11210
f 11210 11479 11480
f 11478 11481 11206
f 11208 11478 11206
f 11206 11477 11478
f 11208 11481 11478
f 11206 11481 11482
f 11482 11203 11206
f 11206 11203 11205
f 11358 11483 11480
f 11480 11479 11358
f 11482 10023 11204
f 11204 11203 11482
f 11483 10023 11480
f 11482 11481 11478
f 11482 11480 10023
f 11482 11478 11209
f 11209 11480 11482
f 11358 11204 10023
f 10023 11483 11358
f 11359 11361 11484
f 11197 11484 11485
f 11485 11193 11197
f 11484 11197 11359
f 11486 11485 11484
f 11484 11487 11486
f 11487 11484 11361
f 11491 11488 10250
f 11485 11486 11492
f 11493 11492 11486
f 11189 11188 11494
f 11494 11191 11189
f 11188 11493 11486
f 11189 11191 11495
f 11495 11186 11189
f 11486 11494 11188
f 11496 11497 11495
f 10030 11494 11486
f 10030 10128 11191
f 10128 11496 11495
f 11191 11494 10030
f 11495 11191 10128
f 11486 11487 10030
f 10030 11491 10250
f 10250 10128 10030
f 10250 11489 10128
f 11487 11361 11488
f 11488 10030 11487
f 11496 10128 11489
f 11489 11490 11496
f 11488 11491 10030
f 11499 11497 11496
f 11498 11499 11496
f 11495 11497 11499
f 11499 11498 11495
f 11187 11186 11495
f 11495 11498 11500
f 11500 11187 11495
f 11500 11498 11496
f 11490 11500 11496
f 11500 11490 11501
f 11500 11501 11187
f 10702 11187 11501
f 11501 11498 10702
f 11504 11503 11505
f 10254 11502 11504
f 11506 11507 11505
f 11503 11504 11502
f 10704 11187 10702
f 11508 11509 11510
f 11509 10704 10702
f 10707 11508 10706
f 10706 10708 10707
f 10702 11510 11509
f 11510 10706 11508
f 10707 10708 10712
f 10712 11511 10707
f 11513 11506 11505
f 11504 11514 11515
f 11515 11505 11504
f 11507 11513 11498
f 11513 11507 11506
f 11514 11504 11503
f 11502 11516 11517
f 11517 11503 11502
f 11503 11517 11514
f 11498 11501 11507
f 11505 11515 11513
f 11517 9761 11515
f 11514 11517 11515
f 11513 11515 9761
f 11502 10724 11518
f 11518 11516 11502
f 10712 11518 11512
f 11513 11510 10702
f 10702 11498 11513
f 10708 11516 11518
f 9761 11517 10706
f 11510 11513 9761
f 10708 10706 11517
f 10706 11510 9761
f 10712 10708 11518
f 11517 11516 10708
f 10712 10711 11511
f 10712 11512 11511
f 11512 11518 10724
f 10724 11511 11512
f 10715 10711 11511
f 11511 10724 10715
f 10724 11502 10254
f 10254 11519 10724
f 11522 10190 10191
f 10191 11523 11524
f 11520 11525 11521
f 11528 10199 11529
f 11526 10203 11520
f 11524 11522 10191
f 10191 11527 11523
f 11528 11527 10199
f 10199 11530 11529
f 11520 11521 11526
f 11520 11529 11525
f 11527 10191 10199
f 11520 11528 11529
f 10203 10190 11532
f 11531 11530 10199
f 11532 11520 10203
f 11526 11531 10203
f 11531 10199 10203
f 11522 11532 10190
f 11526 11521 11533
f 11533 11534 11526
f 11534 11531 11526
f 11534 11535 11531
f 11535 11530 11531
f 11529 11530 11537
f 11536 11537 11530
f 11537 11525 11529
f 11538 11521 11525
f 11538 11533 11521
f 11537 11538 11525
f 11535 11536 11530
f 11533 11539 11534
f 11532 11522 11541
f 11522 11540 11541
f 11532 11541 11542
f 11542 11520 11532
f 11520 11542 11543
f 11544 11528 11520
f 11520 11543 11544
f 11527 11528 11544
f 11544 11545 11527
f 11523 11527 11546
f 11527 11545 11546
f 11546 11524 11523
f 11546 11547 11524
f 11547 11522 11524
f 11547 11540 11522
f 11543 11544 11542
f 11545 11546 11544
f 11546 11548 11547
f 11548 11545 11544
f 11546 11545 11548
f 11540 11547 11549
f 11543 11542 11550
f 11551 11542 11541
f 11543 11550 11544
f 11541 11549 11551
f 11542 11551 11550
f 11541 11540 11549
f 11544 11552 11548
f 11553 11554 11548
f 11548 11552 11553
f 11550 11552 11544
f 11554 11556 11547
f 11547 11548 11554
f 11553 11552 11550
f 11550 11557 11553
f 11558 11554 11555
f 11558 11556 11554
f 11556 11559 11549
f 11549 11547 11556
f 11557 11550 11551
f 11551 11560 11557
f 11560 11551 11549
f 11549 11559 11560
f 11536 11561 11537
f 11533 11538 11539
f 11562 11535 11534
f 11536 11535 11561
f 11535 11562 11561
f 11534 11539 11563
f 11534 11563 11562
f 11565 11566 11538
f 11538 11537 11565
f 11566 11567 11538
f 11564 11538 11567
f 11538 11564 11539
f 11568 11539 11564
f 11564 11567 11568
f 11569 11565 11537
f 11537 11561 11569
f 11567 11557 11568
f 11539 11570 11563
f 11571 11570 11539
f 11539 11568 11571
f 11571 11563 11570
f 11571 11572 11563
f 11568 11557 11571
f 11569 11561 11562
f 11562 11573 11569
f 11573 11562 11563
f 11563 11572 11573
f 11567 11553 11557
f 10513 11572 11571
f 11555 11566 11565
f 10513 11573 11572
f 11565 10456 11555
f 11555 11554 11567
f 10513 11569 11573
f 10456 11565 11569
f 11567 11566 11555
f 11554 11553 11567
f 10455 11558 11555
f 10494 11559 11556
f 11569 10513 10456
f 10455 11556 11558
f 11556 10455 10494
f 11560 10494 11557
f 11571 11557 10494
f 11560 11559 10494
f 11555 10456 10455
f 10494 10513 11571
f 11575 10852 10851
f 10851 11574 11575
f 10851 10857 11574
f 10857 11576 11574
f 10852 11575 10853
f 11576 10857 10858
f 11577 10856 10854
f 10858 10856 11576
f 10854 10853 11577
f 11578 10856 11577
f 11579 11578 11577
f 11577 11580 11579
f 10856 11578 11576
f 11580 11577 10853
f 10853 11582 11580
f 11579 11583 11576
f 11576 11578 11579
f 11580 11582 11584
f 11584 11581 11580
f 11582 10853 11575
f 11575 11585 11582
f 11583 11586 11574
f 11574 11576 11583
f 11586 11585 11575
f 11575 11574 11586
f 10844 11587 10850
f 10844 11588 11587
f 10845 10850 10846
f 10844 10849 11588
f 10849 10848 11589
f 10849 11589 11588
f 10848 10847 11589
f 11587 11590 10850
f 11591 11592 10850
f 10850 11590 11591
f 11593 11591 11587
f 11590 11587 11591
f 11583 11592 11591
f 10850 11594 10846
f 11595 11593 11587
f 11587 11588 11595
f 11592 11596 11594
f 11594 10850 11592
f 11592 11583 11596
f 11596 10846 11594
f 11596 11597 10846
f 11598 11595 11588
f 11588 11589 11598
f 11599 10847 10846
f 10846 11597 11599
f 11586 11583 11591
f 10524 11585 11586
f 10524 11582 11585
f 11584 11582 10454
f 11579 11596 11583
f 10454 11597 11596
f 11591 10517 11586
f 11582 10524 10454
f 11581 10454 11596
f 11599 11597 10454
f 11598 11599 10457
f 10517 11595 11598
f 10517 11593 11595
f 11596 11580 11581
f 11598 10457 10517
f 11591 11593 10517
f 10454 11581 11584
f 11579 11580 11596
f 11586 10517 10524
f 11599 10454 10457
f 11598 11589 10847
f 10847 11599 11598
f 7308 7309 7307
f 7309 11600 7304
f 11600 7314 7305
f 7297 7313 7310
f 7314 7313 7292
f 11600 7305 7304
f 7294 7292 7313
f 7298 7310 7308
f 11601 7309 7308
f 7308 11602 11601
f 11601 11603 7304
f 7304 7309 11601
f 10283 11602 7308
f 7308 7310 10283
f 10286 11603 11601
f 7304 10286 11603
f 11600 7304 7314
f 11603 10278 7314
f 7314 7304 11603
f 10283 7310 7313
f 7313 10280 10283
f 10278 10280 7313
f 7313 7314 10278
f 11603 10286 10278
f 11604 10431 10429
f 11604 10429 10438
f 11605 11604 10437
f 11606 10433 10432
f 11607 11608 10435
f 11607 10435 10433
f 10438 10437 11604
f 10433 11606 11607
f 11608 11605 10436
f 10432 10431 11606
f 10436 10435 11608
f 11605 10437 10436
f 11608 10437 11605
f 11609 10437 11608
f 11608 10309 11609
f 10437 10297 11609
f 10309 10297 11609
f 11610 11604 10437
f 10437 11609 11610
f 10307 10309 11608
f 11608 11607 10307
f 11609 10297 11610
f 11611 10431 11604
f 11604 11610 11611
f 10307 11607 11606
f 11606 10304 10307
f 11611 10304 11606
f 11606 10431 11611
f 10308 10309 10307
f 10307 10305 10306
f 10309 10310 10311
f 10305 10307 10304
f 10278 10286 10276
f 10280 10278 10279
f 10304 10302 10303
f 10311 10297 10309
f 10276 10277 10278
f 10283 10280 10281
f 11602 10283 10284
f 10281 10282 10283
f 10660 10656 11097
f 10660 11102 10661
f 10304 11611 10302
f 10284 10273 11602
f 11102 11104 10662
f 10665 10662 11104
f 11161 10670 10665
f 10604 10333 10335
f 10674 10331 10332
f 10662 10661 11102
f 10323 10686 10322
f 10682 10320 10321
f 10330 10320 10682
f 10332 10333 10604
f 10331 10674 10329
f 10273 11601 11602
f 11163 10285 10286
f 11183 11610 10297
f 10302 10700 10698
f 10684 10321 10322
f 10682 10680 10330
f 10680 10678 10341
f 10662 10670 10273
f 10287 10285 11162
f 10288 10287 11146
f 10326 10691 10325
f 10322 10686 10684
f 10341 10330 10680
f 10678 10677 10338
f 10275 10662 10273
f 10273 10670 11601
f 10288 11172 10293
f 10321 10684 10682
f 10338 10677 10336
f 10285 11163 11162
f 11186 10704 11183
f 10312 10698 10313
f 10338 10341 10678
f 11162 11146 10287
f 11183 10704 10700
f 10294 11177 10295
f 10295 11177 11178
f 11509 10698 10704
f 10312 10302 10698
f 10324 10325 10691
f 10292 10293 11172
f 11178 10296 10295
f 11188 11177 11493
f 11156 11120 11129
f 11508 10705 10698
f 11511 10711 10707
f 10286 11601 11161
f 10665 11117 11161
f 11181 10297 10296
f 11134 11146 11132
f 10698 11509 11508
f 10705 11508 10707
f 10273 10274 10275
f 11167 10289 10290
f 11183 10700 11610
f 10289 11167 10294
f 11178 11181 10296
f 11181 11183 10297
f 10302 11183 10700
f 11177 11492 11493
f 11146 11134 11136
f 10670 11161 11601
f 11186 11183 11187
f 11117 11161 11120
f 11187 10704 11186
f 11161 11163 10286
f 11193 11485 11195
f 11148 11137 11139
f 11148 11136 11137
f 11195 11485 11492
f 11136 11148 11146
f 11177 11195 11492
f 10700 10302 11611
f 11611 11610 10700
f 9814 11613 11612
f 10414 10417 11616
f 11613 9814 9810
f 11614 11616 9800
f 10417 9800 11616
f 11616 11617 10414
f 11615 9810 10416
f 9810 11615 11613
f 9800 9804 11614
f 11617 11615 10414
f 9804 10415 11614
f 11615 10416 10414
f 10415 9814 11612
f 11612 11614 10415
f 11613 11619 11612
f 11619 11620 11612
f 11622 11616 11614
f 11614 11623 11622
f 11614 11612 11620
f 11620 11621 11614
f 11624 11013 11621
f 11621 11620 11624
f 11625 11615 11617
f 11617 11626 11625
f 11615 11618 11613
f 11627 11613 11618
f 11618 11628 11627
f 11615 11625 11628
f 11618 11615 11628
f 11625 11626 11629
f 11630 11629 11626
f 11617 11616 11626
f 11622 11626 11616
f 11631 11622 11623
f 11614 10500 11623
f 11013 10500 11614
f 11614 11621 11013
f 11013 11624 11022
f 11620 11632 11624
f 11632 11620 11619
f 11632 11619 11613
f 11613 11627 11632
f 11632 11627 11628
f 11635 11633 9824
f 11636 9821 9824
f 11638 11637 10406
f 9824 11633 11636
f 11637 11634 9827
f 10409 9821 11636
f 9826 9827 11634
f 11636 11638 10406
f 11637 10408 10406
f 9824 10407 11635
f 9827 10408 11637
f 10407 9826 11634
f 10406 10409 11636
f 11634 11635 10407
f 11633 11635 11640
f 11640 11639 11633
f 11643 11644 11634
f 11634 11637 11643
f 11645 11638 11636
f 11636 11646 11645
f 11634 11642 11640
f 11640 11635 11634
f 11647 11640 11642
f 11642 10835 11647
f 11641 11636 11633
f 11648 11649 11641
f 11641 11633 11648
f 11634 11644 11650
f 11650 10835 11634
f 10835 11642 11634
f 10538 11650 11644
f 11650 10538 10835
f 10839 11647 10835
f 11647 11648 11633
f 11633 11639 11647
f 11647 11639 11640
f 11649 11648 11647
f 11636 11649 11646
f 11636 11641 11649
f 11645 11646 11649
f 11645 11649 11652
f 11652 11651 11645
f 11637 11645 11643
f 11637 11638 11645
f 11644 11643 11653
f 10245 10244 11291
f 10241 11396 10869
f 10242 11395 11396
f 10242 11408 10243
f 11408 10243 10245
f 11396 10241 10242
f 10243 11395 10242
f 10869 10240 10241
f 11408 10245 11411
f 10343 10342 10464
f 11267 10234 10235
f 10236 10238 11378
f 10235 11374 11364
f 11374 10235 10236
f 10238 10239 11380
f 10239 10240 10870
f 11380 11378 10238
f 11364 11274 10235
f 10870 11380 10239
f 10240 10867 10870
f 11373 11364 11374
f 10224 10633 10896
f 10224 10904 10902
f 10224 10893 10892
f 10224 10842 10904
f 10225 10229 11111
f 10234 11245 11342
f 10896 10893 10224
f 10633 10895 10896
f 10842 10841 10904
f 10233 11430 11220
f 11342 11242 10234
f 11654 10591 10617
f 11654 11047 11044
f 10229 10230 11115
f 10233 11126 11125
f 11044 10591 11654
f 10215 11654 10214
f 10215 10217 11071
f 10902 10633 10224
f 10653 10654 10842
f 10657 10653 10842
f 10229 11112 11111
f 10230 11116 11115
f 10232 11124 10231
f 11125 10232 10233
f 11421 10233 11219
f 11343 11245 10234
f 11346 11257 10234
f 10572 11654 10569
f 11654 10215 11047
f 10591 10588 10585
f 10218 11068 10217
f 10218 10219 11069
f 10654 10841 10842
f 11115 11112 10229
f 10233 11140 11126
f 11220 11219 10233
f 11257 11343 10234
f 11654 11025 10214
f 10573 10569 11654
f 11069 11068 10218
f 11072 10219 10220
f 10221 11083 10220
f 10221 10222 11080
f 10223 11078 11079
f 10224 11084 11078
f 10902 10636 10633
f 11151 10233 11217
f 11421 11217 10233
f 11430 11222 11220
f 11219 11218 11421
f 10233 11242 11430
f 10572 11025 11654
f 10617 10573 11654
f 10585 10617 10591
f 11072 11069 10219
f 11080 11083 10221
f 11078 10223 10224
f 10618 10224 10891
f 10654 10651 10841
f 11099 10224 10225
f 11124 11119 10231
f 11151 11140 10233
f 11222 11430 11223
f 11242 10233 10234
f 10222 11079 11080
f 10618 10616 10224
f 10892 10891 10224
f 11116 10230 11119
f 11257 11254 11343
f 11655 10214 10571
f 11079 10222 10223
f 11119 10230 10231
f 11256 11257 11346
f 11654 11656 10216
f 10216 10214 11654
f 10214 11655 11654
f 10347 10216 11657
f 10224 10616 11084
f 11099 10842 10224
f 10216 11656 11657
f 11632 10571 10570
f 10570 11624 11632
f 10570 10571 10554
f 11624 10570 11022
f 10346 10347 11628
f 11628 11625 10346
f 10344 10346 11629
f 11626 10342 10344
f 10342 10466 10463
f 11626 10466 10342
f 11631 11658 11622
f 10344 11630 11626
f 10481 10476 11659
f 10476 10480 11659
f 10500 10490 10487
f 11659 11623 10481
f 11631 11623 11660
f 10487 11623 10500
f 10488 10500 10491
f 11623 10489 10481
f 10480 11661 11659
f 11623 10500 11660
f 11660 11658 11631
f 10500 10488 10490
f 11623 10487 10489
f 10348 11651 11652
f 10254 10910 10721
f 10254 10717 11519
f 10721 10717 10254
f 10269 10936 10938
f 10246 10250 11488
f 10251 11489 10250
f 10253 11505 11507
f 10255 10262 10972
f 10262 10263 10971
f 10251 11490 11489
f 11507 10252 10253
f 11504 10253 10254
f 10971 10972 10262
f 10264 10975 10970
f 10962 10268 10269
f 10246 11200 11201
f 11504 11505 10253
f 10263 10970 10971
f 10265 10975 10264
f 10265 10266 10961
f 10267 10959 10958
f 10246 11471 11323
f 11361 11200 10246
f 11507 11501 10252
f 10910 10723 10721
f 10255 10928 10922
f 10970 10263 10264
f 10266 10958 10961
f 10268 10959 10267
f 10244 11320 11307
f 10246 11479 11341
f 11201 11358 10246
f 11488 11361 10246
f 10255 10920 10737
f 10754 10928 10255
f 10958 10266 10267
f 11320 11353 11307
f 11341 11471 10246
f 11490 10251 11501
f 10722 10910 10734
f 10922 10920 10255
f 10927 10754 10753
f 10972 10974 10255
f 11307 11308 10244
f 11323 11320 10246
f 11358 11479 10246
f 11501 10251 10252
f 10724 10718 10715
f 10255 10737 10912
f 11320 10244 10246
f 10722 10723 10910
f 10254 10912 10910
f 10270 10560 10797
f 10270 11005 10840
f 11341 11337 11471
f 10717 10718 11519
f 10912 10254 10255
f 10740 10737 10920
f 10840 10560 10270
f 11662 11663 10270
f 10738 10920 10916
f 11340 11341 11479
f 10724 11519 10718
f 10927 10928 10754
f 10785 10782 10843
f 11340 11479 11210
f 10269 10797 10995
f 10797 10269 10270
f 10546 11647 10827
f 11357 11471 11337
f 10839 10827 11647
f 10244 11308 11352
f 10738 10740 10920
f 10269 10782 10936
f 10995 10843 10269
f 11649 11664 10271
f 10546 10270 11665
f 10782 10269 10843
f 11664 10270 10271
f 11352 11349 10244
f 11295 10244 11349
f 10270 11664 11662
f 10349 11652 11649
f 11663 11665 10270
f 11665 11647 10546
f 11649 10271 10349
f 10813 10823 10817
f 11666 10810 10817
f 10817 10823 11666
f 10816 10810 11667
f 10810 11668 11667
f 11666 11668 10810
f 10350 10352 10808
f 10352 10799 10798
f 10798 10808 10352
f 11643 11669 11653
f 11645 10348 10350
f 10824 10538 11644
f 10538 10824 10825
f 10821 10539 10538
f 10538 10835 11644
f 10835 11670 11644
f 11653 11669 11670
f 11644 10826 10824
f 10538 11644 11670
f 11670 11644 11653
f 10822 11644 10823
f 10825 10821 10538
f 10538 11670 10835
f 10822 10826 11644
f 11645 11651 10348
f 11652 10349 10348
f 10463 10464 10342
f 11629 11630 10344
f 11625 11629 10346
f 10869 10867 10240
f 10799 10352 10351
f 11668 11666 11667
f 11671 11667 11666
f 11657 11656 11675
f 11674 11675 11656
f 11677 11676 11659
f 10471 11677 11678
f 10480 11678 11659
f 11678 10480 10471
f 11659 11678 11677
f 10466 11626 11679
f 11679 11680 10468
f 10468 10466 11679
f 11660 11626 11622
f 11660 11622 11658
f 11660 11681 11617
f 11617 11626 11660
f 10466 11676 11677
f 10466 11677 10479
f 11677 10471 10479
f 10466 10468 11682
f 11682 11676 10466
f 11659 11683 11681
f 11681 11623 11659
f 11632 11655 10571
f 11632 11684 11685
f 11685 11655 11632
f 11628 11675 11674
f 11657 11675 11628
f 11657 11628 10347
f 11628 11674 11686
f 11686 11618 11628
f 11628 11673 11627
f 11673 11618 11613
f 11613 11627 11673
f 11649 11662 11664
f 11649 11641 11687
f 11687 11662 11649
f 11647 11665 11688
f 11688 11689 11647
f 11672 11649 11648
f 11672 11648 11633
f 11633 11641 11672
f 11670 11643 11645
f 11669 11643 11670
f 11645 11638 11690
f 11690 11670 11645
f 10350 10808 11645
f 10808 11691 11692
f 11692 11645 10808
f 11644 11666 10823
f 11644 11690 11693
f 11693 11666 11644
f 10816 11667 10808
f 11667 11671 10808
f 11671 11694 10807
f 10807 10808 11671
f 11660 11623 11681
f 11681 11680 11617
f 11617 11680 11626
f 11679 11626 11680
f 10468 11683 11682
f 11680 11681 11683
f 11683 10468 11680
f 11682 11659 11676
f 11682 11683 11659
f 11686 11656 11654
f 11686 11654 11655
f 11655 11685 11686
f 11674 11656 11686
f 11673 11628 11618
f 11618 11695 11613
f 11618 11686 11695
f 11619 11684 11632
f 11613 11695 11684
f 11619 11613 11684
f 11686 11684 11695
f 11686 11685 11684
f 11694 11671 11666
f 11666 11693 11694
f 11690 11644 11670
f 10807 11691 10808
f 11692 11690 11638
f 11693 10807 11694
f 10807 11693 11690
f 11692 10807 11690
f 11692 11638 11645
f 11691 10807 11692
f 11647 11689 11639
f 11689 11633 11639
f 11633 11689 11696
f 11641 11649 11672
f 11696 11688 11687
f 11688 11696 11689
f 11641 11696 11687
f 11696 11641 11633
f 11663 11662 11687
f 11687 11688 11663
f 11665 11663 11688
f 11697 11698 11699
f 11699 9796 11697
f 11700 11701 9796
f 9796 11699 11700
f 11701 11700 10116
f 10115 10116 10578
f 10578 10576 10115
f 10116 10115 11701
f 11702 11703 10576
f 10576 10578 11702
f 11703 11702 11704
f 11704 11705 11706
f 11706 11707 11704
f 11704 11707 11703
f 11705 11704 11707
f 11707 11706 11705
f 11708 11705 11704
f 11707 11706 11709
f 10117 10118 11709
f 11709 11708 10117
f 10118 10117 11699
f 11699 9796 10118
f 11699 10117 11700
f 11698 11708 11699
f 10117 11708 11702
f 11702 10578 10117
f 10116 11700 10117
f 11708 11704 11702
f 11701 10118 9796
f 11703 11707 11709
f 10118 10576 11703
f 11703 11709 10118
f 10118 11701 10115
f 9796 11709 11697
f 11709 9796 11699
f 11699 11708 11709
f 11706 11710 11709
f 11708 11711 11705
f 11698 11710 11711
f 11710 11698 11697
f 11710 11697 11709
f 11708 11698 11711
f 11713 11712 11714
f 11714 11706 11715
f 11715 11713 11714
f 11706 11705 11715
f 11711 11710 11712
f 11712 11713 11711
f 11711 11713 11715
f 11715 11705 11711
f 11710 11706 11714
f 11714 11712 11710
f 11716 11717 11718
f 11718 11719 11716
f 11718 11720 11719
f 9737 9739 9741
f 9740 9741 10727
f 9741 9740 11721
f 9741 11721 9737
f 11722 11723 9740
f 9740 10727 11722
f 11722 11724 11725
f 11727 11726 11724
f 11727 11724 11722
f 11726 11727 11717
f 11716 11723 11728
f 11722 11725 11723
f 11725 11728 11723
f 11722 11723 11727
f 10725 9738 11723
f 11723 11727 10725
f 10725 9739 9738
f 9738 9739 11718
f 11718 11719 9738
f 9737 11720 11718
f 11718 9739 9737
f 10725 11727 11722
f 11722 10727 10725
f 10727 9741 9739
f 9739 10725 10727
f 9737 9738 11719
f 11719 11720 9737
f 9738 9740 11723
f 9737 11721 9738
f 11721 9740 9738
f 11716 11727 11723
f 11717 11730 11729
f 11730 11717 11716
f 11716 11717 11727
f 11726 11725 11724
f 11726 11728 11725
f 11731 11728 11726
f 11731 11726 11732
f 11729 11730 11731
f 11731 11732 11729
f 11717 11729 11726
f 11732 11726 11729
f 11730 11728 11731
f 11728 11730 11716
f 11733 11734 11735
f 11735 11736 11733
f 9782 9785 11736
f 11736 11735 9782
f 9785 9782 9775
f 9778 9775 9780
f 9775 9778 9785
f 11737 11738 9780
f 11738 11737 11739
f 11740 11738 11739
f 11737 11741 11739
f 11741 11737 11734
f 11738 11737 9783
f 9783 9782 9785
f 9785 9782 11735
f 11735 11736 9785
f 11742 11735 11734
f 11737 9780 9783
f 9780 9775 9783
f 9775 9782 9783
f 11733 11736 11742
f 9783 9780 11738
f 9783 9785 9778
f 9783 9778 9780
f 11742 11734 11733
f 11742 11736 11735
f 11733 11737 11738
f 11734 11744 11743
f 11734 11733 11744
f 11737 11733 11734
f 11741 11740 11739
f 11741 11745 11744
f 11745 11741 11746
f 11744 11733 11741
f 11738 11740 11741
f 11741 11733 11738
f 11743 11744 11745
f 11745 11746 11743
f 11734 11743 11741
f 11746 11741 11743
f 9948 11748 11747
f 9948 11749 11748
f 9946 9945 11749
f 11749 9948 9946
f 9946 11750 9945
f 11751 11752 10356
f 10356 9947 11751
f 11751 11755 11754
f 11751 11754 11753
f 11751 11753 11752
f 11756 11755 11751
f 11751 11757 11756
f 11752 11757 11751
f 9944 10356 11752
f 11752 11751 9944
f 9945 10356 9944
f 9944 9946 9945
f 9945 9946 9948
f 11751 9947 9944
f 11750 9946 9944
f 9944 9947 11750
f 11747 11748 11758
f 9945 11758 11748
f 11748 11749 9945
f 11757 11752 11753
f 11753 11754 11757
f 9945 11750 9947
f 10356 9945 9947
f 11747 11758 9948
f 11758 9945 9948
f 11757 11754 11759
f 11759 11760 11757
f 11756 11761 11762
f 11762 11755 11756
f 11747 11756 11757
f 11747 11760 11761
f 11761 11756 11747
f 11747 11757 11760
f 11762 11754 11755
f 11760 11759 11762
f 11762 11763 11760
f 11762 11759 11754
f 11760 11763 11761
f 11761 11763 11762
f 11771 11772 11773
f 11771 11770 11774
f 11771 11769 11770
f 11773 11769 11771
f 11769 11776 11775
f 11770 11769 11774
f 11769 11775 11774
f 11765 10124 11766
f 11764 11774 11765
f 10124 11774 11768
f 11768 11767 10124
f 11767 10119 10124
f 10119 11766 10124
f 11774 11769 11768
f 11776 11777 11775
f 11771 11778 11772
f 11764 11779 11778
f 11764 11777 11779
f 11777 11764 11774
f 11778 11771 11774
f 11774 11764 11778
f 11774 11775 11777
f 11783 11776 11782
f 11782 11780 11781
f 11772 11776 11769
f 11781 11783 11782
f 11772 11769 11773
f 11776 11772 11782
f 11778 11779 11780
f 11778 11780 11782
f 11782 11772 11778
f 11779 11777 11781
f 11777 11776 11783
f 11777 11783 11781
f 11781 11780 11779
f 11784 11785 11786
f 11786 11787 11784
f 11786 11788 11787
f 11789 10009 11788
f 11788 11786 11789
f 10011 11789 10009
f 10011 10009 10010
f 10010 10012 10011
f 10012 10010 11790
f 11341 11793 11792
f 11341 11792 11791
f 11341 11791 11790
f 11341 11794 11795
f 11341 11795 11792
f 11784 11793 11796
f 11341 11784 11796
f 11790 11796 11341
f 10010 10009 11790
f 11790 11341 10010
f 11786 10018 10009
f 11786 10009 11789
f 11785 11341 11786
f 11784 11787 10018
f 10018 11788 10009
f 11792 11793 11784
f 10009 10012 11790
f 11791 11792 11784
f 11787 11788 10018
f 10011 10012 10009
f 11796 11790 11791
f 11784 11796 11791
f 11784 10018 11786
f 11786 11341 11784
f 11796 11793 11797
f 11797 11784 11796
f 11341 11798 11794
f 11785 11800 11799
f 11785 11799 11798
f 11784 11800 11785
f 11341 11785 11798
f 11794 11793 11792
f 11792 11795 11794
f 11794 11797 11793
f 11799 11800 11797
f 11798 11799 11794
f 11799 11797 11794
f 11800 11784 11797
f 11801 11802 11803
f 11803 9954 11801
f 11803 11804 9954
f 11804 11803 11805
f 9959 11805 9955
f 9955 9952 9959
f 9952 9955 11806
f 11806 11808 11807
f 11808 11809 11807
f 11807 11801 11810
f 11808 11807 11810
f 9955 10877 11810
f 11810 11806 9955
f 9957 10877 9955
f 9954 9957 9955
f 9955 11805 9954
f 9954 11805 11803
f 11802 11811 11803
f 9954 11804 11805
f 10877 9952 11806
f 11805 9959 9954
f 9952 10877 9957
f 11806 11810 10877
f 9957 9954 9959
f 9957 9959 9952
f 11803 11811 11801
f 11801 11807 11812
f 11808 11802 11809
f 11801 11808 11810
f 11808 11801 11811
f 11802 11808 11811
f 11809 11813 11812
f 11809 11812 11807
f 11813 11809 11802
f 11802 11801 11812
f 11812 11813 11802
f 10438 10437 8313
f 10429 10438 8313
f 11814 10429 8316
f 10432 11814 8309
f 10433 10432 8309
f 10440 10433 8308
f 10435 10440 8308
f 10437 10435 8314
f 8314 8313 10437
f 8317 8314 10435
f 8308 8317 10435
f 8309 8308 10433
f 8316 8309 11814
f 8313 8316 10429
f 10440 11607 10433
f 11814 10432 10431
f 11814 10431 10439
f 10429 11814 10439
f 11815 11607 10440
f 10435 11608 11816
f 10436 10435 10437
f 8309 9494 11817
f 8308 8309 11817
f 8309 11818 8310
f 11817 9497 8308
f 8313 8314 11819
f 8313 8312 8316
f 11819 9495 8313
f 8310 8309 8316
f 8308 11817 10433
f 10431 10432 8309
f 8310 11818 10431
f 8309 8310 10431
f 9494 8309 10432
f 11819 8314 10436
f 10437 9495 11819
f 11819 10436 10437
f 10437 11604 8312
f 8313 9495 10437
f 8312 8313 10437
f 8312 11604 10429
f 10429 10439 8310
f 8316 8312 10429
f 8310 8316 10429
f 8310 10439 10431
f 9494 10432 11606
f 10433 11817 9494
f 9494 11606 10433
f 11817 10433 11607
f 11607 9497 11817
f 9497 11607 11815
f 10435 11816 9496
f 10440 10435 8317
f 11815 10440 8308
f 8308 9497 11815
f 8317 8308 10440
f 9496 8314 10435
f 9496 11816 11608
f 10436 8314 9496
f 9496 11608 10436
f 11826 11827 11828
f 11828 11824 11826
f 11829 11826 11824
f 11829 11824 11825
f 10533 11824 11831
f 11829 11825 10533
f 11825 11824 10533
f 11831 11830 10533
f 11829 11823 11822
f 11820 11829 9713
f 11824 11823 11829
f 11830 11832 10533
f 11826 11833 11827
f 11832 11834 11820
f 11820 11834 11833
f 10533 11832 11820
f 11826 11829 11820
f 11820 11833 11826
f 11820 11829 10533
f 11828 11827 11824
f 11827 11830 11831
f 11836 11830 11827
f 11831 11824 11827
f 11837 11835 11836
f 11836 11827 11837
f 11835 11833 11834
f 11833 11835 11837
f 11837 11827 11833
f 11834 11832 11835
f 11832 11830 11836
f 11836 11835 11832
f 11838 11839 11840
f 11840 11841 11838
f 11842 11843 11841
f 11841 11840 11842
f 11843 11842 10093
f 10094 10093 10793
f 10793 10794 10094
f 10093 10094 11843
f 11844 11845 10794
f 10794 10793 11844
f 11845 11844 11846
f 11846 11847 11848
f 11848 11849 11846
f 11846 11849 11845
f 11847 11846 11849
f 11849 11848 11847
f 11850 11847 11846
f 11849 11848 11851
f 10095 10096 11851
f 11851 11850 10095
f 10096 10095 11840
f 11840 11841 10096
f 11840 10095 11842
f 11839 11850 11840
f 10095 11850 11844
f 11844 10793 10095
f 10093 11842 10095
f 11850 11846 11844
f 11843 10096 11841
f 11845 11849 11851
f 10096 10794 11845
f 11845 11851 10096
f 10096 11843 10094
f 11841 11851 11838
f 11851 11841 11840
f 11840 11850 11851
f 11848 11852 11851
f 11850 11853 11847
f 11839 11852 11853
f 11852 11839 11838
f 11852 11838 11851
f 11850 11839 11853
f 11855 11854 11856
f 11856 11848 11857
f 11857 11855 11856
f 11848 11847 11857
f 11853 11852 11854
f 11854 11855 11853
f 11853 11855 11857
f 11857 11847 11853
f 11852 11848 11856
f 11856 11854 11852
f 7441 7440 7443
f 11858 7442 7441
f 7443 11858 7441
f 11859 11860 11861
f 11863 11862 11864
f 7440 11863 11865
f 11865 7443 7440
f 11864 11865 11863
f 11859 11864 11862
f 11860 11866 11868
f 11869 11861 11860
f 11868 11869 11860
f 11867 11868 11866
f 11870 11871 11867
f 11867 11866 11870
f 11875 11872 11874
f 11870 11875 11871
f 11876 11871 11875
f 11874 11876 11875
f 11873 11874 11872
f 11873 11872 11877
f 11877 11878 11873
f 11871 11868 11867
f 11879 11869 11868
f 7442 11858 7444
f 11868 11867 11879
f 11879 11861 11869
f 7444 11858 7443
f 11880 11859 11861
f 11881 11864 11859
f 11882 7444 7443
f 11861 11879 11880
f 11859 11880 11881
f 11883 11882 11865
f 11881 11883 11864
f 7443 11865 11882
f 11865 11864 11883
f 11874 11873 11876
f 11878 11884 11873
f 7414 7444 7441
f 7425 7414 7441
f 7441 7444 7440
f 7441 7442 7425
f 11866 11860 11879
f 11885 11863 7440
f 11862 11886 11859
f 11886 11879 11860
f 11883 11862 11863
f 11875 11887 11872
f 11863 11885 11883
f 11860 11859 11886
f 7425 7442 7444
f 7444 7414 7425
f 11873 11884 11877
f 11887 11876 11873
f 11873 11872 11887
f 11876 11887 11875
f 11871 11870 11866
f 11866 11868 11871
f 7440 7444 11882
f 11885 11882 11883
f 11862 11881 11880
f 11886 11880 11879
f 11880 11886 11862
f 11881 11862 11883
f 11882 11885 7440
f 11866 11879 11868
f 7423 7442 7425
f 7423 11858 7442
f 11877 11888 11878
f 11890 11877 11884
f 11877 11890 11889
f 11890 11884 11878
f 7441 11858 11878
f 11878 11888 7441
f 11858 7423 11890
f 11890 11878 11858
f 7423 7425 11890
f 7441 11877 11889
f 11889 7425 7441
f 11889 11890 7425
f 7441 11888 11877
f 11891 11892 9815
f 9815 9803 11891
f 11893 11894 9803
f 9803 9815 11893
f 11894 11893 10106
f 10103 10106 10504
f 10504 11895 10103
f 10106 10103 11894
f 11896 11895 10504
f 10504 11897 11896
f 11896 11897 11898
f 11898 11899 11900
f 11900 11901 11898
f 11898 11901 11896
f 11901 11900 11899
f 10491 11899 11898
f 11898 11901 11899
f 11901 11902 11904
f 11900 11901 11904
f 11901 11900 11902
f 11900 11903 11902
f 10504 11895 11904
f 11904 10491 10504
f 11894 11893 9815
f 9815 9803 11894
f 10491 11897 10504
f 11892 10491 9815
f 11898 11897 10491
f 11895 11896 11904
f 11904 11896 11901
f 9803 11904 11891
f 11904 9803 9815
f 9815 10491 11904
f 11903 11905 11902
f 10491 11906 11899
f 11892 11907 11906
f 11905 11892 11891
f 11905 11907 11892
f 11902 11905 11891
f 11892 11906 10491
f 11891 11904 11902
f 11900 11903 11899
f 11908 11900 11899
f 11908 11899 11909
f 11906 11907 11908
f 11906 11908 11909
f 11909 11899 11906
f 11905 11900 11908
f 11905 11903 11900
f 11907 11905 11908
f 11910 11911 11912
f 11912 11913 11910
f 11913 11912 11914
f 9930 11915 11913
f 11913 11914 9930
f 11915 9930 9932
f 9925 9932 9934
f 9932 9925 11915
f 9925 9934 11916
f 11220 11916 11917
f 11220 11917 11918
f 11918 11919 11220
f 11920 11919 11911
f 11918 11922 11220
f 11922 11921 11220
f 11911 11220 11920
f 11911 11916 11220
f 9930 9925 11220
f 11220 11916 9930
f 11231 11913 9930
f 9930 11914 11231
f 11231 11914 11912
f 11231 11912 11911
f 11911 11919 11918
f 11916 9934 9930
f 9934 9932 9930
f 11917 11916 11911
f 11911 11918 11917
f 11915 9925 9930
f 11916 11220 9925
f 11913 11220 11910
f 11220 11913 11231
f 11231 11911 11220
f 11921 11923 11220
f 11920 11911 11924
f 11924 11919 11920
f 11911 11926 11925
f 11923 11926 11911
f 11923 11911 11910
f 11923 11910 11220
f 11924 11918 11919
f 11924 11922 11918
f 11924 11921 11922
f 11925 11926 11924
f 11924 11911 11925
f 11926 11923 11921
f 11921 11924 11926
f 11928 10072 11927
f 10072 11928 11929
f 10075 10073 10072
f 10072 11929 10075
f 10073 10075 11930
f 11930 10069 10073
f 11931 11932 10069
f 10069 10359 11931
f 11932 11931 11933
f 11932 11933 11934
f 11935 11932 11934
f 11932 11935 11937
f 11936 11932 11937
f 11936 11931 11932
f 10359 10066 11932
f 11932 11931 10359
f 10073 10066 10075
f 10359 10075 10066
f 11928 11938 10072
f 11933 11931 11936
f 11938 11928 11927
f 10359 10069 10075
f 10069 11930 10075
f 11936 11934 11933
f 10066 10069 11932
f 10073 10069 10066
f 11927 10072 11938
f 11937 11935 11939
f 11939 11940 11937
f 11936 11941 11942
f 11942 11934 11936
f 11927 11936 11937
f 11927 11940 11941
f 11941 11936 11927
f 11927 11937 11940
f 11942 11935 11934
f 11941 11943 11939
f 11942 11939 11935
f 11939 11942 11941
f 11941 11940 11943
f 11939 11943 11940
f 7471 7482 7481
f 11945 11946 11947
f 11949 11948 11950
f 7481 11949 11951
f 11951 7471 7481
f 11950 11951 11949
f 11945 11950 11948
f 11954 11952 11953
f 11946 11954 11953
f 11953 11947 11946
f 11955 11956 11953
f 11953 11952 11955
f 11959 11957 11958
f 11960 11959 11961
f 11962 11956 11955
f 11960 11962 11955
f 11958 11961 11959
f 11958 11957 11963
f 11963 11964 11958
f 7486 11944 7482
f 11965 11947 11953
f 11966 7482 7471
f 11967 11945 11947
f 11968 11950 11945
f 11969 11966 7471
f 11947 11965 11967
f 11945 11967 11968
f 11970 11969 11951
f 11968 11970 11950
f 7471 11951 11969
f 11951 11950 11970
f 11964 11971 11958
f 7482 7484 11966
f 11966 7481 7482
f 11952 11954 11955
f 7482 11972 7484
f 11973 11974 11945
f 11974 11954 11946
f 7481 11966 11949
f 11975 11948 11949
f 11948 11975 11973
f 11946 11945 11974
f 11957 11971 11963
f 11945 11948 11973
f 11957 11959 11976
f 7482 11944 11972
f 7484 7486 7482
f 11971 11957 11958
f 7486 7484 11972
f 11972 11944 7486
f 11976 11961 11958
f 11958 11957 11976
f 11961 11976 11959
f 11956 11955 11954
f 11954 11953 11956
f 11949 11969 11970
f 11975 11970 11968
f 11973 11968 11967
f 11974 11967 11965
f 11965 11954 11974
f 11967 11974 11973
f 11968 11973 11975
f 11970 11975 11949
f 11969 11949 11966
f 11954 11965 11953
f 11944 7471 7481
f 11977 11944 11972
f 11977 7471 11944
f 11944 7481 11972
f 11963 11978 11964
f 11963 11971 11979
f 7481 7471 11978
f 11978 11963 7481
f 7471 11977 11971
f 11971 11964 7471
f 11977 11972 11979
f 11979 11971 11977
f 7481 11963 11979
f 11979 11972 7481
f 11964 11978 7471
f 11987 11988 11989
f 11987 11989 11985
f 11990 11987 11985
f 11990 11985 11986
f 11993 11992 11991
f 11991 11985 11993
f 11990 11986 11991
f 11986 11985 11991
f 11981 10090 11982
f 11980 11990 11981
f 10090 11990 11984
f 11984 11983 10090
f 11983 10087 10090
f 10087 11982 10090
f 11990 11985 11984
f 11992 11994 11991
f 11987 11995 11988
f 11994 11996 11980
f 11980 11996 11995
f 11994 11980 11990
f 11995 11987 11990
f 11990 11980 11995
f 11990 11991 11994
f 12000 11992 11999
f 11993 11985 11988
f 11988 11992 11993
f 11999 11998 12000
f 11985 11989 11988
f 11992 11988 11999
f 11996 11997 11998
f 11998 11995 11996
f 11998 11999 11995
f 11999 11988 11995
f 11996 11994 11997
f 11994 11992 12000
f 12000 11998 11994
f 11998 11997 11994
f 7473 7472 7477
f 12002 12003 12004
f 12006 12005 12007
f 7472 12006 12008
f 12008 7477 7472
f 12007 12008 12006
f 12002 12007 12005
f 12003 12009 12010
f 12010 12004 12003
f 12011 12012 12010
f 12010 12009 12011
f 12015 12013 12014
f 12016 12015 12017
f 12011 12016 12018
f 12018 12012 12011
f 12017 12018 12016
f 12014 12017 12015
f 12014 12013 12019
f 12019 12020 12014
f 7473 7477 12021
f 7490 12022 7473
f 12021 7490 7473
f 12022 12001 7473
f 12023 12002 12004
f 12024 12007 12002
f 12025 12021 7477
f 12026 12014 12020
f 12004 12010 12023
f 12002 12023 12024
f 12027 12025 12008
f 12024 12027 12007
f 7477 12008 12025
f 12008 12007 12027
f 12020 12019 12026
f 12009 12028 12029
f 12009 12029 12011
f 7473 12001 7474
f 12028 12009 12003
f 12021 7472 7473
f 12030 12031 12002
f 12031 12028 12003
f 7472 12021 12006
f 12032 12005 12006
f 12005 12032 12030
f 12003 12002 12031
f 12002 12005 12030
f 7490 7473 7474
f 12019 12013 12026
f 7490 7474 12001
f 12001 12022 7490
f 12013 12014 12026
f 12012 12011 12029
f 12029 12010 12012
f 12006 12025 12027
f 12032 12027 12024
f 12030 12024 12023
f 12031 12023 12010
f 12010 12028 12031
f 12023 12031 12030
f 12024 12030 12032
f 12027 12032 12006
f 12025 12006 12021
f 12010 12029 12028
f 12022 12001 12034
f 12034 12033 12022
f 12001 7477 7472
f 12022 7477 12001
f 12001 7472 12034
f 12019 12035 12020
f 12019 12038 12037
f 12019 12037 12036
f 12036 12035 12019
f 12038 12019 12020
f 7472 7477 12020
f 12020 12035 7472
f 7477 12022 12038
f 12038 12020 7477
f 12022 12033 12036
f 12036 12037 12022
f 7472 12035 12036
f 12036 12034 7472
f 12033 12034 12036
f 12037 12038 12022
f 12039 6434 12052
f 12052 6439 6438
f 6438 6548 12052
f 12052 6434 6433
f 6433 6439 12052
f 12053 6548 6429
f 6418 6424 12040
f 6548 6431 6429
f 6420 6418 12040
f 12040 12053 6420
f 6429 6425 12053
f 6425 6420 12053
f 12041 11520 11532
f 12054 11527 11528
f 12054 11523 11527
f 12054 12053 11523
f 12040 12041 11532
f 12041 12054 12042
f 12053 11524 11523
f 11532 11522 12040
f 12042 11520 12041
f 11522 11524 12053
f 12053 12040 11522
f 11528 12042 12054
f 12055 12054 11530
f 11531 12041 12043
f 12054 11521 11525
f 11531 11526 12041
f 11525 11529 12054
f 11529 11530 12054
f 12043 12055 11531
f 12055 11530 11531
f 12054 12041 11521
f 11526 11521 12041
f 12056 12055 8333
f 8334 8331 12056
f 8333 8334 12056
f 12055 8330 8333
f 12043 12044 8329
f 12044 12056 8332
f 8325 8329 12044
f 8331 8332 12056
f 12055 12043 8330
f 8332 8325 12044
f 8329 8330 12043
f 8324 12044 7919
f 7919 8328 8324
f 7919 7924 8328
f 8326 7924 12056
f 7924 8326 8328
f 8327 8326 12056
f 12056 12044 8327
f 8324 8327 12044
f 12045 12052 12046
f 12052 6548 6384
f 6548 12053 12047
f 12053 12054 12048
f 12054 12055 12049
f 12055 12056 12050
f 12056 7924 7925
f 7925 12050 12056
f 12050 12049 12055
f 12049 12048 12054
f 12048 12047 12053
f 12047 6384 6548
f 6384 12046 12052
f 12046 12051 12045
f 12052 12045 12039
f 12044 12057 8062
f 8062 7919 12044
f 12057 12044 12043
f 12043 12058 12057
f 12058 12043 12041
f 12041 12059 12058
f 12059 12041 12040
f 12040 12060 12059
f 12060 12040 6424
f 6424 5951 12060
f 5951 6424 6434
f 6434 12061 5951
f 8062 7915 7919
f 6434 12039 12061
f 5823 12062 12046
f 12062 12051 12046
f 12063 5823 6384
f 6384 12047 12063
f 12064 12063 12047
f 12047 12048 12064
f 12065 12064 12048
f 12048 12049 12065
f 12066 12065 12049
f 12049 12050 12066
f 12050 7925 12067
f 12067 12066 12050
f 7925 7912 12067
f 12046 6384 5823
f 12052 12068 12069
f 6548 12069 12047
f 12075 12047 12048
f 12056 12050 12070
f 12071 12072 6436
f 6436 6442 12071
f 12072 6433 6436
f 12071 6442 6441
f 6433 12072 12052
f 12073 12071 6418
f 12073 6418 6420
f 12071 6422 6418
f 6429 6548 12075
f 12075 6425 6429
f 6422 12071 6548
f 12075 6420 6425
f 11532 11520 12074
f 12074 12073 11532
f 12073 11522 11532
f 12075 12054 11523
f 12074 11520 12042
f 12075 11524 11522
f 11522 12073 12075
f 11523 11524 12075
f 12074 11526 11531
f 11531 12043 12074
f 12074 11521 11526
f 11521 12074 12054
f 12055 12056 8334
f 8334 8333 12055
f 12042 12054 12074
f 6420 12075 12073
f 6441 6548 12071
f 12052 12072 12039
f 12070 7924 12056
f 12048 12054 12075
f 12047 12075 6548
f 12069 6548 12052
f 12068 12052 12045
f 7925 12070 12076
f 12070 7925 7924
f 7914 7912 12076
f 12076 7912 7925
f 12045 12051 12068
f 12051 12062 12077
f 12077 12068 12051
f 12077 12062 12078
f 12079 12061 12072
f 12061 12039 12072
f 12080 12079 12071
f 12071 12073 12080
f 12081 12080 12073
f 12073 12074 12081
f 12058 12081 12074
f 12074 12043 12058
f 12044 7919 12082
f 12082 12057 12044
f 7919 7915 12082
f 12072 12071 12079
f 12050 12066 12083
f 12083 12070 12050
f 12063 12047 12069
f 12069 12084 12063
f 12084 12069 12068
f 12068 12077 12084
f 12083 12076 12070
f 7915 8062 12086
f 12087 9417 9414
f 12087 12086 9417
f 12057 9414 9424
f 9424 8062 12057
f 9424 9416 8062
f 9414 12057 12087
f 9416 9417 12086
f 12087 9420 9421
f 12087 9418 9420
f 12058 9422 9423
f 9421 12088 12087
f 12057 9423 9419
f 12087 9415 9418
f 9423 12057 12058
f 9422 12058 12088
f 12057 9419 9415
f 9421 9422 12088
f 12059 10443 10447
f 10447 12058 12059
f 12089 10453 10451
f 10450 12089 12088
f 12089 10450 10453
f 12059 10448 10443
f 10451 10448 12089
f 10448 12059 12089
f 10447 10450 12088
f 10441 10442 12059
f 12060 10446 10441
f 10441 12059 12060
f 10449 12090 12089
f 10445 10444 12089
f 10444 10449 12089
f 12059 10442 12085
f 12090 10452 10446
f 10446 12060 12090
f 10449 10452 12090
f 12089 12085 10445
f 12060 5951 5968
f 12060 5968 5960
f 5958 5985 12090
f 12090 5955 5958
f 5958 5959 5985
f 12090 5960 5955
f 5953 5951 12061
f 12078 5985 5945
f 12061 5947 5953
f 12078 5944 5947
f 5945 5944 12078
f 5947 12061 12078
f 7914 12086 12067
f 12086 12087 12066
f 12087 12088 12065
f 12088 12089 12064
f 12089 12090 12063
f 12090 5985 5823
f 5985 12078 12062
f 12062 5823 5985
f 5823 12063 12090
f 12063 12064 12089
f 12064 12065 12088
f 12065 12066 12087
f 12066 12067 12086
f 12067 7912 7914
f 5960 12090 12060
f 12085 12089 12059
f 10447 12088 12058
f 9415 12087 12057
f 9416 12086 8062
f 12086 7914 7915
f 7914 12076 12083
f 12086 12083 12066
f 12091 12063 12084
f 5985 12084 12077
f 12057 12082 9424
f 12082 9416 9424
f 12082 12086 9416
f 12088 9421 9420
f 9420 12087 12088
f 10447 12081 12058
f 10447 10443 12081
f 12089 12081 10448
f 10443 10448 12081
f 12081 10442 10441
f 10449 12089 12091
f 10441 12080 12081
f 12081 12089 12085
f 12091 10452 10449
f 10441 10446 12080
f 12085 10442 12081
f 10446 10452 12091
f 12091 12080 10446
f 12091 5985 5958
f 5968 12079 12080
f 5960 5968 12080
f 12080 12091 5960
f 5968 5964 12079
f 5985 12079 5964
f 5958 5955 12091
f 5955 5960 12091
f 12061 12079 5953
f 5952 5953 12079
f 12079 5985 5954
f 5954 5952 12079
f 12086 12082 7915
f 12077 12078 5985
f 12084 5985 12091
f 12063 12091 12089
f 12083 12086 7914
f 12092 12093 12094
f 12094 12095 12092
f 9728 9727 9725
f 9725 10641 12096
f 9725 12096 9728
f 12097 12098 10641
f 10641 9725 12097
f 12098 12097 12099
f 12099 12100 12098
f 12097 12101 12099
f 12097 12099 12100
f 12101 12097 12093
f 12102 12103 12104
f 12103 12098 12105
f 12105 12104 12103
f 9727 10639 12098
f 12098 12097 9727
f 9726 10639 9727
f 9728 9726 9727
f 9728 9727 12094
f 12094 12095 9728
f 12097 9725 9727
f 12092 12095 12106
f 10639 10641 12098
f 12096 9726 9728
f 9726 12096 10641
f 12092 12106 12094
f 12106 12095 12094
f 12092 12097 12098
f 12093 12108 12107
f 12109 12108 12093
f 12093 12102 12109
f 12102 12093 12092
f 12092 12098 12103
f 12097 12092 12093
f 12103 12102 12092
f 12101 12098 12100
f 12101 12108 12111
f 12108 12112 12110
f 12111 12104 12101
f 12108 12101 12112
f 12100 12099 12101
f 12105 12098 12101
f 12101 12104 12105
f 12108 12110 12107
f 12093 12107 12101
f 12110 12112 12107
f 12112 12101 12107
f 12111 12108 12109
f 12104 12109 12102
f 12109 12104 12111
f 12113 12114 10000
f 10000 12115 12113
f 12115 10000 12116
f 12115 12116 10007
f 10006 12117 9999
f 12117 10006 10007
f 10006 9999 12118
f 12119 12120 12118
f 12121 12120 12119
f 12122 12114 12119
f 12119 12120 12122
f 10885 10006 12118
f 12118 12122 10885
f 10007 10006 10000
f 10881 10000 10006
f 10885 10881 10006
f 10000 12115 10007
f 10007 12116 10000
f 12117 10007 10000
f 12118 9999 10885
f 9999 12117 10000
f 10000 10881 9999
f 10881 10885 9999
f 12115 12123 12113
f 12123 12115 10000
f 10000 12114 12123
f 12121 12113 12120
f 12124 12119 12114
f 12123 12122 12120
f 12114 12122 12123
f 12123 12120 12113
f 12124 12121 12119
f 12124 12125 12121
f 12121 12125 12113
f 12114 12113 12124
f 12113 12125 12124
f 12126 12127 12128
f 12128 12129 12126
f 12129 12128 12130
f 9703 12131 12132
f 9702 12132 9706
f 9706 9701 9702
f 12132 9702 9703
f 12133 12134 9701
f 9701 9706 12133
f 12134 12135 12136
f 12133 12137 12135
f 12133 12135 12134
f 12137 12133 12127
f 12126 12138 12139
f 12134 12136 12138
f 12136 12139 12138
f 12134 12138 12133
f 9705 9704 12138
f 12138 12133 9705
f 9703 9705 12128
f 12128 12129 9703
f 12131 12130 12128
f 12128 9705 12131
f 12133 9706 9705
f 9705 12132 12131
f 9705 9706 12132
f 12131 9703 12129
f 12129 12130 12131
f 9704 9701 12134
f 12134 12138 9704
f 12126 12133 12138
f 12127 12141 12140
f 12127 12126 12141
f 12133 12126 12127
f 12137 12136 12135
f 12142 12137 12143
f 12142 12139 12137
f 12137 12139 12136
f 12140 12141 12142
f 12142 12143 12140
f 12127 12140 12137
f 12143 12137 12140
f 12139 12141 12126
f 12141 12139 12142
f 12150 12151 12152
f 12150 12149 10839
f 12150 12148 12149
f 12152 12148 12150
f 12148 12155 12153
f 12153 10839 12148
f 12149 12148 10839
f 12155 12154 12153
f 10839 12147 12146
f 12144 10839 9820
f 12148 12147 10839
f 12154 12156 12153
f 12150 12157 12151
f 12144 12158 12157
f 12156 12158 12144
f 12153 12156 12144
f 12150 10839 12144
f 12144 12157 12150
f 12144 10839 12153
f 12151 12155 12148
f 12151 12154 12155
f 12161 12154 12151
f 12151 12148 12152
f 12159 12161 12151
f 12159 12151 12160
f 12157 12158 12159
f 12157 12159 12160
f 12160 12151 12157
f 12159 12158 12156
f 12156 12161 12159
f 12156 12154 12161
f 12166 12164 12165
f 12162 12165 12164
f 10934 9834 9833
f 12192 9833 11840
f 10095 11840 9831
f 11008 9831 10137
f 12193 12171 10135
f 12194 10135 9797
f 11026 9797 9795
f 12195 9795 9794
f 12196 9794 12172
f 12197 10934 12192
f 12198 11008 12199
f 12194 10105 10109
f 12194 12200 10105
f 12200 12201 10104
f 10107 10104 12201
f 10107 12201 12193
f 12200 10104 10105
f 10111 10107 12193
f 10112 10111 12193
f 10109 10112 12194
f 12200 12194 11026
f 12195 12202 10115
f 12203 11026 10116
f 10115 10118 12195
f 12202 10116 10115
f 10116 12202 12203
f 12195 10118 10117
f 10117 10116 11026
f 12202 12195 12196
f 10121 10123 11051
f 10123 10124 11051
f 10121 11051 12204
f 12204 10119 10121
f 10119 12204 12205
f 12205 10120 10119
f 10120 12205 12196
f 12196 10125 10120
f 10124 10125 12196
f 9841 10770 12206
f 12207 12206 12197
f 12208 12197 12209
f 12210 12209 12211
f 12212 12211 12198
f 12213 12198 12214
f 12215 12214 12216
f 12217 12216 12218
f 12219 12218 12201
f 12220 12201 12200
f 12221 12200 12203
f 12222 12203 12202
f 12223 12202 12205
f 12224 12205 12204
f 12225 12204 12226
f 12227 12226 10607
f 9736 9730 12228
f 12228 9841 9740
f 9741 9840 12229
f 9841 9840 9742
f 9840 12173 9742
f 12229 9738 9739
f 9840 9741 12173
f 9739 9741 12229
f 12228 9740 9738
f 9742 9740 9841
f 9738 12229 12228
f 9840 9841 12207
f 12230 12207 12208
f 12231 12208 12210
f 12232 12210 12212
f 12233 12212 12213
f 12234 12213 12215
f 12235 12215 12217
f 12236 12217 12219
f 12237 12219 12220
f 12238 12220 12221
f 12239 12221 12222
f 12240 12222 12223
f 12241 12223 12224
f 12242 12224 12225
f 12243 12225 12227
f 12244 12227 9884
f 9718 9705 9706
f 9735 12131 9705
f 9702 9703 9735
f 9705 9718 9735
f 9887 9707 9708
f 9887 9884 9707
f 9735 9703 12131
f 9702 9735 9887
f 9708 9702 9887
f 9884 9706 9707
f 12230 10354 10050
f 12230 9837 10049
f 10049 10354 12230
f 12230 9839 9837
f 10027 10040 10047
f 10045 10037 12245
f 12245 9840 10045
f 9840 10043 10033
f 9840 12230 10042
f 12230 10027 9839
f 10027 9838 9839
f 9840 10033 10045
f 10047 9838 10027
f 10040 10027 12245
f 10042 10043 9840
f 12245 10037 10040
f 10050 10042 12230
f 10027 12230 12231
f 12246 12231 12232
f 12247 12232 12233
f 12248 12233 12234
f 12249 12234 12235
f 12250 12235 12236
f 12251 12236 12237
f 12252 12237 12238
f 12253 12238 12239
f 12254 12239 12240
f 12255 12240 12241
f 12256 12241 12242
f 12257 12242 12243
f 12258 12243 12244
f 9887 9897 9898
f 9887 12259 9900
f 9892 9897 9887
f 9891 9905 9908
f 9908 12244 9891
f 12244 9902 12174
f 9895 9906 12259
f 9905 9904 9908
f 12244 9890 9891
f 12174 9890 12244
f 12244 9898 9902
f 9900 9892 9887
f 9906 9907 12259
f 9908 9904 9895
f 12244 9887 9898
f 9907 9900 12259
f 9895 12259 9908
f 10183 12246 12247
f 12260 12247 12248
f 12261 12248 12249
f 12262 12249 12250
f 12263 12250 12251
f 12264 12251 12252
f 12265 12252 12253
f 12266 12253 12254
f 12267 12254 12255
f 12268 12255 12256
f 12269 12256 12257
f 10184 12260 12261
f 12270 12261 12262
f 12271 12262 12263
f 12272 12263 12264
f 12273 12264 12265
f 12274 12265 12266
f 12275 12266 12267
f 12276 12267 12268
f 12277 12268 12269
f 10182 12271 12272
f 12278 12272 12273
f 12279 12273 12274
f 12280 12274 12275
f 12281 12275 12276
f 12282 12276 12277
f 12283 12279 12280
f 12284 12280 12281
f 11008 12198 10094
f 10094 10096 11008
f 10095 11008 10096
f 12198 12211 10094
f 12211 10093 10094
f 12209 12192 10093
f 12211 12209 10093
f 10095 10093 12192
f 12175 12176 10170
f 12193 12175 10170
f 11051 12172 9793
f 12204 11051 10213
f 10213 12226 12204
f 12226 9788 9879
f 12226 10212 9788
f 12226 9791 10212
f 10607 10210 10209
f 9879 10210 10607
f 9718 9884 9720
f 9781 9718 9727
f 9772 9783 9782
f 9718 9728 9727
f 9720 9726 9718
f 9721 10607 9774
f 9783 9772 9718
f 9785 9783 9718
f 9884 12096 9720
f 9775 9773 9772
f 9718 9786 9785
f 9727 9778 9781
f 9722 12096 9884
f 10607 9725 9722
f 10607 9780 9774
f 9772 9782 9775
f 9722 9884 10607
f 9726 9728 9718
f 9774 9724 9721
f 9781 9786 9718
f 9721 9725 10607
f 9727 9724 9774
f 10607 9776 9775
f 9775 9780 10607
f 9727 9780 9778
f 9774 9780 9727
f 9887 9771 9766
f 9887 12177 9767
f 9766 10227 9887
f 10227 12177 9887
f 9887 9735 9771
f 9908 12259 10226
f 10226 9911 9908
f 9908 9913 9921
f 9921 9923 9908
f 12258 9922 9916
f 9908 9923 9922
f 9918 9913 11420
f 11420 9915 9919
f 11420 9916 9915
f 9922 12258 9908
f 9916 11420 12258
f 9919 9918 11420
f 12257 12258 11420
f 11420 9917 12257
f 9932 9934 10178
f 9931 9930 9932
f 10179 12269 9928
f 12269 9927 9928
f 12269 10178 9934
f 9928 9925 10179
f 9934 9927 12269
f 9942 9945 9948
f 9948 9937 9942
f 10180 12277 9940
f 9937 9946 9944
f 9940 9939 10180
f 9944 10179 9937
f 10179 9947 9949
f 9939 9941 10180
f 9947 9940 12277
f 9944 9947 10179
f 9937 9948 9946
f 12277 9949 9947
f 9953 12178 9954
f 12282 10180 9958
f 12282 9960 9952
f 9957 9954 12178
f 9952 9957 12178
f 12282 9958 9960
f 9955 9958 10180
f 9954 11805 9953
f 9952 12178 12282
f 11805 9955 9953
f 12281 12282 12178
f 12178 11268 12281
f 12284 9964 9968
f 12284 12285 12179
f 12179 9964 12284
f 12169 9972 9980
f 12162 12284 12180
f 12180 12170 12163
f 9984 12283 12166
f 9984 12166 12167
f 12163 12162 12180
f 12180 9972 12169
f 9972 9971 9980
f 12169 12170 12180
f 9984 12168 12169
f 9984 12167 12168
f 9988 12181 9976
f 12283 9983 9973
f 12284 12164 12165
f 12169 9981 9984
f 12169 9980 9981
f 12181 9973 9976
f 9973 12181 12283
f 12283 12165 12164
f 12284 12162 12164
f 12164 12166 12283
f 12283 12284 12165
f 9984 9983 12283
f 12283 12181 9975
f 9975 9993 12283
f 12279 12283 11293
f 11293 12278 12279
f 10000 12182 10002
f 10182 12278 10005
f 10000 9998 12182
f 12278 10001 10005
f 10005 10006 10182
f 9999 12278 12182
f 10006 10000 10002
f 9999 10001 12278
f 9998 12117 12182
f 12117 9999 12182
f 10078 10182 10076
f 10076 12183 10072
f 12271 10182 10079
f 10079 10080 12271
f 12183 10066 10073
f 10066 12183 12270
f 12270 10069 10066
f 10072 10075 10076
f 12270 10069 10070
f 10080 10069 12271
f 10073 10072 12183
f 10069 12270 12271
f 10182 10078 10079
f 12270 12183 10067
f 12260 10184 10010
f 10010 10019 12260
f 10010 10184 12184
f 12184 10009 10010
f 10183 12260 10012
f 10019 10017 12260
f 10017 10012 12260
f 10183 10012 10011
f 10009 12184 10014
f 12246 10183 7501
f 10183 7499 7501
f 10183 7510 7499
f 7510 10183 10020
f 12246 7501 10026
f 7497 10020 7495
f 10026 10027 12246
f 7495 10027 7500
f 7497 7510 10020
f 10027 10025 7500
f 10027 10029 10249
f 10027 7495 10029
f 9840 12245 10128
f 9840 10248 12185
f 10128 12186 9840
f 12186 10248 9840
f 12229 12185 9762
f 12228 9730 9749
f 9732 9754 9841
f 9734 9841 12228
f 10770 9688 9687
f 9841 9688 9755
f 9733 12187 9694
f 9755 10770 9841
f 9686 9688 9841
f 9841 9660 9732
f 12228 9658 9673
f 9750 10770 9687
f 9755 9688 10770
f 9841 9754 9686
f 9732 9757 9754
f 9732 9684 9757
f 9673 9734 12228
f 9659 9658 12228
f 9694 9731 9733
f 9734 9660 9841
f 9733 9659 12187
f 9687 9685 12187
f 9661 9731 9694
f 9659 12228 12187
f 9694 9732 9661
f 9685 9694 12187
f 12187 9750 9687
f 9732 9694 9684
f 10770 10259 9845
f 10770 9750 10260
f 10260 10259 10770
f 12206 10770 9845
f 9845 9747 12206
f 9747 10257 12206
f 10089 10092 10934
f 10089 10934 12197
f 12197 10087 10089
f 10088 9745 10256
f 10087 12197 12206
f 12206 10088 10087
f 10088 12206 9745
f 10256 10091 10088
f 10090 10091 10256
f 10934 10256 9836
f 10129 12189 12188
f 12199 10137 10129
f 10129 12188 12199
f 10082 12214 10097
f 10098 12188 10086
f 12188 10098 10102
f 12188 10084 10086
f 12188 10083 10084
f 10083 12188 12190
f 10083 12190 12216
f 10097 10085 10082
f 12188 10102 10100
f 10081 10083 12216
f 12214 12199 10099
f 10086 10097 10098
f 12190 10061 12216
f 10099 10097 12214
f 10100 12199 12188
f 10101 10099 12199
f 10100 10101 12199
f 12216 12214 10081
f 10086 10085 10097
f 10082 10081 12214
f 12216 10061 10056
f 12193 10108 10110
f 12193 10110 10114
f 10108 12193 12201
f 12218 10056 12191
f 12175 10113 10106
f 10106 12191 12175
f 10103 10108 12201
f 12175 10114 10113
f 10103 12201 12218
f 10106 12218 12191
f 10106 10103 12218
f 10114 12175 12193
f 10056 12218 12216
f 9836 9834 10934
f 10090 10256 10934
f 10257 9745 12206
f 9749 12187 12228
f 9762 9736 12229
f 12185 12229 9840
f 10128 12245 10249
f 10249 12245 10027
f 10026 10025 10027
f 12184 10184 10067
f 10067 10184 12270
f 11293 12182 12278
f 9993 11293 12283
f 9968 12180 12284
f 12179 12285 11268
f 11268 12285 12281
f 9949 12277 10179
f 9917 10178 12257
f 9911 9913 9908
f 10226 12259 9767
f 9767 12259 9887
f 10209 9776 10607
f 9879 10607 12226
f 10213 9791 12226
f 9793 10213 11051
f 10170 12171 12193
f 12281 12285 12284
f 12280 12284 12283
f 12277 10180 12282
f 12276 12282 12281
f 12275 12281 12280
f 12274 12280 12279
f 12273 12279 12278
f 12272 12278 10182
f 12269 10179 12277
f 12268 12277 12276
f 12267 12276 12275
f 12266 12275 12274
f 12265 12274 12273
f 12264 12273 12272
f 12263 12272 12271
f 12262 12271 12270
f 12261 12270 10184
f 12257 10178 12269
f 12256 12269 12268
f 12255 12268 12267
f 12254 12267 12266
f 12253 12266 12265
f 12252 12265 12264
f 12251 12264 12263
f 12250 12263 12262
f 12249 12262 12261
f 12248 12261 12260
f 12247 12260 10183
f 12244 9908 12258
f 12243 12258 12257
f 12242 12257 12256
f 12241 12256 12255
f 12240 12255 12254
f 12239 12254 12253
f 12238 12253 12252
f 12237 12252 12251
f 12236 12251 12250
f 12235 12250 12249
f 12234 12249 12248
f 12233 12248 12247
f 12232 12247 12246
f 12231 12246 10027
f 9706 9884 9718
f 9884 9887 12244
f 12227 12244 12243
f 12225 12243 12242
f 12224 12242 12241
f 12223 12241 12240
f 12222 12240 12239
f 12221 12239 12238
f 12220 12238 12237
f 12219 12237 12236
f 12217 12236 12235
f 12215 12235 12234
f 12213 12234 12233
f 12212 12233 12232
f 12210 12232 12231
f 12208 12231 12230
f 12207 12230 9840
f 12228 12229 9736
f 10607 9884 12227
f 12226 12227 12225
f 12204 12225 12224
f 12205 12224 12223
f 12202 12223 12222
f 12203 12222 12221
f 12200 12221 12220
f 12201 12220 12219
f 12218 12219 12217
f 12216 12217 12215
f 12214 12215 12213
f 12198 12213 12212
f 12211 12212 12210
f 12209 12210 12208
f 12197 12208 12207
f 12206 12207 9841
f 10124 12196 11051
f 12196 12205 12202
f 10117 11026 12195
f 11026 12203 12200
f 10112 12193 12194
f 12199 12214 12198
f 12192 12209 12197
f 12172 11051 12196
f 9794 12196 12195
f 9795 12195 11026
f 9797 11026 12194
f 10135 12194 12193
f 10137 12199 11008
f 9831 11008 10095
f 11840 10095 12192
f 9833 12192 10934
f 10183 12260 12317
f 12260 12261 12318
f 12261 12262 12319
f 12262 12263 12320
f 12263 12264 12321
f 12264 12265 12322
f 12265 12266 12323
f 12266 12267 12324
f 12267 12268 12325
f 12268 12269 12326
f 12269 10178 12327
f 9840 12286 10042
f 10024 9838 10047
f 10024 9839 9838
f 12230 12287 10049
f 12230 10042 12287
f 9840 12288 12286
f 10033 12288 9840
f 10045 9840 12328
f 12328 10037 12289
f 9839 10024 12230
f 12328 10024 10040
f 12289 10045 12328
f 10047 10040 10024
f 10040 10037 12328
f 10024 12329 12231
f 12329 12317 12232
f 12317 12318 12233
f 12318 12319 12234
f 12319 12320 12235
f 12320 12321 12236
f 12321 12322 12237
f 12322 12323 12238
f 12323 12324 12239
f 12324 12325 12240
f 12325 12326 12241
f 12326 12327 12242
f 12327 12330 12243
f 12330 9912 12244
f 12331 9906 9895
f 12331 9907 9906
f 12244 12290 9898
f 9900 12331 9887
f 9887 12291 9892
f 9887 9898 12292
f 12292 12291 9887
f 12174 12290 12244
f 9891 12244 9912
f 9912 9904 9903
f 9900 9907 12331
f 9912 12331 9895
f 9903 9891 9912
f 9912 9895 9904
f 12228 12229 9737
f 9841 9740 12173
f 12173 9840 9841
f 9737 9738 12228
f 12229 9739 9737
f 9718 9705 12131
f 9709 9884 9887
f 12131 9735 9718
f 9709 9706 9884
f 9887 9702 9709
f 9841 12207 12332
f 12207 12208 12333
f 12208 12210 12334
f 12210 12212 12335
f 12212 12213 12336
f 12213 12215 12337
f 12215 12217 12338
f 12217 12219 12339
f 12219 12220 12340
f 12220 12221 12341
f 12221 12222 12342
f 12222 12223 12343
f 12223 12224 12344
f 12224 12225 12345
f 12225 12227 12346
f 12227 9884 12347
f 12333 12334 12192
f 12336 12337 12199
f 12193 12340 10107
f 10105 12341 12194
f 12194 10109 12293
f 12193 10107 12294
f 12194 12293 10105
f 12340 10104 10107
f 12294 10111 12193
f 10105 10104 12341
f 10104 12340 12341
f 12341 12342 11026
f 12195 11701 10115
f 10115 12343 12195
f 11026 11700 10117
f 11026 10116 11700
f 10116 11026 12342
f 12342 12343 10116
f 10118 11701 12195
f 12343 12344 12196
f 11051 12295 10121
f 12345 11051 10121
f 10121 10119 12345
f 12196 12296 10125
f 10120 12296 12196
f 12196 12344 10120
f 10123 12295 11051
f 12344 12345 10119
f 10119 10120 12344
f 11008 11843 10094
f 10094 12336 11008
f 10094 10093 12335
f 10096 11843 11008
f 10094 12335 12336
f 12192 11842 10095
f 12192 10093 11842
f 10093 12192 12334
f 10093 12334 12335
f 12340 12193 10108
f 12340 10108 10103
f 12193 12297 10108
f 12191 12339 10106
f 12339 12340 10103
f 10110 12297 12193
f 10106 11893 12175
f 12191 10056 12339
f 11893 10113 12175
f 12339 10103 10106
f 12338 12339 10056
f 12298 12199 10100
f 12338 12190 10083
f 12338 10083 10081
f 12190 12188 12299
f 10100 10082 12298
f 12338 10061 12190
f 12299 10083 12190
f 10098 12338 10081
f 12298 10085 12199
f 10100 10081 10082
f 12199 10099 12300
f 10099 12199 12337
f 10081 10102 12301
f 10081 12301 10098
f 10084 12299 12188
f 12337 10097 10099
f 12338 10098 10097
f 12188 12199 10086
f 12300 10101 12199
f 10100 10102 10081
f 10097 12337 12338
f 10085 10086 12199
f 10934 12302 10089
f 12333 10934 10089
f 10088 12303 10256
f 10089 10087 12333
f 10256 12303 10091
f 9745 12332 10088
f 10092 12302 10934
f 12332 12333 10087
f 10087 10088 12332
f 12332 9747 12304
f 12332 12305 9747
f 12332 9745 12305
f 12348 10259 10260
f 12348 12304 9845
f 9845 10259 12348
f 9731 9686 9754
f 9684 12228 9658
f 9754 9658 9659
f 9841 9732 12306
f 9686 9661 9732
f 9731 9661 9686
f 9755 9841 12348
f 12228 9684 9694
f 9658 9757 9684
f 9732 9841 9686
f 9733 9731 9754
f 12348 9688 9755
f 12306 9660 9841
f 9659 9733 9754
f 9755 9686 9841
f 9687 12348 12307
f 9687 12307 12187
f 9694 12187 12228
f 9687 9688 12348
f 9658 9754 9757
f 9840 12186 10028
f 10024 12328 10249
f 10249 10029 10024
f 7499 10183 12329
f 12329 7501 7499
f 12329 10024 10026
f 7499 7510 10020
f 12329 10026 7501
f 10020 10183 7499
f 10019 10184 12260
f 12260 10011 10019
f 10019 10010 10184
f 10011 12260 10183
f 12271 12270 10070
f 12270 10066 12308
f 10070 10069 12271
f 12270 12183 10073
f 12308 10070 12270
f 10073 10066 12270
f 10006 10182 12309
f 12309 10003 10006
f 10000 12309 12182
f 10007 12310 12309
f 10000 10007 12309
f 12310 10003 12309
f 12283 12166 12165
f 12163 9984 12284
f 12284 12162 12163
f 12180 12284 9981
f 12167 12166 12283
f 9983 12168 12167
f 12283 12181 9983
f 9972 12180 9971
f 12169 12168 9983
f 12181 9976 9983
f 9981 9971 12180
f 12163 12170 9984
f 12167 12283 9983
f 12169 9983 9984
f 9984 9981 12284
f 12170 12169 9984
f 12165 12162 12284
f 12284 9964 12311
f 12312 11805 9954
f 12312 9955 9961
f 9954 12178 12312
f 12312 10180 9955
f 9957 9959 12178
f 9959 9952 12178
f 9961 11805 12312
f 10179 9949 9944
f 9939 12277 10180
f 9939 10180 9942
f 9939 9940 12277
f 9942 9941 9939
f 12269 9928 9932
f 9932 10178 12269
f 12327 9917 11420
f 12327 10178 9917
f 9912 9921 9920
f 9920 9913 9912
f 9912 12330 9922
f 12330 9916 9922
f 12330 11420 9915
f 9915 9916 12330
f 9912 9911 10226
f 9887 12331 9763
f 9763 12177 9887
f 9724 9785 9781
f 9721 9724 9781
f 9781 9723 9722
f 9724 9727 9785
f 9722 9725 9781
f 9884 9778 12313
f 9723 9781 9884
f 9727 9718 9785
f 12313 12347 9884
f 9884 12096 9723
f 9725 9721 9781
f 9773 12314 9775
f 12313 9774 12347
f 9884 9781 9778
f 9775 12314 12347
f 9774 9775 12347
f 12347 10210 9879
f 12347 12314 10209
f 10209 10210 12347
f 12346 12347 12315
f 12315 9788 12346
f 9788 12316 12346
f 12345 12346 10213
f 12346 9791 10213
f 10213 11051 12345
f 12316 9791 12346
f 9879 12315 12347
f 9763 12331 10226
f 10226 12331 9912
f 11420 12330 12327
f 9942 10180 12312
f 11268 12285 12311
f 12311 12285 12284
f 12309 10182 10076
f 10249 12328 10028
f 10028 12328 9840
f 10260 12307 12348
f 12304 12348 12332
f 10056 10061 12338
f 12196 12195 12343
f 10115 10116 12343
f 11026 12194 12341
f 12199 11008 12336
f 12192 10934 12333
f 12347 12346 12227
f 12346 12345 12225
f 12345 12344 12224
f 12344 12343 12223
f 12343 12342 12222
f 12342 12341 12221
f 12341 12340 12220
f 12340 12339 12219
f 12339 12338 12217
f 12338 12337 12215
f 12337 12336 12213
f 12336 12335 12212
f 12335 12334 12210
f 12334 12333 12208
f 12333 12332 12207
f 12332 12348 9841
f 12244 12243 12330
f 12243 12242 12327
f 12242 12241 12326
f 12241 12240 12325
f 12240 12239 12324
f 12239 12238 12323
f 12238 12237 12322
f 12237 12236 12321
f 12236 12235 12320
f 12235 12234 12319
f 12234 12233 12318
f 12233 12232 12317
f 12232 12231 12329
f 12231 12230 10024
f 12327 12326 12269
f 12326 12325 12268
f 12325 12324 12267
f 12324 12323 12266
f 12323 12322 12265
f 12322 12321 12264
f 12321 12320 12263
f 12320 12319 12262
f 12319 12318 12261
f 12318 12317 12260
f 12317 12329 10183
f 12312 9953 9942
f 9953 12312 12178
f 12311 12179 11268
f 12179 12311 9964
f 10226 9767 9763
f 12177 9763 9767
f 10212 12316 9788
f 9788 12315 9879
f 9773 9776 12314
f 10209 12314 9776
f 9791 12316 10212
f 10260 9750 12307
f 12187 12307 9750
f 9747 9845 12304
f 9745 10257 12305
f 12305 10257 9747
f 12186 10128 10028
f 10249 10028 10128
f 12309 10002 12182
f 10076 10002 12309
f 10110 10108 12297
f 10106 10113 11893
f 10084 10083 12299
f 10082 10085 12298
f 9944 9949 9947
f 9932 9928 9927
f 9927 9934 9932
f 9898 12290 9902
f 12291 12292 9898
f 9892 12291 9897
f 9904 9905 9903
f 9898 9897 12291
f 12174 9902 12290
f 9706 9709 9707
f 9708 9707 9709
f 9702 9708 9709
f 12096 9722 9723
f 9781 9785 9786
f 12313 9778 9780
f 9780 9774 12313
f 10123 10121 12295
f 10120 10125 12296
f 10109 10105 12293
f 10107 10111 12294
f 10102 10098 12301
f 10099 10101 12300
f 10092 10089 12302
f 10088 10091 12303
f 9755 9688 9686
f 9660 12306 9732
f 9739 9738 9737
f 9740 9742 12173
f 12286 12288 10043
f 10049 12287 10354
f 10037 10045 12289
f 10050 10354 12287
f 10042 10050 12287
f 10043 10042 12286
f 10033 10043 12288
f 10019 10011 10012
f 10012 10017 10019
f 10070 12308 10066
f 10066 10069 10070
f 12310 10007 10006
f 10006 10003 12310
f 9983 9976 9973
f 9981 9980 9971
f 9961 9955 11805
f 12353 12354 12351
f 9190 12358 12359
f 9069 12359 12360
f 9185 12361 12362
f 9078 12362 12363
f 12364 12361 12352
f 12361 12353 12351
f 12351 12352 12361
f 12361 9185 12353
f 12356 12366 12365
f 12356 12367 12366
f 12356 12355 12367
f 12355 12353 12367
f 9185 12368 12369
f 12369 12367 9185
f 12368 9185 9074
f 12367 12353 9185
f 9074 12370 12368
f 12370 9074 9187
f 12365 12357 12356
f 12365 12371 12349
f 12365 12349 12357
f 12371 12370 12349
f 12370 12360 12349
f 12370 9187 12360
f 12360 12351 12350
f 12360 12352 12351
f 12360 12364 12352
f 12350 12349 12360
f 12363 9181 9078
f 12362 9078 9185
f 12360 9187 9069
f 12359 9069 9190
f 12367 12369 12368
f 12370 12373 12368
f 7822 8148 12363
f 9185 7822 12362
f 7839 9187 12360
f 8150 7839 12359
f 9185 12367 12368
f 9185 12361 12367
f 12372 12355 12356
f 12353 12372 12365
f 12365 12366 12353
f 12372 12353 12355
f 12366 12367 12353
f 12353 12367 12361
f 12351 12354 12361
f 12351 12361 12364
f 12354 12353 12361
f 12364 12350 12351
f 12364 12349 12350
f 12349 12364 12360
f 12356 12371 12365
f 12356 12370 12371
f 12365 12372 12356
f 12356 12357 12370
f 12357 12349 12370
f 9187 12368 12373
f 9187 9074 12368
f 12373 12370 9187
f 12359 12358 8150
f 12360 12359 7839
f 12363 12362 7822
f 8148 12383 12379
f 12377 12363 12380
f 12381 12374 12375
f 12378 12363 12382
f 12382 12376 11868
f 12379 12363 8148
f 8148 9056 12383
f 12385 12363 12387
f 12377 12384 12363
f 12380 12381 12375
f 12382 12388 12378
f 12387 12386 12385
f 12384 12387 12363
f 12380 12375 12389
f 12378 12380 12363
f 12382 11868 12388
f 9056 9629 12383
f 12376 9627 11868
f 12389 12377 12380
f 12379 12382 12363
f 12376 11879 11868
f 9604 12375 12374
f 12379 9181 12363
f 12363 12390 12382
f 12390 12363 12378
f 12363 12391 12380
f 11879 12376 12390
f 12374 12363 12377
f 12363 12385 12386
f 12374 12391 12363
f 12386 12387 12363
f 12378 11879 12390
f 12377 9604 12374
f 12379 9056 9181
f 12379 9629 9056
f 12392 12393 9621
f 12393 12392 9622
f 9622 9629 12393
f 12383 9629 12379
f 12376 12382 12390
f 9604 12377 12389
f 9604 12389 12375
f 11867 11861 11869
f 11867 11869 11868
f 12388 11879 12378
f 12388 11868 11879
f 12391 12374 12381
f 12380 12391 12381
f 12394 9059 7745
f 12397 7457 9060
f 9060 12395 12397
f 12397 12395 11182
f 12397 11182 7457
f 9059 12394 12395
f 7745 9593 9586
f 9586 9585 7745
f 9585 12396 7745
f 9585 9592 12396
f 9593 7745 11860
f 7745 11869 11861
f 11861 11860 7745
f 7745 11868 11869
f 11860 12375 9593
f 9592 12386 12396
f 12375 11866 12374
f 11860 11866 12375
f 7745 12392 9621
f 7745 9622 12392
f 9621 11868 7745
f 7745 9629 9622
f 9621 9627 11868
f 7745 9056 9629
f 12386 12385 12396
f 9060 9059 12395
f 7745 12396 12394
f 7745 12393 9629
f 9621 12393 7745
f 7745 11861 11867
f 11867 11868 7745
f 7745 9585 9593
f 11182 12395 7457
f 7457 12395 9060
f 12400 12401 12402
f 9056 8148 9181
f 9181 8148 7822
f 9082 9190 8150
f 9190 9069 7839
f 9078 7822 9185
f 7839 8150 9190
f 7822 9078 9181
f 7839 9069 9187
f 12403 9088 9084
f 11158 12402 12401
f 9084 12400 12399
f 12410 7469 11158
f 11158 12401 12410
f 9088 7469 12410
f 12410 12401 9088
f 12401 9084 9088
f 7891 12029 11947
f 11947 12404 7891
f 12404 11954 7891
f 12029 11953 11947
f 12405 11953 12029
f 7891 12003 12406
f 7891 12004 12003
f 12406 12029 7891
f 12399 12010 12004
f 12004 7891 12399
f 12399 12407 12010
f 12407 7518 7517
f 12407 12399 7518
f 7517 7523 12407
f 12399 7525 7518
f 7523 12408 12407
f 12399 12409 7525
f 12399 12398 12409
f 11954 9082 7891
f 12401 12400 9084
f 12399 7891 9084
f 11953 12009 12010
f 12029 12009 11953
f 12399 12010 7525
f 7523 7525 12010
f 12010 12408 7523
f 12010 12407 12408
f 12399 11953 12010
f 12399 7891 11953
f 11954 11952 7891
f 11952 11953 7891
f 9088 12402 7469
f 7469 12402 11158
f 9088 12403 12402
f 9084 12400 12402
f 12403 9084 12402
f 12411 12414 12412
f 9190 9082 12417
f 12029 12414 12405
f 12358 12419 12420
f 12408 12413 12407
f 12418 12413 12358
f 12358 12412 12418
f 12358 9190 12412
f 12414 12411 12405
f 12412 12415 12411
f 12416 12412 9190
f 12417 12416 9190
f 12420 12398 12358
f 12358 12413 12419
f 12413 12418 12407
f 12398 12420 12409
f 12416 12415 12412
f 11954 12417 9082
f 12029 12405 12421
f 12412 12415 12358
f 12358 12422 12418
f 12408 12407 12422
f 12413 12422 12358
f 12417 9082 8150
f 12415 8150 12358
f 12421 12415 12029
f 12415 12412 12414
f 12416 12417 8150
f 12415 12416 8150
f 12414 12029 12415
f 12422 12413 12423
f 12423 12408 12422
f 12421 12411 12415
f 12404 11947 11952
f 11953 11952 11947
f 11952 11954 12404
f 12411 12421 12405
f 12413 12408 12423
f 7517 7518 7523
f 7525 7523 7518
f 12422 12407 12418
f 12029 12406 12009
f 12406 12003 12009
f 12003 12004 12009
f 12010 12009 12004
f 12430 12431 12432
f 12430 12429 11022
f 12430 12428 12429
f 12432 12428 12430
f 12433 12428 12435
f 11022 12429 12433
f 12429 12428 12433
f 12435 12434 12433
f 11022 12427 12426
f 11022 12429 12428
f 12424 11022 9808
f 12428 12427 11022
f 12434 12436 12433
f 12430 12437 12431
f 12424 12438 12437
f 12436 12438 12424
f 12433 12436 12424
f 12430 11022 12424
f 12424 12437 12430
f 12424 11022 12433
f 12431 12428 12432
f 12435 12428 12431
f 12431 12434 12435
f 12440 12434 12431
f 12431 12439 12440
f 12439 12431 12441
f 12437 12439 12441
f 12439 12437 12438
f 12441 12431 12437
f 12438 12436 12439
f 12436 12434 12440
f 12440 12439 12436
f 12442 12443 9913
f 9913 12444 12442
f 9913 12445 12444
f 9920 9918 12445
f 12445 9913 9920
f 9915 9920 9921
f 9921 9916 9915
f 12446 12447 9916
f 9916 9921 12446
f 12446 12448 12447
f 12451 12450 12446
f 12446 12453 12451
f 12451 12452 12450
f 12452 12446 12450
f 12452 12449 12446
f 12442 12453 12449
f 12446 12442 12453
f 9921 10872 12453
f 12453 12446 9921
f 9919 10872 9921
f 9918 9919 9920
f 9921 9920 9919
f 12443 12451 9913
f 12442 12444 9918
f 12444 12445 9918
f 12448 12446 12453
f 10872 9916 12447
f 12447 12448 12453
f 12446 12449 12442
f 9915 9919 9918
f 9920 9915 9918
f 12447 12453 10872
f 9919 9915 9916
f 10872 9919 9916
f 12442 9918 9913
f 9913 12451 12442
f 12442 12449 12454
f 12451 12443 12452
f 12451 12453 12442
f 12455 12442 12443
f 12452 12456 12454
f 12452 12454 12449
f 12443 12442 12456
f 12443 12456 12452
f 12442 12455 12454
f 12454 12456 12442
