# hive_red.obj: cell=3mm zshift=-109.0cm, cm units
v -29.672 -0.000 -0.632
v -29.994 -0.000 -0.636
v -29.619 0.333 -0.614
v -29.921 0.201 -0.665
v -29.921 -0.201 -0.665
v -29.619 -0.341 -0.613
v -29.581 -0.000 -2.436
v -29.726 -0.241 -2.437
v -29.983 -0.236 -2.437
v -30.077 -0.000 -2.436
v -29.983 0.236 -2.437
v -29.726 0.241 -2.437
v -29.317 -0.010 -2.443
v -29.181 0.003 -2.416
v -28.769 -0.008 -2.424
v -28.636 0.026 -2.447
v -30.554 -1.239 -2.441
v -30.734 1.390 -2.469
v -28.174 -0.000 -2.438
v -30.499 -0.503 -2.433
v -29.356 0.255 -2.419
v -30.716 -1.409 -2.466
v -28.325 0.712 -2.437
v -28.106 0.188 -2.439
v -30.549 1.231 -2.440
v -29.350 -0.245 -2.418
v -30.331 -0.285 -2.429
v -30.499 0.503 -2.433
v -29.710 0.528 -2.416
v -27.971 0.710 -2.443
v -27.902 0.247 -2.438
v -30.332 0.284 -2.429
v -30.512 -0.000 -2.439
v -30.484 -0.239 -2.440
v -30.484 0.239 -2.440
v -27.902 -0.247 -2.438
v -27.978 -0.708 -2.443
v -27.894 -0.874 -2.415
v -30.268 -0.000 -2.439
v -27.674 -0.000 -2.438
v -27.729 0.182 -2.438
v -26.651 -1.286 -2.384
v -26.651 1.287 -2.383
v -27.886 0.891 -2.416
v -29.986 0.521 -2.417
v -28.325 -0.710 -2.438
v -28.106 -0.188 -2.439
v -27.729 -0.182 -2.438
v -29.986 -0.521 -2.417
v -29.708 -0.528 -2.416
v -28.009 -1.260 -2.432
v -28.007 1.264 -2.435
v -27.949 0.868 -2.332
v -28.712 0.168 -2.396
v -28.745 0.173 -2.332
v -28.807 -0.003 -2.330
v -29.174 -0.008 -2.329
v -29.303 0.289 -2.333
v -29.233 0.172 -2.329
v -29.236 0.161 -2.367
v -29.153 -0.054 -1.848
v -28.833 -0.107 -1.839
v -30.311 0.427 -2.334
v -30.374 0.490 -2.333
v -29.994 0.576 -2.330
v -29.685 0.581 -2.331
v -29.471 0.489 -2.331
v -30.369 0.493 -2.383
v -29.458 0.464 -2.380
v -29.183 0.195 -1.813
v -29.303 0.363 -1.821
v -29.461 0.537 -1.804
v -29.706 0.624 -1.815
v -30.020 0.611 -1.814
v -30.335 0.498 -1.805
v -29.161 0.298 -1.749
v -30.416 1.230 -2.388
v -30.384 1.227 -2.331
v -30.311 0.440 -1.848
v -30.268 0.491 -1.529
v -30.053 0.690 -1.749
v -29.730 0.523 -1.552
v -29.387 0.569 -1.750
v -28.796 0.196 -1.805
v -28.836 0.258 -1.749
v -28.413 0.740 -2.338
v -28.380 0.730 -2.403
v -28.330 0.775 -2.386
v -28.329 0.796 -2.334
v -30.340 1.207 -1.815
v -30.265 1.173 -1.480
v -30.384 -1.227 -2.331
v -30.412 -1.237 -2.390
v -30.369 -0.493 -2.383
v -30.374 -0.491 -2.333
v -30.360 -1.187 -1.815
v -30.311 -0.427 -2.334
v -30.335 -0.500 -1.804
v -29.306 -0.295 -2.331
v -29.468 -0.487 -2.331
v -29.682 -0.581 -2.331
v -29.993 -0.577 -2.330
v -29.456 -0.462 -2.380
v -30.311 -0.439 -1.847
v -30.261 -0.487 -1.509
v -30.264 -1.175 -1.479
v -29.235 -0.173 -2.327
v -29.238 -0.160 -2.366
v -29.991 -0.618 -1.811
v -29.673 -0.626 -1.811
v -29.442 -0.517 -1.811
v -29.288 -0.342 -1.823
v -29.194 -0.199 -1.802
v -29.172 -0.312 -1.750
v -29.393 -0.584 -1.749
v -29.695 -0.524 -1.560
v -29.984 -0.703 -1.750
v -28.721 -0.166 -2.388
v -28.746 -0.172 -2.329
v -28.799 -0.188 -1.797
v -28.847 -0.237 -1.749
v -28.378 -0.730 -2.405
v -28.412 -0.742 -2.338
v -28.327 -0.774 -2.388
v -28.327 -0.796 -2.334
v -27.949 -0.869 -2.332
v -30.390 -0.000 -0.606
v -30.279 0.311 -0.626
v -30.277 -0.312 -0.625
v -30.677 -1.310 -2.904
v -30.676 -1.544 -2.835
v -30.675 1.544 -2.836
v -30.677 1.310 -2.905
v -28.141 1.219 -1.815
v -28.179 1.142 -1.749
v -28.412 0.801 -1.811
v -28.382 0.773 -2.331
v -28.370 0.768 -2.373
v -28.241 0.845 -1.802
v -28.451 0.867 -1.750
v -28.123 0.921 -1.749
v -27.974 0.914 -1.821
v -28.083 1.257 -2.386
v -28.114 1.251 -2.332
v -28.412 -0.802 -1.811
v -28.385 -0.771 -2.331
v -28.375 -0.765 -2.372
v -28.245 -0.846 -1.800
v -28.451 -0.867 -1.750
v -28.163 -0.921 -1.750
v -27.974 -0.915 -1.820
v -28.079 -1.251 -2.383
v -28.114 -1.251 -2.331
v -28.179 -1.142 -1.749
v -28.134 -1.208 -1.806
v -28.174 -0.000 -2.140
v -28.106 -0.188 -2.139
v -27.902 -0.247 -2.140
v -27.729 -0.182 -2.140
v -27.674 0.000 -2.140
v -27.729 0.182 -2.140
v -27.902 0.247 -2.140
v -28.106 0.188 -2.139
v -26.699 1.291 -2.876
v -26.697 1.613 -2.870
v -26.689 1.661 -2.818
v -30.639 1.503 -1.669
v -30.578 1.560 -1.887
v -26.695 1.476 -2.197
v -26.699 -1.291 -2.876
v -26.697 -1.613 -2.871
v -30.703 -1.433 -1.886
v -30.639 -1.503 -1.669
v -30.534 1.348 0.057
v -30.503 1.419 0.058
v -30.423 1.473 0.053
v -26.689 -1.661 -2.818
v -30.534 -1.348 0.057
v -30.503 -1.419 0.058
v -30.423 -1.473 0.053
v -30.481 1.317 0.861
v -30.476 -1.307 0.964
v -30.458 -1.295 1.719
v -30.480 -1.319 0.887
v -30.458 1.295 1.719
v -30.391 -1.427 0.882
v -30.381 -1.386 1.723
v -30.441 -1.342 1.721
v -30.466 -1.366 0.889
v -30.349 -1.353 2.709
v -30.401 -1.324 2.722
v -30.456 -1.252 2.712
v -30.441 1.342 1.721
v -30.381 1.386 1.723
v -30.390 1.426 0.890
v -30.466 1.366 0.889
v -30.456 1.252 2.712
v -30.401 1.324 2.722
v -30.349 1.353 2.709
v -26.703 -1.466 -2.193
v -29.514 1.189 2.626
v -29.529 1.364 2.648
v -29.557 1.368 2.697
v -30.395 1.210 2.820
v -29.557 1.354 2.762
v -29.523 1.311 2.778
v -29.545 1.358 2.751
v -29.558 1.324 2.799
v -29.522 0.005 3.515
v -29.558 0.003 3.539
v -29.589 1.098 2.589
v -29.603 0.829 2.656
v -30.458 1.147 2.766
v -30.332 -0.000 3.493
v -30.426 1.025 2.876
v -30.461 0.849 2.757
v -29.523 -1.309 2.781
v -29.558 -1.321 2.801
v -30.421 -1.028 2.882
v -30.394 -1.210 2.820
v -30.486 0.373 2.656
v -30.527 0.589 2.637
v -30.467 0.788 2.713
v -30.452 0.385 2.769
v -30.367 0.255 2.804
v -29.557 -1.369 2.687
v -29.558 -1.355 2.761
v -29.514 -1.188 2.626
v -29.529 -1.364 2.650
v -29.545 -1.358 2.751
v -30.461 -0.271 1.807
v -30.461 -0.000 1.759
v -30.461 0.798 2.290
v -30.461 0.271 1.807
v -30.466 -0.792 2.716
v -30.461 -0.798 2.290
v -30.458 -1.149 2.767
v -30.465 0.552 2.030
v -30.465 -0.552 2.030
v -30.461 -0.844 2.758
v -30.526 -0.592 2.639
v -30.519 -0.550 2.351
v -30.513 -0.300 2.308
v -30.523 -0.236 2.071
v -30.530 -0.000 2.047
v -30.523 0.236 2.071
v -30.513 0.300 2.308
v -30.519 0.550 2.351
v -30.454 -0.391 2.772
v -30.375 -0.265 2.803
v -30.485 -0.371 2.655
v -30.466 -0.000 2.352
v -29.593 -1.095 2.590
v -29.602 -0.829 2.655
v -29.520 -0.870 2.810
v -30.070 -1.085 2.538
v -30.099 -0.865 2.638
v -29.520 -0.669 2.601
v -29.525 -0.554 2.916
v -29.595 -0.732 2.612
v -29.569 -0.847 2.757
v -30.154 -0.907 2.581
v -29.422 -1.127 2.289
v -29.590 -1.071 2.418
v -29.590 -0.946 2.349
v -29.520 -0.967 2.282
v -26.730 1.298 -2.250
v -26.737 -1.303 -2.246
v -26.852 -1.360 -2.138
v -26.852 -1.296 -2.220
v -27.640 -1.350 -2.099
v -27.688 -1.282 -2.153
v -26.852 1.294 -2.220
v -26.852 1.361 -2.136
v -29.591 -1.096 2.015
v -29.504 -1.095 2.078
v -29.521 -1.041 2.125
v -29.421 1.128 2.286
v -27.689 1.281 -2.154
v -27.640 1.350 -2.099
v -30.061 -0.744 2.597
v -29.541 -0.767 2.465
v -29.524 -0.593 2.320
v -30.078 -0.906 2.329
v -30.062 -1.061 2.440
v -30.084 -1.095 1.968
v -29.589 -0.529 2.321
v -30.154 -0.937 1.991
v -30.140 -0.876 2.071
v -30.101 -0.625 2.243
v -29.523 -0.001 1.979
v -29.534 -0.160 1.929
v -29.599 -0.171 1.888
v -30.154 -0.740 2.094
v -30.156 -1.048 1.101
v -30.154 -1.065 1.091
v -30.082 -1.134 1.070
v -30.138 -0.722 2.132
v -30.078 -0.186 1.870
v -30.154 -0.236 1.802
v -30.120 -0.184 1.820
v -29.595 -0.003 1.811
v -30.058 0.000 1.806
v -29.588 0.001 2.054
v -29.522 0.004 1.807
v -29.517 -0.002 1.083
v -29.595 -0.000 1.182
v -30.059 -0.058 1.200
v -30.154 -0.236 1.206
v -30.100 -0.185 1.163
v -29.595 -0.173 1.115
v -29.533 -0.161 1.075
v -29.517 -0.679 0.727
v -29.597 -0.713 0.808
v -30.154 -0.740 0.913
v -30.095 -0.717 0.844
v -30.097 -0.781 0.845
v -30.154 -0.760 0.908
v -29.593 -0.921 0.733
v -29.519 -0.860 0.724
v -29.598 -1.140 1.026
v -29.514 -1.150 0.991
v -29.495 -1.127 0.803
v -29.584 -1.099 0.671
v -29.506 -1.192 0.615
v -29.599 -1.174 0.612
v -29.596 -0.896 0.552
v -30.102 -0.927 0.551
v -30.074 -1.076 0.650
v -30.102 -1.152 0.588
v -29.522 -0.830 0.562
v -30.170 -1.096 0.571
v -30.169 -0.971 0.537
v -29.522 -0.839 -0.163
v -29.595 -0.898 -0.146
v -30.200 -1.145 -0.177
v -30.136 -1.197 -0.175
v -30.134 -0.906 -0.122
v -30.198 -0.944 -0.119
v -29.526 -0.789 -0.315
v -29.587 -1.118 -0.273
v -30.134 -1.103 -0.253
v -30.155 -1.102 -0.250
v -29.496 -1.178 -0.405
v -29.600 -1.210 -0.212
v -29.511 -1.228 -0.213
v -29.592 -1.218 -0.650
v -29.512 -1.218 -0.602
v -29.521 -0.667 -0.154
v -29.591 -0.782 -0.390
v -30.232 -1.204 -0.696
v -30.222 -0.778 -0.438
v -29.588 -0.720 -0.388
v -29.525 -0.716 -0.314
v -30.224 -0.721 -0.440
v -30.315 -1.201 -1.383
v -30.283 -0.463 -0.641
v -30.342 -0.474 -1.400
v -30.290 -0.400 -1.401
v -29.572 -0.228 -0.452
v -29.518 -0.258 -0.515
v -27.814 -1.222 -1.550
v -27.864 -1.312 -1.421
v -30.261 -0.432 -1.466
v -29.507 -0.300 -0.608
v -29.521 -0.354 -1.406
v -27.712 -1.266 -1.609
v -27.729 -1.319 -1.449
v -27.759 -1.222 -2.108
v -27.315 0.001 -1.583
v -27.118 -0.000 -1.622
v -27.068 0.007 -2.181
v -27.759 1.221 -2.110
v -27.718 1.258 -1.601
v -27.815 1.221 -1.548
v -27.868 1.312 -1.418
v -27.729 1.319 -1.449
v -30.313 1.203 -1.384
v -29.604 -0.410 -1.480
v -29.563 -0.373 -1.439
v -29.500 -0.334 -1.482
v -29.358 0.005 -1.498
v -29.434 0.003 -0.599
v -29.501 0.337 -1.480
v -29.507 0.300 -0.608
v -29.520 0.353 -1.403
v -29.520 0.875 2.810
v -29.567 0.855 2.756
v -30.070 1.085 2.537
v -30.099 0.864 2.639
v -29.520 0.968 2.284
v -29.591 1.071 2.418
v -29.591 0.946 2.349
v -30.154 0.909 2.580
v -29.504 1.097 2.077
v -29.600 1.101 2.007
v -29.521 1.040 2.127
v -29.525 0.554 2.917
v -29.520 0.669 2.600
v -29.595 0.732 2.613
v -30.083 1.095 1.968
v -30.061 0.744 2.597
v -29.524 0.591 2.318
v -29.540 0.767 2.465
v -30.073 0.867 2.285
v -30.058 1.060 2.439
v -29.589 0.530 2.322
v -30.139 0.869 2.076
v -30.154 0.919 2.002
v -30.085 0.669 2.217
v -30.154 0.739 2.095
v -30.156 1.048 1.101
v -30.154 1.065 1.092
v -30.095 1.119 1.054
v -29.534 0.160 1.929
v -29.599 0.172 1.890
v -30.138 0.723 2.133
v -30.078 0.186 1.870
v -30.154 0.236 1.802
v -30.120 0.184 1.820
v -30.154 0.236 1.205
v -30.103 0.190 1.160
v -29.597 0.172 1.116
v -29.533 0.161 1.075
v -29.517 0.675 0.723
v -29.596 0.714 0.807
v -30.154 0.740 0.913
v -30.095 0.717 0.844
v -30.097 0.781 0.845
v -30.154 0.760 0.908
v -29.593 0.920 0.733
v -29.519 0.861 0.724
v -29.592 1.137 1.019
v -29.496 1.127 0.807
v -29.514 1.152 0.995
v -29.501 1.193 0.616
v -29.585 1.099 0.670
v -29.597 0.897 0.553
v -29.600 1.173 0.614
v -30.102 1.152 0.588
v -30.074 1.076 0.650
v -30.102 0.927 0.551
v -29.523 0.832 0.562
v -30.169 0.971 0.537
v -30.170 1.096 0.571
v -30.200 1.147 -0.176
v -30.136 1.199 -0.171
v -29.523 0.841 -0.164
v -29.596 0.897 -0.144
v -30.134 0.906 -0.122
v -30.197 0.946 -0.121
v -29.524 0.789 -0.312
v -29.588 1.118 -0.273
v -30.134 1.108 -0.253
v -30.155 1.102 -0.250
v -29.600 1.210 -0.211
v -29.496 1.178 -0.406
v -29.506 1.229 -0.218
v -29.510 1.219 -0.602
v -29.599 1.222 -0.657
v -30.231 1.205 -0.695
v -29.588 0.783 -0.389
v -29.522 0.666 -0.154
v -30.342 0.474 -1.400
v -30.223 0.778 -0.438
v -30.225 0.721 -0.441
v -29.590 0.720 -0.389
v -30.283 0.463 -0.641
v -30.290 0.400 -1.401
v -29.526 0.717 -0.317
v -29.519 0.258 -0.513
v -29.576 0.223 -0.450
v -30.261 0.432 -1.466
v -29.562 0.372 -1.438
v -29.608 0.411 -1.481
v -29.517 -0.001 -0.512
v -29.578 -0.001 -0.479
v -29.595 -0.605 -0.136
v -30.212 -0.000 -0.439
v -29.596 0.603 -0.138
v -30.134 -0.595 -0.118
v -30.134 0.595 -0.118
v -30.199 -0.559 -0.112
v -29.522 -0.664 0.569
v -29.597 -0.602 0.555
v -30.199 0.559 -0.112
v -29.523 0.659 0.573
v -29.597 0.600 0.557
v -30.101 -0.590 0.536
v -30.171 -0.537 0.527
v -29.534 -0.015 0.933
v -29.597 -0.005 0.902
v -30.100 -0.000 0.869
v -30.159 -0.000 0.811
v -30.101 0.590 0.536
v -30.171 0.537 0.527
v -30.359 0.000 2.880
v -30.348 0.244 2.619
v -30.348 -0.244 2.618
v -30.301 0.175 2.444
v -30.301 -0.000 2.392
v -30.301 -0.175 2.444
v -30.145 -0.000 2.893
v -30.145 0.205 2.807
v -30.145 0.257 2.590
v -30.145 0.188 2.434
v -30.145 -0.000 2.377
v -30.145 -0.188 2.434
v -30.145 -0.257 2.590
v -30.145 -0.205 2.807
v -29.528 -0.000 3.243
v -30.144 0.001 2.100
v -29.587 0.478 2.909
v -30.144 0.460 2.899
v -30.144 -0.461 2.897
v -29.587 -0.478 2.908
v -30.144 -0.000 3.164
v -29.587 -0.001 3.184
v -28.212 0.505 -1.580
v -28.212 -0.505 -1.580
v -28.508 -0.000 -1.567
v -27.629 0.506 -1.590
v -27.628 -0.505 -1.590
v -28.466 -0.001 -2.130
v -28.194 0.471 -2.130
v -27.650 0.472 -2.130
v -27.376 0.000 -2.130
v -27.648 -0.471 -2.130
v -28.193 -0.472 -2.130
v -45.898 -9.360 37.356
v -45.777 -7.915 36.680
v -45.904 -8.074 36.485
v -45.825 -9.522 37.150
v -45.591 -9.413 37.210
v -45.565 -9.500 37.212
v -45.657 -9.508 37.384
v -45.907 -9.533 37.304
v -45.685 -9.387 37.363
v -45.615 -8.471 36.133
v -45.599 -8.264 36.558
v -45.805 -8.190 36.285
v -45.604 -8.120 36.481
v -45.568 -8.158 36.288
v -45.741 -7.894 36.603
v -45.760 -7.891 36.636
v -45.679 -8.037 36.679
v -6.780 -33.029 39.087
v -6.775 -32.809 38.901
v -6.893 -32.976 38.940
v -8.122 -32.713 39.172
v -8.098 -32.947 39.275
v -7.462 -32.139 40.421
v -7.904 -32.009 40.834
v -7.905 -31.843 40.777
v -7.140 -32.488 40.069
v -6.843 -32.801 39.527
v -7.140 -32.269 39.942
v -6.920 -32.535 39.480
v -8.218 -32.876 39.397
v -8.391 -32.716 39.506
v -8.319 -32.649 39.283
v -8.421 -32.656 39.779
v -8.434 -32.480 39.575
v -8.423 -32.387 39.737
v -8.059 -31.770 40.737
v -8.097 -32.064 40.805
v -8.100 -32.033 41.012
v -7.923 -32.007 40.906
v -8.064 -31.826 40.948
v -7.946 -31.737 40.863
v -6.710 -32.973 38.886
v -6.787 -32.990 38.641
v -7.532 -31.915 40.555
v -7.190 -32.127 40.187
v -6.767 -32.627 39.320
v -6.932 -32.367 39.771
v -6.786 -33.250 38.878
v -6.714 -33.257 38.899
v -6.932 -32.588 39.898
v -7.190 -32.347 40.314
v -7.532 -32.135 40.682
v -8.376 -32.861 39.424
v -8.289 -32.913 39.334
v -56.344 -12.682 31.620
v -56.070 -12.673 31.664
v -56.139 -11.235 30.959
v -56.309 -11.358 30.781
v -56.182 -12.839 31.418
v -55.907 -12.748 31.414
v -55.925 -12.810 31.480
v -56.049 -12.828 31.638
v -56.290 -12.828 31.607
v -56.139 -11.735 30.482
v -55.765 -11.749 30.473
v -56.151 -11.491 30.558
v -55.861 -11.455 30.701
v -55.784 -11.479 30.587
v -56.119 -11.205 30.904
v -56.066 -11.410 30.785
v -55.969 -12.721 31.509
v -55.785 -11.607 30.771
v -56.294 -12.694 31.536
v -56.265 -12.771 31.529
v -57.965 -26.500 35.300
v -58.008 -26.699 35.476
v -57.955 -26.720 35.398
v -56.719 -26.600 35.663
v -56.694 -26.366 35.560
v -57.309 -25.782 36.825
v -56.859 -25.544 37.157
v -56.870 -25.693 37.234
v -57.618 -25.836 36.478
v -57.885 -26.170 35.901
v -57.647 -26.126 36.484
v -57.964 -26.434 35.951
v -56.493 -26.306 35.665
v -56.595 -26.532 35.782
v -56.383 -26.169 35.901
v -56.422 -26.448 35.927
v -56.372 -26.046 36.115
v -56.366 -26.297 36.189
v -56.733 -25.698 37.211
v -56.750 -25.481 37.128
v -56.688 -25.716 37.355
v -56.699 -25.518 37.334
v -58.095 -26.706 35.277
v -57.232 -25.779 37.085
v -57.588 -25.986 36.727
v -57.861 -26.112 36.255
v -56.527 -26.569 35.716
v -57.988 -26.680 34.977
v -58.127 -26.537 35.264
v -58.043 -26.259 35.746
v -57.232 -25.559 36.958
v -29.992 -24.436 11.126
v -29.996 -23.107 10.436
v -29.992 -24.339 11.519
v -29.992 -24.466 11.479
v -29.992 -24.518 11.297
v -29.992 -22.972 10.924
v -29.992 -22.887 10.779
v -30.010 -22.843 11.039
v -29.992 -24.392 11.344
v -39.568 -7.299 40.900
v -39.314 -7.273 40.972
v -39.275 -6.028 40.086
v -39.529 -5.985 40.071
v -39.333 -7.459 40.733
v -39.133 -7.421 40.731
v -39.251 -7.413 40.938
v -39.480 -7.429 40.816
v -39.519 -7.448 40.899
v -39.385 -6.332 39.796
v -38.936 -6.338 39.812
v -39.352 -6.095 39.859
v -39.035 -6.081 39.898
v -39.334 -5.842 40.183
v -39.070 -6.096 39.992
v -39.014 -6.238 40.063
v -39.181 -7.336 40.767
v -39.515 -7.321 40.818
v -57.990 -32.809 38.916
v -58.011 -32.776 39.064
v -57.986 -33.015 39.097
v -57.911 -32.932 38.943
v -56.730 -32.936 39.294
v -56.694 -32.691 39.211
v -57.309 -32.106 40.477
v -56.860 -31.856 40.800
v -56.870 -32.017 40.886
v -57.647 -32.230 40.008
v -57.885 -32.494 39.552
v -57.647 -32.450 40.135
v -57.885 -32.714 39.679
v -56.641 -32.873 39.404
v -56.444 -32.727 39.487
v -56.403 -32.511 39.523
v -56.366 -32.401 39.713
v -56.369 -32.652 39.786
v -56.711 -32.021 40.826
v -56.750 -31.790 40.765
v -56.700 -32.028 40.978
v -56.702 -31.811 40.972
v -58.127 -33.072 39.057
v -58.098 -32.995 38.914
v -57.987 -33.255 38.909
v -57.232 -32.103 40.737
v -57.588 -32.310 40.378
v -58.043 -32.693 39.460
v -57.861 -32.546 39.969
v -56.527 -32.893 39.368
v -57.861 -32.326 39.842
v -57.588 -32.090 40.251
v -57.232 -31.883 40.610
v -56.481 -32.648 39.285
v -31.123 -47.424 23.590
v -31.121 -47.421 23.269
v -31.124 -47.090 23.277
v -31.122 -47.106 23.605
v -31.173 -12.567 4.775
v -31.094 -12.609 4.912
v -31.094 -14.727 6.114
v -31.143 -13.782 4.298
v -31.153 -13.598 4.287
v -31.147 -13.812 3.846
v -31.147 -13.562 3.865
v -31.147 -13.477 4.101
v -31.139 -13.924 4.168
v -31.152 -13.961 4.057
v -31.094 -21.051 9.766
v -31.147 -16.851 6.150
v -31.147 -17.197 5.798
v -31.144 -17.126 6.173
v -31.141 -17.047 5.719
v -31.157 -16.913 5.733
v -31.147 -16.787 5.887
v -31.152 -17.260 5.962
v -31.094 -26.275 12.782
v -31.132 -26.439 11.568
v -31.139 -26.181 11.540
v -31.139 -26.518 11.170
v -31.144 -26.592 11.331
v -31.139 -26.369 11.111
v -31.173 -26.581 11.492
v -31.123 -26.224 11.127
v -31.133 -26.117 11.288
v -31.173 -36.213 18.428
v -31.138 -27.589 12.179
v -31.139 -27.649 11.880
v -31.139 -27.287 12.168
v -31.136 -27.248 11.867
v -31.111 -27.410 11.734
v -31.139 -27.497 11.742
v -31.118 -46.397 22.737
v -31.121 -46.275 22.582
v -31.121 -46.146 22.544
v -31.173 -46.112 24.143
v -31.121 -46.219 23.024
v -31.121 -45.949 22.681
v -31.124 -45.966 22.946
v -31.122 -46.386 22.903
v -31.115 -49.383 26.098
v -31.138 -50.339 24.443
v -31.173 -13.523 3.119
v -31.094 -13.961 2.740
v -31.094 -15.997 3.915
v -31.173 -22.281 7.635
v -31.173 -27.505 10.651
v -31.173 -37.404 16.366
v -31.173 -47.303 22.081
v -31.091 -50.654 23.896
v -31.094 -13.797 2.645
v -31.173 -13.688 3.214
v -31.147 -15.730 4.377
v -31.094 -22.067 8.005
v -31.173 -27.271 11.056
v -31.173 -37.170 16.771
v -31.173 -47.069 22.486
v -33.554 -46.112 24.143
v -33.649 -48.003 25.344
v -33.554 -36.213 18.428
v -33.634 -26.275 12.782
v -33.634 -21.051 9.766
v -33.634 -14.727 6.114
v -33.554 -12.567 4.775
v -33.645 -49.376 26.109
v -33.634 -15.997 3.915
v -33.634 -13.797 2.645
v -33.554 -22.281 7.635
v -33.554 -27.505 10.651
v -33.554 -37.404 16.366
v -33.554 -47.303 22.081
v -33.634 -49.378 23.187
v -33.658 -50.654 23.896
v -31.253 -13.800 2.830
v -31.253 -15.917 4.052
v -31.253 -50.562 24.055
v -31.253 -14.806 5.977
v -31.253 -12.771 4.802
v -31.253 -21.130 9.628
v -31.253 -26.354 12.644
v -31.253 -22.027 8.074
v -33.475 -50.562 24.055
v -33.589 -50.339 24.443
v -33.475 -13.717 2.782
v -33.554 -13.523 3.119
v -33.475 -14.806 5.977
v -33.475 -21.130 9.628
v -33.475 -26.354 12.644
v -33.475 -48.187 25.249
v -33.475 -49.298 23.325
v -33.475 -15.917 4.052
v -33.591 -47.424 23.272
v -33.591 -47.087 23.278
v -33.588 -47.107 23.606
v -33.591 -47.427 23.590
v -33.580 -46.143 22.543
v -33.596 -46.269 22.579
v -33.589 -46.397 22.732
v -33.589 -46.221 23.024
v -33.584 -45.967 22.948
v -33.596 -45.947 22.682
v -33.606 -46.387 22.901
v -33.608 -27.291 12.170
v -33.600 -27.587 12.175
v -33.602 -27.648 11.880
v -33.623 -27.497 11.740
v -33.628 -27.394 11.734
v -33.604 -27.241 11.872
v -33.607 -26.419 11.575
v -33.605 -26.169 11.531
v -33.605 -26.112 11.288
v -33.608 -26.376 11.111
v -33.598 -26.520 11.176
v -33.603 -26.584 11.336
v -33.554 -26.581 11.492
v -33.622 -26.219 11.123
v -33.581 -16.851 6.150
v -33.584 -17.126 6.173
v -33.581 -17.197 5.798
v -33.581 -16.787 5.887
v -33.586 -17.047 5.719
v -33.576 -17.260 5.962
v -33.570 -16.913 5.733
v -33.574 -13.598 4.287
v -33.585 -13.782 4.298
v -33.581 -13.812 3.846
v -33.581 -13.477 4.100
v -33.576 -13.961 4.057
v -33.588 -13.924 4.168
v -33.581 -13.562 3.865
v -33.554 -49.104 23.661
v -33.554 -47.069 22.486
v -33.554 -37.170 16.771
v -33.554 -27.271 11.056
v -33.634 -22.067 8.005
v -33.581 -15.730 4.377
v -33.475 -22.027 8.074
v -6.360 -14.005 26.617
v -6.262 -13.882 26.609
v -6.042 -13.869 26.565
v -5.969 -14.015 26.602
v -6.008 -14.122 26.305
v -6.317 -14.134 26.303
v -6.454 -14.081 26.509
v -6.451 -14.122 26.437
v -6.422 -13.917 26.399
v -34.508 -23.475 10.160
v -34.531 -23.366 10.398
v -34.614 -23.104 10.435
v -34.854 -23.124 10.426
v -34.840 -23.465 10.022
v -34.989 -23.481 10.166
v -34.995 -23.403 10.335
v -5.780 -15.610 23.518
v -5.786 -18.954 17.750
v -6.277 -17.167 20.819
v -6.239 -17.390 20.420
v -6.355 -17.452 20.576
v -6.346 -17.213 20.704
v -6.084 -17.387 20.421
v -6.042 -17.176 20.806
v -5.951 -17.435 20.611
v -6.008 -17.186 20.667
v -58.984 -18.954 17.750
v -58.790 -17.433 20.618
v -58.964 -15.606 23.516
v -58.756 -17.191 20.669
v -58.715 -17.181 20.800
v -58.526 -17.393 20.416
v -58.306 -17.416 20.639
v -58.480 -17.480 20.508
v -58.682 -17.376 20.434
v -58.494 -17.164 20.822
v -58.320 -17.218 20.696
v -5.780 -13.456 27.248
v -58.964 -13.451 27.248
v -58.760 -13.874 26.353
v -58.769 -14.111 26.346
v -58.741 -13.861 26.533
v -58.497 -14.154 26.262
v -58.324 -13.890 26.488
v -58.317 -14.097 26.371
v -58.530 -13.878 26.624
v -55.814 -23.129 10.538
v -55.598 -23.122 10.532
v -56.369 -23.051 10.660
v -56.935 -22.938 10.856
v -57.392 -22.800 11.099
v -58.991 -21.259 13.765
v -58.811 -20.743 14.917
v -58.738 -20.678 14.709
v -58.497 -20.712 14.670
v -58.759 -21.890 12.835
v -58.853 -21.644 13.354
v -58.234 -22.416 11.932
v -58.588 -22.122 12.283
v -58.750 -20.505 14.963
v -58.542 -20.486 15.070
v -58.305 -20.727 14.906
v -58.068 -22.477 11.648
v -58.665 -20.506 15.063
v -58.457 -20.501 14.994
v -58.397 -12.304 29.288
v -58.448 -12.648 29.008
v -58.887 -13.130 28.022
v -58.820 -12.872 28.398
v -58.991 -13.322 27.513
v -6.650 -12.091 29.645
v -6.987 -11.922 29.932
v -7.083 -12.085 29.957
v -5.908 -12.872 28.398
v -5.832 -12.940 28.156
v -6.662 -12.280 29.573
v -6.352 -12.291 29.302
v -6.071 -12.541 28.878
v -5.767 -13.058 27.983
v -5.736 -13.322 27.513
v -5.736 -21.259 13.765
v -5.830 -21.619 13.123
v -6.395 -20.730 14.894
v -6.286 -20.720 14.685
v -5.968 -21.890 12.835
v -6.660 -22.477 11.648
v -6.336 -20.516 14.987
v -6.153 -22.110 12.285
v -6.221 -20.487 15.070
v -6.033 -20.676 14.695
v -5.924 -20.740 14.913
v -6.512 -22.430 11.965
v -6.016 -20.498 14.965
v -6.097 -20.491 15.068
v -7.284 -22.792 11.123
v -7.449 -22.817 11.047
v -7.265 -22.816 11.314
v -7.793 -22.938 10.856
v -8.358 -23.051 10.660
v -8.935 -23.128 10.538
v -9.504 -23.143 10.502
v -12.318 -23.114 10.520
v -16.287 -23.114 10.520
v -18.593 -23.101 10.440
v -22.350 -23.114 10.520
v -22.624 -23.152 10.498
v -22.794 -23.165 10.477
v -29.746 -23.475 10.160
v -26.891 -23.478 10.162
v -29.759 -23.379 10.372
v -26.852 -23.243 10.322
v -29.818 -23.223 10.356
v -26.899 -23.403 10.335
v -30.021 -23.438 9.985
v -26.700 -23.843 9.283
v -26.731 -23.472 10.018
v -26.761 -23.119 10.430
v -26.105 -23.737 9.467
v -26.412 -23.475 10.160
v -26.527 -23.104 10.435
v -30.218 -23.484 10.155
v -26.438 -23.373 10.384
v -30.186 -23.243 10.322
v -30.351 -23.345 10.470
v -30.509 -24.543 8.095
v -34.218 -24.543 8.095
v -36.412 -24.132 8.783
v -38.084 -23.107 10.436
v -38.319 -23.481 10.160
v -38.623 -23.737 9.467
v -38.318 -23.395 10.352
v -38.282 -23.243 10.322
v -37.914 -23.223 10.356
v -37.855 -23.379 10.372
v -37.842 -23.475 10.160
v -38.027 -23.843 9.283
v -38.150 -23.463 10.010
v -41.990 -23.161 10.484
v -42.378 -23.114 10.520
v -45.547 -23.129 10.519
v -48.441 -23.114 10.520
v -52.409 -23.114 10.520
v -54.951 -23.129 10.519
v -55.224 -23.143 10.502
v -56.416 -12.986 28.093
v -56.398 -12.733 28.523
v -56.398 -12.831 28.371
v -56.237 -12.842 28.361
v -57.835 -13.451 27.248
v -57.835 -15.606 23.516
v -57.833 -18.954 17.750
v -56.895 -22.255 12.040
v -57.666 -22.678 11.300
v -57.861 -22.628 11.683
v -57.305 -22.229 12.309
v -56.521 -22.388 11.823
v -57.897 -21.596 13.408
v -57.661 -21.708 13.000
v -57.474 -21.910 12.640
v -57.916 -21.340 13.812
v -55.679 -22.542 11.559
v -55.224 -22.561 11.522
v -56.293 -22.441 11.711
v -56.121 -22.482 11.663
v -52.409 -22.561 11.504
v -48.441 -22.561 11.504
v -45.547 -22.561 11.504
v -42.378 -22.561 11.504
v -38.623 -22.561 11.504
v -36.412 -22.561 11.504
v -34.094 -22.561 11.504
v -31.569 -22.561 11.504
v -30.633 -22.561 11.504
v -26.105 -22.561 11.504
v -22.350 -22.561 11.504
v -18.670 -22.561 11.504
v -16.287 -22.561 11.504
v -12.318 -22.561 11.504
v -9.504 -22.561 11.522
v -9.048 -22.542 11.559
v -8.617 -22.483 11.657
v -7.467 -22.188 12.327
v -7.254 -21.910 12.640
v -8.476 -22.455 11.713
v -8.165 -22.488 11.818
v -7.832 -22.255 12.040
v -7.205 -21.859 12.754
v -6.867 -22.628 11.683
v -6.852 -21.323 13.802
v -7.067 -21.708 13.000
v -6.888 -21.568 13.404
v -6.894 -18.954 17.750
v -6.892 -15.606 23.516
v -6.910 -13.327 27.516
v -6.916 -13.151 27.907
v -6.892 -13.451 27.248
v -7.171 -13.033 28.016
v -7.015 -13.065 27.974
v -7.031 -13.043 27.993
v -8.373 -12.959 28.145
v -8.372 -12.820 28.388
v -7.752 -12.386 29.266
v -8.107 -12.234 29.409
v -7.540 -12.669 28.644
v -7.774 -12.624 28.722
v -7.795 -12.507 28.936
v -7.416 -12.984 28.093
v -7.231 -13.062 27.988
v -7.783 -13.151 27.817
v -7.721 -12.413 29.100
v -7.340 -12.865 28.316
v -7.514 -13.124 27.863
v -8.410 -12.729 28.526
v -8.104 -12.644 28.690
v -8.336 -12.661 28.673
v -7.407 -12.734 28.513
v -8.362 -12.157 29.524
v -8.064 -13.130 27.857
v -8.288 -13.109 27.894
v -8.155 -13.059 27.981
v -8.212 -13.014 28.036
v -7.475 -11.734 30.262
v -8.426 -12.115 29.546
v -8.418 -11.358 30.781
v -12.318 -10.872 31.750
v -8.975 -11.504 30.589
v -8.991 -11.732 30.492
v -10.566 -10.746 31.934
v -8.717 -11.424 30.753
v -8.936 -11.465 30.699
v -8.534 -11.523 30.571
v -8.521 -11.702 30.553
v -8.904 -11.661 30.333
v -8.675 -11.775 30.419
v -8.748 -11.677 30.315
v -16.287 -9.604 33.946
v -14.072 -9.983 33.541
v -12.666 -10.760 31.943
v -14.047 -10.159 33.260
v -14.078 -9.986 33.243
v -15.709 -9.106 34.809
v -13.755 -9.931 33.576
v -12.318 -10.186 32.904
v -13.599 -9.932 33.509
v -13.745 -9.971 33.212
v -13.621 -9.962 33.286
v -13.796 -10.176 33.203
v -17.846 -9.106 34.809
v -18.727 -8.009 36.538
v -16.317 -9.126 35.086
v -22.350 -7.667 37.300
v -19.386 -8.218 36.288
v -19.389 -8.408 36.261
v -19.364 -8.203 36.371
v -21.595 -7.223 38.037
v -18.670 -8.843 35.264
v -18.945 -8.420 36.202
v -19.223 -8.482 36.127
v -19.198 -8.144 36.446
v -18.907 -8.090 36.491
v -18.934 -8.189 36.276
v -19.159 -8.365 36.040
v -26.105 -6.468 39.378
v -26.105 -5.785 40.561
v -25.790 -6.340 39.809
v -22.350 -6.993 38.468
v -25.487 -6.041 40.068
v -25.307 -6.325 39.831
v -25.399 -6.344 39.748
v -23.695 -7.237 38.045
v -25.710 -6.100 39.990
v -25.511 -6.313 39.606
v -25.761 -6.125 39.893
v -25.689 -6.304 39.622
v -29.453 -5.398 41.231
v -27.316 -5.398 41.231
v -30.374 -4.545 42.906
v -30.633 -5.021 41.884
v -30.633 -4.352 43.042
v -31.305 -4.212 43.303
v -30.846 -4.297 43.149
v -31.421 -4.816 42.256
v -31.569 -4.184 43.334
v -30.967 -4.932 42.057
v -32.152 -4.280 43.127
v -31.808 -4.186 43.384
v -32.802 -4.501 43.082
v -34.094 -4.352 43.042
v -33.909 -4.304 43.149
v -32.601 -4.297 43.095
v -33.423 -4.212 43.303
v -32.364 -4.173 43.355
v -32.120 -4.383 42.988
v -32.020 -4.604 42.861
v -31.758 -4.795 42.511
v -32.411 -4.451 42.836
v -32.970 -4.795 42.511
v -32.742 -4.620 42.875
v -33.323 -4.820 42.251
v -34.094 -5.021 41.884
v -32.941 -4.159 43.386
v -32.364 -4.737 42.429
v -33.760 -4.932 42.057
v -32.448 -4.212 43.224
v -35.274 -5.398 41.231
v -36.412 -5.079 41.784
v -34.392 -4.432 42.911
v -36.412 -5.761 40.601
v -38.623 -6.468 39.378
v -38.623 -5.785 40.561
v -37.412 -5.398 41.231
v -39.064 -6.306 39.613
v -42.378 -6.993 38.468
v -41.032 -7.237 38.045
v -39.243 -6.314 39.607
v -48.982 -9.091 34.800
v -51.025 -9.950 33.563
v -50.676 -9.967 33.539
v -51.042 -9.965 33.246
v -51.006 -10.163 33.238
v -52.325 -10.837 32.114
v -52.409 -10.186 32.904
v -48.441 -9.604 33.946
v -50.715 -10.167 33.241
v -50.663 -9.987 33.235
v -54.199 -10.760 31.943
v -52.409 -10.872 31.750
v -54.951 -11.684 30.344
v -54.866 -11.207 31.503
v -56.302 -12.115 29.546
v -56.027 -11.671 30.320
v -55.871 -11.676 30.320
v -56.365 -12.157 29.524
v -58.077 -12.091 29.645
v -57.252 -11.734 30.262
v -57.668 -12.007 29.971
v -56.620 -12.234 29.409
v -56.976 -12.386 29.266
v -57.333 -12.973 28.113
v -57.338 -13.064 27.973
v -57.864 -13.182 27.910
v -57.024 -12.630 28.710
v -57.006 -12.413 29.100
v -57.582 -13.036 28.011
v -57.817 -13.327 27.516
v -56.950 -12.502 28.946
v -57.016 -13.135 27.845
v -57.286 -13.131 27.855
v -57.639 -13.061 27.990
v -57.370 -12.815 28.394
v -56.776 -12.547 28.872
v -57.249 -12.697 28.601
v -56.441 -12.672 28.647
v -56.482 -13.128 27.864
v -56.727 -13.136 27.841
v -56.684 -12.620 28.730
v -31.569 -24.524 8.104
v -31.091 -24.219 8.632
v -31.569 -24.219 8.632
v -31.036 -24.218 8.634
v -31.068 -23.843 9.283
v -31.067 -22.961 10.810
v -31.110 -22.893 10.921
v -31.057 -22.947 10.835
v -30.939 -22.848 10.972
v -31.045 -22.939 10.848
v -31.068 -23.122 10.532
v -33.679 -22.942 10.844
v -33.661 -22.961 10.810
v -33.654 -22.894 10.919
v -31.569 -22.886 10.940
v -33.659 -23.122 10.532
v -33.659 -23.843 9.283
v -33.659 -24.219 8.633
v -45.820 -8.417 36.230
v -48.410 -9.126 35.086
v -46.881 -9.106 34.809
v -45.596 -8.362 36.040
v -45.547 -8.680 35.547
v -43.133 -7.223 38.037
v -42.378 -7.667 37.300
v -45.400 -8.165 36.404
v -45.340 -8.221 36.291
v -45.369 -8.422 36.211
v -34.839 -22.843 11.057
v -34.986 -22.880 10.923
v -34.564 -22.882 11.008
v -34.475 -23.165 10.736
v -34.790 -23.150 10.717
v -34.970 -23.087 10.811
v -54.031 -22.836 11.070
v -53.766 -22.883 11.011
v -54.189 -22.872 10.935
v -54.012 -23.119 10.723
v -54.176 -23.072 10.802
v -53.777 -23.083 10.772
v -46.181 -22.864 11.021
v -45.861 -22.863 11.030
v -46.160 -23.095 10.746
v -45.924 -23.131 10.738
v -38.113 -22.844 11.037
v -37.880 -22.880 11.013
v -38.306 -22.874 10.953
v -38.102 -23.137 10.711
v -37.883 -23.101 10.779
v -38.288 -23.093 10.791
v -26.733 -22.838 11.056
v -26.469 -22.880 11.004
v -30.207 -22.878 10.963
v -29.781 -22.874 11.002
v -26.884 -22.872 10.935
v -26.467 -23.110 10.771
v -29.784 -23.096 10.779
v -26.704 -23.135 10.716
v -26.871 -23.072 10.802
v -29.991 -23.161 10.716
v -30.367 -23.180 10.751
v -18.560 -22.856 11.026
v -18.885 -22.865 11.010
v -18.835 -23.122 10.745
v -18.615 -23.130 10.737
v -10.832 -22.838 11.074
v -11.005 -22.869 10.941
v -10.581 -22.884 11.004
v -10.591 -23.078 10.777
v -10.813 -23.119 10.719
v -10.986 -23.088 10.792
v -54.951 -22.561 11.504
v -5.775 -21.560 13.256
v -58.077 -12.266 29.571
v -34.069 -23.107 10.524
v -34.094 -23.843 9.283
v -36.412 -23.843 9.283
v -36.412 -23.122 10.532
v -12.318 -22.849 11.004
v -22.350 -22.849 11.004
v -26.105 -23.107 10.524
v -38.623 -22.849 11.004
v -38.623 -23.107 10.524
v -42.378 -22.849 11.004
v -48.441 -22.849 11.004
v -12.425 -22.911 11.227
v -16.287 -22.849 11.004
v -22.350 -22.678 11.300
v -26.105 -22.849 11.004
v -30.634 -22.896 11.247
v -30.633 -22.849 11.004
v -31.569 -22.678 11.300
v -34.094 -22.849 11.004
v -38.623 -22.678 11.300
v -42.162 -22.904 11.230
v -45.547 -22.849 11.004
v -48.441 -22.678 11.300
v -52.409 -22.849 11.004
v -54.817 -22.923 11.209
v -54.951 -22.849 11.004
v -56.293 -22.849 11.004
v -6.660 -15.621 23.524
v -6.660 -18.954 17.750
v -58.068 -15.621 23.524
v -58.068 -18.954 17.750
v -6.660 -13.472 27.246
v -58.068 -13.472 27.246
v -56.310 -22.746 11.367
v -7.108 -12.153 29.532
v -8.418 -22.746 11.367
v -8.435 -22.849 11.004
v -30.633 -23.843 9.283
v -30.692 -23.101 10.525
v -52.409 -22.678 11.300
v -45.547 -22.678 11.300
v -36.412 -22.678 11.300
v -34.107 -22.899 11.237
v -26.105 -22.678 11.300
v -18.664 -22.914 11.181
v -16.287 -22.678 11.300
v -12.363 -10.858 32.098
v -16.287 -9.091 34.800
v -22.350 -7.223 38.037
v -36.412 -5.398 41.231
v -42.378 -7.223 38.037
v -52.451 -10.856 32.106
v -48.441 -9.091 34.800
v -36.412 -22.849 11.004
v -8.381 -13.063 27.983
v -8.039 -12.557 28.862
v -7.315 -13.077 27.949
v -33.633 -25.137 12.122
v -33.658 -26.381 9.967
v -31.101 -25.136 12.124
v -31.070 -26.380 9.968
v -33.623 -26.413 9.911
v -31.110 -26.416 9.906
v -33.657 -25.627 9.448
v -33.658 -28.635 11.143
v -33.660 -28.609 11.188
v -33.657 -27.208 10.361
v -31.043 -25.613 9.472
v -31.043 -26.403 9.929
v -31.101 -28.605 11.195
v -31.035 -28.614 11.180
v -31.043 -27.194 10.385
v -31.044 -28.633 11.146
v -31.077 -28.636 11.142
v -31.099 -25.641 9.424
v -31.099 -27.222 10.337
v -31.099 -24.320 11.712
v -31.091 -27.322 13.417
v -31.099 -25.901 12.625
v -31.036 -27.323 13.415
v -31.043 -24.348 11.663
v -31.043 -25.929 12.576
v -31.045 -25.139 12.118
v -33.657 -24.334 11.688
v -33.659 -27.323 13.416
v -33.657 -25.915 12.600
v -6.044 -21.965 12.518
v -6.138 -22.123 12.283
v -6.389 -22.289 11.956
v -6.444 -22.382 11.846
v -7.752 -22.983 11.016
v -8.068 -23.000 10.767
v -8.700 -23.139 10.708
v -22.618 -24.324 11.285
v -9.504 -24.334 11.273
v -22.748 -24.318 11.323
v -22.838 -24.417 11.146
v -8.652 -24.284 11.359
v -8.046 -24.254 11.429
v -7.387 -24.078 11.734
v -6.932 -23.788 12.238
v -6.336 -23.552 12.644
v -5.984 -23.223 13.215
v -5.767 -22.865 13.834
v -5.837 -22.434 14.569
v -5.788 -14.555 28.225
v -6.054 -12.580 28.773
v -5.770 -14.177 28.883
v -5.996 -13.813 29.513
v -6.362 -13.478 30.093
v -6.843 -13.267 30.442
v -7.630 -12.983 30.959
v -24.670 -7.547 40.367
v -26.534 -6.855 41.564
v -30.373 -5.692 43.571
v -30.954 -5.484 43.939
v -31.415 -5.461 43.962
v -32.364 -5.349 44.174
v -33.082 -5.383 44.115
v -33.773 -5.484 43.939
v -34.365 -5.687 43.587
v -37.986 -6.858 41.539
v -35.889 -6.178 42.734
v -57.275 -12.951 31.006
v -58.963 -13.059 27.984
v -58.890 -12.942 28.134
v -58.673 -12.580 28.773
v -58.660 -12.542 28.881
v -58.313 -12.252 29.343
v -57.832 -11.966 29.823
v -57.885 -13.267 30.442
v -58.365 -13.478 30.093
v -58.732 -13.813 29.513
v -58.957 -14.177 28.883
v -59.034 -14.556 28.226
v -59.034 -22.494 14.478
v -56.042 -23.151 10.729
v -56.660 -23.000 10.767
v -56.975 -22.983 11.016
v -58.364 -22.327 11.958
v -58.683 -21.965 12.518
v -58.892 -21.606 13.128
v -58.958 -21.564 13.258
v -58.961 -22.865 13.834
v -58.744 -23.223 13.215
v -58.392 -23.552 12.644
v -57.830 -23.772 12.269
v -57.341 -24.078 11.734
v -56.682 -24.254 11.429
v -56.075 -24.284 11.359
v -55.224 -24.334 11.273
v -41.990 -24.319 11.318
v -41.890 -24.417 11.146
v -7.321 -15.200 29.314
v -7.020 -15.291 29.175
v -6.937 -15.323 29.120
v -7.831 -14.758 30.080
v -8.121 -14.736 30.136
v -8.358 -14.821 29.989
v -8.330 -14.908 29.818
v -8.537 -15.055 29.584
v -8.331 -15.196 29.318
v -8.325 -15.320 29.125
v -8.141 -15.381 29.019
v -7.832 -15.340 29.070
v -7.507 -15.373 29.034
v -7.793 -14.588 30.394
v -8.136 -14.448 30.635
v -30.966 -7.122 43.325
v -33.304 -7.036 43.473
v -32.842 -6.969 43.590
v -32.364 -6.918 43.678
v -31.875 -6.941 43.638
v -31.424 -7.036 43.473
v -33.731 -7.146 43.283
v -56.591 -14.448 30.635
v -56.935 -14.588 30.394
v -56.895 -14.759 30.079
v -56.746 -14.714 30.175
v -56.240 -12.936 28.202
v -56.374 -13.061 27.989
v -57.596 -15.272 29.209
v -57.287 -15.357 29.061
v -56.895 -15.340 29.071
v -56.724 -15.406 28.976
v -56.461 -15.343 29.086
v -56.397 -15.195 29.321
v -56.236 -15.199 29.334
v -56.190 -15.055 29.584
v -56.245 -14.912 29.832
v -56.370 -14.821 29.989
v -56.539 -14.751 30.111
v -57.748 -13.094 27.937
v -57.733 -15.321 29.123
v -57.820 -15.519 28.781
v -57.820 -23.456 15.033
v -56.917 -22.247 12.085
v -56.654 -22.348 11.922
v -57.365 -21.993 12.537
v -57.498 -21.883 12.721
v -55.224 -24.726 12.834
v -55.719 -24.702 12.876
v -56.196 -24.629 13.001
v -56.666 -24.536 13.163
v -57.060 -24.374 13.444
v -57.383 -24.177 13.784
v -57.623 -23.953 14.172
v -57.715 -23.704 14.604
v -6.907 -15.519 28.781
v -6.907 -23.456 15.033
v -9.504 -24.726 12.834
v -6.957 -23.709 14.595
v -7.105 -23.953 14.172
v -7.392 -24.162 13.811
v -7.363 -21.993 12.537
v -7.708 -24.354 13.478
v -8.061 -24.536 13.163
v -7.810 -22.247 12.085
v -8.532 -24.629 13.001
v -8.074 -22.348 11.922
v -9.008 -24.702 12.876
v -29.505 -25.608 9.084
v -30.408 -25.706 8.911
v -26.534 -25.077 10.003
v -25.945 -24.972 10.185
v -24.483 -24.681 10.689
v -38.193 -25.077 10.003
v -38.782 -24.972 10.185
v -36.089 -25.423 9.403
v -34.306 -25.713 8.904
v -35.222 -25.608 9.084
v -7.372 -12.796 28.429
v -7.548 -13.071 27.970
v -56.621 -13.074 27.961
v -18.937 -8.315 36.475
v -19.217 -8.270 36.547
v -19.385 -8.339 36.434
v -45.367 -8.325 36.458
v -45.816 -8.325 36.457
v -53.707 -23.025 10.994
v -53.968 -22.922 11.175
v -54.127 -22.957 11.102
v -54.206 -23.036 10.979
v -53.817 -22.937 11.168
v -37.830 -23.026 10.995
v -38.088 -22.922 11.176
v -38.324 -23.027 10.995
v -37.920 -22.943 11.157
v -26.409 -23.022 10.990
v -26.673 -22.921 11.175
v -26.812 -22.960 11.048
v -26.901 -23.036 10.979
v -26.525 -22.934 11.170
v -10.527 -23.025 10.994
v -10.783 -22.922 11.176
v -11.020 -23.028 10.992
v -10.615 -22.943 11.157
v -10.924 -22.970 11.031
v -57.329 -13.314 28.765
v -57.232 -13.243 28.893
v -57.017 -13.182 29.000
v -56.694 -13.200 28.970
v -56.549 -13.230 28.895
v -56.473 -13.306 28.786
v -56.430 -13.403 28.617
v -56.484 -13.509 28.431
v -56.644 -13.575 28.327
v -56.779 -13.628 28.224
v -56.984 -13.629 28.223
v -57.283 -13.520 28.414
v -57.355 -13.385 28.652
v -57.058 -13.563 28.354
v -8.271 -13.314 28.761
v -8.087 -13.215 28.942
v -7.759 -13.176 29.009
v -7.532 -13.226 28.923
v -7.434 -13.308 28.782
v -7.416 -13.405 28.618
v -7.480 -13.537 28.385
v -7.770 -13.631 28.220
v -7.976 -13.623 28.230
v -8.128 -13.561 28.348
v -8.276 -13.473 28.492
v -8.294 -13.385 28.652
v -8.095 -13.316 28.787
v -7.745 -13.566 28.353
v -38.093 -23.579 10.039
v -38.100 -23.321 10.485
v -37.910 -23.562 10.078
v -38.258 -23.560 10.083
v -34.806 -23.577 10.044
v -34.606 -23.568 10.063
v -34.814 -23.325 10.480
v -26.698 -23.576 10.044
v -26.707 -23.324 10.480
v -26.502 -23.569 10.066
v -29.997 -23.579 10.039
v -29.997 -23.320 10.488
v -29.814 -23.562 10.078
v -30.162 -23.560 10.083
v -7.794 -13.291 28.829
v -8.079 -13.398 28.644
v -8.083 -14.466 29.314
v -8.073 -14.545 29.148
v -8.028 -14.626 29.044
v -7.783 -14.635 29.024
v -7.408 -14.651 29.034
v -7.591 -14.547 29.148
v -7.558 -14.476 29.300
v -7.717 -14.403 29.427
v -7.818 -14.307 29.625
v -8.028 -14.346 29.541
v -8.111 -14.557 29.175
v -7.519 -14.561 29.162
v -56.645 -13.411 28.621
v -56.983 -13.301 28.813
v -57.141 -13.398 28.644
v -56.734 -13.317 28.785
v -57.194 -14.500 29.279
v -57.098 -14.436 29.376
v -57.135 -14.545 29.148
v -57.015 -14.634 29.044
v -56.729 -14.643 29.042
v -56.653 -14.547 29.148
v -56.661 -14.462 29.328
v -56.749 -14.377 29.523
v -56.929 -14.306 29.641
v -57.255 -14.576 29.205
v -56.662 -14.572 29.172
v -30.455 -25.787 8.805
v -34.284 -26.731 9.361
v -30.456 -26.736 9.353
v -30.487 -28.909 10.669
v -34.240 -28.909 10.669
v -30.439 -26.730 9.363
v -30.430 -25.639 8.992
v -34.297 -25.639 8.992
v -34.381 -25.679 8.939
v -30.386 -24.566 8.371
v -29.155 -25.461 9.316
v -29.837 -25.608 9.084
v -29.194 -24.365 8.716
v -29.044 -25.420 9.388
v -29.043 -24.322 8.794
v -30.416 -23.834 9.627
v -30.433 -23.854 9.628
v -29.611 -24.767 10.520
v -29.657 -23.699 9.871
v -30.387 -23.732 9.815
v -30.412 -24.845 10.393
v -29.661 -24.745 10.532
v -29.403 -24.972 10.185
v -29.663 -24.755 10.560
v -28.353 -24.462 11.052
v -28.355 -24.445 11.052
v -28.325 -24.463 11.062
v -28.460 -23.346 10.481
v -28.496 -23.320 10.554
v -30.364 -23.319 10.553
v -28.305 -24.422 11.109
v -28.319 -24.390 11.176
v -28.371 -24.374 11.198
v -30.411 -24.349 11.255
v -30.431 -24.402 11.136
v -30.435 -25.211 11.994
v -30.880 -22.839 11.363
v -30.489 -23.010 11.071
v -30.273 -23.040 10.980
v -31.068 -22.819 11.395
v -30.579 -22.952 11.192
v -27.846 -24.320 11.326
v -27.949 -23.203 10.730
v -29.736 -23.026 10.996
v -30.001 -22.922 11.176
v -29.842 -22.938 11.161
v -27.886 -22.838 11.363
v -33.687 -22.820 11.393
v -31.068 -24.908 12.519
v -30.900 -24.926 12.498
v -30.670 -24.987 12.397
v -30.508 -25.085 12.222
v -30.448 -25.166 12.077
v -30.534 -27.349 13.371
v -30.478 -27.469 13.162
v -30.664 -27.245 13.551
v -30.877 -27.179 13.665
v -31.112 -27.152 13.712
v -34.250 -27.469 13.162
v -34.195 -27.352 13.366
v -33.913 -27.191 13.645
v -34.064 -27.245 13.551
v -33.700 -27.156 13.704
v -33.688 -24.910 12.518
v -34.314 -23.190 10.752
v -34.291 -25.211 11.994
v -34.261 -23.042 11.013
v -34.232 -25.101 12.193
v -34.108 -25.007 12.361
v -34.148 -22.952 11.192
v -33.915 -24.945 12.468
v -33.908 -22.849 11.348
v -34.307 -24.351 11.253
v -34.414 -24.360 11.256
v -36.741 -23.219 10.699
v -34.504 -23.022 10.991
v -34.630 -22.930 11.167
v -34.778 -22.921 11.178
v -34.905 -22.960 11.049
v -34.998 -23.036 10.978
v -36.916 -24.324 11.308
v -36.903 -23.205 10.727
v -36.089 -24.360 11.245
v -34.296 -24.402 11.136
v -36.905 -22.872 11.303
v -36.941 -24.940 12.418
v -39.519 -22.835 11.368
v -39.408 -24.938 12.408
v -39.476 -24.948 12.444
v -39.584 -23.206 10.724
v -39.529 -24.320 11.318
v -41.829 -23.219 10.700
v -42.010 -23.205 10.727
v -41.996 -22.875 11.298
v -27.791 -24.939 12.416
v -25.298 -24.940 12.416
v -25.207 -22.836 11.367
v -25.144 -23.201 10.734
v -25.257 -24.318 11.325
v -42.021 -24.940 12.418
v -44.440 -22.906 11.243
v -44.492 -24.938 12.412
v -44.561 -24.950 12.446
v -44.610 -22.839 11.362
v -44.664 -23.206 10.724
v -44.609 -24.320 11.318
v -22.844 -23.203 10.732
v -22.805 -22.839 11.361
v -22.710 -24.940 12.417
v -20.216 -24.939 12.415
v -20.127 -22.836 11.367
v -20.064 -23.201 10.734
v -20.148 -24.321 11.326
v -24.483 -24.358 11.250
v -20.274 -24.313 11.312
v -17.665 -24.318 11.323
v -17.721 -23.202 10.733
v -18.482 -23.010 11.017
v -18.440 -23.054 10.954
v -18.813 -22.927 11.168
v -18.955 -23.025 10.995
v -17.692 -22.859 11.327
v -17.628 -24.940 12.417
v -15.164 -24.939 12.406
v -15.047 -22.836 11.367
v -15.112 -24.941 12.434
v -14.984 -23.201 10.734
v -15.041 -24.319 11.323
v -12.615 -23.203 10.730
v -12.582 -24.318 11.322
v -12.589 -22.869 11.308
v -12.546 -24.940 12.418
v -9.504 -22.854 11.332
v -9.504 -24.926 12.488
v -8.970 -24.901 12.530
v -9.060 -22.850 11.343
v -8.393 -24.797 12.710
v -8.519 -22.726 11.560
v -7.879 -24.681 12.912
v -8.088 -22.628 11.724
v -7.726 -22.475 11.987
v -7.451 -24.483 13.255
v -7.547 -22.394 12.160
v -7.194 -24.228 13.696
v -7.107 -22.129 12.588
v -7.335 -22.312 12.271
v -6.822 -24.012 14.071
v -6.888 -21.865 12.893
v -7.037 -22.159 12.554
v -6.615 -23.727 14.564
v -6.614 -21.640 13.438
v -6.899 -21.880 13.021
v -6.476 -23.391 15.033
v -6.639 -21.333 13.971
v -6.504 -21.424 13.811
v -6.508 -23.415 15.088
v -5.909 -21.307 14.016
v -5.868 -22.457 14.553
v -15.184 -24.317 11.319
v -5.838 -21.213 16.686
v -5.899 -20.101 16.102
v -5.869 -21.210 16.721
v -6.021 -20.643 15.124
v -6.288 -20.637 15.134
v -6.243 -20.877 14.717
v -6.069 -20.876 14.721
v -5.986 -20.855 14.764
v -6.378 -20.853 14.777
v -6.453 -20.759 14.942
v -6.582 -20.099 16.108
v -6.496 -22.112 17.315
v -6.542 -18.862 18.251
v -6.505 -20.878 19.472
v -6.626 -18.781 18.390
v -5.917 -18.767 18.418
v -5.867 -19.885 19.006
v -5.889 -18.740 18.450
v -5.892 -19.953 19.015
v -5.838 -19.859 19.029
v -5.837 -17.374 23.332
v -5.881 -16.364 22.580
v -5.868 -17.389 23.332
v -5.862 -19.941 18.891
v -5.844 -19.944 18.883
v -5.972 -17.341 20.839
v -5.904 -16.267 22.741
v -6.309 -17.314 20.883
v -6.087 -17.558 20.484
v -6.214 -17.559 20.480
v -6.453 -17.425 20.717
v -6.581 -16.288 22.708
v -6.495 -18.299 23.912
v -6.494 -17.057 26.062
v -6.538 -15.054 24.847
v -6.625 -14.971 24.989
v -5.892 -14.948 25.029
v -5.879 -16.088 25.615
v -5.889 -13.811 26.999
v -5.857 -14.875 27.632
v -5.862 -16.036 25.627
v -6.609 -13.791 27.029
v -6.512 -15.784 28.314
v -5.879 -14.883 27.700
v -6.557 -13.718 27.163
v -6.575 -13.465 27.596
v -6.565 -15.519 28.781
v -6.632 -15.306 29.149
v -6.712 -15.060 29.576
v -6.877 -13.060 28.303
v -6.803 -13.042 28.322
v -6.935 -14.857 29.927
v -6.922 -12.833 28.691
v -6.699 -13.269 27.934
v -6.527 -13.252 27.969
v -6.979 -13.238 28.763
v -7.033 -13.373 29.000
v -7.308 -14.907 29.823
v -7.127 -12.782 28.798
v -6.982 -15.106 29.496
v -6.779 -13.464 27.595
v -6.789 -21.413 13.854
v -7.144 -22.083 12.667
v -7.628 -24.394 13.409
v -7.759 -22.453 12.053
v -8.489 -24.682 12.911
v -8.986 -24.757 12.780
v -9.025 -22.744 11.527
v -8.572 -22.682 11.630
v -9.504 -24.783 12.736
v -9.504 -22.764 11.488
v -55.224 -24.783 12.736
v -55.224 -22.764 11.488
v -55.741 -24.757 12.780
v -55.702 -22.744 11.527
v -56.239 -24.682 12.911
v -56.174 -22.707 11.587
v -56.489 -22.753 11.513
v -56.618 -22.579 11.814
v -57.025 -22.426 12.101
v -57.658 -22.145 12.570
v -57.725 -21.933 12.958
v -57.583 -22.083 12.667
v -57.826 -23.715 14.585
v -57.834 -21.877 13.024
v -58.031 -21.350 13.925
v -57.015 -22.468 11.998
v -57.964 -13.463 27.595
v -57.848 -15.325 29.117
v -57.745 -15.106 29.496
v -57.851 -13.060 28.303
v -57.619 -14.880 29.887
v -57.671 -12.834 28.694
v -57.717 -13.224 28.786
v -57.695 -13.373 29.000
v -57.814 -14.858 29.925
v -57.892 -12.810 28.733
v -58.096 -15.306 29.149
v -58.033 -13.270 27.963
v -58.016 -15.060 29.576
v -58.163 -15.519 28.781
v -58.174 -13.466 27.596
v -57.924 -13.042 28.322
v -58.214 -15.785 28.314
v -58.214 -13.709 27.177
v -58.045 -13.749 27.085
v -58.119 -13.791 27.028
v -58.824 -13.810 26.998
v -58.862 -14.871 27.698
v -58.896 -14.888 27.626
v -58.889 -16.037 25.630
v -58.820 -14.954 25.018
v -58.864 -16.081 25.596
v -58.873 -14.796 27.803
v -58.795 -14.040 26.562
v -58.303 -14.050 26.543
v -58.470 -13.965 26.686
v -58.106 -14.975 24.983
v -58.230 -15.058 24.839
v -58.045 -14.996 24.924
v -58.245 -17.045 26.051
v -58.184 -16.277 22.728
v -58.245 -18.284 23.904
v -58.045 -16.289 22.686
v -58.824 -16.268 22.740
v -58.872 -16.142 25.483
v -58.869 -17.380 23.340
v -58.846 -16.364 22.580
v -58.868 -19.877 19.012
v -58.838 -18.740 18.450
v -58.778 -17.351 20.826
v -58.811 -18.767 18.419
v -58.316 -17.357 20.814
v -58.496 -17.292 20.913
v -58.540 -17.559 20.480
v -58.679 -17.554 20.493
v -58.104 -18.781 18.391
v -58.235 -18.868 18.239
v -58.044 -18.804 18.329
v -58.047 -18.790 18.353
v -58.222 -20.879 19.472
v -58.234 -22.110 17.313
v -58.183 -20.087 16.127
v -58.045 -20.099 16.087
v -58.828 -20.100 16.103
v -58.835 -19.953 19.014
v -58.871 -19.942 18.888
v -58.867 -21.206 16.720
v -58.867 -22.446 14.567
v -58.818 -21.309 14.013
v -58.686 -20.872 14.730
v -58.510 -20.878 14.716
v -58.518 -20.720 14.849
v -58.488 -20.627 15.149
v -58.329 -20.677 15.072
v -58.729 -20.649 15.113
v -58.347 -20.855 14.775
v -58.742 -20.855 14.764
v -58.353 -20.850 14.779
v -58.109 -21.338 13.966
v -58.219 -23.416 15.088
v -58.267 -23.372 15.030
v -58.261 -21.420 13.817
v -58.112 -23.727 14.564
v -57.946 -24.009 14.075
v -57.898 -21.901 12.892
v -57.671 -24.270 13.624
v -57.369 -24.474 13.269
v -57.431 -22.441 12.071
v -56.837 -24.663 12.943
v -56.335 -24.797 12.710
v -56.640 -22.628 11.724
v -55.757 -24.901 12.530
v -55.722 -22.807 11.420
v -55.224 -24.926 12.488
v -55.224 -22.854 11.332
v -52.181 -24.940 12.418
v -52.183 -22.881 11.289
v -52.041 -22.849 11.326
v -52.238 -23.208 10.723
v -52.012 -23.213 10.710
v -52.151 -24.319 11.331
v -49.745 -23.209 10.719
v -49.695 -24.320 11.337
v -52.030 -24.311 11.306
v -49.697 -22.841 11.357
v -49.529 -22.900 11.254
v -49.585 -24.940 12.418
v -47.091 -22.879 11.291
v -47.101 -24.940 12.418
v -47.127 -23.207 10.724
v -45.962 -22.922 11.177
v -46.109 -22.925 11.172
v -46.260 -23.027 10.992
v -46.920 -23.215 10.705
v -45.779 -23.014 11.007
v -45.741 -23.059 10.955
v -47.079 -24.318 11.320
v -46.936 -24.328 11.280
v -35.544 -25.474 9.296
v -34.890 -25.608 9.084
v -34.316 -24.557 8.385
v -34.376 -24.576 8.351
v -35.583 -25.457 9.324
v -35.526 -24.366 8.710
v -34.295 -23.854 9.629
v -34.312 -23.833 9.629
v -35.557 -24.362 8.734
v -35.719 -24.321 8.796
v -35.709 -25.422 9.385
v -35.543 -24.327 8.763
v -35.068 -23.698 9.874
v -35.148 -24.766 10.523
v -34.327 -23.791 9.713
v -34.365 -23.754 9.756
v -34.307 -24.849 10.387
v -35.113 -24.744 10.533
v -35.325 -24.972 10.185
v -35.085 -24.754 10.560
v -34.314 -23.317 10.511
v -34.381 -24.814 10.438
v -36.272 -23.335 10.480
v -36.420 -24.424 11.106
v -36.386 -24.383 11.185
v -36.392 -24.463 11.058
v -36.089 -24.546 10.923
v -39.384 -24.319 11.319
v -39.421 -24.899 12.330
v -39.373 -22.956 11.177
v -39.340 -23.209 10.720
v -39.334 -22.926 11.207
v -37.067 -22.915 11.226
v -37.066 -24.362 11.219
v -37.066 -23.222 10.694
v -36.994 -22.957 11.177
v -36.946 -24.899 12.330
v -38.086 -24.390 11.338
v -44.464 -24.319 11.319
v -5.845 -16.062 25.619
v -5.839 -16.035 25.656
v -5.866 -16.137 25.495
v -5.835 -16.143 25.464
v -5.838 -14.897 27.627
v -5.845 -14.878 27.670
v -5.835 -14.783 27.820
v -5.865 -14.802 27.797
v -49.544 -24.318 11.318
v -33.886 -27.280 12.188
v -33.883 -27.196 11.874
v -33.896 -27.270 11.620
v -33.906 -27.652 11.563
v -33.885 -27.647 11.883
v -33.885 -27.574 12.176
v -33.908 -26.911 11.978
v -33.887 -26.167 11.553
v -33.885 -26.071 11.305
v -33.901 -26.097 10.954
v -33.887 -26.411 11.099
v -33.881 -26.526 11.181
v -33.886 -26.582 11.326
v -33.885 -26.421 11.571
v -33.895 -26.572 11.456
v -32.687 -5.981 44.011
v -32.687 -6.282 44.014
v -32.544 -6.446 44.029
v -32.399 -6.576 44.038
v -32.061 -6.594 44.015
v -32.071 -6.325 44.017
v -32.094 -5.980 44.017
v -32.138 -5.657 44.011
v -32.021 -5.465 44.015
v -32.377 -5.482 44.012
v -32.535 -5.591 44.008
v -32.639 -5.707 44.010
v -32.689 -6.609 44.012
v -32.746 -5.451 44.017
v -8.661 -11.587 30.810
v -8.969 -11.615 30.761
v -8.530 -11.649 30.700
v -8.770 -11.852 30.369
v -25.448 -6.224 40.093
v -25.742 -6.248 40.055
v -25.527 -6.471 39.671
v -25.317 -6.283 39.999
v -25.702 -6.462 39.694
v -39.315 -6.236 40.079
v -39.229 -6.470 39.672
v -39.059 -6.466 39.682
v -39.453 -6.352 39.895
v -56.097 -11.597 30.794
v -55.937 -11.852 30.369
v -55.998 -11.852 30.370
v -6.436 -22.036 17.274
v -6.456 -22.041 17.287
v -6.447 -22.065 17.287
v -6.425 -20.044 16.198
v -5.861 -21.135 16.802
v -5.835 -21.130 16.822
v -5.821 -21.108 16.859
v -5.824 -19.965 18.840
v -5.857 -20.017 16.254
v -6.484 -20.018 16.255
v -6.425 -18.869 18.233
v -6.459 -20.829 19.433
v -6.438 -20.802 19.422
v -5.892 -18.880 18.218
v -5.891 -19.977 18.925
v -6.438 -18.231 23.875
v -6.425 -16.234 22.797
v -5.822 -17.297 23.459
v -5.855 -16.209 22.854
v -6.485 -16.209 22.854
v -6.425 -15.059 24.832
v -6.438 -16.992 26.022
v -5.892 -15.070 24.817
v -58.836 -15.070 24.817
v -58.907 -17.297 23.459
v -58.243 -16.209 22.854
v -58.872 -16.209 22.854
v -58.876 -19.971 18.875
v -58.279 -20.815 19.427
v -58.836 -18.880 18.218
v -58.907 -21.108 16.859
v -58.244 -20.017 16.254
v -58.871 -20.018 16.255
v -58.288 -22.037 17.277
v -58.875 -21.135 16.808
v -52.186 -24.899 12.330
v -52.234 -22.957 11.177
v -54.687 -24.939 12.397
v -54.574 -22.926 11.207
v -54.613 -22.956 11.177
v -54.580 -23.209 10.720
v -54.652 -24.321 11.323
v -54.694 -24.899 12.330
v -54.772 -24.312 11.312
v -54.774 -22.957 11.177
v -54.807 -23.209 10.720
v -55.224 -23.223 10.693
v -54.778 -24.949 12.448
v -56.315 -24.840 12.637
v -56.078 -22.854 11.334
v -56.860 -24.698 12.882
v -56.915 -22.662 11.695
v -57.363 -24.489 13.146
v -57.306 -22.518 11.918
v -55.600 -22.903 11.247
v -56.956 -22.642 11.697
v -57.694 -22.720 11.567
v -57.388 -22.868 11.312
v -56.542 -23.100 10.908
v -55.583 -23.214 10.709
v -56.564 -23.113 10.914
v -55.906 -23.113 10.636
v -57.418 -23.957 11.916
v -57.024 -24.092 11.690
v -56.568 -24.198 11.504
v -55.841 -24.278 11.337
v -55.590 -24.318 11.299
v -57.739 -23.812 12.193
v -57.410 -24.438 13.128
v -57.454 -23.968 11.924
v -57.737 -23.850 12.128
v -57.465 -22.455 12.021
v -57.862 -22.656 11.703
v -58.207 -23.545 12.610
v -58.278 -23.484 12.712
v -58.520 -23.306 13.051
v -58.622 -23.154 13.284
v -58.741 -23.032 13.526
v -58.866 -22.748 14.014
v -58.902 -22.506 14.431
v -58.217 -23.564 12.613
v -57.466 -22.420 12.082
v -57.938 -22.071 12.689
v -58.214 -21.628 13.460
v -58.113 -21.852 13.068
v -58.239 -21.452 13.789
v -57.698 -22.272 12.337
v -58.836 -21.420 13.815
v -58.486 -22.212 12.445
v -58.874 -21.453 13.786
v -58.602 -22.093 12.681
v -58.261 -22.422 12.112
v -49.582 -24.900 12.331
v -49.533 -22.956 11.177
v -49.500 -23.209 10.720
v -47.154 -22.957 11.177
v -47.106 -24.899 12.330
v -44.501 -24.899 12.330
v -44.453 -22.956 11.177
v -44.420 -23.209 10.720
v -42.171 -23.209 10.683
v -42.074 -22.957 11.177
v -42.026 -24.899 12.330
v -27.782 -24.899 12.330
v -27.733 -22.956 11.175
v -27.696 -23.211 10.716
v -27.715 -24.339 11.261
v -27.694 -22.926 11.207
v -25.454 -24.335 11.266
v -25.389 -23.211 10.717
v -27.720 -24.946 12.452
v -25.392 -22.927 11.205
v -25.373 -24.945 12.454
v -25.355 -22.957 11.175
v -25.306 -24.899 12.330
v -26.532 -24.388 11.333
v -22.702 -24.899 12.330
v -22.653 -22.956 11.177
v -22.616 -23.210 10.714
v -22.615 -22.926 11.208
v -22.629 -24.944 12.455
v -20.316 -22.925 11.209
v -20.276 -24.950 12.446
v -20.310 -23.210 10.718
v -20.274 -22.957 11.177
v -20.226 -24.899 12.330
v -17.622 -24.899 12.330
v -17.573 -22.956 11.177
v -17.528 -24.323 11.285
v -17.523 -23.216 10.704
v -17.523 -22.921 11.215
v -17.541 -24.944 12.457
v -15.236 -22.925 11.209
v -15.230 -23.210 10.718
v -15.194 -22.957 11.177
v -15.153 -24.891 12.333
v -15.142 -24.904 12.327
v -12.542 -24.899 12.330
v -12.493 -22.956 11.177
v -12.438 -24.326 11.283
v -12.422 -23.215 10.691
v -10.153 -22.926 11.207
v -10.080 -24.939 12.399
v -10.114 -22.957 11.177
v -10.104 -24.318 11.319
v -10.147 -23.209 10.720
v -10.067 -24.899 12.330
v -10.003 -24.899 12.329
v -9.966 -24.318 11.319
v -9.987 -24.939 12.400
v -9.953 -22.956 11.177
v -9.918 -23.207 10.717
v -9.912 -22.926 11.209
v -8.412 -24.840 12.637
v -8.193 -22.766 11.485
v -8.649 -22.854 11.334
v -7.386 -24.497 13.123
v -7.813 -22.662 11.695
v -7.430 -22.522 11.910
v -7.771 -22.642 11.697
v -9.504 -23.223 10.693
v -6.998 -22.708 11.595
v -7.053 -22.710 11.564
v -9.119 -23.214 10.713
v -8.183 -23.101 10.908
v -7.499 -22.937 11.220
v -9.112 -24.314 11.303
v -8.159 -24.198 11.504
v -7.704 -24.092 11.690
v -7.488 -24.002 11.815
v -7.282 -23.954 11.929
v -7.373 -24.449 13.081
v -7.336 -24.479 13.177
v -6.990 -23.850 12.128
v -7.316 -24.438 13.128
v -7.265 -22.456 12.024
v -5.825 -22.506 14.432
v -5.865 -22.747 14.010
v -5.999 -23.044 13.502
v -6.207 -23.306 13.051
v -6.449 -23.484 12.712
v -6.521 -23.545 12.610
v -6.510 -23.564 12.613
v -5.843 -22.752 14.030
v -7.268 -22.426 12.078
v -7.328 -24.472 13.274
v -6.741 -24.007 14.078
v -6.615 -21.852 13.068
v -6.711 -21.973 12.890
v -7.022 -24.276 13.612
v -6.790 -22.071 12.689
v -6.489 -21.452 13.787
v -7.029 -22.272 12.337
v -6.427 -21.408 13.830
v -6.419 -21.415 13.854
v -6.438 -23.342 15.023
v -5.892 -21.420 13.816
v -6.242 -22.212 12.445
v -5.902 -21.672 13.384
v -6.466 -22.422 12.112
v -6.125 -22.093 12.681
v -5.853 -21.453 13.789
v -6.438 -15.691 28.275
v -6.470 -15.725 28.310
v -6.425 -13.694 27.196
v -5.892 -13.687 27.213
v -5.828 -14.542 28.218
v -6.561 -15.300 29.160
v -6.622 -13.007 28.392
v -6.746 -12.758 28.802
v -5.862 -13.465 27.596
v -6.303 -12.637 29.031
v -5.881 -13.278 27.919
v -6.083 -12.841 28.679
v -5.898 -13.210 28.067
v -5.950 -13.057 28.315
v -5.877 -14.265 28.680
v -5.919 -14.125 28.953
v -6.021 -13.961 29.207
v -5.851 -14.345 28.545
v -6.055 -13.901 29.341
v -6.272 -13.712 29.689
v -6.838 -14.736 30.006
v -5.836 -14.361 28.556
v -5.849 -14.351 28.549
v -6.344 -13.677 29.785
v -6.338 -13.626 29.815
v -6.895 -14.764 30.066
v -6.886 -12.683 28.953
v -6.390 -12.542 29.196
v -6.560 -13.442 30.134
v -7.173 -13.122 30.691
v -7.547 -13.012 30.893
v -7.072 -13.162 30.590
v -7.224 -14.591 30.388
v -7.240 -12.528 29.223
v -7.505 -12.343 29.544
v -7.568 -14.413 30.697
v -7.830 -12.189 29.807
v -7.897 -14.281 30.925
v -7.530 -11.954 30.215
v -7.899 -14.258 30.964
v -7.902 -14.171 30.989
v -7.589 -13.075 30.901
v -7.671 -12.971 30.967
v -7.679 -13.057 30.946
v -7.979 -14.228 31.017
v -7.667 -13.060 30.952
v -7.677 -12.983 30.943
v -8.093 -12.198 29.792
v -7.742 -11.896 30.312
v -7.997 -14.293 30.905
v -8.058 -12.256 29.689
v -8.005 -14.256 30.969
v -7.757 -11.874 30.362
v -9.665 -11.280 31.381
v -9.685 -12.338 32.072
v -7.662 -12.389 29.464
v -7.125 -12.723 28.880
v -7.354 -12.546 29.169
v -7.147 -12.740 28.837
v -7.199 -12.878 28.970
v -10.044 -11.555 30.887
v -10.118 -11.573 30.876
v -7.192 -13.154 29.109
v -7.199 -14.842 29.953
v -7.764 -14.517 30.516
v -7.451 -14.678 30.237
v -7.422 -12.588 29.117
v -7.725 -12.453 29.377
v -30.861 -4.986 42.281
v -33.792 -7.098 43.366
v -33.392 -6.926 43.665
v -33.431 -4.906 42.424
v -32.864 -6.913 43.686
v -32.585 -4.804 42.596
v -32.143 -4.804 42.596
v -31.382 -6.984 43.564
v -31.361 -4.917 42.432
v -31.223 -4.851 42.515
v -33.867 -4.986 42.281
v -56.669 -12.256 29.689
v -56.747 -14.291 30.908
v -56.963 -14.517 30.516
v -57.002 -12.453 29.377
v -57.305 -12.588 29.117
v -57.276 -14.678 30.237
v -57.549 -12.884 28.963
v -57.633 -14.824 29.985
v -57.605 -12.723 28.881
v -57.581 -12.740 28.837
v -57.576 -13.179 29.064
v -57.716 -14.775 30.069
v -56.992 -14.349 30.807
v -57.503 -14.591 30.388
v -57.388 -12.552 29.179
v -57.068 -12.391 29.463
v -56.812 -14.182 30.994
v -56.634 -12.199 29.791
v -56.768 -14.258 30.966
v -57.001 -11.903 30.301
v -57.108 -13.069 30.917
v -56.970 -11.873 30.362
v -55.087 -11.276 31.387
v -57.055 -12.970 30.967
v -55.077 -12.327 32.067
v -55.028 -11.286 31.373
v -54.615 -11.571 30.877
v -54.622 -13.487 32.205
v -54.974 -12.322 32.106
v -54.587 -13.581 32.137
v -52.523 -12.847 33.331
v -52.523 -12.836 33.367
v -52.538 -10.818 32.184
v -52.343 -10.813 32.170
v -52.792 -10.551 32.644
v -52.826 -11.633 33.296
v -10.106 -13.487 32.205
v -10.140 -13.581 32.137
v -12.204 -12.847 33.332
v -12.205 -12.836 33.367
v -12.372 -10.823 32.173
v -12.000 -10.535 32.674
v -9.821 -12.267 32.175
v -9.802 -12.306 32.133
v -11.932 -11.629 33.312
v -11.978 -11.578 33.369
v -11.821 -11.643 33.259
v -13.871 -11.011 34.427
v -13.891 -9.921 33.727
v -13.988 -10.975 34.448
v -14.084 -10.924 34.508
v -13.884 -10.944 34.445
v -14.407 -12.168 34.582
v -14.393 -12.206 34.519
v -14.091 -9.864 33.834
v -14.393 -10.204 33.245
v -14.132 -10.082 33.414
v -13.623 -10.139 33.316
v -13.594 -10.084 33.411
v -16.531 -11.551 35.653
v -16.516 -9.484 34.498
v -16.474 -11.454 35.721
v -16.661 -9.476 34.502
v -16.481 -9.458 34.560
v -16.422 -9.445 34.542
v -16.658 -9.443 34.546
v -16.660 -9.438 34.552
v -16.183 -9.198 34.989
v -16.535 -11.489 35.760
v -16.177 -10.264 35.664
v -18.332 -8.505 36.187
v -18.303 -9.584 36.842
v -18.281 -8.555 36.119
v -18.681 -8.834 35.619
v -18.751 -8.830 35.604
v -18.663 -10.748 36.931
v -18.758 -10.840 36.885
v -20.929 -8.113 36.867
v -20.773 -10.119 38.095
v -20.588 -7.788 37.429
v -20.446 -8.900 38.027
v -22.508 -7.178 38.487
v -22.552 -8.222 39.195
v -20.555 -8.835 38.107
v -22.913 -7.465 37.990
v -22.993 -7.473 37.976
v -22.920 -9.461 39.273
v -22.592 -8.288 39.204
v -22.992 -9.479 39.242
v -25.200 -6.768 39.201
v -25.107 -8.772 40.467
v -25.218 -6.726 39.265
v -24.870 -6.418 39.801
v -24.857 -6.457 39.758
v -24.795 -7.511 40.433
v -26.776 -5.802 40.867
v -26.804 -5.811 40.841
v -26.806 -6.865 41.546
v -27.236 -6.101 40.351
v -27.237 -8.038 41.674
v -26.927 -6.832 41.615
v -30.801 -6.993 43.548
v -31.218 -6.863 43.773
v -31.817 -6.790 43.899
v -31.830 -4.784 42.661
v -32.364 -6.764 43.944
v -32.007 -4.673 42.834
v -32.364 -4.759 42.704
v -32.911 -6.790 43.899
v -32.898 -4.784 42.661
v -32.721 -4.673 42.834
v -33.927 -6.993 43.548
v -33.542 -4.822 42.566
v -37.491 -8.037 41.674
v -37.499 -6.101 40.353
v -37.907 -5.814 40.840
v -37.850 -6.846 41.585
v -37.777 -5.751 40.960
v -37.975 -5.796 40.868
v -37.971 -5.804 40.845
v -39.857 -6.418 39.801
v -39.957 -7.524 40.417
v -40.006 -6.484 39.694
v -39.509 -6.727 39.265
v -39.528 -6.767 39.202
v -39.684 -8.725 40.462
v -41.778 -9.468 39.261
v -41.773 -7.469 37.983
v -42.225 -7.173 38.495
v -42.164 -8.278 39.188
v -44.145 -7.783 37.437
v -44.191 -8.836 38.109
v -42.208 -8.226 39.181
v -43.799 -8.113 36.867
v -43.901 -10.140 38.098
v -44.221 -8.884 38.058
v -46.027 -10.801 36.910
v -46.011 -8.839 35.607
v -46.088 -8.834 35.617
v -46.038 -8.851 35.617
v -46.075 -10.740 36.933
v -46.472 -8.555 36.115
v -46.509 -8.542 36.120
v -46.427 -9.586 36.839
v -48.429 -9.169 35.042
v -48.449 -10.197 35.732
v -48.087 -9.463 34.552
v -48.081 -9.487 34.488
v -48.072 -9.445 34.546
v -48.069 -9.438 34.551
v -48.253 -11.455 35.721
v -48.548 -10.263 35.667
v -48.193 -11.489 35.760
v -48.197 -11.551 35.653
v -50.335 -10.204 33.246
v -50.336 -12.205 34.521
v -51.152 -10.077 33.444
v -51.133 -10.082 33.412
v -50.596 -10.083 33.411
v -50.751 -10.974 34.446
v -50.689 -9.880 33.806
v -50.938 -9.950 33.658
v -52.746 -11.576 33.370
v -16.264 -10.208 35.757
v -20.539 -8.841 38.098
v -22.933 -9.351 39.308
v -26.534 -6.925 41.443
v -38.193 -6.925 41.443
v -40.080 -7.536 40.364
v -41.776 -9.376 39.314
v -42.079 -8.188 39.248
v -44.338 -8.916 37.999
v -48.463 -10.208 35.756
v -50.326 -12.168 34.581
v -50.646 -10.926 34.505
v -54.902 -12.264 32.179
v -57.059 -12.986 30.942
v -57.060 -13.060 30.952
v -57.190 -13.011 30.891
v -27.207 -7.944 41.675
v -27.289 -5.973 40.573
v -26.985 -5.738 40.981
v -28.922 -6.169 42.731
v -29.230 -5.353 41.644
v -29.353 -7.385 42.851
v -28.910 -5.112 42.067
v -29.382 -5.317 41.722
v -28.909 -5.111 42.046
v -28.971 -5.120 42.039
v -29.105 -5.061 42.155
v -29.334 -7.303 42.848
v -28.996 -6.183 42.751
v -29.075 -6.126 42.810
v -29.420 -5.285 41.763
v -30.386 -5.689 43.545
v -30.868 -5.563 43.784
v -30.885 -4.498 43.126
v -31.400 -4.406 43.285
v -31.938 -5.416 44.034
v -31.938 -4.362 43.356
v -31.958 -4.365 43.369
v -30.762 -6.963 43.601
v -30.735 -4.887 42.452
v -31.888 -4.512 43.107
v -31.542 -4.706 42.766
v -31.932 -4.607 42.938
v -31.556 -6.785 43.909
v -31.934 -5.788 44.005
v -31.925 -5.986 44.002
v -31.939 -6.197 43.999
v -32.780 -4.364 43.362
v -34.342 -5.689 43.545
v -33.859 -5.563 43.784
v -33.338 -5.470 43.945
v -34.346 -5.696 43.558
v -32.856 -4.481 43.139
v -32.789 -4.350 43.372
v -33.327 -4.406 43.285
v -33.843 -4.498 43.126
v -34.325 -4.627 42.902
v -33.993 -4.887 42.452
v -33.965 -6.963 43.601
v -33.581 -6.859 43.780
v -33.171 -6.785 43.909
v -33.185 -4.706 42.766
v -35.245 -5.294 41.756
v -35.376 -7.385 42.850
v -35.308 -5.284 41.762
v -35.447 -5.340 41.672
v -35.653 -6.129 42.806
v -35.683 -5.079 42.124
v -35.394 -7.302 42.848
v -35.739 -6.178 42.753
v -36.089 -6.249 42.614
v -35.852 -5.120 42.072
v -35.772 -5.118 42.041
v -37.435 -5.973 40.573
v -37.520 -7.944 41.675
v -10.165 -11.443 31.099
v -9.859 -11.206 31.501
v -9.874 -11.190 31.557
v -12.094 -10.842 32.139
v -11.798 -10.583 32.587
v -12.116 -10.815 32.188
v -12.171 -12.748 33.343
v -12.174 -12.746 33.363
v -14.382 -12.089 34.575
v -14.449 -10.076 33.467
v -14.114 -10.892 34.564
v -16.037 -10.276 35.622
v -16.395 -9.433 34.578
v -16.041 -9.217 34.959
v -18.693 -10.789 36.956
v -18.709 -8.707 35.838
v -18.768 -8.711 35.832
v -18.763 -10.795 36.962
v -20.670 -8.091 36.903
v -18.453 -8.445 36.271
v -20.370 -7.850 37.322
v -20.680 -8.067 36.959
v -20.737 -10.027 38.092
v -22.973 -9.407 39.321
v -22.659 -8.262 39.233
v -22.662 -8.176 39.255
v -23.004 -7.334 38.207
v -22.705 -7.105 38.612
v -23.016 -7.358 38.199
v -24.941 -6.754 39.244
v -25.025 -8.710 40.461
v -24.953 -6.718 39.281
v -24.651 -6.483 39.691
v -39.773 -6.717 39.284
v -40.092 -6.479 39.696
v -39.785 -6.754 39.244
v -41.710 -7.357 38.199
v -41.718 -7.334 38.206
v -42.021 -7.104 38.615
v -42.077 -8.264 39.236
v -43.990 -10.027 38.092
v -43.980 -10.111 38.092
v -44.048 -8.067 36.959
v -44.355 -7.850 37.322
v -44.055 -8.090 36.906
v -45.994 -8.708 35.835
v -46.024 -10.792 36.957
v -46.053 -10.777 36.954
v -46.333 -9.539 36.909
v -46.302 -8.471 36.246
v -46.053 -8.706 35.855
v -48.332 -9.433 34.578
v -48.639 -9.218 34.954
v -50.610 -10.891 34.564
v -48.338 -9.445 34.541
v -48.342 -9.471 34.518
v -48.317 -9.455 34.565
v -50.236 -10.077 33.465
v -50.243 -12.162 34.595
v -50.295 -10.076 33.468
v -50.346 -12.089 34.575
v -52.553 -12.746 33.364
v -52.557 -12.748 33.344
v -52.968 -11.642 33.253
v -52.965 -10.583 32.588
v -54.559 -11.443 31.099
v -54.852 -11.189 31.557
v -56.898 -12.191 29.806
v -57.202 -11.953 30.216
v -57.554 -13.122 30.691
v -58.168 -13.442 30.134
v -58.388 -13.629 29.810
v -57.656 -13.162 30.590
v -57.191 -14.403 30.714
v -57.236 -12.337 29.552
v -57.564 -12.508 29.256
v -57.843 -12.683 28.952
v -57.842 -14.763 30.065
v -58.333 -12.542 29.190
v -58.000 -12.281 29.565
v -58.314 -12.571 29.147
v -58.354 -12.548 29.205
v -57.898 -14.732 30.006
v -58.348 -13.714 29.789
v -58.388 -13.671 29.785
v -58.460 -13.714 29.687
v -58.916 -14.555 28.225
v -58.899 -14.542 28.218
v -58.877 -14.347 28.546
v -58.886 -14.347 28.574
v -58.808 -14.125 28.953
v -58.706 -13.961 29.207
v -58.672 -13.901 29.341
v -58.166 -15.300 29.160
v -58.105 -13.007 28.392
v -58.218 -13.251 27.970
v -58.270 -15.712 28.295
v -58.686 -12.907 28.591
v -58.778 -13.057 28.315
v -58.640 -12.834 28.689
v -58.866 -13.465 27.596
v -58.846 -13.278 27.919
v -58.836 -13.687 27.213
v -30.845 -27.194 11.876
v -30.841 -27.278 12.188
v -30.842 -27.572 12.177
v -30.843 -27.646 11.882
v -30.821 -27.653 11.562
v -30.832 -27.272 11.623
v -30.820 -26.914 11.979
v -30.843 -26.073 11.302
v -30.841 -26.171 11.556
v -30.843 -26.427 11.569
v -30.835 -26.562 11.471
v -30.842 -26.581 11.328
v -30.846 -26.525 11.177
v -30.841 -26.407 11.098
v -30.822 -26.083 10.933
v -30.815 -26.595 10.867
v -30.815 -25.773 11.340
v -30.815 -26.596 11.815
v -30.815 -26.047 11.816
v -30.815 -26.868 11.343
v -30.464 -26.888 11.340
v -30.463 -26.604 10.858
v -30.447 -26.625 10.856
v -30.446 -26.604 10.838
v -30.453 -26.593 10.848
v -30.458 -26.042 10.857
v -30.463 -26.665 11.868
v -30.439 -26.042 10.840
v -30.451 -26.053 10.850
v -30.441 -26.023 10.857
v -30.457 -25.761 11.341
v -30.462 -26.041 11.828
v -30.446 -26.035 11.842
v -30.440 -25.749 11.340
v -30.815 -27.968 11.978
v -30.815 -27.695 12.450
v -30.820 -27.155 12.450
v -30.815 -27.142 11.504
v -30.478 -27.703 11.485
v -30.468 -27.153 11.479
v -30.469 -27.134 11.487
v -30.474 -26.859 11.975
v -30.486 -27.987 11.975
v -30.816 -27.142 12.449
v -30.477 -27.133 12.465
v -30.477 -27.153 12.475
v -30.486 -27.706 12.467
v -33.910 -26.048 11.814
v -33.910 -25.775 11.343
v -33.912 -26.596 11.815
v -33.910 -26.594 10.869
v -33.912 -26.868 11.343
v -34.264 -26.888 11.341
v -34.268 -26.608 10.858
v -34.280 -26.602 10.841
v -34.275 -26.036 10.857
v -34.265 -26.663 11.868
v -34.288 -26.042 10.840
v -34.281 -25.753 11.340
v -34.272 -26.038 11.834
v -33.907 -27.155 12.450
v -33.912 -27.695 12.450
v -33.912 -27.968 11.978
v -33.912 -27.142 12.449
v -34.250 -27.133 12.466
v -34.254 -26.859 11.979
v -34.250 -27.153 12.474
v -33.913 -27.142 11.504
v -34.242 -27.703 12.468
v -34.259 -27.133 11.488
v -34.260 -27.153 11.478
v -34.242 -27.988 11.978
v -34.250 -27.703 11.485
v -7.833 -14.798 28.790
v -7.384 -14.381 29.503
v -7.833 -14.246 29.731
v -8.308 -14.388 29.500
v -8.308 -14.660 29.028
v -7.350 -14.665 29.040
v -7.350 -14.401 29.498
v -7.352 -14.899 29.819
v -7.352 -15.192 29.311
v -7.833 -14.758 30.048
v -57.354 -14.386 29.505
v -57.354 -14.663 29.024
v -56.895 -14.246 29.731
v -56.895 -14.798 28.790
v -56.422 -14.659 29.026
v -56.420 -14.388 29.500
v -56.895 -14.758 30.048
v -56.400 -14.908 29.818
v -57.390 -14.908 29.817
v -57.391 -15.194 29.322
v -25.803 -23.331 10.509
v -27.667 -23.332 10.505
v -25.512 -23.699 9.871
v -27.230 -23.990 9.366
v -25.653 -23.730 9.802
v -27.331 -24.028 9.301
v -25.920 -23.320 10.554
v -27.146 -24.010 9.336
v -27.630 -23.320 10.554
v -27.273 -25.090 9.963
v -27.732 -24.421 11.115
v -25.810 -24.385 11.182
v -25.500 -24.799 10.464
v -27.300 -25.122 9.903
v -25.739 -24.415 11.124
v -27.149 -25.126 9.917
v -26.406 -24.995 10.145
v -27.404 -24.972 10.185
v -27.875 -24.436 11.090
v -38.823 -23.316 10.528
v -37.075 -23.322 10.515
v -39.106 -23.721 9.833
v -37.499 -23.991 9.365
v -37.549 -24.007 9.338
v -38.807 -23.319 10.553
v -39.034 -23.334 10.504
v -36.904 -23.371 10.442
v -37.100 -23.320 10.554
v -37.455 -25.090 9.963
v -36.909 -24.430 11.100
v -37.458 -25.116 9.915
v -39.126 -24.829 10.407
v -38.827 -24.375 11.196
v -38.991 -24.417 11.122
v -39.255 -24.791 10.479
v -38.987 -24.386 11.181
v -38.193 -25.018 10.105
v -38.450 -24.972 10.185
v -37.357 -24.972 10.185
v -23.498 -24.383 11.185
v -23.464 -24.423 11.107
v -23.486 -24.462 11.061
v -28.931 -25.428 9.374
v -29.472 -24.719 10.602
v -27.815 -24.461 11.057
v -29.510 -24.753 10.562
v -29.498 -24.764 10.531
v -41.272 -24.420 11.118
v -41.266 -24.396 11.169
v -41.226 -24.465 11.053
v -41.213 -24.377 11.194
v -41.264 -24.458 11.072
v -35.275 -24.709 10.617
v -35.235 -24.731 10.584
v -37.328 -25.152 9.850
v -37.289 -24.972 10.185
v -36.912 -24.460 11.056
v -39.264 -24.750 10.520
v -41.230 -24.442 11.059
v -25.464 -24.750 10.520
v -29.489 -24.742 10.536
v -28.928 -24.324 8.788
v -27.881 -23.383 10.419
v -29.448 -23.670 9.918
v -29.422 -23.645 9.969
v -25.608 -23.320 10.554
v -23.653 -23.319 10.554
v -23.618 -23.345 10.483
v -25.350 -23.701 9.891
v -39.322 -23.680 9.904
v -41.110 -23.345 10.482
v -41.076 -23.319 10.554
v -39.123 -23.320 10.554
v -37.312 -24.040 9.280
v -35.302 -23.647 9.967
v -35.279 -23.669 9.921
v -27.450 -24.044 9.253
v -25.627 -23.320 10.517
v -10.647 -24.443 11.114
v -10.901 -24.443 11.114
v -10.901 -23.098 10.431
v -10.647 -23.098 10.431
v -10.647 -24.337 11.507
v -10.901 -24.337 11.507
v -10.901 -24.468 11.471
v -10.647 -24.468 11.471
v -10.901 -24.531 11.309
v -10.647 -24.531 11.309
v -10.901 -24.481 11.142
v -10.647 -24.481 11.142
v -10.610 -22.890 10.751
v -10.901 -22.875 10.737
v -10.901 -24.397 11.333
v -10.647 -24.397 11.333
v -6.827 -20.430 31.729
v -6.796 -20.195 31.650
v -6.777 -20.192 31.425
v -6.827 -20.369 31.389
v -8.147 -20.087 31.958
v -8.098 -20.299 31.972
v -7.462 -19.491 33.117
v -7.917 -19.377 33.577
v -7.906 -19.210 33.489
v -7.165 -19.770 32.889
v -6.920 -20.107 32.304
v -7.140 -19.620 32.640
v -6.920 -19.887 32.177
v -8.388 -20.127 32.269
v -8.333 -20.054 32.016
v -8.394 -19.923 32.114
v -8.431 -19.990 32.508
v -8.431 -19.801 32.327
v -8.129 -19.223 33.328
v -8.048 -19.399 33.552
v -8.066 -19.136 33.488
v -6.711 -20.186 31.434
v -6.713 -20.393 31.340
v -8.121 -20.101 31.806
v -7.532 -19.266 33.253
v -7.190 -19.479 32.884
v -6.767 -20.089 32.082
v -6.932 -19.829 32.532
v -6.780 -20.604 31.436
v -6.716 -20.415 31.745
v -7.946 -19.309 33.687
v -8.130 -19.310 33.737
v -7.532 -19.486 33.380
v -8.289 -20.265 32.031
v -13.528 -11.129 34.364
v -13.458 -9.686 33.657
v -13.715 -9.653 33.718
v -13.759 -11.182 34.157
v -13.666 -11.267 34.193
v -13.605 -11.282 34.313
v -13.697 -11.055 34.560
v -13.875 -9.710 33.462
v -13.476 -9.653 33.605
v -13.628 -11.166 34.203
v -6.860 -26.690 35.343
v -6.811 -26.715 35.464
v -6.784 -26.504 35.295
v -8.138 -26.376 35.543
v -8.122 -26.609 35.648
v -7.462 -25.815 36.769
v -7.914 -25.693 37.204
v -7.906 -25.524 37.135
v -7.140 -26.164 36.418
v -6.843 -26.477 35.875
v -7.140 -25.944 36.291
v -6.920 -26.211 35.828
v -8.386 -26.466 35.896
v -8.350 -26.308 35.661
v -8.417 -26.172 35.896
v -8.431 -26.314 36.159
v -8.423 -26.063 36.086
v -8.061 -25.450 37.122
v -8.047 -25.726 37.182
v -6.714 -26.712 35.348
v -6.786 -26.675 34.988
v -6.714 -26.684 34.980
v -8.060 -26.441 35.432
v -7.532 -25.590 36.904
v -7.190 -25.803 36.536
v -6.767 -26.303 35.669
v -6.932 -26.043 36.119
v -6.787 -26.916 35.251
v -7.946 -25.633 37.339
v -8.108 -25.628 37.375
v -8.109 -25.719 37.382
v -6.932 -26.263 36.246
v -7.190 -26.023 36.663
v -7.532 -25.810 37.031
v -8.289 -26.589 35.683
v -34.618 -24.436 11.126
v -34.872 -24.436 11.126
v -34.618 -24.339 11.519
v -34.872 -24.339 11.519
v -34.872 -24.466 11.479
v -34.618 -24.466 11.479
v -34.872 -24.518 11.297
v -34.618 -24.518 11.297
v -34.590 -22.895 10.780
v -34.872 -22.887 10.779
v -34.872 -24.392 11.344
v -59.038 -21.976 15.498
v -59.027 -21.877 15.735
v -59.049 -20.476 14.926
v -59.049 -20.603 14.706
v -58.815 -21.996 15.510
v -58.815 -21.896 15.746
v -58.818 -22.093 15.566
v -58.994 -22.091 15.565
v -59.007 -20.633 14.870
v -50.431 -27.695 14.293
v -50.098 -27.766 14.317
v -50.280 -27.766 14.298
v -50.653 -27.535 14.204
v -50.767 -27.304 14.061
v -50.705 -27.486 14.137
v -50.736 -27.035 13.911
v -50.580 -26.817 13.779
v -50.669 -26.920 13.810
v -50.409 -26.720 13.723
v -50.144 -26.669 13.694
v -49.822 -26.752 13.742
v -49.552 -27.035 13.911
v -49.618 -26.920 13.810
v -49.521 -27.304 14.061
v -49.583 -27.461 14.181
v -49.765 -27.647 14.259
v -49.583 -27.486 14.137
v -50.007 -27.740 14.342
v -9.504 -23.091 11.629
v -55.224 -23.091 11.629
v -14.719 -26.682 13.702
v -14.384 -26.703 13.714
v -15.207 -27.304 14.061
v -15.192 -27.070 13.925
v -9.504 -48.942 26.526
v -14.629 -27.766 14.317
v -14.447 -27.766 14.298
v -55.224 -48.942 26.526
v -14.988 -27.620 14.248
v -15.145 -27.486 14.137
v -15.109 -26.920 13.810
v -14.124 -27.582 14.227
v -14.360 -27.723 14.313
v -14.058 -26.920 13.810
v -14.147 -26.817 13.779
v -14.023 -27.486 14.137
v -13.972 -27.363 14.095
v -13.950 -27.246 14.027
v -13.992 -27.035 13.911
v -14.966 -26.781 13.758
v -14.720 -27.740 14.342
v -15.109 -26.895 13.854
v -57.919 -47.613 28.980
v -57.990 -21.708 14.024
v -57.937 -21.978 13.557
v -57.956 -47.793 28.515
v -57.779 -22.238 13.107
v -57.838 -48.033 28.099
v -57.524 -22.477 12.693
v -57.651 -48.384 27.488
v -57.180 -22.686 12.331
v -57.418 -48.568 27.153
v -56.775 -22.869 12.014
v -56.640 -48.717 26.914
v -56.282 -22.986 11.811
v -56.478 -48.901 26.593
v -55.763 -23.065 11.675
v -55.717 -48.912 26.575
v -6.712 -21.708 14.024
v -6.501 -47.571 28.899
v -6.818 -47.791 28.519
v -6.791 -21.978 13.557
v -6.903 -48.031 28.102
v -6.948 -22.238 13.107
v -7.228 -48.340 27.558
v -7.204 -22.477 12.693
v -7.547 -48.522 27.246
v -7.548 -22.686 12.331
v -8.101 -48.717 26.915
v -7.953 -22.869 12.014
v -8.506 -48.876 26.636
v -8.445 -22.986 11.811
v -9.011 -48.912 26.575
v -8.964 -23.065 11.675
v -56.275 -48.827 26.832
v -56.746 -22.848 12.051
v -7.981 -22.848 12.051
v -8.469 -48.836 26.862
v -6.763 -21.708 14.024
v -6.860 -47.638 28.994
v -57.990 -26.503 35.062
v -57.990 -20.618 31.645
v -57.986 -32.828 38.708
v -57.990 -26.943 35.283
v -57.987 -20.618 31.429
v -57.988 -26.927 35.051
v -57.990 -33.234 38.675
v -57.988 -20.378 31.325
v -57.990 -32.997 38.605
v -57.990 -13.770 27.774
v -57.935 -39.637 42.707
v -57.990 -20.181 31.414
v -57.964 -20.184 31.667
v -57.965 -20.408 31.758
v -57.963 -33.155 39.071
v -57.876 -39.198 43.401
v -57.871 -13.371 28.465
v -57.960 -13.568 28.124
v -57.973 -39.415 43.026
v -57.777 -13.250 28.742
v -57.703 -39.001 43.731
v -57.831 -38.986 43.762
v -6.811 -39.641 42.709
v -6.582 -39.609 42.690
v -6.611 -39.402 43.046
v -6.805 -39.418 43.020
v -6.851 -39.198 43.401
v -6.967 -38.993 43.746
v -6.712 -13.770 27.774
v -6.763 -13.770 27.774
v -6.793 -13.570 28.120
v -6.856 -13.371 28.465
v -6.742 -13.566 28.127
v -6.994 -13.310 28.868
v -6.716 -32.805 38.906
v -6.718 -26.704 35.454
v -6.712 -26.947 35.273
v -6.718 -20.179 31.680
v -6.717 -26.491 35.305
v -6.712 -26.493 35.078
v -6.712 -20.617 31.648
v -6.719 -33.002 39.092
v -6.713 -33.174 39.067
v -6.764 -33.179 39.057
v -6.763 -20.620 31.643
v -6.763 -26.499 35.069
v -6.712 -32.828 38.708
v -6.712 -33.006 38.608
v -6.712 -33.223 38.669
v -6.712 -26.921 35.048
v -6.712 -20.621 31.442
v -6.763 -32.835 38.697
v -6.763 -26.921 35.034
v -6.763 -33.221 38.655
v -45.889 -24.443 11.114
v -46.143 -24.443 11.114
v -46.135 -23.098 10.440
v -45.889 -23.098 10.431
v -45.889 -24.337 11.507
v -46.143 -24.337 11.507
v -46.143 -24.468 11.471
v -45.889 -24.468 11.471
v -46.143 -24.531 11.309
v -45.889 -24.531 11.309
v -46.143 -24.481 11.142
v -45.889 -24.481 11.142
v -45.852 -22.890 10.751
v -46.172 -22.886 10.747
v -46.143 -24.397 11.333
v -45.889 -24.397 11.333
v -5.727 -21.887 15.741
v -5.718 -21.987 15.505
v -5.693 -20.608 14.709
v -5.693 -20.481 14.929
v -5.942 -21.890 15.742
v -5.946 -21.988 15.506
v -5.932 -22.088 15.563
v -5.755 -22.097 15.568
v -5.721 -20.633 14.870
v -26.532 -24.436 11.126
v -26.786 -24.436 11.126
v -26.532 -24.339 11.519
v -26.786 -24.339 11.519
v -26.786 -24.466 11.479
v -26.532 -24.466 11.479
v -26.786 -24.518 11.297
v -26.532 -24.518 11.297
v -26.501 -22.895 10.780
v -26.786 -22.887 10.779
v -26.786 -24.392 11.344
v -5.667 -15.133 27.239
v -5.681 -15.281 27.031
v -5.735 -13.995 26.289
v -5.701 -13.842 26.494
v -5.937 -15.291 27.203
v -5.966 -15.288 27.035
v -5.741 -15.296 27.204
v -6.002 -13.883 26.330
v -5.659 -13.867 26.294
v -5.946 -15.143 27.245
v -53.827 -24.443 11.114
v -54.081 -24.443 11.114
v -54.081 -23.098 10.431
v -53.827 -23.098 10.431
v -53.827 -24.337 11.507
v -54.081 -24.337 11.507
v -54.081 -24.468 11.471
v -53.827 -24.468 11.471
v -54.081 -24.531 11.309
v -53.827 -24.531 11.309
v -54.081 -24.481 11.142
v -53.827 -24.481 11.142
v -53.790 -22.890 10.751
v -54.081 -22.875 10.737
v -54.081 -24.397 11.333
v -53.827 -24.397 11.333
v -18.584 -24.443 11.114
v -18.838 -24.443 11.114
v -18.838 -23.098 10.431
v -18.584 -24.337 11.507
v -18.838 -24.337 11.507
v -18.838 -24.468 11.471
v -18.584 -24.468 11.471
v -18.838 -24.531 11.309
v -18.584 -24.531 11.309
v -18.838 -24.481 11.142
v -18.584 -24.481 11.142
v -18.547 -22.890 10.751
v -18.867 -22.886 10.747
v -18.838 -24.397 11.333
v -18.584 -24.397 11.333
v -59.038 -18.651 21.278
v -59.027 -18.544 21.509
v -59.052 -17.173 20.630
v -59.026 -17.321 20.510
v -58.807 -18.672 21.290
v -58.815 -18.562 21.520
v -58.814 -18.767 21.345
v -58.883 -18.780 21.352
v -58.974 -18.767 21.344
v -58.586 -17.172 20.717
v -59.009 -17.242 20.758
v -59.046 -15.281 27.031
v -59.060 -15.133 27.239
v -59.040 -13.841 26.493
v -59.006 -14.000 26.292
v -58.761 -15.288 27.035
v -58.824 -15.297 27.201
v -59.018 -15.288 27.207
v -58.612 -13.934 26.254
v -59.069 -13.867 26.294
v -58.781 -15.143 27.245
v -58.012 -20.355 31.874
v -56.730 -20.288 31.992
v -56.666 -20.095 31.988
v -57.271 -19.291 33.209
v -56.859 -19.220 33.505
v -56.870 -19.369 33.583
v -57.647 -19.582 32.705
v -57.309 -19.568 33.238
v -57.885 -19.845 32.249
v -57.647 -19.802 32.832
v -57.964 -20.110 32.299
v -56.443 -19.930 32.102
v -56.386 -19.831 32.275
v -56.422 -20.124 32.275
v -56.372 -19.831 32.528
v -56.360 -20.004 32.483
v -56.750 -19.376 33.583
v -56.745 -19.158 33.507
v -56.682 -19.285 33.728
v -58.100 -20.463 31.687
v -57.232 -19.455 33.434
v -57.588 -19.662 33.076
v -57.861 -19.788 32.603
v -56.496 -20.082 32.010
v -56.760 -20.093 31.821
v -58.077 -20.266 31.522
v -58.124 -20.221 31.598
v -58.043 -19.935 32.095
v -57.588 -19.442 32.949
v -32.153 -5.023 41.844
v -32.122 -4.918 41.986
v -32.392 -5.082 41.722
v -32.244 -5.053 41.726
v -32.535 -5.064 41.776
v -32.604 -4.998 41.880
v -32.603 -4.911 41.998
v -32.582 -4.919 42.061
v -32.427 -4.848 42.133
v -32.201 -4.867 42.100
v -28.316 -23.099 10.520
v -9.776 -23.099 10.520
v -58.304 -13.920 26.402
v -30.809 -23.056 10.603
v -15.764 -9.084 34.796
v -26.105 -5.781 40.518
v -25.339 -6.105 39.885
v -28.316 -5.096 41.753
v -31.173 -4.234 43.196
v -33.649 -4.248 43.172
v -38.623 -5.781 40.518
v -46.058 -8.156 36.404
v -54.143 -10.738 31.930
v -58.339 -20.665 14.737
v -58.339 -17.222 20.751
v -58.325 -22.271 11.956
v -33.918 -23.056 10.603
v -33.992 -23.084 10.531
v -33.849 -22.816 11.011
v -52.409 -23.064 10.582
v -48.441 -23.064 10.582
v -28.316 -23.064 10.582
v -26.105 -23.064 10.582
v -22.350 -23.064 10.582
v -16.287 -23.064 10.582
v -52.409 -21.772 12.870
v -42.378 -21.772 12.870
v -38.623 -23.064 10.582
v -26.105 -21.772 12.870
v -28.316 -21.772 12.870
v -16.287 -21.772 12.870
v -22.350 -21.772 12.870
v -9.776 -21.772 12.870
v -12.318 -21.772 12.870
v -56.311 -21.772 12.870
v -56.311 -15.599 23.511
v -52.409 -15.599 23.511
v -48.441 -21.772 12.870
v -48.441 -15.599 23.511
v -46.058 -21.772 12.870
v -46.058 -15.599 23.511
v -42.378 -15.599 23.511
v -38.623 -21.772 12.870
v -38.623 -15.599 23.511
v -33.554 -21.772 12.870
v -33.554 -15.599 23.511
v -31.173 -21.772 12.870
v -31.173 -15.599 23.511
v -28.316 -15.599 23.511
v -26.105 -15.599 23.511
v -22.350 -15.599 23.511
v -16.287 -15.599 23.511
v -12.318 -15.599 23.511
v -9.776 -15.599 23.511
v -8.417 -21.772 12.870
v -8.417 -15.599 23.511
v -58.883 -15.599 23.511
v -58.883 -13.441 27.250
v -56.311 -13.441 27.250
v -52.409 -13.441 27.250
v -48.441 -13.441 27.250
v -46.058 -13.441 27.250
v -42.378 -13.441 27.250
v -38.623 -13.441 27.250
v -33.554 -13.441 27.250
v -31.173 -13.441 27.250
v -28.316 -13.441 27.250
v -26.105 -13.441 27.250
v -22.350 -13.441 27.250
v -16.287 -13.441 27.250
v -12.318 -13.441 27.250
v -9.776 -13.441 27.250
v -8.417 -13.441 27.250
v -52.409 -12.162 29.516
v -48.441 -12.162 29.516
v -46.058 -12.162 29.516
v -42.378 -12.162 29.516
v -38.623 -12.162 29.516
v -33.554 -12.162 29.516
v -31.173 -12.162 29.516
v -28.316 -12.162 29.516
v -26.105 -12.162 29.516
v -22.350 -12.162 29.516
v -16.287 -12.162 29.516
v -12.318 -12.162 29.516
v -9.776 -12.162 29.516
v -6.891 -12.162 29.516
v -48.441 -10.738 31.930
v -46.058 -10.738 31.930
v -42.378 -10.738 31.930
v -38.623 -10.738 31.930
v -33.554 -10.738 31.930
v -31.173 -10.738 31.930
v -28.316 -10.738 31.930
v -26.105 -10.738 31.930
v -22.350 -10.738 31.930
v -16.287 -10.738 31.930
v -46.058 -9.084 34.796
v -42.378 -9.084 34.796
v -38.623 -9.084 34.796
v -33.554 -9.084 34.796
v -31.173 -9.084 34.796
v -28.316 -9.084 34.796
v -26.105 -9.084 34.796
v -22.350 -9.084 34.796
v -38.623 -7.215 38.032
v -33.554 -7.215 38.032
v -31.173 -7.215 38.032
v -28.316 -7.215 38.032
v -26.105 -7.215 38.032
v -33.554 -5.576 40.871
v -31.173 -5.576 40.871
v -28.316 -5.576 40.871
v -57.070 -13.037 27.898
v -56.673 -13.026 27.916
v -57.300 -12.695 28.490
v -8.008 -13.037 27.898
v -7.566 -13.014 27.937
v -7.657 -13.039 27.895
v -8.212 -12.673 28.528
v -26.889 -22.920 10.781
v -11.014 -22.920 10.781
v -30.772 -23.059 10.540
v -29.744 -22.919 10.781
v -30.223 -22.920 10.781
v -34.986 -22.920 10.781
v -38.319 -22.920 10.781
v -37.841 -22.919 10.781
v -54.194 -22.920 10.781
v -57.837 -22.541 11.436
v -56.651 -22.936 10.753
v -58.327 -20.524 14.930
v -58.790 -21.728 12.844
v -42.378 -6.958 38.427
v -28.316 -5.052 41.728
v -22.350 -6.958 38.427
v -25.483 -6.065 39.864
v -19.044 -8.338 36.038
v -8.646 -11.457 30.557
v -5.938 -21.728 12.844
v -6.891 -22.541 11.436
v -8.076 -22.936 10.753
v -48.441 -12.118 29.491
v -46.058 -12.118 29.491
v -42.378 -12.118 29.491
v -38.623 -12.118 29.491
v -33.554 -12.118 29.491
v -31.173 -12.118 29.491
v -28.316 -12.118 29.491
v -26.105 -12.118 29.491
v -22.350 -12.118 29.491
v -16.287 -12.118 29.491
v -12.318 -12.118 29.491
v -57.837 -12.118 29.491
v -52.409 -12.118 29.491
v -9.776 -12.118 29.491
v -6.891 -12.118 29.491
v -56.311 -21.728 12.844
v -52.409 -21.728 12.844
v -48.441 -21.728 12.844
v -46.058 -21.728 12.844
v -42.378 -21.728 12.844
v -38.623 -21.728 12.844
v -33.554 -21.728 12.844
v -31.173 -21.728 12.844
v -28.316 -21.728 12.844
v -26.105 -21.728 12.844
v -22.350 -21.728 12.844
v -16.287 -21.728 12.844
v -12.318 -21.728 12.844
v -9.776 -21.728 12.844
v -8.417 -21.728 12.844
v -6.891 -21.728 12.844
v -57.837 -21.728 12.844
v -5.727 -18.554 21.515
v -5.716 -18.660 21.283
v -5.716 -17.319 20.509
v -5.686 -17.174 20.638
v -5.942 -18.556 21.516
v -5.950 -18.668 21.288
v -5.913 -18.767 21.345
v -5.868 -18.778 21.351
v -5.822 -18.781 21.353
v -5.754 -18.767 21.344
v -5.719 -17.242 20.758
v -51.214 -11.116 34.382
v -51.056 -10.924 34.530
v -51.012 -9.653 33.718
v -51.270 -9.686 33.657
v -51.080 -11.181 34.176
v -50.824 -11.124 34.226
v -51.061 -11.267 34.193
v -50.962 -11.116 34.409
v -51.111 -11.287 34.294
v -51.160 -11.265 34.370
v -51.031 -11.055 34.560
v -50.864 -9.699 33.477
v -50.840 -9.722 33.446
v -51.252 -9.653 33.605
v -51.199 -9.787 33.587
v -25.413 -7.273 40.972
v -25.160 -7.299 40.900
v -25.199 -5.985 40.071
v -25.503 -7.440 40.739
v -25.288 -7.456 40.759
v -25.477 -7.413 40.938
v -25.208 -7.448 40.899
v -25.393 -5.842 40.183
v -25.212 -7.321 40.818
v -25.547 -7.336 40.767
v -8.658 -12.673 31.664
v -8.383 -12.682 31.620
v -8.589 -11.235 30.959
v -8.771 -12.727 31.490
v -8.654 -12.840 31.403
v -8.711 -12.818 31.652
v -8.507 -12.815 31.473
v -8.449 -12.844 31.595
v -8.609 -11.205 30.904
v -8.434 -12.694 31.536
v -18.928 -9.361 37.375
v -18.738 -9.350 37.347
v -18.951 -7.915 36.680
v -19.136 -9.413 37.210
v -18.903 -9.522 37.150
v -19.163 -9.500 37.212
v -19.095 -9.528 37.351
v -18.871 -9.517 37.340
v -19.222 -8.145 36.323
v -18.975 -7.892 36.623
v -19.004 -8.051 36.662
v -19.086 -9.434 37.312
v -32.120 -7.547 44.203
v -32.196 -7.421 44.119
v -32.353 -7.342 44.119
v -32.432 -7.381 44.093
v -32.549 -7.411 44.152
v -32.608 -7.552 44.206
v -32.582 -7.476 44.127
v -32.590 -7.681 44.265
v -32.418 -7.775 44.338
v -32.183 -7.723 44.303
v -30.841 -31.116 57.402
v -30.888 -5.314 42.421
v -31.340 -5.183 42.646
v -31.263 -31.009 57.583
v -31.847 -5.123 42.751
v -33.007 -30.936 57.713
v -32.880 -5.122 42.751
v -33.377 -5.195 42.625
v -33.401 -31.022 57.546
v -33.839 -5.313 42.422
v -32.363 -5.098 42.794
v -32.442 -28.270 56.186
v -32.582 -28.347 56.237
v -32.603 -28.487 56.283
v -32.386 -28.684 56.408
v -32.535 -28.631 56.384
v -32.364 -30.927 57.723
v -32.134 -28.496 56.292
v -32.229 -28.662 56.385
v -31.721 -30.936 57.713
v -32.209 -28.297 56.189
v -33.886 -31.116 57.402
v -32.374 -28.267 56.141
v -33.366 -31.151 57.510
v -33.813 -31.203 57.320
v -31.400 -31.221 57.507
v -30.915 -31.203 57.320
v -31.359 -5.207 42.605
v -56.637 -25.297 37.157
v -56.652 -19.404 33.742
v -56.641 -31.620 40.805
v -56.436 -19.206 33.783
v -56.525 -19.374 33.780
v -56.428 -25.501 37.422
v -56.520 -25.686 37.441
v -56.423 -31.791 41.057
v -56.464 -25.310 37.294
v -56.523 -25.286 37.209
v -56.488 -31.620 40.919
v -56.539 -31.612 40.835
v -56.504 -31.992 41.098
v -56.435 -19.018 33.687
v -56.692 -38.459 44.686
v -56.682 -12.605 29.791
v -56.491 -18.973 33.596
v -56.645 -18.977 33.504
v -56.572 -31.594 40.870
v -56.852 -31.943 40.856
v -57.335 -12.905 29.271
v -57.341 -38.712 44.242
v -56.982 -38.634 44.477
v -57.558 -38.818 43.984
v -57.474 -12.969 29.165
v -57.007 -12.727 29.581
v -57.510 -13.063 29.158
v -57.439 -12.990 29.131
v -57.430 -38.826 44.062
v -8.049 -12.610 29.784
v -7.724 -12.731 29.573
v -7.439 -12.875 29.325
v -7.266 -12.965 29.168
v -8.036 -38.459 44.686
v -7.746 -38.634 44.476
v -7.415 -38.725 44.225
v -7.179 -38.820 43.986
v -8.118 -31.618 40.810
v -7.926 -25.701 37.282
v -8.118 -25.299 37.161
v -8.102 -19.404 33.746
v -7.949 -19.395 33.660
v -8.128 -18.976 33.521
v -7.221 -13.067 29.151
v -8.208 -31.608 40.893
v -8.312 -25.485 37.409
v -8.310 -19.184 33.767
v -8.267 -31.636 40.923
v -8.312 -31.788 41.048
v -8.285 -25.327 37.300
v -8.298 -19.024 33.683
v -8.273 -18.989 33.612
v -8.223 -25.287 37.267
v -8.265 -31.974 41.088
v -8.262 -25.306 37.236
v -8.251 -25.666 37.436
v -8.047 -37.549 42.776
v -8.141 -37.620 42.591
v -8.050 -37.724 42.498
v -7.789 -37.776 42.401
v -7.451 -37.744 42.436
v -7.528 -37.622 42.610
v -7.448 -37.524 42.807
v -7.782 -37.519 42.838
v -8.281 -14.562 29.167
v -8.281 -14.460 29.346
v -7.824 -37.901 42.140
v -7.569 -37.766 42.317
v -8.036 -37.784 42.287
v -8.307 -37.500 42.837
v -8.304 -37.768 42.376
v -7.829 -37.364 43.078
v -7.833 -37.349 43.080
v -7.968 -37.388 42.972
v -58.309 -40.259 41.610
v -58.489 -40.154 41.822
v -58.712 -40.171 41.796
v -58.810 -40.260 41.603
v -58.765 -40.421 41.561
v -58.701 -40.374 41.405
v -58.491 -40.387 41.384
v -58.476 -40.484 41.472
v -58.322 -40.404 41.596
v -58.331 -40.339 41.446
v -58.761 -40.350 41.429
v -58.339 -40.324 41.788
v -30.226 -49.711 25.328
v -30.185 -49.679 25.584
v -29.994 -49.865 25.262
v -30.126 -49.650 25.634
v -29.991 -49.430 25.730
v -29.738 -49.709 25.336
v -29.999 -49.763 25.163
v -29.798 -49.669 25.602
v -58.984 -42.057 38.787
v -58.984 -45.391 33.013
v -58.550 -43.489 36.065
v -58.489 -43.730 35.624
v -58.319 -43.724 35.900
v -58.738 -43.698 35.664
v -58.700 -43.619 36.082
v -58.794 -43.736 35.878
v -58.800 -43.569 35.872
v -5.744 -45.391 33.013
v -5.932 -43.724 35.900
v -5.744 -42.057 38.787
v -6.017 -43.710 35.652
v -6.093 -43.510 36.066
v -6.294 -43.715 35.640
v -6.407 -43.736 35.878
v -6.208 -43.488 36.066
v -6.382 -43.539 35.930
v -58.984 -39.908 42.509
v -5.744 -39.908 42.509
v -5.985 -40.424 41.522
v -5.909 -40.261 41.602
v -6.035 -40.166 41.803
v -6.349 -40.431 41.535
v -6.276 -40.160 41.812
v -9.034 -49.459 25.797
v -8.347 -49.481 25.911
v -7.790 -49.366 26.108
v -7.478 -49.194 26.287
v -7.284 -49.211 26.376
v -5.728 -47.684 29.021
v -5.950 -47.020 30.190
v -5.974 -47.012 29.927
v -6.316 -47.039 29.887
v -5.913 -48.268 28.011
v -5.777 -47.985 28.496
v -6.456 -48.798 27.108
v -6.153 -48.546 27.548
v -6.324 -46.842 30.215
v -6.396 -47.019 30.192
v -6.660 -48.913 26.911
v -5.960 -46.868 30.163
v -6.336 -38.718 44.548
v -6.066 -38.964 44.122
v -5.767 -39.477 43.236
v -5.882 -39.213 43.693
v -5.737 -39.753 42.773
v -58.072 -38.509 44.914
v -57.683 -38.316 45.249
v -58.846 -39.213 43.693
v -58.796 -39.228 43.407
v -58.115 -38.588 44.794
v -58.397 -38.724 44.541
v -58.645 -38.971 44.131
v -58.945 -39.487 43.239
v -58.991 -39.753 42.773
v -59.000 -47.684 29.021
v -58.911 -47.987 28.446
v -58.315 -47.044 30.149
v -58.489 -47.064 29.849
v -58.815 -48.268 28.011
v -58.068 -48.913 26.911
v -58.315 -46.991 29.959
v -58.393 -46.961 30.293
v -58.588 -48.541 27.537
v -58.492 -46.816 30.269
v -58.775 -47.003 29.941
v -58.278 -48.794 27.099
v -58.783 -47.019 30.192
v -58.784 -46.873 30.151
v -57.395 -49.207 26.354
v -57.635 -49.121 26.552
v -56.938 -49.366 26.108
v -56.381 -49.481 25.911
v -55.585 -49.378 25.802
v -55.224 -49.470 25.770
v -52.409 -49.565 25.782
v -48.441 -49.565 25.782
v -46.072 -49.372 25.829
v -42.182 -49.394 25.787
v -42.045 -49.420 25.787
v -34.991 -49.705 25.329
v -37.834 -49.709 25.336
v -37.895 -49.669 25.602
v -34.909 -49.659 25.619
v -34.757 -49.413 25.754
v -34.964 -49.690 25.565
v -34.806 -49.760 25.170
v -34.909 -49.853 25.284
v -38.027 -50.279 24.546
v -38.094 -49.457 25.690
v -38.623 -50.173 24.730
v -38.322 -49.711 25.328
v -38.091 -49.865 25.262
v -38.101 -49.764 25.164
v -38.281 -49.679 25.584
v -38.222 -49.650 25.634
v -34.506 -49.716 25.332
v -34.561 -49.669 25.602
v -34.408 -49.428 25.693
v -34.218 -50.958 23.345
v -30.509 -50.958 23.345
v -28.316 -50.567 24.046
v -26.675 -49.450 25.698
v -26.410 -49.716 25.332
v -26.499 -49.522 25.575
v -26.465 -49.669 25.602
v -26.105 -50.173 24.730
v -26.813 -49.659 25.619
v -26.895 -49.705 25.329
v -26.867 -49.690 25.565
v -26.700 -50.279 24.546
v -26.707 -49.761 25.169
v -26.813 -49.853 25.284
v -22.867 -49.407 25.786
v -22.604 -49.384 25.793
v -22.350 -49.565 25.782
v -19.180 -49.565 25.782
v -16.287 -49.565 25.782
v -12.422 -49.374 25.790
v -9.901 -49.367 25.799
v -9.504 -49.470 25.770
v -8.364 -39.375 43.414
v -8.379 -39.219 43.685
v -6.894 -39.908 42.509
v -6.894 -42.057 38.787
v -6.894 -45.391 33.013
v -7.761 -48.633 27.171
v -7.062 -49.114 26.563
v -7.017 -48.873 26.664
v -7.517 -48.518 27.577
v -8.207 -48.807 27.076
v -6.952 -47.911 28.626
v -7.065 -48.130 28.254
v -7.175 -48.276 27.811
v -9.048 -48.959 26.811
v -9.504 -48.981 26.775
v -8.617 -48.903 26.911
v -12.318 -48.997 26.766
v -16.287 -48.997 26.766
v -19.180 -48.997 26.766
v -22.350 -48.997 26.766
v -26.105 -48.997 26.766
v -28.316 -48.997 26.766
v -30.633 -48.997 26.766
v -33.159 -48.997 26.766
v -34.094 -48.997 26.766
v -38.623 -48.997 26.766
v -42.378 -48.997 26.766
v -46.058 -48.997 26.766
v -48.441 -48.997 26.766
v -52.409 -48.997 26.766
v -55.224 -48.981 26.775
v -55.679 -48.959 26.811
v -56.121 -48.899 26.915
v -57.296 -48.490 27.479
v -57.576 -48.272 27.792
v -56.521 -48.807 27.076
v -56.973 -48.628 27.175
v -57.612 -48.181 28.155
v -57.894 -49.019 26.709
v -57.662 -48.130 28.254
v -57.776 -47.911 28.626
v -57.833 -45.391 33.013
v -57.833 -42.057 38.787
v -57.826 -39.753 42.773
v -57.776 -39.529 43.150
v -57.833 -39.908 42.509
v -57.579 -39.462 43.268
v -57.675 -39.479 43.224
v -56.390 -39.392 43.384
v -56.237 -39.257 43.613
v -56.381 -39.223 43.680
v -57.350 -39.372 43.416
v -56.620 -38.654 44.662
v -56.946 -39.023 44.023
v -56.974 -38.907 44.225
v -57.308 -39.519 43.164
v -56.987 -39.563 43.087
v -56.987 -38.810 44.388
v -57.358 -39.211 43.697
v -56.685 -39.548 43.115
v -56.433 -39.519 43.161
v -56.680 -39.026 44.017
v -57.257 -39.464 43.267
v -56.409 -39.067 43.946
v -56.434 -39.140 43.815
v -57.210 -39.100 43.893
v -56.419 -38.588 44.794
v -56.489 -39.451 43.299
v -57.257 -38.156 45.525
v -56.293 -38.548 44.864
v -56.293 -37.865 46.047
v -52.409 -37.308 47.013
v -55.706 -38.021 45.776
v -54.199 -37.196 47.206
v -56.000 -37.777 45.967
v -55.828 -38.004 45.535
v -55.733 -37.828 45.820
v -56.185 -38.021 45.777
v -56.131 -37.798 45.868
v -55.884 -37.789 45.966
v -56.076 -38.005 45.537
v -48.441 -36.040 49.209
v -50.670 -36.181 48.701
v -50.619 -36.263 48.534
v -52.061 -37.196 47.206
v -50.728 -36.485 48.438
v -49.019 -35.542 50.072
v -51.050 -36.186 48.709
v -52.409 -36.625 48.196
v -50.979 -36.492 48.426
v -51.107 -36.289 48.496
v -46.881 -35.542 50.072
v -46.058 -34.596 51.710
v -48.415 -35.288 50.180
v -42.378 -34.103 52.563
v -45.356 -34.725 51.487
v -45.348 -34.543 51.511
v -43.170 -33.673 53.308
v -46.058 -35.279 50.527
v -45.814 -34.737 51.465
v -45.430 -34.560 51.683
v -45.595 -34.456 51.684
v -45.600 -34.708 51.245
v -45.406 -34.678 51.296
v -45.765 -34.555 51.674
v -45.834 -34.546 51.506
v -38.623 -32.904 54.641
v -38.623 -32.221 55.823
v -38.929 -32.613 55.061
v -42.221 -33.321 53.582
v -39.407 -32.624 55.087
v -39.332 -32.550 55.253
v -39.305 -32.632 54.837
v -41.032 -33.673 53.308
v -39.088 -32.490 55.278
v -39.223 -32.487 55.283
v -39.007 -32.630 54.843
v -35.274 -31.834 56.494
v -37.412 -31.834 56.494
v -34.397 -30.853 58.173
v -34.094 -31.457 57.147
v -34.094 -30.788 58.305
v -33.336 -30.560 58.397
v -33.909 -30.720 58.400
v -33.394 -30.629 58.562
v -33.763 -31.354 57.317
v -32.780 -30.513 58.446
v -32.916 -30.575 58.651
v -32.615 -30.785 58.310
v -32.110 -30.785 58.310
v -30.633 -30.788 58.305
v -30.819 -30.720 58.400
v -32.402 -30.668 58.513
v -31.309 -30.648 58.548
v -32.364 -30.556 58.688
v -32.402 -30.903 58.106
v -32.852 -31.171 57.624
v -31.998 -30.803 57.972
v -31.875 -31.171 57.624
v -30.633 -31.457 57.147
v -31.972 -30.512 58.456
v -31.811 -30.575 58.651
v -32.742 -30.797 57.971
v -32.364 -31.148 57.666
v -30.965 -31.354 57.317
v -29.453 -31.834 56.494
v -28.316 -31.515 57.047
v -30.376 -30.803 58.063
v -28.316 -32.197 55.864
v -26.105 -32.904 54.641
v -26.105 -32.221 55.823
v -27.316 -31.834 56.494
v -25.804 -32.605 55.047
v -25.726 -32.550 55.253
v -25.535 -32.482 55.281
v -25.746 -32.621 54.856
v -22.350 -33.420 53.746
v -25.322 -32.648 55.084
v -25.680 -32.535 55.279
v -23.695 -33.673 53.308
v -25.491 -32.654 54.808
v -25.375 -32.560 55.236
v -15.709 -35.542 50.072
v -13.695 -36.179 48.720
v -14.061 -36.183 48.697
v -13.799 -36.499 48.413
v -12.666 -37.196 47.206
v -12.318 -36.625 48.196
v -13.644 -36.450 48.498
v -13.609 -36.276 48.521
v -13.634 -36.209 48.676
v -16.287 -36.040 49.209
v -14.025 -36.480 48.446
v -14.109 -36.263 48.535
v -10.529 -37.196 47.206
v -12.318 -37.308 47.013
v -9.776 -38.120 45.607
v -9.859 -37.368 46.583
v -8.435 -37.865 46.047
v -8.756 -37.774 45.966
v -8.435 -38.548 44.864
v -8.698 -38.011 45.529
v -8.531 -38.008 45.799
v -8.560 -38.074 45.685
v -8.995 -37.828 45.820
v -8.907 -37.847 45.972
v -8.634 -37.770 45.917
v -9.016 -38.021 45.777
v -8.944 -37.992 45.550
v -8.308 -38.588 44.794
v -6.655 -38.509 44.914
v -7.471 -38.156 45.525
v -7.022 -38.323 45.232
v -8.107 -38.654 44.662
v -7.427 -39.451 43.299
v -7.274 -39.481 43.225
v -6.978 -39.509 43.180
v -7.556 -39.085 43.916
v -7.754 -38.907 44.225
v -7.741 -38.810 44.388
v -7.395 -39.394 43.376
v -7.274 -39.383 43.400
v -7.159 -39.461 43.269
v -6.902 -39.753 42.773
v -7.836 -39.009 44.047
v -7.798 -39.574 43.069
v -7.513 -39.528 43.148
v -7.337 -39.274 43.592
v -8.332 -39.503 43.192
v -7.030 -39.476 43.256
v -7.438 -39.139 43.822
v -7.372 -39.201 43.710
v -8.318 -39.067 43.946
v -8.100 -39.045 43.987
v -8.196 -39.464 43.267
v -8.091 -39.546 43.117
v -33.159 -50.959 23.367
v -33.159 -50.655 23.895
v -33.658 -49.343 26.167
v -33.696 -49.352 26.151
v -33.659 -49.558 25.795
v -31.035 -49.367 26.125
v -31.031 -49.352 26.151
v -31.081 -49.342 26.168
v -31.041 -49.345 26.163
v -33.159 -49.359 26.139
v -31.068 -49.558 25.795
v -31.036 -50.654 23.896
v -18.906 -34.725 51.487
v -16.313 -35.288 50.180
v -17.846 -35.542 50.072
v -18.981 -34.689 51.280
v -19.207 -34.703 51.253
v -19.180 -35.115 50.810
v -18.899 -34.543 51.511
v -19.009 -34.486 51.675
v -19.180 -34.433 51.992
v -19.182 -34.462 51.687
v -21.558 -33.673 53.308
v -22.350 -34.103 52.563
v -19.395 -34.560 51.482
v -19.385 -34.712 51.508
v -19.323 -34.786 51.380
v -30.003 -49.118 26.290
v -29.776 -49.169 26.217
v -30.198 -49.174 26.212
v -30.217 -49.399 26.070
v -29.784 -49.410 26.006
v -30.001 -49.397 25.885
v -10.809 -49.120 26.291
v -10.576 -49.165 26.224
v -10.991 -49.178 26.210
v -10.802 -49.404 25.890
v -10.586 -49.402 25.986
v -11.009 -49.399 26.070
v -18.570 -49.145 26.252
v -18.862 -49.144 26.253
v -18.583 -49.405 25.932
v -18.856 -49.394 25.940
v -26.706 -49.122 26.285
v -26.875 -49.193 26.205
v -26.455 -49.163 26.226
v -26.475 -49.392 25.960
v -26.699 -49.411 25.894
v -26.884 -49.399 26.070
v -34.801 -49.123 26.286
v -38.106 -49.120 26.290
v -34.549 -49.164 26.223
v -37.875 -49.169 26.220
v -38.296 -49.178 26.210
v -34.979 -49.185 26.187
v -34.579 -49.389 25.950
v -38.314 -49.399 26.070
v -37.881 -49.410 26.006
v -34.990 -49.386 26.092
v -34.795 -49.401 25.888
v -38.098 -49.401 25.889
v -46.188 -49.156 26.240
v -45.888 -49.143 26.255
v -45.895 -49.400 25.922
v -46.144 -49.397 25.928
v -54.006 -49.122 26.287
v -53.760 -49.163 26.226
v -54.177 -49.186 26.207
v -54.189 -49.399 26.070
v -55.814 -49.549 25.792
v -54.003 -49.411 25.894
v -53.780 -49.392 25.960
v -9.776 -48.997 26.766
v -6.613 -38.588 44.794
v -30.633 -49.558 25.795
v -30.633 -50.279 24.546
v -28.316 -50.279 24.546
v -28.316 -49.558 25.795
v -52.409 -49.285 26.267
v -42.174 -49.088 26.315
v -38.818 -49.463 25.628
v -26.105 -49.285 26.267
v -26.105 -49.558 25.795
v -22.350 -49.285 26.267
v -16.287 -49.285 26.267
v -52.409 -49.114 26.563
v -48.441 -49.285 26.267
v -42.378 -49.114 26.563
v -38.623 -49.285 26.267
v -34.094 -49.114 26.563
v -34.184 -49.111 26.244
v -33.159 -49.285 26.267
v -33.159 -49.114 26.563
v -30.538 -49.114 26.239
v -26.105 -49.114 26.563
v -22.350 -49.114 26.563
v -19.180 -49.285 26.267
v -16.287 -49.114 26.563
v -12.423 -49.073 26.317
v -9.776 -49.114 26.563
v -9.918 -49.077 26.296
v -8.435 -49.285 26.267
v -58.898 -45.391 33.013
v -58.068 -42.057 38.787
v -58.898 -42.057 38.787
v -58.068 -45.391 33.013
v -6.660 -42.057 38.787
v -6.660 -45.391 33.013
v -58.864 -39.839 42.391
v -58.214 -39.839 42.391
v -6.504 -39.834 42.383
v -8.435 -49.114 26.563
v -57.620 -38.588 44.794
v -56.293 -49.114 26.563
v -56.293 -49.285 26.267
v -34.094 -50.279 24.546
v -34.318 -49.454 25.640
v -12.318 -49.114 26.563
v -19.180 -49.114 26.563
v -28.316 -49.114 26.563
v -30.633 -49.114 26.563
v -38.623 -49.114 26.563
v -46.058 -49.114 26.563
v -48.441 -49.114 26.563
v -52.409 -37.196 47.206
v -48.428 -35.319 50.124
v -42.378 -33.673 53.308
v -28.316 -31.834 56.494
v -22.350 -33.673 53.308
v -12.318 -37.196 47.206
v -16.170 -35.347 50.073
v -28.316 -49.285 26.267
v -56.240 -39.348 43.450
v -31.097 -47.173 24.845
v -31.065 -48.423 22.680
v -33.632 -47.173 24.846
v -33.664 -48.424 22.679
v -31.130 -48.458 22.621
v -33.602 -48.459 22.619
v -31.099 -49.258 23.059
v -31.043 -49.230 23.108
v -31.045 -48.439 22.653
v -31.084 -46.271 21.328
v -31.037 -46.266 21.337
v -31.036 -46.245 21.372
v -31.043 -47.649 22.195
v -31.099 -47.677 22.147
v -31.098 -46.236 21.389
v -33.657 -49.244 23.083
v -33.658 -46.240 21.381
v -33.657 -47.663 22.171
v -33.660 -46.269 21.331
v -33.659 -44.960 23.599
v -33.657 -46.370 24.411
v -31.043 -47.965 25.299
v -31.043 -47.175 24.842
v -31.036 -44.960 23.598
v -31.043 -46.384 24.386
v -31.091 -44.960 23.600
v -31.099 -47.937 25.347
v -31.099 -46.356 24.435
v -58.958 -47.976 28.507
v -58.710 -48.393 27.763
v -58.364 -48.720 27.196
v -56.668 -49.414 25.994
v -55.960 -49.523 25.806
v -41.989 -48.277 25.152
v -55.224 -48.310 25.115
v -56.075 -48.261 25.202
v -56.579 -48.182 25.341
v -57.409 -47.953 25.742
v -57.814 -47.737 26.085
v -58.392 -47.513 26.479
v -58.744 -47.184 27.049
v -58.961 -46.827 27.668
v -59.034 -46.455 28.312
v -59.006 -39.741 42.766
v -59.034 -38.517 42.060
v -57.850 -38.376 45.112
v -58.340 -38.664 44.613
v -58.665 -38.962 44.120
v -58.963 -39.476 43.236
v -58.957 -38.138 42.717
v -58.732 -37.774 43.347
v -58.365 -37.440 43.927
v -57.885 -37.243 44.285
v -57.275 -36.912 44.840
v -40.081 -31.516 54.207
v -37.992 -30.839 55.379
v -34.365 -29.649 57.421
v -31.304 -30.630 58.558
v -33.773 -29.445 57.773
v -33.082 -29.344 57.949
v -32.364 -29.310 58.008
v -31.415 -29.437 57.805
v -30.954 -29.445 57.773
v -30.377 -29.668 57.406
v -26.534 -30.851 55.338
v -28.639 -30.144 56.563
v -7.640 -36.938 44.780
v -5.721 -39.741 42.766
v -5.803 -39.357 43.413
v -6.843 -37.243 44.285
v -6.362 -37.440 43.927
v -5.996 -37.774 43.347
v -5.770 -38.138 42.717
v -5.808 -38.525 42.064
v -5.835 -46.432 28.367
v -8.767 -49.523 25.806
v -8.060 -49.414 25.994
v -6.444 -48.790 27.093
v -6.364 -48.720 27.196
v -6.138 -48.541 27.535
v -6.071 -48.302 27.761
v -5.818 -46.751 27.799
v -5.984 -47.184 27.049
v -6.393 -47.501 26.525
v -6.921 -47.740 26.082
v -7.437 -48.023 25.621
v -8.149 -48.182 25.341
v -8.652 -48.261 25.202
v -9.504 -48.310 25.115
v -22.618 -48.305 25.131
v -22.747 -48.278 25.153
v -57.586 -39.448 43.256
v -57.596 -37.308 41.932
v -57.733 -37.358 41.846
v -56.819 -36.742 42.912
v -56.674 -36.758 42.885
v -56.426 -36.834 42.753
v -56.221 -36.984 42.494
v -56.203 -37.164 42.181
v -56.398 -37.252 42.035
v -56.461 -37.379 41.809
v -56.724 -37.442 41.700
v -57.016 -37.448 41.690
v -57.226 -37.414 41.749
v -57.349 -37.373 41.819
v -56.944 -36.644 43.082
v -56.880 -36.731 42.932
v -56.591 -36.485 43.358
v -33.731 -29.182 56.006
v -32.364 -31.139 57.648
v -31.403 -29.047 56.242
v -31.885 -29.005 56.313
v -32.364 -28.983 56.352
v -32.842 -29.005 56.313
v -33.325 -29.047 56.242
v -30.966 -29.159 56.048
v -8.136 -36.485 43.358
v -7.783 -36.644 43.082
v -7.863 -36.734 42.927
v -8.441 -39.142 43.799
v -7.297 -37.262 42.015
v -7.379 -37.373 41.819
v -7.570 -37.428 41.725
v -7.858 -37.453 41.682
v -8.075 -37.434 41.715
v -8.208 -37.402 41.770
v -8.325 -37.357 41.848
v -8.332 -37.252 42.035
v -8.339 -37.245 42.068
v -8.332 -36.963 42.550
v -8.358 -36.858 42.712
v -8.121 -36.773 42.859
v -7.020 -37.328 41.898
v -6.937 -37.360 41.843
v -6.907 -37.555 41.504
v -6.907 -45.493 27.756
v -8.074 -48.741 27.159
v -7.684 -48.581 27.437
v -7.363 -48.386 27.775
v -7.123 -48.164 28.160
v -7.076 -48.113 28.248
v -9.504 -46.763 25.556
v -9.008 -46.738 25.599
v -8.510 -46.692 25.679
v -8.093 -46.549 25.927
v -7.708 -46.391 26.201
v -7.392 -46.198 26.534
v -7.105 -45.989 26.895
v -7.013 -45.740 27.327
v -57.820 -37.555 41.504
v -57.820 -45.493 27.756
v -55.224 -46.763 25.556
v -57.715 -45.740 27.327
v -57.688 -48.082 28.142
v -57.623 -45.989 26.895
v -57.383 -46.214 26.507
v -57.365 -48.386 27.775
v -57.020 -46.391 26.201
v -56.635 -46.549 25.927
v -57.044 -48.581 27.437
v -56.217 -46.692 25.679
v -56.654 -48.741 27.159
v -55.719 -46.738 25.599
v -35.222 -49.569 22.918
v -34.306 -49.711 22.671
v -38.193 -49.009 23.888
v -38.782 -48.933 24.019
v -40.245 -48.643 24.522
v -26.449 -48.984 23.932
v -25.945 -48.933 24.019
v -28.639 -49.385 23.238
v -30.395 -49.692 22.713
v -29.505 -49.569 22.918
v -57.248 -39.110 43.846
v -8.187 -39.110 43.846
v -8.187 -39.445 43.265
v -45.356 -34.641 51.324
v -45.781 -34.666 51.293
v -45.822 -34.640 51.335
v -45.738 -34.461 51.649
v -19.327 -34.476 51.624
v -18.906 -34.641 51.324
v -19.372 -34.640 51.335
v -11.021 -49.258 26.018
v -10.537 -49.273 25.992
v -10.781 -49.362 25.834
v -10.929 -49.341 25.871
v -10.642 -49.347 25.844
v -26.903 -49.250 26.032
v -26.412 -49.273 25.992
v -26.821 -49.334 25.886
v -26.517 -49.347 25.844
v -38.326 -49.258 26.018
v -37.838 -49.270 25.997
v -38.178 -49.342 25.868
v -37.947 -49.347 25.844
v -54.206 -49.253 26.026
v -53.717 -49.273 25.992
v -53.961 -49.362 25.834
v -54.122 -49.336 25.884
v -53.822 -49.347 25.844
v -7.424 -38.678 43.388
v -7.551 -38.572 43.580
v -7.808 -38.526 43.652
v -8.006 -38.539 43.630
v -8.095 -38.562 43.589
v -8.168 -38.630 43.467
v -8.286 -38.706 43.340
v -8.286 -38.805 43.168
v -8.191 -38.894 43.014
v -8.050 -38.961 42.899
v -7.808 -38.985 42.857
v -7.574 -38.949 42.919
v -7.447 -38.886 43.031
v -7.432 -38.804 43.161
v -7.616 -38.547 43.605
v -56.466 -38.679 43.387
v -56.613 -38.572 43.580
v -56.733 -38.537 43.628
v -56.969 -38.529 43.647
v -57.158 -38.562 43.591
v -57.306 -38.660 43.419
v -57.348 -38.805 43.168
v -57.264 -38.896 43.011
v -57.158 -38.951 42.918
v -56.975 -38.981 42.863
v -56.682 -38.960 42.900
v -56.502 -38.884 43.036
v -56.449 -38.808 43.156
v -56.705 -38.653 43.413
v -57.148 -38.560 43.573
v -56.735 -38.883 43.014
v -26.397 -49.588 25.442
v -26.475 -49.729 25.200
v -26.904 -49.593 25.433
v -26.843 -49.537 25.538
v -26.874 -49.705 25.224
v -29.730 -49.588 25.442
v -29.688 -49.819 25.009
v -30.311 -49.783 25.094
v -30.229 -49.585 25.449
v -29.811 -49.519 25.560
v -37.827 -49.588 25.442
v -37.892 -49.724 25.206
v -38.286 -49.715 25.221
v -38.325 -49.585 25.449
v -37.915 -49.515 25.565
v -34.493 -49.588 25.442
v -34.482 -49.788 25.087
v -35.002 -49.595 25.430
v -34.941 -49.535 25.538
v -35.056 -49.833 24.981
v -57.040 -38.662 43.398
v -57.126 -38.789 43.177
v -56.674 -38.798 43.161
v -56.961 -38.867 43.043
v -56.702 -37.737 42.478
v -57.019 -37.764 42.433
v -57.328 -37.750 42.418
v -57.158 -37.655 42.652
v -57.325 -37.522 42.815
v -57.022 -37.544 42.813
v -56.711 -37.551 42.797
v -56.630 -37.655 42.652
v -57.213 -37.643 42.622
v -56.625 -37.638 42.641
v -8.064 -38.789 43.177
v -7.794 -38.630 43.453
v -7.668 -38.845 43.081
v -7.820 -38.869 43.039
v -8.096 -37.655 42.652
v -7.568 -37.655 42.652
v -30.455 -49.721 22.623
v -30.456 -48.772 22.076
v -34.284 -48.767 22.084
v -34.240 -46.546 20.852
v -30.487 -46.546 20.852
v -34.303 -49.637 22.805
v -30.439 -48.766 22.086
v -30.425 -49.637 22.804
v -34.295 -49.629 22.857
v -30.433 -49.630 22.858
v -34.384 -49.658 22.786
v -34.381 -50.717 23.436
v -34.335 -50.710 23.441
v -34.314 -50.699 23.482
v -35.545 -49.451 23.136
v -35.541 -49.459 23.153
v -34.890 -49.569 22.918
v -35.528 -50.510 23.813
v -35.680 -49.410 23.216
v -35.568 -49.444 23.139
v -34.378 -50.722 23.459
v -35.706 -50.468 23.877
v -34.316 -49.976 24.735
v -35.138 -48.761 24.343
v -35.109 -49.855 24.942
v -34.353 -49.968 24.765
v -34.333 -49.890 24.860
v -34.308 -48.822 24.221
v -35.151 -48.727 24.394
v -35.153 -48.748 24.342
v -35.325 -48.933 24.019
v -35.140 -48.757 24.369
v -34.295 -48.764 24.356
v -34.384 -48.793 24.284
v -34.383 -49.853 24.936
v -34.313 -49.833 24.982
v -36.400 -48.429 24.912
v -36.263 -49.516 25.525
v -36.268 -49.474 25.603
v -36.401 -48.374 25.010
v -34.368 -48.331 25.084
v -34.306 -48.324 25.085
v -34.294 -47.262 24.692
v -34.298 -49.279 25.940
v -34.523 -49.348 25.825
v -34.314 -49.338 25.825
v -33.844 -48.976 26.467
v -34.072 -49.037 26.355
v -33.682 -48.963 26.487
v -33.956 -48.997 26.420
v -36.918 -48.289 25.135
v -36.741 -49.359 25.804
v -36.966 -49.404 25.723
v -36.891 -49.338 25.826
v -36.851 -49.331 25.858
v -34.910 -49.337 25.878
v -34.997 -49.260 26.014
v -34.510 -49.275 25.988
v -34.881 -49.347 25.843
v -36.837 -49.003 26.411
v -31.068 -48.962 26.489
v -33.688 -46.945 25.239
v -33.783 -46.946 25.229
v -33.948 -46.975 25.173
v -34.149 -47.057 25.033
v -34.267 -47.175 24.835
v -34.175 -44.971 23.580
v -34.250 -45.106 23.345
v -33.909 -44.827 23.829
v -33.694 -44.793 23.888
v -30.483 -45.078 23.394
v -30.562 -44.961 23.597
v -30.871 -44.817 23.846
v -31.112 -44.789 23.895
v -31.068 -46.944 25.242
v -30.319 -49.271 25.978
v -30.433 -47.262 24.692
v -30.478 -47.142 24.889
v -30.463 -49.179 26.098
v -30.444 -47.207 24.782
v -30.626 -47.034 25.071
v -30.670 -49.030 26.365
v -30.837 -46.961 25.199
v -30.785 -48.994 26.425
v -30.963 -46.946 25.231
v -30.942 -48.970 26.476
v -30.421 -49.337 25.827
v -30.380 -49.380 25.771
v -30.412 -48.327 25.081
v -27.966 -49.361 25.801
v -29.742 -49.270 25.997
v -30.060 -49.343 25.864
v -29.849 -49.348 25.841
v -29.852 -49.346 25.847
v -27.844 -48.276 25.150
v -27.923 -49.338 25.827
v -27.923 -49.335 25.855
v -28.386 -48.353 25.045
v -27.915 -48.998 26.423
v -27.866 -48.969 26.479
v -27.788 -47.048 25.157
v -27.785 -46.946 25.240
v -25.226 -48.968 26.480
v -25.303 -46.946 25.239
v -25.299 -47.045 25.157
v -25.175 -48.996 26.425
v -25.167 -49.337 25.829
v -25.164 -49.335 25.855
v -25.271 -48.275 25.153
v -25.125 -49.360 25.802
v -22.791 -49.335 25.830
v -22.843 -49.335 25.855
v -22.835 -48.998 26.423
v -36.861 -48.969 26.478
v -36.943 -47.044 25.158
v -36.942 -46.946 25.239
v -39.424 -46.946 25.240
v -39.502 -48.968 26.479
v -39.476 -46.984 25.173
v -39.553 -48.996 26.426
v -39.560 -49.327 25.861
v -39.528 -48.275 25.154
v -39.569 -49.339 25.825
v -39.608 -49.357 25.810
v -22.786 -48.969 26.479
v -22.708 -47.047 25.157
v -22.705 -46.946 25.240
v -20.146 -48.968 26.480
v -20.223 -46.946 25.239
v -20.219 -47.049 25.157
v -20.095 -48.996 26.425
v -20.087 -49.337 25.829
v -20.084 -49.335 25.855
v -20.158 -48.272 25.150
v -20.045 -49.360 25.802
v -41.828 -49.358 25.804
v -41.847 -49.349 25.791
v -41.980 -49.337 25.828
v -41.951 -49.332 25.857
v -41.932 -49.006 26.405
v -41.941 -48.969 26.478
v -42.023 -47.044 25.158
v -42.022 -46.946 25.239
v -44.504 -46.946 25.240
v -44.550 -48.963 26.489
v -44.594 -48.970 26.476
v -44.495 -47.055 25.156
v -44.561 -46.986 25.169
v -44.633 -48.996 26.426
v -44.640 -49.327 25.861
v -44.608 -48.275 25.154
v -44.649 -49.339 25.825
v -44.688 -49.357 25.810
v -39.384 -48.278 25.153
v -40.245 -48.319 25.083
v -44.464 -48.278 25.153
v -46.936 -48.302 25.133
v -46.916 -49.357 25.809
v -47.076 -48.275 25.154
v -45.976 -49.362 25.832
v -46.941 -49.347 25.813
v -47.075 -49.336 25.830
v -47.199 -49.362 25.799
v -47.034 -49.332 25.857
v -46.949 -49.343 25.850
v -46.250 -49.276 25.986
v -45.793 -49.289 25.969
v -45.881 -49.347 25.843
v -45.740 -49.224 26.061
v -46.152 -49.347 25.843
v -47.026 -49.008 26.400
v -47.021 -48.969 26.478
v -47.103 -47.044 25.158
v -47.102 -46.946 25.239
v -49.584 -46.946 25.240
v -49.634 -48.962 26.489
v -49.682 -48.972 26.473
v -49.585 -47.045 25.158
v -49.713 -48.996 26.426
v -49.720 -49.327 25.861
v -49.688 -48.275 25.154
v -49.729 -49.339 25.825
v -49.768 -49.357 25.810
v -51.997 -49.357 25.809
v -52.033 -49.344 25.820
v -52.022 -48.301 25.134
v -52.203 -49.333 25.832
v -52.163 -49.331 25.855
v -52.039 -49.335 25.861
v -52.041 -49.010 26.423
v -52.136 -49.009 26.390
v -52.104 -48.968 26.479
v -52.046 -48.991 26.459
v -52.183 -47.044 25.158
v -52.158 -48.275 25.155
v -52.182 -46.946 25.239
v -55.224 -46.944 25.242
v -55.766 -46.855 25.396
v -56.325 -46.855 25.396
v -56.174 -48.852 26.681
v -56.837 -46.700 25.665
v -56.640 -48.773 26.818
v -57.368 -46.595 25.925
v -57.050 -48.622 27.049
v -57.671 -46.306 26.347
v -57.320 -48.425 27.418
v -57.946 -46.046 26.797
v -58.112 -45.764 27.286
v -58.253 -45.521 27.819
v -58.127 -47.486 29.039
v -58.265 -47.570 28.905
v -58.012 -47.514 29.007
v -58.212 -45.441 27.846
v -58.815 -47.468 29.070
v -58.850 -46.337 28.423
v -58.846 -47.423 29.160
v -49.544 -48.278 25.153
v -58.871 -46.417 28.380
v -58.871 -45.186 30.515
v -58.824 -46.304 31.093
v -58.832 -46.936 30.024
v -58.307 -46.883 30.130
v -58.285 -46.940 30.025
v -58.858 -45.110 30.607
v -58.099 -46.273 31.143
v -58.045 -46.260 31.189
v -58.202 -44.193 30.007
v -58.245 -44.192 30.082
v -58.093 -44.929 33.470
v -58.247 -42.965 32.223
v -58.045 -44.961 33.438
v -58.820 -44.901 33.522
v -58.869 -43.835 32.844
v -58.866 -41.347 37.150
v -58.824 -42.494 37.692
v -58.869 -43.907 32.723
v -58.408 -43.486 36.017
v -58.303 -43.573 35.866
v -58.328 -43.667 35.698
v -58.292 -43.632 35.746
v -58.111 -42.473 37.730
v -58.067 -42.437 37.776
v -58.044 -42.445 37.796
v -58.045 -42.458 37.775
v -58.199 -40.382 36.608
v -58.263 -40.409 36.687
v -58.214 -39.114 38.812
v -58.094 -41.119 40.069
v -58.045 -41.151 40.038
v -58.836 -41.090 40.122
v -58.857 -40.016 39.443
v -58.837 -39.897 42.190
v -58.872 -38.864 41.487
v -58.187 -39.875 42.226
v -58.245 -37.856 41.070
v -58.861 -38.788 41.568
v -58.045 -39.910 42.188
v -58.174 -39.607 42.689
v -58.163 -37.555 41.504
v -58.131 -37.340 41.877
v -58.016 -37.096 42.299
v -57.814 -36.902 42.634
v -57.886 -36.875 42.794
v -57.645 -36.863 42.703
v -57.656 -38.706 43.707
v -57.695 -38.438 43.472
v -57.607 -36.939 42.572
v -57.848 -37.361 41.839
v -57.745 -37.143 42.218
v -57.826 -45.751 27.308
v -57.100 -46.431 26.131
v -56.698 -46.596 25.846
v -55.224 -46.819 25.458
v -9.504 -46.819 25.458
v -8.962 -46.855 25.396
v -8.572 -48.827 26.725
v -8.030 -46.596 25.846
v -7.400 -46.600 25.899
v -7.298 -46.230 26.480
v -7.417 -48.422 27.425
v -6.902 -45.751 27.308
v -6.786 -47.541 28.939
v -6.982 -37.143 42.218
v -7.315 -36.960 42.552
v -7.052 -39.004 43.712
v -7.029 -38.745 43.639
v -7.033 -38.438 43.472
v -6.851 -36.875 42.791
v -6.914 -36.902 42.635
v -6.597 -37.340 41.877
v -6.712 -37.096 42.299
v -6.565 -37.555 41.504
v -6.494 -37.842 41.061
v -6.576 -39.885 42.208
v -5.898 -39.892 42.198
v -5.867 -38.789 41.577
v -5.832 -38.870 41.474
v -5.862 -38.855 41.516
v -5.838 -38.783 41.608
v -5.837 -40.026 39.461
v -5.908 -41.097 40.112
v -5.868 -40.033 39.423
v -6.058 -40.383 41.390
v -6.256 -40.385 41.386
v -6.421 -40.261 41.604
v -6.453 -40.253 41.595
v -6.377 -40.349 41.432
v -5.959 -40.346 41.440
v -5.867 -40.050 39.450
v -6.639 -41.128 40.057
v -6.512 -39.117 38.806
v -6.665 -42.438 37.780
v -6.478 -40.391 36.680
v -6.526 -40.383 36.606
v -6.620 -42.473 37.731
v -5.903 -42.493 37.693
v -5.865 -40.097 39.327
v -5.834 -40.119 39.300
v -5.868 -41.333 37.168
v -5.839 -41.364 37.140
v -5.837 -43.830 32.871
v -5.908 -44.901 33.522
v -5.868 -43.838 32.834
v -5.928 -43.567 35.872
v -6.453 -43.586 35.821
v -6.436 -43.632 35.746
v -6.639 -44.933 33.468
v -6.493 -42.950 32.216
v -6.484 -44.190 30.081
v -6.634 -46.272 31.147
v -6.526 -44.193 30.007
v -5.903 -46.303 31.093
v -5.869 -43.898 32.726
v -5.834 -43.922 32.707
v -5.872 -45.111 30.609
v -5.864 -45.180 30.522
v -5.838 -45.200 30.497
v -5.881 -47.423 29.160
v -5.817 -46.346 28.503
v -5.866 -46.403 28.396
v -5.843 -45.114 30.636
v -5.897 -46.935 30.026
v -5.913 -47.468 29.071
v -6.453 -46.905 30.073
v -6.453 -46.935 30.020
v -6.438 -46.943 30.027
v -5.900 -46.334 28.393
v -6.629 -47.481 29.051
v -6.515 -45.441 27.846
v -6.488 -45.505 27.807
v -6.615 -45.764 27.286
v -6.700 -47.794 28.507
v -6.822 -46.048 26.794
v -7.090 -46.299 26.359
v -6.881 -48.228 27.757
v -7.879 -46.717 25.635
v -7.804 -48.666 26.972
v -8.402 -46.855 25.396
v -8.088 -48.773 26.818
v -9.504 -46.944 25.242
v -7.335 -48.458 27.367
v -12.545 -46.946 25.240
v -12.626 -48.969 26.478
v -12.545 -47.045 25.158
v -12.663 -49.000 26.418
v -12.584 -49.336 25.830
v -12.570 -49.339 25.852
v -12.589 -48.269 25.157
v -12.648 -49.361 25.801
v -14.965 -49.362 25.798
v -15.034 -48.261 25.160
v -15.008 -49.337 25.830
v -15.002 -49.339 25.852
v -15.014 -48.996 26.425
v -15.065 -48.968 26.479
v -15.121 -47.042 25.158
v -15.139 -46.946 25.239
v -15.160 -46.944 25.242
v -17.706 -48.969 26.478
v -17.625 -46.946 25.240
v -17.626 -47.046 25.158
v -17.755 -48.998 26.424
v -17.669 -49.337 25.828
v -17.661 -49.337 25.854
v -18.439 -49.227 26.062
v -17.783 -49.360 25.802
v -18.947 -49.269 25.998
v -18.492 -49.294 25.959
v -18.777 -49.360 25.833
v -18.700 -49.365 25.830
v -18.578 -49.348 25.843
v -17.663 -48.278 25.153
v -29.174 -49.448 23.138
v -29.073 -49.411 23.214
v -29.837 -49.569 22.918
v -30.399 -50.704 23.477
v -30.362 -50.715 23.437
v -29.109 -50.482 23.855
v -30.408 -49.974 24.739
v -29.619 -49.854 24.943
v -29.590 -48.761 24.343
v -30.381 -49.916 24.830
v -30.410 -48.818 24.230
v -29.649 -48.732 24.386
v -29.575 -48.748 24.342
v -29.403 -48.933 24.019
v -29.609 -48.758 24.367
v -30.433 -48.765 24.356
v -28.454 -49.480 25.612
v -28.459 -49.529 25.528
v -28.354 -48.440 24.899
v -28.320 -48.426 24.916
v -28.639 -48.507 24.757
v -28.308 -48.381 24.997
v -25.386 -49.076 26.295
v -25.361 -49.336 25.830
v -25.459 -48.317 25.109
v -25.370 -49.339 25.852
v -25.514 -49.415 25.709
v -25.413 -49.045 26.319
v -25.376 -46.981 25.178
v -27.673 -49.045 26.320
v -27.722 -46.983 25.174
v -27.699 -49.075 26.297
v -27.715 -48.328 25.091
v -27.671 -49.433 25.674
v -27.726 -49.336 25.831
v -27.717 -49.339 25.852
v -26.534 -48.320 25.081
v -20.273 -48.287 25.152
v -58.873 -40.103 39.320
v -15.184 -48.280 25.152
v -30.842 -46.211 23.041
v -30.841 -46.395 22.913
v -30.843 -46.405 22.724
v -30.843 -46.291 22.571
v -30.840 -46.167 22.534
v -30.842 -45.936 22.688
v -30.841 -45.980 22.982
v -30.841 -47.100 23.622
v -30.842 -47.423 23.610
v -30.842 -47.427 23.256
v -30.842 -47.075 23.274
v -30.818 -47.522 22.963
v -30.816 -46.988 22.961
v -32.075 -29.028 57.207
v -32.146 -28.926 57.051
v -32.062 -28.841 56.877
v -32.405 -28.819 56.885
v -32.691 -28.839 56.868
v -32.582 -28.928 57.054
v -32.696 -29.045 57.227
v -32.690 -29.191 57.476
v -32.618 -29.276 57.620
v -32.393 -29.378 57.802
v -32.732 -29.384 57.821
v -32.052 -29.372 57.796
v -32.141 -29.277 57.620
v -32.101 -29.193 57.485
v -56.196 -37.934 45.620
v -55.705 -37.939 45.615
v -39.332 -32.426 55.169
v -38.979 -32.445 55.140
v -39.453 -32.513 54.999
v -38.897 -32.548 54.943
v -25.444 -32.402 55.211
v -25.305 -32.488 55.063
v -25.317 -32.578 54.910
v -25.768 -32.451 55.128
v -25.831 -32.548 54.943
v -8.521 -37.864 45.755
v -9.022 -37.940 45.618
v -8.528 -37.932 45.620
v -8.551 -37.949 45.603
v -58.290 -44.261 30.107
v -58.274 -46.177 31.312
v -58.838 -46.178 31.310
v -58.890 -45.106 30.676
v -58.897 -43.957 32.677
v -58.276 -45.024 33.310
v -58.201 -42.965 32.135
v -58.836 -45.023 33.311
v -58.216 -40.336 36.688
v -58.274 -42.367 37.911
v -58.838 -42.368 37.909
v -58.891 -41.295 37.276
v -58.276 -41.214 39.909
v -58.199 -39.157 38.730
v -58.205 -39.146 38.748
v -58.273 -39.189 38.832
v -58.836 -41.213 39.910
v -58.834 -40.039 39.312
v -5.893 -40.038 39.312
v -6.438 -39.208 38.849
v -6.465 -39.176 38.822
v -6.425 -41.205 39.927
v -5.892 -41.213 39.910
v -5.827 -41.288 37.285
v -6.470 -41.220 39.895
v -6.524 -39.148 38.745
v -6.528 -39.157 38.729
v -6.471 -42.358 37.924
v -6.510 -40.337 36.686
v -5.890 -42.368 37.910
v -6.425 -42.380 37.892
v -6.438 -40.448 36.702
v -5.856 -41.312 37.255
v -6.438 -43.018 32.250
v -6.425 -45.015 33.328
v -5.892 -45.023 33.311
v -5.830 -43.957 32.676
v -5.827 -45.098 30.686
v -6.470 -45.030 33.296
v -6.527 -42.965 32.133
v -6.471 -46.168 31.325
v -5.890 -46.178 31.311
v -6.425 -46.190 31.293
v -6.436 -44.262 30.107
v -6.453 -44.252 30.111
v -6.446 -44.239 30.090
v -5.857 -45.123 30.655
v -12.476 -49.079 26.285
v -12.438 -48.305 25.128
v -12.428 -49.044 26.322
v -10.076 -47.058 25.155
v -10.173 -49.045 26.319
v -10.146 -49.076 26.295
v -10.163 -49.362 25.799
v -10.104 -48.278 25.152
v -10.121 -49.336 25.830
v -10.130 -49.339 25.852
v -9.993 -47.060 25.155
v -9.966 -48.278 25.153
v -9.946 -49.336 25.831
v -9.937 -49.339 25.852
v -9.894 -49.045 26.319
v -9.504 -46.980 25.180
v -9.504 -49.045 26.324
v -9.504 -49.067 26.321
v -9.003 -46.959 25.217
v -8.649 -48.998 26.428
v -7.779 -48.787 26.790
v -8.193 -48.910 26.580
v -7.430 -48.664 27.003
v -9.106 -49.035 26.348
v -9.126 -49.059 26.338
v -7.052 -48.870 26.667
v -7.322 -49.005 26.416
v -7.737 -49.139 26.184
v -8.183 -49.242 26.001
v -8.657 -49.317 25.874
v -8.890 -49.329 25.824
v -7.704 -48.070 25.534
v -9.112 -48.294 25.148
v -7.282 -47.932 25.773
v -7.369 -46.670 25.911
v -7.322 -46.665 25.940
v -7.332 -46.589 25.948
v -7.266 -48.582 27.145
v -6.869 -48.781 26.802
v -6.813 -47.723 26.156
v -6.517 -47.540 26.461
v -6.207 -47.284 26.895
v -6.106 -47.158 27.143
v -5.987 -47.010 27.370
v -5.865 -46.733 27.858
v -6.503 -47.533 26.445
v -7.022 -46.313 26.335
v -6.741 -46.044 26.801
v -6.624 -48.006 28.143
v -6.510 -47.767 28.561
v -7.026 -48.412 27.439
v -6.422 -47.539 28.934
v -6.439 -45.558 27.850
v -6.426 -47.563 28.927
v -5.887 -47.570 28.905
v -6.530 -48.596 27.120
v -6.242 -48.356 27.540
v -6.027 -48.089 28.002
v -5.900 -47.808 28.488
v -5.917 -47.856 28.375
v -15.163 -47.042 25.158
v -15.226 -49.076 26.295
v -15.201 -49.336 25.830
v -17.528 -48.305 25.131
v -15.243 -49.362 25.799
v -15.210 -49.339 25.852
v -15.253 -49.045 26.319
v -17.513 -49.045 26.320
v -17.542 -46.980 25.180
v -17.521 -49.072 26.310
v -17.519 -49.363 25.796
v -17.563 -49.079 26.278
v -17.550 -49.341 25.853
v -17.549 -49.346 25.845
v -20.281 -46.985 25.171
v -20.306 -49.076 26.295
v -20.281 -49.336 25.830
v -20.323 -49.362 25.799
v -20.290 -49.339 25.852
v -20.333 -49.045 26.319
v -22.593 -49.045 26.320
v -22.634 -46.982 25.177
v -22.614 -49.074 26.301
v -22.653 -49.081 26.263
v -22.637 -49.339 25.852
v -22.642 -49.342 25.825
v -37.014 -49.080 26.286
v -37.064 -48.339 25.070
v -37.075 -49.439 25.666
v -39.324 -49.362 25.799
v -39.365 -49.337 25.828
v -39.356 -49.340 25.852
v -37.067 -49.044 26.323
v -37.066 -49.066 26.320
v -39.315 -49.045 26.319
v -39.412 -47.059 25.155
v -39.343 -49.077 26.292
v -38.193 -48.320 25.081
v -42.101 -49.077 26.292
v -42.152 -49.045 26.324
v -44.393 -49.045 26.320
v -44.418 -49.075 26.297
v -44.401 -49.362 25.798
v -44.446 -49.336 25.831
v -44.437 -49.339 25.852
v -47.185 -49.076 26.295
v -49.473 -49.045 26.320
v -49.498 -49.075 26.297
v -49.481 -49.362 25.798
v -49.526 -49.336 25.831
v -49.517 -49.339 25.852
v -52.268 -49.075 26.296
v -52.285 -49.362 25.798
v -54.555 -49.045 26.319
v -54.690 -47.062 25.154
v -54.582 -49.076 26.295
v -54.652 -48.274 25.152
v -54.564 -49.362 25.799
v -54.606 -49.336 25.831
v -54.597 -49.339 25.852
v -54.771 -48.287 25.153
v -54.808 -49.075 26.296
v -54.781 -49.336 25.830
v -54.823 -49.362 25.799
v -54.790 -49.339 25.852
v -54.784 -46.984 25.173
v -54.835 -49.045 26.320
v -55.224 -46.980 25.180
v -55.224 -49.045 26.324
v -55.224 -49.067 26.321
v -56.860 -46.735 25.605
v -55.724 -46.959 25.217
v -55.730 -49.016 26.366
v -56.078 -48.998 26.428
v -55.600 -49.038 26.345
v -56.948 -48.787 26.790
v -57.298 -48.664 27.003
v -55.602 -49.059 26.338
v -57.694 -48.862 26.661
v -57.405 -49.005 26.416
v -56.542 -49.244 26.002
v -56.990 -49.139 26.184
v -56.071 -49.317 25.874
v -55.837 -49.329 25.824
v -56.564 -49.231 25.993
v -55.841 -48.283 25.196
v -57.024 -48.070 25.534
v -55.590 -48.296 25.143
v -57.740 -47.775 26.031
v -57.382 -46.668 25.926
v -57.454 -47.929 25.758
v -57.916 -47.722 26.156
v -57.465 -48.584 27.146
v -57.859 -48.781 26.802
v -58.866 -46.729 27.859
v -58.741 -47.010 27.370
v -58.622 -47.158 27.143
v -58.520 -47.284 26.895
v -58.220 -47.533 26.476
v -58.224 -47.533 26.445
v -58.113 -47.996 28.163
v -57.938 -48.215 27.784
v -58.217 -47.767 28.561
v -58.188 -47.796 28.480
v -58.842 -47.571 28.904
v -58.197 -48.596 27.120
v -58.486 -48.356 27.540
v -58.828 -47.808 28.488
v -58.700 -48.089 28.002
v -58.602 -48.211 27.760
v -58.907 -38.526 42.065
v -58.218 -39.392 43.062
v -58.096 -39.138 43.481
v -58.112 -39.155 43.487
v -57.957 -38.918 43.886
v -58.866 -39.609 42.690
v -58.444 -38.792 44.103
v -58.845 -39.413 43.027
v -58.640 -38.978 43.783
v -58.686 -39.025 43.671
v -58.883 -38.328 42.411
v -58.808 -38.103 42.796
v -58.706 -37.965 43.066
v -58.672 -37.879 43.185
v -58.460 -37.677 43.524
v -58.417 -37.629 43.507
v -58.387 -37.607 43.632
v -58.348 -37.584 43.571
v -57.841 -38.825 44.045
v -58.330 -38.693 44.279
v -58.354 -38.673 44.288
v -58.168 -37.422 43.979
v -57.554 -37.100 44.534
v -57.184 -36.981 44.730
v -57.656 -37.167 44.449
v -57.503 -36.628 43.111
v -57.564 -38.649 44.349
v -57.236 -38.479 44.645
v -57.191 -36.439 43.437
v -56.897 -38.331 44.900
v -56.856 -36.312 43.658
v -57.202 -38.096 45.310
v -58.041 -38.470 44.680
v -57.643 -38.259 45.043
v -58.055 -38.451 44.679
v -57.652 -38.237 45.046
v -57.148 -38.098 45.292
v -56.807 -36.307 43.758
v -57.099 -36.928 44.702
v -57.056 -36.940 44.797
v -56.648 -38.361 44.850
v -56.982 -38.033 45.417
v -55.086 -37.420 46.481
v -55.081 -36.307 45.910
v -55.017 -37.422 46.472
v -57.128 -36.459 43.402
v -57.066 -38.532 44.553
v -57.588 -38.884 43.946
v -55.015 -36.284 45.903
v -54.615 -37.714 45.970
v -57.618 -38.371 43.594
v -57.276 -36.715 42.960
v -56.652 -36.437 43.440
v -33.792 -29.135 56.089
v -31.361 -31.035 57.511
v -31.864 -28.950 56.409
v -31.721 -30.983 57.629
v -32.364 -28.864 56.559
v -32.025 -30.829 57.890
v -32.864 -28.950 56.409
v -33.006 -30.983 57.629
v -32.703 -30.829 57.890
v -31.287 -31.056 57.508
v -8.075 -36.437 43.440
v -7.451 -36.715 42.960
v -7.138 -38.884 43.945
v -7.182 -36.883 42.668
v -7.110 -38.414 43.620
v -7.115 -38.668 43.775
v -7.599 -36.459 43.402
v -7.224 -36.628 43.111
v -7.240 -38.668 44.314
v -7.902 -36.315 43.768
v -7.664 -38.533 44.554
v -7.505 -38.483 44.635
v -8.080 -38.362 44.848
v -7.984 -36.279 43.715
v -7.746 -38.034 45.417
v -7.675 -36.911 44.720
v -9.665 -37.423 46.475
v -7.675 -36.941 44.799
v -9.686 -36.294 45.905
v -10.118 -37.714 45.969
v -10.044 -37.713 45.990
v -10.128 -37.738 45.950
v -10.109 -35.607 44.966
v -12.367 -36.991 47.223
v -12.181 -34.968 46.163
v -12.213 -34.920 46.097
v -11.938 -36.709 47.702
v -12.028 -36.661 47.795
v -11.913 -35.580 47.117
v -54.604 -37.738 45.950
v -54.618 -35.607 44.966
v -52.508 -36.977 47.244
v -52.546 -34.968 46.162
v -52.515 -34.920 46.099
v -52.342 -36.990 47.243
v -52.867 -36.720 47.690
v -52.700 -36.662 47.795
v -54.921 -36.257 45.985
v -52.865 -35.601 47.106
v -52.774 -35.540 47.087
v -52.774 -35.574 47.171
v -52.749 -35.542 47.216
v -50.792 -34.954 48.277
v -50.736 -36.060 48.842
v -50.725 -34.914 48.287
v -50.632 -34.885 48.372
v -50.340 -34.240 47.335
v -50.974 -36.131 48.748
v -50.317 -36.244 48.517
v -50.782 -36.383 48.317
v -50.949 -36.383 48.319
v -51.152 -36.238 48.548
v -50.320 -36.349 48.334
v -48.246 -33.571 48.492
v -48.102 -35.653 49.541
v -48.074 -35.615 49.605
v -48.564 -34.226 49.488
v -46.491 -34.685 51.217
v -46.434 -33.545 50.667
v -48.449 -34.197 49.588
v -46.084 -34.974 50.718
v -46.098 -34.948 50.733
v -46.009 -34.979 50.706
v -46.026 -32.873 49.653
v -46.071 -32.887 49.728
v -43.807 -34.276 51.924
v -43.911 -32.219 50.747
v -43.901 -32.173 50.827
v -43.791 -34.237 51.993
v -44.145 -33.938 52.510
v -44.217 -32.834 51.891
v -44.123 -33.911 52.558
v -42.201 -32.193 53.010
v -44.178 -32.816 51.956
v -41.772 -33.612 53.076
v -41.776 -31.504 52.072
v -39.521 -32.901 54.304
v -39.656 -30.842 53.132
v -39.687 -30.836 53.237
v -39.512 -32.864 54.374
v -39.526 -32.848 54.370
v -39.913 -32.590 54.848
v -39.968 -31.479 54.240
v -39.852 -32.538 54.921
v -37.973 -31.961 55.952
v -37.975 -31.938 55.958
v -37.770 -31.890 56.055
v -37.912 -31.963 55.942
v -37.501 -32.235 55.450
v -37.476 -32.259 55.437
v -37.490 -30.119 54.425
v -37.859 -30.806 55.410
v -37.464 -30.147 54.336
v -37.461 -30.151 54.329
v -33.946 -29.014 56.297
v -33.305 -28.863 56.560
v -33.482 -31.006 57.591
v -32.911 -28.827 56.622
v -31.817 -28.827 56.622
v -31.218 -28.900 56.495
v -30.781 -29.014 56.297
v -27.259 -30.146 54.337
v -27.219 -32.235 55.451
v -27.247 -32.259 55.436
v -27.267 -30.151 54.329
v -27.237 -30.119 54.426
v -26.796 -31.962 55.945
v -26.779 -31.939 55.955
v -26.927 -30.786 55.444
v -24.876 -32.539 54.921
v -24.867 -32.572 54.881
v -24.796 -31.468 54.265
v -26.808 -30.826 55.381
v -25.216 -32.864 54.373
v -25.202 -32.848 54.370
v -25.207 -32.902 54.304
v -25.107 -30.799 53.206
v -25.110 -30.844 53.128
v -22.975 -31.489 52.052
v -22.992 -33.615 53.070
v -22.913 -33.607 53.083
v -22.931 -31.518 52.089
v -22.502 -33.316 53.589
v -22.572 -32.175 53.039
v -20.596 -33.908 52.563
v -20.575 -33.936 52.514
v -20.552 -32.819 51.963
v -20.937 -34.237 51.993
v -20.920 -34.276 51.924
v -20.763 -32.202 50.859
v -20.496 -32.834 51.879
v -20.816 -32.219 50.747
v -18.663 -32.884 49.710
v -18.675 -34.980 50.707
v -18.227 -34.688 51.212
v -18.302 -33.543 50.671
v -16.259 -34.190 49.577
v -16.451 -35.601 49.627
v -16.660 -35.617 49.609
v -16.625 -35.653 49.541
v -16.653 -35.660 49.550
v -16.481 -33.571 48.491
v -16.179 -34.221 49.493
v -14.407 -36.349 48.334
v -14.390 -34.239 47.335
v -14.426 -36.239 48.525
v -13.986 -36.375 48.325
v -13.824 -36.385 48.316
v -13.679 -36.356 48.368
v -14.023 -34.909 48.296
v -14.041 -36.052 48.852
v -13.839 -36.097 48.792
v -11.956 -35.575 47.172
v -13.917 -34.954 48.277
v -48.472 -34.191 49.574
v -46.071 -32.845 49.672
v -44.205 -32.855 51.895
v -44.340 -32.878 51.835
v -42.079 -32.152 53.080
v -24.671 -31.507 54.199
v -20.540 -32.808 51.962
v -20.402 -32.875 51.843
v -18.686 -32.840 49.681
v -13.964 -34.953 48.278
v -13.913 -34.932 48.279
v -14.098 -34.885 48.374
v -11.981 -35.541 47.218
v -11.954 -35.541 47.087
v -11.817 -35.616 47.100
v -9.806 -36.258 45.982
v -7.544 -36.977 44.725
v -37.512 -30.167 54.498
v -37.439 -32.116 55.667
v -37.767 -30.748 55.517
v -35.788 -30.158 56.571
v -35.855 -30.142 56.570
v -35.498 -31.507 56.721
v -35.429 -29.460 55.526
v -35.851 -31.245 57.155
v -35.358 -31.444 56.831
v -35.698 -31.227 57.207
v -35.385 -29.466 55.633
v -35.709 -30.116 56.602
v -34.344 -29.676 57.399
v -34.325 -30.772 57.996
v -33.855 -29.556 57.626
v -33.843 -30.643 58.221
v -33.338 -29.447 57.789
v -35.245 -31.431 56.846
v -33.993 -31.032 57.546
v -32.825 -30.692 58.124
v -33.185 -30.851 57.860
v -33.602 -30.926 57.729
v -32.857 -30.662 58.203
v -32.855 -30.611 58.293
v -32.696 -28.761 56.736
v -33.581 -28.896 56.503
v -32.761 -28.970 57.049
v -33.860 -29.536 57.628
v -31.930 -29.201 57.481
v -31.932 -29.072 57.248
v -32.033 -28.761 56.739
v -31.965 -28.969 57.049
v -31.940 -29.389 57.858
v -31.898 -30.688 58.136
v -31.932 -30.522 58.433
v -30.872 -29.556 57.626
v -30.867 -29.536 57.628
v -31.927 -30.758 58.034
v -31.400 -30.551 58.380
v -30.885 -30.643 58.221
v -30.735 -31.032 57.546
v -31.125 -30.926 57.729
v -31.556 -28.821 56.632
v -31.542 -30.851 57.860
v -29.424 -31.434 56.846
v -29.342 -29.466 55.632
v -29.047 -30.108 56.616
v -29.083 -31.215 57.226
v -28.926 -30.138 56.579
v -29.295 -29.462 55.522
v -28.964 -30.158 56.565
v -29.237 -31.478 56.776
v -28.922 -30.159 56.574
v -26.960 -30.748 55.517
v -28.639 -30.210 56.448
v -28.913 -31.254 57.159
v -29.228 -31.508 56.720
v -29.253 -31.483 56.741
v -27.293 -32.116 55.667
v -26.987 -31.879 56.077
v -27.216 -30.167 54.498
v -54.562 -37.586 46.192
v -52.969 -35.621 47.096
v -54.868 -37.366 46.580
v -54.863 -37.333 46.624
v -52.966 -36.727 47.681
v -52.885 -36.751 47.660
v -50.581 -35.972 48.988
v -50.235 -36.220 48.559
v -50.242 -34.199 47.318
v -48.336 -35.597 49.637
v -48.635 -35.360 50.047
v -46.021 -32.837 49.684
v -46.347 -33.515 50.683
v -46.053 -34.836 50.941
v -46.310 -34.626 51.318
v -46.331 -33.504 50.767
v -46.357 -33.498 50.755
v -45.998 -34.852 50.929
v -46.294 -34.598 51.369
v -44.056 -34.231 52.003
v -43.983 -32.209 50.869
v -44.358 -33.993 52.416
v -43.995 -32.255 50.921
v -44.296 -32.836 51.788
v -41.720 -33.483 53.298
v -42.024 -33.249 53.704
v -39.787 -32.881 54.336
v -39.773 -32.867 54.375
v -42.004 -33.220 53.751
v -40.095 -32.623 54.789
v -39.766 -32.838 54.406
v -25.026 -30.844 53.244
v -24.962 -32.838 54.406
v -24.654 -32.625 54.784
v -22.661 -32.155 53.091
v -24.955 -32.866 54.375
v -24.943 -32.879 54.336
v -25.003 -30.838 53.139
v -23.012 -33.483 53.298
v -22.705 -33.249 53.705
v -22.724 -33.221 53.752
v -20.733 -32.255 50.921
v -20.673 -34.229 52.006
v -20.373 -33.993 52.416
v -18.769 -34.853 50.926
v -18.762 -32.832 49.685
v -18.397 -33.502 50.768
v -18.434 -34.596 51.370
v -18.708 -34.850 50.931
v -18.418 -34.627 51.317
v -18.452 -34.605 51.376
v -16.038 -34.251 49.466
v -16.041 -35.358 50.050
v -14.145 -35.973 48.986
v -12.111 -36.964 47.269
v -11.800 -36.726 47.682
v -11.842 -36.751 47.660
v -10.169 -37.586 46.192
v -9.867 -37.333 46.626
v -9.855 -37.366 46.548
v -9.810 -36.239 45.916
v -7.830 -38.332 44.898
v -7.529 -38.096 45.308
v -7.173 -37.100 44.534
v -6.560 -37.422 43.979
v -6.340 -37.610 43.630
v -7.072 -37.167 44.449
v -7.537 -36.439 43.437
v -6.884 -38.825 44.045
v -6.394 -38.691 44.279
v -7.084 -38.259 45.043
v -6.678 -38.458 44.680
v -7.076 -38.237 45.046
v -6.262 -37.680 43.522
v -6.311 -37.629 43.508
v -6.774 -38.917 43.884
v -6.283 -38.792 44.103
v -5.859 -38.321 42.448
v -5.919 -38.103 42.796
v -6.021 -37.965 43.066
v -6.055 -37.879 43.185
v -5.838 -38.331 42.395
v -6.746 -38.918 43.904
v -6.632 -39.138 43.481
v -6.615 -39.155 43.487
v -6.425 -39.840 42.291
v -6.083 -38.982 43.772
v -5.883 -39.413 43.027
v -5.957 -39.197 43.404
v -5.862 -39.609 42.690
v -5.875 -39.816 42.351
v -6.438 -37.908 41.102
v -33.885 -46.397 22.906
v -33.885 -46.212 23.040
v -33.886 -45.982 22.986
v -33.885 -45.933 22.693
v -33.887 -46.163 22.534
v -33.885 -46.296 22.571
v -33.886 -46.404 22.714
v -33.912 -45.884 22.324
v -33.885 -47.422 23.612
v -33.886 -47.101 23.623
v -33.885 -47.078 23.272
v -33.886 -47.430 23.259
v -33.912 -46.985 22.958
v -33.912 -47.525 22.960
v -33.912 -47.805 23.431
v -33.912 -47.532 23.903
v -33.912 -46.710 23.428
v -33.912 -46.983 23.904
v -34.263 -46.976 22.937
v -34.270 -47.535 22.937
v -34.280 -47.558 22.941
v -34.280 -47.824 23.427
v -34.274 -46.948 22.940
v -34.263 -46.690 23.426
v -34.292 -47.834 23.453
v -34.278 -47.537 23.921
v -34.274 -46.681 23.453
v -34.272 -46.973 23.920
v -34.282 -46.948 23.918
v -34.289 -47.558 23.917
v -33.912 -46.431 22.320
v -33.910 -46.703 22.793
v -33.910 -46.429 23.268
v -33.912 -45.610 22.793
v -33.910 -45.885 23.267
v -34.250 -46.442 22.304
v -34.259 -46.724 22.793
v -34.259 -46.442 23.285
v -34.242 -45.875 22.303
v -34.250 -45.875 23.286
v -34.241 -45.591 22.792
v -30.818 -46.984 23.902
v -30.818 -47.529 23.903
v -30.815 -46.710 23.428
v -30.818 -47.803 23.428
v -30.464 -46.976 22.937
v -30.463 -47.535 22.943
v -30.446 -47.533 22.924
v -30.454 -47.551 22.949
v -30.445 -47.560 22.939
v -30.458 -47.817 23.429
v -30.453 -46.947 22.940
v -30.464 -46.690 23.427
v -30.440 -47.829 23.425
v -30.436 -47.833 23.453
v -30.458 -47.537 23.914
v -30.453 -46.680 23.453
v -30.462 -46.975 23.914
v -30.439 -47.558 23.917
v -30.441 -47.536 23.929
v -30.445 -46.948 23.919
v -30.446 -46.971 23.929
v -30.818 -45.885 23.267
v -30.818 -46.429 23.268
v -30.815 -45.610 22.793
v -30.818 -46.703 22.793
v -30.815 -45.882 22.321
v -30.815 -46.431 22.320
v -30.478 -45.875 23.286
v -30.469 -46.440 23.286
v -30.486 -45.590 22.795
v -30.469 -46.724 22.796
v -30.486 -45.872 22.304
v -30.477 -46.442 22.304
v -56.905 -37.903 42.143
v -56.900 -37.366 43.077
v -56.423 -37.505 42.833
v -56.426 -37.764 42.386
v -57.391 -36.964 42.549
v -57.392 -37.249 42.063
v -56.896 -36.820 42.798
v -56.895 -37.349 43.081
v -57.390 -37.250 42.038
v -56.896 -37.393 41.806
v -56.399 -36.963 42.551
v -56.399 -37.251 42.061
v -7.834 -36.820 42.798
v -7.352 -36.966 42.560
v -7.350 -37.494 42.831
v -7.350 -37.758 42.373
v -7.335 -37.248 42.063
v -7.835 -37.393 41.806
v -7.352 -37.262 42.054
v -7.350 -37.255 42.046
v -39.102 -49.870 24.914
v -39.119 -49.843 24.966
v -37.529 -50.143 24.443
v -39.044 -49.473 25.602
v -36.852 -49.524 25.513
v -37.470 -49.085 23.780
v -38.824 -48.356 25.042
v -39.124 -48.812 24.252
v -38.985 -48.371 25.014
v -39.256 -48.774 24.316
v -39.219 -48.746 24.344
v -38.450 -48.933 24.019
v -37.400 -49.109 23.729
v -36.888 -48.419 24.928
v -37.357 -48.933 24.019
v -25.816 -49.471 25.606
v -25.622 -49.869 24.915
v -27.301 -50.160 24.416
v -25.448 -49.827 24.992
v -25.653 -49.886 24.904
v -27.691 -49.495 25.546
v -27.146 -50.150 24.428
v -27.252 -49.085 23.780
v -25.499 -48.782 24.303
v -25.791 -48.371 25.015
v -27.734 -48.410 24.941
v -27.860 -48.422 24.925
v -25.509 -48.746 24.344
v -27.149 -49.088 23.752
v -27.148 -49.089 23.750
v -27.360 -49.120 23.715
v -27.404 -48.933 24.019
v -41.213 -48.358 25.039
v -41.271 -48.387 24.988
v -41.230 -48.437 24.903
v -41.267 -48.418 24.927
v -39.254 -48.741 24.364
v -39.014 -48.407 24.943
v -37.328 -49.134 23.696
v -37.289 -48.933 24.019
v -35.274 -48.691 24.463
v -25.473 -48.741 24.364
v -25.713 -48.408 24.942
v -23.481 -48.374 25.010
v -23.484 -48.430 24.912
v -29.479 -48.710 24.427
v -28.931 -49.407 23.218
v -29.486 -48.752 24.380
v -27.823 -48.453 24.897
v -25.457 -48.759 24.366
v -39.271 -48.759 24.366
v -36.905 -48.453 24.897
v -37.297 -50.196 24.338
v -37.320 -50.178 24.385
v -35.290 -49.803 25.032
v -41.109 -49.473 25.605
v -41.107 -49.516 25.525
v -39.323 -49.823 24.998
v -39.059 -49.496 25.546
v -25.350 -49.823 24.972
v -23.621 -49.516 25.526
v -23.619 -49.472 25.605
v -25.669 -49.495 25.546
v -27.888 -49.524 25.515
v -28.931 -50.467 23.881
v -27.433 -50.198 24.338
v -29.439 -49.802 25.032
v -27.450 -50.204 24.357
v -57.092 -14.590 29.211
v -57.110 -37.642 42.624
v -56.488 -14.586 29.218
v -56.488 -14.515 29.340
v -56.699 -37.829 42.299
v -57.199 -37.812 42.329
v -56.528 -37.636 42.633
v -56.761 -37.433 42.985
v -38.079 -24.436 11.126
v -38.079 -24.339 11.519
v -38.079 -24.466 11.479
v -38.079 -24.518 11.297
v -38.079 -22.972 10.924
v -38.079 -22.887 10.779
v -32.611 -8.936 -0.100
v -32.720 -8.700 -0.082
v -32.647 -8.433 -0.053
v -32.392 -8.332 -0.066
v -32.111 -8.410 -0.053
v -32.043 -8.713 -0.103
v -32.132 -8.948 -0.100
v -32.385 -9.000 -0.120
v -32.405 -8.677 -0.209
v -32.719 -9.056 1.199
v -32.409 -9.325 1.202
v -32.026 -9.070 1.199
v -31.991 -8.678 1.202
v -32.104 -8.393 1.232
v -32.413 -8.399 1.231
v -32.671 -8.399 1.231
v -32.740 -8.690 1.200
v -32.371 -8.146 1.358
v -32.094 -8.177 1.365
v -32.564 -8.225 1.249
v -32.908 -9.067 1.222
v -32.948 -8.702 1.200
v -32.866 -8.461 1.225
v -31.783 -8.683 1.201
v -31.817 -9.060 1.223
v -31.873 -8.445 1.226
v -32.691 -9.292 1.217
v -31.893 -9.227 1.227
v -32.106 -9.326 1.212
v -31.809 -8.999 1.287
v -31.799 -8.712 1.308
v -31.827 -8.427 1.340
v -32.080 -8.377 1.346
v -32.653 -8.182 1.370
v -32.725 -8.403 1.338
v -32.947 -8.439 1.348
v -32.960 -8.739 1.302
v -32.984 -9.012 1.280
v -32.829 -8.644 1.336
v -32.802 -9.023 1.293
v -32.419 -8.306 1.358
v -32.066 -9.000 6.335
v -31.933 -9.123 6.327
v -31.895 -9.317 6.306
v -31.928 -9.517 6.285
v -32.098 -9.615 6.288
v -32.215 -9.775 6.257
v -32.432 -9.786 6.256
v -32.698 -9.588 6.284
v -32.759 -9.295 6.319
v -32.707 -9.028 6.330
v -32.381 -8.845 6.320
v -32.364 -9.318 6.243
v -32.735 7.896 -3.679
v -32.694 7.787 -3.425
v -32.694 7.763 -3.078
v -32.401 7.664 -3.180
v -32.089 7.729 -3.128
v -32.106 7.795 -3.403
v -31.856 7.809 -3.419
v -31.903 7.874 -3.677
v -32.142 7.996 -3.740
v -32.112 8.008 -3.959
v -32.396 8.019 -3.985
v -32.685 8.023 -3.944
v -32.394 7.630 -3.180
v -32.202 7.618 -3.211
v -32.085 7.906 -3.656
v -31.792 3.203 -5.532
v -31.963 3.171 -5.378
v -32.092 3.040 -5.209
v -32.410 3.016 -5.181
v -32.700 3.037 -5.210
v -32.718 3.154 -5.327
v -32.820 3.202 -5.484
v -32.963 3.292 -5.780
v -32.791 3.336 -5.850
v -32.688 3.393 -6.055
v -32.691 3.492 -6.173
v -32.388 3.469 -6.111
v -32.095 3.490 -6.175
v -32.089 3.407 -6.075
v -31.994 3.320 -5.898
v -31.804 3.303 -5.794
v -32.400 3.410 -6.140
v -31.844 3.378 -6.018
v -31.832 3.115 -5.442
v -32.753 3.083 -5.421
v -32.945 3.119 -5.460
v -32.977 3.196 -5.539
v -32.051 3.063 -5.441
v -31.853 3.062 -5.246
v -32.919 3.396 -6.017
v -32.914 3.084 -5.263
v -32.427 3.531 -6.278
v -32.206 3.530 -6.270
v -31.877 3.482 -6.111
v -31.647 3.299 -5.673
v -31.732 3.154 -5.328
v -32.136 3.002 -5.023
v -32.375 2.977 -5.004
v -32.606 3.001 -5.029
v -32.995 3.154 -5.328
v -32.908 3.470 -6.060
v -32.592 3.566 -6.253
v -32.403 7.789 -3.348
v -32.582 7.987 -3.709
v -32.411 8.026 -3.789
v -32.160 8.018 -3.395
v -32.606 8.046 -3.459
v -32.427 7.974 -3.297
v -31.822 7.864 -3.136
v -31.701 7.999 -3.398
v -32.715 8.280 -4.050
v -31.717 8.123 -3.699
v -31.832 8.210 -3.934
v -32.915 8.202 -3.906
v -33.017 8.122 -3.715
v -33.034 8.009 -3.438
v -32.047 8.287 -4.074
v -32.915 7.862 -3.140
v -32.400 7.772 -2.903
v -32.399 8.327 -4.108
v -33.017 7.917 -3.290
v -32.569 7.734 -2.908
v -32.158 7.751 -2.913
v -31.647 7.979 -3.503
v -31.649 8.027 -3.610
v -32.233 8.297 -4.172
v -32.402 8.303 -4.179
v -32.555 8.290 -4.163
v -32.370 6.793 -3.286
v -32.047 6.806 -3.350
v -31.852 6.835 -3.458
v -31.708 6.930 -3.654
v -31.622 7.075 -4.005
v -31.666 7.144 -4.062
v -31.754 7.227 -4.324
v -32.065 7.329 -4.599
v -32.119 7.369 -4.553
v -32.373 7.369 -4.631
v -32.624 7.365 -4.552
v -32.713 7.319 -4.565
v -33.003 7.206 -4.299
v -32.819 7.321 -4.446
v -33.087 7.098 -4.014
v -33.046 6.939 -3.691
v -32.919 6.846 -3.495
v -32.715 6.813 -3.370
v -33.116 7.020 -3.923
v -33.155 7.006 -3.937
v -32.646 6.735 -3.302
v -32.371 6.729 -3.266
v -32.347 6.664 -3.139
v -32.873 7.272 -4.520
v -33.152 7.056 -4.049
v -32.364 7.349 -4.663
v -31.604 7.013 -3.920
v -31.618 7.121 -4.188
v -31.876 7.280 -4.501
v -32.101 6.734 -3.296
v -31.620 6.917 -3.734
v -31.651 7.048 -3.853
v -30.876 7.444 -4.995
v -30.875 6.541 -2.974
v -32.364 7.482 -4.995
v -33.853 6.545 -2.977
v -33.852 7.444 -4.996
v -32.364 6.562 -2.938
v -30.896 6.476 -2.936
v -30.920 7.393 -5.108
v -30.940 7.311 -5.107
v -30.932 6.377 -2.993
v -30.942 6.411 -2.932
v -31.104 7.249 -5.245
v -31.094 7.381 -5.171
v -31.080 6.278 -2.986
v -31.096 6.314 -2.906
v -31.128 6.836 -4.627
v -31.094 6.496 -3.512
v -31.107 6.801 -6.422
v -31.129 6.841 -6.008
v -31.136 6.943 -5.898
v -31.069 6.454 -2.919
v -31.121 5.038 -2.535
v -31.094 5.658 -2.727
v -32.364 6.885 -6.500
v -31.120 6.336 -6.657
v -31.117 6.583 -6.656
v -31.142 6.789 -6.599
v -32.364 5.006 -2.519
v -31.120 4.794 -2.511
v -31.123 4.563 -2.565
v -31.119 4.573 -2.792
v -33.850 6.473 -2.937
v -33.852 7.396 -5.100
v -33.851 7.315 -5.100
v -33.853 6.386 -2.997
v -33.847 6.417 -2.933
v -33.660 7.385 -5.152
v -33.641 7.263 -5.212
v -33.694 6.462 -2.922
v -33.645 6.334 -2.912
v -33.671 6.315 -2.990
v -33.621 6.801 -6.422
v -32.364 6.807 -6.627
v -32.364 6.579 -6.715
v -32.364 6.353 -6.673
v -31.116 5.053 -6.006
v -31.099 5.801 -6.376
v -31.126 5.969 -6.340
v -33.601 6.836 -4.636
v -33.634 6.496 -3.512
v -33.588 6.933 -5.907
v -33.607 6.336 -6.657
v -33.610 6.583 -6.656
v -33.586 6.789 -6.599
v -33.606 5.038 -2.535
v -32.364 4.595 -2.810
v -32.364 4.516 -2.538
v -32.364 4.796 -2.504
v -31.120 4.197 -4.079
v -31.094 4.338 -3.448
v -33.634 5.658 -2.727
v -33.601 5.381 -2.767
v -33.607 4.794 -2.511
v -33.604 4.563 -2.565
v -33.608 4.574 -2.795
v -33.612 5.044 -6.008
v -33.628 5.810 -6.377
v -33.607 4.194 -4.085
v -33.602 4.541 -3.175
v -33.634 4.338 -3.448
v -31.075 4.898 -5.875
v -30.931 4.788 -5.981
v -31.089 4.864 -6.017
v -30.921 4.798 -5.913
v -31.129 4.888 -5.481
v -31.094 4.311 -4.485
v -31.082 4.146 -4.231
v -30.951 4.107 -4.290
v -31.097 4.002 -4.232
v -30.903 4.007 -4.342
v -32.364 4.653 -5.963
v -32.364 3.957 -4.422
v -30.883 3.991 -4.451
v -30.880 4.642 -5.908
v -32.368 4.570 -5.889
v -32.364 4.642 -5.956
v -32.370 3.957 -4.521
v -33.658 4.010 -4.257
v -33.850 4.004 -4.354
v -33.669 4.134 -4.256
v -33.660 4.845 -6.002
v -33.682 4.869 -5.895
v -33.853 4.770 -5.917
v -33.846 4.779 -5.987
v -33.601 4.883 -5.479
v -33.634 4.311 -4.485
v -33.850 4.110 -4.303
v -33.845 3.991 -4.451
v -33.847 4.642 -5.908
v -31.614 4.274 -5.187
v -31.623 4.190 -4.936
v -32.073 4.538 -5.827
v -31.622 4.399 -5.411
v -31.739 4.432 -5.564
v -31.584 4.369 -5.335
v -31.711 4.123 -4.892
v -31.880 4.496 -5.720
v -31.819 4.068 -4.691
v -31.898 4.026 -4.665
v -32.071 3.983 -4.584
v -31.844 4.025 -4.766
v -31.655 4.228 -5.211
v -33.154 4.309 -5.201
v -33.010 4.425 -5.535
v -32.700 3.994 -4.603
v -33.033 4.140 -4.911
v -32.937 4.081 -4.705
v -32.866 4.048 -4.627
v -32.877 4.503 -5.713
v -32.698 4.527 -5.802
v -32.904 4.037 -4.786
v -33.100 4.265 -5.198
v -33.047 4.327 -5.415
v -31.682 4.332 -5.422
v -31.128 6.691 -6.416
v -31.131 6.319 -3.459
v -31.132 6.381 -3.659
v -31.098 6.119 -2.931
v -31.122 5.126 -3.140
v -31.141 5.430 -3.829
v -31.128 5.052 -3.298
v -31.112 5.383 -3.997
v -31.094 6.088 -3.693
v -31.141 5.572 -4.028
v -31.121 5.167 -2.789
v -31.128 5.376 -2.769
v -31.135 5.296 -3.006
v -31.129 6.919 -4.832
v -31.094 6.605 -4.854
v -31.094 7.200 -5.352
v -31.115 6.633 -6.063
v -31.124 6.008 -5.234
v -31.116 6.250 -6.064
v -31.121 6.296 -5.874
v -31.135 6.559 -5.901
v -31.135 5.974 -5.003
v -31.142 5.379 -4.171
v -31.108 6.479 -3.693
v -31.132 4.490 -4.531
v -31.121 5.012 -5.550
v -31.130 4.430 -4.340
v -31.127 5.788 -5.030
v -31.131 5.785 -5.180
v -31.094 4.719 -4.303
v -31.131 6.093 -6.072
v -31.126 4.546 -3.176
v -31.146 5.232 -3.965
v -31.114 4.789 -3.141
v -31.142 4.863 -3.282
v -32.238 5.050 -3.327
v -32.239 4.855 -3.321
v -32.239 5.205 -3.918
v -31.145 4.481 -3.254
v -32.233 4.580 -3.238
v -32.242 4.540 -3.268
v -32.239 4.425 -4.271
v -32.239 4.304 -4.060
v -31.146 6.117 -2.993
v -32.238 5.417 -2.817
v -32.239 6.093 -3.024
v -32.238 5.311 -3.080
v -32.239 5.219 -3.213
v -32.239 6.264 -3.446
v -32.239 5.481 -3.798
v -32.239 5.905 -6.290
v -32.235 5.846 -6.303
v -32.238 6.028 -6.076
v -31.165 6.144 -5.913
v -31.139 5.018 -5.750
v -32.232 5.149 -5.955
v -31.149 5.909 -5.355
v -32.239 6.111 -5.914
v -32.239 5.084 -5.782
v -32.240 5.878 -5.375
v -32.234 5.812 -5.341
v -32.237 6.104 -5.240
v -31.639 5.530 -4.562
v -31.637 5.717 -4.599
v -31.803 5.344 -4.204
v -31.761 5.717 -4.988
v -31.819 5.730 -5.094
v -31.830 4.969 -5.447
v -31.808 4.534 -4.553
v -31.804 4.911 -5.434
v -31.674 6.698 -4.349
v -31.810 6.791 -4.606
v -31.638 6.589 -4.083
v -31.639 6.642 -4.211
v -31.673 6.527 -3.963
v -31.812 6.395 -3.718
v -31.730 6.470 -3.825
v -31.807 5.984 -4.959
v -31.812 5.592 -4.076
v -32.238 6.363 -5.810
v -32.236 6.610 -5.871
v -32.232 6.799 -5.960
v -32.243 6.826 -5.931
v -32.239 7.106 -5.292
v -32.239 6.898 -4.885
v -32.249 6.152 -5.204
v -31.788 6.748 -4.554
v -31.693 5.664 -4.293
v -31.655 5.784 -4.647
v -31.677 5.862 -4.742
v -31.639 5.717 -4.436
v -31.658 5.494 -4.518
v -31.657 4.667 -4.884
v -31.674 4.612 -4.790
v -31.636 4.691 -4.974
v -31.692 4.815 -5.237
v -31.638 4.744 -5.102
v -32.248 5.813 -5.358
v -31.122 4.659 -2.751
v -31.131 6.200 -6.443
v -32.364 5.124 -2.816
v -32.364 4.687 -2.682
v -32.364 4.772 -3.047
v -32.481 5.206 -3.205
v -33.607 5.169 -2.788
v -33.604 5.126 -3.138
v -33.613 4.790 -3.141
v -33.606 4.659 -2.751
v -32.364 6.573 -6.123
v -32.364 6.285 -6.135
v -32.364 6.219 -6.415
v -32.364 6.646 -6.419
v -33.612 6.629 -6.064
v -33.600 6.691 -6.416
v -33.595 6.200 -6.442
v -33.612 6.250 -6.063
v -33.599 6.844 -6.005
v -33.601 5.967 -6.338
v -33.597 6.090 -6.078
v -33.585 5.569 -4.033
v -33.618 5.392 -4.005
v -33.584 5.438 -3.831
v -33.601 5.057 -3.300
v -33.593 5.296 -3.006
v -33.634 6.088 -3.693
v -33.598 6.319 -3.467
v -33.631 6.122 -2.928
v -33.599 6.374 -3.654
v -33.601 6.928 -4.832
v -33.633 7.200 -5.352
v -33.605 6.009 -5.223
v -33.606 6.295 -5.869
v -33.634 6.605 -4.854
v -33.593 6.559 -5.901
v -33.583 5.372 -4.169
v -33.594 5.964 -5.001
v -33.623 6.479 -3.684
v -33.598 4.485 -4.538
v -33.608 5.013 -5.564
v -33.598 4.424 -4.340
v -33.634 4.719 -4.303
v -33.603 5.793 -5.030
v -33.601 5.784 -5.182
v -33.586 5.229 -3.974
v -33.587 4.868 -3.282
v -32.490 5.067 -3.319
v -32.489 4.859 -3.322
v -32.489 5.203 -3.925
v -33.584 4.480 -3.254
v -32.494 4.578 -3.237
v -32.486 4.535 -3.270
v -32.489 4.417 -4.269
v -32.488 4.304 -4.061
v -33.581 6.120 -2.997
v -32.489 5.413 -2.819
v -32.488 6.097 -3.028
v -32.490 5.311 -3.080
v -32.489 6.261 -3.454
v -32.489 5.479 -3.799
v -32.493 5.847 -6.303
v -32.489 5.906 -6.290
v -32.489 6.020 -6.091
v -33.564 6.144 -5.912
v -33.587 5.023 -5.760
v -32.497 5.148 -5.954
v -33.578 5.909 -5.355
v -32.488 6.110 -5.911
v -32.488 5.085 -5.774
v -32.488 5.877 -5.373
v -32.494 5.816 -5.340
v -32.491 6.097 -5.247
v -33.087 5.729 -4.608
v -32.966 5.718 -4.990
v -33.084 5.522 -4.552
v -32.923 5.342 -4.203
v -32.909 5.729 -5.094
v -32.897 4.969 -5.447
v -32.920 4.534 -4.555
v -32.923 4.911 -5.433
v -33.068 6.675 -4.293
v -33.068 6.550 -4.010
v -33.000 6.472 -3.829
v -32.918 6.790 -4.606
v -32.915 6.393 -3.719
v -32.920 5.984 -4.959
v -32.916 5.591 -4.076
v -32.489 6.367 -5.813
v -32.491 6.606 -5.869
v -32.496 6.799 -5.960
v -32.484 6.826 -5.933
v -32.488 7.105 -5.298
v -32.490 6.907 -4.888
v -32.478 6.152 -5.205
v -32.940 6.748 -4.555
v -33.050 5.862 -4.742
v -33.046 5.675 -4.322
v -33.046 4.801 -5.211
v -33.086 4.687 -4.956
v -33.054 4.612 -4.791
v -32.479 5.815 -5.357
v -32.092 2.065 -6.411
v -31.971 1.985 -6.167
v -32.090 1.887 -6.068
v -32.167 1.864 -5.895
v -32.373 1.839 -5.859
v -32.579 1.867 -5.902
v -32.663 1.897 -6.054
v -32.752 1.983 -6.178
v -32.667 2.077 -6.404
v -32.386 2.162 -6.565
v -32.403 1.816 -6.082
v -32.169 1.896 -6.288
v -32.394 1.886 -6.329
v -32.411 2.042 -6.492
v -32.626 1.935 -6.297
v -32.764 3.145 -5.699
v -31.966 3.128 -5.660
v -32.964 3.145 -5.698
v -32.711 7.919 -3.932
v -32.014 7.921 -3.935
v -32.049 7.636 -3.295
v -32.636 7.622 -3.266
v -32.364 7.786 -3.633
v -32.175 -9.004 6.375
v -32.414 -9.020 6.393
v -32.656 -8.997 6.388
v -32.466 -8.867 6.346
v -32.394 -8.697 6.548
v -31.988 -9.125 1.291
v -32.095 -9.267 1.280
v -32.369 -9.286 1.280
v -32.667 -9.282 1.279
v -32.873 -9.227 1.234
v -32.415 -9.510 1.269
v -32.629 -9.465 1.279
v -32.907 -9.261 1.286
v -31.931 -8.238 1.408
v -31.647 -8.842 1.337
v -31.857 -9.297 1.282
v -32.154 -9.483 1.273
v -32.431 -9.484 1.225
v -32.213 -9.478 1.228
v -32.072 -9.322 6.332
v -32.405 -9.604 6.312
v -32.125 -9.288 6.410
v -32.604 -9.285 6.410
v -32.539 -9.159 6.495
v -32.573 -9.483 6.411
v -32.409 -9.572 6.412
v -32.188 -9.517 6.410
v -32.686 -8.743 6.576
v -32.955 -9.005 6.550
v -33.051 -9.339 6.515
v -32.109 -9.982 6.446
v -31.868 -9.826 6.463
v -32.990 -9.627 6.485
v -32.699 -9.937 6.454
v -31.728 -9.588 6.492
v -31.684 -9.274 6.526
v -31.790 -8.983 6.554
v -32.109 -8.712 6.579
v -32.416 -10.022 6.455
v -31.646 -9.343 6.478
v -31.910 -8.816 6.567
v -32.880 -9.819 6.456
v -32.344 -10.054 6.407
v -32.377 -8.495 5.534
v -32.715 -8.595 5.531
v -32.939 -8.760 5.495
v -33.047 -9.024 5.495
v -33.075 -9.317 5.471
v -33.000 -9.567 5.457
v -33.006 -9.609 5.400
v -32.700 -9.886 5.389
v -32.369 -9.978 5.377
v -32.077 -9.915 5.387
v -31.746 -9.643 5.401
v -31.883 -9.810 5.383
v -31.725 -9.557 5.458
v -31.660 -9.318 5.480
v -31.643 -9.230 5.472
v -31.693 -8.944 5.489
v -31.830 -8.717 5.502
v -32.047 -8.588 5.542
v -32.130 -8.514 5.516
v -31.603 -9.252 5.421
v -31.602 -9.049 5.432
v -31.622 -9.477 5.388
v -31.671 -9.449 5.439
v -33.108 -9.298 5.425
v -33.155 -9.270 5.407
v -32.883 -9.820 5.354
v -32.622 -8.514 5.505
v -33.114 -9.042 5.435
v -33.853 -10.322 5.268
v -33.851 -8.118 5.492
v -32.364 -8.116 5.533
v -32.364 -10.334 5.306
v -30.883 -8.115 5.489
v -30.874 -10.323 5.267
v -32.364 -10.363 5.289
v -33.850 -10.386 5.198
v -33.852 -8.054 5.377
v -33.851 -10.381 5.118
v -33.852 -10.331 5.094
v -33.679 -10.416 5.177
v -33.643 -10.436 5.028
v -33.698 -10.337 5.078
v -33.669 -8.014 5.338
v -33.704 -8.044 5.453
v -33.617 -7.914 5.277
v -33.604 -9.916 4.910
v -33.634 -8.569 5.186
v -33.604 -11.311 3.997
v -33.634 -10.961 4.300
v -33.614 -11.065 4.041
v -33.599 -10.900 4.307
v -33.607 -6.912 4.363
v -33.634 -7.470 4.853
v -33.611 -7.219 4.430
v -32.364 -11.351 4.029
v -33.587 -11.187 3.346
v -33.609 -11.321 3.524
v -33.611 -11.348 3.786
v -33.608 -11.118 3.475
v -30.902 -10.392 5.193
v -32.364 -6.939 4.373
v -33.581 -6.733 4.132
v -33.608 -6.925 3.876
v -33.612 -6.861 4.100
v -30.931 -8.051 5.368
v -30.949 -10.385 5.110
v -30.924 -10.334 5.089
v -31.078 -10.422 5.174
v -31.099 -10.445 5.007
v -31.052 -10.348 5.069
v -31.123 -11.311 3.997
v -32.364 -11.436 3.800
v -32.364 -11.370 3.471
v -32.364 -11.236 3.327
v -33.660 -9.897 2.566
v -33.634 -10.560 3.020
v -33.596 -10.740 3.262
v -31.110 -7.914 5.276
v -31.121 -9.915 4.913
v -31.094 -8.569 5.186
v -31.080 -7.993 5.321
v -31.128 -10.899 4.308
v -31.113 -11.066 4.041
v -31.141 -11.187 3.346
v -31.119 -11.321 3.524
v -31.116 -11.348 3.786
v -31.059 -8.039 5.450
v -31.121 -6.912 4.363
v -32.364 -6.879 3.861
v -32.364 -6.710 4.053
v -32.364 -6.730 4.298
v -33.611 -7.908 2.889
v -33.634 -7.411 3.352
v -31.119 -11.118 3.475
v -31.094 -7.470 4.853
v -31.099 -7.320 4.638
v -31.116 -7.222 4.432
v -31.147 -6.733 4.132
v -31.119 -6.925 3.876
v -31.092 -9.931 2.585
v -31.094 -10.560 3.020
v -31.116 -6.861 4.100
v -31.116 -7.909 2.879
v -31.128 -7.306 3.586
v -31.094 -7.411 3.352
v -33.661 -9.906 2.406
v -33.633 -9.675 2.725
v -33.605 -8.403 2.956
v -33.626 -8.104 2.871
v -33.687 -8.011 2.704
v -33.616 -7.907 2.678
v -33.851 -8.064 2.655
v -33.850 -9.826 2.521
v -32.364 -9.762 2.360
v -33.846 -9.825 2.415
v -32.369 -8.149 2.504
v -33.853 -9.724 2.390
v -32.370 -9.664 2.329
v -31.112 -7.907 2.678
v -30.919 -8.055 2.670
v -31.075 -7.985 2.699
v -31.114 -8.106 2.896
v -31.019 -8.068 2.755
v -30.943 -9.835 2.525
v -31.089 -9.947 2.388
v -30.897 -9.822 2.413
v -31.094 -9.683 2.726
v -31.121 -8.408 2.947
v -30.874 -9.726 2.391
v -33.153 -8.810 2.461
v -33.161 -8.920 2.450
v -33.152 -8.947 2.446
v -33.105 -8.706 2.466
v -32.696 -9.569 2.336
v -32.990 -9.310 2.369
v -33.093 -9.003 2.401
v -32.955 -8.438 2.486
v -32.873 -9.517 2.381
v -32.773 -8.279 2.493
v -32.626 -8.207 2.498
v -32.399 -8.202 2.437
v -32.741 -8.307 2.430
v -32.614 -8.241 2.435
v -32.924 -8.468 2.424
v -33.057 -8.726 2.409
v -31.617 -8.964 2.417
v -31.567 -8.920 2.450
v -31.609 -9.163 2.423
v -31.605 -8.737 2.466
v -32.089 -8.206 2.503
v -31.804 -8.404 2.488
v -31.750 -9.324 2.364
v -31.881 -9.495 2.358
v -32.082 -9.598 2.332
v -32.182 -8.221 2.435
v -32.032 -8.279 2.431
v -31.852 -8.417 2.425
v -31.692 -8.669 2.408
v -31.665 -9.094 2.371
v -31.690 -8.589 2.467
v -32.014 -8.269 2.479
v -31.633 -8.839 2.419
v -33.611 -10.768 3.460
v -33.599 -8.441 5.053
v -33.634 -8.340 5.221
v -33.608 -7.562 4.100
v -33.608 -8.377 4.101
v -33.594 -7.678 4.090
v -33.634 -8.522 4.742
v -33.603 -7.453 4.411
v -33.628 -7.319 4.630
v -33.605 -9.856 4.821
v -33.602 -10.847 4.121
v -33.598 -9.834 3.808
v -33.604 -10.520 3.796
v -33.593 -9.623 4.004
v -33.590 -9.808 3.996
v -33.600 -10.712 3.813
v -33.605 -9.596 3.785
v -33.591 -8.587 4.073
v -33.599 -8.667 5.031
v -33.593 -9.691 4.929
v -33.634 -9.422 2.745
v -33.598 -9.598 2.838
v -33.634 -9.629 3.118
v -33.596 -8.394 3.875
v -33.634 -8.366 3.251
v -33.597 -10.571 3.574
v -33.633 -10.058 2.718
v -33.606 -7.257 3.775
v -33.599 -7.305 3.590
v -33.634 -7.458 3.347
v -33.596 -7.459 3.837
v -32.491 -7.684 4.150
v -32.410 -7.494 4.111
v -32.490 -7.496 3.781
v -32.487 -8.241 3.893
v -32.489 -8.287 3.855
v -32.489 -7.370 3.605
v -32.489 -8.139 3.010
v -32.490 -7.933 3.019
v -33.580 -7.372 4.629
v -33.590 -7.913 5.118
v -32.489 -7.420 4.614
v -32.486 -7.522 4.449
v -33.579 -7.964 5.123
v -32.489 -7.929 5.076
v -32.488 -7.965 5.087
v -32.489 -8.396 5.018
v -32.489 -8.310 4.164
v -33.581 -9.914 2.770
v -32.489 -10.675 3.283
v -32.424 -10.755 3.455
v -32.488 -10.507 3.573
v -32.488 -9.895 2.808
v -32.490 -10.479 3.849
v -32.489 -9.841 3.696
v -32.490 -9.733 2.864
v -33.589 -8.589 3.897
v -33.086 -9.049 3.816
v -32.930 -8.605 3.848
v -33.031 -9.337 3.785
v -32.915 -9.546 3.739
v -32.904 -8.540 3.819
v -33.591 -9.429 2.805
v -32.904 -9.474 2.879
v -32.915 -8.483 2.968
v -32.948 -9.396 2.849
v -33.073 -9.320 4.953
v -32.922 -9.659 4.899
v -33.068 -9.024 4.984
v -32.919 -8.702 4.995
v -32.894 -9.685 4.845
v -32.916 -9.575 4.019
v -32.920 -8.612 4.119
v -33.583 -10.610 4.003
v -32.488 -10.590 4.039
v -32.487 -10.814 4.200
v -32.489 -9.871 4.001
v -33.577 -10.458 4.839
v -32.488 -10.842 4.285
v -32.489 -10.415 4.824
v -32.487 -9.936 4.824
v -32.490 -9.980 4.869
v -33.078 -8.992 4.055
v -33.046 -9.314 4.022
v -33.026 -8.681 2.924
v -33.086 -8.973 2.890
v -32.480 -7.676 3.939
v -32.478 -8.207 3.050
v -32.480 -7.668 4.251
v -32.478 -10.650 3.245
v -33.593 -11.215 3.824
v -32.364 -7.206 4.372
v -32.364 -6.946 4.090
v -32.364 -7.207 3.893
v -31.124 -7.450 4.415
v -31.119 -7.560 4.095
v -31.122 -7.254 3.776
v -31.132 -7.467 3.844
v -32.364 -10.754 3.816
v -32.364 -11.093 3.527
v -32.364 -11.185 3.818
v -32.364 -11.024 3.979
v -31.135 -11.215 3.824
v -31.117 -10.768 3.457
v -31.127 -10.712 3.813
v -31.126 -10.846 4.120
v -31.132 -10.573 3.568
v -31.124 -10.516 3.798
v -31.118 -8.382 4.102
v -31.132 -7.680 4.087
v -31.094 -8.522 4.742
v -31.094 -8.340 5.221
v -31.127 -8.449 5.049
v -31.121 -9.846 4.820
v -31.128 -9.827 3.807
v -31.094 -10.961 4.289
v -31.133 -9.622 3.998
v -31.136 -9.807 4.000
v -31.134 -8.590 4.067
v -31.118 -9.606 3.784
v -31.134 -9.697 4.925
v -31.126 -8.658 5.028
v -31.094 -9.429 2.745
v -31.127 -9.602 2.836
v -31.094 -8.366 3.251
v -31.128 -8.405 3.870
v -31.094 -9.629 3.118
v -31.131 -10.737 3.258
v -31.094 -10.058 2.716
v -31.094 -7.458 3.347
v -32.237 -7.686 4.157
v -32.225 -7.649 4.099
v -32.238 -7.503 3.788
v -32.240 -8.242 3.893
v -32.238 -8.289 3.852
v -32.239 -7.371 3.602
v -32.239 -8.142 3.006
v -32.239 -7.934 3.019
v -31.145 -7.373 4.635
v -31.141 -7.917 5.118
v -32.239 -7.420 4.611
v -32.236 -7.523 4.461
v -31.145 -7.966 5.125
v -32.239 -7.930 5.077
v -32.240 -7.967 5.087
v -32.238 -8.402 5.012
v -32.238 -8.310 4.162
v -31.148 -9.917 2.769
v -32.239 -10.676 3.288
v -32.228 -10.669 3.352
v -32.240 -10.508 3.571
v -32.240 -9.901 2.807
v -32.237 -10.480 3.840
v -32.238 -9.841 3.699
v -32.237 -9.732 2.867
v -31.140 -8.587 3.896
v -31.639 -9.065 3.817
v -31.698 -9.340 3.784
v -31.812 -9.546 3.739
v -31.799 -8.604 3.847
v -31.825 -8.540 3.816
v -31.133 -9.427 2.803
v -31.824 -9.474 2.880
v -31.812 -8.485 2.967
v -31.780 -9.396 2.850
v -31.640 -9.249 4.962
v -31.638 -9.113 4.980
v -31.672 -8.978 4.986
v -31.810 -8.702 4.994
v -31.668 -9.383 4.945
v -31.806 -9.659 4.899
v -31.833 -9.685 4.845
v -31.812 -9.574 4.020
v -31.808 -8.612 4.119
v -31.145 -10.610 4.003
v -32.238 -10.812 4.206
v -32.240 -10.590 4.039
v -32.238 -9.875 3.996
v -31.154 -10.455 4.840
v -32.239 -10.843 4.283
v -32.239 -10.420 4.821
v -32.240 -9.936 4.826
v -32.237 -9.983 4.870
v -31.692 -9.344 4.021
v -31.637 -9.054 4.046
v -31.668 -8.895 4.068
v -31.638 -9.191 4.026
v -31.656 -8.989 3.810
v -31.655 -9.004 2.898
v -31.637 -8.965 2.888
v -31.701 -8.682 2.924
v -32.248 -7.674 3.938
v -32.249 -8.207 3.050
v -32.248 -7.668 4.251
v -32.249 -10.650 3.245
v -30.904 6.654 -6.415
v -30.904 6.509 -6.562
v -30.904 6.400 -6.570
v -30.904 6.228 -6.420
v -30.904 6.299 -6.124
v -30.904 6.587 -6.135
v -31.094 -13.247 2.327
v -31.094 9.109 -10.580
v -31.094 -0.947 3.179
v -31.094 -0.904 5.721
v -31.094 -0.630 3.526
v -31.094 -0.313 3.687
v -31.094 0.273 3.691
v -31.094 -0.079 3.729
v -31.094 -1.078 2.849
v -31.094 -1.091 2.543
v -31.094 3.127 3.393
v -31.094 0.601 3.554
v -31.094 1.036 3.002
v -31.094 0.932 3.216
v -31.094 0.785 3.403
v -31.094 1.091 2.771
v -31.094 1.096 2.533
v -31.094 0.882 1.986
v -31.094 1.049 2.300
v -31.094 0.634 1.733
v -31.094 0.418 1.615
v -31.094 1.817 0.102
v -31.094 1.603 0.258
v -31.094 1.995 -0.095
v -31.094 2.153 -0.381
v -31.094 -2.012 1.244
v -31.094 -2.134 1.400
v -31.094 -2.218 1.678
v -31.094 -0.257 0.222
v -31.094 0.282 0.234
v -31.094 0.000 0.168
v -31.094 -1.905 1.166
v -31.094 -2.275 2.072
v -31.094 0.652 0.383
v -31.094 1.368 0.363
v -31.094 1.100 0.421
v -31.094 0.835 0.421
v -31.094 -0.275 1.567
v -31.094 -0.040 1.533
v -31.094 -2.465 2.480
v -31.094 -1.070 2.376
v -31.094 0.198 1.550
v -31.094 -0.990 2.152
v -31.094 -0.864 1.951
v -31.094 -2.649 2.682
v -31.094 -2.332 2.250
v -31.094 -0.597 1.716
v -31.094 -6.867 2.655
v -31.094 -12.607 2.059
v -31.094 -12.863 2.114
v -31.094 -11.887 2.128
v -31.094 -17.499 4.782
v -31.094 -17.700 4.970
v -31.094 -17.590 4.846
v -31.094 -18.063 5.644
v -31.094 -18.170 5.902
v -31.094 -17.745 6.851
v -31.094 -17.410 7.044
v -31.094 -18.152 6.163
v -31.094 -18.098 6.285
v -31.094 -17.159 7.067
v -31.094 -16.491 7.062
v -31.094 -16.279 7.006
v -31.094 -12.322 4.866
v -31.094 -11.746 4.926
v -31.094 -10.947 5.011
v -31.094 -3.686 2.990
v -31.094 -6.317 5.497
v -31.094 -3.360 2.996
v -31.094 -2.979 2.887
v -31.094 -3.282 4.300
v -31.094 -3.519 4.431
v -31.094 -3.514 4.661
v -31.094 -1.484 5.982
v -31.094 -3.291 4.775
v -31.094 -3.077 4.645
v -31.094 -1.232 5.910
v -31.094 -3.073 4.437
v -31.094 3.317 0.490
v -31.094 3.073 0.799
v -31.094 3.282 0.970
v -31.094 3.508 3.165
v -31.094 3.684 2.971
v -31.094 3.102 0.572
v -31.094 4.878 0.304
v -31.094 3.531 0.782
v -31.094 3.439 0.941
v -31.094 3.504 0.578
v -31.094 5.640 -1.406
v -31.094 3.454 -3.304
v -31.094 3.167 -2.660
v -31.147 7.857 -8.506
v -31.147 8.111 -8.765
v -31.147 7.913 -8.706
v -31.147 8.103 -8.290
v -31.094 8.145 -7.023
v -31.094 8.251 -7.135
v -31.094 7.860 -6.393
v -31.094 8.358 -7.213
v -31.094 10.379 -8.380
v -31.147 8.336 -8.497
v -31.147 8.276 -8.349
v -31.147 7.925 -8.336
v -31.147 8.299 -8.677
v -31.147 11.411 -10.670
v -31.094 11.738 -11.525
v -31.147 11.184 -10.564
v -31.147 11.620 -10.533
v -31.094 12.548 -10.564
v -31.094 12.480 -10.750
v -31.094 12.212 -11.215
v -31.147 11.171 -10.334
v -31.094 12.134 -11.322
v -31.094 11.978 -11.444
v -31.094 12.045 -9.394
v -31.094 12.480 -10.115
v -31.147 11.617 -10.324
v -31.147 11.402 -10.195
v -31.094 12.548 -10.301
v -31.094 11.881 -9.248
v -31.094 10.820 -11.516
v -31.094 10.611 -11.447
v -31.094 5.983 -8.767
v -31.094 5.807 -8.571
v -31.094 6.359 -8.992
v -31.094 5.507 -7.914
v -31.094 7.533 -5.659
v -31.094 -12.993 2.767
v -31.094 6.613 -8.553
v -31.147 9.376 -10.118
v -31.094 -2.354 3.209
v -31.094 1.677 0.882
v -31.094 4.328 -0.649
v -31.094 3.882 -1.421
v -31.094 -9.075 3.930
v -31.094 5.662 -4.578
v -30.904 -15.997 3.915
v -30.904 -13.247 2.327
v -30.904 6.359 -8.992
v -30.904 9.109 -10.580
v -30.904 0.882 1.986
v -30.904 0.634 1.733
v -30.904 3.127 3.393
v -30.904 1.049 2.300
v -30.904 1.036 3.002
v -30.904 1.091 2.771
v -30.904 1.096 2.533
v -30.904 0.932 3.216
v -30.904 -0.904 5.721
v -30.904 -0.079 3.729
v -30.904 0.273 3.691
v -30.904 -0.947 3.179
v -30.904 0.785 3.403
v -30.904 0.601 3.554
v -30.904 -0.313 3.687
v -30.904 -0.630 3.526
v -30.904 -1.078 2.849
v -30.904 -1.091 2.543
v -30.904 0.418 1.615
v -30.904 3.454 -3.304
v -30.904 5.807 -8.571
v -30.904 5.983 -8.767
v -30.904 5.507 -7.914
v -30.904 10.820 -11.516
v -30.904 10.611 -11.447
v -30.904 11.738 -11.525
v -30.904 11.402 -10.195
v -30.904 12.045 -9.394
v -30.904 11.617 -10.324
v -30.904 11.171 -10.334
v -30.904 12.548 -10.301
v -30.904 12.480 -10.115
v -30.904 11.881 -9.248
v -30.904 10.379 -8.380
v -30.904 11.411 -10.670
v -30.904 12.134 -11.322
v -30.904 12.212 -11.215
v -30.904 11.620 -10.533
v -30.904 12.480 -10.750
v -30.904 12.548 -10.564
v -30.904 11.978 -11.444
v -30.904 11.184 -10.564
v -30.904 8.103 -8.290
v -30.904 8.128 -6.980
v -30.904 8.251 -7.135
v -30.904 8.358 -7.213
v -30.904 7.860 -6.393
v -30.904 7.857 -8.506
v -30.904 8.111 -8.765
v -30.904 8.276 -8.349
v -30.904 7.913 -8.706
v -30.904 8.336 -8.497
v -30.904 8.299 -8.677
v -30.904 7.925 -8.336
v -30.904 7.533 -5.659
v -30.904 5.051 -3.024
v -30.904 4.818 -2.604
v -30.904 4.636 -2.843
v -30.904 4.803 -3.061
v -30.904 5.119 -2.782
v -30.904 5.002 -2.612
v -30.904 4.664 -2.790
v -30.904 3.167 -2.660
v -30.904 5.640 -1.406
v -30.904 3.282 0.970
v -30.904 3.684 2.971
v -30.904 3.508 3.165
v -30.904 3.073 0.799
v -30.904 3.439 0.941
v -30.904 3.531 0.782
v -30.904 3.102 0.572
v -30.904 4.878 0.304
v -30.904 3.317 0.490
v -30.904 3.504 0.578
v -30.904 -3.077 4.645
v -30.904 -1.484 5.982
v -30.904 -1.232 5.910
v -30.904 -6.317 5.497
v -30.904 -3.291 4.775
v -30.904 -3.514 4.661
v -30.904 -3.519 4.431
v -30.904 -3.282 4.300
v -30.904 -3.073 4.437
v -30.904 -13.480 4.118
v -30.904 -12.322 4.866
v -30.904 -12.581 4.903
v -30.904 -11.746 4.926
v -30.904 -13.597 4.288
v -30.904 -13.548 3.876
v -30.904 -14.727 6.114
v -30.904 -13.781 4.296
v -30.904 -13.935 4.110
v -30.904 -13.796 3.839
v -30.904 -13.963 4.057
v -30.904 -16.838 6.138
v -30.904 -16.491 7.062
v -30.904 -16.279 7.006
v -30.904 -17.124 6.170
v -30.904 -17.159 7.067
v -30.904 -16.793 5.871
v -30.904 -17.209 5.812
v -30.904 -17.263 5.962
v -30.904 -17.047 5.722
v -30.904 -16.913 5.732
v -30.904 -18.152 6.163
v -30.904 -18.170 5.902
v -30.904 -18.098 6.285
v -30.904 -17.410 7.044
v -30.904 -17.745 6.851
v -30.904 -18.063 5.644
v -30.904 -17.700 4.970
v -30.904 -17.590 4.846
v -30.904 -17.499 4.782
v -30.904 -12.863 2.114
v -30.904 -12.607 2.059
v -30.904 -10.830 3.532
v -30.904 -10.947 5.011
v -30.904 -10.752 3.809
v -30.904 -10.906 3.977
v -30.904 -11.042 3.972
v -30.904 -11.887 2.128
v -30.904 -11.100 3.532
v -30.904 -11.197 3.803
v -30.904 -7.886 2.621
v -30.904 -6.867 2.655
v -30.904 -3.686 2.990
v -30.904 -6.947 4.082
v -30.904 -7.034 3.921
v -30.904 -7.826 5.338
v -30.904 -7.224 4.364
v -30.904 -7.215 3.894
v -30.904 -7.002 4.305
v -30.904 -7.417 4.099
v -30.904 -8.290 5.290
v -30.904 -7.387 4.280
v -30.904 -3.360 2.996
v -30.904 -2.979 2.887
v -30.904 -0.257 0.222
v -30.904 0.000 0.168
v -30.904 0.282 0.234
v -30.904 -2.218 1.678
v -30.904 -2.134 1.400
v -30.904 -1.905 1.166
v -30.904 -2.012 1.244
v -30.904 0.652 0.383
v -30.904 -2.275 2.072
v -30.904 1.100 0.421
v -30.904 -2.332 2.250
v -30.904 -2.649 2.682
v -30.904 -2.465 2.480
v -30.904 -0.597 1.716
v -30.904 1.368 0.363
v -30.904 -0.864 1.951
v -30.904 -0.990 2.152
v -30.904 -0.275 1.567
v -30.904 0.198 1.550
v -30.904 -0.040 1.533
v -30.904 0.835 0.421
v -30.904 -1.070 2.376
v -30.904 2.153 -0.381
v -30.904 1.995 -0.095
v -30.904 1.817 0.102
v -30.904 1.603 0.258
v -30.904 -15.743 4.354
v -30.904 6.613 -8.553
v -30.904 1.677 0.882
v -30.904 -2.354 3.209
v -30.904 5.662 -4.578
v -30.904 9.363 -10.141
v -30.904 3.882 -1.421
v -30.904 4.328 -0.649
v -30.904 -12.993 2.767
v -30.904 -9.075 3.930
v -33.824 6.654 -6.415
v -33.824 6.509 -6.562
v -33.824 6.400 -6.570
v -33.824 6.228 -6.420
v -33.824 6.299 -6.124
v -33.824 6.587 -6.135
v -33.824 -13.247 2.327
v -33.824 9.109 -10.580
v -33.824 -0.947 3.179
v -33.824 -0.904 5.721
v -33.824 -0.630 3.526
v -33.824 -0.313 3.687
v -33.824 0.273 3.691
v -33.824 -0.079 3.729
v -33.824 -1.078 2.849
v -33.824 -1.091 2.543
v -33.824 3.127 3.393
v -33.824 0.601 3.554
v -33.824 1.036 3.002
v -33.824 0.932 3.216
v -33.824 0.785 3.403
v -33.824 1.091 2.771
v -33.824 1.096 2.533
v -33.824 0.882 1.986
v -33.824 1.049 2.300
v -33.824 0.634 1.733
v -33.824 0.418 1.615
v -33.824 1.817 0.102
v -33.824 1.603 0.258
v -33.824 1.995 -0.095
v -33.824 2.153 -0.381
v -33.824 -2.012 1.244
v -33.824 -2.134 1.400
v -33.824 -2.218 1.678
v -33.824 -0.257 0.222
v -33.824 0.282 0.234
v -33.824 0.000 0.168
v -33.824 -1.905 1.166
v -33.824 -2.275 2.072
v -33.824 0.652 0.383
v -33.824 1.368 0.363
v -33.824 1.100 0.421
v -33.824 0.835 0.421
v -33.824 -0.275 1.567
v -33.824 -0.040 1.533
v -33.824 -2.465 2.480
v -33.824 -1.070 2.376
v -33.824 0.198 1.550
v -33.824 -0.990 2.152
v -33.824 -0.864 1.951
v -33.824 -2.649 2.682
v -33.824 -2.332 2.250
v -33.824 -0.597 1.716
v -33.824 -7.886 2.621
v -33.824 -6.867 2.655
v -33.824 -8.024 2.760
v -33.824 -12.607 2.059
v -33.824 -12.863 2.114
v -33.824 -11.887 2.128
v -33.824 -17.499 4.782
v -33.824 -17.700 4.970
v -33.824 -17.590 4.846
v -33.824 -15.997 3.915
v -33.824 -18.063 5.644
v -33.824 -18.170 5.902
v -33.824 -17.745 6.851
v -33.824 -17.410 7.044
v -33.824 -18.152 6.163
v -33.824 -18.098 6.285
v -33.824 -17.159 7.067
v -33.824 -17.209 5.812
v -33.824 -17.047 5.722
v -33.824 -16.838 6.138
v -33.824 -16.491 7.062
v -33.824 -16.913 5.732
v -33.824 -16.793 5.871
v -33.824 -17.263 5.962
v -33.824 -17.124 6.170
v -33.824 -14.727 6.114
v -33.824 -16.279 7.006
v -33.824 -13.480 4.118
v -33.824 -12.581 4.903
v -33.824 -12.322 4.866
v -33.824 -13.548 3.876
v -33.824 -11.746 4.926
v -33.824 -13.796 3.839
v -33.824 -13.935 4.110
v -33.824 -13.963 4.057
v -33.824 -13.781 4.296
v -33.824 -13.597 4.288
v -33.824 -10.830 3.532
v -33.824 -10.947 5.011
v -33.824 -10.752 3.809
v -33.824 -11.100 3.532
v -33.824 -11.197 3.803
v -33.824 -11.042 3.972
v -33.824 -10.906 3.977
v -33.824 -3.686 2.990
v -33.824 -7.034 3.921
v -33.824 -6.947 4.082
v -33.824 -7.417 4.099
v -33.824 -7.002 4.305
v -33.824 -7.215 3.894
v -33.824 -7.826 5.338
v -33.824 -7.224 4.364
v -33.824 -8.290 5.290
v -33.824 -7.387 4.280
v -33.824 -6.317 5.497
v -33.824 -3.360 2.996
v -33.824 -2.979 2.887
v -33.824 -3.282 4.300
v -33.824 -3.519 4.431
v -33.824 -3.514 4.661
v -33.824 -1.484 5.982
v -33.824 -3.291 4.775
v -33.824 -3.077 4.645
v -33.824 -1.232 5.910
v -33.824 -3.073 4.437
v -33.824 3.317 0.490
v -33.824 3.073 0.799
v -33.824 3.282 0.970
v -33.824 3.508 3.165
v -33.824 3.684 2.971
v -33.824 3.102 0.572
v -33.824 4.878 0.304
v -33.824 3.531 0.782
v -33.824 3.439 0.941
v -33.824 3.504 0.578
v -33.824 5.640 -1.406
v -33.824 5.051 -3.024
v -33.824 3.454 -3.304
v -33.824 3.167 -2.660
v -33.824 4.636 -2.843
v -33.824 5.119 -2.782
v -33.824 4.803 -3.061
v -33.824 4.664 -2.790
v -33.824 4.818 -2.604
v -33.824 5.002 -2.612
v -33.824 7.857 -8.506
v -33.824 8.111 -8.765
v -33.824 7.913 -8.706
v -33.824 8.103 -8.290
v -33.824 8.128 -6.980
v -33.824 8.251 -7.135
v -33.824 7.860 -6.393
v -33.824 8.358 -7.213
v -33.824 10.379 -8.380
v -33.824 8.336 -8.497
v -33.824 8.276 -8.349
v -33.824 7.925 -8.336
v -33.824 8.299 -8.677
v -33.824 11.411 -10.670
v -33.824 11.738 -11.525
v -33.824 11.184 -10.564
v -33.824 11.620 -10.533
v -33.824 12.548 -10.564
v -33.824 12.480 -10.750
v -33.824 12.212 -11.215
v -33.824 11.171 -10.334
v -33.824 12.134 -11.322
v -33.824 11.978 -11.444
v -33.824 12.045 -9.394
v -33.824 12.480 -10.115
v -33.824 11.617 -10.324
v -33.824 11.402 -10.195
v -33.824 12.548 -10.301
v -33.824 11.881 -9.248
v -33.824 10.820 -11.516
v -33.824 10.611 -11.447
v -33.824 5.983 -8.767
v -33.824 5.807 -8.571
v -33.824 6.359 -8.992
v -33.824 5.507 -7.914
v -33.824 7.533 -5.659
v -33.824 -15.743 4.354
v -33.824 -12.993 2.767
v -33.824 6.613 -8.553
v -33.824 9.363 -10.141
v -33.824 -2.354 3.209
v -33.824 1.677 0.882
v -33.824 4.328 -0.649
v -33.824 3.882 -1.421
v -33.824 -9.075 3.930
v -33.824 5.662 -4.578
v -33.634 -13.247 2.327
v -33.634 6.359 -8.992
v -33.634 9.109 -10.580
v -33.634 0.882 1.986
v -33.634 0.634 1.733
v -33.634 3.127 3.393
v -33.634 1.049 2.300
v -33.634 1.036 3.002
v -33.634 1.091 2.771
v -33.634 1.096 2.533
v -33.634 0.932 3.216
v -33.634 -0.904 5.721
v -33.634 -0.079 3.729
v -33.634 0.273 3.691
v -33.634 -0.947 3.179
v -33.634 0.785 3.403
v -33.634 0.601 3.554
v -33.634 -0.313 3.687
v -33.634 -0.630 3.526
v -33.634 -1.078 2.849
v -33.634 -1.091 2.543
v -33.634 0.418 1.615
v -33.634 3.454 -3.304
v -33.634 5.807 -8.571
v -33.634 5.983 -8.767
v -33.634 5.507 -7.914
v -33.634 10.820 -11.516
v -33.634 10.611 -11.447
v -33.634 11.738 -11.525
v -33.581 11.402 -10.195
v -33.634 12.045 -9.394
v -33.581 11.617 -10.324
v -33.581 11.171 -10.334
v -33.634 12.548 -10.301
v -33.634 12.480 -10.115
v -33.634 11.881 -9.248
v -33.634 10.379 -8.380
v -33.581 11.411 -10.670
v -33.634 12.134 -11.322
v -33.634 12.212 -11.215
v -33.581 11.620 -10.533
v -33.634 12.480 -10.750
v -33.634 12.548 -10.564
v -33.634 11.978 -11.444
v -33.581 11.184 -10.564
v -33.581 8.103 -8.290
v -33.634 8.145 -7.023
v -33.634 8.251 -7.135
v -33.581 8.322 -7.254
v -33.634 7.860 -6.393
v -33.581 7.857 -8.506
v -33.581 8.111 -8.765
v -33.581 8.276 -8.349
v -33.581 7.913 -8.706
v -33.581 8.336 -8.497
v -33.581 8.299 -8.677
v -33.581 7.925 -8.336
v -33.634 7.533 -5.659
v -33.634 3.167 -2.660
v -33.634 5.640 -1.406
v -33.634 3.282 0.970
v -33.634 3.684 2.971
v -33.634 3.508 3.165
v -33.634 3.073 0.799
v -33.634 3.439 0.941
v -33.634 3.531 0.782
v -33.634 3.102 0.572
v -33.634 4.878 0.304
v -33.634 3.317 0.490
v -33.634 3.504 0.578
v -33.634 -3.077 4.645
v -33.634 -1.484 5.982
v -33.634 -1.232 5.910
v -33.634 -6.317 5.497
v -33.634 -3.291 4.775
v -33.634 -3.514 4.661
v -33.634 -3.519 4.431
v -33.634 -3.282 4.300
v -33.634 -3.073 4.437
v -33.634 -12.322 4.866
v -33.634 -12.581 4.903
v -33.634 -11.746 4.926
v -33.634 -16.491 7.062
v -33.634 -16.279 7.006
v -33.634 -17.159 7.067
v -33.634 -18.152 6.163
v -33.634 -18.170 5.902
v -33.634 -18.098 6.285
v -33.634 -17.410 7.044
v -33.634 -17.745 6.851
v -33.634 -18.063 5.644
v -33.634 -17.700 4.970
v -33.634 -17.590 4.846
v -33.634 -17.499 4.782
v -33.634 -12.863 2.114
v -33.634 -12.607 2.059
v -33.634 -10.947 5.011
v -33.634 -11.887 2.128
v -33.634 -6.867 2.655
v -33.634 -3.686 2.990
v -33.634 -3.360 2.996
v -33.634 -2.979 2.887
v -33.634 -0.257 0.222
v -33.634 0.000 0.168
v -33.634 0.282 0.234
v -33.634 -2.218 1.678
v -33.634 -2.134 1.400
v -33.634 -1.905 1.166
v -33.634 -2.012 1.244
v -33.634 0.652 0.383
v -33.634 -2.275 2.072
v -33.634 1.100 0.421
v -33.634 -2.332 2.250
v -33.634 -2.649 2.682
v -33.634 -2.465 2.480
v -33.634 -0.597 1.716
v -33.634 1.368 0.363
v -33.634 -0.864 1.951
v -33.634 -0.990 2.152
v -33.634 -0.275 1.567
v -33.634 0.198 1.550
v -33.634 -0.040 1.533
v -33.634 0.835 0.421
v -33.634 -1.070 2.376
v -33.634 2.153 -0.381
v -33.634 1.995 -0.095
v -33.634 1.817 0.102
v -33.634 1.603 0.258
v -33.634 6.613 -8.553
v -33.634 1.677 0.882
v -33.634 -2.354 3.209
v -33.634 5.662 -4.578
v -33.581 9.376 -10.118
v -33.634 3.882 -1.421
v -33.634 4.328 -0.649
v -33.634 -12.993 2.767
v -33.634 -9.075 3.930
v -18.738 34.739 11.893
v -18.925 34.779 11.880
v -18.991 33.475 12.712
v -18.739 33.368 12.684
v -18.928 34.599 11.631
v -19.180 34.609 11.715
v -19.135 34.758 11.710
v -18.864 34.738 11.666
v -19.091 34.748 11.795
v -18.912 33.320 12.205
v -19.311 33.267 12.135
v -18.906 33.322 12.469
v -19.198 33.336 12.482
v -18.932 33.380 12.728
v -19.125 34.643 11.794
v -39.293 36.854 15.457
v -39.563 36.805 15.428
v -39.529 35.416 16.169
v -39.342 35.461 16.350
v -39.133 36.704 15.255
v -39.341 36.683 15.222
v -39.281 36.821 15.256
v -39.490 36.811 15.292
v -38.933 35.430 15.818
v -39.391 35.442 15.844
v -39.281 35.447 16.066
v -39.369 35.222 15.992
v -39.056 35.393 16.015
v -39.314 35.202 15.741
v -39.515 36.731 15.385
v -39.263 35.569 15.993
v -5.727 25.503 -4.214
v -5.723 25.598 -3.976
v -5.698 24.238 -3.191
v -5.690 24.092 -3.400
v -5.942 25.505 -4.215
v -5.946 25.603 -3.979
v -5.932 25.703 -4.036
v -5.737 25.701 -4.035
v -6.404 24.331 -3.397
v -6.031 24.107 -3.456
v -6.028 24.291 -3.180
v -6.279 24.317 -3.164
v -6.280 24.110 -3.502
v -5.921 24.347 -3.402
v -5.723 24.178 -3.450
v -59.035 28.839 1.684
v -59.081 27.401 2.389
v -59.041 27.570 2.585
v -58.797 28.849 1.645
v -58.844 29.000 1.759
v -58.818 28.915 1.514
v -59.012 28.900 1.523
v -59.018 29.003 1.757
v -58.517 27.658 2.608
v -58.456 27.551 2.222
v -58.750 27.613 2.571
v -58.705 27.402 2.341
v -58.527 27.429 2.264
v -58.991 27.496 2.333
v -58.776 27.607 2.296
v -54.081 19.609 -14.258
v -53.827 19.609 -14.258
v -53.827 18.295 -13.495
v -54.081 18.295 -13.495
v -54.081 19.814 -13.998
v -53.827 19.814 -13.998
v -53.827 19.774 -14.193
v -54.081 19.774 -14.193
v -54.027 18.671 -12.942
v -53.756 18.632 -13.031
v -54.043 18.368 -13.337
v -53.828 18.347 -13.352
v -53.827 18.430 -13.126
v -54.081 18.430 -13.126
v -53.752 18.625 -13.267
v -54.019 18.572 -13.346
v -6.708 35.404 -0.396
v -6.716 35.290 -0.234
v -6.691 35.116 -0.420
v -6.790 35.122 -0.410
v -6.793 35.400 -0.432
v -7.935 35.593 -0.218
v -7.935 35.373 -0.091
v -7.418 36.069 1.116
v -7.899 36.323 1.432
v -7.904 36.500 1.361
v -7.080 35.835 0.710
v -7.457 36.346 1.087
v -6.843 35.682 0.191
v -7.080 36.055 0.583
v -8.086 35.379 -0.080
v -8.146 35.643 -0.131
v -8.210 35.473 0.082
v -8.314 35.512 0.150
v -8.353 35.681 0.190
v -8.306 35.709 -0.017
v -8.361 35.665 0.415
v -8.347 35.873 0.267
v -8.095 36.437 1.244
v -8.043 36.256 1.469
v -8.089 36.603 1.405
v -8.405 35.921 0.351
v -6.698 35.386 -0.701
v -6.767 35.392 -0.725
v -7.967 35.544 -0.302
v -8.091 35.572 -0.253
v -7.140 36.196 0.827
v -6.685 35.703 -0.028
v -6.867 35.960 0.418
v -6.685 35.483 0.099
v -7.920 36.353 1.608
v -8.109 36.271 1.643
v -6.867 35.740 0.545
v -7.140 35.976 0.954
v -7.495 36.183 1.312
v -8.292 35.443 0.030
v -57.947 48.067 -7.910
v -57.974 47.983 -7.660
v -57.964 47.764 -7.690
v -57.964 47.681 -7.886
v -57.719 48.031 -7.883
v -57.719 47.811 -7.757
v -56.651 48.010 -7.413
v -56.657 48.210 -7.575
v -57.265 48.905 -6.370
v -56.852 49.107 -6.020
v -56.852 48.995 -5.900
v -57.588 48.666 -6.785
v -57.265 48.685 -6.243
v -57.884 48.353 -7.327
v -57.588 48.446 -6.658
v -57.808 48.178 -7.121
v -56.498 48.239 -7.523
v -56.364 48.320 -7.299
v -56.404 48.077 -7.296
v -56.316 48.526 -7.026
v -56.324 48.282 -6.942
v -56.599 48.843 -5.969
v -56.730 49.149 -5.991
v -56.722 48.912 -5.795
v -56.541 48.939 -5.804
v -56.243 48.232 -7.028
v -56.668 47.949 -7.517
v -56.546 47.979 -7.466
v -57.196 48.910 -6.108
v -57.537 48.587 -6.413
v -57.960 48.087 -7.280
v -57.795 48.346 -6.830
v -56.673 49.242 -5.897
v -56.443 49.226 -5.761
v -57.795 48.567 -6.957
v -57.537 48.807 -6.540
v -56.237 48.486 -7.097
v -56.248 48.418 -7.214
v -32.607 36.507 17.954
v -32.581 36.430 17.885
v -32.402 36.400 17.782
v -32.191 36.416 17.834
v -32.125 36.504 17.944
v -32.173 36.595 18.126
v -32.402 36.635 18.189
v -32.581 36.583 18.099
v -12.318 18.399 -13.407
v -16.287 18.399 -13.407
v -18.622 18.376 -13.352
v -22.350 18.399 -13.407
v -26.105 18.399 -13.407
v -36.412 18.398 -13.398
v -38.623 18.399 -13.407
v -42.378 18.399 -13.407
v -48.441 18.399 -13.407
v -52.409 18.399 -13.407
v -54.951 18.398 -13.398
v -38.314 18.650 -13.256
v -38.319 18.650 -13.061
v -37.889 18.625 -13.049
v -38.142 18.659 -12.972
v -37.860 18.638 -13.263
v -38.109 18.575 -13.365
v -46.195 18.646 -13.011
v -45.847 18.650 -13.004
v -46.166 18.611 -13.314
v -45.896 18.600 -13.334
v -54.199 18.649 -13.073
v -54.197 18.660 -13.249
v -5.787 28.059 3.283
v -5.796 25.886 -0.440
v -6.300 27.647 2.583
v -6.232 27.427 2.246
v -6.377 27.613 2.290
v -6.015 27.620 2.573
v -5.935 27.650 2.324
v -6.058 27.416 2.321
v -58.964 25.889 -0.441
v -58.969 28.057 3.280
v -58.317 27.620 2.499
v -58.306 27.650 2.328
v -8.152 28.479 4.014
v -8.082 28.399 3.854
v -7.374 28.745 4.465
v -8.323 28.636 4.296
v -8.370 28.554 4.126
v -8.113 28.870 4.685
v -7.807 28.908 4.748
v -7.519 28.851 4.649
v -7.442 28.530 4.093
v -7.785 28.409 3.876
v -8.373 28.726 4.421
v -8.241 28.786 4.543
v -57.319 28.507 4.050
v -56.987 28.413 3.883
v -57.360 28.736 4.439
v -56.400 28.724 4.427
v -57.384 28.636 4.296
v -57.229 28.842 4.637
v -56.973 28.905 4.743
v -56.409 28.850 4.639
v -56.395 28.549 4.120
v -56.603 28.465 3.996
v -56.659 28.886 4.710
v -56.690 28.411 3.875
v -18.901 18.651 -13.027
v -18.884 18.613 -13.296
v -18.603 18.596 -13.337
v -18.548 18.653 -12.997
v -34.069 18.388 -13.433
v -33.951 18.405 -13.377
v -55.224 18.381 -13.429
v -55.850 18.411 -13.417
v -55.954 18.424 -13.388
v -57.361 18.721 -12.890
v -57.880 18.935 -12.517
v -56.634 18.580 -13.213
v -56.450 18.587 -13.283
v -58.287 19.174 -12.111
v -58.683 19.544 -11.448
v -58.500 24.324 -3.158
v -58.995 20.275 -10.215
v -58.760 20.798 -9.192
v -58.693 20.784 -9.288
v -58.509 20.998 -8.901
v -58.813 24.349 -3.404
v -58.738 24.278 -3.184
v -58.801 21.035 -9.125
v -58.689 20.973 -8.918
v -58.488 24.106 -3.495
v -58.305 21.025 -9.120
v -58.330 24.280 -3.229
v -58.305 24.338 -3.399
v -58.493 20.773 -9.305
v -58.761 19.777 -11.216
v -58.898 19.894 -10.845
v -58.325 20.831 -9.185
v -58.539 24.284 -3.382
v -58.557 24.110 -3.556
v -58.737 24.111 -3.453
v -58.509 20.793 -9.205
v -58.477 21.060 -9.017
v -58.991 28.208 3.536
v -58.905 28.554 4.151
v -58.122 29.451 5.425
v -58.086 29.424 5.643
v -58.658 28.911 4.810
v -57.827 29.518 5.862
v -57.203 29.826 6.147
v -56.179 30.020 6.496
v -56.301 30.061 6.851
v -56.094 30.030 6.768
v -56.078 29.819 6.396
v -55.990 29.826 6.345
v -54.867 30.608 7.366
v -55.854 30.014 6.739
v -55.707 30.035 6.498
v -55.832 29.815 6.389
v -55.907 29.826 6.345
v -54.143 30.764 7.969
v -52.409 31.309 8.947
v -51.003 31.558 9.160
v -51.010 31.797 9.490
v -51.052 31.575 9.454
v -48.991 32.419 10.835
v -50.725 31.835 9.521
v -50.705 31.592 9.480
v -50.717 31.564 9.147
v -48.420 32.661 10.919
v -45.574 33.336 12.487
v -45.842 33.317 12.466
v -43.133 34.272 14.079
v -45.385 33.317 12.427
v -45.346 33.332 12.193
v -45.830 33.331 12.198
v -45.593 33.124 12.095
v -45.668 33.259 12.266
v -42.378 34.513 14.497
v -38.623 35.713 16.575
v -39.208 35.188 15.632
v -38.995 35.204 15.710
v -39.099 35.190 15.635
v -37.983 35.904 16.922
v -34.394 37.104 18.934
v -33.681 37.235 19.211
v -36.412 36.406 17.792
v -33.066 37.318 19.371
v -32.661 37.202 19.058
v -32.364 37.401 19.447
v -32.402 37.280 19.297
v -32.134 37.173 19.103
v -31.661 37.318 19.371
v -31.997 37.158 18.718
v -32.440 37.064 18.881
v -32.539 37.267 19.233
v -32.402 37.029 18.881
v -31.173 37.268 19.235
v -32.227 37.260 19.271
v -30.863 37.271 19.090
v -30.375 37.155 18.829
v -26.745 35.904 16.922
v -26.105 35.713 16.575
v -25.716 35.431 16.007
v -25.496 35.429 16.064
v -22.350 34.513 14.497
v -25.547 35.188 15.632
v -25.800 35.428 15.816
v -25.309 35.424 15.799
v -25.434 35.195 15.733
v -25.655 35.194 15.642
v -25.735 35.205 15.707
v -19.369 33.297 12.397
v -21.595 34.272 14.079
v -18.670 33.325 12.455
v -19.393 33.347 12.215
v -19.181 33.124 12.097
v -18.998 33.131 12.130
v -16.307 32.661 10.919
v -14.071 31.595 9.448
v -15.764 32.419 10.835
v -14.042 31.568 9.167
v -14.041 31.815 9.491
v -13.811 31.835 9.541
v -13.787 31.547 9.131
v -13.632 31.597 9.217
v -12.318 31.309 8.947
v -13.623 31.575 9.436
v -9.022 30.037 6.495
v -8.941 30.012 6.717
v -10.557 30.764 7.969
v -8.439 30.053 6.832
v -8.715 30.027 6.770
v -8.922 29.825 6.400
v -8.523 30.045 6.499
v -8.617 29.957 6.499
v -8.681 29.811 6.387
v -8.779 29.826 6.345
v -6.900 29.518 5.862
v -7.525 29.826 6.147
v -6.641 29.424 5.643
v -6.069 28.911 4.810
v -5.792 28.509 4.062
v -6.379 29.270 5.347
v -5.736 28.208 3.536
v -5.733 20.275 -10.215
v -6.342 20.820 -9.199
v -6.253 20.774 -9.303
v -6.253 21.002 -8.901
v -6.375 21.046 -9.077
v -5.836 19.892 -10.831
v -5.938 21.035 -9.121
v -5.967 19.777 -11.216
v -6.064 20.976 -8.913
v -6.007 20.792 -9.190
v -6.184 24.110 -3.557
v -6.053 20.779 -9.295
v -6.423 19.189 -12.093
v -6.848 18.935 -12.517
v -6.044 19.544 -11.448
v -7.449 18.696 -12.920
v -8.157 18.675 -13.228
v -11.014 18.650 -13.061
v -11.009 18.650 -13.256
v -10.570 18.627 -13.042
v -8.779 18.421 -13.380
v -10.820 18.571 -13.350
v -10.822 18.673 -12.938
v -8.353 18.481 -13.322
v -10.568 18.628 -13.263
v -9.504 18.381 -13.429
v -30.692 18.386 -13.427
v -30.798 18.412 -13.361
v -30.222 18.650 -13.061
v -30.946 18.642 -12.995
v -30.359 18.635 -13.354
v -29.756 18.646 -13.029
v -26.735 18.657 -12.974
v -26.894 18.662 -13.244
v -26.894 18.649 -13.073
v -29.997 18.582 -13.377
v -30.825 18.467 -13.330
v -29.991 18.641 -13.006
v -26.712 18.577 -13.359
v -29.758 18.646 -13.265
v -26.467 18.628 -13.040
v -31.106 18.622 -13.055
v -26.439 18.634 -13.272
v -33.657 18.619 -13.060
v -33.849 18.664 -12.938
v -34.557 18.631 -13.042
v -34.776 18.586 -13.381
v -34.989 18.631 -13.064
v -34.992 18.671 -13.241
v -34.831 18.658 -12.974
v -33.902 18.467 -13.330
v -34.474 18.621 -13.332
v -12.318 19.730 -11.092
v -22.350 19.730 -11.092
v -38.623 19.730 -11.092
v -36.412 19.730 -11.092
v -48.441 19.730 -11.092
v -42.378 19.730 -11.092
v -54.951 19.730 -11.092
v -52.409 19.730 -11.092
v -6.892 25.889 -0.441
v -6.889 19.909 -11.128
v -8.417 19.730 -11.092
v -8.417 25.882 -0.437
v -12.318 25.882 -0.437
v -16.287 19.730 -11.092
v -16.287 25.882 -0.437
v -18.670 19.730 -11.092
v -18.670 25.882 -0.437
v -22.350 25.882 -0.437
v -26.105 19.730 -11.092
v -26.105 25.882 -0.437
v -31.173 19.730 -11.092
v -31.173 25.882 -0.437
v -33.554 19.730 -11.092
v -33.554 25.882 -0.437
v -36.412 25.882 -0.437
v -38.623 25.882 -0.437
v -42.378 25.882 -0.437
v -48.441 25.882 -0.437
v -52.409 25.882 -0.437
v -54.951 25.882 -0.437
v -56.311 19.730 -11.092
v -56.311 25.882 -0.437
v -57.854 19.907 -11.132
v -6.893 28.057 3.280
v -8.417 28.061 3.288
v -12.318 28.061 3.288
v -16.287 28.061 3.288
v -18.670 28.061 3.288
v -22.350 28.061 3.288
v -26.105 28.061 3.288
v -31.173 28.061 3.288
v -33.554 28.061 3.288
v -36.412 28.061 3.288
v -38.623 28.061 3.288
v -42.378 28.061 3.288
v -48.441 28.061 3.288
v -52.409 28.061 3.288
v -54.951 28.061 3.288
v -56.311 28.061 3.288
v -57.835 25.889 -0.441
v -57.835 28.057 3.280
v -6.891 29.341 5.555
v -8.394 29.366 5.573
v -12.318 29.341 5.555
v -16.287 29.341 5.555
v -18.670 29.341 5.555
v -22.350 29.341 5.555
v -26.105 29.341 5.555
v -31.173 29.341 5.555
v -33.554 29.341 5.555
v -36.412 29.341 5.555
v -38.623 29.341 5.555
v -42.378 29.341 5.555
v -48.441 29.341 5.555
v -52.409 29.341 5.555
v -54.951 29.341 5.555
v -57.837 29.341 5.555
v -56.334 29.366 5.573
v -12.366 30.966 7.986
v -16.287 30.764 7.969
v -18.670 30.764 7.969
v -22.350 30.764 7.969
v -26.105 30.764 7.969
v -31.173 30.764 7.969
v -33.554 30.764 7.969
v -36.412 30.764 7.969
v -38.623 30.764 7.969
v -42.378 30.764 7.969
v -48.441 30.764 7.969
v -16.287 32.419 10.835
v -18.670 32.419 10.835
v -22.350 32.419 10.835
v -26.105 32.419 10.835
v -31.173 32.419 10.835
v -33.554 32.419 10.835
v -36.412 32.419 10.835
v -38.623 32.419 10.835
v -42.378 32.419 10.835
v -22.350 34.272 14.079
v -26.105 34.265 14.083
v -31.173 34.265 14.083
v -33.554 34.265 14.083
v -36.412 34.265 14.083
v -38.623 34.265 14.083
v -31.173 35.904 16.922
v -33.554 35.904 16.922
v -52.507 30.981 8.007
v -48.441 32.419 10.835
v -42.378 34.272 14.079
v -36.412 35.904 16.922
v -7.706 28.390 3.958
v -7.362 28.593 4.311
v -56.424 28.593 4.311
v -57.071 28.398 3.972
v -5.809 28.018 3.313
v -58.954 28.018 3.313
v -38.146 18.364 -13.368
v -45.906 18.363 -13.340
v -46.125 18.359 -13.355
v -18.826 18.355 -13.347
v -34.828 18.357 -13.376
v -34.610 18.333 -13.404
v -26.738 18.357 -13.376
v -29.979 18.347 -13.388
v -26.523 18.333 -13.404
v -10.847 18.374 -13.332
v -8.417 18.449 -13.259
v -5.774 20.224 -10.185
v -6.342 29.233 5.314
v -10.585 30.720 7.994
v -15.764 32.375 10.860
v -13.777 31.578 9.495
v -16.287 32.458 11.005
v -25.327 35.234 15.779
v -25.219 35.405 16.139
v -30.356 37.036 18.933
v -31.292 37.318 19.314
v -33.554 37.224 19.260
v -32.221 37.026 18.916
v -34.372 37.036 18.933
v -45.774 33.130 12.168
v -45.404 33.130 12.169
v -48.441 32.458 11.005
v -48.963 32.375 10.860
v -54.143 30.720 7.994
v -58.300 29.217 5.390
v -58.954 20.224 -10.185
v -58.326 24.139 -3.404
v -56.311 18.449 -13.259
v -26.105 32.375 10.860
v -31.173 32.375 10.860
v -33.554 32.375 10.860
v -36.412 32.375 10.860
v -38.623 32.375 10.860
v -42.378 32.375 10.860
v -18.670 32.375 10.860
v -18.670 30.720 7.994
v -22.350 32.375 10.860
v -22.350 30.720 7.994
v -26.105 30.720 7.994
v -31.173 30.720 7.994
v -33.554 30.720 7.994
v -36.412 30.720 7.994
v -38.623 30.720 7.994
v -42.378 30.720 7.994
v -48.441 30.720 7.994
v -12.318 30.720 7.994
v -16.287 30.720 7.994
v -52.409 30.720 7.994
v -6.891 28.018 3.313
v -8.417 28.018 3.313
v -12.318 28.018 3.313
v -16.287 28.018 3.313
v -18.670 28.018 3.313
v -22.350 28.018 3.313
v -26.105 28.018 3.313
v -31.173 28.018 3.313
v -33.554 28.018 3.313
v -36.412 28.018 3.313
v -38.623 28.018 3.313
v -42.378 28.018 3.313
v -48.441 28.018 3.313
v -52.409 28.018 3.313
v -54.951 28.018 3.313
v -56.311 28.018 3.313
v -57.837 28.018 3.313
v -29.983 19.616 -14.246
v -29.998 18.347 -13.554
v -29.982 19.820 -14.000
v -29.983 19.780 -14.191
v -29.983 18.422 -13.108
v -46.143 19.609 -14.258
v -45.889 19.609 -14.258
v -45.889 18.295 -13.495
v -46.137 18.302 -13.493
v -46.143 19.814 -13.998
v -45.889 19.814 -13.998
v -45.889 19.774 -14.193
v -46.143 19.774 -14.193
v -45.889 18.430 -13.126
v -46.143 18.430 -13.126
v -6.714 47.991 -7.651
v -6.716 48.158 -7.663
v -6.792 47.941 -7.666
v -6.794 48.088 -7.865
v -6.778 47.768 -7.672
v -7.935 48.241 -7.521
v -7.935 48.021 -7.394
v -7.418 48.718 -6.187
v -7.900 48.958 -5.851
v -7.902 49.114 -5.963
v -7.080 48.594 -6.655
v -7.418 48.938 -6.314
v -6.843 48.220 -7.048
v -6.843 48.440 -7.175
v -8.135 48.057 -7.331
v -8.075 48.235 -7.532
v -8.171 48.320 -7.384
v -8.342 48.235 -7.023
v -8.325 48.390 -7.262
v -8.355 48.344 -6.834
v -8.361 48.533 -7.014
v -8.033 49.172 -5.985
v -8.051 48.914 -5.750
v -8.110 49.275 -5.870
v -7.906 49.149 -5.923
v -6.682 48.077 -7.896
v -7.495 49.051 -6.118
v -7.140 48.844 -6.476
v -6.685 48.351 -7.330
v -6.867 48.608 -6.885
v -7.967 47.973 -7.477
v -6.767 47.659 -7.889
v -6.703 47.688 -7.870
v -6.686 47.755 -7.689
v -6.685 48.131 -7.203
v -6.867 48.388 -6.758
v -7.140 48.624 -6.349
v -7.495 48.831 -5.991
v -8.326 48.120 -7.221
v -38.196 19.617 -14.234
v -37.942 19.616 -14.246
v -37.900 18.361 -13.624
v -38.144 18.364 -13.578
v -38.196 19.820 -14.000
v -37.942 19.820 -14.000
v -37.942 19.780 -14.191
v -38.196 19.774 -14.188
v -38.196 18.422 -13.108
v -37.942 18.422 -13.108
v -37.942 18.319 -13.421
v -10.901 19.609 -14.258
v -10.647 19.609 -14.258
v -10.647 18.295 -13.495
v -10.901 18.295 -13.495
v -10.901 19.814 -13.998
v -10.647 19.814 -13.998
v -10.647 19.774 -14.193
v -10.901 19.774 -14.193
v -10.647 18.335 -13.362
v -10.647 18.430 -13.126
v -10.901 18.430 -13.126
v -57.973 41.693 -4.034
v -57.952 41.732 -4.306
v -57.957 41.430 -4.059
v -57.719 41.707 -4.233
v -57.719 41.487 -4.105
v -56.651 41.686 -3.762
v -56.651 41.906 -3.889
v -57.265 42.581 -2.719
v -56.852 42.783 -2.369
v -56.852 42.671 -2.248
v -57.588 42.341 -3.134
v -57.265 42.361 -2.592
v -57.884 42.028 -3.676
v -57.588 42.121 -3.007
v -57.808 41.854 -3.469
v -56.393 41.999 -3.727
v -56.456 41.722 -3.698
v -56.345 41.975 -3.429
v -56.334 41.818 -3.532
v -56.316 42.202 -3.375
v -56.304 42.003 -3.212
v -56.742 42.604 -2.179
v -56.599 42.739 -2.445
v -56.676 42.776 -2.380
v -56.699 42.894 -2.277
v -56.541 42.615 -2.153
v -57.975 41.357 -4.297
v -56.243 41.908 -3.377
v -56.668 41.735 -3.930
v -57.196 42.585 -2.458
v -57.537 42.263 -2.762
v -57.960 41.762 -3.629
v -57.795 42.022 -3.178
v -56.492 41.896 -3.905
v -56.464 42.937 -2.147
v -57.795 42.242 -3.305
v -57.537 42.483 -2.889
v -56.237 42.162 -3.445
v -56.248 42.094 -3.563
v -59.035 25.583 -3.967
v -59.027 25.493 -4.209
v -59.054 24.086 -3.396
v -59.041 24.236 -3.190
v -58.815 25.611 -3.983
v -58.815 25.511 -4.219
v -58.818 25.708 -4.040
v -59.012 25.693 -4.031
v -59.004 24.178 -3.450
v -5.712 28.839 1.662
v -5.698 27.572 2.583
v -5.647 27.401 2.389
v -5.955 28.850 1.662
v -5.921 29.003 1.757
v -5.932 28.910 1.517
v -5.749 28.999 1.759
v -5.737 28.907 1.519
v -5.748 27.489 2.338
v -8.409 31.422 6.110
v -8.669 31.482 6.150
v -8.588 30.156 7.062
v -8.664 31.289 5.908
v -8.716 31.437 5.956
v -8.486 31.433 5.964
v -8.613 29.848 6.650
v -8.606 30.094 7.065
v -8.385 30.037 6.954
v -8.671 30.200 6.703
v -8.766 31.333 6.062
v -8.542 31.312 5.933
v -45.902 34.754 11.872
v -45.902 33.365 12.722
v -45.779 33.458 12.797
v -45.548 34.609 11.715
v -45.800 34.599 11.631
v -45.593 34.758 11.710
v -45.863 34.738 11.666
v -45.678 34.779 11.851
v -45.710 33.404 12.703
v -45.720 33.482 12.677
v -45.602 34.643 11.794
v -6.386 53.957 -12.664
v -6.234 54.007 -12.526
v -5.936 54.091 -12.354
v -5.943 53.946 -12.671
v -5.912 53.833 -12.826
v -6.023 53.772 -12.935
v -6.298 53.768 -12.943
v -6.426 53.830 -12.827
v -6.454 53.879 -12.728
v -6.451 53.838 -12.799
v -6.300 53.910 -12.992
v -5.997 53.924 -12.967
v -34.520 44.588 -29.138
v -34.552 44.615 -28.840
v -34.570 44.417 -29.145
v -34.845 44.660 -28.793
v -34.948 44.563 -29.182
v -34.810 44.403 -29.198
v -34.986 44.600 -29.118
v -34.980 44.592 -28.879
v -5.786 52.340 -15.713
v -5.786 49.006 -21.487
v -6.323 50.649 -18.372
v -6.316 50.452 -18.695
v -6.369 50.613 -18.703
v -5.962 50.478 -18.642
v -5.960 50.624 -18.684
v -5.963 50.619 -18.412
v -58.984 49.006 -21.487
v -58.756 50.613 -18.703
v -58.984 52.340 -15.713
v -58.783 50.610 -18.428
v -58.491 50.429 -18.742
v -58.311 50.659 -18.623
v -58.395 50.577 -18.765
v -58.486 50.679 -18.323
v -58.308 50.594 -18.449
v -5.786 54.488 -11.990
v -58.984 54.488 -11.990
v -58.802 53.920 -12.697
v -58.734 53.923 -12.970
v -58.469 53.896 -13.017
v -58.304 53.918 -12.703
v -58.317 53.966 -12.896
v -58.411 54.022 -12.595
v -55.817 44.823 -28.678
v -55.585 44.755 -28.546
v -56.381 44.901 -28.580
v -56.952 45.001 -28.324
v -57.260 45.111 -28.207
v -57.443 45.168 -28.114
v -59.000 46.696 -25.469
v -58.788 47.326 -24.396
v -58.517 47.217 -24.586
v -58.815 46.112 -26.479
v -58.942 46.409 -25.983
v -58.278 45.586 -27.391
v -58.587 45.841 -26.954
v -58.676 47.227 -24.568
v -58.743 47.311 -24.149
v -58.486 47.346 -24.098
v -58.312 47.324 -24.354
v -58.068 45.483 -27.588
v -58.354 47.262 -24.508
v -58.486 47.091 -24.513
v -58.395 55.659 -9.952
v -58.645 55.425 -10.368
v -58.935 54.953 -11.161
v -58.846 55.166 -10.797
v -59.000 54.633 -11.721
v -6.648 55.861 -9.598
v -7.003 56.044 -9.283
v -7.108 56.087 -9.221
v -5.882 55.166 -10.797
v -5.776 54.921 -11.220
v -6.340 55.662 -9.941
v -6.066 55.413 -10.367
v -5.728 54.633 -11.721
v -5.728 46.696 -25.469
v -5.814 46.321 -26.112
v -6.401 47.326 -24.396
v -6.236 47.219 -24.581
v -5.913 46.112 -26.479
v -6.660 45.483 -27.588
v -6.301 47.327 -24.123
v -6.153 45.850 -26.952
v -5.931 47.315 -24.376
v -6.456 45.595 -27.390
v -6.006 47.319 -24.137
v -6.076 47.221 -24.578
v -5.946 47.164 -24.381
v -7.236 45.195 -28.073
v -7.467 45.111 -28.207
v -7.776 45.001 -28.324
v -8.347 44.901 -28.580
v -9.027 44.789 -28.612
v -9.504 44.772 -28.641
v -12.422 44.743 -28.548
v -16.287 44.831 -28.717
v -18.648 44.782 -28.513
v -22.350 44.831 -28.717
v -22.616 44.755 -28.540
v -22.839 44.759 -28.515
v -22.821 44.791 -28.767
v -29.758 44.588 -29.138
v -29.776 44.612 -28.851
v -26.882 44.598 -28.881
v -26.877 44.587 -29.140
v -30.014 44.668 -28.781
v -30.000 44.399 -29.205
v -29.728 44.339 -29.244
v -26.700 44.117 -29.954
v -26.704 44.403 -29.198
v -26.726 44.656 -28.786
v -26.105 44.224 -29.770
v -26.424 44.588 -29.138
v -26.448 44.613 -28.846
v -30.211 44.587 -29.140
v -30.305 44.609 -28.810
v -26.467 44.419 -29.141
v -30.509 43.417 -31.142
v -34.270 43.405 -31.011
v -36.412 43.829 -30.454
v -38.120 44.664 -28.783
v -38.300 44.601 -28.860
v -38.307 44.587 -29.140
v -38.623 44.224 -29.770
v -37.872 44.612 -28.851
v -37.854 44.588 -29.138
v -38.027 44.117 -29.954
v -38.102 44.400 -29.203
v -37.882 44.427 -29.131
v -42.014 44.759 -28.528
v -41.906 44.791 -28.767
v -42.171 44.745 -28.559
v -45.547 44.831 -28.717
v -48.441 44.831 -28.717
v -52.409 44.831 -28.717
v -54.809 44.753 -28.520
v -55.224 44.772 -28.641
v -56.256 55.037 -11.039
v -56.420 55.265 -10.626
v -56.389 55.124 -10.873
v -56.237 55.119 -10.875
v -57.833 54.488 -11.990
v -57.833 52.340 -15.713
v -57.833 49.006 -21.487
v -56.944 45.607 -27.185
v -57.666 45.282 -27.936
v -57.894 45.361 -27.781
v -57.226 45.873 -26.891
v -56.498 45.567 -27.425
v -57.776 46.466 -25.863
v -57.655 46.246 -26.245
v -57.477 46.052 -26.600
v -57.817 46.696 -25.469
v -55.705 45.266 -27.729
v -55.224 45.260 -27.758
v -56.111 45.477 -27.580
v -52.409 45.399 -27.733
v -48.441 45.399 -27.733
v -45.547 45.399 -27.733
v -42.378 45.399 -27.733
v -38.623 45.399 -27.733
v -36.412 45.399 -27.733
v -34.094 45.399 -27.733
v -31.569 45.399 -27.733
v -30.633 45.399 -27.733
v -26.105 45.399 -27.733
v -22.350 45.399 -27.733
v -18.670 45.399 -27.733
v -16.287 45.399 -27.733
v -12.318 45.399 -27.733
v -9.504 45.260 -27.758
v -9.023 45.266 -27.729
v -8.617 45.477 -27.580
v -7.502 45.873 -26.891
v -7.222 46.081 -26.550
v -8.476 45.506 -27.524
v -8.194 45.576 -27.404
v -7.795 45.608 -27.193
v -7.017 45.248 -27.677
v -6.910 46.696 -25.469
v -7.072 46.246 -26.245
v -6.952 46.466 -25.863
v -6.894 49.006 -21.487
v -6.894 52.340 -15.713
v -6.910 54.633 -11.721
v -6.942 54.834 -11.372
v -6.894 54.488 -11.990
v -7.203 54.914 -11.236
v -6.991 54.883 -11.288
v -8.350 54.927 -11.212
v -8.405 55.124 -10.871
v -8.400 55.033 -11.029
v -7.746 55.571 -10.057
v -8.041 55.694 -9.685
v -7.504 55.270 -10.620
v -7.824 55.353 -10.493
v -7.785 55.462 -10.285
v -7.476 54.933 -11.203
v -7.788 54.794 -11.449
v -7.340 55.095 -10.921
v -7.470 54.817 -11.403
v -8.341 55.261 -10.634
v -8.104 55.290 -10.583
v -8.099 55.391 -10.408
v -8.371 55.828 -9.670
v -8.097 54.803 -11.429
v -8.116 54.895 -11.266
v -7.526 56.020 -9.018
v -8.521 56.310 -8.559
v -12.318 57.089 -7.487
v -8.978 56.345 -8.502
v -8.985 56.319 -8.785
v -10.529 57.200 -7.294
v -8.661 56.380 -8.430
v -8.530 56.350 -8.711
v -8.691 56.277 -8.892
v -16.287 58.356 -5.291
v -14.039 58.096 -5.743
v -14.106 57.915 -5.763
v -12.666 57.200 -7.294
v -14.028 57.809 -6.007
v -15.709 58.855 -4.428
v -13.775 58.122 -5.696
v -12.318 57.771 -6.304
v -13.631 58.065 -5.795
v -13.775 57.789 -6.026
v -13.610 57.885 -5.826
v -13.631 57.958 -5.981
v -17.846 58.855 -4.428
v -18.670 59.800 -2.790
v -16.287 59.039 -4.108
v -22.350 60.293 -1.936
v -19.390 59.616 -2.837
v -19.377 59.657 -3.038
v -21.558 60.723 -1.192
v -18.670 59.118 -3.972
v -18.935 59.636 -3.075
v -19.203 59.583 -3.167
v -19.220 59.706 -2.697
v -18.932 59.648 -2.783
v -26.105 61.493 0.141
v -26.105 62.175 1.324
v -25.791 61.710 0.517
v -22.350 60.976 -0.754
v -25.444 61.741 0.855
v -25.743 61.723 0.807
v -25.314 61.735 0.561
v -25.317 61.682 0.755
v -25.376 61.661 0.434
v -23.695 60.723 -1.192
v -25.490 61.508 0.443
v -25.763 61.549 0.523
v -29.453 62.562 1.994
v -27.316 62.562 1.994
v -30.331 63.527 3.683
v -30.633 62.939 2.647
v -30.633 63.608 3.805
v -31.304 63.745 4.071
v -30.844 63.558 3.897
v -31.399 63.155 3.020
v -31.569 63.181 3.065
v -31.569 63.777 4.097
v -30.928 62.985 2.917
v -32.132 63.611 3.810
v -31.811 63.802 4.163
v -32.662 63.572 3.831
v -34.094 63.608 3.805
v -33.884 63.558 3.897
v -31.967 63.599 4.127
v -33.362 63.622 4.057
v -32.364 63.824 4.197
v -32.221 63.506 3.628
v -31.875 63.209 3.134
v -32.549 63.523 3.658
v -32.403 63.491 3.602
v -32.852 63.209 3.134
v -33.328 63.155 3.020
v -34.094 62.939 2.647
v -32.916 63.802 4.163
v -32.427 63.725 4.009
v -32.364 63.232 3.174
v -33.800 62.985 2.917
v -35.274 62.562 1.994
v -36.412 62.882 2.547
v -34.397 63.527 3.683
v -36.412 62.199 1.365
v -38.623 61.493 0.141
v -38.623 62.175 1.324
v -37.412 62.562 1.994
v -39.006 61.728 0.819
v -38.942 61.711 0.519
v -39.314 61.731 0.837
v -38.985 61.540 0.508
v -42.227 60.789 -0.742
v -39.398 61.710 0.517
v -41.032 60.723 -1.192
v -39.316 61.533 0.491
v -49.019 58.855 -4.428
v -50.995 58.108 -5.722
v -50.707 58.105 -5.727
v -50.991 57.801 -6.021
v -52.061 57.200 -7.294
v -52.409 57.771 -6.304
v -51.103 57.906 -5.784
v -48.441 58.356 -5.291
v -50.727 57.796 -6.015
v -50.622 57.916 -5.765
v -54.199 57.200 -7.294
v -52.409 57.089 -7.487
v -54.951 56.277 -8.893
v -54.951 56.959 -7.710
v -56.293 56.531 -8.453
v -56.106 56.363 -8.459
v -55.774 56.354 -8.488
v -56.356 55.828 -9.670
v -56.144 56.307 -8.787
v -55.776 56.322 -8.814
v -58.079 55.861 -9.598
v -57.206 56.021 -9.018
v -57.683 56.066 -9.256
v -56.686 55.694 -9.686
v -56.981 55.571 -10.057
v -57.341 54.923 -11.219
v -57.786 54.834 -11.372
v -57.034 55.324 -10.522
v -56.959 55.468 -10.275
v -57.380 55.037 -11.021
v -57.614 54.911 -11.238
v -57.817 54.633 -11.721
v -56.995 54.798 -11.442
v -57.258 54.817 -11.403
v -57.059 54.859 -11.323
v -57.769 54.866 -11.323
v -57.385 55.117 -10.882
v -56.922 55.353 -10.492
v -56.694 55.401 -10.392
v -56.415 54.936 -11.196
v -57.284 55.239 -10.672
v -56.724 54.796 -11.446
v -56.691 54.867 -11.312
v -56.710 55.317 -10.536
v -56.812 55.352 -10.495
v -31.569 43.437 -31.132
v -31.094 43.737 -30.613
v -31.569 43.742 -30.605
v -31.036 43.742 -30.603
v -31.129 43.800 -30.503
v -31.138 44.058 -30.057
v -31.091 45.037 -28.362
v -31.036 45.036 -28.362
v -31.068 44.838 -28.704
v -33.658 45.036 -28.362
v -31.569 45.074 -28.297
v -33.659 44.838 -28.704
v -33.589 44.058 -30.057
v -33.598 43.800 -30.503
v -33.658 43.739 -30.609
v -45.814 59.645 -3.058
v -48.441 59.039 -4.108
v -46.881 58.855 -4.428
v -45.594 59.577 -3.176
v -45.547 59.281 -3.690
v -45.824 59.631 -2.812
v -45.547 59.964 -2.507
v -45.602 59.715 -2.688
v -43.170 60.723 -1.192
v -42.378 60.293 -1.936
v -45.363 59.637 -2.801
v -45.368 59.646 -3.057
v -34.840 45.155 -28.155
v -34.909 45.134 -28.193
v -34.998 44.936 -28.274
v -34.731 45.162 -28.143
v -34.495 44.944 -28.266
v -34.809 44.922 -28.559
v -34.565 44.952 -28.508
v -34.964 44.971 -28.475
v -53.940 45.162 -28.143
v -53.705 44.946 -28.267
v -54.118 45.134 -28.193
v -54.207 44.936 -28.278
v -54.048 45.155 -28.155
v -54.017 44.922 -28.559
v -54.172 44.971 -28.475
v -53.774 44.952 -28.508
v -46.058 45.163 -28.143
v -45.775 44.957 -28.261
v -46.266 44.943 -28.272
v -45.975 45.162 -28.144
v -46.111 45.155 -28.155
v -46.153 44.936 -28.535
v -45.883 44.938 -28.531
v -38.065 45.162 -28.143
v -37.828 44.942 -28.269
v -38.091 45.146 -28.172
v -38.331 44.940 -28.277
v -38.173 45.155 -28.155
v -38.092 44.918 -28.567
v -37.879 44.961 -28.492
v -38.281 44.960 -28.494
v -29.994 45.146 -28.172
v -26.635 45.162 -28.143
v -29.969 45.162 -28.143
v -30.077 45.155 -28.155
v -26.400 44.946 -28.267
v -30.270 44.928 -28.281
v -26.813 45.134 -28.193
v -29.732 44.943 -28.270
v -26.902 44.936 -28.278
v -26.743 45.155 -28.155
v -26.469 44.952 -28.508
v -26.712 44.922 -28.559
v -26.867 44.971 -28.475
v -29.995 44.918 -28.567
v -30.185 44.960 -28.494
v -29.782 44.961 -28.492
v -18.477 44.971 -28.259
v -18.670 45.192 -28.092
v -18.961 44.944 -28.273
v -18.806 45.155 -28.155
v -18.753 45.163 -28.143
v -18.848 44.936 -28.535
v -18.591 44.935 -28.538
v -10.760 45.162 -28.143
v -11.026 44.940 -28.277
v -10.523 44.942 -28.269
v -10.786 45.146 -28.172
v -10.868 45.155 -28.155
v -10.787 44.918 -28.567
v -10.574 44.961 -28.492
v -10.976 44.960 -28.494
v -54.951 45.399 -27.733
v -5.775 46.400 -25.980
v -34.314 44.748 -28.528
v -34.094 44.117 -29.954
v -36.412 44.117 -29.954
v -36.273 44.663 -28.711
v -12.318 45.111 -28.233
v -22.350 45.111 -28.233
v -26.105 44.838 -28.704
v -38.623 45.111 -28.233
v -38.818 44.646 -28.706
v -42.378 45.111 -28.233
v -48.441 45.111 -28.233
v -12.318 45.282 -27.936
v -16.287 45.111 -28.233
v -22.350 45.282 -27.936
v -26.105 45.111 -28.233
v -30.633 45.282 -27.936
v -30.480 44.936 -28.221
v -31.569 45.282 -27.936
v -34.273 44.906 -28.265
v -38.623 45.282 -27.936
v -42.378 45.282 -27.936
v -45.728 44.915 -28.279
v -48.441 45.282 -27.936
v -52.409 45.111 -28.233
v -54.951 45.282 -27.936
v -54.951 45.111 -28.233
v -56.510 44.896 -28.317
v -6.660 52.340 -15.713
v -6.660 49.006 -21.487
v -58.068 52.340 -15.713
v -58.068 49.006 -21.487
v -6.660 54.488 -11.990
v -58.068 54.488 -11.990
v -56.293 45.282 -27.936
v -7.108 55.808 -9.705
v -8.435 45.282 -27.936
v -8.435 45.111 -28.233
v -30.633 44.117 -29.954
v -30.633 44.838 -28.704
v -52.409 45.282 -27.936
v -45.547 45.282 -27.936
v -36.412 45.282 -27.936
v -34.094 45.282 -27.936
v -26.105 45.282 -27.936
v -16.287 45.282 -27.936
v -12.318 57.200 -7.294
v -16.199 58.770 -4.240
v -22.350 60.723 -1.192
v -36.412 62.562 1.994
v -42.378 60.723 -1.192
v -52.409 57.200 -7.294
v -48.424 58.799 -4.192
v -36.412 45.111 -28.233
v -7.856 54.746 -11.499
v -33.633 42.824 -27.114
v -33.667 41.571 -29.285
v -31.101 42.825 -27.113
v -31.065 41.575 -29.278
v -33.594 41.540 -29.337
v -31.132 41.540 -29.337
v -33.657 42.334 -29.789
v -33.628 41.529 -29.356
v -33.659 39.342 -28.064
v -33.657 40.753 -28.876
v -31.043 42.347 -29.764
v -31.043 41.557 -29.308
v -31.091 39.342 -28.065
v -31.036 39.343 -28.063
v -31.043 40.767 -28.852
v -31.099 42.319 -29.813
v -31.099 40.739 -28.900
v -31.101 41.530 -29.355
v -31.099 43.640 -27.525
v -31.101 40.624 -25.844
v -31.099 42.060 -26.612
v -31.077 40.655 -25.790
v -31.044 40.653 -25.794
v -31.035 40.633 -25.828
v -31.043 43.612 -27.573
v -31.043 42.032 -26.661
v -31.045 42.821 -27.119
v -33.685 43.612 -27.573
v -33.660 40.629 -25.836
v -33.685 42.032 -26.661
v -33.658 40.655 -25.791
v -33.629 43.640 -27.525
v -33.629 42.060 -26.612
v -6.074 45.891 -26.831
v -6.430 45.588 -27.372
v -8.060 44.939 -28.481
v -8.669 44.790 -28.481
v -6.139 45.839 -26.954
v -22.615 43.630 -27.954
v -9.504 43.623 -27.965
v -22.746 43.636 -27.916
v -8.760 43.598 -27.995
v -8.149 43.757 -27.740
v -7.387 43.883 -27.503
v -6.948 44.165 -27.015
v -6.393 44.442 -26.559
v -6.045 44.772 -25.987
v -5.767 45.095 -25.403
v -5.837 45.518 -24.684
v -5.808 53.412 -11.015
v -7.466 56.215 -8.950
v -7.034 56.061 -9.239
v -6.393 55.417 -10.048
v -5.770 53.783 -10.354
v -5.996 54.148 -9.723
v -6.362 54.482 -9.144
v -6.854 54.773 -8.640
v -7.560 54.942 -8.331
v -24.670 60.413 1.130
v -26.534 61.105 2.327
v -30.377 62.269 4.326
v -33.761 63.677 3.974
v -30.966 63.677 3.974
v -33.422 63.751 4.060
v -31.306 63.751 4.060
v -30.883 62.411 4.587
v -31.646 62.577 4.878
v -32.364 62.611 4.937
v -33.082 62.577 4.878
v -33.845 62.411 4.587
v -34.365 62.273 4.350
v -57.262 56.215 -8.950
v -37.986 61.102 2.302
v -35.914 61.773 3.482
v -57.186 54.948 -8.335
v -58.963 54.902 -11.253
v -58.665 55.410 -10.366
v -58.359 55.432 -10.024
v -58.340 55.689 -9.862
v -57.850 55.977 -9.363
v -57.693 56.061 -9.239
v -57.873 54.773 -8.640
v -58.365 54.482 -9.144
v -58.732 54.148 -9.723
v -58.957 53.783 -10.354
v -59.034 53.404 -11.011
v -59.034 45.466 -24.759
v -56.059 44.790 -28.481
v -56.668 44.939 -28.481
v -58.364 45.633 -27.279
v -58.499 45.767 -26.819
v -58.710 45.960 -26.712
v -58.928 46.314 -26.099
v -58.958 46.396 -25.979
v -58.961 45.095 -25.403
v -58.744 44.738 -26.022
v -58.392 44.408 -26.592
v -57.820 44.183 -26.981
v -57.341 43.883 -27.503
v -56.579 43.757 -27.740
v -55.967 43.598 -27.995
v -55.224 43.623 -27.965
v -41.985 43.635 -27.920
v -7.321 52.760 -9.923
v -7.020 52.669 -10.062
v -6.937 52.637 -10.117
v -7.838 53.273 -9.015
v -8.121 53.224 -9.100
v -8.308 53.166 -9.201
v -8.333 53.052 -9.419
v -8.541 52.868 -9.717
v -8.331 52.764 -9.918
v -8.325 52.640 -10.112
v -8.141 52.579 -10.217
v -7.832 52.621 -10.166
v -7.570 52.569 -10.235
v -7.379 52.623 -10.141
v -7.782 53.369 -8.849
v -8.136 53.512 -8.602
v -30.966 60.838 4.088
v -33.322 63.136 3.012
v -31.406 63.136 3.012
v -33.304 60.924 4.236
v -32.842 60.991 4.353
v -32.364 61.014 4.393
v -31.875 61.019 4.401
v -31.424 60.924 4.236
v -33.731 60.814 4.046
v -56.591 53.512 -8.602
v -56.946 53.369 -8.849
v -56.904 53.277 -9.008
v -56.819 53.254 -9.048
v -56.240 55.024 -11.035
v -56.545 54.803 -11.417
v -56.802 54.748 -11.496
v -56.940 54.745 -11.501
v -57.596 52.689 -10.028
v -57.349 52.623 -10.141
v -57.226 52.583 -10.211
v -56.895 52.621 -10.166
v -56.724 52.554 -10.260
v -56.520 52.595 -10.189
v -56.403 52.640 -10.112
v -56.397 52.765 -9.916
v -56.236 52.761 -9.902
v -56.187 52.868 -9.717
v -56.221 53.013 -9.466
v -56.399 53.053 -9.418
v -56.479 53.188 -9.163
v -56.674 53.239 -9.074
v -57.733 52.639 -10.114
v -57.820 52.442 -10.456
v -57.820 44.504 -24.204
v -56.209 45.492 -27.523
v -56.654 45.612 -27.315
v -57.044 45.772 -27.037
v -57.594 45.903 -26.591
v -55.224 43.206 -26.452
v -55.730 43.231 -26.409
v -56.217 43.305 -26.281
v -56.635 43.448 -26.033
v -57.060 43.586 -25.794
v -57.336 43.799 -25.426
v -57.623 44.007 -25.064
v -57.715 44.256 -24.633
v -6.907 52.442 -10.456
v -6.907 44.504 -24.204
v -9.504 43.206 -26.452
v -7.013 44.256 -24.633
v -7.105 44.007 -25.064
v -7.158 45.919 -26.584
v -7.392 43.799 -25.426
v -7.708 43.606 -25.759
v -8.093 43.448 -26.033
v -7.684 45.772 -27.037
v -8.510 43.305 -26.281
v -8.997 43.231 -26.409
v -29.505 42.352 -30.153
v -30.408 42.256 -30.326
v -26.449 42.938 -29.139
v -25.945 42.988 -29.052
v -24.483 43.279 -28.548
v -38.193 42.913 -29.183
v -38.782 42.988 -29.052
v -36.089 42.537 -29.834
v -34.306 42.249 -30.333
v -35.222 42.352 -30.153
v -7.771 55.329 -10.509
v -7.364 55.169 -10.791
v -7.746 54.846 -11.334
v -19.374 59.501 -3.009
v -19.214 59.448 -3.107
v -18.951 59.480 -3.049
v -19.142 59.701 -2.645
v -18.861 59.546 -2.916
v -19.406 59.536 -2.943
v -45.803 59.490 -3.032
v -45.603 59.441 -3.117
v -45.379 59.489 -3.032
v -45.592 59.701 -2.645
v -45.310 59.546 -2.916
v -45.856 59.536 -2.943
v -53.788 45.014 -28.102
v -54.003 45.033 -28.072
v -54.183 44.831 -28.414
v -54.143 44.831 -28.449
v -54.001 44.784 -28.503
v -53.805 44.794 -28.483
v -53.739 44.826 -28.427
v -54.173 44.987 -28.140
v -37.904 45.011 -28.108
v -38.099 45.037 -28.066
v -38.277 44.999 -28.122
v -38.305 44.831 -28.417
v -38.093 44.739 -28.578
v -37.919 44.798 -28.477
v -37.864 44.826 -28.427
v -38.257 44.799 -28.466
v -26.492 45.017 -28.097
v -26.707 45.033 -28.072
v -26.878 44.831 -28.414
v -26.694 44.746 -28.567
v -26.838 44.831 -28.449
v -26.515 44.766 -28.527
v -26.434 44.826 -28.427
v -26.868 44.987 -28.140
v -10.599 45.011 -28.108
v -10.800 45.036 -28.068
v -10.976 44.997 -28.124
v -11.000 44.831 -28.417
v -10.800 44.783 -28.506
v -10.614 44.798 -28.477
v -10.559 44.826 -28.427
v -10.955 44.795 -28.467
v -57.350 54.571 -10.598
v -57.252 54.700 -10.369
v -57.203 54.752 -10.313
v -57.014 54.780 -10.235
v -56.744 54.777 -10.242
v -56.508 54.691 -10.394
v -56.441 54.566 -10.603
v -56.444 54.489 -10.756
v -56.508 54.428 -10.849
v -56.699 54.358 -10.963
v -57.007 54.348 -10.981
v -57.232 54.398 -10.897
v -57.318 54.459 -10.790
v -56.984 54.680 -10.389
v -56.622 54.716 -10.333
v -8.290 54.568 -10.603
v -8.151 54.707 -10.355
v -8.010 54.773 -10.249
v -7.759 54.784 -10.227
v -7.566 54.761 -10.284
v -7.488 54.707 -10.357
v -7.423 54.565 -10.602
v -7.436 54.483 -10.758
v -7.499 54.399 -10.894
v -7.764 54.346 -10.983
v -8.084 54.371 -10.941
v -8.260 54.461 -10.793
v -8.087 54.561 -10.595
v -8.163 54.453 -10.782
v -8.257 54.652 -10.449
v -38.347 44.509 -28.975
v -38.296 44.430 -29.110
v -37.811 44.504 -28.981
v -35.014 44.509 -28.975
v -35.026 44.321 -29.261
v -34.477 44.504 -28.981
v -34.780 44.755 -28.550
v -34.452 44.748 -28.538
v -26.917 44.509 -28.975
v -26.881 44.441 -29.094
v -26.381 44.504 -28.981
v -30.251 44.509 -28.975
v -30.335 44.336 -29.250
v -29.715 44.504 -28.981
v -29.986 44.755 -28.549
v -7.794 54.669 -10.407
v -8.094 53.449 -9.999
v -8.024 53.318 -10.220
v -7.790 53.328 -10.210
v -7.385 53.301 -10.212
v -7.552 53.449 -9.998
v -7.621 53.551 -9.853
v -7.786 53.592 -9.753
v -7.395 53.579 -9.736
v -8.017 53.598 -9.736
v -8.044 53.551 -9.854
v -7.611 53.538 -9.837
v -8.026 53.546 -9.817
v -56.661 54.560 -10.596
v -57.126 54.549 -10.615
v -57.060 54.452 -10.784
v -56.709 54.461 -10.767
v -57.209 53.442 -9.976
v -57.102 53.421 -10.026
v -56.983 53.328 -10.205
v -56.750 53.328 -10.196
v -56.651 53.439 -10.006
v -56.683 53.551 -9.853
v -56.740 53.580 -9.736
v -56.992 53.586 -9.745
v -57.105 53.551 -9.854
v -56.703 53.526 -9.828
v -57.026 53.524 -9.803
v -33.605 41.705 -27.667
v -33.606 40.742 -27.126
v -33.607 41.440 -28.020
v -33.605 41.870 -27.791
v -33.606 40.491 -27.028
v -33.605 41.448 -27.746
v -33.602 41.883 -27.944
v -33.608 40.749 -27.381
v -33.606 40.308 -27.165
v -33.603 40.306 -27.344
v -33.606 40.499 -27.494
v -33.607 41.725 -28.117
v -33.588 41.630 -28.150
v -30.455 42.173 -30.432
v -34.284 41.229 -29.876
v -30.456 41.225 -29.884
v -30.487 39.052 -28.568
v -34.240 39.052 -28.568
v -30.439 41.231 -29.873
v -30.432 42.318 -30.242
v -34.295 42.319 -30.242
v -34.381 42.281 -30.297
v -30.372 43.387 -30.878
v -30.423 43.413 -30.834
v -29.088 42.524 -29.878
v -29.837 42.352 -30.153
v -29.136 43.611 -30.489
v -30.394 44.165 -29.527
v -29.633 43.200 -28.706
v -29.612 44.244 -29.380
v -29.659 44.265 -29.372
v -30.410 43.110 -28.851
v -29.403 42.988 -29.052
v -30.433 43.049 -28.915
v -30.432 43.186 -28.742
v -30.373 44.263 -29.376
v -28.354 43.503 -28.184
v -28.326 43.508 -28.171
v -28.457 44.594 -28.791
v -28.466 44.636 -28.715
v -30.386 44.710 -28.588
v -28.307 43.555 -28.091
v -28.371 43.586 -28.039
v -30.411 43.592 -28.013
v -30.419 43.667 -27.909
v -30.433 42.735 -27.268
v -30.338 44.827 -28.399
v -30.825 45.114 -27.886
v -30.588 45.024 -28.041
v -30.977 45.153 -27.842
v -31.068 45.155 -27.837
v -31.068 45.136 -27.844
v -30.999 45.132 -27.848
v -27.871 43.658 -27.915
v -27.949 44.757 -28.507
v -27.842 43.622 -27.939
v -29.814 44.800 -28.471
v -29.755 44.831 -28.416
v -29.807 45.009 -28.107
v -30.005 45.037 -28.065
v -30.180 45.000 -28.123
v -27.857 43.616 -27.845
v -27.905 45.113 -27.889
v -33.684 45.136 -27.846
v -33.689 45.155 -27.838
v -31.068 43.053 -26.718
v -30.900 43.034 -26.739
v -30.670 42.973 -26.840
v -30.508 42.875 -27.015
v -30.444 42.786 -27.176
v -30.509 40.585 -25.913
v -30.478 40.491 -26.075
v -30.583 40.666 -25.772
v -30.664 40.715 -25.686
v -30.877 40.781 -25.572
v -31.112 40.808 -25.525
v -34.250 40.491 -26.075
v -34.221 40.580 -25.920
v -33.913 40.770 -25.592
v -34.064 40.715 -25.686
v -34.144 40.666 -25.772
v -33.700 40.804 -25.532
v -33.659 43.053 -26.718
v -34.301 44.823 -28.389
v -34.294 42.735 -27.268
v -34.241 42.845 -27.069
v -34.155 45.018 -28.054
v -34.108 42.953 -26.876
v -33.915 43.015 -26.769
v -33.913 45.110 -27.891
v -33.746 43.046 -26.721
v -33.746 45.120 -27.851
v -33.776 45.153 -27.842
v -34.303 43.666 -27.913
v -34.368 43.607 -28.002
v -34.350 43.651 -27.954
v -36.741 44.742 -28.538
v -34.595 45.019 -28.095
v -34.814 45.033 -28.072
v -34.975 44.832 -28.413
v -34.934 44.831 -28.449
v -34.529 44.828 -28.426
v -34.966 44.987 -28.138
v -36.916 43.611 -27.969
v -36.920 44.738 -28.538
v -34.307 43.591 -28.013
v -36.089 43.600 -27.992
v -36.922 43.658 -27.919
v -36.917 45.071 -27.963
v -36.883 45.134 -27.846
v -36.878 45.154 -27.839
v -36.941 43.019 -26.825
v -36.947 43.062 -26.888
v -39.481 45.135 -27.845
v -39.420 43.062 -26.887
v -39.484 45.155 -27.838
v -39.476 43.012 -26.793
v -39.544 45.114 -27.886
v -39.408 43.021 -26.836
v -39.584 44.754 -28.513
v -39.529 43.634 -27.920
v -41.829 44.741 -28.537
v -42.008 45.068 -27.967
v -27.844 45.135 -27.846
v -27.847 45.155 -27.838
v -27.792 43.019 -26.827
v -27.780 43.062 -26.888
v -25.308 43.062 -26.888
v -25.246 45.135 -27.846
v -25.241 45.154 -27.839
v -25.184 45.114 -27.887
v -25.297 43.019 -26.827
v -25.144 44.759 -28.503
v -25.237 43.616 -27.846
v -41.963 45.134 -27.846
v -41.958 45.154 -27.839
v -42.021 43.019 -26.825
v -42.027 43.062 -26.888
v -44.550 45.137 -27.844
v -44.500 43.062 -26.888
v -44.550 45.155 -27.837
v -44.561 43.010 -26.791
v -44.624 45.114 -27.886
v -44.492 43.021 -26.832
v -44.571 45.133 -27.846
v -44.575 45.154 -27.839
v -44.664 44.754 -28.513
v -44.609 43.634 -27.920
v -22.750 43.658 -27.917
v -25.257 43.659 -27.915
v -22.805 45.100 -27.909
v -22.764 45.135 -27.846
v -22.767 45.155 -27.838
v -22.710 43.019 -26.826
v -22.777 43.616 -27.845
v -22.700 43.062 -26.888
v -20.228 43.062 -26.888
v -20.166 45.135 -27.846
v -20.161 45.154 -27.839
v -20.104 45.114 -27.887
v -20.215 43.020 -26.828
v -20.064 44.759 -28.503
v -20.151 43.615 -27.846
v -25.258 43.637 -27.914
v -24.483 43.603 -27.988
v -20.158 43.635 -27.913
v -20.109 43.658 -27.918
v -20.278 43.639 -27.931
v -17.667 43.658 -27.918
v -17.721 44.758 -28.504
v -17.664 43.636 -27.916
v -18.800 44.781 -28.504
v -18.484 44.831 -28.416
v -18.440 44.906 -28.283
v -18.617 45.028 -28.079
v -18.856 45.019 -28.094
v -18.937 44.831 -28.417
v -17.697 43.616 -27.845
v -17.685 45.081 -27.943
v -17.684 45.135 -27.846
v -17.687 45.155 -27.838
v -17.629 43.019 -26.825
v -17.620 43.062 -26.888
v -15.154 43.065 -26.889
v -15.086 45.135 -27.846
v -15.081 45.154 -27.839
v -15.142 43.060 -26.887
v -15.024 45.114 -27.887
v -15.115 43.021 -26.821
v -14.984 44.759 -28.503
v -15.057 43.614 -27.845
v -12.615 44.757 -28.507
v -12.583 43.658 -27.918
v -15.029 43.658 -27.918
v -12.578 45.073 -27.960
v -12.604 45.135 -27.846
v -12.607 45.155 -27.838
v -12.546 43.019 -26.824
v -12.617 43.616 -27.845
v -12.540 43.062 -26.888
v -9.504 45.136 -27.844
v -9.504 43.053 -26.718
v -8.937 43.080 -26.670
v -9.010 45.146 -27.805
v -8.402 43.142 -26.563
v -8.511 45.239 -27.676
v -7.891 43.297 -26.294
v -8.095 45.364 -27.458
v -7.794 45.323 -27.520
v -7.539 43.522 -25.905
v -7.684 45.474 -27.268
v -7.547 45.577 -27.082
v -7.194 43.732 -25.540
v -7.203 45.787 -26.719
v -7.272 45.529 -27.168
v -6.822 43.949 -25.166
v -6.946 46.026 -26.305
v -6.881 45.873 -26.572
v -6.615 44.233 -24.674
v -6.614 46.320 -25.799
v -6.893 46.083 -26.212
v -6.515 44.528 -24.174
v -6.602 46.592 -25.324
v -6.481 44.574 -24.170
v -6.608 46.659 -25.231
v -5.902 46.670 -25.201
v -5.904 46.566 -25.368
v -5.866 45.507 -24.683
v -15.044 43.637 -27.917
v -15.182 43.636 -27.919
v -12.580 43.636 -27.917
v -5.837 46.731 -22.582
v -5.903 47.800 -23.237
v -5.867 46.742 -22.539
v -5.902 47.238 -24.238
v -6.335 47.129 -24.443
v -6.453 47.202 -24.295
v -6.436 47.247 -24.220
v -6.625 47.825 -23.191
v -6.676 47.860 -23.146
v -6.494 45.851 -21.926
v -6.639 49.170 -20.863
v -6.485 47.093 -19.792
v -6.524 47.094 -19.717
v -5.908 49.202 -20.808
v -5.834 46.830 -22.412
v -5.869 48.047 -20.270
v -5.839 48.083 -20.236
v -5.833 50.536 -15.993
v -5.903 51.610 -16.638
v -5.862 50.559 -15.945
v -5.846 50.556 -15.952
v -5.896 50.537 -18.526
v -6.453 50.520 -18.546
v -6.453 50.550 -18.494
v -6.441 50.525 -18.548
v -5.882 50.531 -15.926
v -6.634 51.641 -16.584
v -6.523 49.624 -15.337
v -6.484 50.906 -13.191
v -6.662 52.947 -14.298
v -6.637 52.983 -14.261
v -6.521 50.905 -13.117
v -5.892 53.012 -14.208
v -5.833 50.640 -15.813
v -5.873 51.863 -13.653
v -5.874 53.099 -11.516
v -5.866 54.140 -12.233
v -5.898 54.231 -12.098
v -5.881 54.152 -12.254
v -6.574 54.218 -12.119
v -6.495 52.201 -10.925
v -6.582 54.496 -11.641
v -6.565 52.442 -10.456
v -6.597 52.657 -10.082
v -6.712 52.900 -9.661
v -6.856 54.911 -10.922
v -6.857 53.182 -9.271
v -6.946 55.118 -10.563
v -6.611 54.701 -11.284
v -7.029 54.886 -10.419
v -7.033 54.587 -10.236
v -7.303 53.057 -9.407
v -7.052 55.078 -10.607
v -6.805 54.686 -11.311
v -6.982 52.854 -9.741
v -6.778 54.496 -11.642
v -6.778 46.559 -25.390
v -6.902 44.245 -24.652
v -6.818 46.314 -25.813
v -7.417 45.683 -26.906
v -8.030 43.401 -26.114
v -8.468 45.294 -27.548
v -8.572 45.278 -27.607
v -56.174 45.253 -27.650
v -56.259 45.294 -27.548
v -56.698 43.401 -26.114
v -56.640 45.364 -27.456
v -57.430 43.767 -25.480
v -57.525 45.787 -26.719
v -57.311 45.683 -26.906
v -57.725 46.027 -26.279
v -57.826 44.245 -24.652
v -57.956 46.311 -25.816
v -57.834 46.083 -26.212
v -58.011 46.588 -25.351
v -57.967 54.498 -11.642
v -57.848 52.635 -10.120
v -57.745 52.854 -9.741
v -57.871 54.911 -10.922
v -57.605 53.093 -9.327
v -57.702 55.100 -10.591
v -57.973 54.689 -11.305
v -57.648 54.900 -10.319
v -57.695 54.587 -10.236
v -57.889 53.189 -9.269
v -57.865 55.135 -10.532
v -58.131 52.657 -10.082
v -58.016 52.900 -9.661
v -58.163 52.442 -10.456
v -58.174 54.494 -11.640
v -58.245 52.216 -10.933
v -58.187 54.228 -12.102
v -58.045 54.212 -12.152
v -58.825 54.235 -12.091
v -58.870 53.123 -11.495
v -58.844 54.142 -12.231
v -58.814 54.108 -12.321
v -58.825 54.154 -12.251
v -58.865 51.867 -13.661
v -58.820 53.007 -14.219
v -58.824 53.841 -12.806
v -58.737 53.782 -12.918
v -58.488 53.756 -12.964
v -58.329 53.805 -12.877
v -58.299 53.834 -12.824
v -58.527 54.008 -12.525
v -58.098 52.981 -14.263
v -58.064 52.944 -14.310
v -58.045 52.964 -14.313
v -58.207 50.900 -13.126
v -58.256 50.923 -13.198
v -58.098 51.638 -16.587
v -58.205 49.623 -15.337
v -58.045 51.672 -16.551
v -58.824 51.610 -16.638
v -58.870 50.534 -15.960
v -58.869 50.560 -15.940
v -58.865 48.061 -20.253
v -58.820 49.202 -20.808
v -58.870 50.622 -15.831
v -58.782 50.484 -18.629
v -58.830 50.540 -18.523
v -58.314 50.491 -18.619
v -58.282 50.523 -18.547
v -58.094 49.172 -20.858
v -58.045 49.159 -20.902
v -58.204 47.094 -19.717
v -58.255 47.110 -19.798
v -58.246 45.866 -21.934
v -58.102 47.825 -23.191
v -58.058 47.858 -23.142
v -58.044 47.863 -23.147
v -58.048 47.848 -23.174
v -58.824 47.800 -23.237
v -58.869 46.739 -22.549
v -58.870 45.516 -24.675
v -58.826 46.670 -25.201
v -58.870 46.811 -22.430
v -58.795 47.172 -24.366
v -58.826 47.238 -24.238
v -58.823 46.565 -25.370
v -58.303 47.178 -24.356
v -58.323 47.277 -24.188
v -58.292 47.247 -24.220
v -58.180 46.580 -25.345
v -58.119 46.658 -25.231
v -58.261 44.588 -24.185
v -58.214 44.528 -24.174
v -58.112 44.233 -24.674
v -57.906 43.949 -25.166
v -57.854 46.016 -26.322
v -57.671 43.691 -25.612
v -57.384 43.466 -26.021
v -57.410 45.554 -27.115
v -56.837 43.297 -26.294
v -57.044 45.474 -27.268
v -56.325 43.142 -26.563
v -56.473 45.214 -27.719
v -55.790 43.080 -26.670
v -55.224 43.053 -26.718
v -55.224 45.136 -27.844
v -55.717 45.146 -27.805
v -52.187 43.062 -26.888
v -52.123 45.134 -27.846
v -52.118 45.154 -27.839
v -52.200 45.061 -27.979
v -52.181 43.019 -26.825
v -52.041 45.112 -27.911
v -52.238 44.752 -28.514
v -52.012 44.748 -28.526
v -52.105 43.606 -27.828
v -49.745 44.751 -28.517
v -49.708 43.660 -27.912
v -52.034 43.660 -27.928
v -49.704 45.115 -27.886
v -49.633 45.136 -27.844
v -49.635 45.156 -27.836
v -49.665 45.153 -27.841
v -49.661 45.135 -27.848
v -49.586 43.019 -26.824
v -49.671 43.604 -27.826
v -49.580 43.062 -26.885
v -47.043 45.134 -27.846
v -47.107 43.062 -26.888
v -47.038 45.154 -27.839
v -47.105 45.066 -27.972
v -47.101 43.019 -26.825
v -47.127 44.753 -28.512
v -45.920 45.029 -28.078
v -46.157 45.020 -28.092
v -46.920 44.745 -28.532
v -46.243 44.831 -28.415
v -46.139 44.790 -28.492
v -45.969 44.778 -28.511
v -45.801 44.828 -28.426
v -47.076 43.636 -27.916
v -46.936 43.632 -27.957
v -35.544 42.486 -29.941
v -34.890 42.352 -30.153
v -34.305 43.414 -30.834
v -34.376 43.384 -30.886
v -35.673 42.528 -29.869
v -35.528 43.599 -30.520
v -34.320 44.132 -29.589
v -35.679 43.624 -30.459
v -35.114 44.244 -29.378
v -35.067 44.266 -29.370
v -35.150 43.206 -28.694
v -34.353 44.151 -29.575
v -34.309 43.105 -28.859
v -35.325 42.988 -29.052
v -34.294 43.049 -28.915
v -34.295 43.186 -28.742
v -34.295 44.624 -28.758
v -34.295 44.289 -29.338
v -34.381 43.146 -28.799
v -34.316 44.267 -29.377
v -34.376 44.253 -29.400
v -36.279 44.602 -28.796
v -36.394 43.507 -28.175
v -36.405 43.563 -28.077
v -36.089 43.414 -28.314
v -42.002 43.658 -27.919
v -39.530 43.658 -27.918
v -39.386 43.636 -27.918
v -39.397 43.627 -27.849
v -39.378 43.658 -27.919
v -39.338 45.031 -28.032
v -39.340 44.751 -28.517
v -37.067 45.045 -28.011
v -37.050 43.652 -27.953
v -37.076 44.674 -28.653
v -36.969 43.626 -27.849
v -37.066 43.597 -28.019
v -38.193 43.601 -27.990
v -44.610 43.658 -27.918
v -44.466 43.636 -27.918
v -47.083 43.658 -27.919
v -5.843 51.882 -13.648
v -5.837 53.138 -11.482
v -52.152 43.637 -27.911
v -52.159 43.659 -27.914
v -52.026 43.638 -27.934
v -49.694 43.638 -27.909
v -49.588 43.612 -27.840
v -49.546 43.636 -27.920
v -33.886 40.727 -27.088
v -33.885 40.757 -27.388
v -33.886 40.470 -27.503
v -33.887 40.294 -27.344
v -33.885 40.302 -27.150
v -33.885 40.488 -27.014
v -33.886 41.719 -27.655
v -33.886 41.885 -27.794
v -33.886 41.891 -27.970
v -33.882 41.758 -28.115
v -33.888 41.644 -28.161
v -33.886 41.443 -28.045
v -33.886 41.438 -27.738
v -33.909 41.370 -28.364
v -32.697 61.805 4.776
v -32.686 61.463 4.773
v -32.412 61.398 4.800
v -32.074 61.459 4.778
v -32.079 61.800 4.782
v -32.102 62.103 4.777
v -32.058 62.446 4.777
v -32.393 62.468 4.775
v -32.717 62.464 4.779
v -32.672 62.110 4.773
v -32.364 61.329 4.797
v -8.976 56.176 -8.772
v -8.694 56.143 -8.830
v -8.522 56.217 -8.696
v -9.059 56.245 -8.634
v -25.833 61.629 0.681
v -25.308 61.575 0.582
v -25.290 61.630 0.676
v -39.435 61.633 0.678
v -38.895 61.627 0.679
v -39.453 61.593 0.632
v -39.454 61.623 0.685
v -56.125 56.172 -8.778
v -55.793 56.163 -8.793
v -55.669 56.245 -8.634
v -5.871 46.801 -22.434
v -6.438 45.919 -21.961
v -6.425 47.916 -23.039
v -5.890 47.925 -23.020
v -5.832 48.003 -20.385
v -6.471 47.932 -23.005
v -6.529 45.870 -21.838
v -6.488 49.047 -21.052
v -6.469 49.072 -21.032
v -6.425 49.091 -21.004
v -6.438 47.159 -19.814
v -5.893 49.081 -21.018
v -5.852 49.047 -21.052
v -5.861 48.022 -20.361
v -5.887 50.550 -15.835
v -6.438 49.729 -15.361
v -6.476 49.684 -15.321
v -5.871 50.611 -15.835
v -6.425 51.726 -16.440
v -5.896 51.729 -16.429
v -5.832 51.813 -13.786
v -6.469 51.733 -16.414
v -6.529 49.680 -15.239
v -6.473 51.758 -16.392
v -6.470 52.881 -14.434
v -6.527 50.842 -13.226
v -6.425 52.901 -14.405
v -6.438 50.969 -13.215
v -5.892 52.890 -14.420
v -5.868 51.759 -16.393
v -5.861 51.832 -13.761
v -58.276 52.889 -14.422
v -58.836 52.890 -14.420
v -58.884 51.820 -13.778
v -58.200 50.841 -13.227
v -58.280 51.729 -16.427
v -58.199 49.678 -15.243
v -58.264 49.699 -15.334
v -58.255 51.758 -16.392
v -58.832 51.729 -16.429
v -58.841 50.550 -15.835
v -58.860 51.759 -16.392
v -58.277 49.080 -21.020
v -58.835 49.081 -21.018
v -58.885 48.010 -20.378
v -58.875 49.047 -21.052
v -58.240 49.047 -21.052
v -58.274 47.926 -23.018
v -58.199 45.868 -21.842
v -58.838 47.925 -23.020
v -54.688 43.022 -26.842
v -54.578 45.031 -28.032
v -54.580 44.751 -28.517
v -54.618 43.658 -27.919
v -54.694 43.064 -26.907
v -54.705 43.627 -27.849
v -54.660 43.634 -27.914
v -54.775 43.639 -27.930
v -54.768 43.658 -27.920
v -54.812 45.032 -28.031
v -55.224 43.652 -27.953
v -54.778 43.012 -26.789
v -55.224 43.017 -26.780
v -55.224 45.045 -28.010
v -55.724 43.038 -26.743
v -56.078 45.107 -27.903
v -56.327 45.147 -27.803
v -56.860 43.262 -26.355
v -56.936 45.309 -27.555
v -57.368 43.483 -26.106
v -57.297 45.438 -27.326
v -56.953 45.317 -27.534
v -55.600 45.057 -27.989
v -55.730 45.062 -27.950
v -57.694 45.240 -27.669
v -57.388 45.092 -27.925
v -56.989 44.968 -28.146
v -56.067 44.803 -28.449
v -56.564 44.847 -28.322
v -56.546 44.844 -28.330
v -57.418 44.004 -27.321
v -57.022 43.872 -27.545
v -56.087 43.685 -27.865
v -55.841 43.682 -27.900
v -55.589 43.657 -27.935
v -57.739 44.148 -27.045
v -57.454 43.993 -27.312
v -57.030 43.854 -27.552
v -55.591 43.635 -27.939
v -57.853 44.201 -26.935
v -57.466 45.522 -27.187
v -57.859 45.322 -27.528
v -58.221 44.408 -26.615
v -58.520 44.654 -26.186
v -58.622 44.806 -25.953
v -58.741 44.929 -25.710
v -58.866 45.212 -25.223
v -58.866 45.438 -24.748
v -57.987 43.953 -25.159
v -57.938 45.889 -26.548
v -58.214 46.332 -25.777
v -58.113 46.108 -26.169
v -57.701 45.689 -26.891
v -58.252 46.524 -25.456
v -58.862 46.521 -25.458
v -58.197 45.505 -27.210
v -58.700 46.016 -26.329
v -58.826 46.289 -25.853
v -58.602 45.867 -26.556
v -58.493 45.739 -26.790
v -49.539 43.658 -27.919
v -49.498 45.031 -28.032
v -49.500 44.751 -28.517
v -47.129 43.626 -27.849
v -44.477 43.627 -27.849
v -44.458 43.658 -27.919
v -44.418 45.031 -28.032
v -44.420 44.751 -28.517
v -42.152 45.046 -28.010
v -42.049 43.626 -27.849
v -27.698 45.030 -28.034
v -27.678 44.698 -28.609
v -27.714 43.589 -28.029
v -27.735 43.658 -27.926
v -25.364 43.656 -27.935
v -25.476 44.710 -28.590
v -27.720 43.014 -26.785
v -25.388 45.030 -28.035
v -25.373 43.015 -26.782
v -25.491 43.613 -27.986
v -26.534 43.601 -27.990
v -22.626 43.654 -27.946
v -20.269 43.658 -27.920
v -22.615 45.034 -28.029
v -22.629 43.016 -26.781
v -20.313 45.032 -28.031
v -20.276 43.011 -26.790
v -20.310 44.750 -28.519
v -20.250 43.628 -27.849
v -17.535 43.653 -27.950
v -17.526 43.632 -27.953
v -15.189 43.658 -27.920
v -17.523 44.745 -28.533
v -17.523 45.040 -28.022
v -17.541 43.017 -26.780
v -15.233 45.032 -28.031
v -15.165 43.018 -26.828
v -15.230 44.750 -28.519
v -15.170 43.626 -27.849
v -12.437 43.632 -27.954
v -12.442 43.652 -27.952
v -12.427 45.044 -28.012
v -10.149 45.031 -28.032
v -10.079 43.021 -26.839
v -10.108 43.658 -27.919
v -10.147 44.751 -28.517
v -10.069 43.064 -26.907
v -10.090 43.626 -27.849
v -10.002 43.063 -26.908
v -10.102 43.636 -27.918
v -9.969 43.636 -27.918
v -9.988 43.021 -26.838
v -9.978 43.627 -27.849
v -9.959 43.658 -27.920
v -9.916 45.032 -28.031
v -9.920 44.751 -28.517
v -9.504 43.652 -27.953
v -9.504 43.017 -26.780
v -9.504 45.045 -28.010
v -7.868 43.262 -26.355
v -8.193 45.194 -27.751
v -8.401 45.147 -27.803
v -9.003 43.038 -26.743
v -9.114 45.057 -27.985
v -8.649 45.107 -27.903
v -7.386 43.464 -26.114
v -7.792 45.309 -27.555
v -7.430 45.438 -27.327
v -7.053 45.250 -27.673
v -7.322 45.100 -27.915
v -8.186 44.865 -28.329
v -7.739 44.968 -28.146
v -8.661 44.803 -28.449
v -8.176 44.845 -28.328
v -7.499 45.024 -28.017
v -9.075 43.663 -27.927
v -8.640 43.685 -27.865
v -7.706 43.872 -27.545
v -7.488 43.958 -27.422
v -7.282 44.006 -27.308
v -7.324 43.508 -26.097
v -9.137 43.635 -27.939
v -7.697 43.854 -27.552
v -6.867 44.203 -26.935
v -7.340 43.466 -26.021
v -6.869 45.322 -27.528
v -5.816 45.443 -24.808
v -5.865 45.213 -25.227
v -5.987 44.929 -25.710
v -6.207 44.654 -26.186
v -6.513 44.401 -26.625
v -5.843 45.208 -25.207
v -6.741 43.953 -25.159
v -6.615 46.108 -26.169
v -6.711 45.988 -26.347
v -7.022 43.684 -25.624
v -7.026 45.689 -26.891
v -6.475 46.523 -25.456
v -6.425 46.551 -25.402
v -6.438 44.618 -24.214
v -5.865 46.521 -25.458
v -6.530 45.505 -27.210
v -6.248 45.756 -26.792
v -5.902 46.289 -25.853
v -6.027 46.016 -26.329
v -6.125 45.867 -26.556
v -6.234 45.739 -26.790
v -5.896 45.434 -24.703
v -6.438 52.269 -10.962
v -6.425 54.266 -12.041
v -6.622 54.953 -10.845
v -6.856 55.255 -10.321
v -6.746 55.202 -10.434
v -5.862 54.495 -11.641
v -6.283 55.311 -10.227
v -5.883 54.689 -11.303
v -5.957 54.908 -10.927
v -6.083 55.119 -10.558
v -5.859 53.642 -10.647
v -5.919 53.835 -10.284
v -6.052 54.053 -9.909
v -6.257 54.252 -9.566
v -6.866 53.195 -9.205
v -6.799 53.258 -9.262
v -6.316 54.281 -9.478
v -6.832 53.273 -9.211
v -5.838 53.601 -10.682
v -6.560 54.518 -9.103
v -6.841 54.685 -8.812
v -7.163 54.834 -8.556
v -7.541 54.948 -8.358
v -7.224 53.369 -8.849
v -7.240 55.432 -10.014
v -7.505 55.617 -9.693
v -7.537 53.557 -8.523
v -7.830 55.771 -9.430
v -7.902 53.784 -8.250
v -6.678 55.643 -9.650
v -7.080 55.854 -9.285
v -7.673 54.979 -8.278
v -7.983 53.718 -8.244
v -8.086 55.745 -9.474
v -7.745 56.047 -8.958
v -7.746 56.074 -8.905
v -9.665 56.680 -7.856
v -9.680 55.624 -7.169
v -7.599 53.537 -8.558
v -7.692 55.556 -9.806
v -7.145 55.221 -10.373
v -7.415 55.386 -10.105
v -9.703 55.616 -7.147
v -10.043 56.408 -8.345
v -10.149 56.492 -8.179
v -7.109 54.660 -10.117
v -7.115 54.964 -10.283
v -7.451 53.282 -9.000
v -7.406 55.342 -10.145
v -8.075 53.560 -8.519
v -8.040 55.638 -9.655
v -33.792 60.862 4.129
v -33.345 60.977 4.327
v -33.423 63.058 3.190
v -32.864 61.047 4.449
v -32.994 63.121 3.300
v -32.364 61.071 4.490
v -32.584 63.142 3.356
v -32.364 63.138 3.358
v -31.733 63.121 3.300
v -32.143 63.142 3.356
v -31.382 60.977 4.327
v -31.360 63.056 3.191
v -31.272 63.077 3.222
v -32.722 63.289 3.591
v -32.006 63.289 3.591
v -56.688 55.638 -9.655
v -56.652 53.560 -8.519
v -57.342 55.393 -10.087
v -57.276 53.282 -9.000
v -57.038 55.556 -9.805
v -57.322 55.342 -10.145
v -57.585 55.220 -10.374
v -57.618 54.657 -10.115
v -57.716 53.167 -9.200
v -57.128 53.537 -8.558
v -57.503 53.369 -8.849
v -56.806 53.768 -8.248
v -56.641 55.744 -9.476
v -57.034 56.031 -8.980
v -57.061 54.973 -8.282
v -56.982 56.074 -8.904
v -55.087 56.684 -7.850
v -55.078 55.634 -7.172
v -54.956 56.701 -7.820
v -54.579 56.490 -8.183
v -54.602 56.387 -8.367
v -54.608 54.414 -7.045
v -55.031 55.619 -7.166
v -52.496 57.120 -7.085
v -52.478 55.041 -5.952
v -52.376 57.087 -7.163
v -52.528 55.135 -5.879
v -52.467 55.046 -5.945
v -52.593 57.160 -7.033
v -52.346 57.153 -7.057
v -52.340 57.125 -7.104
v -52.836 57.391 -6.626
v -52.774 56.347 -5.909
v -52.710 57.439 -6.532
v -52.685 57.458 -6.515
v -10.129 56.386 -8.368
v -10.046 56.402 -8.358
v -10.121 54.414 -7.044
v -12.370 57.114 -7.099
v -12.250 55.041 -5.952
v -12.350 57.087 -7.163
v -12.260 55.045 -5.946
v -12.199 55.136 -5.879
v -12.379 57.153 -7.056
v -11.971 57.404 -6.601
v -9.809 55.677 -7.088
v -9.801 55.624 -7.108
v -11.952 56.346 -5.909
v -12.018 57.439 -6.531
v -12.043 57.458 -6.515
v -11.821 56.317 -5.978
v -11.860 56.286 -5.968
v -13.911 57.000 -4.804
v -13.792 58.010 -5.581
v -13.983 56.989 -4.792
v -14.087 57.032 -4.723
v -14.390 55.833 -4.669
v -14.006 58.014 -5.560
v -13.922 58.055 -5.487
v -13.647 57.969 -5.645
v -14.114 58.102 -5.397
v -14.390 57.759 -5.993
v -13.666 57.977 -5.661
v -13.837 57.741 -6.046
v -13.953 57.744 -6.039
v -14.406 57.746 -5.986
v -16.516 56.419 -3.566
v -16.631 58.453 -4.782
v -16.435 58.504 -4.694
v -16.659 58.497 -4.713
v -16.485 56.488 -3.505
v -16.663 58.474 -4.767
v -16.141 57.682 -3.597
v -16.319 58.822 -4.138
v -18.323 59.449 -3.060
v -18.289 58.377 -2.404
v -16.269 57.757 -3.502
v -18.681 59.126 -3.618
v -18.751 59.130 -3.633
v -18.711 57.116 -2.359
v -18.758 57.120 -2.352
v -18.646 57.138 -2.321
v -18.331 58.314 -2.392
v -20.922 59.827 -2.402
v -20.764 57.859 -1.169
v -20.762 57.872 -1.134
v -20.933 59.847 -2.343
v -20.934 59.874 -2.325
v -20.948 59.858 -2.365
v -20.590 60.177 -1.802
v -20.576 60.140 -1.845
v -20.446 59.060 -1.210
v -22.508 60.783 -0.750
v -22.555 59.733 -0.042
v -20.555 59.126 -1.130
v -22.913 60.496 -1.247
v -22.993 60.488 -1.261
v -22.922 58.497 0.033
v -22.992 58.481 0.005
v -25.210 61.211 -0.007
v -25.118 59.170 1.198
v -25.211 61.246 0.051
v -24.869 61.540 0.561
v -25.096 59.206 1.261
v -24.788 60.429 1.186
v -26.789 62.150 1.619
v -26.805 61.098 2.309
v -24.800 60.466 1.203
v -27.236 61.859 1.114
v -27.217 59.956 2.435
v -26.854 61.029 2.328
v -27.268 59.848 2.373
v -30.839 62.992 3.073
v -30.781 60.982 4.338
v -31.218 61.097 4.536
v -31.817 61.170 4.662
v -31.709 63.172 3.387
v -32.364 63.185 3.406
v -32.911 61.170 4.662
v -33.019 63.172 3.387
v -33.438 61.093 4.529
v -33.946 60.982 4.338
v -33.941 63.032 3.144
v -33.482 63.099 3.260
v -37.510 59.956 2.435
v -37.499 61.860 1.116
v -37.459 59.848 2.373
v -37.808 62.193 1.694
v -37.876 61.028 2.323
v -37.974 62.153 1.625
v -39.901 61.523 0.532
v -39.925 60.467 1.202
v -39.517 61.244 0.052
v -39.518 61.212 -0.007
v -39.679 59.201 1.218
v -39.979 60.416 1.164
v -39.632 59.206 1.261
v -41.772 58.489 0.019
v -41.773 60.491 -1.254
v -42.203 59.729 -0.055
v -44.144 60.180 -1.797
v -44.130 60.192 -1.750
v -44.193 59.122 -1.125
v -44.157 60.143 -1.839
v -43.795 59.873 -2.325
v -43.795 59.848 -2.344
v -43.806 59.827 -2.401
v -43.779 59.858 -2.364
v -43.906 57.835 -1.114
v -44.221 59.076 -1.179
v -43.892 57.793 -1.187
v -46.010 57.113 -2.364
v -46.012 59.121 -3.629
v -46.088 59.126 -3.619
v -46.092 57.139 -2.320
v -46.062 57.117 -2.358
v -46.500 59.415 -3.118
v -46.422 58.318 -2.406
v -48.408 58.822 -4.138
v -48.449 57.763 -3.504
v -46.431 58.379 -2.399
v -48.073 58.495 -4.710
v -48.089 58.458 -4.779
v -48.241 56.488 -3.506
v -48.586 57.683 -3.595
v -48.219 56.420 -3.566
v -50.320 57.746 -5.985
v -50.339 55.834 -4.669
v -50.339 57.759 -5.993
v -50.921 57.741 -6.044
v -50.808 57.741 -6.044
v -51.152 57.883 -5.792
v -50.984 58.000 -5.606
v -50.755 56.991 -4.793
v -50.753 58.023 -5.541
v -50.675 58.087 -5.426
v -16.227 57.713 -3.539
v -18.669 57.219 -2.291
v -18.381 58.427 -2.327
v -20.533 59.114 -1.133
v -22.932 58.600 0.072
v -24.824 60.487 1.254
v -26.534 61.035 2.207
v -26.849 61.027 2.316
v -26.930 61.133 2.381
v -37.849 61.118 2.349
v -39.901 60.487 1.255
v -38.193 61.035 2.207
v -40.080 60.424 1.128
v -41.776 58.577 0.078
v -42.082 59.763 0.005
v -44.338 59.044 -1.238
v -46.069 57.244 -2.294
v -46.367 58.413 -2.339
v -48.459 57.755 -3.497
v -48.500 57.713 -3.541
v -50.641 57.032 -4.726
v -52.891 56.308 -5.974
v -54.971 55.620 -7.126
v -55.063 55.634 -7.149
v -54.920 55.674 -7.092
v -27.259 59.909 2.456
v -27.289 61.987 1.336
v -26.984 62.221 1.742
v -28.922 61.791 3.494
v -29.228 62.604 2.398
v -29.340 60.628 3.612
v -27.010 62.251 1.779
v -28.904 62.845 2.836
v -29.253 62.605 2.428
v -29.242 62.628 2.459
v -28.916 62.852 2.822
v -28.971 62.839 2.812
v -29.023 61.797 3.534
v -29.426 62.672 2.522
v -29.127 62.909 2.934
v -30.402 63.333 3.666
v -30.411 63.334 3.649
v -30.871 62.400 4.538
v -31.389 62.490 4.708
v -31.400 63.554 4.049
v -31.942 62.552 4.784
v -31.932 63.586 4.100
v -29.472 60.586 3.650
v -30.735 63.073 3.215
v -31.909 63.389 3.768
v -31.542 63.254 3.529
v -31.125 63.178 3.398
v -31.876 63.457 3.873
v -32.042 61.288 4.779
v -31.556 61.176 4.672
v -31.960 63.328 3.687
v -31.929 62.099 4.767
v -31.934 61.830 4.764
v -31.938 62.543 4.800
v -31.957 62.550 4.781
v -32.685 61.288 4.779
v -32.816 63.387 3.765
v -32.783 63.592 4.117
v -32.782 62.551 4.783
v -34.344 62.267 4.315
v -33.856 62.400 4.538
v -33.338 62.490 4.708
v -32.857 63.457 3.864
v -32.855 63.509 3.952
v -34.325 63.333 3.666
v -33.581 61.101 4.543
v -33.602 63.178 3.398
v -33.171 61.176 4.672
v -33.185 63.254 3.529
v -35.245 62.667 2.519
v -35.255 60.586 3.650
v -35.326 62.666 2.513
v -34.316 63.334 3.649
v -35.705 61.802 3.537
v -35.655 62.892 2.901
v -35.388 60.628 3.612
v -35.781 62.841 2.822
v -35.852 62.840 2.835
v -35.494 62.605 2.406
v -37.435 61.987 1.336
v -37.470 59.909 2.456
v -37.718 62.251 1.779
v -10.099 54.508 -7.032
v -9.860 56.734 -7.766
v -9.863 56.761 -7.713
v -12.108 57.128 -7.077
v -11.798 57.377 -6.650
v -12.112 57.161 -7.031
v -14.449 57.884 -5.770
v -16.037 57.684 -3.615
v -14.152 58.137 -5.328
v -16.455 56.574 -3.514
v -16.041 58.744 -4.278
v -18.712 59.239 -3.405
v -18.707 59.262 -3.396
v -18.436 59.506 -2.943
v -18.769 59.239 -3.407
v -18.763 57.165 -2.275
v -18.766 59.261 -3.402
v -20.659 59.842 -2.363
v -20.651 59.861 -2.361
v -18.453 59.515 -2.966
v -20.370 60.110 -1.915
v -20.678 59.881 -2.312
v -20.678 59.846 -2.346
v -22.973 58.553 0.084
v -22.938 58.651 0.065
v -22.658 59.769 0.005
v -23.008 60.619 -1.032
v -22.705 60.855 -0.625
v -22.648 59.792 0.053
v -22.679 59.805 0.063
v -24.947 61.229 0.021
v -25.029 59.210 1.224
v -24.651 61.478 0.454
v -24.960 61.257 0.075
v -25.020 59.293 1.224
v -39.708 59.294 1.224
v -39.767 61.257 0.075
v -42.048 59.805 0.062
v -40.092 61.481 0.459
v -39.778 61.230 0.024
v -41.716 60.620 -1.032
v -42.021 60.857 -0.622
v -41.790 58.651 0.065
v -43.981 57.882 -1.139
v -43.992 57.880 -1.163
v -44.049 59.881 -2.312
v -44.355 60.110 -1.914
v -44.067 59.841 -2.362
v -44.050 59.845 -2.347
v -44.076 59.862 -2.360
v -45.989 59.239 -3.406
v -46.029 57.176 -2.282
v -45.997 59.262 -3.399
v -46.330 58.438 -2.315
v -46.290 59.507 -2.943
v -46.054 59.248 -3.379
v -46.053 59.256 -3.383
v -46.304 59.487 -2.997
v -46.346 58.332 -2.375
v -46.347 58.402 -2.364
v -48.273 56.574 -3.514
v -48.337 58.505 -4.695
v -48.639 58.743 -4.283
v -50.236 57.884 -5.771
v -50.243 55.798 -4.642
v -50.295 57.885 -5.769
v -50.577 58.137 -5.329
v -52.968 56.318 -5.984
v -52.965 57.377 -6.649
v -54.863 56.763 -7.711
v -54.628 54.508 -7.032
v -57.143 54.894 -8.355
v -57.196 54.951 -8.360
v -56.898 55.770 -9.431
v -57.564 54.834 -8.556
v -57.886 54.685 -8.812
v -58.168 54.518 -9.103
v -58.402 54.292 -9.464
v -56.856 53.685 -8.302
v -57.191 53.557 -8.523
v -57.236 55.623 -9.685
v -57.564 55.452 -9.981
v -57.881 55.250 -10.330
v -57.872 53.197 -9.205
v -58.329 55.412 -10.056
v -57.647 55.854 -9.285
v -58.041 55.649 -9.660
v -58.055 55.639 -9.644
v -57.895 53.272 -9.211
v -58.348 54.246 -9.447
v -58.477 54.251 -9.570
v -57.928 53.258 -9.263
v -58.445 55.311 -10.227
v -58.907 53.412 -11.016
v -58.883 53.613 -10.672
v -58.808 53.835 -10.284
v -58.676 54.053 -9.909
v -58.105 54.953 -10.845
v -58.218 54.710 -11.267
v -58.686 55.053 -10.645
v -58.845 54.689 -11.303
v -58.771 54.908 -10.927
v -58.640 55.127 -10.548
v -58.866 54.495 -11.641
v -31.135 41.440 -27.753
v -31.131 40.751 -27.382
v -31.134 41.879 -27.960
v -31.135 41.712 -28.121
v -31.139 40.501 -27.495
v -31.139 40.743 -27.127
v -31.139 41.436 -28.018
v -31.138 40.305 -27.339
v -31.131 40.311 -27.155
v -31.138 40.492 -27.027
v -31.136 41.702 -27.668
v -31.139 41.873 -27.797
v -30.842 40.757 -27.388
v -30.841 40.726 -27.088
v -30.842 40.486 -27.015
v -30.842 40.300 -27.151
v -30.842 40.293 -27.343
v -30.842 40.469 -27.503
v -30.842 41.889 -27.974
v -30.841 41.884 -27.792
v -30.842 41.719 -27.655
v -30.842 41.436 -27.741
v -30.842 41.444 -28.047
v -30.846 41.749 -28.118
v -30.839 41.641 -28.161
v -30.815 41.366 -28.370
v -30.815 41.915 -28.368
v -30.815 41.092 -27.894
v -30.815 42.187 -27.897
v -30.815 41.365 -27.422
v -30.815 41.914 -27.421
v -30.464 41.072 -27.897
v -30.462 41.358 -28.380
v -30.446 41.350 -28.393
v -30.457 41.918 -28.380
v -30.464 41.354 -27.405
v -30.440 41.924 -28.392
v -30.457 42.199 -27.896
v -30.462 41.919 -27.409
v -30.446 41.925 -27.395
v -30.440 42.212 -27.897
v -30.815 40.266 -27.735
v -30.818 40.812 -27.734
v -30.817 39.993 -27.261
v -30.818 41.085 -27.261
v -30.815 40.265 -26.787
v -30.818 40.813 -26.787
v -30.478 40.258 -27.752
v -30.469 40.822 -27.752
v -30.470 41.106 -27.267
v -30.813 41.089 -27.248
v -30.487 39.973 -27.267
v -30.810 39.990 -27.249
v -30.466 41.107 -27.243
v -30.483 39.972 -27.244
v -30.477 40.825 -26.770
v -30.486 40.255 -26.770
v -33.910 41.913 -27.422
v -33.910 42.186 -27.894
v -33.912 41.365 -27.422
v -33.910 41.912 -28.369
v -33.912 41.092 -27.894
v -34.264 41.072 -27.896
v -34.272 41.354 -28.385
v -34.281 41.922 -28.387
v -34.264 41.355 -27.404
v -34.281 42.207 -27.897
v -34.272 41.922 -27.403
v -33.910 40.813 -26.787
v -33.909 41.085 -27.261
v -33.912 40.265 -26.787
v -33.910 40.812 -27.734
v -33.911 39.993 -27.261
v -33.912 40.266 -27.735
v -33.914 41.089 -27.248
v -34.250 40.824 -26.770
v -34.261 41.106 -27.243
v -34.258 41.107 -27.266
v -34.242 40.257 -26.769
v -34.259 40.825 -27.750
v -33.918 39.990 -27.249
v -34.244 39.972 -27.243
v -34.241 39.973 -27.266
v -34.250 40.258 -27.752
v -7.829 53.164 -10.445
v -7.833 53.710 -9.499
v -8.308 53.573 -9.737
v -8.308 53.300 -10.209
v -7.350 53.295 -10.197
v -7.350 53.560 -9.739
v -7.352 53.062 -9.418
v -7.352 52.768 -9.926
v -7.832 53.195 -9.172
v -7.833 53.164 -10.450
v -57.354 53.575 -9.732
v -57.361 53.300 -10.211
v -56.895 53.710 -9.498
v -56.904 53.166 -10.436
v -56.422 53.301 -10.211
v -56.420 53.573 -9.737
v -56.893 53.195 -9.172
v -57.390 53.052 -9.419
v -57.391 52.766 -9.915
v -56.895 53.162 -10.450
v -25.846 44.636 -28.714
v -27.684 44.608 -28.768
v -25.586 44.262 -29.372
v -25.621 44.229 -29.414
v -27.224 43.967 -29.884
v -25.653 44.231 -29.435
v -25.410 44.281 -29.332
v -27.305 43.936 -29.915
v -27.144 43.942 -29.901
v -27.147 43.958 -29.901
v -27.264 42.856 -29.303
v -25.790 43.567 -28.071
v -25.505 43.153 -28.787
v -25.487 43.184 -28.732
v -27.149 42.834 -29.320
v -37.055 44.618 -28.768
v -39.101 44.229 -29.417
v -37.525 43.967 -29.885
v -39.116 44.261 -29.377
v -39.029 44.634 -28.717
v -39.128 44.254 -29.349
v -36.880 44.584 -28.806
v -37.545 43.941 -29.899
v -37.474 42.854 -29.305
v -39.126 43.131 -28.829
v -38.827 43.586 -28.041
v -38.988 43.564 -28.075
v -39.262 43.162 -28.771
v -39.240 43.184 -28.732
v -38.450 42.988 -29.052
v -23.479 43.563 -28.077
v -23.487 43.508 -28.173
v -27.384 42.813 -29.376
v -28.931 42.532 -29.863
v -29.480 43.228 -28.657
v -27.845 43.514 -28.170
v -41.272 43.550 -28.099
v -41.228 43.504 -28.181
v -41.213 43.584 -28.043
v -41.261 43.514 -28.160
v -35.275 43.251 -28.620
v -37.328 42.808 -29.387
v -37.363 42.819 -29.361
v -37.289 42.988 -29.052
v -36.883 43.514 -28.171
v -27.421 43.911 -29.974
v -28.928 43.632 -30.450
v -27.881 44.577 -28.818
v -29.438 44.300 -29.298
v -23.625 44.637 -28.713
v -23.613 44.594 -28.791
v -25.350 44.259 -29.346
v -25.664 44.605 -28.770
v -39.321 44.281 -29.332
v -41.114 44.594 -28.791
v -41.102 44.637 -28.713
v -39.067 44.607 -28.769
v -37.330 43.935 -29.925
v -37.303 43.910 -29.977
v -35.288 44.300 -29.297
v -27.450 43.917 -29.983
v -28.932 43.652 -30.442
v -28.988 43.658 -30.425
v -25.648 44.617 -28.770
v -35.745 43.658 -30.426
v -37.316 43.951 -29.921
v -39.354 44.267 -29.351
v -14.382 23.992 -15.526
v -14.652 24.017 -15.540
v -14.652 23.992 -15.584
v -14.382 23.967 -15.570
v -14.200 23.899 -15.501
v -14.031 23.715 -15.395
v -13.950 23.504 -15.244
v -13.969 23.338 -15.168
v -13.950 23.478 -15.288
v -14.081 23.135 -15.066
v -14.256 22.990 -14.976
v -14.381 22.953 -14.926
v -14.515 22.927 -14.911
v -14.448 22.915 -14.962
v -14.652 22.927 -14.911
v -14.787 22.953 -14.926
v -14.719 22.915 -14.962
v -15.014 23.068 -15.022
v -15.203 23.380 -15.187
v -15.174 23.245 -15.153
v -15.196 23.608 -15.333
v -15.218 23.478 -15.288
v -15.106 23.768 -15.426
v -14.929 23.924 -15.506
v -14.850 23.948 -15.559
v -55.224 19.324 -12.889
v -9.504 19.324 -12.889
v -50.144 22.902 -14.955
v -49.510 23.478 -15.288
v -49.557 23.664 -15.365
v -49.597 23.183 -15.098
v -49.524 23.380 -15.187
v -50.076 23.992 -15.584
v -50.345 23.967 -15.570
v -49.877 23.948 -15.559
v -49.660 23.817 -15.454
v -50.347 22.927 -14.970
v -50.437 23.946 -15.513
v -50.696 23.715 -15.395
v -49.799 23.924 -15.506
v -50.471 22.990 -14.976
v -50.647 23.135 -15.066
v -50.778 23.478 -15.288
v -50.763 23.380 -15.187
v -49.762 23.026 -14.997
v -49.941 22.927 -14.970
v -50.076 24.017 -15.540
v -49.941 22.953 -14.926
v -50.144 22.927 -14.911
v -50.347 22.953 -14.926
v -6.712 20.720 -10.472
v -6.791 20.450 -10.939
v -6.948 20.191 -11.388
v -7.183 19.944 -11.815
v -7.548 19.742 -12.166
v -7.967 19.570 -12.463
v -8.445 19.442 -12.685
v -8.964 19.363 -12.821
v -57.990 20.720 -10.472
v -57.937 20.450 -10.939
v -57.779 20.191 -11.388
v -57.545 19.944 -11.815
v -57.180 19.742 -12.166
v -56.760 19.570 -12.463
v -56.282 19.442 -12.685
v -55.763 19.363 -12.821
v -55.224 19.108 -12.684
v -9.504 19.108 -12.684
v -7.225 19.959 -11.790
v -6.763 20.720 -10.472
v -57.502 19.959 -11.790
v -6.679 41.440 -4.060
v -6.690 41.738 -4.305
v -6.712 35.070 -0.729
v -6.712 41.494 -4.472
v -6.712 47.765 -8.100
v -6.714 41.354 -4.292
v -6.712 41.610 -4.472
v -6.712 28.659 3.279
v -6.712 47.970 -8.103
v -6.793 41.750 -4.289
v -6.763 41.611 -4.481
v -6.767 41.343 -4.290
v -6.797 41.450 -4.043
v -6.763 35.066 -0.740
v -6.763 47.969 -8.111
v -6.763 47.762 -8.111
v -6.763 41.479 -4.478
v -6.763 28.659 3.279
v -6.769 41.692 -4.046
v -6.715 41.703 -4.020
v -6.936 29.174 4.154
v -6.742 28.862 3.631
v -6.996 29.346 4.226
v -6.977 55.009 -10.639
v -6.793 28.858 3.624
v -57.778 55.026 -10.667
v -57.990 28.659 3.279
v -57.960 28.860 3.627
v -57.806 29.162 4.140
v -57.738 29.219 4.210
v -57.717 29.366 4.222
v -57.766 29.296 4.235
v -57.726 54.995 -10.614
v -57.962 35.107 -0.418
v -57.971 35.400 -0.413
v -57.960 35.383 -0.704
v -57.988 47.766 -8.107
v -57.976 35.080 -0.721
v -57.990 41.611 -4.475
v -57.987 41.474 -4.473
v -57.990 47.971 -8.109
v -34.862 19.616 -14.246
v -34.392 19.607 -14.198
v -34.573 18.367 -13.626
v -34.868 18.369 -13.599
v -34.862 19.820 -14.000
v -34.608 19.820 -14.000
v -34.463 19.706 -14.138
v -34.862 19.780 -14.191
v -34.862 18.422 -13.108
v -34.608 18.422 -13.108
v -32.616 39.812 16.881
v -32.588 39.697 16.915
v -32.397 39.598 16.987
v -32.167 39.671 16.938
v -32.110 39.795 16.871
v -32.161 39.918 16.792
v -32.397 40.010 16.749
v -32.593 39.879 16.805
v -33.839 37.115 17.925
v -33.378 37.233 18.130
v -32.880 37.306 18.256
v -31.848 37.306 18.256
v -31.341 37.245 18.150
v -30.889 37.115 17.925
v -32.364 37.330 18.298
v -32.397 60.495 4.922
v -32.178 60.561 4.888
v -32.118 60.662 4.805
v -32.397 60.907 4.684
v -32.167 60.828 4.723
v -32.588 60.800 4.743
v -32.613 60.669 4.801
v -32.577 60.582 4.874
v -31.360 37.221 18.110
v -8.119 42.598 -1.996
v -8.090 42.934 -2.240
v -8.311 36.549 1.611
v -8.317 42.817 -2.000
v -8.308 49.220 -5.722
v -8.286 36.630 1.507
v -8.289 42.693 -1.968
v -8.298 42.930 -2.098
v -8.284 49.004 -5.618
v -8.178 48.919 -5.620
v -8.302 49.102 -5.623
v -8.294 36.382 1.681
v -8.045 29.823 5.295
v -8.049 42.582 -2.149
v -7.900 42.637 -2.212
v -7.903 42.814 -2.290
v -7.417 29.566 4.850
v -7.184 29.475 4.499
v -7.239 29.445 4.604
v -7.721 29.701 5.085
v -7.455 29.549 4.821
v -56.679 29.819 5.288
v -57.003 29.697 5.078
v -57.307 29.562 4.843
v -57.374 29.478 4.696
v -57.497 29.440 4.595
v -57.427 55.288 -10.284
v -57.527 29.470 4.504
v -56.694 36.569 1.370
v -56.615 42.551 -2.004
v -56.761 36.291 1.424
v -56.852 36.347 1.403
v -56.649 36.256 1.613
v -56.580 48.901 -5.621
v -56.486 36.626 1.468
v -56.410 36.542 1.609
v -56.405 42.814 -2.007
v -56.469 48.973 -5.623
v -56.465 42.655 -1.974
v -56.425 49.107 -5.626
v -56.457 36.348 1.677
v -26.776 19.616 -14.246
v -26.524 19.617 -14.234
v -26.480 18.367 -13.626
v -26.772 18.367 -13.596
v -26.776 19.820 -14.000
v -26.522 19.820 -14.000
v -26.522 19.774 -14.188
v -26.776 19.780 -14.191
v -26.776 18.422 -13.108
v -26.522 18.422 -13.108
v -7.935 41.917 -3.869
v -7.935 41.697 -3.742
v -7.418 42.394 -2.536
v -7.110 42.230 -2.819
v -7.418 42.613 -2.663
v -6.843 42.006 -3.461
v -7.080 42.379 -3.068
v -8.107 41.719 -3.704
v -8.146 41.967 -3.782
v -8.314 41.836 -3.501
v -8.358 41.990 -3.404
v -8.306 42.033 -3.668
v -8.355 42.020 -3.182
v -8.361 42.209 -3.363
v -8.083 42.776 -2.382
v -8.029 41.882 -3.929
v -7.495 42.727 -2.466
v -7.140 42.520 -2.825
v -6.685 42.027 -3.679
v -6.867 42.284 -3.234
v -6.685 41.807 -3.552
v -7.920 42.678 -2.043
v -6.867 42.064 -3.107
v -7.495 42.507 -2.339
v -8.292 41.767 -3.621
v -25.165 36.805 15.428
v -25.434 36.854 15.457
v -25.386 35.461 16.350
v -25.491 36.690 15.232
v -25.527 36.839 15.299
v -25.259 36.804 15.258
v -25.393 35.474 15.911
v -25.347 35.230 16.009
v -25.371 35.215 15.974
v -25.483 35.570 15.995
v -25.212 36.731 15.385
v -25.317 36.683 15.223
v -56.058 31.482 6.150
v -56.318 31.422 6.110
v -56.139 30.156 7.062
v -55.910 31.322 5.975
v -56.159 31.290 5.899
v -55.931 31.411 5.961
v -56.136 31.432 5.943
v -56.271 31.450 6.008
v -56.115 29.848 6.650
v -56.121 30.094 7.065
v -56.343 30.037 6.954
v -56.073 30.198 6.701
v -55.962 31.333 6.062
v -33.634 16.703 -12.031
v -33.554 21.888 -15.117
v -33.588 20.942 -15.706
v -33.588 20.708 -16.059
v -33.595 20.504 -15.935
v -33.588 20.700 -15.587
v -33.588 20.942 -15.946
v -33.598 20.495 -15.732
v -33.554 31.786 -20.831
v -33.569 22.075 -16.383
v -33.599 21.927 -16.662
v -33.593 21.909 -16.238
v -33.589 21.635 -16.594
v -33.569 22.078 -16.529
v -33.600 21.629 -16.314
v -33.554 41.685 -26.546
v -33.554 7.183 -8.837
v -33.554 7.113 -9.336
v -33.634 15.433 -14.231
v -33.554 20.697 -17.179
v -33.554 30.596 -22.894
v -33.554 40.494 -28.609
v -33.634 6.909 -9.310
v -33.634 7.327 -8.966
v -33.634 15.687 -13.792
v -33.634 20.911 -16.808
v -33.554 30.830 -22.489
v -33.554 40.728 -28.204
v -31.173 41.685 -26.546
v -31.173 43.720 -27.722
v -31.173 31.786 -20.831
v -31.173 21.888 -15.117
v -31.094 16.703 -12.031
v -31.094 6.909 -9.310
v -31.094 15.433 -14.231
v -31.173 20.697 -17.179
v -31.173 30.596 -22.894
v -31.173 40.494 -28.609
v -31.173 42.530 -29.784
v -33.475 6.989 -9.172
v -33.475 9.188 -10.442
v -33.475 15.513 -14.094
v -33.475 8.100 -7.248
v -33.475 10.300 -8.518
v -33.475 16.624 -12.169
v -33.475 44.945 -28.520
v -33.475 7.367 -8.897
v -33.475 15.726 -13.723
v -33.475 20.951 -16.739
v -31.253 44.945 -28.520
v -31.253 8.100 -7.248
v -31.253 6.989 -9.172
v -31.173 7.183 -8.837
v -31.253 10.300 -8.518
v -31.253 16.624 -12.169
v -31.253 15.513 -14.094
v -31.253 9.188 -10.442
v -31.173 41.630 -28.150
v -31.117 21.911 -16.239
v -31.138 22.071 -16.390
v -31.117 21.918 -16.664
v -31.121 21.633 -16.595
v -31.115 21.628 -16.312
v -31.147 22.075 -16.525
v -31.122 20.938 -15.707
v -31.123 20.699 -15.583
v -31.119 20.503 -15.939
v -31.122 20.708 -16.055
v -31.117 20.490 -15.737
v -31.131 20.939 -15.944
v -31.094 42.744 -29.413
v -31.173 40.728 -28.204
v -31.173 30.830 -22.489
v -31.094 20.911 -16.808
v -31.094 15.687 -13.792
v -31.253 42.783 -29.344
v -31.253 20.951 -16.739
v -31.253 15.726 -13.723
v -7.815 30.463 3.595
v -7.777 30.428 3.598
v -7.789 53.543 -9.818
v -7.535 30.368 3.474
v -7.735 53.398 -10.068
v -7.450 30.213 3.182
v -7.787 30.186 3.161
v -8.057 30.232 3.230
v -8.063 30.371 3.484
v -8.016 30.168 3.035
v -7.830 30.054 2.897
v -8.304 30.192 3.139
v -7.968 30.133 2.974
v -7.698 30.165 3.030
v -7.385 30.469 3.611
v -7.826 30.598 3.837
v -7.506 30.175 3.048
v -7.995 30.552 3.700
v -8.068 30.510 3.628
v -7.506 30.529 3.661
v -8.309 30.464 3.606
v -8.294 30.438 3.572
v -7.968 53.229 -10.361
v -8.281 53.449 -9.980
v -5.727 22.169 -9.989
v -5.718 22.269 -9.753
v -5.724 20.927 -9.023
v -5.695 20.768 -9.180
v -5.942 22.171 -9.990
v -5.950 22.276 -9.757
v -5.912 22.380 -9.817
v -5.755 22.378 -9.816
v -6.310 20.929 -9.361
v -5.995 20.836 -8.926
v -5.673 20.839 -8.928
v -5.631 20.866 -8.942
v -6.000 20.937 -9.346
v -56.689 30.370 3.497
v -56.710 30.208 3.213
v -57.020 30.195 3.194
v -57.023 30.405 3.560
v -57.337 30.203 3.165
v -57.245 30.361 3.471
v -56.899 30.053 2.899
v -57.038 30.136 3.071
v -56.761 30.099 3.006
v -56.680 30.138 3.074
v -57.361 30.464 3.610
v -57.215 30.141 3.079
v -56.457 30.403 3.532
v -57.208 30.481 3.669
v -56.424 30.195 3.147
v -56.730 30.461 3.634
v -56.706 30.500 3.701
v -57.000 30.458 3.629
v -56.904 30.594 3.836
v -56.488 53.410 -9.958
v -56.706 53.223 -10.281
v -57.208 53.241 -10.249
v -57.364 53.545 -9.723
v -56.425 53.545 -9.723
v -51.054 33.105 9.108
v -51.214 33.054 8.880
v -51.265 31.683 9.764
v -51.012 31.747 9.815
v -50.753 33.036 9.032
v -51.087 32.970 8.700
v -50.958 33.050 8.886
v -50.979 33.188 8.924
v -51.160 33.118 8.745
v -51.045 33.156 9.061
v -50.864 31.561 9.655
v -51.239 31.623 9.752
v -51.199 31.702 9.634
v -57.719 35.383 -0.581
v -57.719 35.163 -0.454
v -56.657 35.341 -0.145
v -56.703 35.569 -0.259
v -57.265 36.257 0.932
v -56.852 36.459 1.282
v -57.588 36.017 0.517
v -57.265 36.037 1.059
v -57.808 35.750 0.055
v -57.588 35.797 0.644
v -57.808 35.530 0.182
v -56.600 35.594 -0.216
v -56.400 35.661 -0.099
v -56.456 35.398 -0.047
v -56.344 35.698 0.218
v -56.334 35.494 0.119
v -56.304 35.899 0.313
v -56.304 35.679 0.439
v -56.604 36.422 1.219
v -56.541 36.290 1.499
v -56.241 35.741 0.209
v -57.196 36.151 1.257
v -57.537 35.939 0.889
v -57.960 35.438 0.023
v -57.795 35.698 0.473
v -56.248 35.550 0.216
v -56.668 35.521 -0.342
v -56.546 35.551 -0.290
v -57.960 35.658 -0.104
v -57.795 35.918 0.346
v -57.537 36.158 0.762
v -57.196 36.371 1.130
v -18.838 19.609 -14.258
v -18.584 19.609 -14.258
v -18.584 18.295 -13.495
v -18.838 18.295 -13.495
v -18.838 19.814 -13.998
v -18.584 19.814 -13.998
v -18.584 19.774 -14.193
v -18.838 19.774 -14.193
v -18.584 18.430 -13.126
v -18.838 18.430 -13.126
v -59.038 22.257 -9.746
v -59.027 22.159 -9.983
v -59.046 20.764 -9.177
v -59.016 20.927 -9.032
v -58.809 22.282 -9.760
v -58.815 22.177 -9.993
v -58.838 22.384 -9.819
v -58.994 22.372 -9.813
v -58.492 20.908 -9.391
v -58.733 20.836 -8.926
v -59.054 20.839 -8.928
v -59.097 20.866 -8.942
v -13.529 33.040 8.861
v -13.859 33.059 9.069
v -13.715 31.747 9.815
v -13.462 31.683 9.764
v -13.677 32.922 8.662
v -13.878 33.029 8.990
v -13.613 33.012 8.725
v -13.748 33.188 8.924
v -13.683 33.156 9.061
v -13.863 31.561 9.655
v -13.488 31.623 9.752
v -13.592 31.745 9.471
v -58.327 27.772 2.486
v -58.489 27.822 2.579
v -58.728 27.799 2.537
v -58.532 27.567 2.132
v -58.825 27.752 2.437
v -58.660 27.576 2.137
v -30.231 18.298 -13.899
v -30.198 18.392 -13.711
v -30.185 18.127 -13.918
v -29.995 18.085 -13.991
v -29.798 18.117 -13.937
v -29.739 18.303 -13.897
v -29.782 18.392 -13.695
v -58.984 22.570 -6.224
v -5.744 22.570 -6.224
v -6.129 24.111 -3.555
v -8.950 18.408 -13.437
v -7.790 18.594 -13.129
v -7.292 18.746 -12.847
v -5.775 19.981 -10.727
v -6.456 19.162 -12.129
v -6.233 19.585 -11.696
v -6.660 19.047 -12.326
v -6.071 29.000 4.894
v -5.898 28.766 4.454
v -57.665 29.678 5.910
v -58.830 28.766 4.454
v -58.396 29.235 5.305
v -58.440 29.167 4.871
v -58.068 19.047 -12.326
v -58.537 19.512 -11.699
v -57.435 18.746 -12.847
v -57.635 18.839 -12.685
v -56.938 18.594 -13.129
v -55.598 18.403 -13.442
v -55.224 18.388 -13.486
v -52.409 18.388 -13.467
v -48.441 18.388 -13.467
v -42.378 18.388 -13.467
v -41.990 18.380 -13.500
v -35.002 18.307 -13.880
v -37.835 18.303 -13.897
v -34.964 18.138 -13.899
v -34.976 18.381 -13.726
v -37.895 18.117 -13.937
v -34.809 18.089 -13.984
v -38.027 17.681 -14.691
v -38.623 17.788 -14.507
v -38.327 18.298 -13.899
v -38.092 18.085 -13.991
v -38.294 18.392 -13.711
v -34.582 18.108 -13.951
v -34.501 18.303 -13.897
v -38.281 18.127 -13.918
v -34.218 17.003 -15.892
v -30.509 17.003 -15.892
v -28.316 17.393 -15.191
v -26.405 18.303 -13.897
v -26.105 17.788 -14.507
v -26.877 18.385 -13.724
v -26.904 18.306 -13.883
v -26.700 17.681 -14.691
v -26.712 18.089 -13.984
v -26.867 18.138 -13.899
v -26.486 18.108 -13.951
v -22.794 18.376 -13.507
v -22.624 18.388 -13.486
v -22.350 18.388 -13.467
v -19.180 18.388 -13.467
v -16.287 18.388 -13.467
v -12.318 18.388 -13.467
v -9.776 18.388 -13.467
v -9.504 18.388 -13.485
v -6.894 22.570 -6.224
v -7.837 19.283 -11.936
v -7.296 18.945 -12.806
v -7.467 19.490 -11.735
v -8.194 19.160 -12.152
v -6.890 20.110 -10.655
v -7.067 19.833 -10.984
v -7.258 19.628 -11.339
v -6.845 20.345 -10.255
v -9.048 19.002 -12.426
v -9.504 18.979 -12.462
v -8.474 19.120 -12.339
v -8.613 19.045 -12.331
v -12.318 18.963 -12.471
v -16.287 18.963 -12.471
v -19.180 18.963 -12.471
v -22.350 18.963 -12.471
v -26.105 18.963 -12.471
v -28.316 18.963 -12.471
v -30.633 18.963 -12.471
v -33.159 18.963 -12.471
v -34.094 18.963 -12.471
v -38.623 18.963 -12.471
v -42.378 18.963 -12.471
v -46.058 18.963 -12.471
v -48.441 18.963 -12.471
v -52.409 18.963 -12.471
v -55.224 18.979 -12.462
v -55.679 19.002 -12.426
v -56.115 19.045 -12.331
v -57.305 19.495 -11.781
v -57.470 19.628 -11.339
v -56.276 19.130 -12.366
v -56.521 19.153 -12.161
v -56.891 19.283 -11.936
v -57.650 19.823 -11.121
v -57.959 20.391 -10.242
v -57.661 19.833 -10.984
v -57.894 20.129 -10.676
v -57.833 22.570 -6.224
v -57.906 28.286 3.491
v -57.883 28.489 3.840
v -57.606 28.494 4.019
v -57.760 28.452 3.959
v -56.237 28.703 4.376
v -56.967 29.170 5.191
v -56.656 29.408 5.431
v -56.967 29.064 5.004
v -56.966 28.342 3.761
v -57.258 28.397 3.851
v -56.803 28.343 3.760
v -56.758 28.993 4.882
v -56.482 28.416 3.879
v -52.409 30.653 7.776
v -54.199 30.764 7.969
v -48.441 31.921 9.972
v -52.333 30.964 8.005
v -46.881 32.419 10.835
v -46.058 33.364 12.473
v -48.441 32.603 11.155
v -42.378 33.857 13.326
v -46.058 32.682 11.290
v -38.623 35.057 15.404
v -41.032 34.287 14.071
v -35.274 36.126 17.257
v -37.412 36.126 17.257
v -34.094 36.503 17.910
v -34.094 37.172 19.068
v -33.396 37.329 19.323
v -33.878 37.277 19.078
v -33.307 36.723 18.274
v -33.760 36.609 18.074
v -32.916 37.385 19.415
v -30.633 37.172 19.068
v -32.970 36.933 18.419
v -31.758 36.933 18.419
v -31.404 36.721 18.268
v -30.633 36.503 17.910
v -31.811 37.385 19.415
v -32.364 36.834 18.428
v -30.967 36.609 18.074
v -32.750 37.172 18.731
v -29.453 36.126 17.257
v -28.316 36.446 17.810
v -28.316 35.763 16.627
v -26.105 35.057 15.404
v -27.316 36.126 17.257
v -23.695 34.287 14.071
v -15.709 32.419 10.835
v -12.666 30.764 7.969
v -16.287 31.921 9.972
v -12.318 30.653 7.776
v -9.776 29.841 6.370
v -9.776 30.523 7.552
v -7.022 29.637 5.995
v -8.072 29.408 5.431
v -7.761 29.170 5.191
v -7.211 28.499 4.028
v -6.907 28.466 3.868
v -7.776 29.057 4.992
v -6.845 28.275 3.497
v -7.834 28.343 3.761
v -7.513 28.416 3.882
v -7.008 28.474 3.987
v -7.317 28.704 4.364
v -8.348 28.858 4.650
v -8.288 28.432 3.910
v -8.037 28.985 4.869
v -33.159 17.001 -15.870
v -33.659 17.306 -15.342
v -33.159 17.306 -15.342
v -33.659 17.681 -14.691
v -33.661 18.563 -13.164
v -33.659 18.403 -13.442
v -31.067 18.563 -13.164
v -33.159 18.638 -13.034
v -31.068 18.403 -13.442
v -31.068 17.681 -14.691
v -31.091 17.305 -15.342
v -31.036 17.306 -15.341
v -16.287 32.603 11.155
v -17.846 32.419 10.835
v -19.180 32.845 11.573
v -19.180 33.527 12.755
v -22.350 33.857 13.326
v -9.776 18.963 -12.471
v -58.867 20.082 -10.736
v -30.633 17.681 -14.691
v -28.316 17.681 -14.691
v -28.316 18.403 -13.442
v -52.409 18.675 -12.970
v -42.378 18.675 -12.970
v -26.105 18.675 -12.970
v -22.350 18.675 -12.970
v -19.180 18.403 -13.442
v -16.287 18.675 -12.970
v -52.409 18.846 -12.674
v -48.441 18.675 -12.970
v -42.378 18.846 -12.674
v -38.623 18.675 -12.970
v -34.094 18.846 -12.674
v -34.094 18.675 -12.970
v -33.159 18.846 -12.674
v -30.633 18.675 -12.970
v -26.105 18.846 -12.674
v -22.350 18.846 -12.674
v -19.180 18.675 -12.970
v -16.287 18.846 -12.674
v -12.318 18.675 -12.970
v -9.776 18.846 -12.674
v -9.776 18.675 -12.970
v -8.435 18.675 -12.970
v -58.898 22.570 -6.224
v -58.068 25.904 -0.450
v -58.898 25.904 -0.450
v -58.068 22.570 -6.224
v -6.660 25.904 -0.450
v -6.660 22.570 -6.224
v -58.844 28.132 3.081
v -58.265 28.135 3.084
v -6.475 28.141 3.092
v -9.776 18.403 -13.442
v -8.418 18.937 -12.699
v -57.620 29.372 5.557
v -56.472 19.011 -12.670
v -56.293 18.675 -12.970
v -34.094 17.681 -14.691
v -12.318 18.846 -12.674
v -19.180 18.846 -12.674
v -28.316 18.846 -12.674
v -30.670 18.895 -12.748
v -38.623 18.846 -12.674
v -46.058 18.846 -12.674
v -48.441 18.846 -12.674
v -28.316 36.126 17.257
v -28.316 18.675 -12.970
v -56.240 28.612 4.214
v -56.563 28.964 4.823
v -31.097 20.784 -14.397
v -31.101 19.518 -16.590
v -33.632 20.786 -14.393
v -33.633 19.519 -16.588
v -31.099 18.702 -16.177
v -31.043 18.730 -16.129
v -31.045 19.521 -16.584
v -31.091 21.705 -17.882
v -31.036 21.706 -17.881
v -31.043 20.311 -17.042
v -31.099 20.283 -17.090
v -33.685 18.730 -16.129
v -33.659 21.705 -17.882
v -33.685 20.311 -17.042
v -33.629 18.702 -16.177
v -33.629 20.283 -17.090
v -33.657 20.009 -13.914
v -33.628 20.813 -14.346
v -33.659 23.000 -15.638
v -33.657 21.590 -14.826
v -31.043 19.995 -13.938
v -31.043 20.785 -14.395
v -31.036 23.000 -15.639
v -31.043 21.576 -14.851
v -31.091 23.001 -15.637
v -31.099 20.023 -13.889
v -31.099 21.604 -14.802
v -31.101 20.812 -14.348
v -58.958 19.984 -10.730
v -58.364 19.240 -12.041
v -57.393 18.792 -12.889
v -55.816 18.415 -13.456
v -42.078 19.630 -14.141
v -55.224 19.624 -14.159
v -55.967 19.637 -14.161
v -56.579 19.778 -13.896
v -57.341 19.921 -13.669
v -57.764 20.196 -13.199
v -58.392 20.447 -12.758
v -58.744 20.776 -12.188
v -58.961 21.134 -11.569
v -59.034 21.505 -10.925
v -59.034 29.443 2.823
v -57.850 29.584 5.875
v -58.405 29.253 5.301
v -58.660 29.003 4.894
v -58.703 28.965 4.802
v -58.963 28.484 3.999
v -58.957 29.822 3.480
v -58.732 30.186 4.111
v -58.365 30.521 4.690
v -57.873 30.812 5.194
v -57.184 30.979 5.494
v -40.082 36.458 14.976
v -37.992 37.122 16.143
v -34.365 38.311 18.184
v -33.851 38.429 18.405
v -33.082 38.616 18.712
v -32.364 38.650 18.771
v -31.646 38.616 18.712
v -30.877 38.429 18.405
v -30.377 38.293 18.169
v -26.534 37.109 16.101
v -28.639 37.783 17.269
v -7.551 30.985 5.498
v -6.024 28.965 4.802
v -6.854 30.812 5.194
v -6.362 30.521 4.690
v -5.996 30.186 4.111
v -5.770 29.822 3.480
v -5.808 29.435 2.827
v -5.835 21.518 -10.890
v -8.912 18.415 -13.456
v -7.279 18.754 -12.873
v -6.138 19.420 -11.701
v -7.284 18.746 -12.859
v -5.767 21.134 -11.569
v -6.045 20.789 -12.141
v -6.393 20.459 -12.712
v -6.976 20.182 -13.208
v -7.387 19.921 -13.669
v -8.149 19.778 -13.896
v -8.760 19.637 -14.161
v -9.504 19.624 -14.159
v -22.610 19.642 -14.112
v -22.852 19.637 -14.122
v -57.748 28.461 3.945
v -57.607 30.648 2.688
v -56.819 31.218 3.675
v -56.674 31.203 3.648
v -56.426 31.126 3.516
v -56.208 30.941 3.195
v -56.193 30.795 2.943
v -56.236 30.724 2.820
v -56.410 30.607 2.617
v -56.653 30.527 2.478
v -56.796 30.509 2.447
v -56.943 30.506 2.443
v -56.898 30.567 2.568
v -57.287 30.567 2.547
v -56.927 31.277 3.777
v -56.907 31.356 3.915
v -56.622 31.499 4.162
v -33.731 38.778 16.769
v -31.403 38.914 17.004
v -31.885 38.955 17.076
v -32.364 38.978 17.115
v -32.842 38.955 17.076
v -33.325 38.914 17.004
v -30.996 38.778 16.769
v -8.106 31.499 4.162
v -7.821 31.356 3.915
v -7.811 31.271 3.768
v -8.164 28.964 4.823
v -7.174 30.659 2.708
v -7.507 30.551 2.519
v -7.858 30.508 2.445
v -8.141 30.543 2.505
v -8.373 30.632 2.659
v -8.331 30.711 2.819
v -8.534 30.795 2.943
v -8.334 30.996 3.311
v -8.358 31.102 3.475
v -8.121 31.188 3.622
v -6.987 30.620 2.639
v -6.907 30.405 2.267
v -6.907 22.468 -11.481
v -8.591 19.106 -12.437
v -7.684 19.380 -11.800
v -7.363 19.574 -11.462
v -7.123 19.797 -11.077
v -9.504 21.198 -13.681
v -8.997 21.194 -13.686
v -8.510 21.268 -13.558
v -8.061 21.388 -13.350
v -7.708 21.570 -13.036
v -7.392 21.762 -12.703
v -7.105 21.971 -12.341
v -6.957 22.214 -11.920
v -57.820 30.405 2.267
v -57.820 22.468 -11.481
v -55.224 21.198 -13.681
v -57.715 22.220 -11.910
v -57.623 21.971 -12.341
v -57.336 21.762 -12.703
v -57.365 19.574 -11.462
v -57.060 21.550 -13.071
v -56.666 21.388 -13.350
v -57.044 19.380 -11.800
v -56.217 21.268 -13.558
v -56.654 19.219 -12.077
v -55.730 21.194 -13.686
v -56.142 19.105 -12.427
v -35.222 18.391 -16.319
v -34.304 18.261 -16.553
v -38.193 18.951 -15.349
v -38.782 19.027 -15.218
v -40.245 19.318 -14.714
v -26.534 18.951 -15.349
v -25.945 19.027 -15.218
v -28.639 18.576 -16.000
v -30.410 18.272 -16.532
v -29.505 18.391 -16.319
v -45.781 33.484 12.385
v -45.600 33.516 12.440
v -45.395 33.483 12.383
v -45.600 33.263 12.001
v -45.415 33.287 12.036
v -45.335 33.456 12.318
v -45.823 33.463 12.341
v -45.780 33.294 12.033
v -19.209 33.511 12.431
v -18.969 33.492 12.398
v -18.993 33.277 12.023
v -19.188 33.264 12.001
v -18.885 33.456 12.318
v -19.373 33.463 12.341
v -11.003 18.799 -13.053
v -10.809 18.855 -12.952
v -10.565 18.808 -13.038
v -11.054 18.753 -13.150
v -26.888 18.792 -13.065
v -26.708 18.852 -12.959
v -26.444 18.809 -13.034
v -26.929 18.753 -13.150
v -38.308 18.799 -13.053
v -38.104 18.855 -12.953
v -37.863 18.805 -13.043
v -38.359 18.753 -13.150
v -54.190 18.795 -13.060
v -54.007 18.853 -12.956
v -53.749 18.809 -13.034
v -54.234 18.753 -13.150
v -7.413 29.212 4.030
v -7.423 29.286 4.152
v -7.538 29.381 4.323
v -7.808 29.434 4.415
v -8.091 29.395 4.347
v -8.171 29.314 4.200
v -8.276 29.279 4.146
v -8.297 29.205 4.017
v -8.276 29.130 3.888
v -8.149 29.058 3.761
v -8.006 28.988 3.641
v -7.808 28.975 3.620
v -7.484 29.073 3.789
v -56.428 29.212 4.034
v -56.462 29.287 4.156
v -56.521 29.346 4.264
v -56.679 29.408 4.369
v -56.975 29.430 4.407
v -57.198 29.381 4.323
v -57.316 29.302 4.186
v -57.359 29.205 4.017
v -57.259 29.069 3.782
v -56.969 28.978 3.624
v -56.770 28.980 3.628
v -56.656 29.036 3.721
v -56.477 29.108 3.850
v -57.040 29.106 3.826
v -26.510 18.217 -14.065
v -26.682 18.205 -14.085
v -26.828 18.231 -14.027
v -26.674 18.467 -13.634
v -26.509 18.460 -13.655
v -29.990 18.206 -14.082
v -30.130 18.216 -14.044
v -29.991 18.466 -13.636
v -29.822 18.460 -13.660
v -29.815 18.227 -14.063
v -38.093 18.206 -14.082
v -38.227 18.216 -14.044
v -38.095 18.466 -13.635
v -37.933 18.462 -13.655
v -37.926 18.223 -14.069
v -34.606 18.217 -14.065
v -34.778 18.205 -14.085
v -34.927 18.233 -14.028
v -34.770 18.467 -13.634
v -34.399 18.502 -13.604
v -57.025 29.309 4.179
v -56.737 29.306 4.173
v -57.149 29.213 4.012
v -56.643 29.213 4.012
v -8.087 29.213 4.012
v -7.794 29.330 4.216
v -7.794 29.095 3.809
v -30.455 18.239 -16.614
v -30.456 19.188 -17.161
v -34.284 19.193 -17.153
v -34.240 21.414 -18.385
v -30.487 21.414 -18.385
v -30.439 19.194 -17.151
v -34.304 18.323 -16.420
v -30.411 18.319 -16.423
v -34.384 18.305 -16.462
v -34.384 18.298 -16.441
v -34.380 17.241 -15.791
v -34.400 17.250 -15.805
v -34.310 17.265 -15.756
v -35.544 18.508 -16.098
v -34.890 18.391 -16.319
v -35.528 17.450 -15.424
v -35.674 18.549 -16.024
v -34.337 17.244 -15.779
v -35.706 17.493 -15.360
v -34.319 17.989 -14.498
v -35.149 19.227 -14.850
v -35.071 18.119 -14.272
v -34.353 17.993 -14.472
v -34.309 19.116 -15.057
v -35.325 19.027 -15.218
v -34.304 19.188 -14.920
v -34.385 19.170 -14.963
v -34.382 19.163 -14.942
v -34.382 18.106 -14.293
v -34.317 18.124 -14.264
v -34.294 18.152 -14.242
v -36.402 19.567 -14.260
v -36.383 19.524 -14.355
v -36.256 18.440 -13.712
v -36.270 18.485 -13.640
v -34.317 18.486 -13.638
v -34.306 19.597 -14.221
v -34.308 19.676 -14.088
v -34.296 19.686 -14.039
v -34.282 20.743 -14.472
v -34.312 18.638 -13.374
v -33.903 18.973 -12.793
v -34.180 18.854 -13.000
v -33.682 18.997 -12.750
v -34.004 18.955 -12.852
v -34.270 18.772 -13.167
v -36.905 19.684 -14.083
v -36.744 18.609 -13.450
v -36.741 18.600 -13.431
v -36.891 18.615 -13.411
v -34.988 18.787 -13.075
v -34.800 18.854 -12.957
v -34.539 18.809 -13.035
v -36.842 18.980 -12.781
v -31.068 18.998 -12.748
v -33.688 21.015 -13.998
v -33.855 21.004 -14.028
v -34.006 20.970 -14.089
v -34.149 20.903 -14.204
v -34.244 20.823 -14.338
v -34.236 22.918 -15.781
v -34.250 22.854 -15.892
v -34.172 23.003 -15.634
v -34.064 23.078 -15.503
v -33.909 23.133 -15.408
v -33.694 23.168 -15.349
v -30.478 22.854 -15.892
v -30.489 22.913 -15.790
v -30.554 23.001 -15.637
v -30.871 23.143 -15.391
v -30.664 23.078 -15.503
v -31.112 23.171 -15.342
v -31.068 21.016 -13.995
v -30.439 20.726 -14.500
v -30.474 20.812 -14.358
v -30.463 18.781 -13.151
v -30.562 18.865 -12.984
v -30.626 20.926 -14.166
v -30.482 20.824 -14.337
v -30.900 21.007 -14.022
v -30.887 18.982 -12.779
v -30.232 18.795 -13.061
v -30.381 18.553 -13.523
v -30.433 19.681 -14.039
v -30.414 19.670 -14.097
v -30.410 19.600 -14.212
v -27.944 18.610 -13.418
v -27.931 18.510 -13.617
v -30.001 18.856 -12.952
v -29.765 18.804 -13.044
v -30.265 18.753 -13.151
v -27.863 19.546 -14.295
v -27.843 19.686 -14.085
v -28.639 19.653 -14.133
v -27.887 18.979 -12.782
v -27.787 20.920 -14.083
v -27.810 21.006 -14.012
v -25.208 18.983 -12.776
v -25.277 21.006 -14.012
v -25.300 20.923 -14.083
v -25.149 18.612 -13.414
v -25.274 19.686 -14.083
v -25.110 18.601 -13.456
v -22.837 18.613 -13.415
v -22.899 18.601 -13.456
v -25.144 19.647 -14.097
v -22.807 18.979 -12.782
v -36.946 20.925 -14.081
v -36.917 21.006 -14.012
v -39.424 21.015 -13.997
v -39.521 18.982 -12.777
v -39.468 21.000 -14.023
v -39.479 20.967 -14.079
v -39.583 18.617 -13.409
v -39.528 19.685 -14.083
v -39.628 18.609 -13.451
v -22.706 20.921 -14.083
v -22.744 19.684 -14.083
v -22.730 21.006 -14.012
v -20.128 18.983 -12.776
v -20.197 21.006 -14.012
v -20.221 20.920 -14.083
v -20.069 18.612 -13.414
v -20.161 19.689 -14.086
v -20.030 18.601 -13.456
v -41.830 18.602 -13.432
v -41.824 18.609 -13.450
v -42.000 18.616 -13.409
v -41.987 19.684 -14.084
v -41.922 18.980 -12.781
v -42.026 20.925 -14.081
v -41.997 21.006 -14.012
v -44.516 21.012 -14.002
v -44.550 18.998 -12.748
v -44.611 18.979 -12.782
v -44.558 20.994 -14.033
v -44.562 20.969 -14.077
v -44.663 18.617 -13.409
v -44.608 19.685 -14.083
v -44.708 18.609 -13.451
v -39.385 19.683 -14.084
v -40.245 19.659 -14.123
v -44.492 20.916 -14.082
v -44.465 19.683 -14.084
v -46.936 19.658 -14.104
v -46.904 18.609 -13.450
v -47.075 19.685 -14.082
v -46.921 18.605 -13.426
v -47.109 18.616 -13.409
v -46.202 18.818 -13.020
v -45.886 18.833 -12.992
v -45.740 18.723 -13.199
v -45.742 18.764 -13.129
v -47.002 18.980 -12.781
v -47.106 20.925 -14.081
v -47.077 21.006 -14.012
v -49.610 21.006 -14.012
v -49.634 18.998 -12.748
v -49.697 18.977 -12.787
v -49.582 20.924 -14.082
v -49.743 18.617 -13.409
v -49.688 19.685 -14.083
v -49.788 18.609 -13.451
v -52.013 18.610 -13.417
v -51.984 18.609 -13.450
v -52.022 19.659 -14.103
v -52.233 18.614 -13.413
v -52.042 18.954 -12.807
v -52.089 18.985 -12.776
v -52.186 20.925 -14.081
v -52.157 19.686 -14.082
v -52.157 21.006 -14.012
v -55.224 19.007 -12.728
v -55.224 21.079 -13.887
v -55.757 21.023 -13.984
v -55.722 19.021 -12.710
v -56.325 21.105 -13.841
v -56.192 19.083 -12.599
v -56.486 19.073 -12.638
v -56.837 21.261 -13.571
v -56.628 19.217 -12.370
v -57.371 21.343 -13.312
v -57.044 19.329 -12.174
v -57.437 19.389 -12.092
v -57.671 21.654 -12.890
v -57.690 19.556 -11.786
v -57.946 21.914 -12.439
v -57.621 19.717 -11.503
v -58.071 22.184 -11.971
v -57.944 20.156 -10.771
v -58.246 22.454 -11.413
v -58.188 20.432 -10.270
v -58.122 20.502 -10.135
v -58.820 20.518 -10.113
v -58.833 20.402 -10.319
v -58.868 21.545 -10.862
v -58.859 20.552 -10.081
v -49.546 19.683 -14.084
v -58.898 21.602 -10.734
v -58.867 22.783 -8.721
v -58.824 21.657 -8.144
v -58.753 20.946 -9.335
v -58.519 21.162 -8.963
v -58.316 20.972 -9.291
v -58.552 21.180 -8.947
v -58.691 21.160 -8.978
v -58.103 21.683 -8.100
v -58.060 21.716 -8.044
v -58.044 21.705 -8.040
v -58.045 21.692 -8.061
v -58.245 23.754 -9.165
v -58.132 23.017 -5.794
v -58.252 24.982 -7.021
v -58.045 22.999 -5.799
v -58.212 25.060 -6.991
v -58.819 23.038 -5.755
v -58.874 22.852 -8.592
v -58.850 24.163 -6.414
v -58.869 24.088 -6.452
v -58.891 26.542 -2.163
v -58.824 25.467 -1.545
v -58.865 26.595 -2.120
v -58.699 24.480 -3.212
v -58.508 24.492 -3.190
v -58.488 24.242 -3.622
v -58.719 24.258 -3.596
v -58.347 24.278 -3.583
v -58.345 24.471 -3.248
v -58.768 24.461 -3.258
v -58.358 24.459 -3.254
v -58.349 24.469 -3.251
v -58.103 25.494 -1.500
v -58.255 25.587 -1.336
v -58.044 25.515 -1.441
v -58.045 25.502 -1.462
v -58.245 27.564 -2.566
v -58.245 28.805 -0.417
v -58.195 26.785 0.738
v -58.045 26.810 0.802
v -58.126 26.856 0.856
v -58.836 26.870 0.885
v -58.874 26.661 -1.993
v -58.862 27.910 0.154
v -58.839 28.007 2.855
v -58.861 29.158 2.313
v -58.111 28.027 2.892
v -58.229 30.120 1.809
v -58.167 28.089 2.981
v -58.217 30.154 1.833
v -58.044 28.055 2.959
v -58.045 28.042 2.937
v -58.152 28.359 3.449
v -58.163 30.405 2.267
v -58.199 28.346 3.456
v -58.131 30.621 2.640
v -58.016 30.864 3.062
v -57.877 28.764 4.166
v -57.877 31.094 3.552
v -57.776 28.967 4.509
v -57.777 28.945 4.498
v -57.707 28.974 4.514
v -57.645 31.097 3.466
v -57.619 31.040 3.366
v -57.597 31.007 3.311
v -57.690 28.936 4.470
v -57.848 30.599 2.603
v -57.745 30.817 2.981
v -57.940 28.358 3.449
v -57.826 22.209 -11.929
v -57.776 19.958 -11.105
v -57.430 21.731 -12.757
v -56.991 19.380 -12.088
v -55.702 19.075 -12.617
v -9.504 21.079 -13.887
v -9.504 19.007 -12.728
v -9.025 19.075 -12.617
v -8.109 19.215 -12.372
v -7.628 21.530 -13.105
v -7.752 19.370 -12.102
v -7.547 19.448 -11.997
v -7.298 21.731 -12.757
v -7.128 19.719 -11.495
v -6.846 20.163 -10.760
v -6.952 19.958 -11.105
v -6.787 28.358 3.449
v -6.982 30.817 2.981
v -6.851 28.764 4.166
v -7.325 30.998 3.313
v -7.013 28.938 4.478
v -6.996 28.972 4.515
v -7.052 28.957 4.476
v -7.108 31.040 3.366
v -6.862 31.094 3.548
v -6.597 30.621 2.640
v -6.604 28.559 3.809
v -6.712 30.864 3.062
v -6.565 30.405 2.267
v -6.575 28.359 3.449
v -6.575 28.345 3.457
v -6.511 30.155 1.833
v -6.645 28.068 2.951
v -6.500 30.121 1.808
v -6.620 28.027 2.894
v -5.903 28.007 2.855
v -5.867 29.168 2.337
v -5.838 29.147 2.321
v -5.838 27.898 0.160
v -5.900 26.867 0.879
v -5.868 27.906 0.150
v -5.908 26.771 0.716
v -6.092 27.570 2.136
v -6.213 27.568 2.132
v -6.294 27.810 2.556
v -6.016 27.803 2.544
v -6.441 27.752 2.436
v -6.453 27.708 2.358
v -6.601 26.855 0.836
v -6.597 26.807 0.778
v -6.495 28.818 -0.428
v -6.511 25.586 -1.339
v -6.494 27.578 -2.575
v -6.627 25.494 -1.499
v -5.903 25.467 -1.544
v -5.869 26.602 -2.115
v -5.836 26.542 -2.165
v -5.838 26.578 -2.134
v -5.839 24.087 -6.440
v -5.907 23.038 -5.755
v -5.819 24.154 -6.334
v -5.866 24.095 -6.443
v -5.865 26.656 -2.007
v -5.835 26.664 -1.977
v -6.035 24.252 -3.606
v -6.272 24.246 -3.618
v -6.254 24.490 -3.195
v -6.058 24.486 -3.201
v -5.959 24.461 -3.258
v -6.453 24.374 -3.416
v -6.372 24.461 -3.253
v -5.900 24.166 -6.444
v -6.627 23.023 -5.780
v -6.515 25.060 -6.991
v -6.489 24.996 -7.034
v -6.494 23.768 -9.174
v -6.673 21.712 -8.042
v -6.626 21.684 -8.098
v -5.903 21.657 -8.143
v -5.869 22.792 -8.715
v -5.838 22.760 -8.740
v -5.829 21.601 -10.735
v -5.869 20.552 -10.081
v -5.869 21.562 -10.841
v -5.865 22.846 -8.606
v -5.835 22.854 -8.576
v -5.908 20.518 -10.114
v -5.894 20.399 -10.323
v -6.243 21.161 -8.965
v -6.070 21.163 -8.968
v -6.105 21.180 -8.948
v -6.189 21.180 -8.946
v -6.453 21.040 -9.190
v -6.606 20.502 -10.135
v -6.585 20.439 -10.257
v -6.494 22.470 -11.421
v -6.656 22.184 -11.971
v -6.613 20.181 -10.699
v -6.631 20.157 -10.769
v -6.822 21.912 -12.443
v -7.090 21.661 -12.878
v -6.881 19.732 -11.480
v -7.316 19.517 -11.851
v -7.388 21.336 -13.336
v -7.879 21.243 -13.602
v -7.793 19.180 -12.438
v -7.684 19.329 -12.174
v -8.402 21.105 -13.841
v -8.524 19.087 -12.596
v -8.970 21.023 -13.984
v -9.006 19.021 -12.710
v -12.570 21.006 -14.012
v -12.646 18.980 -12.781
v -12.542 20.924 -14.082
v -12.604 18.612 -13.414
v -12.590 19.692 -14.080
v -12.695 18.600 -13.458
v -14.989 18.610 -13.416
v -14.955 18.599 -13.459
v -15.034 19.699 -14.077
v -15.047 18.982 -12.776
v -15.120 20.926 -14.085
v -15.114 21.005 -14.014
v -15.160 21.016 -13.995
v -17.726 18.980 -12.781
v -17.650 21.006 -14.012
v -17.624 20.923 -14.082
v -17.709 18.614 -13.413
v -18.566 18.831 -12.995
v -18.439 18.722 -13.192
v -18.877 18.825 -13.007
v -18.439 18.766 -13.124
v -18.993 18.753 -13.151
v -17.819 18.601 -13.456
v -17.661 19.683 -14.084
v -20.064 19.647 -14.097
v -17.786 19.646 -14.098
v -29.088 18.544 -16.034
v -29.837 18.391 -16.319
v -30.416 17.266 -15.755
v -30.362 17.242 -15.787
v -29.109 17.478 -15.381
v -30.406 17.990 -14.495
v -29.660 18.120 -14.270
v -29.633 19.220 -14.861
v -30.411 19.122 -15.046
v -29.403 19.027 -15.218
v -30.411 19.184 -14.924
v -30.394 18.105 -14.275
v -28.455 18.482 -13.622
v -28.457 18.433 -13.707
v -28.371 19.581 -14.235
v -28.466 19.496 -14.403
v -28.342 19.524 -14.356
v -28.311 19.563 -14.267
v -25.304 20.835 -14.083
v -25.389 18.888 -12.939
v -25.382 18.610 -13.416
v -25.378 19.661 -14.098
v -25.586 19.615 -14.174
v -25.577 18.517 -13.583
v -25.376 20.979 -14.059
v -27.695 18.889 -12.937
v -27.722 20.977 -14.062
v -27.703 19.586 -14.227
v -27.666 18.502 -13.612
v -27.784 20.835 -14.083
v -27.704 18.609 -13.417
v -27.731 19.668 -14.086
v -20.271 19.674 -14.084
v -15.183 19.681 -14.085
v -30.842 21.921 -16.221
v -30.842 21.604 -16.297
v -30.841 21.629 -16.625
v -30.843 21.923 -16.657
v -30.836 22.109 -16.500
v -30.833 22.204 -16.420
v -30.843 20.750 -15.570
v -30.838 20.702 -15.540
v -30.843 20.468 -15.704
v -30.842 20.476 -15.935
v -30.841 20.666 -16.054
v -30.842 20.926 -15.942
v -30.842 20.937 -15.705
v -32.088 38.861 18.098
v -32.067 38.979 17.890
v -32.076 39.108 17.658
v -32.453 39.118 17.682
v -32.361 39.161 17.618
v -32.548 39.064 17.758
v -32.688 38.964 17.907
v -32.692 38.775 18.226
v -32.684 38.862 18.094
v -32.713 38.595 18.553
v -32.395 38.585 18.564
v -32.363 38.547 18.583
v -32.071 38.603 18.535
v -32.102 38.769 18.243
v -32.691 39.109 17.645
v -55.831 30.198 6.693
v -55.834 29.964 6.286
v -56.069 29.963 6.286
v -56.164 30.167 6.632
v -55.719 30.161 6.617
v -39.081 35.569 15.993
v -39.027 35.329 15.580
v -39.278 35.326 15.573
v -39.453 35.447 15.763
v -38.968 35.552 15.945
v -39.356 35.552 15.947
v -25.491 35.319 15.562
v -25.728 35.337 15.593
v -25.677 35.567 15.985
v -25.760 35.552 15.945
v -25.322 35.375 15.642
v -25.370 35.551 15.946
v -8.574 30.171 6.643
v -8.707 29.958 6.278
v -8.940 29.974 6.302
v -8.922 30.193 6.684
v -9.009 30.161 6.617
v -8.534 30.156 6.602
v -58.274 21.783 -7.925
v -58.838 21.782 -7.927
v -58.906 24.011 -6.565
v -58.250 22.918 -5.960
v -58.280 22.934 -5.922
v -58.832 22.935 -5.921
v -58.866 22.918 -5.960
v -58.838 25.592 -1.327
v -58.906 27.821 0.035
v -58.250 26.728 0.640
v -58.828 26.753 0.683
v -58.865 26.728 0.640
v -6.438 28.752 -0.388
v -6.425 26.755 0.691
v -5.822 27.820 0.034
v -5.862 26.728 0.640
v -6.478 26.728 0.640
v -5.890 25.592 -1.327
v -6.425 25.580 -1.345
v -6.438 27.513 -2.534
v -6.438 24.942 -6.987
v -6.422 22.961 -5.903
v -5.822 24.010 -6.566
v -5.862 22.918 -5.960
v -5.896 22.935 -5.921
v -6.427 22.936 -5.912
v -6.466 22.933 -5.932
v -6.478 22.918 -5.960
v -6.471 21.792 -7.912
v -5.890 21.782 -7.926
v -6.425 21.770 -7.944
v -6.438 23.703 -9.133
v -12.544 20.835 -14.083
v -12.475 18.882 -12.950
v -12.456 19.649 -14.091
v -12.441 19.648 -14.094
v -12.437 19.657 -14.113
v -12.427 18.899 -12.918
v -10.078 20.916 -14.082
v -10.149 18.888 -12.939
v -12.425 18.598 -13.460
v -12.428 18.592 -13.437
v -10.173 18.600 -13.458
v -10.163 19.649 -14.093
v -10.142 18.610 -13.416
v -10.065 20.835 -14.083
v -10.102 19.683 -14.085
v -10.006 20.835 -14.084
v -9.967 19.683 -14.083
v -9.990 20.915 -14.082
v -9.916 18.889 -12.937
v -9.926 18.610 -13.416
v -9.908 19.648 -14.093
v -9.504 19.656 -14.112
v -9.894 18.600 -13.459
v -9.504 18.596 -13.461
v -9.504 20.980 -14.057
v -9.504 18.901 -12.915
v -8.649 18.963 -12.809
v -8.197 19.062 -12.655
v -7.430 19.297 -12.233
v -9.114 18.916 -12.893
v -8.191 19.041 -12.659
v -9.504 18.590 -13.440
v -7.029 19.090 -12.593
v -7.052 19.107 -12.539
v -6.904 19.167 -12.457
v -7.054 19.068 -12.607
v -7.737 18.821 -13.053
v -8.657 18.643 -13.362
v -9.119 18.605 -13.431
v -7.499 18.906 -12.937
v -7.488 19.954 -13.563
v -7.704 19.890 -13.703
v -8.640 19.707 -14.021
v -8.887 19.678 -14.041
v -7.288 20.019 -13.450
v -9.137 19.665 -14.094
v -6.982 20.268 -13.189
v -7.330 21.351 -13.292
v -7.281 20.029 -13.466
v -6.872 20.237 -13.114
v -6.911 20.285 -13.126
v -7.267 19.380 -12.089
v -6.513 20.422 -12.781
v -6.207 20.676 -12.342
v -5.987 20.951 -11.867
v -5.865 21.227 -11.378
v -5.843 21.247 -11.373
v -7.324 21.455 -13.235
v -7.250 19.348 -12.126
v -7.022 21.647 -12.902
v -6.741 21.916 -12.436
v -6.711 19.870 -11.268
v -6.575 22.208 -11.930
v -6.615 19.964 -11.074
v -7.026 19.548 -11.798
v -6.425 20.407 -10.307
v -6.439 22.403 -11.387
v -6.530 19.364 -12.117
v -5.907 20.146 -10.744
v -5.897 20.148 -10.776
v -6.125 19.749 -11.477
v -15.139 20.835 -14.089
v -15.243 19.649 -14.093
v -15.153 20.835 -14.071
v -15.163 20.924 -14.079
v -15.229 18.888 -12.939
v -15.222 18.610 -13.416
v -17.528 19.657 -14.109
v -17.528 19.648 -14.093
v -15.253 18.600 -13.458
v -17.519 18.894 -12.925
v -17.542 20.980 -14.058
v -17.511 18.599 -13.458
v -17.563 18.881 -12.959
v -17.624 20.835 -14.083
v -17.524 18.597 -13.429
v -20.224 20.835 -14.083
v -20.281 20.975 -14.066
v -20.309 18.888 -12.939
v -20.302 18.610 -13.416
v -20.323 19.649 -14.093
v -22.619 19.658 -14.105
v -20.333 18.600 -13.458
v -22.611 18.890 -12.933
v -22.634 20.979 -14.060
v -22.591 18.599 -13.458
v -22.653 18.879 -12.974
v -22.704 20.835 -14.083
v -22.619 18.606 -13.420
v -36.944 20.835 -14.083
v -37.015 18.883 -12.949
v -36.936 19.557 -14.277
v -37.050 19.657 -14.113
v -37.069 19.608 -14.187
v -37.076 18.508 -13.596
v -36.973 18.483 -13.656
v -37.067 18.591 -13.438
v -39.326 19.649 -14.093
v -39.314 18.600 -13.459
v -39.344 18.609 -13.419
v -37.066 18.900 -12.916
v -39.340 18.887 -12.941
v -39.410 20.915 -14.082
v -39.423 20.835 -14.083
v -42.024 20.835 -14.083
v -42.103 18.887 -12.942
v -44.406 19.649 -14.093
v -42.125 18.602 -13.458
v -42.152 18.596 -13.460
v -42.152 18.901 -12.915
v -44.415 18.889 -12.937
v -42.152 18.590 -13.439
v -44.391 18.599 -13.458
v -44.503 20.835 -14.083
v -44.424 18.609 -13.417
v -47.104 20.835 -14.083
v -47.189 18.888 -12.939
v -47.200 19.648 -14.093
v -49.486 19.649 -14.093
v -47.213 18.600 -13.458
v -49.495 18.889 -12.937
v -49.471 18.599 -13.458
v -49.583 20.835 -14.083
v -49.504 18.609 -13.417
v -52.184 20.835 -14.083
v -52.272 18.889 -12.937
v -52.280 19.648 -14.093
v -52.295 18.599 -13.458
v -54.578 18.888 -12.939
v -54.689 20.912 -14.083
v -54.566 19.649 -14.093
v -54.554 18.600 -13.459
v -54.586 18.610 -13.416
v -54.693 20.835 -14.083
v -54.654 19.687 -14.084
v -54.769 19.674 -14.084
v -54.812 18.889 -12.937
v -54.802 18.610 -13.416
v -54.820 19.648 -14.093
v -55.224 19.656 -14.112
v -54.833 18.600 -13.458
v -54.784 20.976 -14.064
v -55.224 20.980 -14.057
v -55.224 18.901 -12.915
v -56.860 21.226 -13.632
v -55.730 18.944 -12.871
v -56.078 18.963 -12.809
v -55.600 18.913 -12.895
v -56.948 19.173 -12.447
v -57.298 19.296 -12.234
v -55.224 18.596 -13.461
v -55.224 18.590 -13.440
v -57.697 19.088 -12.594
v -57.688 19.118 -12.539
v -57.405 18.956 -12.820
v -55.583 18.602 -13.434
v -56.990 18.821 -13.053
v -56.071 18.643 -13.362
v -55.837 18.631 -13.413
v -55.841 19.678 -14.041
v -56.087 19.707 -14.021
v -57.024 19.890 -13.703
v -57.415 20.018 -13.476
v -55.590 19.665 -14.094
v -57.440 20.019 -13.450
v -57.741 20.175 -13.207
v -57.736 20.264 -13.192
v -57.454 20.031 -13.478
v -57.766 20.276 -13.182
v -57.863 20.237 -13.112
v -57.819 20.282 -13.123
v -57.464 19.378 -12.088
v -57.859 19.180 -12.435
v -58.866 21.231 -11.377
v -58.741 20.951 -11.867
v -58.622 20.802 -12.094
v -58.520 20.676 -12.342
v -58.221 20.427 -12.770
v -57.403 21.455 -13.235
v -57.477 19.348 -12.126
v -58.153 22.208 -11.930
v -58.113 19.964 -11.074
v -57.938 19.745 -11.453
v -58.217 20.194 -10.676
v -58.188 20.165 -10.757
v -58.197 19.364 -12.117
v -58.602 19.749 -11.477
v -58.831 20.148 -10.776
v -58.279 30.064 1.863
v -58.811 28.123 3.040
v -58.903 29.220 2.463
v -58.907 29.434 2.828
v -58.203 30.176 1.871
v -58.218 28.568 3.826
v -58.101 28.814 4.241
v -58.110 28.810 4.255
v -57.897 29.085 4.722
v -58.874 28.359 3.448
v -58.859 28.345 3.457
v -58.491 29.156 4.845
v -58.845 28.548 3.790
v -58.771 28.764 4.167
v -58.640 28.983 4.546
v -58.883 29.632 3.174
v -58.799 29.844 3.564
v -58.679 30.074 3.932
v -58.663 30.068 3.952
v -58.428 30.315 4.330
v -57.924 31.037 3.566
v -58.402 30.327 4.249
v -58.811 29.861 3.558
v -58.348 30.376 4.334
v -58.335 29.275 5.052
v -58.354 29.287 5.052
v -58.168 30.538 4.742
v -57.886 30.707 5.032
v -57.564 30.854 5.289
v -58.313 29.246 5.013
v -57.503 31.333 3.874
v -57.564 29.311 5.112
v -57.236 29.482 5.408
v -57.191 31.521 4.200
v -56.897 29.629 5.663
v -56.856 31.649 4.421
v -57.207 29.868 6.076
v -58.041 29.491 5.443
v -56.994 29.922 6.171
v -56.790 31.677 4.495
v -56.808 31.640 4.503
v -56.833 31.620 4.573
v -57.140 31.016 5.441
v -56.814 31.655 4.553
v -57.059 31.020 5.553
v -57.050 31.055 5.521
v -56.644 29.602 5.617
v -55.089 30.539 7.243
v -55.081 31.642 6.671
v -55.075 30.548 7.251
v -55.029 30.533 7.229
v -56.723 29.519 5.489
v -57.046 31.454 4.084
v -57.030 29.408 5.280
v -57.388 29.266 5.035
v -57.591 29.079 4.712
v -55.081 31.662 6.675
v -55.037 31.645 6.667
v -54.968 31.690 6.710
v -55.001 31.705 6.619
v -54.599 30.278 6.785
v -57.618 29.589 4.358
v -57.276 31.246 3.723
v -57.305 29.231 4.974
v -33.792 38.826 16.852
v -33.915 36.868 18.205
v -30.935 38.826 16.852
v -31.281 36.911 18.284
v -31.361 36.925 18.274
v -31.840 39.072 17.279
v -32.364 39.034 17.213
v -32.142 37.015 18.462
v -32.887 39.072 17.279
v -32.586 37.015 18.462
v -33.433 36.907 18.270
v -30.861 36.830 18.139
v -8.004 29.519 5.489
v -7.764 31.407 4.002
v -7.700 29.406 5.279
v -7.422 29.231 4.974
v -7.451 31.246 3.723
v -7.135 29.079 4.712
v -7.182 31.077 3.431
v -7.109 29.592 4.355
v -7.568 31.511 4.183
v -7.224 31.333 3.874
v -7.240 29.292 5.077
v -7.902 31.639 4.522
v -7.505 29.478 5.398
v -8.083 29.601 5.615
v -7.354 29.254 5.036
v -7.982 31.643 4.411
v -7.984 31.689 4.490
v -7.746 29.927 6.180
v -7.674 31.019 5.558
v -9.666 30.537 7.237
v -9.667 31.643 6.670
v -9.653 30.548 7.251
v -10.135 30.282 6.790
v -10.044 30.247 6.753
v -10.117 32.369 5.698
v -9.727 31.705 6.619
v -12.203 33.025 6.877
v -12.026 31.294 8.549
v -11.879 32.382 7.825
v -54.609 32.370 5.698
v -52.525 33.025 6.879
v -52.747 31.284 8.529
v -52.857 32.371 7.831
v -52.827 32.371 7.898
v -50.657 33.066 9.106
v -50.342 33.722 8.082
v -50.334 31.614 9.102
v -50.599 31.687 9.271
v -51.130 31.686 9.268
v -51.152 31.722 9.312
v -50.896 31.570 9.048
v -50.833 31.570 9.048
v -48.244 34.393 9.250
v -48.079 32.337 10.355
v -48.525 33.775 10.206
v -46.491 33.275 11.980
v -46.465 34.406 11.410
v -48.449 33.763 10.351
v -46.081 33.001 11.504
v -46.002 33.060 11.607
v -46.023 35.108 10.434
v -46.071 35.079 10.484
v -43.799 33.705 12.724
v -43.901 35.784 11.585
v -44.146 34.007 13.241
v -44.140 34.028 13.290
v -44.218 35.128 12.631
v -44.130 34.059 13.319
v -42.215 34.633 14.341
v -42.232 34.657 14.351
v -42.201 35.767 13.773
v -44.211 35.123 12.675
v -41.735 34.462 14.034
v -41.842 34.348 13.858
v -41.762 34.359 13.837
v -41.755 34.336 13.833
v -41.770 36.476 12.814
v -41.782 36.431 12.860
v -39.540 35.042 15.041
v -39.685 37.124 13.992
v -39.512 35.080 15.105
v -39.940 35.358 15.586
v -39.967 36.483 14.999
v -39.853 35.409 15.676
v -37.974 36.011 16.718
v -37.829 36.037 16.764
v -39.909 36.504 15.075
v -37.492 35.716 16.208
v -37.495 37.824 15.203
v -37.865 37.152 16.166
v -33.946 38.946 17.060
v -33.305 39.098 17.323
v -33.550 37.001 18.433
v -33.413 36.984 18.376
v -32.898 37.058 18.504
v -32.364 39.159 17.430
v -32.594 37.067 18.547
v -32.364 37.083 18.547
v -31.830 37.058 18.504
v -32.134 37.067 18.547
v -31.218 39.060 17.259
v -31.185 37.000 18.429
v -30.781 38.946 17.060
v -33.477 36.940 18.349
v -27.232 37.823 15.204
v -27.229 35.717 16.209
v -26.789 36.008 16.712
v -26.922 37.171 16.199
v -24.875 35.409 15.676
v -24.862 35.380 15.624
v -24.821 36.506 15.077
v -26.808 37.134 16.144
v -25.216 35.080 15.106
v -25.188 35.042 15.041
v -25.107 37.152 13.952
v -24.791 36.490 15.018
v -22.979 36.443 12.775
v -22.990 34.358 13.835
v -22.994 34.336 13.831
v -22.926 34.360 13.841
v -22.935 36.428 12.888
v -22.924 36.467 12.793
v -22.899 34.365 13.860
v -22.885 34.348 13.858
v -22.923 34.337 13.835
v -22.507 34.636 14.348
v -22.566 35.783 13.797
v -22.493 34.660 14.358
v -20.582 34.028 13.292
v -20.588 34.060 13.324
v -20.552 35.141 12.727
v -20.572 34.015 13.243
v -20.929 33.705 12.723
v -20.762 35.756 11.623
v -20.419 35.096 12.603
v -18.669 35.087 10.466
v -18.688 33.030 11.556
v -18.682 32.957 11.450
v -18.232 33.274 11.977
v -18.259 34.406 11.406
v -16.232 33.760 10.300
v -16.475 32.352 10.378
v -16.660 32.342 10.371
v -16.484 34.393 9.249
v -16.203 33.775 10.206
v -14.393 31.614 9.102
v -14.386 33.722 8.083
v -14.129 31.688 9.270
v -13.597 31.687 9.270
v -13.863 31.570 9.048
v -13.988 33.041 9.033
v -11.947 32.388 7.920
v -48.498 33.759 10.298
v -48.487 33.742 10.291
v -48.620 33.715 10.229
v -46.365 34.435 11.475
v -44.337 35.085 12.595
v -42.086 35.807 13.818
v -42.070 35.810 13.872
v -24.680 36.466 14.961
v -22.642 35.810 13.858
v -20.514 35.126 12.683
v -18.368 34.437 11.482
v -16.241 33.742 10.293
v -16.113 33.716 10.229
v -14.074 33.066 9.106
v -11.814 32.345 7.865
v -9.686 31.667 6.673
v -9.806 31.704 6.738
v -7.681 31.054 5.532
v -37.464 35.855 16.430
v -37.771 37.192 16.267
v -35.728 37.835 17.355
v -35.855 37.818 17.333
v -37.733 36.097 16.869
v -37.433 35.842 16.430
v -35.385 36.505 17.572
v -35.387 38.495 16.391
v -35.511 36.443 17.474
v -35.851 36.716 17.918
v -35.759 36.709 17.929
v -35.625 37.880 17.457
v -34.344 38.284 18.162
v -35.610 36.767 18.023
v -35.585 36.785 18.061
v -34.325 37.188 18.760
v -33.338 38.513 18.552
v -33.327 37.410 19.143
v -32.753 38.543 18.620
v -32.783 37.450 19.210
v -35.245 36.529 17.609
v -33.185 37.110 18.623
v -32.856 37.320 19.005
v -32.685 39.182 17.538
v -33.581 39.065 17.266
v -32.786 38.581 18.651
v -32.043 39.179 17.542
v -31.928 38.776 18.213
v -31.934 38.854 18.097
v -31.935 38.909 17.972
v -31.940 38.576 18.613
v -31.979 38.543 18.617
v -31.913 37.237 18.840
v -31.879 37.319 18.987
v -31.934 37.442 19.202
v -31.958 37.462 19.220
v -31.953 38.581 18.651
v -31.937 38.581 18.652
v -31.942 38.547 18.643
v -31.389 38.513 18.552
v -31.400 37.410 19.143
v -30.735 36.928 18.310
v -31.556 39.139 17.395
v -31.542 37.110 18.623
v -29.411 36.522 17.602
v -29.340 38.495 16.390
v -29.104 37.880 17.457
v -29.141 36.785 18.060
v -29.039 36.716 17.942
v -29.118 36.767 18.023
v -29.038 37.847 17.370
v -28.924 37.812 17.340
v -29.237 36.471 17.516
v -26.958 37.193 16.268
v -28.913 36.706 17.922
v -29.217 36.444 17.476
v -27.263 35.855 16.430
v -27.299 35.842 16.430
v -26.996 36.098 16.870
v -26.980 36.068 16.817
v -54.634 32.326 5.783
v -54.569 30.374 6.965
v -52.969 32.339 7.859
v -52.967 31.233 8.444
v -52.892 31.227 8.435
v -52.553 32.987 6.959
v -52.961 31.239 8.451
v -50.359 33.684 8.164
v -50.308 33.757 8.076
v -50.295 31.742 9.323
v -50.584 31.981 9.737
v -50.578 31.948 9.699
v -50.316 31.747 9.354
v -50.235 31.741 9.322
v -50.242 33.762 8.081
v -48.336 32.364 10.401
v -48.275 34.342 9.313
v -48.635 32.600 10.810
v -46.346 34.454 11.413
v -46.311 33.329 12.049
v -46.333 34.453 11.527
v -46.304 33.345 12.102
v -44.058 33.724 12.760
v -43.984 35.749 11.635
v -44.358 33.967 13.179
v -44.044 33.761 12.804
v -42.027 34.693 14.433
v -40.080 36.437 14.967
v -42.021 34.722 14.486
v -39.776 35.097 15.135
v -40.095 35.337 15.553
v -40.041 36.440 14.957
v -25.025 37.116 14.002
v -24.658 36.437 14.965
v -24.954 35.099 15.138
v -24.654 35.335 15.547
v -22.667 35.811 13.880
v -23.012 34.477 14.061
v -22.974 36.480 12.827
v -22.708 34.723 14.489
v -22.701 34.692 14.433
v -22.655 35.798 13.824
v -20.684 33.761 12.803
v -20.373 33.968 13.179
v -20.671 33.726 12.763
v -18.769 33.108 11.690
v -18.762 35.128 10.448
v -18.425 33.346 12.103
v -18.452 33.355 12.139
v -16.453 34.343 9.312
v -16.103 32.599 10.810
v -16.038 33.709 10.229
v -16.041 32.603 10.813
v -14.447 31.742 9.323
v -14.425 33.758 8.077
v -14.369 33.684 8.164
v -14.412 31.747 9.354
v -14.142 31.980 9.734
v -14.150 31.948 9.699
v -12.174 32.986 6.959
v -11.848 32.345 7.846
v -12.111 30.996 8.032
v -11.856 31.230 8.427
v -11.804 31.228 8.440
v -11.797 31.244 8.453
v -10.163 30.374 6.964
v -9.863 30.611 7.366
v -10.094 32.326 5.783
v -7.895 31.621 4.573
v -7.908 31.669 4.497
v -7.587 31.016 5.441
v -7.830 29.628 5.661
v -7.525 29.867 6.074
v -7.163 30.854 5.289
v -6.841 30.707 5.032
v -6.560 30.538 4.742
v -6.310 30.324 4.348
v -6.831 29.084 4.719
v -6.388 29.276 5.050
v -6.316 29.186 4.899
v -7.080 29.712 5.808
v -6.678 29.502 5.443
v -6.803 31.037 3.567
v -6.325 30.327 4.249
v -6.236 29.156 4.845
v -5.859 29.639 3.211
v -5.929 29.844 3.564
v -6.049 30.074 3.932
v -6.065 30.068 3.952
v -5.916 29.861 3.558
v -5.838 29.629 3.158
v -6.746 29.043 4.667
v -6.627 28.814 4.241
v -6.617 28.810 4.255
v -6.524 30.175 1.869
v -6.429 28.118 3.066
v -6.421 28.122 3.039
v -5.883 28.548 3.790
v -5.957 28.764 4.167
v -6.088 28.983 4.546
v -5.854 28.359 3.448
v -5.869 28.345 3.457
v -5.824 29.220 2.462
v -5.884 28.133 3.079
v -5.916 28.123 3.041
v -6.461 30.080 1.860
v -6.438 30.051 1.866
v -6.445 30.073 1.846
v -33.885 21.605 -16.296
v -33.886 21.922 -16.221
v -33.894 22.204 -16.420
v -33.891 22.106 -16.500
v -33.885 21.920 -16.658
v -33.886 21.628 -16.624
v -33.885 20.469 -15.701
v -33.884 20.749 -15.570
v -33.891 20.701 -15.539
v -33.886 20.935 -15.703
v -33.885 20.926 -15.942
v -33.886 20.668 -16.053
v -33.886 20.477 -15.937
v -33.912 20.429 -16.282
v -33.912 20.156 -15.806
v -33.912 20.978 -16.281
v -33.912 20.428 -15.334
v -33.912 21.250 -15.809
v -33.912 20.977 -15.333
v -34.264 20.985 -16.300
v -34.272 20.421 -16.299
v -34.281 20.136 -15.809
v -34.264 21.270 -15.809
v -34.281 20.418 -15.317
v -34.272 20.988 -15.317
v -33.912 21.529 -16.917
v -33.908 21.258 -16.440
v -33.912 22.078 -16.916
v -33.910 21.531 -15.969
v -33.910 22.076 -15.970
v -33.913 21.254 -16.453
v -34.250 21.518 -16.933
v -34.260 21.236 -16.458
v -34.258 21.236 -16.435
v -34.259 21.518 -15.952
v -34.242 22.085 -16.934
v -33.919 22.354 -16.453
v -33.916 22.354 -16.439
v -34.250 22.085 -15.951
v -34.243 22.370 -16.458
v -34.240 22.370 -16.435
v -30.818 20.976 -15.335
v -30.818 20.431 -15.334
v -30.815 21.250 -15.809
v -30.818 20.157 -15.809
v -30.815 20.978 -16.281
v -30.818 20.430 -16.280
v -30.463 20.986 -16.299
v -30.462 20.424 -16.294
v -30.446 20.417 -16.307
v -30.458 20.144 -15.808
v -30.463 21.271 -15.809
v -30.440 20.131 -15.810
v -30.458 20.423 -15.323
v -30.462 20.985 -15.322
v -30.440 20.415 -15.313
v -30.446 20.993 -15.309
v -30.818 22.076 -15.970
v -30.818 21.531 -15.969
v -30.819 21.258 -16.440
v -30.815 22.078 -16.916
v -30.815 21.529 -16.917
v -30.478 22.085 -15.951
v -30.469 21.521 -15.951
v -30.812 22.354 -16.439
v -30.486 22.370 -16.434
v -30.809 22.354 -16.453
v -30.469 21.236 -16.434
v -30.814 21.254 -16.453
v -30.485 22.370 -16.458
v -30.468 21.236 -16.457
v -30.486 22.088 -16.933
v -30.477 21.518 -16.932
v -57.391 30.996 3.312
v -57.391 30.711 2.819
v -56.896 31.140 3.561
v -56.418 30.464 3.606
v -56.399 30.997 3.314
v -56.400 30.710 2.816
v -7.834 31.140 3.561
v -7.352 30.994 3.323
v -7.350 30.467 3.594
v -7.350 30.202 3.136
v -7.335 30.712 2.819
v -7.835 30.567 2.569
v -7.352 30.700 2.815
v -38.820 18.499 -13.610
v -39.109 18.099 -14.304
v -37.529 17.817 -14.794
v -39.084 18.085 -14.354
v -39.044 18.486 -13.638
v -37.452 18.869 -15.470
v -38.824 19.605 -14.195
v -39.124 19.148 -14.985
v -38.987 19.586 -14.228
v -39.264 19.193 -14.907
v -39.165 19.170 -14.964
v -38.450 19.027 -15.218
v -37.357 19.027 -15.218
v -25.811 18.489 -13.633
v -25.505 18.118 -14.271
v -27.321 17.795 -14.833
v -25.653 18.074 -14.333
v -25.643 18.084 -14.354
v -27.146 17.811 -14.809
v -27.286 18.864 -15.477
v -25.589 19.155 -14.977
v -25.783 19.585 -14.230
v -25.462 19.193 -14.908
v -27.149 18.872 -15.485
v -26.277 19.027 -15.218
v -27.404 19.027 -15.218
v -41.219 19.574 -14.244
v -40.245 19.624 -14.184
v -41.270 19.564 -14.268
v -41.228 19.524 -14.356
v -37.326 18.828 -15.559
v -37.289 19.027 -15.218
v -35.274 19.269 -14.774
v -23.481 19.568 -14.259
v -23.501 19.524 -14.355
v -29.479 19.250 -14.811
v -28.931 18.553 -16.019
v -27.401 18.828 -15.559
v -37.328 18.825 -15.533
v -37.314 17.778 -14.863
v -36.892 18.430 -13.752
v -35.280 18.137 -14.233
v -35.296 18.170 -14.188
v -41.111 18.486 -13.638
v -41.100 18.440 -13.712
v -39.329 18.135 -14.241
v -39.281 18.156 -14.227
v -25.350 18.137 -14.264
v -23.627 18.440 -13.711
v -23.617 18.486 -13.637
v -25.447 18.156 -14.225
v -27.836 18.431 -13.753
v -28.931 17.493 -15.356
v -29.435 18.169 -14.191
v -29.448 18.139 -14.231
v -36.848 18.429 -13.726
v -27.885 18.430 -13.724
v -27.450 17.756 -14.880
f 2 1 5
f 6 5 1
f 2 4 1
f 4 3 1
f 7 6 1
f 8 5 6
f 9 2 5
f 4 2 11
f 2 10 11
f 4 11 12
f 12 3 4
f 1 3 7
f 3 12 7
f 9 10 2
f 8 9 5
f 7 8 6
f 19 15 16
f 18 20 17
f 7 21 13
f 16 23 24
f 17 22 18
f 24 19 16
f 13 26 7
f 7 12 21
f 23 30 31
f 31 24 23
f 18 25 28
f 18 34 20
f 11 10 32
f 33 34 18
f 27 10 9
f 36 38 37
f 33 28 35
f 28 33 18
f 26 8 7
f 30 40 41
f 41 31 30
f 46 47 36
f 16 19 47
f 10 27 39
f 45 29 12
f 40 30 42
f 47 46 16
f 10 39 32
f 12 11 45
f 42 48 40
f 49 9 8
f 42 38 36
f 36 37 46
f 44 43 42
f 8 50 49
f 42 51 38
f 30 44 42
f 36 48 42
f 44 52 43
f 15 56 55
f 55 54 15
f 14 56 15
f 14 57 56
f 21 58 59
f 60 59 57
f 13 21 14
f 60 14 21
f 57 14 60
f 59 60 21
f 56 57 61
f 61 62 56
f 68 64 65
f 45 65 66
f 29 66 67
f 69 67 58
f 11 68 45
f 12 29 21
f 68 32 63
f 63 64 68
f 68 11 32
f 69 21 29
f 58 21 69
f 67 69 29
f 66 29 45
f 65 45 68
f 59 58 70
f 70 61 57
f 57 59 70
f 32 35 28
f 28 68 32
f 58 72 71
f 72 58 67
f 72 67 66
f 66 73 72
f 65 74 73
f 74 65 64
f 64 75 74
f 58 71 70
f 75 64 63
f 73 66 65
f 68 25 77
f 64 77 78
f 77 64 68
f 68 28 25
f 63 75 79
f 70 71 83
f 71 72 83
f 72 73 82
f 73 74 81
f 74 75 80
f 80 81 74
f 81 82 73
f 82 83 72
f 83 76 70
f 76 85 84
f 84 70 76
f 84 62 61
f 61 70 84
f 55 56 84
f 56 62 84
f 54 86 87
f 23 15 54
f 87 23 54
f 23 16 15
f 86 54 55
f 44 23 88
f 44 30 23
f 53 44 88
f 88 89 53
f 64 78 90
f 90 75 64
f 90 91 80
f 80 75 90
f 93 94 95
f 95 92 93
f 17 20 94
f 94 93 17
f 94 20 27
f 95 94 27
f 27 97 95
f 34 27 20
f 95 98 96
f 96 92 95
f 26 99 100
f 103 100 101
f 50 101 102
f 49 102 95
f 26 103 50
f 97 27 94
f 27 9 94
f 94 95 97
f 50 8 26
f 94 9 49
f 95 94 49
f 102 49 50
f 101 50 103
f 100 103 26
f 97 98 104
f 98 95 97
f 96 98 105
f 105 106 96
f 14 57 107
f 13 14 26
f 26 107 99
f 108 26 14
f 107 26 108
f 107 108 14
f 109 98 95
f 110 109 101
f 109 102 101
f 101 111 110
f 99 112 111
f 99 113 112
f 111 100 99
f 111 101 100
f 95 102 109
f 98 109 117
f 109 110 116
f 110 111 115
f 111 112 114
f 112 113 114
f 114 115 111
f 115 116 110
f 116 117 109
f 117 105 98
f 107 61 113
f 113 99 107
f 107 57 61
f 118 119 56
f 56 15 118
f 57 56 62
f 62 61 57
f 62 120 113
f 120 114 113
f 120 121 114
f 113 61 62
f 120 62 56
f 56 119 120
f 15 16 46
f 118 46 122
f 118 15 46
f 119 118 122
f 122 123 119
f 125 124 38
f 38 126 125
f 38 124 46
f 46 37 38
f 33 35 127
f 35 32 128
f 32 39 127
f 127 128 32
f 128 127 35
f 39 27 127
f 27 34 129
f 34 33 127
f 127 129 34
f 129 127 27
f 17 130 131
f 131 22 17
f 25 18 132
f 132 133 25
f 134 91 90
f 134 135 91
f 84 136 86
f 86 55 84
f 23 87 138
f 138 88 23
f 137 89 88
f 86 137 138
f 87 86 138
f 88 138 137
f 139 53 89
f 137 86 136
f 136 89 137
f 136 139 89
f 136 140 139
f 140 141 139
f 140 84 85
f 140 136 84
f 83 135 140
f 91 81 80
f 91 82 81
f 91 135 82
f 76 140 85
f 141 140 135
f 83 82 135
f 140 76 83
f 142 139 141
f 53 139 142
f 135 134 142
f 142 141 135
f 44 144 143
f 44 143 52
f 44 53 144
f 144 53 142
f 142 134 144
f 145 120 119
f 119 123 145
f 146 147 124
f 147 122 46
f 147 123 122
f 123 147 146
f 46 124 147
f 124 125 146
f 125 126 148
f 146 125 145
f 145 123 146
f 148 145 125
f 149 145 148
f 148 150 149
f 149 121 120
f 120 145 149
f 151 148 126
f 152 126 38
f 152 153 126
f 51 152 38
f 150 148 151
f 154 114 149
f 154 149 150
f 121 149 114
f 154 106 116
f 154 116 115
f 106 117 116
f 106 105 117
f 154 115 114
f 153 155 151
f 151 126 153
f 154 150 151
f 151 155 154
f 106 154 155
f 155 96 106
f 47 19 156
f 36 47 157
f 48 36 158
f 40 48 159
f 41 40 160
f 31 41 161
f 24 31 162
f 19 24 163
f 163 156 19
f 162 163 24
f 161 162 31
f 160 161 41
f 159 160 40
f 158 159 48
f 157 158 36
f 156 157 47
f 43 52 164
f 78 52 143
f 52 78 164
f 133 77 25
f 77 133 164
f 143 144 78
f 78 77 164
f 144 134 90
f 90 78 144
f 164 133 132
f 132 165 164
f 132 166 165
f 167 132 18
f 132 167 168
f 169 165 166
f 153 130 93
f 51 170 130
f 130 153 152
f 153 93 92
f 17 93 130
f 152 51 130
f 153 92 96
f 96 155 153
f 51 42 170
f 170 171 131
f 131 130 170
f 131 172 22
f 167 18 22
f 22 172 167
f 172 173 167
f 167 174 175
f 167 175 176
f 131 171 177
f 173 131 22
f 131 173 172
f 173 178 174
f 174 167 173
f 179 178 173
f 180 179 173
f 181 182 183
f 181 184 182
f 183 185 181
f 178 184 181
f 181 174 178
f 189 184 179
f 179 186 189
f 186 179 180
f 186 187 188
f 188 189 186
f 189 188 183
f 183 184 189
f 182 184 183
f 178 179 184
f 192 183 188
f 188 191 192
f 191 188 187
f 190 191 187
f 196 181 185
f 193 195 196
f 176 175 195
f 175 196 195
f 175 181 196
f 175 174 181
f 193 194 195
f 185 193 196
f 197 198 193
f 193 185 197
f 194 198 199
f 198 194 193
f 200 177 171
f 202 201 169
f 132 168 169
f 168 167 169
f 167 176 169
f 169 176 195
f 169 195 194
f 169 166 132
f 199 203 202
f 202 194 199
f 194 202 169
f 202 203 205
f 201 202 206
f 202 207 206
f 205 206 207
f 205 207 202
f 204 208 205
f 205 198 204
f 199 198 203
f 205 203 198
f 205 208 206
f 206 208 210
f 210 209 206
f 197 213 204
f 204 198 197
f 210 208 204
f 204 214 210
f 214 204 215
f 209 218 217
f 209 210 218
f 219 220 214
f 221 223 222
f 221 224 223
f 224 216 223
f 216 224 213
f 224 225 215
f 215 204 224
f 204 213 224
f 210 214 220
f 220 218 210
f 191 190 226
f 191 226 227
f 227 220 191
f 220 227 218
f 217 218 227
f 230 227 226
f 217 230 229
f 230 217 227
f 217 229 228
f 226 229 230
f 200 173 22
f 131 177 200
f 200 180 173
f 200 229 187
f 187 229 226
f 200 186 180
f 187 186 200
f 22 131 200
f 226 190 187
f 228 229 200
f 183 231 232
f 232 185 183
f 197 185 233
f 232 234 185
f 192 235 236
f 235 192 237
f 213 197 223
f 185 234 238
f 183 239 231
f 183 236 239
f 236 183 192
f 237 240 235
f 233 223 197
f 238 233 185
f 223 216 213
f 242 235 241
f 223 233 248
f 238 234 246
f 234 232 245
f 232 231 244
f 239 236 242
f 243 244 242
f 248 246 247
f 235 242 236
f 239 244 231
f 244 245 232
f 245 246 234
f 238 248 233
f 242 244 239
f 246 248 238
f 248 222 223
f 192 191 237
f 220 237 191
f 219 250 249
f 249 220 219
f 249 237 220
f 237 249 240
f 249 235 240
f 249 251 241
f 241 235 249
f 248 247 221
f 245 244 252
f 242 241 251
f 221 222 248
f 246 252 247
f 252 246 245
f 243 252 244
f 251 243 242
f 250 251 249
f 253 254 255
f 255 228 253
f 253 256 257
f 257 254 253
f 260 258 255
f 255 254 261
f 255 254 260
f 259 255 258
f 263 228 200
f 265 263 266
f 264 263 265
f 253 228 263
f 263 264 253
f 165 169 43
f 171 170 42
f 42 200 171
f 43 164 165
f 169 267 43
f 268 42 43
f 43 267 268
f 200 42 268
f 200 269 263
f 270 269 200
f 200 268 270
f 269 272 271
f 269 270 272
f 169 274 273
f 273 267 169
f 266 276 277
f 263 276 266
f 274 169 278
f 280 279 274
f 273 274 279
f 257 281 260
f 260 254 257
f 282 265 266
f 282 254 265
f 254 282 258
f 283 258 266
f 282 266 258
f 258 260 254
f 254 257 284
f 284 265 254
f 256 253 264
f 264 285 256
f 284 285 264
f 284 264 265
f 284 257 256
f 256 285 284
f 276 275 265
f 265 266 276
f 275 286 284
f 284 265 275
f 287 283 266
f 266 265 287
f 286 288 289
f 287 265 284
f 284 290 287
f 283 292 291
f 292 283 287
f 287 293 292
f 289 284 286
f 296 288 286
f 286 297 296
f 288 296 295
f 298 290 284
f 298 289 288
f 288 294 298
f 284 289 298
f 287 290 299
f 299 293 287
f 298 294 300
f 300 301 298
f 301 299 298
f 290 298 299
f 302 301 303
f 299 304 293
f 304 299 301
f 302 304 301
f 302 305 291
f 304 291 292
f 292 293 304
f 291 304 302
f 306 305 302
f 302 307 306
f 301 299 303
f 307 302 303
f 303 308 307
f 301 300 309
f 310 308 303
f 303 301 310
f 309 310 301
f 307 308 310
f 311 307 310
f 311 312 306
f 306 307 311
f 313 306 312
f 313 312 311
f 311 314 313
f 288 295 315
f 288 309 300
f 300 294 288
f 315 309 288
f 314 311 310
f 310 316 314
f 310 315 316
f 310 309 315
f 317 316 315
f 315 318 317
f 314 316 317
f 317 319 314
f 318 315 296
f 315 295 296
f 296 317 318
f 296 297 317
f 319 320 313
f 313 314 319
f 319 317 297
f 297 321 319
f 319 321 322
f 322 323 320
f 322 320 319
f 320 323 319
f 325 326 323
f 323 326 324
f 324 319 323
f 328 327 319
f 329 328 319
f 330 329 324
f 330 324 326
f 319 324 329
f 331 320 319
f 319 327 331
f 330 332 333
f 333 328 330
f 328 329 330
f 334 331 327
f 327 335 334
f 336 332 330
f 330 337 336
f 335 327 328
f 328 338 335
f 332 336 339
f 339 333 332
f 328 333 339
f 339 338 328
f 341 335 338
f 336 337 342
f 342 343 336
f 343 342 337
f 337 336 343
f 337 338 339
f 339 336 337
f 334 341 344
f 341 334 335
f 340 334 344
f 337 345 341
f 341 342 337
f 338 337 341
f 346 345 344
f 346 344 341
f 341 345 346
f 340 349 344
f 344 348 340
f 348 350 340
f 348 347 350
f 347 351 352
f 352 350 347
f 340 350 353
f 340 354 349
f 353 354 340
f 352 355 353
f 353 350 352
f 355 352 351
f 6 353 355
f 355 129 6
f 357 129 355
f 351 358 357
f 357 355 351
f 351 356 358
f 356 106 105
f 105 358 356
f 358 129 357
f 358 359 129
f 353 6 360
f 360 361 353
f 354 353 361
f 349 354 361
f 362 106 356
f 363 362 356
f 359 358 105
f 105 364 359
f 359 366 6
f 6 129 359
f 361 360 6
f 6 365 361
f 323 344 346
f 348 344 363
f 344 323 363
f 275 321 297
f 263 363 323
f 345 337 330
f 321 275 276
f 330 326 345
f 297 286 275
f 323 322 263
f 325 323 345
f 345 326 325
f 322 321 276
f 346 345 323
f 276 263 322
f 363 347 348
f 269 271 367
f 356 351 347
f 367 263 269
f 347 363 356
f 367 368 263
f 368 363 263
f 367 363 368
f 363 367 362
f 369 367 362
f 367 271 272
f 367 369 272
f 362 371 370
f 362 367 371
f 372 371 367
f 367 272 372
f 372 272 270
f 268 267 372
f 273 279 372
f 372 267 273
f 270 268 372
f 372 279 374
f 374 371 372
f 371 374 375
f 370 371 375
f 279 373 374
f 373 374 375
f 279 280 374
f 375 374 376
f 377 376 374
f 378 375 376
f 378 91 375
f 379 364 105
f 116 379 105
f 359 364 379
f 379 380 359
f 380 366 359
f 365 6 366
f 366 380 379
f 381 366 379
f 366 381 365
f 383 381 382
f 384 385 383
f 383 382 384
f 385 384 386
f 381 383 365
f 211 387 388
f 387 211 201
f 388 212 211
f 211 212 390
f 390 389 211
f 169 201 278
f 211 392 278
f 278 201 211
f 391 278 393
f 393 278 392
f 278 391 395
f 397 395 391
f 387 398 399
f 212 387 399
f 399 400 212
f 387 212 388
f 393 396 395
f 395 391 393
f 390 212 400
f 400 402 390
f 404 391 393
f 393 212 404
f 400 399 404
f 399 403 391
f 399 391 404
f 404 212 400
f 212 393 405
f 405 390 212
f 392 406 405
f 389 406 392
f 392 211 389
f 393 392 405
f 406 389 405
f 390 405 389
f 396 393 405
f 405 401 396
f 393 391 403
f 403 407 393
f 408 409 401
f 410 393 407
f 410 405 393
f 401 405 408
f 412 413 409
f 401 409 413
f 413 414 401
f 403 291 415
f 416 407 403
f 403 415 416
f 405 410 417
f 408 417 411
f 411 409 408
f 417 408 405
f 407 416 418
f 418 410 407
f 411 420 419
f 411 417 420
f 418 420 417
f 418 417 410
f 304 420 418
f 420 304 302
f 302 303 420
f 416 304 418
f 416 415 291
f 304 291 305
f 305 302 304
f 291 304 416
f 307 302 305
f 305 306 307
f 420 418 303
f 419 420 422
f 308 422 420
f 420 303 308
f 422 421 419
f 422 308 307
f 422 307 423
f 307 306 424
f 424 423 307
f 426 423 424
f 424 425 426
f 424 306 425
f 421 409 411
f 409 421 427
f 427 412 409
f 411 419 421
f 426 428 422
f 422 423 426
f 428 427 421
f 421 422 428
f 428 429 430
f 430 427 428
f 428 426 431
f 431 429 428
f 427 430 413
f 430 414 413
f 430 429 414
f 413 412 427
f 426 425 432
f 432 431 426
f 431 433 414
f 414 429 431
f 431 432 435
f 435 433 431
f 434 435 432
f 434 431 437
f 436 439 434
f 437 439 434
f 431 434 432
f 441 440 437
f 442 441 437
f 431 438 442
f 437 431 442
f 439 437 440
f 443 438 431
f 431 432 443
f 440 441 442
f 440 442 444
f 444 445 440
f 446 447 440
f 440 445 446
f 449 438 443
f 443 448 449
f 449 450 442
f 442 438 449
f 445 444 451
f 451 446 445
f 450 451 442
f 444 442 451
f 450 449 453
f 447 446 451
f 455 446 447
f 454 447 446
f 446 455 454
f 447 454 455
f 451 450 447
f 453 454 447
f 447 453 456
f 447 450 453
f 457 448 452
f 448 457 453
f 453 449 448
f 458 456 457
f 458 456 453
f 453 457 458
f 434 457 377
f 376 457 459
f 434 377 374
f 274 434 374
f 434 458 457
f 456 439 440
f 458 434 436
f 439 456 458
f 440 447 456
f 274 278 435
f 435 434 274
f 396 414 433
f 376 377 457
f 396 401 414
f 460 378 376
f 436 439 458
f 459 460 376
f 435 278 395
f 395 433 435
f 395 396 433
f 374 280 274
f 460 461 378
f 459 457 452
f 462 460 459
f 452 462 459
f 457 463 452
f 378 464 80
f 80 91 378
f 460 462 465
f 465 461 460
f 465 466 461
f 465 462 467
f 467 466 465
f 461 466 468
f 464 378 461
f 468 464 461
f 466 128 468
f 128 469 464
f 464 468 128
f 3 385 386
f 3 128 466
f 466 467 3
f 467 462 452
f 452 470 467
f 452 463 470
f 471 467 470
f 467 471 472
f 467 472 3
f 471 470 463
f 464 469 80
f 473 80 469
f 469 128 3
f 3 386 469
f 385 3 471
f 471 3 472
f 469 386 474
f 469 474 475
f 475 80 473
f 475 82 80
f 473 469 475
f 386 384 475
f 474 386 475
f 476 361 365
f 383 476 365
f 385 476 383
f 385 471 476
f 360 361 476
f 476 477 360
f 478 349 360
f 349 361 360
f 472 477 476
f 476 471 472
f 472 463 480
f 472 471 463
f 479 360 477
f 481 478 360
f 360 479 481
f 482 479 472
f 477 472 479
f 472 480 482
f 483 481 479
f 484 349 478
f 478 485 484
f 479 482 486
f 488 480 463
f 463 487 488
f 478 481 489
f 489 485 478
f 481 483 489
f 490 489 483
f 491 313 484
f 485 492 491
f 491 484 485
f 491 306 313
f 485 489 493
f 493 492 485
f 493 489 490
f 494 493 490
f 491 487 425
f 425 306 491
f 492 488 487
f 487 491 492
f 480 488 495
f 495 482 480
f 483 479 486
f 496 494 490
f 490 483 496
f 486 496 483
f 488 492 493
f 493 495 488
f 496 493 494
f 496 495 493
f 495 496 486
f 486 482 495
f 221 225 224
f 214 497 250
f 225 497 214
f 214 215 225
f 250 219 214
f 224 498 225
f 249 499 251
f 499 249 250
f 498 224 221
f 498 221 247
f 500 247 252
f 501 252 243
f 502 243 251
f 251 499 502
f 243 502 501
f 252 501 500
f 247 500 498
f 503 497 225
f 504 225 498
f 505 498 500
f 506 500 501
f 507 501 502
f 508 502 499
f 509 499 250
f 510 250 497
f 497 503 510
f 250 510 509
f 499 509 508
f 502 508 507
f 501 507 506
f 500 506 505
f 498 505 504
f 225 504 503
f 258 283 259
f 387 201 206
f 206 398 387
f 291 305 306
f 349 313 331
f 463 448 443
f 463 425 487
f 399 398 403
f 331 334 349
f 443 425 463
f 228 255 217
f 484 313 349
f 259 217 255
f 349 334 340
f 313 320 331
f 209 511 398
f 209 217 259
f 452 448 463
f 398 206 209
f 259 511 209
f 443 432 425
f 283 291 304
f 287 283 304
f 304 512 290
f 290 287 304
f 407 410 512
f 512 304 407
f 291 403 407
f 304 291 407
f 513 514 410
f 410 407 513
f 403 398 513
f 407 403 513
f 287 290 515
f 515 516 287
f 259 283 287
f 516 259 287
f 516 515 517
f 517 518 516
f 515 510 503
f 515 509 510
f 410 514 505
f 509 515 290
f 512 410 507
f 410 506 507
f 514 517 503
f 503 517 515
f 290 508 509
f 507 290 512
f 504 505 514
f 507 508 290
f 505 506 410
f 503 504 514
f 513 518 517
f 517 514 513
f 511 259 516
f 518 511 516
f 513 511 518
f 513 398 511
f 106 520 379
f 520 381 379
f 106 379 116
f 382 520 521
f 475 384 519
f 91 82 475
f 519 384 382
f 91 80 82
f 382 381 520
f 370 375 522
f 375 91 519
f 475 519 91
f 362 523 520
f 519 522 375
f 523 362 370
f 521 519 382
f 520 106 362
f 116 105 106
f 521 524 525
f 525 519 521
f 525 526 522
f 522 519 525
f 522 526 527
f 527 370 522
f 523 370 527
f 527 528 523
f 520 524 521
f 520 529 524
f 526 525 162
f 525 163 162
f 525 524 156
f 526 162 161
f 529 157 156
f 529 158 157
f 156 163 525
f 527 526 160
f 158 529 528
f 528 159 158
f 161 160 526
f 160 528 527
f 156 524 529
f 160 159 528
f 523 529 520
f 523 528 529
f 531 532 530
f 533 534 535
f 533 535 536
f 537 536 538
f 537 538 530
f 536 537 533
f 534 533 539
f 539 540 534
f 541 542 543
f 542 541 532
f 532 544 542
f 532 531 545
f 532 545 544
f 542 545 531
f 544 545 542
f 531 546 542
f 530 538 546
f 546 531 530
f 539 543 542
f 536 535 538
f 540 539 542
f 534 538 535
f 539 541 543
f 533 537 538
f 538 534 533
f 530 532 546
f 541 539 542
f 540 539 533
f 533 534 540
f 542 546 532
f 548 549 547
f 550 551 549
f 552 553 554
f 556 555 557
f 547 556 558
f 558 548 547
f 557 558 556
f 552 557 555
f 559 551 550
f 560 559 550
f 563 564 562
f 560 563 562
f 550 561 560
f 562 564 565
f 565 566 562
f 567 566 565
f 568 567 565
f 553 568 554
f 565 554 568
f 565 569 570
f 570 554 565
f 571 572 549
f 571 549 548
f 549 572 550
f 573 552 554
f 574 557 552
f 575 571 548
f 554 570 573
f 552 573 574
f 576 575 558
f 574 576 557
f 548 558 575
f 558 557 576
f 551 577 549
f 549 578 571
f 549 577 578
f 571 547 549
f 547 571 556
f 579 555 556
f 580 581 552
f 568 569 567
f 566 567 562
f 555 579 580
f 581 568 553
f 582 583 559
f 552 555 580
f 559 560 582
f 553 552 581
f 551 559 583
f 577 572 571
f 571 578 577
f 551 550 572
f 572 577 551
f 583 561 550
f 550 551 583
f 561 583 582
f 561 582 560
f 562 567 565
f 556 575 576
f 579 576 574
f 580 574 573
f 581 573 570
f 570 568 581
f 573 581 580
f 574 580 579
f 576 579 556
f 575 556 571
f 568 570 569
f 567 569 565
f 584 585 586
f 586 587 584
f 588 589 590
f 588 590 591
f 592 591 585
f 585 584 592
f 589 588 593
f 593 594 589
f 595 596 597
f 593 597 594
f 597 593 595
f 596 595 587
f 587 598 596
f 587 586 598
f 599 598 586
f 596 598 599
f 599 586 585
f 594 597 596
f 591 590 600
f 601 600 589
f 590 589 600
f 596 601 594
f 600 585 591
f 589 594 601
f 587 602 584
f 592 603 588
f 588 591 592
f 584 602 603
f 603 592 584
f 603 602 585
f 588 603 585
f 585 600 588
f 602 587 599
f 599 585 602
f 595 596 599
f 599 587 595
f 595 593 596
f 601 596 593
f 601 593 588
f 588 600 601
f 605 606 604
f 607 608 604
f 604 606 607
f 609 610 611
f 613 612 614
f 604 613 615
f 615 605 604
f 614 615 613
f 609 614 612
f 616 608 617
f 618 616 619
f 620 618 621
f 619 621 618
f 617 619 616
f 607 617 608
f 620 621 622
f 622 623 620
f 610 623 624
f 624 611 610
f 622 624 623
f 621 624 622
f 606 605 626
f 624 622 625
f 625 611 624
f 627 609 611
f 628 614 609
f 615 626 605
f 611 625 627
f 609 627 628
f 630 617 607
f 628 629 614
f 615 614 629
f 617 630 619
f 608 631 604
f 631 626 604
f 604 626 632
f 633 613 604
f 604 632 633
f 629 612 613
f 612 634 609
f 613 633 629
f 634 625 610
f 623 610 625
f 610 609 634
f 631 606 626
f 608 607 606
f 606 631 608
f 616 619 630
f 616 630 607
f 607 608 616
f 620 623 624
f 624 621 620
f 632 626 615
f 633 615 629
f 612 628 627
f 634 627 625
f 627 634 612
f 628 612 629
f 615 633 632
f 623 625 624
f 643 639 638
f 643 638 637
f 643 637 640
f 635 643 636
f 643 635 639
f 644 645 646
f 646 647 644
f 652 650 645
f 645 644 652
f 650 652 651
f 650 651 648
f 649 648 653
f 653 654 649
f 653 656 654
f 656 653 655
f 647 657 655
f 647 646 657
f 655 657 646
f 656 655 646
f 654 656 658
f 659 660 649
f 658 659 654
f 656 646 658
f 649 654 659
f 660 648 649
f 647 661 644
f 644 661 651
f 651 652 644
f 651 661 645
f 645 650 651
f 661 647 646
f 646 645 661
f 646 647 655
f 655 653 658
f 658 646 655
f 659 658 653
f 659 653 648
f 648 660 659
f 662 663 664
f 665 662 664
f 666 667 665
f 668 669 670
f 672 671 673
f 663 672 674
f 674 664 663
f 673 674 672
f 668 673 671
f 676 667 675
f 678 677 679
f 676 679 677
f 666 675 667
f 678 679 680
f 680 681 678
f 669 681 682
f 682 670 669
f 680 682 681
f 679 682 680
f 664 685 686
f 684 685 664
f 686 665 664
f 683 670 682
f 665 686 666
f 687 668 670
f 688 673 668
f 689 684 664
f 670 683 687
f 668 687 688
f 690 689 674
f 688 690 673
f 664 674 689
f 675 666 691
f 674 673 690
f 675 691 676
f 665 685 662
f 685 663 662
f 689 672 663
f 663 685 689
f 692 671 672
f 693 694 668
f 672 689 692
f 671 692 693
f 694 683 669
f 681 669 683
f 668 671 693
f 667 676 695
f 669 668 694
f 665 686 685
f 667 666 686
f 686 665 667
f 695 676 691
f 695 691 666
f 666 667 695
f 678 681 682
f 682 679 678
f 685 684 689
f 692 690 688
f 693 688 687
f 694 687 683
f 687 694 693
f 688 693 692
f 690 692 689
f 682 681 683
f 700 701 753
f 702 703 704
f 753 706 705
f 704 701 702
f 705 754 753
f 704 707 701
f 702 754 708
f 753 701 707
f 708 703 702
f 707 706 753
f 705 709 754
f 709 708 754
f 755 754 712
f 711 702 710
f 754 714 712
f 754 715 714
f 713 711 710
f 710 755 713
f 711 716 702
f 716 715 754
f 754 702 716
f 712 717 755
f 717 713 755
f 718 719 720
f 756 721 722
f 756 723 721
f 756 755 723
f 710 718 720
f 718 756 724
f 755 725 723
f 720 726 710
f 724 719 718
f 726 725 755
f 755 710 726
f 722 724 756
f 757 756 729
f 728 718 727
f 756 731 732
f 728 730 718
f 732 733 756
f 733 729 756
f 727 757 728
f 757 729 728
f 756 718 731
f 730 731 718
f 758 757 736
f 735 734 758
f 736 735 758
f 757 739 736
f 727 737 740
f 737 758 741
f 738 740 737
f 734 741 758
f 757 727 739
f 741 738 737
f 740 739 727
f 699 737 742
f 742 696 699
f 742 743 696
f 697 743 758
f 743 697 696
f 698 697 758
f 758 737 698
f 699 698 737
f 744 753 745
f 753 754 746
f 754 755 747
f 755 756 748
f 756 757 749
f 757 758 750
f 758 743 751
f 751 750 758
f 750 749 757
f 749 748 756
f 748 747 755
f 747 746 754
f 746 745 753
f 745 752 744
f 753 744 700
f 737 759 760
f 760 742 737
f 759 737 727
f 727 761 759
f 761 727 718
f 718 762 761
f 762 718 710
f 710 763 762
f 763 710 702
f 702 764 763
f 764 702 701
f 701 765 764
f 760 766 742
f 701 700 765
f 767 768 745
f 768 752 745
f 769 767 746
f 746 747 769
f 770 769 747
f 747 748 770
f 771 770 748
f 748 749 771
f 772 771 749
f 749 750 772
f 750 751 773
f 773 772 750
f 751 774 773
f 745 746 767
f 753 775 776
f 754 776 747
f 782 747 748
f 758 750 777
f 778 779 704
f 704 703 778
f 779 707 704
f 778 703 708
f 707 779 753
f 780 778 711
f 780 711 713
f 778 716 711
f 712 754 782
f 782 717 712
f 716 778 754
f 782 713 717
f 720 719 781
f 781 780 720
f 780 726 720
f 782 756 723
f 781 719 724
f 782 725 726
f 726 780 782
f 723 725 782
f 781 730 728
f 728 727 781
f 781 731 730
f 731 781 756
f 757 758 735
f 735 736 757
f 724 756 781
f 713 782 780
f 708 754 778
f 753 779 700
f 777 743 758
f 748 756 782
f 747 782 754
f 776 754 753
f 775 753 744
f 751 777 783
f 777 751 743
f 784 774 783
f 783 774 751
f 744 752 775
f 752 768 785
f 785 775 752
f 785 768 786
f 787 765 779
f 765 700 779
f 788 787 778
f 778 780 788
f 789 788 780
f 780 781 789
f 761 789 781
f 781 727 761
f 737 742 790
f 790 759 737
f 742 766 790
f 779 778 787
f 750 772 791
f 791 777 750
f 769 747 776
f 776 792 769
f 792 776 775
f 775 785 792
f 791 783 777
f 766 760 832
f 833 793 794
f 833 832 793
f 759 794 795
f 795 760 759
f 795 796 760
f 794 759 833
f 796 793 832
f 833 798 797
f 833 799 798
f 761 802 801
f 797 834 833
f 759 801 800
f 833 803 799
f 801 759 761
f 802 761 834
f 759 800 803
f 797 802 834
f 762 804 805
f 805 761 762
f 835 807 808
f 806 835 834
f 835 806 807
f 762 809 804
f 808 809 835
f 809 762 835
f 805 806 834
f 811 810 762
f 763 812 811
f 811 762 763
f 813 836 835
f 815 814 835
f 814 813 835
f 762 810 816
f 836 817 812
f 812 763 836
f 813 817 836
f 835 816 815
f 763 764 818
f 763 818 819
f 764 821 818
f 820 837 836
f 836 823 820
f 820 822 837
f 837 824 821
f 822 824 837
f 821 764 837
f 836 819 823
f 764 825 826
f 825 764 765
f 786 837 827
f 765 828 825
f 837 829 827
f 786 831 828
f 827 831 786
f 764 826 830
f 828 765 786
f 837 830 829
f 784 832 773
f 832 833 772
f 833 834 771
f 834 835 770
f 835 836 769
f 836 837 767
f 837 786 768
f 768 767 837
f 767 769 836
f 769 770 835
f 770 771 834
f 771 772 833
f 772 773 832
f 773 774 784
f 830 837 764
f 819 836 763
f 816 835 762
f 805 834 761
f 803 833 759
f 796 832 760
f 832 784 766
f 784 783 791
f 832 791 772
f 838 769 792
f 837 792 785
f 759 790 795
f 790 796 795
f 790 832 796
f 834 797 798
f 798 833 834
f 805 789 761
f 805 804 789
f 835 789 809
f 804 809 789
f 789 810 811
f 813 835 838
f 811 788 789
f 789 835 816
f 838 817 813
f 811 812 788
f 816 810 789
f 812 817 838
f 838 788 812
f 838 837 820
f 818 787 788
f 819 818 788
f 788 838 819
f 818 821 787
f 837 787 821
f 820 823 838
f 823 819 838
f 765 787 825
f 826 825 787
f 787 837 830
f 830 826 787
f 832 790 766
f 785 786 837
f 792 837 838
f 769 838 835
f 791 832 784
f 839 840 842
f 846 844 845
f 842 841 840
f 839 845 844
f 841 843 842
f 847 840 839
f 839 844 847
f 848 1269 1270
f 848 849 1269
f 1269 849 850
f 1269 850 851
f 853 852 1271
f 1272 851 854
f 852 848 1270
f 1270 1271 852
f 853 1271 1272
f 1272 1269 851
f 854 853 1272
f 1273 940 941
f 1274 943 1275
f 1276 1277 977
f 1278 977 978
f 1279 979 980
f 1280 1273 1281
f 1282 1274 1283
f 1284 1285 1209
f 1286 1209 1287
f 1288 1276 1278
f 1289 1278 1290
f 1291 1279 1292
f 1293 1294 1295
f 1296 855 857
f 1296 860 859
f 859 1297 1296
f 855 856 863
f 856 858 861
f 859 858 1297
f 855 864 862
f 861 863 856
f 862 857 855
f 863 864 855
f 857 860 1296
f 867 868 866
f 866 865 867
f 867 869 868
f 1299 872 871
f 865 873 870
f 867 1298 874
f 871 875 1298
f 866 873 865
f 875 874 1298
f 874 869 867
f 871 1298 1299
f 870 872 1299
f 1300 847 844
f 840 1300 876
f 1300 840 847
f 855 844 843
f 844 1296 1300
f 876 843 841
f 841 840 876
f 843 876 855
f 877 878 879
f 879 867 877
f 877 880 878
f 1298 881 883
f 867 879 881
f 877 1301 884
f 1301 883 882
f 882 884 1301
f 884 880 877
f 883 1301 1298
f 1295 1294 885
f 1294 886 885
f 1294 981 886
f 887 888 1295
f 1302 1295 889
f 891 890 865
f 893 894 895
f 893 896 897
f 865 1299 899
f 901 893 900
f 897 894 893
f 893 895 890
f 891 892 890
f 865 902 898
f 890 892 893
f 898 891 865
f 1299 903 899
f 900 903 1299
f 893 901 896
f 900 1299 901
f 899 902 865
f 1268 1301 904
f 1301 905 904
f 1301 906 907
f 907 905 1301
f 1301 908 906
f 1301 877 908
f 1303 910 909
f 1303 911 910
f 1300 912 913
f 1300 916 912
f 915 1300 914
f 915 916 1300
f 876 913 917
f 917 918 876
f 919 920 856
f 921 924 1297
f 923 926 922
f 925 921 1297
f 1297 856 927
f 920 928 929
f 926 930 922
f 921 922 924
f 1297 927 925
f 856 929 931
f 922 928 920
f 856 932 927
f 856 931 932
f 856 920 929
f 920 923 922
f 1304 933 934
f 935 933 1304
f 1305 936 937
f 1305 934 936
f 940 938 939
f 1275 943 944
f 944 945 1275
f 946 948 947
f 949 950 636
f 948 951 947
f 947 1306 952
f 948 949 951
f 952 946 947
f 953 1306 954
f 949 948 950
f 1306 947 954
f 636 1275 955
f 1275 956 957
f 1306 959 952
f 958 955 1275
f 1307 1275 636
f 955 949 636
f 957 960 1275
f 956 953 954
f 959 1306 1307
f 1307 961 962
f 956 954 957
f 962 959 1307
f 960 958 1275
f 636 961 1307
f 1306 953 963
f 1270 964 965
f 1277 1272 966
f 967 968 1277
f 1277 969 967
f 966 970 1277
f 974 975 973
f 970 969 1277
f 972 971 1272
f 973 1271 974
f 974 968 975
f 971 966 1272
f 973 1272 1271
f 973 972 1272
f 967 975 968
f 976 977 1277
f 1277 968 976
f 983 984 985
f 985 986 983
f 987 988 1298
f 988 989 1299
f 990 991 992
f 992 993 990
f 1302 991 994
f 992 901 993
f 901 995 996
f 990 994 991
f 996 997 901
f 1299 989 998
f 997 993 901
f 998 901 1299
f 998 995 901
f 1293 1302 999
f 999 1000 1293
f 1302 1001 1002
f 1002 999 1302
f 1003 1308 1293
f 1004 1291 1308
f 1005 1309 1291
f 1006 1289 1309
f 1007 1288 1289
f 1008 1310 1288
f 1009 1311 1310
f 1010 1286 1311
f 1011 1284 1286
f 1012 1312 1284
f 1013 1282 1312
f 1014 1313 1282
f 1015 1314 1313
f 1016 1280 1314
f 1280 1016 1017
f 1304 1018 1019
f 1017 1304 1280
f 1017 1018 1304
f 935 1020 1021
f 1304 1022 1023
f 935 1024 1020
f 1023 935 1304
f 1023 1024 935
f 1025 1026 935
f 924 1026 1025
f 1297 924 1027
f 1025 1028 924
f 924 1029 1027
f 1028 1029 924
f 1296 1297 1030
f 1300 1296 1031
f 1300 1032 1033
f 1300 1034 1032
f 1033 914 1300
f 914 1036 1037
f 1037 1035 914
f 1033 1036 914
f 1303 1040 1041
f 1042 1043 1044
f 1045 1035 1046
f 1044 1303 1042
f 1303 1035 1049
f 1038 1051 1039
f 1044 1043 1052
f 1303 1048 1040
f 1044 1048 1303
f 1053 1052 1039
f 1049 1054 1303
f 1045 1046 1050
f 1039 1051 1053
f 1041 1055 1303
f 1054 1042 1303
f 1056 1057 1058
f 1057 1038 1059
f 1059 1058 1057
f 1055 1060 911
f 1060 1055 1061
f 1061 1062 1060
f 1063 1064 1065
f 1066 1062 1067
f 1061 1063 1065
f 1068 1064 1063
f 1068 1315 1066
f 1062 1069 1067
f 1061 1065 1071
f 1066 1067 1068
f 1062 1070 1069
f 1063 1315 1068
f 1070 1062 1061
f 1061 1073 1072
f 1071 1073 1061
f 1072 1070 1061
f 1076 1074 1077
f 1075 1078 1074
f 1075 1316 1079
f 1081 1082 1080
f 1081 1315 1083
f 1079 1080 1075
f 1081 1084 1082
f 1083 1315 1076
f 1078 1077 1074
f 1074 1316 1075
f 1080 1079 1081
f 1076 1085 1083
f 1077 1085 1076
f 1083 1084 1081
f 1086 1087 1088
f 1088 1316 1086
f 1089 1090 1091
f 1092 1090 1089
f 1092 1317 1093
f 1094 1089 1096
f 1093 1097 1092
f 1087 1098 1097
f 1087 1095 1099
f 1095 1087 1094
f 1089 1091 1096
f 1089 1317 1092
f 1094 1096 1095
f 1094 1100 1096
f 1097 1093 1087
f 1099 1098 1087
f 1101 1102 1103
f 1105 1102 1104
f 1107 1106 1104
f 1107 1317 1108
f 1102 1105 1109
f 1106 1105 1104
f 1104 1317 1107
f 1108 1110 1107
f 1102 1111 1103
f 1108 1101 1110
f 1112 1110 1101
f 1109 1111 1102
f 1103 1112 1101
f 1101 1113 1114
f 1115 1114 1113
f 1116 1117 1115
f 1118 1119 1120
f 1120 1119 1117
f 1120 1121 1118
f 1117 1116 1122
f 1117 1122 1120
f 1125 1126 1127
f 1127 1128 1125
f 1128 1127 1129
f 1130 1124 1123
f 1124 1121 1123
f 1121 1120 1131
f 1132 1120 1133
f 1136 1134 1137
f 1138 1126 1125
f 1140 1135 1134
f 1135 1137 1134
f 1137 1141 1136
f 1128 1129 1139
f 1130 1142 1139
f 1131 1123 1121
f 1125 1136 1138
f 1139 1142 1128
f 1133 1134 1132
f 1134 1133 1140
f 1141 1138 1136
f 1132 1131 1120
f 1143 1318 1144
f 1145 1138 1143
f 1144 1145 1143
f 1146 1147 1148
f 1148 1149 1146
f 1148 658 646
f 654 658 1148
f 1147 1150 654
f 1148 1147 654
f 653 1319 1151
f 1147 1152 1153
f 1152 1319 653
f 1151 1148 646
f 1153 1150 1147
f 653 1153 1152
f 1151 655 653
f 646 655 1151
f 1157 1158 1159
f 1320 1160 1157
f 1154 1321 1156
f 1321 1161 1156
f 1161 1159 1162
f 1159 1320 1157
f 1155 1160 1154
f 1154 1156 1155
f 1162 1163 1161
f 1155 1157 1160
f 1163 1156 1161
f 1159 1158 1162
f 1164 1320 1165
f 1166 1167 1164
f 587 1167 599
f 1167 596 599
f 1168 593 1169
f 593 1168 587
f 1167 1166 597
f 587 595 593
f 1166 1168 1170
f 594 597 1166
f 1170 594 1166
f 597 596 1167
f 1171 1268 1172
f 1173 587 1168
f 1172 1174 1171
f 1174 1173 1171
f 1268 1171 1175
f 1175 1176 1268
f 1301 1268 1179
f 1180 1268 1181
f 1179 1183 1301
f 1176 1181 1268
f 1187 1268 1188
f 1180 1181 1184
f 1186 1178 1185
f 1180 1184 1189
f 1188 1177 1182
f 1187 1179 1268
f 1268 1190 1188
f 1182 1187 1188
f 1180 1190 1268
f 1183 987 1301
f 1193 983 1192
f 1189 1194 1180
f 963 1195 1196
f 1195 1197 1196
f 1306 1198 1196
f 1306 963 1198
f 1196 1198 963
f 1307 1306 1199
f 1200 1202 1307
f 1201 1209 1285
f 1285 1307 1203
f 1202 1204 1307
f 1307 1205 1200
f 1285 1203 1201
f 1204 1203 1307
f 1269 1206 1207
f 1208 1287 1209
f 1208 1269 1287
f 1269 1208 1206
f 1210 1211 1270
f 1212 1197 1195
f 1212 964 1270
f 1270 1211 1212
f 1195 964 1212
f 1213 1321 1214
f 539 1216 1217
f 1215 1213 539
f 1214 532 541
f 1214 541 1213
f 1217 1215 539
f 1215 1321 1213
f 532 1214 546
f 1218 1219 1220
f 1219 1221 1220
f 546 1218 542
f 1219 1222 1221
f 1220 542 1218
f 1217 539 1222
f 1218 1319 1219
f 1222 1219 1217
f 1310 1223 1224
f 1223 1310 1311
f 1311 1225 1223
f 1311 1287 1225
f 1287 1269 1226
f 1226 1225 1287
f 1269 1272 1227
f 1272 1224 1228
f 1272 1228 1227
f 1224 1272 1322
f 1227 1226 1269
f 1293 1308 1229
f 1308 1230 1229
f 1293 1229 1231
f 1308 1292 1230
f 981 1294 1231
f 1232 980 981
f 981 1233 1232
f 1232 1234 980
f 980 1234 1230
f 1231 1233 981
f 1230 1292 980
f 1291 1309 1235
f 1309 1290 1236
f 1309 1236 1235
f 978 979 1237
f 979 1235 1237
f 1237 1238 978
f 1235 979 1279
f 1290 978 1238
f 1238 1236 1290
f 1239 1288 1310
f 1240 1239 1310
f 1288 1239 1241
f 1310 1322 1240
f 1277 1276 1241
f 1272 1242 1243
f 1272 1277 1242
f 1241 1244 1277
f 1272 1243 1240
f 1244 1242 1277
f 1240 1322 1272
f 642 1312 1245
f 1248 1245 1249
f 642 1247 1284
f 1246 1245 1312
f 1312 1283 1246
f 642 1284 1312
f 1248 642 1245
f 1307 1285 1247
f 1283 1275 1250
f 1249 1251 1248
f 1275 1252 1250
f 1253 1252 1251
f 1307 1255 1254
f 1247 1255 1307
f 1250 1246 1283
f 1252 1275 1254
f 1249 1253 1251
f 1252 1254 1251
f 1275 1307 1254
f 1314 1281 1256
f 1256 1313 1314
f 1313 1256 1257
f 1257 1282 1313
f 1258 1259 942
f 1257 1258 943
f 1258 942 943
f 1257 943 1274
f 941 1259 1256
f 941 942 1259
f 1256 1281 941
f 1280 1304 1260
f 1304 1262 1260
f 1304 1305 1262
f 1280 1260 1261
f 1262 1305 938
f 1305 937 938
f 1264 938 940
f 1261 940 1273
f 938 1263 1262
f 1264 1263 938
f 1261 1265 940
f 1265 1264 940
f 1261 1273 1280
f 1257 1274 1282
f 1247 1285 1284
f 1241 1276 1288
f 1235 1279 1291
f 1231 1294 1293
f 1224 1322 1310
f 1270 1269 1210
f 1207 1210 1269
f 1199 1205 1307
f 1196 1199 1306
f 1168 1171 1173
f 1169 1170 1168
f 1165 1166 1164
f 1165 1320 1159
f 1161 1321 1215
f 1219 1319 1152
f 1149 1318 1146
f 1146 1318 1143
f 1145 1126 1138
f 1113 1116 1115
f 1114 1102 1101
f 1108 1317 1089
f 1086 1094 1087
f 1086 1316 1074
f 1076 1315 1063
f 911 1303 1055
f 1035 1303 914
f 1031 1034 1300
f 1030 1031 1296
f 1027 1030 1297
f 1021 1025 935
f 1019 1022 1304
f 1314 1015 1016
f 1313 1014 1015
f 1282 1013 1014
f 1312 1012 1013
f 1284 1011 1012
f 1286 1010 1011
f 1311 1009 1010
f 1310 1008 1009
f 1288 1007 1008
f 1289 1006 1007
f 1309 1005 1006
f 1291 1004 1005
f 1308 1003 1004
f 1293 1266 1003
f 1000 1266 1293
f 994 1001 1302
f 1299 1298 988
f 1298 1301 987
f 982 886 981
f 974 1271 965
f 965 1271 1270
f 945 956 1275
f 934 1305 1304
f 930 924 922
f 919 1267 920
f 913 876 1300
f 909 914 1303
f 1066 1315 1081
f 1079 1316 1088
f 1093 1317 1104
f 1144 1318 1149
f 1151 1319 1218
f 1214 1321 1154
f 1160 1320 1164
f 889 991 1302
f 888 889 1295
f 885 887 1295
f 881 1298 867
f 844 855 1296
f 870 1299 865
f 858 856 1297
f 1295 1302 1293
f 1292 1308 1291
f 1290 1309 1289
f 1278 1289 1288
f 1287 1311 1286
f 1209 1286 1284
f 1283 1312 1282
f 1281 1314 1280
f 980 1292 1279
f 978 1290 1278
f 977 1278 1276
f 1275 1283 1274
f 941 1281 1273
f 1325 1046 1050
f 1052 1324 1044
f 1323 1038 1057
f 1326 1327 1211
f 1211 1210 1326
f 1327 1212 1211
f 1210 1207 1326
f 1328 1205 1199
f 1328 1200 1205
f 1199 1329 1328
f 1199 1196 1329
f 1330 1331 1197
f 1331 1196 1197
f 1197 1212 1330
f 1326 1208 1209
f 1209 1328 1326
f 1209 1201 1328
f 1332 1330 1212
f 1327 1330 1212
f 1334 1333 1212
f 1212 1332 1335
f 1335 1334 1212
f 1333 1335 1332
f 1332 1212 1333
f 1332 1335 1330
f 1335 1330 1334
f 1330 1327 1334
f 1335 1333 1334
f 1331 1329 1196
f 1196 1198 1331
f 1336 1331 1198
f 1336 1337 1331
f 1338 1329 1331
f 1339 1331 1340
f 1331 1337 1340
f 1331 1339 1338
f 1341 1339 1198
f 1342 1341 1198
f 1196 1343 1344
f 1344 1342 1196
f 1198 1339 1340
f 1340 1336 1198
f 1336 1340 1337
f 1344 1343 1331
f 1198 1196 1342
f 1196 1331 1343
f 1334 1338 1331
f 1331 1330 1334
f 1338 1342 1344
f 1344 1331 1338
f 1345 1328 1201
f 1346 1328 1347
f 1348 1346 1201
f 1348 1203 1349
f 1203 1204 1349
f 1349 1350 1348
f 1346 1347 1345
f 1345 1201 1346
f 1345 1347 1328
f 1350 1349 1351
f 1201 1203 1348
f 1328 1202 1200
f 1328 1204 1202
f 1204 1328 1349
f 1328 1351 1349
f 1346 1348 1328
f 1350 1328 1348
f 1351 1328 1350
f 1352 1326 1206
f 1207 1206 1326
f 1353 1326 1354
f 1208 1352 1354
f 1354 1353 1208
f 1353 1354 1352
f 1352 1208 1353
f 1352 1206 1208
f 1352 1354 1326
f 1208 1326 1352
f 1346 1353 1326
f 1326 1328 1346
f 939 944 941
f 941 940 939
f 944 942 941
f 944 943 942
f 923 1267 920
f 1356 923 1355
f 1357 1358 1356
f 1359 933 934
f 1360 937 1359
f 1361 938 937
f 936 1359 937
f 930 1358 1026
f 926 1356 930
f 930 1026 924
f 935 1026 933
f 934 933 936
f 1356 926 923
f 1358 930 1356
f 1359 936 933
f 1362 944 939
f 939 1363 1362
f 945 944 1362
f 1362 1364 945
f 1364 1365 945
f 1363 939 938
f 938 1366 1363
f 1366 1361 937
f 937 1367 1366
f 1368 1367 1359
f 1367 1360 1359
f 1369 1368 933
f 1368 934 933
f 1369 1026 1358
f 1358 1370 1369
f 1370 1357 1356
f 1356 1371 1370
f 1372 1371 923
f 1371 1355 923
f 1373 1372 1267
f 1372 920 1267
f 1267 919 1373
f 923 920 1372
f 1356 1355 1371
f 1358 1357 1370
f 933 1026 1369
f 1359 934 1368
f 937 1360 1367
f 938 1361 1366
f 919 856 855
f 855 918 919
f 855 876 918
f 1374 1373 919
f 919 918 1374
f 912 916 1375
f 913 917 912
f 1060 910 911
f 914 909 915
f 1374 918 917
f 917 1376 1374
f 1377 1376 912
f 1376 913 912
f 1377 916 915
f 915 1378 1377
f 1377 1375 916
f 1378 915 909
f 909 1379 1378
f 1380 1379 910
f 910 1060 1380
f 909 910 1379
f 912 1375 1377
f 917 913 1376
f 1115 1102 1114
f 1115 1104 1102
f 1115 1060 1087
f 1087 1093 1115
f 1093 1104 1115
f 1060 1079 1088
f 1088 1087 1060
f 1060 1062 1066
f 1066 1081 1060
f 1081 1079 1060
f 1060 1115 1381
f 1115 1382 1381
f 1115 1383 1382
f 1381 1380 1060
f 1145 1127 1126
f 1124 1118 1121
f 1117 1119 1115
f 1383 1115 1119
f 1119 1384 1383
f 1385 1384 1118
f 1384 1119 1118
f 1386 1385 1124
f 1386 1130 1139
f 1139 1387 1386
f 1388 1387 1129
f 1387 1139 1129
f 1389 1388 1127
f 1127 1145 1389
f 1129 1127 1388
f 1124 1130 1386
f 1118 1124 1385
f 1173 1167 587
f 1173 1164 1167
f 1173 1154 1160
f 1173 1214 1154
f 1173 1145 546
f 1145 1218 546
f 546 1214 1173
f 1160 1164 1173
f 1145 1149 1148
f 1148 1151 1145
f 1151 1218 1145
f 1145 1144 1149
f 1145 1390 1391
f 1173 1392 1390
f 1390 1145 1173
f 1391 1389 1145
f 907 1393 1394
f 1395 1396 907
f 1172 904 1397
f 1398 1174 1172
f 905 1396 904
f 906 1393 907
f 904 1172 1268
f 1393 906 908
f 1396 905 907
f 1392 1173 1174
f 1174 1399 1392
f 1400 1399 1172
f 1399 1398 1172
f 1400 904 1396
f 1396 1401 1400
f 1400 1397 904
f 1401 1395 907
f 907 1402 1401
f 1403 1402 1393
f 1402 1394 1393
f 1393 908 1403
f 907 1394 1402
f 1396 1395 1401
f 1172 1397 1400
f 1174 1398 1399
f 908 867 865
f 865 890 908
f 908 877 867
f 1404 1403 908
f 908 890 1404
f 887 885 1405
f 1406 1407 887
f 897 896 1408
f 1409 894 897
f 1410 1411 894
f 888 1407 889
f 895 1411 890
f 982 885 886
f 889 992 991
f 901 992 896
f 1411 895 894
f 1407 888 887
f 1404 890 1411
f 1411 1412 1404
f 1412 1410 894
f 894 1413 1412
f 1414 1413 897
f 1413 1409 897
f 1415 1414 896
f 1414 1408 896
f 1415 992 889
f 889 1416 1415
f 1416 889 1407
f 1407 1417 1416
f 1418 1417 887
f 1417 1406 887
f 1419 1418 885
f 1418 1405 885
f 885 982 1419
f 887 1405 1418
f 1407 1406 1417
f 896 992 1415
f 897 1408 1414
f 894 1409 1413
f 1411 1410 1412
f 982 980 979
f 979 976 982
f 979 978 976
f 978 977 976
f 982 981 980
f 1419 982 976
f 976 1420 1419
f 1421 1420 976
f 945 963 956
f 953 956 963
f 964 976 974
f 974 965 964
f 968 974 976
f 963 964 1195
f 1046 1035 1036
f 1037 1036 1035
f 1046 1036 1422
f 1036 1033 1423
f 1424 1423 1033
f 1423 1422 1036
f 1425 1044 1324
f 1426 1324 1052
f 1426 1052 1053
f 1428 1053 1039
f 1429 1039 1038
f 1430 1038 1323
f 1430 1323 1057
f 1431 1057 1056
f 1432 1056 1047
f 1434 1047 1050
f 1434 1050 1046
f 1046 1422 1434
f 1047 1434 1433
f 1047 1433 1432
f 1056 1432 1431
f 1057 1431 1430
f 1038 1430 1429
f 1039 1429 1428
f 1053 1428 1427
f 1053 1427 1426
f 1324 1426 1425
f 1040 1048 1435
f 1048 1044 1425
f 1425 1435 1048
f 1041 1040 1435
f 1435 1436 1041
f 1041 1061 1055
f 1041 1122 1086
f 1086 1074 1041
f 1074 1076 1041
f 1076 1063 1041
f 1063 1061 1041
f 1122 1089 1094
f 1122 1101 1108
f 1108 1089 1122
f 1122 1113 1101
f 1116 1113 1122
f 1094 1086 1122
f 1122 1041 1436
f 1436 1437 1122
f 1141 1137 1438
f 1137 1135 1439
f 1135 1140 1440
f 1140 1133 1441
f 1133 1120 1442
f 1120 1122 1437
f 1437 1442 1120
f 1442 1441 1133
f 1441 1440 1140
f 1440 1439 1135
f 1439 1438 1137
f 1438 1443 1141
f 1141 1146 1143
f 1141 1147 1146
f 1141 1219 1152
f 1152 1147 1141
f 1141 1175 1217
f 1175 1215 1217
f 1217 1219 1141
f 1175 1159 1161
f 1175 1165 1159
f 1175 1166 1165
f 1161 1215 1175
f 1143 1138 1141
f 1175 1168 1166
f 1171 1168 1175
f 1141 1443 1444
f 1444 1175 1141
f 1176 1175 1444
f 1444 1445 1176
f 1189 1184 1446
f 1184 1181 1446
f 1181 1176 1445
f 1445 1446 1181
f 1446 1447 1189
f 984 1191 986
f 983 1449 1192
f 1448 983 986
f 986 985 984
f 1450 1178 1186
f 1451 1186 1185
f 1452 1185 1193
f 1453 1193 1192
f 1454 1192 1449
f 1455 1449 983
f 1456 983 1448
f 1457 1448 986
f 1457 986 1191
f 1459 1191 1194
f 1460 1194 1189
f 1189 1447 1460
f 1194 1460 1459
f 1191 1459 1458
f 1191 1458 1457
f 1448 1457 1456
f 983 1456 1455
f 1449 1455 1454
f 1192 1454 1453
f 1193 1453 1452
f 1185 1452 1451
f 1186 1451 1450
f 1461 1179 1187
f 1187 1182 1178
f 1177 1178 1182
f 1179 1461 1450
f 1461 1187 1450
f 1187 1178 1450
f 1450 1462 1179
f 1183 1179 1462
f 1462 1463 1183
f 1183 998 989
f 989 988 1183
f 988 987 1183
f 1463 1464 998
f 998 1183 1463
f 994 1002 1001
f 1465 990 993
f 1468 997 996
f 1466 994 1465
f 993 1468 1467
f 997 1468 993
f 990 1465 994
f 1469 1000 999
f 999 1470 1469
f 1470 999 1002
f 1002 1471 1470
f 1471 1002 994
f 994 1472 1471
f 1472 1466 1465
f 1465 1473 1472
f 1474 1473 993
f 1473 1465 993
f 1475 1474 1468
f 1474 1467 1468
f 1476 1475 996
f 1475 1468 996
f 1464 1476 995
f 995 998 1464
f 996 995 1476
f 993 1467 1474
f 994 1466 1472
f 1000 1004 1003
f 1000 1005 1004
f 1000 1006 1005
f 1000 1007 1006
f 1000 1008 1007
f 1000 1009 1008
f 1000 1017 1010
f 1010 1009 1000
f 1017 1011 1010
f 1017 1012 1011
f 1017 1013 1012
f 1017 1014 1013
f 1017 1015 1014
f 1017 1016 1015
f 1003 1266 1000
f 1033 1032 1477
f 1477 1424 1033
f 1032 1031 1030
f 1030 1027 1032
f 1032 1034 1031
f 1477 1032 1027
f 1027 1478 1477
f 1469 1479 1017
f 1017 1000 1469
f 1478 1027 1029
f 1029 1480 1478
f 1480 1029 1028
f 1028 1481 1480
f 1025 1482 1481
f 1482 1483 1020
f 1020 1484 1482
f 1485 1484 1486
f 1487 1485 1023
f 1485 1488 1023
f 1489 1487 1019
f 1487 1022 1019
f 1479 1489 1018
f 1018 1017 1479
f 1019 1018 1489
f 1023 1022 1487
f 1486 1488 1485
f 1020 1486 1484
f 1025 1483 1482
f 1028 1025 1481
f 1021 1028 1025
f 1022 1019 1023
f 1486 1024 1023
f 1025 1021 1020
f 1483 1025 1020
f 1486 1023 1488
f 1024 1486 1020
f 963 1490 1491
f 963 945 1492
f 1492 1490 963
f 945 1493 1492
f 945 1494 1493
f 945 1365 1494
f 976 1495 1496
f 964 1497 1495
f 1495 976 964
f 1498 1499 964
f 1499 1497 964
f 1496 1421 976
f 1054 1500 1042
f 1050 1047 1501
f 1050 1501 1045
f 1035 1045 1049
f 1049 1500 1054
f 1449 983 1502
f 984 985 1191
f 1193 1502 983
f 1099 1095 1503
f 1098 1099 1503
f 1503 1097 1098
f 1092 1097 1504
f 1090 1092 1505
f 1090 1505 1091
f 1504 1505 1092
f 1503 1504 1097
f 1221 1222 1506
f 1506 1220 1221
f 542 1220 1506
f 542 540 1507
f 1507 532 542
f 541 532 1507
f 541 1507 1213
f 1506 540 542
f 1509 1229 1230
f 1229 1510 1511
f 1511 1233 1231
f 1508 1230 1234
f 1511 1231 1229
f 1510 1229 1509
f 1512 1230 1508
f 1230 1512 1509
f 1515 1244 1241
f 1513 1240 1243
f 1239 1515 1241
f 1240 1514 1239
f 1515 1241 1514
f 1516 1240 1513
f 1240 1516 1514
f 1239 1514 1241
f 1518 1245 1246
f 1245 1519 1520
f 1520 1253 1249
f 1517 1246 1250
f 1520 1249 1245
f 1519 1245 1518
f 1521 1518 1246
f 1521 1246 1517
f 1524 1265 1261
f 1522 1262 1263
f 1260 1524 1261
f 1260 1262 1523
f 1526 1260 1523
f 1524 1526 1523
f 1525 1262 1522
f 1262 1525 1523
f 1260 1526 1524
f 1188 1190 1528
f 1190 1180 1529
f 1180 1194 1530
f 1194 1191 1531
f 1191 985 1532
f 985 983 1534
f 983 1449 1534
f 1449 1502 1535
f 1502 1193 1536
f 1193 1185 1537
f 1185 1178 1538
f 1178 1177 1538
f 1177 1188 1539
f 1539 1538 1177
f 1538 1537 1185
f 1537 1536 1193
f 1536 1535 1502
f 1535 1534 1449
f 1534 1533 985
f 1533 1532 985
f 1532 1531 1191
f 1531 1530 1194
f 1530 1529 1180
f 1529 1528 1190
f 1528 1527 1188
f 1527 1539 1188
f 1532 1530 1531
f 1538 1540 1537
f 1039 1052 1542
f 1052 1043 1543
f 1043 1042 1544
f 1042 1500 1545
f 1500 1049 1546
f 1049 1045 1547
f 1045 1501 1547
f 1501 1047 1548
f 1047 1056 1549
f 1056 1058 1550
f 1058 1059 1550
f 1059 1038 1551
f 1038 1039 1552
f 1552 1551 1038
f 1551 1550 1059
f 1550 1549 1056
f 1549 1548 1047
f 1548 1547 1501
f 1547 1546 1049
f 1546 1545 1500
f 1545 1544 1042
f 1544 1543 1043
f 1543 1542 1052
f 1542 1541 1039
f 1541 1552 1039
f 1547 1548 1554
f 1552 1541 1553
f 1542 1553 1541
f 972 1556 966
f 1556 969 970
f 970 966 1556
f 966 971 972
f 973 975 1555
f 1557 973 1555
f 967 1558 1555
f 975 967 1555
f 1559 1560 852
f 849 1561 851
f 1561 854 851
f 851 850 849
f 848 852 1560
f 1559 852 853
f 960 1563 955
f 1563 951 949
f 949 955 1563
f 955 958 960
f 957 954 1562
f 1564 957 1562
f 1562 954 947
f 959 1565 952
f 948 1566 636
f 1566 962 636
f 961 636 962
f 636 950 948
f 946 952 1565
f 1567 946 1565
f 959 1568 1565
f 1545 1569 1544
f 1550 1551 1570
f 1551 1552 1570
f 1552 1553 1570
f 1569 1543 1544
f 1542 1553 1570
f 1548 1549 1554
f 1542 1569 1553
f 1550 1554 1549
f 1569 1542 1543
f 1550 1570 1571
f 1550 1572 1573
f 1550 1573 1574
f 1574 1554 1550
f 1574 1547 1554
f 1546 1547 1576
f 1547 1575 1576
f 1577 1545 1546
f 1569 1545 1578
f 1545 1577 1578
f 1553 1569 1579
f 1571 1570 1553
f 1579 1571 1553
f 1578 1579 1569
f 1576 1577 1546
f 1574 1575 1547
f 1571 1572 1550
f 1582 1575 1577
f 1578 1577 1579
f 1571 1581 1573
f 1576 1582 1577
f 1571 1573 1572
f 1582 1576 1575
f 1580 1571 1579
f 1529 1530 1584
f 1533 1534 1583
f 1538 1539 1585
f 1532 1533 1583
f 1585 1540 1538
f 1586 1584 1530
f 1532 1583 1586
f 1527 1528 1584
f 1584 1585 1527
f 1528 1529 1584
f 1536 1540 1535
f 1585 1539 1527
f 1586 1530 1532
f 1534 1535 1583
f 1540 1536 1537
f 1540 1585 1588
f 1585 1587 1588
f 1540 1589 1590
f 1535 1540 1591
f 1540 1590 1591
f 1535 1591 1592
f 1592 1583 1535
f 1593 1586 1583
f 1594 1584 1586
f 1588 1585 1584
f 1595 1588 1584
f 1594 1595 1584
f 1593 1594 1586
f 1592 1593 1583
f 1588 1589 1540
f 1597 1591 1593
f 1587 1596 1590
f 1588 1587 1590
f 1592 1597 1593
f 1588 1590 1589
f 1597 1592 1591
f 1353 810 811
f 811 1326 1353
f 814 815 804
f 815 1353 804
f 811 812 1326
f 805 804 1353
f 809 1327 813
f 805 1353 1334
f 1334 806 805
f 1353 815 810
f 809 808 1327
f 814 804 809
f 1334 1327 807
f 1327 808 807
f 812 817 1327
f 809 813 814
f 817 813 1327
f 1334 807 806
f 812 1327 1326
f 1498 964 1598
f 1598 1599 1498
f 964 963 1491
f 1598 1600 1599
f 1491 1598 964
f 1599 1600 1601
f 1601 1602 1599
f 1600 1603 1601
f 1603 1600 1491
f 1600 1598 1491
f 1604 1491 1607
f 1608 1491 1609
f 1491 1608 1610
f 1610 1607 1491
f 1608 1611 1610
f 1612 1610 1611
f 1613 1614 1607
f 1615 1616 1612
f 1612 1611 1615
f 1610 1612 1616
f 1607 1616 1617
f 1610 1616 1607
f 1613 1607 1617
f 1618 1617 1616
f 1616 1619 1618
f 1618 1613 1617
f 1614 1613 1618
f 1620 1615 1611
f 1615 1619 1616
f 1618 1619 1615
f 1618 1615 1621
f 1618 1622 1623
f 1624 1622 1618
f 1618 1623 1625
f 1625 1617 1618
f 1568 959 1617
f 1617 959 962
f 1617 1625 1565
f 1625 946 1567
f 1625 962 1566
f 1625 1566 948
f 1567 1565 1625
f 1625 948 946
f 1617 1565 1568
f 1625 1626 1627
f 1627 962 1625
f 1623 1628 1625
f 1625 1628 1629
f 1625 1629 1630
f 1630 1626 1625
f 1624 1628 1622
f 1623 1622 1628
f 1631 1627 1626
f 1626 1630 1631
f 962 1631 1632
f 962 1627 1631
f 1632 1603 1618
f 1603 1491 1604
f 1631 1633 1603
f 1604 1618 1603
f 1632 1618 1617
f 1604 1607 1614
f 1255 1633 1631
f 1632 1631 1603
f 1614 1618 1604
f 1617 962 1632
f 1635 1284 1638
f 1631 1639 1640
f 1640 1255 1631
f 1254 1255 1640
f 1641 1248 1251
f 1636 1255 1247
f 642 1248 1642
f 1636 1247 642
f 1643 1248 1641
f 1248 1643 1642
f 642 1642 1636
f 1634 1637 1646
f 1648 1284 1634
f 1634 1647 1648
f 1648 1649 1635
f 1635 1638 1648
f 1649 1650 1636
f 1636 1635 1649
f 1650 1633 1636
f 1255 1636 1633
f 1638 1284 1648
f 1646 1647 1634
f 1651 1652 1633
f 1650 1649 1651
f 1649 1648 1653
f 1653 1651 1649
f 1648 1647 1654
f 1655 1654 1647
f 1647 1646 1655
f 1654 1653 1648
f 1633 1650 1651
f 1652 1348 1346
f 1334 1353 1656
f 1652 1346 1338
f 1342 1338 1334
f 1338 1339 1652
f 1334 1333 1342
f 1348 1652 1651
f 1656 1602 1334
f 1333 1334 1602
f 1339 1601 1652
f 1348 1651 1653
f 1348 1653 1654
f 1659 1657 1353
f 1657 1656 1353
f 1341 1342 1601
f 1654 1655 1346
f 1353 1346 1655
f 1342 1333 1601
f 1601 1339 1341
f 1346 1348 1654
f 1353 1660 1658
f 1353 1655 1660
f 1658 1659 1353
f 1333 1602 1601
f 1646 1661 1660
f 1660 1655 1646
f 1663 1664 1662
f 1664 1663 1665
f 1666 1667 1664
f 1664 1665 1666
f 1666 1311 1667
f 1668 1669 1311
f 1669 1668 1661
f 1661 1645 1669
f 1311 1666 1668
f 1646 1637 1645
f 1645 1661 1646
f 1668 1658 1660
f 1666 1659 1658
f 1665 1657 1659
f 1657 1665 1663
f 1663 1656 1657
f 1659 1666 1665
f 1658 1668 1666
f 1661 1668 1660
f 1664 1667 1311
f 1226 1671 1670
f 1670 1662 1226
f 1227 1672 1226
f 1674 1223 1225
f 1223 1676 1677
f 1677 1228 1224
f 1225 1226 1673
f 1677 1224 1223
f 1674 1675 1223
f 1676 1223 1675
f 1674 1225 1673
f 1671 1226 1672
f 1672 1678 1671
f 1671 1678 1680
f 1678 1672 1679
f 1678 1682 1683
f 1678 1679 1682
f 1682 1684 1685
f 1685 1683 1682
f 1686 1685 1684
f 1686 1684 1688
f 1684 1687 1688
f 1688 1687 1689
f 1689 1420 1688
f 1692 1644 1639
f 1644 1640 1639
f 1644 1692 1693
f 1693 1694 1644
f 1696 1694 1693
f 1696 1695 1694
f 1420 1691 1697
f 1420 1690 1691
f 1691 1698 1699
f 1699 1697 1691
f 1698 1701 1699
f 1700 1699 1701
f 1700 1701 1703
f 1701 1702 1703
f 1364 1704 1695
f 1695 1696 1364
f 1706 1705 1364
f 1705 1704 1364
f 1705 1706 1707
f 1707 1708 1705
f 1710 1708 1707
f 1710 1709 1708
f 1364 1696 1711
f 1713 1714 1709
f 1709 1710 1713
f 1709 1259 1258
f 1709 1714 1259
f 1259 1715 1716
f 1716 1256 1259
f 1256 1716 1715
f 1718 1258 1257
f 1313 1717 1257
f 1313 1256 1715
f 1257 1717 1718
f 1720 1719 1713
f 1719 1714 1713
f 1719 1720 1721
f 1721 1722 1719
f 1722 1721 1723
f 1725 1722 1723
f 1725 1724 1722
f 1727 1726 1724
f 1724 1725 1727
f 1729 1728 1727
f 1728 1726 1727
f 1730 1728 1729
f 1729 1731 1730
f 1731 1732 1733
f 1732 1734 1735
f 1734 1736 1737
f 1736 1738 1737
f 1736 1739 1738
f 1739 1740 1738
f 1741 1742 1743
f 1743 1739 1741
f 1744 1745 1746
f 1746 1741 1744
f 1747 1748 1749
f 1749 1744 1747
f 1750 1751 1748
f 1748 1747 1750
f 1749 1745 1744
f 1746 1742 1741
f 1743 1740 1739
f 1737 1735 1734
f 1735 1733 1732
f 1733 1730 1731
f 1749 1742 1746
f 1751 1752 1748
f 1745 1749 1746
f 1742 1746 1743
f 1743 1738 1740
f 1751 1750 1753
f 1755 1751 1753
f 1755 1754 1751
f 1755 1373 1754
f 1757 1758 1754
f 1754 1373 1757
f 1754 1758 929
f 932 931 1760
f 927 932 1760
f 925 927 1761
f 921 925 1761
f 922 1762 1763
f 1763 928 922
f 1760 1761 927
f 929 1760 931
f 929 928 1763
f 1762 922 921
f 1764 929 1763
f 921 1765 1762
f 1757 1759 1758
f 1768 1767 1759
f 1767 1758 1759
f 1769 1767 1768
f 1768 1770 1769
f 1770 1771 1769
f 1773 1771 1770
f 1773 1772 1771
f 1770 1775 1773
f 1773 1776 1772
f 1776 1774 1772
f 1777 1778 1774
f 1774 1776 1777
f 1781 1776 1773
f 1773 1780 1781
f 1774 1778 863
f 1782 863 1778
f 864 863 1782
f 862 864 1782
f 857 862 1782
f 860 857 1784
f 859 860 1784
f 858 859 863
f 863 861 858
f 1782 1784 857
f 1785 863 1786
f 1787 859 1784
f 859 1786 863
f 1783 1778 1779
f 1777 1779 1778
f 1789 1788 1779
f 1788 1783 1779
f 1788 1789 1790
f 1790 1791 1788
f 1790 1792 1791
f 1794 1792 1790
f 1794 1793 1792
f 1796 1795 1793
f 1793 1797 1796
f 1799 1798 1800
f 1798 1795 1800
f 1799 1801 1798
f 1802 1801 1799
f 1799 1803 1802
f 1804 1805 1806
f 1805 1807 1806
f 1805 1808 1809
f 1803 1804 1810
f 1804 1811 1810
f 1810 1802 1803
f 1809 1807 1805
f 1806 1811 1804
f 1806 1810 1811
f 1809 1806 1807
f 1810 1806 1807
f 1812 1809 1808
f 1813 1812 1808
f 1813 1808 1814
f 1814 1812 1813
f 1809 1815 1814
f 1812 1814 1809
f 1424 1033 1806
f 1806 1816 1424
f 1477 1817 1033
f 1816 1806 1809
f 1809 1814 1816
f 1477 1478 1818
f 1818 1817 1477
f 1817 1818 1027
f 1480 1481 1749
f 1481 1741 1819
f 1741 1742 1819
f 1741 1820 1020
f 1820 1740 1020
f 1485 1023 1821
f 1821 1820 1485
f 1822 1735 1023
f 1023 1485 1822
f 1823 1824 1825
f 1825 1822 1823
f 1826 1827 1824
f 1824 1823 1826
f 1825 1735 1822
f 1821 1740 1820
f 1020 1742 1741
f 1819 1749 1481
f 1749 1029 1480
f 1029 1818 1478
f 1020 1819 1742
f 1821 1020 1740
f 1735 1825 1023
f 1020 1821 1738
f 1023 1738 1821
f 1029 1027 1818
f 1826 1828 1829
f 1829 1827 1826
f 1828 1830 1831
f 1830 1832 1833
f 1832 1834 1833
f 1832 1472 1835
f 1472 1473 1836
f 1474 1837 993
f 1475 1838 1839
f 1839 1474 1475
f 1840 995 1841
f 1841 1475 1840
f 1464 1842 995
f 995 1840 1464
f 1841 1838 1475
f 1839 1837 1474
f 993 1836 1473
f 1836 1835 1472
f 1835 1834 1832
f 1833 1831 1830
f 1831 1829 1828
f 1835 1833 1834
f 1837 1839 993
f 1838 1841 1839
f 1835 1836 1843
f 995 1842 998
f 993 1843 1836
f 1463 1844 1842
f 1842 1464 1463
f 1844 998 1842
f 1845 1846 1847
f 1846 1848 1849
f 1463 1845 1179
f 1179 1844 1463
f 1849 1847 1846
f 1847 1179 1845
f 1849 1848 1850
f 1851 1850 1848
f 1848 1852 1849
f 1852 1853 1849
f 1854 1855 1847
f 1847 1856 1854
f 1857 1858 1179
f 1179 1854 1857
f 1856 1859 1853
f 1853 1852 1856
f 1179 1855 1854
f 1847 1859 1856
f 1179 1859 1847
f 1847 1859 1853
f 1855 1179 1847
f 1179 1858 1844
f 1858 1857 1860
f 1860 1861 1858
f 1844 1858 1861
f 1861 1862 1844
f 1863 1861 1860
f 1865 1863 1860
f 1865 1864 1863
f 1865 1866 1864
f 1867 1868 1864
f 1864 1866 1867
f 879 1871 1868
f 1871 1864 1868
f 882 883 1872
f 884 882 1872
f 884 1872 1873
f 1871 878 880
f 879 878 1871
f 884 1871 880
f 884 1873 1871
f 1867 1869 1868
f 1874 1875 1876
f 1877 1874 1869
f 1874 1868 1869
f 1875 1874 1877
f 1878 1875 1877
f 1877 1879 1878
f 1880 1876 1875
f 1875 1878 1880
f 1883 1878 1879
f 1883 1881 1878
f 1884 1881 1883
f 1885 1886 1884
f 1884 1883 1885
f 1884 866 1887
f 1884 1886 866
f 873 866 872
f 872 870 873
f 875 871 1889
f 874 875 1889
f 874 1889 1890
f 869 874 1890
f 868 869 1887
f 1887 866 868
f 1890 1887 869
f 1891 872 866
f 866 1892 1891
f 1888 1886 1885
f 1893 1894 1896
f 1895 1896 1894
f 1897 1893 1885
f 1893 1888 1885
f 1894 1893 1897
f 1894 1897 1898
f 1898 1899 1894
f 1900 1895 1894
f 1894 1899 1900
f 1885 1902 1897
f 1904 1899 1898
f 1904 1901 1899
f 1905 1906 1901
f 1901 1904 1905
f 1901 1906 891
f 892 1907 1908
f 1908 893 892
f 903 1911 1910
f 899 903 1910
f 902 899 1910
f 898 902 1912
f 891 898 1912
f 1910 1912 902
f 900 1911 903
f 1909 900 893
f 900 1910 1911
f 892 891 1907
f 1915 1909 1908
f 1907 1914 891
f 1913 1915 1908
f 1915 1913 900
f 1909 1915 900
f 1909 893 1908
f 1917 1916 1905
f 1916 1906 1905
f 1917 1918 1916
f 998 1842 1916
f 1916 1919 998
f 1918 1920 995
f 1920 1921 1841
f 1921 1922 1841
f 1921 1923 1837
f 1923 1924 993
f 1924 1925 993
f 1926 1835 1843
f 1843 1924 1926
f 1927 1834 1928
f 1928 1926 1927
f 1929 1930 1833
f 1833 1927 1929
f 1931 1932 1930
f 1930 1929 1931
f 1833 1834 1927
f 1928 1835 1926
f 1843 1925 1924
f 993 1837 1923
f 1837 1922 1921
f 1841 995 1920
f 995 1916 1918
f 995 998 1919
f 995 1919 1916
f 1834 1833 1928
f 1835 1928 1843
f 1843 993 1925
f 1837 1841 1922
f 1932 1931 1933
f 1933 1934 1932
f 1936 1937 1935
f 1935 1934 1936
f 1938 1934 1933
f 1938 1936 1934
f 1940 1939 1937
f 1937 1941 1940
f 1944 1942 1940
f 1942 1939 1940
f 1943 1942 1944
f 1945 1943 1944
f 1944 1946 1945
f 1827 1708 1719
f 1733 1824 1827
f 1827 1705 1708
f 1728 1827 1722
f 1752 1027 1029
f 1705 1829 1694
f 1719 1722 1827
f 1738 1743 1020
f 1748 1029 1749
f 1029 1748 1752
f 1645 1829 1682
f 1684 1829 1691
f 1691 1689 1687
f 1827 1728 1733
f 1733 1735 1825
f 1743 1742 1819
f 1752 1751 1027
f 1829 1644 1694
f 1682 1669 1645
f 1825 1824 1733
f 1737 1023 1825
f 1819 1020 1743
f 1829 1684 1682
f 1829 1698 1691
f 1825 1735 1737
f 1749 1819 1742
f 1701 1698 1829
f 1726 1722 1724
f 1023 1737 1738
f 1935 1937 1939
f 1689 1691 1690
f 1705 1827 1829
f 1939 1942 1935
f 1932 1829 1831
f 1829 1932 1934
f 1694 1695 1704
f 1762 1027 1751
f 1728 1730 1733
f 1708 1313 1719
f 1841 1837 1839
f 1934 1942 1829
f 1930 1831 1833
f 1831 1930 1932
f 1311 1682 1675
f 1644 1829 1637
f 1835 1928 1833
f 1311 1669 1682
f 1829 1645 1637
f 1726 1728 1722
f 1687 1684 1691
f 1701 1829 1945
f 1876 1844 1862
f 1829 1943 1945
f 1842 995 900
f 1847 1849 1853
f 1644 1637 1634
f 1893 1844 1880
f 1704 1705 1694
f 1942 1943 1829
f 1945 1948 1701
f 1876 1880 1844
f 1945 1949 1948
f 900 1916 1842
f 1934 1935 1942
f 1634 1642 1644
f 1896 1895 1844
f 1862 1872 1876
f 1880 1889 871
f 900 995 998
f 998 1895 1900
f 1844 1893 1896
f 1880 871 1893
f 1788 1769 1787
f 883 1874 1876
f 1895 998 1844
f 1027 1767 1769
f 1769 1788 1027
f 1900 1911 900
f 1636 1284 1635
f 1801 1810 1033
f 1807 1806 1033
f 1766 1767 1027
f 1715 1716 1719
f 1876 1872 883
f 1634 1284 1636
f 1033 1810 1807
f 1801 1027 1791
f 900 998 1900
f 1801 1817 1027
f 845 839 1798
f 1788 1791 1027
f 1716 1259 1714
f 1801 1033 1817
f 1791 845 1801
f 1771 1772 1786
f 1798 1801 845
f 1716 1714 1719
f 1801 1802 1810
f 1769 1786 859
f 1786 1769 1771
f 1718 1717 1708
f 1784 1782 1778
f 1788 1787 1784
f 1027 921 1766
f 1717 1313 1708
f 1778 1783 1784
f 1766 921 1767
f 1772 1774 1786
f 1027 1762 1765
f 1636 1642 1634
f 1708 1709 1718
f 1891 1886 1888
f 1761 1760 1758
f 921 1761 1767
f 1774 863 1785
f 1765 921 1027
f 1313 1715 1719
f 859 1787 1769
f 1774 1785 1786
f 1763 1762 1754
f 1908 1907 1906
f 1641 1251 1640
f 1784 1783 1788
f 1258 1718 1709
f 1890 1880 1878
f 1754 929 1764
f 1910 1900 1899
f 1891 1888 1893
f 1751 1754 1762
f 1764 1763 1754
f 1890 1881 1884
f 1886 1891 1892
f 871 872 1893
f 1641 1640 1644
f 1642 1643 1644
f 1878 1881 1890
f 1916 1913 1908
f 1892 866 1886
f 872 1891 1893
f 1761 1758 1767
f 1643 1641 1644
f 1900 1910 1911
f 1899 1901 1910
f 1868 881 879
f 1906 1907 1914
f 1901 1912 1910
f 1890 1889 1880
f 1916 900 1913
f 1884 1887 1890
f 1908 1906 1916
f 1864 884 1873
f 881 1868 1874
f 1872 1862 1861
f 1873 1863 1864
f 1864 1871 1873
f 1861 1863 1872
f 1863 1873 1872
f 883 881 1874
f 1914 891 1906
f 1901 891 1912
f 1760 929 1758
f 1251 1254 1640
f 1950 1947 1951
f 1945 1947 1950
f 1672 1682 1679
f 1673 1662 1664
f 1948 1952 1701
f 1945 1950 1949
f 844 1791 1792
f 844 1792 1793
f 1311 1674 1673
f 1682 1677 1676
f 1673 1664 1311
f 1237 1950 1951
f 1702 1953 1238
f 1702 1701 1953
f 1662 1673 1226
f 1952 1953 1701
f 1676 1675 1682
f 1311 1675 1674
f 842 1793 1795
f 839 840 1798
f 1793 843 844
f 842 843 1793
f 1795 1798 840
f 1951 1238 1237
f 1672 1228 1677
f 840 841 1795
f 1227 1228 1672
f 1791 846 845
f 841 842 1795
f 1791 844 846
f 1677 1682 1672
f 1954 1945 1946
f 1954 1947 1945
f 1950 1235 1949
f 1948 1236 1952
f 1953 1952 1238
f 1235 1236 1948
f 1950 1237 1235
f 1236 1238 1952
f 1948 1949 1235
f 1951 1702 1238
f 1703 1702 1951
f 1951 1955 1703
f 1957 1606 1956
f 1498 1605 1958
f 1606 1958 1959
f 1606 1498 1958
f 1606 1959 1961
f 1961 1956 1606
f 1962 1963 1958
f 1961 1960 1956
f 1960 1961 1964
f 1964 1965 1966
f 1966 1960 1964
f 1961 1967 1965
f 1965 1964 1961
f 1968 1965 1967
f 1966 1965 1968
f 1968 1969 1966
f 1958 1963 1970
f 1961 1968 1967
f 1961 1959 1971
f 1971 1968 1961
f 1959 1958 1971
f 1970 1971 1958
f 1971 1970 1968
f 1972 1973 1968
f 1968 1970 1972
f 1963 1962 1972
f 1970 1963 1972
f 1966 1969 1974
f 1968 1973 1969
f 1972 1975 1969
f 1972 1969 1973
f 1663 1670 1972
f 1972 1605 1663
f 1972 1670 1681
f 1972 1962 1958
f 1599 1663 1498
f 1681 1976 1970
f 1670 1663 1662
f 1605 1498 1663
f 1970 1972 1681
f 1958 1605 1972
f 1977 1972 1971
f 1972 1970 1971
f 849 1976 1670
f 1670 1671 849
f 1681 1670 1976
f 1971 1970 1560
f 1978 853 854
f 1978 1559 853
f 1971 1560 1559
f 1976 849 848
f 1559 1978 1971
f 1970 848 1560
f 848 1970 1976
f 849 1978 1561
f 1978 854 1561
f 1977 1971 1978
f 1978 1979 1977
f 1671 1980 1978
f 1978 849 1671
f 1979 1981 1977
f 1977 1981 1982
f 1980 1979 1978
f 1680 1980 1671
f 1420 1689 1690
f 1688 1983 1984
f 1686 1984 1685
f 1984 1686 1688
f 1985 1984 1983
f 1983 1986 1985
f 1986 1987 1985
f 1685 1984 1985
f 1985 1987 1685
f 1685 1987 1988
f 1988 1683 1685
f 1989 1990 1986
f 1986 1983 1989
f 1682 1991 1992
f 1992 1683 1682
f 1988 1682 1683
f 1991 1679 1678
f 1678 1992 1991
f 1678 1683 1992
f 1513 1682 1988
f 1987 1986 1515
f 1990 1679 1513
f 1515 1514 1987
f 1986 1242 1244
f 1990 1243 1242
f 1990 1513 1243
f 1513 1679 1682
f 1244 1515 1986
f 1242 1986 1990
f 1514 1516 1988
f 1516 1513 1988
f 1988 1987 1514
f 1679 1991 1682
f 1679 1990 1678
f 1989 1678 1990
f 1989 1983 1993
f 1699 1700 1703
f 1951 1954 1955
f 1951 1947 1954
f 1793 1794 1797
f 1797 1995 1996
f 1995 1797 1794
f 1995 1997 1998
f 1995 1794 1997
f 1996 1999 1796
f 1796 1797 1996
f 1999 2000 1800
f 1999 1800 1796
f 1796 1800 1795
f 2001 1800 2000
f 2001 2002 1800
f 1938 1941 1937
f 1937 1936 1938
f 1940 2003 1944
f 2005 809 804
f 804 2004 2005
f 809 2005 2006
f 807 808 2006
f 2006 2007 807
f 807 2007 2008
f 2008 806 807
f 805 806 2008
f 2008 2009 805
f 2009 804 805
f 2009 2004 804
f 2006 808 809
f 2010 2005 2004
f 811 2011 2012
f 812 2012 2013
f 817 2013 2014
f 814 813 2014
f 2014 2015 814
f 2015 2016 815
f 810 815 2016
f 2016 2017 810
f 811 810 2011
f 810 2017 2011
f 815 814 2015
f 813 817 2014
f 2013 817 812
f 2012 812 811
f 2016 2018 2017
f 2016 2015 2014
f 2019 2020 1125
f 1136 1125 2020
f 1134 1136 2020
f 1134 2021 2022
f 2020 2021 1134
f 1134 2022 2023
f 1132 2023 2024
f 1131 2024 2025
f 2025 2026 1123
f 1123 2026 2027
f 2027 2028 1123
f 1142 1130 2028
f 2028 2029 1142
f 1128 1142 2030
f 2030 2019 1128
f 1125 1128 2019
f 2029 2030 1142
f 2028 1130 1123
f 2025 1123 1131
f 2024 1131 1132
f 2023 1132 1134
f 2029 2028 2030
f 2022 2021 2020
f 2022 2020 2031
f 1067 2033 2034
f 2034 1068 1067
f 2034 1064 1068
f 1064 2034 1065
f 1071 1065 1072
f 1072 1073 1071
f 1067 1069 2035
f 2035 2033 1067
f 1070 2035 1069
f 1072 1065 2036
f 1105 2037 2038
f 2038 1109 1105
f 2038 1111 1109
f 2038 1103 1111
f 1112 1103 2039
f 2039 1110 1112
f 1110 2039 1107
f 1105 1106 2040
f 2040 2037 1105
f 1103 2041 2039
f 655 646 2042
f 653 655 2042
f 1153 2043 2044
f 2044 1150 1153
f 1150 2044 654
f 659 646 658
f 659 2042 646
f 653 2043 1153
f 2045 653 2042
f 595 599 2046
f 593 595 2046
f 1169 593 594
f 594 1170 1169
f 601 596 597
f 596 601 2046
f 2046 599 596
f 594 601 597
f 2047 594 593
f 593 2048 2047
f 2049 1768 1759
f 2049 2050 1768
f 1768 2049 2051
f 2052 2049 1759
f 1759 1758 2052
f 1757 2054 1759
f 2053 1759 2054
f 2057 2054 2055
f 2054 2057 1758
f 1758 2053 2054
f 1759 2053 1758
f 1768 2050 2052
f 1767 2058 1768
f 2052 1767 1768
f 2050 2049 2052
f 1768 2058 1769
f 1769 2058 1767
f 1769 2059 1770
f 2060 1770 2059
f 2061 2060 2059
f 2059 1758 2062
f 1769 2052 1758
f 2059 1769 1758
f 2052 1769 1767
f 1758 2057 2062
f 2056 2062 2057
f 2057 2055 2056
f 2059 2062 2063
f 2063 2061 2059
f 2060 1770 2061
f 1775 1770 2061
f 1773 1775 2063
f 2063 1780 1773
f 2061 2063 1775
f 1780 2063 2062
f 1781 1780 2062
f 2056 1781 2062
f 2056 1781 1780
f 2064 1789 1779
f 2065 2064 1779
f 1779 1783 2065
f 2067 1777 2066
f 1777 2067 1783
f 1783 1779 1777
f 1788 2068 1789
f 2065 1788 1789
f 1789 2064 2065
f 1789 2068 1791
f 1791 1790 1789
f 1791 2068 1788
f 1791 2069 1790
f 2070 1790 2069
f 1788 2065 1783
f 1788 1783 2071
f 1788 2071 2069
f 2069 1791 1788
f 1783 2067 2071
f 1998 2071 2067
f 2067 2066 1998
f 2069 2071 1997
f 1997 2070 2069
f 1794 1790 2070
f 2070 1997 1794
f 1998 1997 2071
f 1869 1882 1877
f 1875 1877 1882
f 1882 2072 1875
f 1877 1875 2074
f 2074 1879 1877
f 1878 2074 1875
f 2073 2075 2072
f 2072 1882 2073
f 1879 2074 1878
f 2072 2075 1881
f 2072 1878 1875
f 1878 2072 1881
f 2073 1883 2075
f 1881 2075 1883
f 1885 1903 2076
f 1902 2076 2077
f 2077 1897 1902
f 2076 1902 1885
f 1894 2077 2076
f 2076 2078 1894
f 2078 1903 2076
f 1894 1897 2077
f 1897 1894 2080
f 2080 1898 1897
f 1894 1899 2080
f 2079 2081 2078
f 2078 2076 2079
f 1898 2080 1899
f 2082 1898 1899
f 1904 2082 1899
f 1904 1898 2082
f 2078 2081 1901
f 1894 2078 1901
f 1901 1899 1894
f 2083 1904 1901
f 2079 2083 2081
f 1901 2081 2083
f 1938 1933 2084
f 2085 1936 1938
f 1938 2084 2085
f 1936 2085 1934
f 1934 2085 2084
f 2084 1933 1934
f 2086 2087 1934
f 1934 1933 2086
f 1938 1936 2089
f 2089 2090 1938
f 2087 2089 1511
f 1232 2089 1936
f 1508 1936 1934
f 1934 1512 1508
f 1934 2087 1509
f 2087 1510 1509
f 1936 1234 1232
f 1936 1508 1234
f 2087 1511 1510
f 1509 1512 1934
f 2089 1232 1233
f 2089 1233 1511
f 2089 2087 2088
f 2088 2086 2091
f 2088 2087 2086
f 2088 2091 2090
f 2090 2089 2088
f 2093 2094 2090
f 2090 2091 2093
f 2092 2090 2094
f 1419 2092 2094
f 2094 2095 1419
f 2094 2093 1293
f 2096 1293 2086
f 1293 2093 2091
f 2091 2086 1293
f 1931 1932 1293
f 1293 2096 1931
f 1929 2097 2098
f 2097 1302 2098
f 2099 2100 1834
f 1834 2097 2099
f 2101 2102 2100
f 2100 2099 2101
f 1931 1929 2103
f 1929 1930 2103
f 2103 1932 1931
f 1834 1302 2097
f 2098 1930 1929
f 2098 2103 1930
f 1302 1834 2098
f 2100 2104 1834
f 2102 2104 2100
f 1932 2094 1293
f 2102 2105 2106
f 1932 2095 2094
f 1407 1834 2104
f 2107 1405 2098
f 1932 2103 2108
f 2104 2106 1407
f 1834 1407 2107
f 1405 2108 2103
f 2098 1834 2107
f 2108 2095 1932
f 2103 2098 1405
f 2106 2104 2102
f 2109 2107 1407
f 2108 1405 2110
f 2106 2111 2112
f 2113 2109 1407
f 1407 2112 2113
f 1418 1405 2107
f 2114 2110 1405
f 1405 1418 2114
f 2107 2113 1418
f 2111 2106 2105
f 2110 2114 2115
f 1419 2095 2108
f 2108 2115 1419
f 2115 2108 2110
f 2105 2116 2111
f 2113 2107 2109
f 2112 1407 2106
f 2101 2117 2102
f 2102 2117 2116
f 2116 2105 2102
f 2101 1415 2116
f 2117 2101 2116
f 2114 1418 2115
f 2116 2118 2111
f 2116 2119 2118
f 2111 2118 2112
f 2101 2117 1415
f 2120 992 1415
f 1415 2117 2120
f 1415 992 2121
f 2129 2122 2124
f 2124 2122 2123
f 2125 2126 2124
f 2122 2129 1415
f 1925 2101 1924
f 1925 2102 2101
f 2120 2117 2101
f 2102 2120 2101
f 2130 1925 1924
f 2130 2120 2102
f 2130 2102 1925
f 1923 1921 2131
f 1921 1922 2131
f 1920 2132 2133
f 2133 1921 1920
f 1918 2134 2132
f 2132 1920 1918
f 1924 1923 1837
f 1837 2130 1924
f 2133 1922 1921
f 2131 1837 1923
f 1926 1924 2101
f 2099 2097 1927
f 2086 1933 1931
f 1929 1927 2097
f 1927 1926 2099
f 2086 1931 2096
f 2101 2099 1926
f 2132 2134 1919
f 2130 1837 2135
f 2131 2135 1837
f 1922 2133 2131
f 1918 1916 1919
f 1919 2134 1918
f 1906 1919 1916
f 1906 2136 1919
f 2136 2132 1919
f 896 992 2130
f 2120 2130 992
f 2137 896 2135
f 894 2133 2132
f 894 2137 2131
f 2130 2135 896
f 2132 895 894
f 2135 2131 2137
f 2131 2133 894
f 2136 895 2132
f 895 2136 2138
f 2139 2137 894
f 2140 896 2137
f 895 2127 2126
f 2125 2139 894
f 894 2126 2125
f 2125 2124 2137
f 2140 2137 2124
f 2124 2123 2140
f 2127 895 2138
f 2123 2122 896
f 2122 1415 992
f 992 896 2122
f 896 2140 2123
f 2138 2128 2127
f 2137 2139 2125
f 2126 894 895
f 1916 1918 1905
f 1918 1917 1905
f 2128 2138 2136
f 2136 1905 2128
f 1905 2136 1906
f 2141 1944 2003
f 2142 2141 2003
f 2003 2143 2142
f 2143 1943 2142
f 1944 2141 2142
f 2142 1943 1944
f 1954 1947 2143
f 2143 2003 1954
f 1945 2144 2145
f 2145 1946 1945
f 2144 1947 1954
f 1954 2145 2144
f 1954 1946 2145
f 1945 1943 2143
f 1945 2143 1947
f 1947 2144 1945
f 1703 1994 2146
f 2146 1699 1703
f 2147 2146 1994
f 1994 2148 2147
f 2148 1698 2147
f 2147 1699 2146
f 2147 1698 1699
f 1699 1698 1289
f 1289 1697 1699
f 1420 2149 2148
f 2148 1994 1420
f 1691 2150 2151
f 2151 1697 1691
f 1697 1289 1691
f 2150 1690 1420
f 1420 2151 2150
f 1420 1697 2151
f 1289 2148 2149
f 1289 1698 2148
f 2149 1690 1289
f 1691 1289 1690
f 1690 2150 1691
f 1690 2149 1420
f 2152 1692 1639
f 2153 2152 1639
f 1639 2154 2153
f 2154 2156 2153
f 2154 1639 2155
f 2157 2158 2154
f 2154 2155 2157
f 2153 1692 2152
f 2159 1692 2156
f 2153 2156 1692
f 2159 2156 2160
f 2160 2161 2159
f 1692 2159 2161
f 2161 1693 1692
f 2156 1520 1519
f 2156 2154 1520
f 1252 1253 2154
f 2160 1521 1517
f 1253 1520 2154
f 1517 2158 2160
f 1252 2154 2158
f 1517 1250 2158
f 2160 1518 1521
f 1519 1518 2156
f 1250 1252 2158
f 2160 2156 1518
f 2160 1693 2161
f 2160 2162 2163
f 2163 1693 2160
f 2158 2162 2160
f 2162 2158 1696
f 1696 2163 2162
f 1696 1693 2163
f 2157 2155 2164
f 2158 2157 1696
f 2165 1706 1364
f 2166 2165 1364
f 1364 1704 2166
f 2167 1364 1362
f 2167 1704 1364
f 2166 1704 2167
f 2167 2168 2166
f 2166 2168 1705
f 2166 1706 2165
f 2169 1706 2168
f 2166 2168 1706
f 2169 2168 2170
f 2170 2171 2169
f 1706 2169 2171
f 2171 1707 1706
f 1712 2172 2167
f 2167 1362 1712
f 2171 2170 1707
f 2170 2173 2174
f 2174 1707 2170
f 2173 2172 1712
f 1712 2174 2173
f 1710 1707 2174
f 2174 1712 1710
f 2168 2167 2172
f 2172 2170 2168
f 2172 2173 2170
f 2175 1720 1713
f 2176 2175 1713
f 1713 1714 2176
f 2178 1713 2177
f 2178 1714 1713
f 1714 1719 2176
f 1719 1714 2178
f 2178 2179 1719
f 1720 2175 2176
f 1719 2179 1720
f 2180 1720 2179
f 2176 1719 1720
f 2180 2179 2181
f 2181 1721 2180
f 1720 2180 1721
f 1756 2182 2178
f 2178 2177 1756
f 2181 2183 2184
f 2184 1721 2181
f 2183 2182 1756
f 1756 2184 2183
f 2185 1723 1721
f 1721 2184 2185
f 1725 1723 2185
f 1756 2185 2184
f 1756 1725 2185
f 2179 2178 2182
f 2181 2179 2182
f 2182 2183 2181
f 2186 1729 1727
f 2187 2186 1727
f 1727 1726 2187
f 1726 1728 2187
f 2189 1727 2188
f 2189 1726 1727
f 1729 2186 2187
f 1728 1280 1729
f 2187 1728 1729
f 1729 1280 2190
f 2190 2191 1729
f 2193 2194 2189
f 2189 2188 2193
f 1280 1726 1524
f 1524 1726 2189
f 2189 2194 1264
f 1522 1263 2194
f 2189 1265 1524
f 1728 1726 1280
f 1522 2194 2190
f 2190 1280 1523
f 2194 1263 1264
f 1280 1524 1523
f 2190 1525 1522
f 1264 1265 2189
f 1523 1525 2190
f 2194 2192 2190
f 2190 2192 2195
f 2195 2191 2190
f 2192 2194 2193
f 2193 2195 2192
f 2195 2196 2191
f 2196 2195 2193
f 2196 2198 2191
f 2196 2193 2197
f 2199 2196 2197
f 2197 2200 2199
f 2200 2201 2199
f 2199 2198 2196
f 2199 2201 2198
f 1731 2198 2201
f 2201 1730 1731
f 1736 2202 2203
f 2202 1304 2203
f 1732 1733 2204
f 2204 2202 1732
f 2205 1736 2206
f 2206 2207 2205
f 2204 1304 2202
f 2203 2206 1736
f 2207 2206 2208
f 2203 2208 2206
f 2204 2203 1304
f 1363 2209 2200
f 2200 2197 1363
f 2207 2210 2211
f 1730 2201 2200
f 2207 2208 935
f 1730 2209 2212
f 2213 2203 2204
f 1359 935 2208
f 2212 1733 1730
f 1361 2204 1733
f 2204 1361 2213
f 935 2211 2207
f 1733 2212 1361
f 2208 2203 1359
f 2213 1359 2203
f 2200 2209 1730
f 2214 935 1359
f 935 2210 2211
f 2215 1366 1361
f 1366 2216 2213
f 2213 1361 1366
f 2216 2217 1359
f 2214 1359 2217
f 2217 2218 2214
f 1363 2215 2212
f 2218 2219 935
f 2219 1369 2210
f 2210 935 2219
f 935 2214 2218
f 2212 2209 1363
f 1359 2213 2216
f 1361 2212 2215
f 2220 2205 2207
f 2207 2210 1369
f 1369 2220 2207
f 2219 2222 1369
f 2217 2219 2218
f 2221 2205 1369
f 2205 2220 1369
f 2223 2221 2205
f 2223 2221 1369
f 2224 2223 1369
f 1369 1026 2224
f 1369 1026 2210
f 2232 2226 2227
f 2229 2230 2228
f 1369 2231 2230
f 2226 2232 2225
f 2230 2231 2228
f 2221 2223 2224
f 2221 2224 2233
f 2233 2234 2221
f 1747 2235 2236
f 2235 2237 2236
f 2238 1746 2239
f 2239 2235 2238
f 2234 2233 1746
f 1746 2238 2234
f 1748 2240 1750
f 2239 2237 2235
f 2236 1748 1747
f 1739 2205 2221
f 2198 1731 1729
f 1731 2198 1732
f 2205 1739 1736
f 2202 1734 1732
f 2198 1729 2191
f 1741 1739 2234
f 1734 2202 1736
f 2238 2235 1744
f 1747 1744 2235
f 1744 1741 2238
f 1739 2221 2234
f 2234 2238 1741
f 2239 2236 2237
f 1746 2241 2239
f 2233 2241 1746
f 1748 1752 2240
f 1752 1753 1750
f 1752 2242 1750
f 2244 1750 2243
f 2242 2243 1750
f 1750 2240 1752
f 2242 2245 1754
f 1754 2243 2242
f 2233 2224 930
f 930 2241 2233
f 2242 1752 2245
f 2246 2239 2241
f 2247 2245 1752
f 2241 930 2246
f 923 2236 2239
f 923 2247 1748
f 2239 2246 923
f 1752 1748 2247
f 1748 2236 923
f 1026 930 2224
f 2246 930 2248
f 923 2246 2249
f 2247 2250 2245
f 2248 2229 2228
f 2227 2249 2246
f 2246 2228 2227
f 2247 923 2227
f 2227 2226 2247
f 2230 930 1026
f 2229 2248 930
f 930 2230 2229
f 2226 2225 2250
f 2250 2247 2226
f 1026 1369 2230
f 923 2249 2227
f 2228 2246 2248
f 2243 1754 1755
f 1755 2244 2243
f 2244 1753 1750
f 1755 1753 2244
f 1755 1754 2245
f 2245 1373 1755
f 2245 2225 1373
f 2245 2250 2225
f 1799 2251 2252
f 2251 1799 1800
f 1800 2002 2251
f 2253 2251 2002
f 2002 2254 2253
f 2001 1374 2255
f 2254 2002 2001
f 2253 1799 2252
f 2252 1799 1801
f 2253 1801 1799
f 2252 2251 2253
f 1803 2252 1801
f 1801 1802 1803
f 2256 1811 2257
f 2257 1805 2256
f 1803 1802 1811
f 1811 2256 1803
f 1805 2257 1809
f 2255 2259 2254
f 2254 2001 2255
f 2258 1809 2260
f 1801 2253 2254
f 2259 1802 1801
f 1802 2259 2261
f 912 2257 1811
f 2261 1811 1802
f 1811 2261 912
f 1809 2257 2262
f 912 2262 2257
f 2262 2260 1809
f 2254 2259 1801
f 2262 912 2264
f 2264 2261 2263
f 2261 2264 912
f 2265 2266 2264
f 2262 2264 2266
f 2266 2267 2262
f 2255 2268 2261
f 2263 2261 2268
f 2268 2265 2263
f 2267 2269 2262
f 2269 2270 2260
f 2260 2262 2269
f 2261 2259 2255
f 2264 2263 2265
f 1809 2271 1808
f 1809 2260 2270
f 2270 2271 1809
f 2273 2268 2255
f 2272 2273 2255
f 2266 2269 2267
f 2265 2268 2266
f 2255 1374 2272
f 2273 2272 2266
f 2268 2273 2266
f 2270 2275 2274
f 2270 2274 2271
f 2277 2271 2274
f 2274 2260 2277
f 2274 2275 2278
f 2274 2278 2260
f 1379 2280 2282
f 2276 2271 2277
f 2277 2260 2278
f 2283 2284 2285
f 2285 2286 2283
f 2283 2276 2277
f 2286 2285 2287
f 2287 2288 2286
f 2277 2284 2283
f 914 2284 2277
f 911 2285 2284
f 911 2289 2287
f 2284 914 911
f 2287 2285 911
f 2277 2278 914
f 911 914 1379
f 914 2279 1379
f 1379 2282 911
f 2278 2275 2279
f 2279 914 2278
f 2289 911 2280
f 911 2282 2280
f 2280 2281 2289
f 2287 2290 2288
f 2287 2291 2290
f 2287 2289 2292
f 2292 2291 2287
f 2281 2292 2289
f 2281 2293 1380
f 2294 2295 2291
f 2281 2294 2292
f 2291 2292 2294
f 2295 2296 2294
f 2281 2293 2296
f 2294 2296 2297
f 2296 2293 2297
f 2296 2294 2281
f 2294 2298 2295
f 2294 2299 2298
f 2298 2301 2300
f 2302 2295 2298
f 2300 2302 2298
f 2299 2294 2297
f 2299 2297 2293
f 2303 2299 2293
f 2303 2304 2033
f 2299 2303 2033
f 2305 2304 2303
f 2303 2293 2305
f 2301 2288 2300
f 2286 2285 2284
f 2284 2283 2286
f 2288 2301 2306
f 2306 2286 2288
f 2283 2284 2307
f 2307 2276 2283
f 2306 2285 2286
f 1040 2308 2284
f 2301 1040 2306
f 2284 2308 2307
f 2285 2306 2284
f 2284 2306 1040
f 2307 2309 1815
f 2307 1815 2310
f 2304 2312 2311
f 2271 2310 2313
f 2271 1815 2310
f 2271 2307 2310
f 2307 2271 2276
f 2271 2313 2314
f 2314 1815 2310
f 1815 2314 1814
f 1815 1814 2310
f 1814 2313 2310
f 1814 2314 2313
f 1815 2309 2310
f 2310 2309 2307
f 2315 2316 2317
f 2316 2314 2310
f 2300 2315 1040
f 2315 2318 1040
f 1040 2301 2300
f 2310 2317 2316
f 2317 2318 2315
f 2317 1040 2318
f 2317 2310 2307
f 1437 2300 2301
f 2301 2319 1437
f 2320 2321 2322
f 2321 2323 1135
f 2323 1440 2324
f 1440 1140 2324
f 1441 1133 2325
f 2325 1440 1441
f 2326 2327 1133
f 1133 1441 2326
f 1437 2319 2328
f 2328 2326 1437
f 2328 2327 2326
f 2325 1140 1440
f 2324 1135 2323
f 1135 2322 2321
f 2322 2329 2320
f 1140 2325 2324
f 2327 2328 1133
f 2329 2330 2331
f 2331 2320 2329
f 2332 2333 2334
f 2334 2335 2332
f 2331 2330 1176
f 1176 2332 2331
f 2335 2334 2336
f 2336 2337 2335
f 1176 2333 2332
f 2338 2336 2334
f 2333 1176 2334
f 2339 2336 2338
f 1849 2336 2339
f 2337 2336 2340
f 2336 2337 1848
f 1849 1848 2337
f 2336 1849 2337
f 2336 1848 1849
f 2341 2337 2338
f 2336 2338 2337
f 2336 1849 2338
f 2338 1849 2339
f 2342 2343 2344
f 2343 2341 2338
f 2331 2342 2345
f 2345 2330 2331
f 2338 2344 2343
f 2344 2345 2342
f 2344 1176 2345
f 2330 2345 1176
f 2346 2348 2347
f 2348 2331 2330
f 2330 2347 2348
f 2346 2347 2350
f 2347 2349 2350
f 2352 2351 2046
f 2046 2351 2349
f 2353 2351 2352
f 2352 2354 2353
f 2358 2356 2357
f 2358 2355 2356
f 2359 2357 2356
f 2356 1320 2360
f 2360 2359 2356
f 1320 2362 2360
f 2361 2360 2362
f 2362 1320 1159
f 1159 2363 2362
f 2362 2363 2364
f 2361 2362 2365
f 2362 2364 2365
f 2366 2312 2305
f 2312 2304 2305
f 2366 2367 2312
f 1315 2312 2367
f 2367 2368 1315
f 2368 2369 2370
f 2370 1315 2368
f 2305 2372 2373
f 2374 2370 2369
f 2374 2371 2370
f 2374 2375 2371
f 2377 2378 2371
f 2371 2375 2377
f 2379 2380 2381
f 2381 2377 2379
f 2382 2383 2379
f 2377 2381 2378
f 2381 2380 2378
f 2384 2378 2379
f 2380 2379 2378
f 2371 2378 1080
f 1080 1082 2371
f 2383 2385 2379
f 2385 2384 2379
f 2378 2384 1075
f 1080 2378 1075
f 1075 2384 2385
f 1078 1075 2386
f 1084 1083 2387
f 1083 1085 2387
f 1082 1084 2388
f 2387 2388 1084
f 2386 1077 1078
f 2385 2383 2389
f 2389 2390 2385
f 2390 2389 2391
f 2391 2392 2390
f 2393 2390 2391
f 2390 2394 2392
f 2395 2392 2394
f 2397 2396 2395
f 2395 2394 2397
f 2397 2394 2390
f 2397 2390 2393
f 2391 2398 2399
f 2399 2393 2391
f 2399 2397 2393
f 2401 2400 1088
f 1088 2399 2401
f 2403 2400 2402
f 2405 2406 2403
f 2405 2403 2401
f 2403 2402 2401
f 2407 2403 2406
f 2406 2408 2407
f 2407 2404 2403
f 2410 2407 2408
f 2410 2409 2407
f 2412 2411 2409
f 2409 2413 2412
f 2416 2414 2417
f 2414 2411 2417
f 2418 2415 2414
f 2416 2418 2414
f 2419 2415 2418
f 2418 2420 2419
f 2421 2419 2420
f 2421 2423 2422
f 2424 2421 2420
f 2424 2423 2421
f 2037 2422 2426
f 2037 2040 2422
f 2425 2426 2422
f 2427 2425 2422
f 2422 2424 2427
f 2429 2428 2430
f 2428 2426 2430
f 2319 2428 2429
f 2429 2431 2319
f 2431 2432 2328
f 2432 2433 1133
f 2433 2434 1133
f 2433 2435 2436
f 2435 2437 2436
f 2438 2439 2440
f 2440 2435 2438
f 1135 2438 2321
f 2441 2329 2442
f 2442 2321 2441
f 2442 2322 2321
f 1135 2439 2438
f 2440 2437 2435
f 2436 2434 2433
f 1133 2328 2432
f 2328 2319 2431
f 2322 2442 1135
f 2439 1135 2440
f 2440 2436 2437
f 2436 1133 2434
f 2329 2441 2443
f 2443 2444 2329
f 2446 2444 2443
f 2446 2445 2444
f 2448 2449 2445
f 2445 2447 2448
f 2450 2449 2448
f 2449 2450 2042
f 2451 2450 2448
f 2448 1390 2451
f 2453 2450 2452
f 2455 2453 2451
f 2453 2452 2451
f 2454 2453 2455
f 2454 2455 2456
f 2456 2457 2454
f 2459 2457 2456
f 2459 2458 2457
f 2461 2460 2458
f 2458 2462 2461
f 2464 2463 2465
f 2463 2460 2465
f 2463 2464 2466
f 2466 2467 2463
f 2468 2467 2469
f 2466 2470 2468
f 2466 2468 2469
f 2466 2469 2467
f 2468 2471 2472
f 2473 2468 2470
f 2473 2471 2468
f 2472 2471 1214
f 2475 1214 2471
f 2471 2473 2475
f 2474 2476 2477
f 2474 2477 2478
f 2474 2478 2479
f 2480 2476 2481
f 2476 2474 2481
f 2481 2482 2480
f 2480 2483 2477
f 2477 2476 2480
f 2484 2477 2483
f 2483 2485 2484
f 2457 2458 2460
f 2319 2407 2415
f 1133 2436 2325
f 2436 2440 2324
f 2460 2463 2457
f 2319 2404 2407
f 2324 2325 2436
f 2428 2319 2419
f 2444 2044 2454
f 2444 2454 2329
f 2407 2409 2411
f 2463 2329 2457
f 2415 2419 2319
f 1135 2324 2440
f 2329 2322 2442
f 2411 2414 2407
f 2329 2454 2457
f 2319 2428 2328
f 2479 2472 1214
f 2330 2477 2484
f 2301 2403 2404
f 2479 2468 2471
f 2330 2467 2477
f 2329 2463 2467
f 2471 2472 2479
f 2404 2319 2301
f 2397 1088 2403
f 1214 2474 2479
f 2484 1320 2330
f 2403 2301 2390
f 2403 2396 2397
f 2477 2467 2468
f 2356 594 2330
f 2363 2484 1162
f 2301 2385 2390
f 2307 2308 2317
f 2468 2479 2478
f 1320 2356 2330
f 2484 2363 1159
f 2467 2330 2329
f 2407 2414 2415
f 1315 1077 2385
f 2312 1315 2301
f 2311 2301 1065
f 2484 1159 1320
f 2419 2039 2041
f 1315 2385 2301
f 2395 2396 2403
f 2468 2478 2477
f 2301 2311 2312
f 2400 2403 1088
f 2419 2041 2428
f 2392 2395 2403
f 2344 2334 1176
f 2403 2390 2392
f 1040 2317 2308
f 2334 2344 2338
f 1072 2301 2298
f 2298 2299 1070
f 2301 1072 2036
f 1070 1072 2298
f 2304 2034 2033
f 2347 2330 593
f 2301 2036 1065
f 2034 2304 2311
f 2311 1065 2034
f 2330 2048 593
f 2330 594 2047
f 2047 2048 2330
f 2299 2035 1070
f 2039 2419 2421
f 2044 2043 2454
f 659 2445 2449
f 2422 1106 1107
f 593 2349 2347
f 1107 2421 2422
f 2444 2445 659
f 2450 653 2045
f 2450 2453 653
f 2349 593 2046
f 2041 1103 2428
f 2356 601 594
f 2045 2042 2450
f 2453 2043 653
f 1103 2038 2428
f 2422 2040 1106
f 2356 2355 601
f 2355 2352 601
f 2453 2454 2043
f 2352 2046 601
f 2444 654 2044
f 2444 659 654
f 2449 2042 659
f 2426 2038 2037
f 1107 2039 2421
f 2038 2426 2428
f 2299 2033 2035
f 2370 2371 2387
f 1085 1315 2370
f 2371 2388 2387
f 2387 1085 2370
f 2371 1082 2388
f 2385 1077 2386
f 2364 2486 1155
f 1162 1158 2363
f 1085 1077 1315
f 2364 2487 2486
f 2364 2363 1158
f 1158 2487 2364
f 2484 2488 1162
f 2484 1156 2488
f 2386 1075 2385
f 2489 2484 2485
f 2489 2490 2484
f 2486 2487 1155
f 1157 1155 2487
f 1156 1163 2488
f 1162 2488 1163
f 2487 1158 1157
f 2491 1155 1156
f 1156 2490 2491
f 1156 2484 2490
f 2490 1155 2491
f 1155 2490 2364
f 2492 2364 2490
f 2490 2489 2492
f 1088 2397 2399
f 2401 2399 2493
f 2402 2400 2401
f 2409 2494 2413
f 2410 2494 2409
f 2412 2413 2494
f 2411 2412 2417
f 2495 2416 2417
f 2424 2422 2423
f 2496 2427 2424
f 2426 2425 2427
f 2427 2430 2426
f 2427 2430 2429
f 2448 2447 2446
f 2448 2446 1390
f 2446 2447 2445
f 2451 1390 2497
f 2452 2450 2451
f 2456 2499 2459
f 2458 2459 2462
f 2460 2461 2465
f 2472 2471 2473
f 2481 2475 2473
f 2473 2502 2481
f 2474 1214 2481
f 2475 2481 1214
f 2485 2503 2489
f 2490 2489 2504
f 2492 2365 2364
f 2352 2358 2354
f 2358 2352 2355
f 2505 2354 2358
f 2349 2351 2353
f 2353 2506 2349
f 2506 2350 2349
f 2350 2507 2346
f 2506 2507 2350
f 2353 2506 2507
f 2506 2353 2508
f 2509 2429 2430
f 2510 2509 2430
f 2430 2511 2510
f 2429 2509 2510
f 2429 2510 2513
f 2513 2514 2429
f 2512 2515 2511
f 2511 2430 2512
f 2511 2515 2517
f 2517 2518 2510
f 2513 2510 2518
f 2511 2517 2510
f 2517 2515 2518
f 2515 2519 2518
f 2513 2518 2519
f 2520 2514 2516
f 2516 2513 2520
f 2513 2516 2514
f 2513 2519 2521
f 2521 2520 2513
f 2519 2512 2521
f 2512 2519 2515
f 2521 2512 2522
f 2523 2520 2521
f 2521 2519 2523
f 2522 1383 2524
f 2519 2521 2522
f 2524 1115 2519
f 2519 2522 2524
f 2524 2525 2526
f 2525 1385 2527
f 1385 2528 2529
f 2529 2527 1385
f 2527 2526 2525
f 2526 1115 2524
f 2527 2529 1124
f 2514 2520 2523
f 2516 2523 2514
f 2531 2514 2523
f 2523 2532 2531
f 2532 2523 2519
f 2533 2534 2328
f 2519 2328 2532
f 2533 2535 2534
f 2534 2535 1132
f 2328 2519 2533
f 2533 1115 2526
f 2533 2519 1115
f 2533 2526 2527
f 2529 2533 2527
f 2534 1132 2436
f 2436 2023 2536
f 2534 2536 2432
f 2328 2432 2531
f 2531 2532 2328
f 2432 2328 2534
f 2536 2534 2436
f 2436 2535 1132
f 2026 2533 2529
f 2026 2537 2533
f 2533 2537 2538
f 2538 2539 2533
f 2535 2533 2024
f 2024 1132 2535
f 2436 1132 2024
f 2024 2023 2436
f 2529 2530 2027
f 2027 2026 2529
f 2539 2024 2533
f 2525 2524 1383
f 2528 2027 2529
f 2539 2538 2024
f 2032 2030 2028
f 2538 2025 2024
f 2538 2537 2025
f 2537 2026 2025
f 2440 2031 2020
f 2019 2030 1125
f 2030 2540 1125
f 2540 2030 2032
f 2020 1136 2440
f 2544 2541 2542
f 1389 2544 2542
f 2540 2545 1125
f 2032 2543 2547
f 2543 2542 2548
f 2542 2541 2549
f 2549 2548 2542
f 2548 2547 2543
f 2547 2540 2032
f 2550 2551 2552
f 2442 2552 2553
f 2554 2553 2031
f 2031 2440 2554
f 2553 2554 2442
f 2552 2442 2550
f 2554 2440 1136
f 2551 2550 2555
f 2555 2556 2551
f 2557 2555 2550
f 2558 2557 2555
f 2547 2540 2546
f 2541 2559 2560
f 2560 2549 2541
f 1125 2545 2548
f 1125 2560 2442
f 2557 2550 2560
f 2548 2549 1125
f 2550 2442 2560
f 1136 2442 2554
f 2549 2560 1125
f 2547 2545 2540
f 2442 1136 1125
f 2547 2548 2545
f 2558 2557 2556
f 2556 2557 2561
f 2556 2555 2557
f 2557 2560 2562
f 2562 2561 2557
f 2559 2541 2544
f 2544 1389 2559
f 2560 2559 2562
f 2558 2561 2562
f 2562 2560 2558
f 2446 2562 1391
f 2446 1391 2563
f 2562 2564 2560
f 2560 2565 2558
f 2558 2556 2561
f 2556 2558 2566
f 2566 2443 2556
f 2435 2022 2031
f 2435 2023 2022
f 2431 2531 2432
f 2536 2433 2432
f 2023 2435 2433
f 2441 2552 2556
f 2514 2431 2429
f 2438 2435 2031
f 2321 2438 2553
f 2536 2023 2433
f 2556 2443 2441
f 2438 2031 2553
f 2441 2321 2552
f 2553 2552 2321
f 2552 2551 2556
f 2514 2531 2431
f 2446 2447 2564
f 2564 2562 2446
f 2567 2443 2566
f 2566 2447 2446
f 2446 2567 2566
f 2446 2443 2567
f 2447 2565 2560
f 2560 2564 2447
f 2447 2566 2558
f 2565 2447 2558
f 2305 2373 2366
f 2568 2366 2373
f 2373 2569 2568
f 2569 2373 2372
f 2570 2569 2372
f 2366 2568 2571
f 2571 2368 2366
f 2367 2366 2368
f 2376 2572 2570
f 2570 2372 2376
f 2368 2573 2369
f 2574 2368 2573
f 2571 2573 2368
f 2573 2371 2374
f 2374 2574 2573
f 2575 2369 2368
f 2368 2574 2575
f 2374 2369 2575
f 2374 2575 2574
f 2569 2570 2572
f 2571 2568 2569
f 2573 2569 2572
f 2573 2571 2569
f 2573 2572 2371
f 2376 2374 2371
f 2371 2572 2376
f 2576 2382 2379
f 2577 2576 2379
f 2379 2384 2577
f 2579 2380 2578
f 2379 2380 2384
f 2577 2382 2576
f 2382 2577 2390
f 2390 2391 2382
f 2389 2383 2382
f 2382 2391 2389
f 2393 2580 2391
f 2580 2390 2394
f 2580 2393 2390
f 2394 2397 2580
f 2581 2390 2577
f 2577 2384 2581
f 2390 2581 2397
f 2380 2579 2581
f 2581 2384 2380
f 2580 2397 2399
f 2399 2391 2580
f 2397 2581 2579
f 2579 2399 2397
f 2583 2405 2401
f 2401 2400 2583
f 2583 2582 2405
f 2583 2584 2582
f 2585 2582 2584
f 2585 2584 2586
f 2586 2408 2585
f 2406 2585 2408
f 2406 2405 2582
f 2582 2585 2406
f 2410 2588 2400
f 2400 2401 2410
f 2586 2589 2590
f 2590 2408 2586
f 2589 2588 2410
f 2410 2590 2589
f 2410 2408 2590
f 2588 2587 2400
f 1095 2400 2587
f 1505 1504 2588
f 1095 2584 2583
f 2586 2584 1096
f 2586 1091 1505
f 1096 1091 2586
f 2583 2400 1095
f 1503 1095 2587
f 1505 2588 2586
f 1095 1096 2584
f 2588 1504 1503
f 1503 2587 2588
f 2589 2586 2588
f 2417 2592 2495
f 2412 2593 2592
f 2592 2417 2412
f 2594 2495 2592
f 2592 2595 2594
f 2595 2592 2593
f 2596 2591 2495
f 2495 2594 2596
f 2591 2596 2597
f 2597 2598 2591
f 2495 2418 2416
f 2420 2418 2591
f 2418 2495 2591
f 2591 2598 2420
f 2597 2596 2594
f 2599 2597 2594
f 1381 2600 2595
f 2595 2593 1381
f 2597 2599 2598
f 2599 2600 1381
f 1381 2598 2599
f 2424 2420 2598
f 2598 1381 2424
f 2600 2599 2594
f 2595 2600 2594
f 2601 2455 2451
f 2451 2452 2601
f 2451 2498 2602
f 2451 2602 2452
f 2601 2603 2455
f 2455 2603 2604
f 2604 2499 2455
f 2455 2499 2456
f 2605 2603 2601
f 2603 2605 2604
f 2500 2606 2602
f 2602 2498 2500
f 2604 2605 2499
f 2605 2606 2607
f 2607 2499 2605
f 2500 2462 2459
f 2499 2607 2459
f 2459 2607 2500
f 2602 2601 2452
f 2602 2605 2601
f 2602 2606 2605
f 2500 2607 2606
f 2465 2501 2608
f 2464 2608 2609
f 2608 2464 2465
f 2610 2608 2501
f 2501 2611 2610
f 2611 2612 2610
f 2609 2608 2610
f 2610 2612 2609
f 2609 2612 2613
f 2613 2614 2609
f 2466 2614 2615
f 2615 2470 2466
f 2464 2609 2614
f 2614 2466 2464
f 2616 2617 2611
f 2611 2501 2616
f 2614 2613 2466
f 2470 2466 2613
f 2613 2618 2470
f 2618 2617 2616
f 2616 2470 2618
f 2470 2614 2615
f 2470 2616 2473
f 2617 2613 1213
f 2611 2617 540
f 2613 2612 1222
f 1506 2612 2611
f 1507 540 2617
f 2617 1213 1507
f 2613 539 1213
f 1222 539 2613
f 2612 1506 1222
f 2611 540 1506
f 2617 2618 2613
f 2473 2616 2617
f 2619 2480 2481
f 2481 2620 2619
f 2621 2504 2481
f 2623 2624 2619
f 2622 2623 2619
f 2624 2623 2480
f 2619 2624 2480
f 2480 2623 2625
f 2625 2626 2480
f 2483 2480 2626
f 2626 2485 2483
f 2626 2503 2485
f 2625 2503 2626
f 2628 2503 2627
f 2625 2627 2503
f 2620 2490 2627
f 2627 2625 2620
f 2625 2619 2620
f 2619 2625 2623
f 2504 2490 2620
f 2620 2481 2504
f 2627 2490 2489
f 2489 2628 2627
f 2489 2503 2628
f 2629 2361 2365
f 2629 2630 2361
f 2360 2361 2630
f 2630 2629 2365
f 2362 2630 2365
f 2632 2365 2631
f 2632 2364 2365
f 2360 2630 2362
f 2360 1320 2633
f 2633 2357 2360
f 2360 2357 2359
f 2505 2634 2632
f 2632 2631 2505
f 2633 1167 2358
f 2358 2357 2633
f 2634 1167 2632
f 2633 1320 2362
f 2633 2632 1167
f 2633 2362 2364
f 2364 2632 2633
f 2505 2358 1167
f 1167 2634 2505
f 2350 2506 2508
f 2635 2346 2350
f 2350 2349 2635
f 2636 2350 2506
f 2506 2508 2636
f 2636 2349 2350
f 2640 2637 1399
f 2346 2635 2348
f 2331 2348 2635
f 2342 2331 2635
f 2635 2349 2636
f 2343 2641 2642
f 2642 2643 2343
f 2641 2342 2635
f 2343 2643 2644
f 2644 2645 2343
f 2635 2642 2641
f 1174 2642 2635
f 1174 2647 2643
f 2647 2646 2644
f 2643 2642 1174
f 2644 2643 2647
f 2635 2636 1174
f 2646 2647 1268
f 1174 1268 2647
f 1174 2640 1399
f 1399 1268 1174
f 1399 2638 1268
f 2636 2508 2637
f 2637 1174 2636
f 2646 1268 2638
f 2638 2639 2646
f 2637 2640 1174
f 2644 2646 2648
f 2650 2645 2644
f 2644 2648 2651
f 2651 2650 2644
f 2650 2651 2652
f 2651 2648 2646
f 2639 2652 2646
f 2646 2649 2639
f 2652 2651 2646
f 2652 2639 2653
f 2652 2653 2650
f 1853 2650 2653
f 2653 905 1853
f 2657 2656 2658
f 2654 2655 2657
f 2659 2660 2658
f 2656 2657 2655
f 1852 2650 1853
f 2661 1856 2662
f 1857 2661 2663
f 2663 1858 1857
f 1853 2662 1856
f 2662 2663 2661
f 1857 1858 1861
f 1861 2664 1857
f 2665 2659 2658
f 2657 906 2666
f 2666 2658 2657
f 2660 2667 905
f 2659 2665 2667
f 2667 2660 2659
f 906 2657 2656
f 2655 2668 2669
f 2669 2656 2655
f 2656 2669 906
f 905 2653 2660
f 2658 2666 2665
f 2669 907 2666
f 2666 2667 2665
f 906 2669 2666
f 2667 2666 907
f 2655 1870 2670
f 2670 2668 2655
f 2667 2662 1853
f 1853 905 2667
f 1858 2668 2670
f 907 2669 2663
f 2662 2667 907
f 1858 2663 2669
f 2663 2662 907
f 1861 1858 2670
f 2669 2668 1858
f 1861 1860 2664
f 1861 2670 1870
f 1870 2664 1861
f 1865 1860 2664
f 2664 1870 1865
f 1870 2655 2654
f 726 1328 1329
f 1329 723 725
f 719 732 731
f 722 1338 733
f 730 1346 719
f 725 726 1329
f 1329 721 723
f 722 721 1338
f 1338 729 733
f 719 731 730
f 719 733 732
f 721 1329 1338
f 719 722 733
f 1346 1328 720
f 728 729 1338
f 720 719 1346
f 730 728 1346
f 728 1338 1346
f 726 720 1328
f 730 731 2671
f 2671 2672 730
f 2672 728 730
f 2672 2673 728
f 2673 729 728
f 733 729 2675
f 2674 2675 729
f 2675 732 733
f 2676 731 732
f 2676 2671 731
f 2675 2676 732
f 2673 2674 729
f 2671 2677 2672
f 720 726 2679
f 726 2678 2679
f 720 2679 2680
f 2680 719 720
f 719 2680 2681
f 2682 722 719
f 719 2681 2682
f 721 722 2682
f 2682 2683 721
f 723 721 2684
f 721 2683 2684
f 2684 725 723
f 2684 2685 725
f 2685 726 725
f 2685 2678 726
f 2681 2682 2680
f 2683 2684 2682
f 2684 2686 2685
f 2686 2683 2682
f 2684 2683 2686
f 2678 2685 2687
f 2681 2680 2688
f 2689 2680 2679
f 2681 2688 2682
f 2679 2687 2689
f 2680 2689 2688
f 2679 2678 2687
f 2682 2690 2686
f 2691 2692 2686
f 2686 2690 2691
f 2691 2693 2692
f 2688 2690 2682
f 2694 2695 2692
f 2692 2693 2694
f 2692 2696 2685
f 2685 2686 2692
f 2691 2690 2688
f 2688 2697 2691
f 2698 2692 2695
f 2698 2699 2692
f 2698 2695 2694
f 2699 2696 2692
f 2698 2696 2699
f 2696 2698 2700
f 2696 2701 2687
f 2687 2685 2696
f 2697 2688 2689
f 2689 2702 2697
f 2702 2703 2697
f 2702 2689 2687
f 2687 2701 2702
f 2700 2704 2701
f 2701 2696 2700
f 2702 2701 2704
f 2703 2702 2704
f 2674 2705 2675
f 2671 2676 2677
f 2706 2673 2672
f 2674 2673 2705
f 2673 2706 2705
f 2672 2677 2707
f 2672 2707 2706
f 2709 2710 2676
f 2676 2675 2709
f 2710 2711 2676
f 2708 2676 2711
f 2676 2708 2677
f 2712 2677 2708
f 2708 2711 2712
f 2713 2709 2675
f 2675 2705 2713
f 2711 2697 2712
f 2677 2714 2707
f 2715 2714 2677
f 2677 2712 2715
f 2715 2707 2714
f 2715 2716 2707
f 2712 2697 2715
f 2713 2705 2706
f 2706 2717 2713
f 2717 2706 2707
f 2707 2716 2717
f 2711 2691 2697
f 1652 2716 2715
f 2694 2710 2709
f 1652 2717 2716
f 2709 1601 2694
f 2694 2693 2711
f 1652 2713 2717
f 1601 2709 2713
f 2711 2710 2694
f 2693 2691 2711
f 1603 2698 2694
f 1633 2704 2700
f 2713 1652 1601
f 1603 2700 2698
f 2700 1603 1633
f 2703 1633 2697
f 2715 2697 1633
f 2703 2704 1633
f 2694 1601 1603
f 1633 1652 2715
f 2719 2012 2011
f 2011 2718 2719
f 2011 2017 2718
f 2017 2720 2718
f 2012 2719 2013
f 2720 2017 2018
f 2721 2016 2014
f 2018 2016 2720
f 2014 2013 2721
f 2722 2016 2721
f 2723 2722 2721
f 2721 2724 2723
f 2016 2722 2720
f 2724 2721 2013
f 2013 2726 2724
f 2723 2727 2720
f 2720 2722 2723
f 2724 2726 2728
f 2728 2725 2724
f 2726 2013 2719
f 2719 2729 2726
f 2727 2730 2718
f 2718 2720 2727
f 2730 2729 2719
f 2719 2718 2730
f 2004 2731 2010
f 2004 2732 2731
f 2005 2010 2006
f 2004 2009 2732
f 2009 2008 2733
f 2009 2733 2732
f 2008 2007 2733
f 2731 2734 2010
f 2735 2736 2010
f 2010 2734 2735
f 2737 2735 2731
f 2734 2731 2735
f 2727 2736 2735
f 2010 2738 2006
f 2739 2737 2731
f 2731 2732 2739
f 2736 2740 2738
f 2738 2010 2736
f 2736 2727 2740
f 2740 2006 2738
f 2740 2741 2006
f 2742 2739 2732
f 2732 2733 2742
f 2743 2007 2006
f 2006 2741 2743
f 2730 2727 2735
f 1663 2729 2730
f 1663 2726 2729
f 2728 2726 1599
f 2723 2740 2727
f 1599 2741 2740
f 2735 1656 2730
f 2726 1663 1599
f 2725 1599 2740
f 2743 2741 1599
f 2742 2743 1602
f 1656 2739 2742
f 1656 2737 2739
f 2740 2724 2725
f 2742 1602 1656
f 2735 2737 1656
f 1599 2725 2728
f 2723 2724 2740
f 2730 1656 1663
f 2743 1599 1602
f 2742 2733 2007
f 2007 2743 2742
f 2744 1574 1573
f 1575 2745 1577
f 2745 2746 1579
f 2746 2747 1580
f 1573 2748 2744
f 2747 1571 1580
f 2747 2748 1571
f 1579 1577 2745
f 2748 1573 1581
f 1580 1579 2746
f 1581 1571 2748
f 1574 2744 1575
f 1575 2749 2750
f 2750 2745 1575
f 1814 2750 2749
f 2749 1422 1814
f 2745 2750 1814
f 1814 2751 2745
f 2752 1422 1575
f 1422 2749 1575
f 2751 2753 1579
f 1579 2745 2751
f 1433 2752 1575
f 1575 2744 1433
f 1425 2751 1814
f 1425 2753 2751
f 1579 1425 2753
f 2746 1579 2747
f 1433 1422 2752
f 2753 1428 2747
f 2747 1579 2753
f 1433 2744 2748
f 2748 1430 1433
f 1428 1430 2748
f 2748 2747 1428
f 2753 1425 1428
f 2754 2755 1587
f 2756 2754 1595
f 2754 1587 1588
f 2755 1596 1587
f 1591 1590 2757
f 2758 2759 1593
f 1590 1596 2755
f 2758 1593 1591
f 1588 1595 2754
f 1591 2757 2758
f 2759 2756 1594
f 1590 2755 2757
f 1594 1593 2759
f 2756 1595 1594
f 2759 1595 2756
f 2760 1595 2759
f 2759 2761 2760
f 1595 1446 2760
f 2761 1446 2760
f 2762 2754 1595
f 1595 2760 2762
f 1455 2761 2759
f 2759 2758 1455
f 2760 1446 2762
f 2763 2755 2754
f 2754 2762 2763
f 1455 2758 2757
f 2757 1452 1455
f 2763 1452 2757
f 2757 2755 2763
f 1457 2761 1455
f 1452 1453 1454
f 1455 1456 1457
f 2761 1459 1460
f 1454 1455 1452
f 1446 1460 1447
f 1428 1425 1426
f 1430 1428 1429
f 1452 1450 1451
f 1457 1458 2761
f 1458 1459 2761
f 1460 1446 2761
f 1426 1427 1428
f 1433 1430 1432
f 1422 1433 1434
f 1431 1432 1430
f 1803 1799 2252
f 1803 2256 1804
f 1452 2763 1450
f 2314 1814 1808
f 1741 1482 1484
f 1805 1804 2256
f 1808 2271 2314
f 1463 1462 1845
f 1472 1832 1471
f 1828 1469 1470
f 1479 1469 1828
f 1820 1484 1485
f 1481 1482 1741
f 2316 1435 1425
f 2337 2762 1446
f 2763 1848 1450
f 1450 1848 1846
f 1840 1476 1464
f 1830 1470 1471
f 1828 1826 1479
f 1826 1823 1489
f 1816 1814 1422
f 1436 1435 2315
f 1437 1436 2300
f 1471 1832 1830
f 1489 1479 1826
f 1823 1822 1487
f 1484 1820 1741
f 1424 1816 1423
f 1437 2326 1442
f 1470 1830 1828
f 1487 1822 1485
f 1435 2316 2315
f 2645 1848 2337
f 1450 1846 1845
f 1475 1476 1840
f 1487 1489 1823
f 1422 1423 1816
f 2315 2300 1436
f 2320 2331 1444
f 1444 2331 2332
f 2343 2645 2341
f 1441 1442 2326
f 2320 1443 1438
f 2332 1445 1444
f 2661 1854 1856
f 2664 1860 1857
f 1425 1814 2314
f 1462 1450 1845
f 1444 1443 2320
f 2335 1446 1445
f 1854 2661 1857
f 2321 1438 1439
f 2343 2342 2641
f 1440 2323 1439
f 1438 2321 2320
f 2332 2335 1445
f 2335 2337 1446
f 1439 2323 2321
f 2290 2300 2288
f 2763 2337 1848
f 2645 2337 2341
f 2763 2762 2337
f 2650 1848 2645
f 2314 2316 1425
f 2291 2295 2302
f 2302 2290 2291
f 1852 1848 2650
f 2290 2302 2300
f 2764 960 957
f 2768 2766 957
f 2765 951 1563
f 2765 2767 947
f 1562 947 2767
f 2767 2769 1562
f 2768 957 1564
f 957 2766 2764
f 947 951 2765
f 2769 2768 1564
f 2764 1563 960
f 1564 1562 2769
f 2764 2765 1563
f 2773 2767 2765
f 2765 2774 2773
f 2765 2764 2770
f 2770 2772 2765
f 2775 2155 2772
f 2772 2770 2775
f 2768 2769 2771
f 2766 2768 2771
f 2776 2766 2771
f 2771 2777 2776
f 2778 2764 2766
f 2766 2776 2778
f 2776 2777 2779
f 2776 2779 2780
f 2769 2767 2777
f 2773 2777 2767
f 2777 2771 2769
f 2781 2773 2774
f 2765 2155 2774
f 2765 2772 2155
f 2155 2775 2164
f 2775 2770 2764
f 2764 2778 2775
f 2775 2778 2776
f 2785 967 969
f 2787 2786 1557
f 1557 1555 2787
f 969 1556 2783
f 969 2783 2785
f 2785 1555 1558
f 2786 2784 973
f 1558 967 2785
f 972 973 2784
f 2785 2787 1555
f 1556 972 2784
f 973 1557 2786
f 2784 2783 1556
f 2790 2784 2786
f 2792 2793 2790
f 2790 2786 2792
f 2794 2787 2785
f 2785 2795 2794
f 2784 2791 2788
f 2788 2783 2784
f 2796 2788 2791
f 2791 1989 2796
f 2783 2789 2785
f 2797 2798 2785
f 2785 2789 2797
f 2793 1678 2790
f 2784 2790 1678
f 2784 1678 1989
f 1989 2791 2784
f 1993 2796 1989
f 2799 2797 2789
f 2783 2788 2796
f 2796 2799 2783
f 2799 2789 2783
f 2798 2797 2799
f 2785 2798 2795
f 2794 2795 2801
f 2801 2800 2794
f 2786 2794 2792
f 2786 2787 2794
f 2793 2792 2802
f 1498 1606 1957
f 1391 1390 2446
f 1387 2543 2032
f 1388 2542 2543
f 1388 2559 1389
f 2559 1389 2562
f 2543 1387 1388
f 1389 2542 1388
f 2032 1386 1387
f 1389 1391 2562
f 1491 1490 1609
f 1382 2496 2424
f 2424 1381 1382
f 1383 1384 2525
f 1382 2522 2512
f 2522 1382 1383
f 1385 1386 2528
f 1385 2525 1384
f 1382 2430 2427
f 2512 2430 1382
f 1386 2028 2027
f 1386 2027 2528
f 1373 1776 2056
f 1373 1998 2066
f 1373 2055 2054
f 1373 2001 1998
f 1374 1376 2272
f 1381 2401 2493
f 2056 2055 1373
f 1380 2578 2377
f 2493 2399 1381
f 2803 2188 1756
f 2803 2197 2193
f 1376 1377 2269
f 1380 2281 2280
f 2193 2188 2803
f 1363 2803 1362
f 1363 1366 2215
f 2066 1776 1373
f 1776 1781 2056
f 1999 1996 2001
f 2000 1999 2001
f 1376 2266 2272
f 1377 2270 2269
f 1379 2279 1378
f 2280 1379 1380
f 2376 1380 2375
f 2410 2401 1381
f 2593 2494 1381
f 1712 2803 1710
f 2803 1363 2197
f 2188 1727 1725
f 1367 2216 1366
f 1367 1368 2217
f 1996 1998 2001
f 2269 2266 1376
f 2377 2375 1380
f 1381 2399 2579
f 2494 2410 1381
f 1713 1710 2803
f 2803 1364 1362
f 2217 2216 1367
f 2219 1368 1369
f 1370 2231 1369
f 1370 1371 2228
f 1372 2232 2227
f 1373 2225 2232
f 2066 1777 1776
f 2305 1380 2372
f 2376 2372 1380
f 2379 2377 2380
f 2376 2375 2374
f 1380 2579 2578
f 1712 1362 2803
f 1756 2177 2803
f 1725 1756 2188
f 2219 2217 1368
f 2228 2231 1370
f 2232 1372 1373
f 1757 1373 2054
f 1996 1995 1998
f 2001 1373 1374
f 2279 2275 1378
f 2305 2293 1380
f 2377 2578 2380
f 2579 1380 1381
f 1371 2227 2228
f 2270 1377 2275
f 2803 1364 1711
f 2227 1371 1372
f 2275 1377 1378
f 2412 2494 2593
f 2803 2804 1365
f 1365 1364 2803
f 2177 1713 2803
f 1494 1365 2805
f 1365 2804 2805
f 2157 1711 1696
f 2775 2157 2164
f 1493 1494 2776
f 1492 1493 2780
f 2777 1490 1492
f 1492 2779 2777
f 1490 1611 1608
f 2777 2806 1490
f 1492 2780 2779
f 2806 1611 1490
f 1624 1618 2807
f 1618 1621 2807
f 1639 1629 1628
f 2807 2782 1624
f 2781 2774 2808
f 1621 2809 2807
f 1628 2782 1639
f 1630 1639 1631
f 2810 1615 1620
f 2782 2155 1639
f 2808 2782 2774
f 2774 2155 2808
f 1630 1629 1639
f 1621 1615 2809
f 2810 2809 1615
f 2782 1628 1624
f 2782 2808 2155
f 1495 2800 2801
f 1403 1882 1867
f 1403 2654 2657
f 1403 1866 1870
f 1403 1870 2654
f 1867 1866 1403
f 1419 2090 2092
f 1392 1399 2637
f 1400 2638 1399
f 1402 2658 2660
f 1404 1412 2127
f 1412 1413 2126
f 1400 2639 2638
f 2660 1401 1402
f 2657 1402 1403
f 2126 2127 1412
f 1414 2129 2124
f 2115 1418 1419
f 1392 2353 2354
f 2657 2658 1402
f 1404 1905 1904
f 1413 2124 2126
f 1415 2129 1414
f 1415 1416 2118
f 1417 2113 2112
f 1392 2621 2481
f 2508 2353 1392
f 2660 2653 1401
f 1882 1869 1867
f 1404 2083 2079
f 2124 1413 1414
f 1416 2112 2118
f 1418 2113 1417
f 1390 2616 2461
f 1392 2631 2489
f 2354 2505 1392
f 2637 2508 1392
f 1404 2076 1883
f 1904 2083 1404
f 1415 2119 2116
f 2112 1416 1417
f 2616 2501 2461
f 2489 2621 1392
f 2639 1400 2653
f 2079 2076 1404
f 1404 2128 1905
f 2127 2128 1404
f 2118 2119 1415
f 2461 2462 1390
f 1392 2473 2616
f 2481 2473 1392
f 2505 2631 1392
f 2653 1400 1401
f 1404 1883 2073
f 2616 1390 1392
f 2631 2365 2492
f 1403 2073 1882
f 1420 1703 1955
f 1866 1865 1870
f 2073 1403 1404
f 1885 1883 2076
f 1994 1703 1420
f 2811 2812 1420
f 2492 2489 2631
f 1940 1941 2003
f 1941 1938 2003
f 1955 1419 1420
f 1688 2799 1983
f 2504 2621 2489
f 1955 1954 1419
f 1993 1983 2796
f 1983 2799 2796
f 1390 2462 2500
f 1419 1938 2090
f 1954 2003 1419
f 2798 2813 1421
f 1688 1420 2814
f 1938 1419 2003
f 2815 1420 1421
f 2500 2498 1390
f 2465 2461 2501
f 2451 1390 2498
f 2813 2815 1421
f 1420 2815 2811
f 1496 2801 2795
f 2814 2799 1688
f 2795 1421 1496
f 2795 2798 1421
f 2812 2814 1420
f 1977 1982 1975
f 2817 1969 1975
f 1975 2816 2817
f 1975 1982 2816
f 1497 1499 1966
f 1499 1956 1960
f 1499 1957 1956
f 1960 1966 1499
f 2792 2819 2802
f 2794 1497 2818
f 2794 1495 1497
f 1979 1678 2793
f 1678 1979 1980
f 1980 1680 1678
f 1678 2820 2793
f 2802 2819 2820
f 2793 1981 1979
f 2820 2793 2802
f 1981 2793 1982
f 2794 2800 1495
f 1975 1972 1977
f 2801 1496 1495
f 1608 1609 1490
f 2776 2780 1493
f 2427 2496 1382
f 2032 2028 1386
f 1957 1499 1498
f 1973 1969 2817
f 2811 2815 2813
f 2822 2811 2813
f 2810 2824 2807
f 2807 2809 2810
f 2777 2769 2825
f 2825 2806 2777
f 2808 2777 2773
f 2808 2773 2781
f 2808 2826 2769
f 2769 2777 2808
f 1611 2824 2810
f 1611 2810 1620
f 1611 1612 2827
f 2827 2824 1611
f 2807 2828 2826
f 2826 2782 2807
f 2157 2803 1711
f 2157 2829 2830
f 2830 2803 2157
f 2776 2805 2804
f 2805 2776 1494
f 2776 2804 2831
f 2831 2832 2776
f 2776 2823 2778
f 2823 2766 2764
f 2764 2778 2823
f 2798 2822 2813
f 2798 2833 2834
f 2834 2822 2798
f 2799 2814 2835
f 2835 2836 2799
f 2821 2798 2797
f 2821 2797 2789
f 2789 2833 2821
f 2820 2792 2794
f 2819 2792 2820
f 2794 2837 2790
f 2790 2820 2794
f 1497 1966 2818
f 1966 1965 2837
f 2837 2818 1966
f 2793 2816 1982
f 2793 2790 2838
f 2838 2816 2793
f 1969 1973 1966
f 1973 2839 1965
f 1965 1966 1973
f 2808 2782 2826
f 2769 2840 2825
f 2825 1611 2806
f 2825 1612 1611
f 1612 2828 2827
f 2840 2826 2828
f 2826 2840 2769
f 2828 1612 2825
f 2828 2825 2840
f 2827 2807 2824
f 2827 2828 2807
f 2831 2804 2803
f 2803 2830 2831
f 2831 2766 2832
f 2823 2776 2766
f 2776 2832 2766
f 2766 2841 2764
f 2766 2831 2841
f 2764 2841 2775
f 2841 2829 2775
f 2157 2775 2829
f 2831 2829 2841
f 2831 2830 2829
f 2839 1973 2817
f 2817 2838 2839
f 2838 2817 2816
f 2790 2793 2820
f 2838 1965 2839
f 1965 2838 2790
f 2837 1965 2790
f 2837 2794 2818
f 2799 2836 2789
f 2833 2798 2821
f 2789 2835 2834
f 2835 2789 2836
f 2833 2789 2834
f 2834 2811 2822
f 2812 2811 2834
f 2814 2812 2834
f 2834 2835 2814
f 2842 2843 2844
f 2844 2845 2842
f 2846 2847 2848
f 2849 2848 2850
f 2851 2850 2852
f 2853 2852 2843
f 2843 2842 2853
f 2852 2853 2851
f 2850 2851 2849
f 2848 2849 2846
f 2847 2846 1522
f 1522 1526 2847
f 2854 2855 1260
f 1262 1260 1526
f 1526 1522 1262
f 1260 1262 2854
f 2855 2854 2845
f 2845 2844 2855
f 2844 1264 2855
f 2843 2856 2844
f 1260 2855 1264
f 2850 2848 2856
f 1264 2856 2847
f 1526 1260 1264
f 2852 2850 2856
f 2848 2847 2856
f 2843 2852 2856
f 2847 1526 1264
f 2854 1263 2845
f 2845 2857 2842
f 1263 1522 2846
f 2857 2846 2849
f 2857 2851 2853
f 1263 2854 1262
f 2857 2849 2851
f 2857 2853 2842
f 2846 2857 1263
f 2857 2845 2844
f 2844 2856 2857
f 1263 1264 2844
f 2844 2845 1263
f 1264 1263 2857
f 2857 2856 1264
f 2860 2861 2858
f 2859 2860 2858
f 2862 2863 2858
f 2858 2861 2862
f 2864 2865 2866
f 2868 2867 2869
f 2858 2868 2870
f 2870 2859 2858
f 2869 2870 2868
f 2864 2869 2867
f 2874 2871 2875
f 2873 2875 2871
f 2872 2873 2871
f 2862 2872 2871
f 2874 2875 2876
f 2876 2877 2874
f 2865 2877 2878
f 2878 2866 2865
f 2876 2878 2877
f 2875 2878 2876
f 2879 2880 2859
f 2880 2861 2859
f 2881 2862 2861
f 2861 2860 2859
f 2882 2864 2866
f 2883 2869 2864
f 2884 2879 2859
f 2864 2882 2883
f 2885 2884 2870
f 2883 2885 2869
f 2859 2870 2884
f 2862 2881 2872
f 2870 2869 2885
f 2863 2861 2858
f 2886 2861 2858
f 2884 2868 2858
f 2877 2889 2878
f 2858 2887 2884
f 2885 2867 2868
f 2867 2890 2864
f 2888 2877 2865
f 2888 2889 2877
f 2868 2884 2885
f 2890 2888 2865
f 2872 2891 2862
f 2865 2864 2890
f 2863 2862 2891
f 2858 2861 2880
f 2887 2880 2879
f 2880 2887 2858
f 2863 2881 2861
f 2891 2872 2881
f 2881 2863 2891
f 2874 2877 2878
f 2878 2875 2874
f 2887 2879 2884
f 2867 2883 2882
f 2890 2882 2866
f 2866 2888 2890
f 2882 2890 2867
f 2883 2867 2885
f 2888 2866 2878
f 2878 2889 2888
f 2381 2892 2893
f 2893 2894 2381
f 2377 2895 2896
f 2377 2896 2897
f 2377 2897 2892
f 2892 2381 2377
f 2892 2377 2898
f 1075 1085 2895
f 2899 1082 1083
f 1075 1083 1085
f 1083 1075 1080
f 1083 1080 2899
f 1082 2899 2894
f 2894 2900 1082
f 2894 2893 2900
f 1082 2900 2893
f 1082 2893 2892
f 2896 2895 2901
f 2897 2896 2901
f 1080 2901 2895
f 1085 1083 1080
f 1082 1080 1083
f 2901 2892 2897
f 2895 1085 1080
f 2899 1080 2894
f 2894 2377 2381
f 1080 1075 2895
f 2895 2377 1080
f 2892 2901 2377
f 2377 2894 1082
f 1082 2892 2377
f 1082 2894 1080
f 2377 2901 1080
f 2902 2903 2904
f 2905 2906 2902
f 2907 2908 2909
f 2911 2910 2912
f 2903 2911 2913
f 2913 2904 2903
f 2912 2913 2911
f 2907 2912 2910
f 2914 2906 2905
f 2917 2914 2916
f 2916 2918 2917
f 2915 2916 2914
f 2905 2915 2914
f 2917 2918 2919
f 2919 2920 2917
f 2908 2920 2919
f 2919 2909 2908
f 2902 2904 2921
f 2921 2923 2902
f 2923 2922 2902
f 2924 2905 2902
f 2902 2922 2924
f 2925 2907 2909
f 2926 2912 2907
f 2927 2921 2904
f 2907 2925 2926
f 2928 2927 2913
f 2926 2928 2912
f 2904 2913 2927
f 2913 2912 2928
f 2906 2929 2902
f 2902 2929 2921
f 2921 2903 2902
f 2920 2931 2932
f 2903 2921 2911
f 2933 2910 2911
f 2934 2935 2907
f 2930 2920 2908
f 2930 2931 2920
f 2920 2932 2917
f 2910 2933 2934
f 2935 2930 2908
f 2914 2936 2906
f 2907 2910 2934
f 2908 2907 2935
f 2929 2922 2923
f 2923 2921 2929
f 2906 2924 2922
f 2922 2929 2906
f 2936 2915 2905
f 2906 2905 2924
f 2905 2906 2936
f 2915 2936 2914
f 2917 2932 2919
f 2911 2927 2928
f 2933 2928 2926
f 2934 2926 2925
f 2935 2925 2909
f 2909 2930 2935
f 2925 2935 2934
f 2926 2934 2933
f 2928 2933 2911
f 2927 2911 2921
f 2930 2909 2919
f 2919 2932 2931
f 2919 2931 2930
f 2937 2938 851
f 851 850 2937
f 2939 2940 2941
f 2942 2941 2943
f 2944 2943 2938
f 2938 2937 2944
f 2943 2944 2942
f 2941 2942 2939
f 2939 1673 1676
f 1676 2940 2939
f 2945 2946 1223
f 1225 1223 1676
f 1676 1673 1225
f 1223 1225 2945
f 2946 2945 850
f 850 851 2946
f 2947 2943 2941
f 2947 2941 2940
f 2947 2940 1676
f 2938 2947 851
f 2947 2938 2943
f 2944 2937 1671
f 850 1671 2937
f 2939 2942 1671
f 2942 2944 1671
f 1673 2939 1671
f 1671 850 851
f 851 2947 1671
f 2945 2946 851
f 851 850 2945
f 1676 1673 1671
f 1671 2947 1676
f 2948 2949 2950
f 2950 2951 2948
f 2954 2953 2949
f 2949 2948 2955
f 2949 2955 2954
f 2953 2954 2952
f 2953 2952 1909
f 892 898 903
f 893 903 1909
f 903 893 892
f 898 892 2951
f 2951 2950 898
f 2956 2950 2949
f 1909 903 891
f 903 898 891
f 2948 2951 2956
f 891 892 893
f 2952 2954 2955
f 2955 2948 2952
f 891 893 1909
f 2952 2948 2949
f 2949 2953 2952
f 2956 2949 2948
f 891 898 892
f 2956 2951 2950
f 2961 2960 2962
f 2964 2963 2965
f 2973 2972 2974
f 2973 2958 2975
f 2971 2974 2972
f 2968 2970 2969
f 2958 2959 2957
f 2968 2977 2976
f 2971 2976 2978
f 2977 2967 2966
f 2968 2967 2977
f 2976 2970 2968
f 2976 2979 2978
f 2977 2965 2963
f 2977 2966 2964
f 2969 2970 2976
f 2982 2983 2984
f 2982 2985 2986
f 2985 2987 2986
f 2985 2959 2958
f 2964 2965 2977
f 2958 2988 2981
f 2984 2990 2982
f 2986 2983 2982
f 2980 2985 2958
f 2985 2977 2961
f 2976 2991 2992
f 2981 2980 2958
f 2982 2993 2994
f 2990 2989 2982
f 2985 2957 2959
f 2961 2962 2985
f 2992 2979 2976
f 2976 2995 2996
f 2973 2974 2988
f 2958 2973 2988
f 2994 2976 2982
f 2962 2960 2985
f 2971 2969 2976
f 2978 2997 2971
f 2989 2993 2982
f 2960 2957 2985
f 2996 2991 2976
f 2997 2988 2971
f 2980 2987 2985
f 2974 2971 2988
f 2994 2995 2976
f 2963 2961 2977
f 2986 2998 2983
f 2980 2986 2987
f 2997 2999 2988
f 2983 2990 2984
f 2994 2993 2989
f 2992 2991 2996
f 2981 2988 2999
f 3000 3001 3002
f 3003 3002 3004
f 3005 3004 3006
f 3007 3006 3008
f 3009 3008 3010
f 3011 3010 3012
f 3013 3012 3014
f 3015 3014 2977
f 2977 2985 3015
f 3014 3015 3013
f 3012 3013 3011
f 3010 3011 3009
f 3008 3009 3007
f 3006 3007 3005
f 3004 3005 3003
f 3002 3003 3000
f 3016 3017 3018
f 3019 3018 3020
f 3021 3020 3022
f 3023 3022 3024
f 3025 3024 3026
f 3027 3026 3028
f 3029 3028 3030
f 3031 3030 2982
f 2982 2976 3031
f 3030 3031 3029
f 3028 3029 3027
f 3026 3027 3025
f 3024 3025 3023
f 3022 3023 3021
f 3020 3021 3019
f 3018 3019 3016
f 2981 2977 2967
f 2977 2997 2978
f 2971 2982 2983
f 2978 2976 2977
f 2967 2980 2981
f 2985 2958 2957
f 2982 2990 2983
f 2977 2963 2964
f 2973 2975 2985
f 2977 2999 2997
f 2960 2977 2985
f 2975 2958 2985
f 2985 2971 2972
f 2980 2967 2968
f 2972 2973 2985
f 2971 2986 2980
f 2971 2983 2998
f 2992 2996 2976
f 2994 2989 2982
f 2980 2969 2971
f 2968 2969 2980
f 2998 2986 2971
f 2981 2999 2977
f 2971 2985 2982
f 2960 2961 2977
f 3032 3015 3014
f 3011 3032 3012
f 3009 3011 3033
f 3033 3008 3009
f 3012 3033 3011
f 3014 3012 3032
f 3034 3029 3035
f 3025 3034 3026
f 3036 3019 3018
f 3018 3037 3036
f 3035 3026 3034
f 3030 3035 3029
f 3042 3045 3001
f 3041 3040 662
f 3001 3000 3046
f 3042 3001 631
f 3043 631 3001
f 3043 3001 3046
f 3000 686 3044
f 3045 3047 3001
f 3042 631 3038
f 3046 3041 3043
f 3044 3046 3000
f 686 3000 3048
f 3045 3049 3047
f 3046 3040 3041
f 3039 3042 3038
f 3042 3039 631
f 3038 631 3039
f 686 664 3052
f 3053 3054 3055
f 3056 664 686
f 606 665 664
f 606 662 665
f 664 3056 606
f 662 606 3041
f 606 605 3056
f 3055 604 606
f 606 3056 3055
f 604 3051 3039
f 3039 3038 604
f 604 3055 3051
f 3050 3051 3055
f 3055 3047 3049
f 3049 3050 3055
f 3059 3058 2340
f 2340 3057 3059
f 3054 3053 3059
f 3057 3054 3059
f 686 3048 3056
f 3055 3056 3053
f 3058 1850 2340
f 3058 3059 1850
f 3059 3057 1850
f 3053 3054 3057
f 3051 3055 3056
f 606 3051 3056
f 606 604 3051
f 3056 3052 664
f 686 3052 3056
f 3059 3053 3057
f 3057 2340 1850
f 3028 3035 3030
f 3035 3028 3026
f 3060 3037 3017
f 3061 3062 3063
f 3011 3013 3032
f 3018 3017 3037
f 3063 3060 3061
f 3017 3061 3060
f 3015 3032 3013
f 3064 3063 3062
f 3027 3034 3025
f 3029 3034 3027
f 3010 3033 3012
f 3066 3067 3068
f 3066 3016 3036
f 3070 3068 3069
f 3036 3067 3066
f 3019 3036 3016
f 3068 3070 3066
f 3033 3010 3008
f 3069 3064 3062
f 3065 1812 3071
f 3064 3069 1812
f 3072 3073 2921
f 3074 2921 3072
f 3070 3076 2887
f 2887 3075 3070
f 2887 3076 3077
f 3078 2887 3077
f 3075 2879 3070
f 3070 3072 2921
f 2921 3076 3070
f 3070 3079 571
f 571 3072 3070
f 3070 3062 3079
f 3062 3080 3079
f 3062 3061 578
f 578 3080 3062
f 2879 3066 3070
f 3065 3064 1812
f 3062 3070 3069
f 3069 3068 3063
f 3063 3081 577
f 3068 549 547
f 548 549 3068
f 548 3068 2902
f 2904 2902 3068
f 547 3063 3068
f 547 3081 3063
f 2904 2858 3082
f 2904 3068 2858
f 2859 2858 3068
f 3068 2860 2859
f 3083 2904 3082
f 3068 3067 2860
f 2902 2929 548
f 577 3060 3063
f 3063 3064 3069
f 3085 3086 3017
f 3074 3072 3084
f 3016 2923 3087
f 3066 2879 2880
f 3061 3017 578
f 3085 3016 3087
f 3085 3017 3016
f 3088 3078 3077
f 3088 2923 3016
f 2880 3088 3016
f 2880 3016 3066
f 3086 578 3017
f 3074 3084 3085
f 3088 3077 2923
f 3087 3074 3085
f 3036 3090 2922
f 572 2929 3090
f 2922 3082 2886
f 2886 2861 3036
f 572 3089 2929
f 3091 572 3036
f 577 3037 3060
f 3036 2922 2886
f 2922 3083 3082
f 3090 3036 572
f 3089 548 2929
f 3091 3036 3037
f 577 3091 3037
f 3067 3036 2861
f 2861 2860 3067
f 2860 2861 2880
f 2880 2861 2886
f 3088 2880 2886
f 3082 3078 3088
f 3078 3082 2858
f 3075 2887 2858
f 2858 2859 3075
f 2879 3075 2859
f 2859 2860 2879
f 2858 2887 3078
f 3088 2886 3082
f 2880 2879 2860
f 3083 2922 2923
f 2923 3077 3083
f 3090 3087 2923
f 2929 3074 3087
f 2902 2921 3073
f 3076 2921 2902
f 3077 3076 2904
f 2904 3083 3077
f 2902 2904 3076
f 2929 2921 3074
f 3087 3090 2929
f 2922 3090 2923
f 3089 572 3085
f 3085 3084 3089
f 572 3091 3085
f 3086 3085 3091
f 3091 577 578
f 578 577 3081
f 3080 3081 547
f 571 3079 549
f 547 549 3079
f 3072 571 549
f 548 3089 3084
f 3084 3072 548
f 549 548 3072
f 547 3079 3080
f 3081 3080 578
f 578 3086 3091
f 3092 3093 3094
f 3094 3095 3092
f 3096 3097 3098
f 3099 3098 3100
f 3101 3100 3102
f 3103 3102 3093
f 3093 3092 3103
f 3102 3103 3101
f 3100 3101 3099
f 3098 3099 3096
f 3097 3096 1952
f 1952 1950 3097
f 3104 3105 1235
f 1236 1235 1950
f 1950 1952 1236
f 1235 1236 3104
f 3105 3104 3095
f 3095 3094 3105
f 3094 1237 3105
f 3093 3106 3094
f 1235 3105 1237
f 3100 3098 3106
f 1237 3106 3097
f 3102 3100 3106
f 3098 3097 3106
f 3093 3102 3106
f 3097 1950 1237
f 3104 1238 3095
f 3095 3107 3092
f 1238 1952 3096
f 3107 3096 3099
f 3107 3101 3103
f 1238 3104 1236
f 3107 3099 3101
f 3107 3103 3092
f 3096 3107 1238
f 3107 3095 3094
f 3094 3106 3107
f 1238 1237 3094
f 3094 3095 1238
f 1237 1238 3107
f 3107 3106 1237
f 3108 3109 3110
f 3110 3111 3108
f 3112 3113 3114
f 3112 3114 3115
f 3108 3115 3109
f 3115 3108 3112
f 3113 3112 921
f 931 928 922
f 925 922 921
f 922 925 931
f 928 931 3111
f 3111 3110 928
f 3116 3110 3109
f 921 922 929
f 3115 3114 3113
f 929 922 928
f 3113 3109 3115
f 3113 921 929
f 3108 3111 3116
f 931 925 929
f 929 921 3112
f 929 925 921
f 3112 3108 3109
f 3109 3113 3112
f 3116 3109 3108
f 931 928 3110
f 3110 3111 931
f 929 928 931
f 3112 3113 929
f 3116 3111 3110
f 3117 3118 955
f 955 958 3117
f 3119 3120 3121
f 3122 3121 3123
f 3124 3123 3118
f 3118 3117 3124
f 3123 3124 3122
f 3121 3122 3119
f 3119 1517 1519
f 1519 3120 3119
f 3125 3126 1245
f 1246 1245 1519
f 1519 1517 1246
f 1245 1246 3125
f 3126 3125 958
f 958 955 3126
f 3127 3123 3121
f 3127 3121 3120
f 3127 3120 1519
f 3118 3127 955
f 3127 3118 3123
f 3124 3117 2164
f 958 2164 3117
f 3119 3122 2164
f 3122 3124 2164
f 1517 3119 2164
f 2164 958 955
f 955 3127 2164
f 3125 3126 955
f 955 958 3125
f 1519 1517 2164
f 2164 3127 1519
f 3128 3129 3130
f 3130 3131 3128
f 3129 3128 3134
f 3133 3132 839
f 839 844 3133
f 841 3135 844
f 844 839 840
f 844 840 841
f 3131 3130 3136
f 3135 3136 3130
f 3130 843 3135
f 843 844 3135
f 3133 844 843
f 3135 841 3131
f 3131 3136 3135
f 842 839 3132
f 3132 3137 842
f 3137 3132 3133
f 841 843 3130
f 3130 3131 841
f 843 842 3137
f 3137 3133 843
f 3138 3139 3140
f 3140 3141 3138
f 3142 3143 3144
f 3145 3144 3146
f 3147 3146 3148
f 3149 3148 3139
f 3139 3138 3149
f 3148 3149 3147
f 3146 3147 3145
f 3144 3145 3142
f 3143 3142 1508
f 1508 1510 3143
f 3150 3151 1229
f 1230 1229 1510
f 1510 1508 1230
f 1229 1230 3150
f 3151 3150 3141
f 3141 3140 3151
f 3140 1232 3151
f 3139 3152 3140
f 1229 3151 1232
f 3146 3144 3152
f 1232 3152 3143
f 1510 1229 1232
f 3148 3146 3152
f 3144 3143 3152
f 3139 3148 3152
f 3143 1510 1232
f 3150 1234 3141
f 3141 3153 3138
f 1234 1508 3142
f 3153 3142 3145
f 3153 3147 3149
f 1234 3150 1230
f 3153 3145 3147
f 3153 3149 3138
f 3142 3153 1234
f 3153 3141 3140
f 3140 3152 3153
f 1234 1232 3140
f 3140 3141 1234
f 1232 1234 3153
f 3153 3152 1232
f 3154 3155 3156
f 3156 942 3154
f 3157 3158 3159
f 3160 3159 3161
f 3162 3161 3163
f 3164 3163 3155
f 3155 3154 3164
f 3163 3164 3162
f 3161 3162 3160
f 3159 3160 3157
f 3158 3157 1715
f 1715 1718 3158
f 3165 3166 1257
f 1256 1257 1718
f 1718 1715 1256
f 1257 1256 3165
f 3166 3165 942
f 942 3156 3166
f 3156 1258 3166
f 3155 3167 3156
f 1257 3166 1258
f 3161 3159 3167
f 1258 3167 3158
f 3163 3161 3167
f 3159 3158 3167
f 3155 3163 3167
f 3158 1718 1258
f 3165 1259 942
f 942 3168 3154
f 1256 1715 1259
f 1259 1715 3157
f 3168 3157 3160
f 3168 3162 3164
f 1259 3165 1256
f 3168 3160 3162
f 3168 3164 3154
f 3157 3168 1259
f 3168 942 3156
f 3156 3167 3168
f 1259 1258 3156
f 3156 942 1259
f 1258 1259 3168
f 3168 3167 1258
f 3169 3170 3171
f 3171 3172 3169
f 3176 3174 3170
f 3170 3169 3177
f 3170 3177 3176
f 3174 3176 3175
f 3174 3175 3173
f 3174 3173 872
f 872 1890 3174
f 872 3178 1890
f 3178 872 868
f 3179 3171 3170
f 1890 3178 874
f 868 874 3178
f 866 3171 868
f 866 3172 3171
f 866 868 872
f 3173 3176 3177
f 3173 3175 3176
f 3173 3177 3169
f 3173 3169 3170
f 3170 3174 3173
f 3169 3172 3179
f 3179 3170 3169
f 866 872 874
f 874 868 866
f 1890 874 872
f 1890 872 3173
f 3173 3174 1890
f 3171 3179 3172
f 868 3171 3172
f 3172 866 868
f 3180 3181 3182
f 3182 3183 3180
f 3180 3186 3181
f 3185 3184 881
f 881 1873 3185
f 878 880 884
f 881 884 1873
f 884 881 3187
f 884 3187 878
f 3182 3188 3183
f 878 3188 880
f 3188 3182 880
f 1873 3189 3185
f 879 3188 878
f 879 3183 3188
f 3187 881 879
f 879 878 3187
f 3185 3189 3184
f 879 881 884
f 884 880 879
f 1873 881 3184
f 3184 3189 1873
f 880 3182 3183
f 3183 879 880
f 3190 3051 3050
f 3191 3192 3050
f 3050 3051 3191
f 3193 3194 3195
f 3196 3193 3197
f 3198 3196 3199
f 3050 3198 3200
f 3200 3190 3050
f 3199 3200 3198
f 3197 3199 3196
f 3195 3197 3193
f 3202 3201 3203
f 3204 3202 3205
f 3203 3205 3202
f 3192 3203 3201
f 3206 3207 3204
f 3194 3207 3206
f 3206 3195 3194
f 3208 3195 3206
f 3207 3208 3206
f 3209 3051 3190
f 3210 3197 3195
f 3211 3199 3197
f 3200 3209 3190
f 3195 3208 3210
f 3197 3210 3211
f 3211 3212 3199
f 3192 3191 3213
f 3200 3199 3212
f 3192 3213 3203
f 3214 3045 3050
f 3045 3215 3050
f 3050 3192 3214
f 3215 3216 3050
f 3217 3198 3050
f 3050 3216 3217
f 3212 3196 3198
f 3198 3217 3212
f 3196 3212 3218
f 3193 3207 3194
f 3193 3196 3218
f 3192 3201 3213
f 3045 3051 3209
f 3209 3216 3215
f 3209 3215 3045
f 3214 3191 3051
f 3051 3045 3214
f 3191 3214 3192
f 3203 3213 3201
f 3216 3209 3200
f 3217 3200 3212
f 3218 3211 3210
f 3193 3210 3208
f 3208 3207 3193
f 3210 3193 3218
f 3211 3218 3212
f 3200 3217 3216
f 3221 3219 3222
f 3227 3226 3225
f 3248 980 979
f 3249 979 3094
f 1237 3094 977
f 2149 977 1277
f 3250 3229 1275
f 3251 1275 943
f 3252 943 941
f 3253 941 940
f 2189 940 3230
f 3254 3248 3249
f 3255 2149 3256
f 3251 1246 1250
f 3251 3257 1246
f 3257 3258 1245
f 3258 1249 1245
f 1249 3258 3250
f 3257 1245 1246
f 1253 1249 3250
f 1250 1252 3251
f 1252 1253 3250
f 3257 3251 3252
f 3253 3259 1256
f 3260 3252 1257
f 1256 1259 3253
f 3260 1257 1256
f 1256 3259 3260
f 1258 1257 3252
f 3252 1259 1258
f 3259 3253 2189
f 1262 1263 2200
f 1262 2200 3261
f 3261 1260 1262
f 1260 3261 3262
f 1261 3262 2189
f 2189 1265 1261
f 1263 1264 2200
f 1261 1260 3262
f 988 1922 3263
f 3264 3263 3254
f 3265 3254 3266
f 3267 3266 3268
f 3269 3268 3255
f 3270 3255 3271
f 3272 3271 3273
f 3274 3273 3275
f 3276 3275 3258
f 3277 3258 3257
f 3278 3257 3260
f 3279 3260 3259
f 3280 3259 3262
f 3281 3262 3261
f 3282 3261 3283
f 3284 3283 1745
f 877 867 3285
f 3285 988 881
f 884 987 3286
f 988 987 883
f 987 884 882
f 3286 880 884
f 987 3231 883
f 3286 879 880
f 883 881 988
f 987 882 3231
f 881 879 3285
f 879 3286 3285
f 987 988 3264
f 3287 3264 3265
f 3288 3265 3267
f 3289 3267 3269
f 3290 3269 3270
f 3291 3270 3272
f 3292 3272 3274
f 3293 3274 3276
f 3294 3276 3277
f 3295 3277 3278
f 3296 3278 3279
f 3297 3279 3280
f 3298 3280 3281
f 3299 3281 3282
f 3300 3282 3284
f 3301 3284 1031
f 876 3135 843
f 1034 844 840
f 1034 1031 844
f 876 841 3135
f 840 876 1034
f 3287 1502 1193
f 983 1502 3287
f 3287 985 983
f 1171 1194 1191
f 1188 1190 2647
f 2647 987 1188
f 987 1185 1177
f 987 3287 1185
f 3287 1171 985
f 1171 984 985
f 987 1177 1188
f 1191 984 1171
f 1180 1171 2647
f 1190 1180 2647
f 1180 1194 1171
f 1171 3287 3288
f 3302 3288 3289
f 3303 3289 3290
f 3304 3290 3291
f 3305 3291 3292
f 3306 3292 3293
f 3307 3293 3294
f 3308 3294 3295
f 3309 3295 3296
f 3310 3296 3297
f 3311 3297 3298
f 3312 3298 3299
f 3313 3299 3300
f 3314 3300 3301
f 1034 1501 1047
f 1034 3315 1500
f 1045 1501 1034
f 1039 1052 1055
f 1055 3301 1039
f 3301 1059 1038
f 3301 1056 1059
f 1043 1042 3315
f 3301 1038 1039
f 3301 1047 1056
f 1500 1045 1034
f 1042 1054 3315
f 1055 1052 1043
f 3301 1034 1047
f 1054 1500 3315
f 1043 3315 1055
f 1320 3302 3303
f 3316 3303 3304
f 3317 3304 3305
f 3318 3305 3306
f 3319 3306 3307
f 3320 3307 3308
f 3321 3308 3309
f 3322 3309 3310
f 3323 3310 3311
f 3324 3311 3312
f 3325 3312 3313
f 1321 3316 3317
f 3326 3317 3318
f 3327 3318 3319
f 3328 3319 3320
f 3329 3320 3321
f 3330 3321 3322
f 3331 3322 3323
f 3332 3323 3324
f 3333 3324 3325
f 1319 3327 3328
f 3334 3328 3329
f 3335 3329 3330
f 3336 3330 3331
f 3337 3331 3332
f 3338 3332 3333
f 3339 3335 3336
f 3340 3336 3337
f 2149 3255 1236
f 1236 1238 2149
f 1237 2149 1238
f 3255 3268 1236
f 3268 1235 1236
f 3266 3249 1235
f 3268 3266 1235
f 1237 1235 3249
f 3250 3232 1307
f 2200 3230 939
f 3261 2200 1361
f 1361 3283 3261
f 3283 934 1026
f 3283 1360 934
f 3283 937 1360
f 1745 1357 1355
f 1026 1357 1745
f 855 1031 857
f 932 855 863
f 919 929 928
f 863 927 932
f 858 1745 921
f 929 919 855
f 931 929 855
f 1031 860 857
f 928 920 919
f 855 932 931
f 863 925 927
f 859 860 1031
f 859 1031 1745
f 858 859 1745
f 863 861 921
f 1745 923 922
f 922 921 1745
f 863 921 925
f 861 858 921
f 1034 918 913
f 1034 915 914
f 913 1375 1034
f 1375 915 1034
f 1034 876 918
f 1055 3315 910
f 910 1060 1055
f 1055 1070 1072
f 1055 1062 1070
f 1072 1073 1055
f 3314 1071 1065
f 1067 1062 2569
f 2569 1068 1067
f 2569 1064 1068
f 2569 1065 1064
f 1073 3314 1055
f 1065 2569 3314
f 1073 1071 3314
f 3313 3314 2569
f 2569 1066 3313
f 1315 1081 1084
f 1084 1083 1315
f 1083 1085 1315
f 1080 1081 3233
f 3233 1316 1075
f 1316 3325 1078
f 3325 1077 1078
f 3325 1315 1085
f 3233 1075 1080
f 1078 1075 1316
f 1085 1077 3325
f 1098 1088 1093
f 1317 3333 1091
f 1088 1099 1095
f 1097 1098 1093
f 1091 1090 1317
f 1095 1316 1088
f 1316 1095 1100
f 1090 1092 1317
f 1088 1098 1099
f 1096 1091 3333
f 3333 1100 1096
f 1104 3234 1105
f 3338 1317 1110
f 1109 1105 3234
f 3338 1112 1103
f 3338 1110 1112
f 1317 1106 1107
f 1106 1317 1104
f 1103 1109 3234
f 1107 1110 1317
f 1105 3235 1104
f 1103 3234 3338
f 3235 1106 1104
f 3337 3338 3234
f 3234 2425 3337
f 3340 1115 1119
f 3340 3341 3236
f 3236 1115 3340
f 3228 1124 1131
f 3219 3340 3237
f 3237 3228 3220
f 1134 3339 3224
f 1134 3224 3225
f 3220 3219 3237
f 3237 1124 3228
f 1124 1123 1131
f 1134 3225 3226
f 1139 3238 1128
f 3339 1136 1125
f 3340 3219 3221
f 3226 3227 1134
f 3227 1131 1132
f 3238 1125 1128
f 1125 3238 3339
f 3339 3223 3224
f 3339 3221 3223
f 1131 3227 3228
f 3339 1134 1136
f 3339 3340 3221
f 1132 1134 3227
f 3238 1145 3339
f 3335 3339 2448
f 2448 3334 3335
f 3239 646 658
f 646 3239 1151
f 1319 3334 1153
f 1153 653 1319
f 654 3334 3239
f 653 646 1151
f 654 1150 3334
f 658 656 3239
f 656 654 3239
f 1220 1319 1218
f 1218 3240 542
f 3240 532 542
f 3327 1319 1221
f 1221 1222 3327
f 3240 1213 541
f 1213 3240 3326
f 3327 1222 539
f 539 1213 3326
f 3326 539 1216
f 541 532 3240
f 539 3326 3327
f 1319 1220 1221
f 3326 3240 1214
f 3316 1321 1156
f 1156 1163 3316
f 1320 3316 1162
f 1163 1162 3316
f 1320 1158 1157
f 3302 1320 594
f 1320 597 594
f 1320 596 597
f 596 1320 3241
f 3302 594 1170
f 599 3241 587
f 1170 1171 3302
f 587 1171 593
f 599 596 3241
f 1171 1169 593
f 1171 1173 1398
f 1171 587 1173
f 987 2647 1268
f 987 1395 1394
f 1268 1397 987
f 1397 1395 987
f 3286 1394 908
f 3285 867 890
f 1922 3242 893
f 871 899 988
f 874 988 3285
f 1922 900 3242
f 988 874 3243
f 3285 869 874
f 870 1410 891
f 900 1922 988
f 903 900 988
f 988 875 871
f 3285 868 869
f 894 1922 893
f 988 899 903
f 871 898 902
f 866 868 3285
f 902 899 871
f 3243 875 988
f 870 873 1410
f 873 866 1410
f 872 870 891
f 866 3285 1410
f 1410 893 892
f 871 872 891
f 892 891 1410
f 1410 894 893
f 871 891 898
f 1922 3244 992
f 1922 894 1409
f 1409 3244 1922
f 3263 1922 992
f 992 889 3263
f 889 1406 3263
f 1230 1234 3248
f 1231 1405 2110
f 1230 3248 3254
f 1231 887 1405
f 3254 1229 1230
f 1229 3254 3263
f 1231 3263 887
f 2110 1233 1231
f 2110 1232 1233
f 1234 1232 3248
f 1231 1229 3263
f 3248 2110 982
f 3245 1269 3246
f 3256 1277 1269
f 1269 3245 3256
f 1224 3271 1239
f 1240 3245 1227
f 3245 1240 1243
f 3245 1226 1227
f 3245 1225 1226
f 1225 3245 3247
f 1225 3247 3273
f 1239 1228 1224
f 3247 1208 3273
f 1223 1225 3273
f 1239 1227 1228
f 3271 3256 1241
f 3271 1241 1239
f 1224 1223 3271
f 1242 3256 3245
f 1244 1241 3256
f 1243 1242 3245
f 3273 3271 1223
f 1239 1240 1227
f 1242 1244 3256
f 3273 1208 1201
f 3250 1251 1254
f 3250 1248 1251
f 1248 3250 3258
f 3275 1201 1203
f 3232 1255 1247
f 642 1248 3258
f 1247 1203 3232
f 3275 1247 642
f 1254 1255 3232
f 642 3258 3275
f 1247 3275 1203
f 1254 3232 3250
f 1201 3275 3273
f 982 980 3248
f 1232 2110 3248
f 1406 887 3263
f 890 1410 3285
f 908 877 3286
f 1394 3286 987
f 1268 2647 1398
f 1398 2647 1171
f 1170 1169 1171
f 3241 1320 1160
f 1162 1158 1320
f 1214 1321 3326
f 1150 1153 3334
f 2448 3239 3334
f 1145 2448 3339
f 1119 3237 3340
f 3236 3341 2425
f 2425 3341 3337
f 1100 3333 1316
f 1088 1316 3233
f 1066 1315 3313
f 1060 1062 1055
f 910 3315 914
f 914 3315 1034
f 1355 923 1745
f 1026 1745 3283
f 1361 937 3283
f 939 1361 2200
f 1307 3229 3250
f 3337 3341 3340
f 3336 3340 3339
f 3333 1317 3338
f 3332 3338 3337
f 3331 3337 3336
f 3330 3336 3335
f 3329 3335 3334
f 3328 3334 1319
f 3325 1316 3333
f 3324 3333 3332
f 3323 3332 3331
f 3322 3331 3330
f 3321 3330 3329
f 3320 3329 3328
f 3319 3328 3327
f 3318 3327 3326
f 3317 3326 1321
f 3313 1315 3325
f 3312 3325 3324
f 3311 3324 3323
f 3310 3323 3322
f 3309 3322 3321
f 3308 3321 3320
f 3307 3320 3319
f 3306 3319 3318
f 3305 3318 3317
f 3304 3317 3316
f 3303 3316 1320
f 3301 1055 3314
f 3300 3314 3313
f 3299 3313 3312
f 3298 3312 3311
f 3297 3311 3310
f 3296 3310 3309
f 3295 3309 3308
f 3294 3308 3307
f 3293 3307 3306
f 3292 3306 3305
f 3291 3305 3304
f 3290 3304 3303
f 3289 3303 3302
f 3288 3302 1171
f 1193 1185 3287
f 844 1031 855
f 1031 1034 3301
f 3284 3301 3300
f 3282 3300 3299
f 3281 3299 3298
f 3280 3298 3297
f 3279 3297 3296
f 3278 3296 3295
f 3277 3295 3294
f 3276 3294 3293
f 3274 3293 3292
f 3272 3292 3291
f 3270 3291 3290
f 3269 3290 3289
f 3267 3289 3288
f 3265 3288 3287
f 3264 3287 987
f 3285 3286 877
f 1745 1031 3284
f 3283 3284 3282
f 3261 3282 3281
f 3262 3281 3280
f 3259 3280 3279
f 3260 3279 3278
f 3257 3278 3277
f 3258 3277 3276
f 3275 3276 3274
f 3273 3274 3272
f 3271 3272 3270
f 3255 3270 3269
f 3268 3269 3267
f 3266 3267 3265
f 3254 3265 3264
f 3263 3264 988
f 1264 2189 2200
f 2189 3262 3259
f 1259 3252 3253
f 3252 3260 3257
f 1252 3250 3251
f 3256 3271 3255
f 3249 3266 3254
f 3230 2200 2189
f 940 2189 3253
f 941 3253 3252
f 943 3252 3251
f 1275 3251 3250
f 1277 3256 2149
f 977 2149 1237
f 3094 1237 3249
f 979 3249 3248
f 1320 3316 3371
f 3316 3317 3372
f 3317 3318 3373
f 3318 3319 3374
f 3319 3320 3375
f 3320 3321 3376
f 3321 3322 3377
f 3322 3323 3378
f 3323 3324 3379
f 3324 3325 3380
f 3325 1315 3381
f 987 3342 1185
f 1168 984 1191
f 1191 1194 1168
f 1168 985 984
f 3287 3343 983
f 3287 1193 3343
f 1177 3342 987
f 1188 987 3382
f 3382 1190 3344
f 985 1168 3287
f 3382 1180 1190
f 3382 1168 1180
f 3344 1188 3382
f 1168 3383 3288
f 3383 3371 3289
f 3371 3372 3290
f 3372 3373 3291
f 3373 3374 3292
f 3374 3375 3293
f 3375 3376 3294
f 3376 3377 3295
f 3377 3378 3296
f 3378 3379 3297
f 3379 3380 3298
f 3380 3381 3299
f 3381 3384 3300
f 3384 1061 3301
f 3385 1042 1043
f 3385 1054 1042
f 3301 3345 1047
f 1500 3385 1034
f 1034 3346 1045
f 1034 1047 3347
f 1061 3348 1051
f 3347 3346 1034
f 1059 3345 3301
f 1039 3301 1061
f 1061 1052 3348
f 1500 1054 3385
f 1061 3385 1043
f 1051 1039 1061
f 1061 1043 1052
f 3285 3286 878
f 988 883 3231
f 3231 987 988
f 878 879 3285
f 3286 880 878
f 855 843 3135
f 847 1031 1034
f 3135 876 855
f 847 844 1031
f 1034 840 847
f 988 3264 3386
f 3264 3265 3387
f 3265 3267 3388
f 3267 3269 3389
f 3269 3270 3390
f 3270 3272 3391
f 3272 3274 3392
f 3274 3276 3393
f 3276 3277 3394
f 3277 3278 3395
f 3278 3279 3396
f 3279 3280 3397
f 3280 3281 3398
f 3281 3282 3399
f 3282 3284 3400
f 3284 1031 3401
f 3387 3388 3249
f 3390 3391 3256
f 3250 3394 1249
f 1246 3395 3251
f 3251 1250 3125
f 3250 1249 3349
f 3251 3125 1246
f 3349 1253 3250
f 1245 1249 3394
f 1246 1245 3395
f 1245 3394 3395
f 3395 3396 3252
f 3253 3165 1256
f 1256 3397 3253
f 3252 3166 1258
f 3252 1257 3166
f 1257 3252 3396
f 3396 3397 1256
f 1259 3165 3253
f 1256 1257 3396
f 3397 3398 2189
f 2200 2854 1262
f 3399 2200 1262
f 2189 3350 1265
f 1261 3350 2189
f 2189 3398 1261
f 1263 2854 2200
f 3398 3399 1260
f 1262 1260 3399
f 3398 1260 1261
f 2149 3104 1236
f 1236 3390 2149
f 1238 3104 2149
f 1236 3389 3390
f 3249 3105 1237
f 3249 1235 3105
f 1235 3249 3388
f 1235 3388 3389
f 1307 3351 3232
f 3394 3250 1248
f 3394 1248 642
f 3250 3352 1248
f 1203 3393 1247
f 3393 3394 642
f 1251 3352 3250
f 1247 3353 3232
f 1203 1201 3393
f 3353 1255 3232
f 642 1247 3393
f 3392 3393 1201
f 3354 3256 1242
f 3392 3247 1225
f 3392 1225 1223
f 3392 1208 3247
f 3247 3245 2945
f 1242 1224 3354
f 1242 1223 1224
f 2945 1225 3247
f 1240 3392 1223
f 3354 1227 3256
f 3256 1241 3355
f 1241 3256 3391
f 1223 1243 3356
f 3392 1240 1239
f 1223 3356 1240
f 1226 2945 3245
f 3245 3256 1227
f 3355 1244 3256
f 1223 1242 1243
f 1239 1241 3391
f 1239 3391 3392
f 3248 3150 1230
f 3387 3248 1230
f 1231 3357 2110
f 2110 3357 1233
f 887 3386 1231
f 1234 3150 3248
f 3386 3387 1229
f 1230 1229 3387
f 3386 1229 1231
f 3386 889 3358
f 3386 3359 889
f 3386 887 3359
f 3402 3244 1409
f 3402 3358 992
f 992 3244 3402
f 870 903 899
f 898 3285 868
f 903 872 871
f 899 873 870
f 899 868 866
f 870 872 903
f 3360 903 988
f 900 988 3402
f 3285 898 891
f 868 899 898
f 875 874 988
f 871 988 903
f 893 3242 3402
f 866 873 899
f 900 3360 988
f 893 3402 3361
f 893 3361 1410
f 891 1410 3285
f 3242 900 3402
f 987 1397 1172
f 1168 3382 1398
f 1398 1173 1168
f 597 1320 3383
f 3383 594 597
f 3383 1168 1170
f 597 596 3241
f 3383 1170 594
f 3241 1320 597
f 1163 1321 3316
f 1320 1157 1163
f 1163 1156 1321
f 1163 3316 1320
f 3327 3326 1216
f 3326 1213 1216
f 1216 1222 3327
f 3326 3240 541
f 541 1213 3326
f 653 1319 3362
f 646 3362 3239
f 646 655 3362
f 655 653 3362
f 1124 1123 1142
f 1142 1130 1124
f 3220 1134 3340
f 3340 3219 3220
f 3237 3340 1132
f 3225 3224 3339
f 1134 3227 3225
f 3339 3238 1136
f 1124 3237 1123
f 3238 1128 1136
f 1132 1123 3237
f 3340 1134 1132
f 1134 3228 3227
f 3220 3228 1134
f 3225 3339 1134
f 3221 3222 3340
f 3222 3219 3340
f 3340 1115 3363
f 3364 3365 1105
f 3364 3235 3365
f 1105 3234 3364
f 3364 1317 1106
f 1110 1106 1317
f 1109 1111 3234
f 1111 1103 3234
f 1106 3235 3364
f 1316 3366 1095
f 1100 3366 1316
f 1090 3333 1317
f 1090 1317 1093
f 1090 1091 3333
f 1093 1097 1090
f 3325 1078 1083
f 1083 1315 3325
f 3381 1066 2569
f 3381 1315 1066
f 1062 1069 3367
f 3367 1067 1062
f 1061 1070 1069
f 1069 1062 1061
f 1061 3384 1073
f 3384 1065 1071
f 3384 2569 1064
f 3384 1071 1073
f 1064 1065 3384
f 1061 1060 910
f 1034 3385 909
f 909 915 1034
f 932 927 858
f 858 861 932
f 861 931 932
f 927 860 859
f 861 863 931
f 860 927 1031
f 863 855 931
f 925 3401 1031
f 859 858 927
f 920 3368 922
f 925 921 3401
f 1031 927 925
f 922 3368 3401
f 921 922 3401
f 3401 1357 1026
f 3401 3368 1355
f 1355 1357 3401
f 3400 3401 3369
f 3369 934 3400
f 934 3370 3400
f 3399 3400 1361
f 3400 937 1361
f 1361 2200 3399
f 3370 937 3400
f 1026 3369 3401
f 909 3385 910
f 910 3385 1061
f 2569 3384 3381
f 1093 1317 3364
f 2425 3341 3363
f 3363 3341 3340
f 3362 1319 1218
f 1398 3382 1172
f 1172 3382 987
f 1409 3361 3402
f 3358 3402 3386
f 1201 1208 3392
f 1236 1235 3389
f 2189 3253 3397
f 3252 3251 3395
f 3256 2149 3390
f 3249 3248 3387
f 3401 3400 3284
f 3400 3399 3282
f 3399 3398 3281
f 3398 3397 3280
f 3397 3396 3279
f 3396 3395 3278
f 3395 3394 3277
f 3394 3393 3276
f 3393 3392 3274
f 3392 3391 3272
f 3391 3390 3270
f 3390 3389 3269
f 3389 3388 3267
f 3388 3387 3265
f 3387 3386 3264
f 3386 3402 988
f 3301 3300 3384
f 3300 3299 3381
f 3299 3298 3380
f 3298 3297 3379
f 3297 3296 3378
f 3296 3295 3377
f 3295 3294 3376
f 3294 3293 3375
f 3293 3292 3374
f 3292 3291 3373
f 3291 3290 3372
f 3290 3289 3371
f 3289 3288 3383
f 3288 3287 1168
f 1194 1180 1168
f 3381 3380 3325
f 3380 3379 3324
f 3379 3378 3323
f 3378 3377 3322
f 3377 3376 3321
f 3376 3375 3320
f 3375 3374 3319
f 3374 3373 3318
f 3373 3372 3317
f 3372 3371 3316
f 3371 3383 1320
f 3364 1104 1093
f 1104 3364 3234
f 3363 3236 2425
f 3236 3363 1115
f 910 914 909
f 1360 3370 934
f 934 3369 1026
f 920 923 3368
f 1355 3368 923
f 937 3370 1360
f 1409 894 3361
f 1410 3361 894
f 889 992 3358
f 887 1406 3359
f 3359 1406 889
f 1397 1268 1172
f 1398 1172 1268
f 3362 1151 3239
f 1218 1151 3362
f 1251 1248 3352
f 1247 1255 3353
f 1227 3354 1228
f 1226 1225 2945
f 1224 1228 3354
f 1097 1092 1090
f 1100 1095 3366
f 1083 1078 1077
f 1077 1085 1083
f 1069 1067 3367
f 1047 3345 1056
f 3346 3347 1047
f 1045 3346 1501
f 1051 3348 1052
f 1052 1039 1051
f 1047 1501 3346
f 1059 1056 3345
f 840 844 847
f 1261 1265 3350
f 1250 1246 3125
f 1249 1253 3349
f 1243 1240 3356
f 1241 1244 3355
f 1231 1233 3357
f 903 3360 900
f 899 902 898
f 874 875 3243
f 880 879 878
f 983 3343 1502
f 1190 1188 3344
f 1193 1502 3343
f 1177 1185 3342
f 1163 1157 1158
f 1158 1162 1163
f 1222 1216 539
f 1213 539 1216
f 646 653 655
f 1136 1128 1125
f 1123 1130 1142
f 1132 1131 1123
f 1106 1110 1107
f 1109 1103 1111
f 3235 1105 3365
f 3403 3404 3405
f 3405 3406 3403
f 3407 3408 3409
f 3407 3409 3410
f 3407 3410 3411
f 3403 3411 3412
f 3403 3412 3404
f 3411 3403 3407
f 3408 3407 1784
f 1784 859 3408
f 864 863 859
f 859 860 864
f 864 3406 3405
f 3405 863 864
f 3412 3411 3404
f 3411 3410 3408
f 3410 3409 3408
f 3408 3404 3411
f 3408 859 863
f 3403 3406 3413
f 860 862 864
f 1784 1782 862
f 862 860 1784
f 1782 1784 3407
f 3407 3403 3404
f 3404 3408 3407
f 3403 3413 3405
f 862 1782 863
f 864 862 863
f 863 1782 3407
f 3407 3408 863
f 3413 3406 3405
f 3414 3415 3416
f 3416 3417 3414
f 3418 3419 2489
f 3420 2489 3421
f 3414 3421 3424
f 3414 3421 3415
f 3421 3414 3423
f 3421 3423 3422
f 3421 3422 3420
f 2489 3420 3418
f 3419 3418 1158
f 1158 1156 3419
f 1155 3425 3426
f 1157 3426 1156
f 1156 1158 1157
f 3426 1157 1155
f 3425 1155 3427
f 3427 3416 3425
f 3416 3427 3417
f 3416 1155 3425
f 3415 3421 3416
f 1156 3421 3419
f 3426 1155 1156
f 2489 3419 3421
f 3414 3417 3428
f 3428 3427 1155
f 3417 3427 3428
f 3422 3421 3418
f 1157 1158 1155
f 3418 3420 3422
f 1155 1158 3418
f 3414 3428 3416
f 3416 3421 3414
f 3416 3428 1155
f 1156 1155 3418
f 3418 3421 1156
f 3429 3430 3431
f 3431 1105 3429
f 3434 3433 3435
f 3429 3435 3430
f 3435 3429 3434
f 3433 3434 3432
f 1103 1107 3432
f 1107 1103 1111
f 1107 1111 3365
f 3235 3365 3436
f 3436 3431 3235
f 3431 3436 1105
f 3430 3437 3431
f 1107 3433 3432
f 3430 3435 3433
f 3433 3437 3430
f 1105 3436 3365
f 3365 1111 1105
f 1103 2037 1105
f 2037 1103 3432
f 1105 1111 1103
f 3432 3438 2037
f 3434 3429 3433
f 3438 3432 3433
f 3437 3433 3429
f 3431 3437 3429
f 1105 3235 3431
f 1105 2037 1107
f 1107 3365 1105
f 1107 2037 3438
f 3438 3433 1107
f 3439 3440 1062
f 1062 3441 3439
f 3444 3443 3445
f 3444 3445 3446
f 3439 3446 3440
f 3446 3439 3444
f 3443 3442 1065
f 1065 1072 3443
f 1064 3367 1072
f 1072 1065 1064
f 3367 1067 3447
f 3447 1062 3367
f 1062 3447 3441
f 3440 3448 1062
f 3440 3446 3445
f 3445 3448 3440
f 3439 3441 1067
f 3441 3447 1067
f 3367 1064 1067
f 3444 3439 3442
f 1067 1064 1065
f 3442 3443 3444
f 2033 1067 1065
f 2033 1065 3442
f 3442 3439 3445
f 3445 3443 3442
f 3448 3445 3439
f 3439 1067 1062
f 1062 3448 3439
f 1067 2033 1072
f 1072 3367 1067
f 1072 2033 3442
f 3442 3443 1072
f 3449 3450 1087
f 1087 3451 3449
f 3455 3453 3456
f 3453 3455 3454
f 3453 3454 3452
f 3453 3452 1504
f 1504 1095 3453
f 3457 1099 1095
f 1095 1504 1096
f 1095 1096 3457
f 1099 3457 1097
f 1099 1097 3458
f 3458 1098 1099
f 3458 1087 1098
f 1087 3458 3451
f 3450 3449 1098
f 1098 1087 3450
f 3449 3451 3459
f 1098 3458 1097
f 1098 3459 3451
f 3451 3458 1098
f 3454 3460 3452
f 3456 3449 3460
f 1097 3457 1096
f 3460 3454 3455
f 1504 1097 1096
f 3460 3455 3456
f 3460 3449 3453
f 3452 3460 3453
f 3456 3453 3449
f 3449 3459 1098
f 1097 1099 1098
f 1097 1504 1095
f 1095 1099 1097
f 1095 1504 3452
f 3452 3453 1095
f 3462 3463 3464
f 3466 3467 3464
f 3464 3465 3466
f 3471 3472 3473
f 3474 3473 3475
f 3476 3477 3478
f 3479 3478 3480
f 3481 3477 3463
f 3477 3465 3464
f 3477 3466 3465
f 3464 3463 3477
f 3477 3476 3466
f 3469 3483 3482
f 3469 3484 3483
f 3469 3468 3484
f 3468 3466 3484
f 3476 3485 3486
f 3485 3476 3487
f 3486 3484 3476
f 3484 3466 3476
f 3487 3488 3489
f 3489 3485 3487
f 3488 3487 3490
f 3470 3469 3482
f 3461 3482 3491
f 3482 3461 3470
f 3491 3488 3461
f 3488 3475 3461
f 3488 3490 3475
f 3475 3463 3462
f 3475 3481 3463
f 3462 3461 3475
f 3480 3492 3479
f 3478 3479 3476
f 3475 3490 3474
f 3473 3474 3471
f 3491 3482 3493
f 3483 3484 3482
f 3494 3495 3480
f 3476 3494 3478
f 3496 3490 3475
f 3497 3496 3498
f 3476 3477 3484
f 3493 3468 3469
f 3466 3493 3482
f 3493 3466 3468
f 3482 3484 3466
f 3466 3484 3477
f 3464 3477 3481
f 3464 3467 3477
f 3467 3466 3477
f 3462 3464 3481
f 3481 3461 3462
f 3461 3481 3475
f 3469 3488 3491
f 3491 3493 3469
f 3488 3469 3470
f 3470 3461 3488
f 3490 3485 3489
f 3490 3487 3485
f 3489 3488 3490
f 3498 3472 3497
f 3475 3498 3496
f 3480 3478 3494
f 3499 3500 3503
f 3501 624 3505
f 3495 3511 3506
f 3502 3480 3507
f 3504 3480 3509
f 3509 3510 3505
f 3506 3480 3495
f 3495 3513 3511
f 3513 682 3511
f 3514 3480 3515
f 3502 3512 3480
f 3507 3508 3503
f 3509 3505 3504
f 3512 3515 3480
f 3508 3499 3503
f 3504 3507 3480
f 3510 3501 3505
f 3501 681 624
f 3515 3516 3514
f 3503 3502 3507
f 3506 3509 3480
f 3501 3504 3505
f 3502 3500 3499
f 3506 3492 3480
f 3502 3499 3508
f 3504 3517 3509
f 3504 3501 3517
f 3508 3480 3502
f 3508 3507 3480
f 3506 3513 3492
f 3506 3511 3513
f 3518 680 681
f 680 3518 682
f 3509 3517 3510
f 3501 3510 3517
f 681 669 3518
f 3503 3500 3502
f 3519 3520 3521
f 3525 2340 3522
f 3522 3523 3525
f 3525 3523 2336
f 3525 2336 2340
f 3520 3519 3523
f 3194 3207 3524
f 3521 3207 3194
f 3206 3207 3521
f 3194 3524 3521
f 3206 3521 610
f 3521 623 610
f 3521 624 622
f 622 623 3521
f 610 3500 3206
f 3207 3516 3524
f 3500 623 3499
f 610 623 3500
f 3521 3518 669
f 3521 682 3518
f 669 624 3521
f 669 681 624
f 3521 3513 682
f 3516 3514 3524
f 3522 3520 3523
f 3521 3524 3519
f 3521 680 682
f 681 680 3521
f 681 3521 624
f 3521 3206 623
f 3206 3500 623
f 3207 3521 3524
f 2336 3526 2340
f 3526 3519 2340
f 2340 3527 3522
f 2340 3519 3527
f 3519 3520 3527
f 3523 3526 2336
f 3523 3519 3526
f 3530 3531 2310
f 3475 3473 3498
f 3472 3498 3473
f 3513 3495 3492
f 3492 3495 3494
f 3520 3522 3527
f 3532 3471 3497
f 3471 3474 3496
f 3479 3494 3476
f 3496 3497 3471
f 3494 3479 3492
f 3496 3474 3490
f 3534 3530 3529
f 3542 2313 2310
f 2310 3531 3542
f 3535 2313 3542
f 3542 3531 3535
f 3531 3534 3535
f 3533 2932 554
f 554 568 3533
f 2932 565 554
f 568 567 3533
f 3536 565 2932
f 3533 2908 3537
f 3533 2909 2908
f 2909 3533 3529
f 3529 3538 2909
f 3537 2932 3533
f 3538 2866 2865
f 3538 3529 2866
f 2865 3540 3538
f 3529 3541 2866
f 3540 3539 3538
f 3529 3528 3541
f 567 3532 3533
f 3531 3530 3534
f 3529 3533 3534
f 565 2908 2909
f 565 2920 2908
f 2932 2920 565
f 2866 2878 3529
f 3529 2919 2866
f 2919 2877 2865
f 2865 2866 2919
f 2919 3539 2877
f 2919 3538 3539
f 2909 2919 3529
f 3529 565 2909
f 554 565 3529
f 3529 3533 554
f 568 553 3533
f 553 554 3533
f 2878 3541 3529
f 3535 2310 2313
f 3534 3530 2310
f 3535 3534 2310
f 3543 2931 3544
f 3538 2889 3545
f 3543 2932 2931
f 3471 569 3547
f 3471 3532 567
f 3546 3543 3544
f 3472 3549 3550
f 3539 2889 3538
f 3548 3545 3472
f 3472 3544 3548
f 3472 3471 3544
f 2932 3543 3536
f 3547 3544 3471
f 567 569 3471
f 3550 3528 3472
f 3472 3545 3549
f 3545 3551 3538
f 3548 3551 3545
f 3550 3541 3528
f 3547 3546 3544
f 3544 3546 3472
f 2932 3543 3546
f 3472 3553 3548
f 3545 3553 3472
f 3552 3532 3497
f 3546 3497 3472
f 3546 3544 3554
f 3539 3538 3553
f 3547 3552 3497
f 3546 3547 3497
f 3553 2889 3539
f 3552 567 3532
f 3554 2932 3546
f 3545 2889 3553
f 569 567 3552
f 3547 569 3552
f 3539 3540 2877
f 3540 2865 2877
f 2878 2866 3541
f 3548 3553 3551
f 2932 3554 2931
f 2920 2932 3537
f 2919 2909 3538
f 2908 2920 3537
f 3554 3544 2931
f 3551 3553 3538
f 1581 1571 3556
f 1573 1581 3557
f 1574 1573 3557
f 1582 1574 3558
f 1577 1582 3559
f 1578 1577 3561
f 1571 1578 3562
f 3562 3555 1571
f 3561 3562 1578
f 3560 3561 1577
f 3559 3560 1577
f 3558 3559 1582
f 3557 3558 1574
f 3556 3557 1581
f 3555 3556 1571
f 2748 3563 1571
f 1578 1579 2745
f 1575 1574 1582
f 3563 1581 1571
f 3564 2747 1571
f 1580 1578 1571
f 2745 1577 1578
f 1578 2746 1579
f 1578 1580 2746
f 3558 3565 3566
f 3566 3559 3558
f 3556 3568 3555
f 3556 3557 3569
f 3557 3569 3567
f 3567 3565 3558
f 3571 3572 3562
f 3562 3572 3555
f 3570 3571 3562
f 3567 3558 3557
f 1582 1577 3560
f 3560 3559 1582
f 1574 1575 3566
f 3566 3565 1574
f 3555 3572 1580
f 2747 3568 3555
f 3555 1580 2747
f 3568 2747 3564
f 1581 3563 3569
f 1571 1581 3557
f 3564 1571 3555
f 3555 3568 3564
f 3557 3556 1571
f 3569 3557 1581
f 3569 3563 2748
f 1573 3567 3569
f 3569 2748 1573
f 2744 3565 3567
f 3567 1573 2744
f 3565 2744 1574
f 1575 3559 3566
f 3559 1575 1582
f 3561 1577 2745
f 2745 1579 3562
f 3562 3561 2745
f 3570 3562 1579
f 2746 3571 3570
f 3570 1579 2746
f 1580 3572 3571
f 3571 2746 1580
f 3577 3578 3576
f 3573 3579 3580
f 3583 3578 3576
f 3573 3582 3579
f 3580 3581 3573
f 3575 3577 3576
f 3584 3574 3573
f 3580 3579 3578
f 3578 3577 3580
f 3585 4005 4006
f 3585 3586 4005
f 4006 3587 3585
f 4005 3588 3589
f 3586 3588 4005
f 4008 3592 3590
f 4008 3589 3592
f 3591 3587 4006
f 4006 4007 3591
f 3590 4007 4008
f 4008 4005 3589
f 4007 3587 3591
f 3590 3587 4007
f 4009 3669 3670
f 4010 3672 4011
f 4012 4013 3709
f 4014 3709 3710
f 4015 3711 3712
f 4016 4009 4017
f 4018 4010 4019
f 4020 4021 4022
f 4023 4022 4024
f 4025 4012 4014
f 4026 4014 4027
f 4028 4015 4029
f 4030 4031 4032
f 3593 3594 4033
f 4034 4035 3595
f 4033 3596 3598
f 3597 4036 4034
f 4034 3595 3597
f 4035 4033 3600
f 3599 3595 4035
f 4035 3600 3601
f 3597 3596 4036
f 3598 3600 4033
f 3601 3599 4035
f 3603 3602 3604
f 3604 3606 3603
f 3602 3605 3607
f 3603 3605 3602
f 3604 4037 3609
f 3609 3606 3604
f 3608 3610 4037
f 4038 3607 3608
f 3608 4037 4038
f 3610 3609 4037
f 3611 3593 4035
f 3574 4040 4039
f 4035 3580 3577
f 4040 3573 3581
f 4040 3574 3584
f 3581 4034 4040
f 3575 3574 4039
f 3581 3580 4034
f 3577 3575 4039
f 3584 3573 4040
f 3577 4039 4035
f 3613 3604 3612
f 3612 3614 3613
f 3612 3615 3614
f 3604 3613 3616
f 4041 3616 3617
f 3612 4041 3617
f 3617 3615 3612
f 3616 4041 4037
f 4032 4031 3618
f 4031 3713 3618
f 3619 3620 4032
f 4042 4032 3621
f 3621 3622 4042
f 3624 3623 3602
f 3626 3627 3628
f 3626 3629 3630
f 3602 4038 3631
f 3630 3627 3626
f 3625 3628 3623
f 3624 3625 3623
f 3602 3634 3624
f 3631 3634 3602
f 3626 3632 3633
f 4038 3632 3631
f 3626 3633 3629
f 3632 4038 3633
f 4004 4041 3635
f 4041 3636 3635
f 4041 3637 3638
f 3638 3636 4041
f 4041 3639 3637
f 4041 3612 3639
f 4043 3641 3640
f 4040 3642 3643
f 4040 3646 3642
f 3645 4040 3644
f 3645 3646 4040
f 4039 3643 3647
f 3647 3648 4039
f 4033 3594 3649
f 3649 3650 4033
f 3654 3655 3652
f 3651 3654 4036
f 3653 3657 3652
f 3656 3651 4036
f 4036 4033 3658
f 3657 3660 3652
f 3651 3655 3654
f 4036 3658 3656
f 3659 3661 3650
f 3650 3652 3659
f 4033 3661 3662
f 4033 3650 3661
f 3650 3653 3652
f 3662 3658 4033
f 3664 3663 4044
f 4045 3665 3666
f 4045 3663 3665
f 3669 3667 3668
f 4011 3672 3673
f 3676 3677 3678
f 3675 4046 3680
f 3679 3676 3675
f 3680 3681 3675
f 3682 4046 3675
f 3676 3679 3677
f 3674 3679 3675
f 3678 3683 3676
f 3678 4011 3683
f 4011 3684 3685
f 3675 3686 3682
f 3681 3674 3675
f 3686 3687 3682
f 4011 3688 3689
f 3689 3683 4011
f 4011 3685 3688
f 4047 4011 3678
f 3684 3682 3687
f 3690 4046 4047
f 4047 3691 3690
f 3684 3687 3686
f 4047 3692 3691
f 4046 3690 3680
f 3686 3685 3684
f 3678 3692 4047
f 4046 3682 3693
f 4006 3694 3695
f 4013 4008 3696
f 4013 3698 3699
f 4013 3696 3698
f 3697 3700 4013
f 4008 3702 3703
f 3704 3705 3706
f 3699 3697 4013
f 3703 3701 4008
f 4007 3706 3702
f 3706 4007 3704
f 3704 3700 3705
f 3701 3696 4008
f 3702 4008 4007
f 3697 3705 3700
f 4013 3707 3708
f 3708 3709 4013
f 4013 3700 3707
f 3717 3718 4037
f 3718 3719 4038
f 3720 3721 3722
f 3722 3723 3720
f 4042 3721 3724
f 3722 3633 3723
f 3633 3725 3726
f 3720 3724 3721
f 3726 3727 3633
f 4038 3719 3037
f 3727 3723 3633
f 3037 3633 4038
f 3037 3725 3633
f 4030 4042 3728
f 3728 3729 4030
f 4042 3035 3730
f 3730 3728 4042
f 3731 4048 4030
f 3732 4028 4048
f 3733 4049 4028
f 3734 4026 4049
f 3735 4025 4026
f 3736 4050 4025
f 3737 4051 4050
f 3738 4023 4051
f 3739 4020 4023
f 3740 4052 4020
f 3741 4018 4052
f 3742 4053 4018
f 3743 4054 4053
f 3744 4016 4054
f 4016 3744 3745
f 4044 3746 3747
f 3745 4044 4016
f 3745 3746 4044
f 3664 3748 3749
f 4044 3032 3750
f 3664 3751 3748
f 3750 3664 4044
f 3750 3751 3664
f 3752 3753 3664
f 3654 3753 3752
f 4036 3654 3000
f 3752 3754 3654
f 3654 3755 3000
f 3754 3755 3654
f 4034 4036 3756
f 4040 4034 3757
f 4040 3758 3759
f 4040 3760 3758
f 3759 3644 4040
f 3644 3762 3761
f 3759 3762 3644
f 3763 3764 3765
f 4043 3521 3767
f 4043 3772 3521
f 4043 3769 3772
f 3769 4043 3768
f 4043 3761 3773
f 3766 3761 3770
f 3770 3777 3766
f 3778 3779 3765
f 3778 3776 3779
f 3767 3781 4043
f 3773 3780 4043
f 3780 3768 4043
f 3782 3774 3775
f 3766 3773 3761
f 3763 3782 3775
f 3781 3783 3641
f 3783 3781 3784
f 3784 3785 3783
f 3788 3785 3789
f 3784 3786 3790
f 3791 3787 3786
f 3791 4055 3788
f 3785 3792 3793
f 3786 3787 3790
f 3788 3794 3791
f 3793 3789 3785
f 3784 3795 3792
f 3786 4055 3791
f 3792 3785 3784
f 3789 3794 3788
f 3796 3797 3798
f 3799 3796 3800
f 3797 4056 3801
f 3803 4055 3804
f 3803 3805 3802
f 3804 4055 3799
f 3796 4056 3797
f 3802 3801 3803
f 3798 3800 3796
f 3804 3805 3803
f 3802 3797 3801
f 3806 3807 3808
f 3808 4056 3806
f 3811 3810 3809
f 3811 4057 3812
f 3813 3809 3810
f 3812 3815 3811
f 3812 3816 3815
f 3814 3807 3813
f 3813 3817 3814
f 3813 3818 3817
f 3809 4057 3811
f 3807 3819 3816
f 3807 3820 3819
f 3810 3818 3813
f 3816 3812 3807
f 3814 3820 3807
f 3821 3822 3823
f 3824 3825 3826
f 3826 3822 3824
f 3827 3825 3824
f 3827 4057 3828
f 3824 4057 3827
f 3821 3823 3831
f 3830 3829 3822
f 3826 3830 3822
f 3828 3821 3831
f 3822 3829 3823
f 3821 3832 3833
f 3834 3833 3832
f 3835 3836 3834
f 3837 3838 3494
f 3494 3838 3836
f 3494 3839 3837
f 3836 3835 3840
f 3836 3840 3494
f 3844 3845 3846
f 3842 3841 3847
f 3843 3841 3839
f 3844 3846 3848
f 3849 3842 3847
f 3842 3839 3841
f 3839 3494 3843
f 3850 3494 3851
f 3854 3845 3852
f 3848 3855 3844
f 3856 3849 3847
f 3494 3857 3843
f 3858 3853 3850
f 3853 3496 3852
f 3496 3859 3852
f 3844 3852 3845
f 3855 3848 3856
f 3847 3855 3856
f 3850 3857 3494
f 3852 3850 3853
f 3850 3851 3858
f 3859 3854 3852
f 3860 4058 3861
f 3862 3854 3860
f 3861 3862 3860
f 3863 3864 3865
f 3865 3866 3863
f 3865 3867 3868
f 3864 3870 3867
f 3868 3873 3865
f 3865 3864 3867
f 3872 3875 3874
f 3872 4059 3871
f 3873 3869 3865
f 3864 3875 3870
f 3864 3874 3875
f 3874 4059 3872
f 3871 3865 3869
f 3869 3876 3871
f 3876 3872 3871
f 4060 3882 3883
f 3877 4061 3879
f 4061 3886 3879
f 3886 3881 3887
f 3881 4060 3880
f 3884 3883 3882
f 3885 3884 3882
f 3878 3882 3877
f 3879 3878 3877
f 3888 3879 3886
f 3886 3887 3888
f 3881 3880 3887
f 3883 3880 4060
f 3878 3885 3882
f 3889 4060 3890
f 3891 3892 3889
f 3893 3892 3894
f 3895 3897 3898
f 3892 3899 3900
f 3898 3896 3895
f 3897 3895 3893
f 3893 3894 3901
f 3892 3891 3902
f 3900 3894 3892
f 3891 3895 3903
f 3901 3897 3893
f 3895 3896 3903
f 3902 3899 3892
f 3903 3902 3891
f 3904 4004 3905
f 3906 3893 3895
f 3905 3907 3904
f 3907 3906 3904
f 4004 3904 3908
f 3908 3533 4004
f 4041 4004 3911
f 3912 4004 3913
f 3533 3914 4004
f 3910 3915 3909
f 3916 3915 3917
f 3911 3918 4041
f 4004 3914 3913
f 3910 3917 3915
f 3911 4004 3922
f 3910 3909 3921
f 3917 3924 3916
f 3922 3916 3924
f 4004 3925 3926
f 3913 3919 3912
f 3927 3716 3928
f 3924 3911 3922
f 3926 3922 4004
f 3929 3715 3923
f 3912 3925 4004
f 3918 3717 4041
f 3930 3929 3923
f 3693 3931 774
f 3931 3932 774
f 4046 3693 774
f 4047 4046 784
f 4022 3933 766
f 3933 4022 4021
f 766 3934 4021
f 4021 4047 766
f 3934 3933 4021
f 4047 3935 766
f 4005 3936 742
f 4024 3937 3936
f 4024 3939 3937
f 3938 4024 4022
f 4022 3940 742
f 3936 4005 4024
f 742 3938 4022
f 3938 3939 4024
f 3941 743 4006
f 751 3942 4006
f 751 3932 3931
f 3694 3942 751
f 3942 3694 4006
f 4006 743 751
f 3931 3694 751
f 3943 4061 3944
f 3946 3947 3948
f 3945 3943 3946
f 3944 3949 3943
f 3944 3950 3949
f 3948 3945 3946
f 3945 4061 3943
f 3952 3950 3951
f 3950 3944 3951
f 3953 3954 3955
f 3955 3952 3953
f 3954 3956 3955
f 3951 3953 3952
f 3954 3957 3956
f 3948 3947 3957
f 3953 4059 3954
f 3957 3954 3948
f 4050 3958 3959
f 3958 4050 4051
f 4051 3960 3958
f 4051 4024 3960
f 4024 4005 3961
f 4005 4008 3963
f 3962 3963 4008
f 3961 3960 4024
f 4062 3959 3962
f 3962 4008 4062
f 3963 3961 4005
f 4030 4048 3964
f 4048 4029 3966
f 3964 3965 4030
f 3966 3964 4048
f 3713 4031 3968
f 3967 3712 3713
f 4031 3965 3968
f 3712 3967 3969
f 3713 3968 3967
f 4029 3969 3966
f 3969 4029 3712
f 4028 4049 3970
f 4049 4027 3971
f 4049 3971 3970
f 3710 3711 3972
f 4015 3970 3972
f 3972 3711 4015
f 4027 3710 3973
f 3972 3973 3710
f 3973 3971 4027
f 4050 3975 3974
f 3974 4025 4050
f 3974 3976 4025
f 4050 4062 3975
f 4013 4012 3977
f 4008 4013 3978
f 4013 3977 3978
f 3976 3977 4012
f 4062 3979 3975
f 3978 3979 4008
f 3979 4062 4008
f 3980 4052 3981
f 3980 3982 4020
f 4052 3984 3981
f 3983 3985 3980
f 3980 3981 3983
f 4052 4019 3984
f 3980 4020 4052
f 4047 4021 3986
f 4019 4011 3987
f 4021 3982 3986
f 4019 3987 3984
f 3989 3983 3988
f 4047 3986 3990
f 3983 3989 3985
f 3991 4011 3990
f 3991 3990 3989
f 3991 3987 4011
f 3988 3991 3989
f 4011 4047 3990
f 4054 4017 3992
f 3992 4053 4054
f 3993 4018 4053
f 4053 3992 3993
f 3672 3993 3994
f 3994 3671 3672
f 3993 3672 4010
f 4017 3995 3992
f 3670 3671 3995
f 3995 4017 3670
f 4016 4044 3996
f 4044 4045 3998
f 4016 3996 3997
f 3998 3996 4044
f 3999 4045 4000
f 4045 3666 4000
f 3999 4000 3667
f 4045 3999 3998
f 3667 4001 3999
f 4009 3997 4002
f 4001 3667 3669
f 4002 3669 4009
f 3669 4002 4001
f 3997 4009 4016
f 3994 3995 3671
f 3993 4010 4018
f 3982 4021 4020
f 3976 4012 4025
f 3970 4015 4028
f 3965 4031 4030
f 3959 4062 4050
f 4006 4005 3941
f 742 3941 4005
f 766 3940 4022
f 784 3935 4047
f 774 784 4046
f 3895 3904 3906
f 3890 3891 3889
f 3890 4060 3881
f 3886 4061 3945
f 3954 4059 3874
f 3866 4058 3863
f 3863 4058 3860
f 3862 3845 3854
f 3832 3835 3834
f 3833 3822 3821
f 3831 3827 3828
f 3828 4057 3809
f 3806 3813 3807
f 3806 4056 3796
f 3800 3804 3799
f 3799 4055 3786
f 3790 3795 3784
f 3641 4043 3781
f 3761 4043 3644
f 3757 3760 4040
f 3756 3757 4034
f 3000 3756 4036
f 3749 3752 3664
f 3747 3032 4044
f 4054 3743 3744
f 4053 3742 3743
f 4018 3741 3742
f 4052 3740 3741
f 4020 3739 3740
f 4023 3738 3739
f 4051 3737 3738
f 4050 3736 3737
f 4025 3735 3736
f 4026 3734 3735
f 4049 3733 3734
f 4028 3732 3733
f 4048 3731 3732
f 4030 4003 3731
f 3729 4003 4030
f 3724 3035 4042
f 4038 4037 3718
f 4037 4041 3717
f 3714 3618 3713
f 3704 4007 3695
f 3695 4007 4006
f 3673 3684 4011
f 3663 4045 4044
f 3660 3654 3652
f 3648 3611 4039
f 3643 4039 4040
f 3640 3644 4043
f 3788 4055 3803
f 3801 4056 3808
f 3812 4057 3824
f 3861 4058 3866
f 3871 4059 3953
f 3944 4061 3877
f 3882 4060 3889
f 3628 3625 3626
f 3622 3721 4042
f 3620 3621 4032
f 3618 3619 4032
f 3616 4037 3604
f 3580 4035 4034
f 4035 4039 3611
f 3607 4038 3602
f 3596 4033 4036
f 4033 4035 3593
f 4032 4042 4030
f 4029 4048 4028
f 4027 4049 4026
f 4014 4026 4025
f 4024 4051 4023
f 4022 4023 4020
f 4019 4052 4018
f 4017 4054 4016
f 3712 4029 4015
f 3710 4027 4014
f 3709 4014 4012
f 4011 4019 4010
f 3670 4017 4009
f 3763 4063 3764
f 3779 3765 3764
f 4064 4065 743
f 743 3941 4064
f 4065 751 743
f 3941 742 4064
f 4066 3935 784
f 4066 766 3935
f 784 4067 4066
f 784 774 4067
f 4068 4069 3932
f 4069 774 3932
f 3932 751 4068
f 4064 742 3940
f 3940 4066 4064
f 3940 766 4066
f 4070 4068 751
f 3942 4065 4071
f 4065 4072 4071
f 4065 3942 751
f 4074 4073 751
f 4075 4074 3942
f 3942 4071 4076
f 4076 4075 3942
f 4073 4077 4070
f 4070 751 4073
f 4070 4077 4068
f 4076 4071 4072
f 751 3942 4074
f 4076 4065 4075
f 4078 4075 4065
f 4072 4065 4076
f 4073 4068 4077
f 4068 4073 4078
f 4079 4067 774
f 4080 4067 4081
f 4082 4080 774
f 774 4079 4081
f 4081 4082 774
f 774 4080 4081
f 4079 4081 4067
f 4081 4079 4069
f 774 4069 4079
f 4078 4080 4069
f 4069 4068 4078
f 4081 4069 4082
f 4080 4082 4069
f 760 4066 3933
f 766 3933 4066
f 4083 4066 4084
f 4083 766 760
f 760 4084 4083
f 760 3933 4083
f 760 4084 4066
f 3934 766 4083
f 3933 3934 4083
f 766 4066 760
f 4085 4064 3936
f 742 3936 4064
f 4085 4086 4064
f 4087 4064 4088
f 4064 4086 4088
f 4064 4087 4089
f 4089 4087 3939
f 3938 4090 4091
f 4091 4089 3938
f 4087 4088 4085
f 4085 3936 4087
f 4085 4088 4086
f 4091 4090 4064
f 3939 3938 4089
f 3937 3939 4087
f 3936 3937 4087
f 3938 4064 4090
f 4064 3938 742
f 4083 4089 4064
f 4064 4066 4083
f 4091 4064 4089
f 3668 3673 3670
f 3670 3669 3668
f 3673 3671 3670
f 3673 3672 3671
f 3653 4092 3650
f 3657 3653 4093
f 4094 3660 3657
f 4095 3666 3665
f 4096 4000 3666
f 3660 3753 3654
f 3664 3753 3663
f 3667 4000 3668
f 4092 3650 3649
f 4097 3673 3668
f 3668 4098 4097
f 4098 3668 4000
f 4000 4099 4098
f 4099 4096 3666
f 3666 4100 4099
f 4101 4100 3665
f 4100 4095 3665
f 4102 4101 3663
f 4102 3753 3660
f 3660 4103 4102
f 4103 4094 3657
f 3657 4104 4103
f 4105 4104 3653
f 4104 4093 3653
f 4106 4105 4092
f 4105 3650 4092
f 4092 3649 4106
f 3653 3650 4105
f 3657 4093 4104
f 3660 4094 4103
f 3663 3753 4102
f 3665 3663 4101
f 3666 4095 4100
f 4000 4096 4099
f 3649 3594 3593
f 3593 3648 3649
f 3593 3611 3648
f 3649 3648 4107
f 4108 4106 3649
f 3649 4107 4108
f 3640 3641 4109
f 4110 3645 3640
f 3643 4112 3642
f 3646 4111 3642
f 3644 3640 3645
f 4112 3647 3643
f 3647 4112 3648
f 4111 3646 3645
f 4107 3648 4112
f 4108 4107 4112
f 4112 4113 4108
f 4114 4113 3642
f 4113 3643 3642
f 4114 4111 3645
f 3645 4115 4114
f 4115 4110 3640
f 3640 4116 4115
f 4117 4116 3641
f 4116 4109 3641
f 3641 3783 4117
f 3640 4109 4116
f 3645 4110 4115
f 3642 4111 4114
f 4112 3643 4113
f 3834 3822 3833
f 3834 3824 3822
f 3834 3783 3807
f 3807 3812 3834
f 3812 3824 3834
f 3783 3801 3808
f 3808 3807 3783
f 3783 3785 3788
f 3788 3803 3783
f 3803 3801 3783
f 3783 3834 4118
f 3834 4119 4118
f 3834 4120 4119
f 4118 4117 3783
f 3862 3846 3845
f 3848 4121 3856
f 3837 3839 3838
f 3836 3838 3834
f 4121 3848 3846
f 4120 3834 3838
f 3838 4122 4120
f 4123 4122 3839
f 4122 3838 3839
f 4124 4123 3842
f 4124 3849 3856
f 3856 4125 4124
f 4126 4125 4121
f 4125 3856 4121
f 4127 4126 3846
f 3846 3862 4127
f 4121 3846 4126
f 3842 3849 4124
f 3839 3842 4123
f 3906 3892 3893
f 3906 3889 3892
f 3906 3877 3882
f 3906 3944 3877
f 3906 3862 3951
f 3862 3953 3951
f 3951 3944 3906
f 3882 3889 3906
f 3862 3866 3865
f 3865 3871 3862
f 3871 3953 3862
f 3862 3861 3866
f 3862 4128 4129
f 3906 4130 4128
f 4128 3862 3906
f 4129 4127 3862
f 3638 3637 4132
f 3639 4131 3637
f 3635 3905 4004
f 4130 3906 3907
f 3907 4133 4130
f 4134 4133 3905
f 4133 3907 3905
f 4134 3635 3636
f 3636 4135 4134
f 4135 3636 3638
f 3638 4136 4135
f 4137 4136 3637
f 4136 4132 3637
f 3637 4131 4137
f 3638 4132 4136
f 3905 3635 4134
f 3639 3604 3602
f 3602 3623 3639
f 3639 3612 3604
f 3623 4131 3639
f 4138 4137 4131
f 4131 3623 4138
f 3619 3618 4139
f 4140 3620 3619
f 3621 3622 3620
f 4143 4141 4142
f 4144 3627 4143
f 3629 4141 4143
f 3622 3722 3721
f 3633 3722 3629
f 3630 4143 3627
f 4143 3630 3629
f 4141 3629 3722
f 4138 3623 3628
f 3628 4145 4138
f 4145 3628 3627
f 3627 4146 4145
f 4147 4146 4143
f 4146 4144 4143
f 4148 4147 4141
f 4147 4142 4141
f 4148 3722 3622
f 3622 4149 4148
f 4149 3621 3620
f 3620 4150 4149
f 4151 4150 3619
f 4150 4140 3619
f 4152 4151 3618
f 4151 4139 3618
f 3618 3714 4152
f 3619 4139 4151
f 3620 4140 4150
f 3622 3621 4149
f 4141 3722 4148
f 4143 4142 4147
f 3627 4144 4146
f 3714 3712 3711
f 3711 3708 3714
f 3711 3710 3708
f 3710 3709 3708
f 3714 3713 3712
f 4152 3714 3708
f 3708 4153 4152
f 3708 3707 4154
f 4154 4153 3708
f 3673 3693 3684
f 3682 3684 3693
f 3694 3707 3704
f 3704 3695 3694
f 3700 3704 3707
f 3693 3694 3931
f 3758 3048 3759
f 4155 3761 3762
f 3761 3762 3770
f 3770 3762 4156
f 3762 3761 4156
f 3761 4155 4156
f 4155 3762 4156
f 3762 3759 4156
f 4157 4156 3759
f 4160 3776 3778
f 4160 3778 3779
f 4161 3779 3764
f 4162 3764 4063
f 4162 4063 3763
f 4162 3763 3775
f 4164 3775 3774
f 4165 3774 3771
f 4166 3771 3770
f 3770 4156 4168
f 3770 4168 4167
f 3770 4167 4166
f 3771 4166 4165
f 3774 4165 4164
f 3775 4164 4163
f 3775 4163 4162
f 3764 4162 4161
f 3779 4161 4160
f 3776 4160 4159
f 3776 4159 4158
f 3772 3769 4169
f 3769 3768 4170
f 3768 3776 4158
f 4158 4170 3768
f 4170 4169 3769
f 3521 3772 3767
f 3767 3772 4169
f 4169 4171 3767
f 3767 3495 3840
f 3767 3784 3781
f 3767 3840 3806
f 3806 3796 3767
f 3796 3799 3767
f 3799 3786 3767
f 3786 3784 3767
f 3840 3809 3813
f 3840 3821 3828
f 3828 3809 3840
f 3840 3832 3821
f 3835 3832 3840
f 3813 3806 3840
f 3495 3767 4171
f 4171 4172 3495
f 3497 3859 3496
f 4173 3858 3851
f 3858 4173 3853
f 3840 3495 3494
f 3497 3496 4174
f 3496 3853 4175
f 3853 4173 4176
f 4173 3851 4177
f 3851 3494 4178
f 3494 3495 4172
f 4172 4178 3494
f 4178 4177 3851
f 4177 4176 4173
f 4176 4175 3853
f 4175 4174 3496
f 4174 4179 3497
f 3859 3863 3860
f 3859 3864 3863
f 3859 3954 3874
f 3874 3864 3859
f 3859 3908 3948
f 3908 3945 3948
f 3948 3954 3859
f 3908 3881 3886
f 3908 3890 3881
f 3908 3891 3890
f 3886 3945 3908
f 3860 3854 3859
f 3908 3895 3891
f 3904 3895 3908
f 3908 3859 3497
f 3497 4179 4180
f 4180 3908 3497
f 3914 3908 4180
f 4180 4181 3914
f 3914 3533 3908
f 3919 3913 4182
f 3913 3914 4181
f 4181 4182 3913
f 4183 3716 3927
f 4184 3910 3921
f 4186 3921 3920
f 4187 3920 3930
f 4189 3930 3923
f 4191 3923 3715
f 4192 3715 3716
f 4193 3716 4183
f 4193 4183 3927
f 4194 3927 3928
f 4195 3928 3919
f 3919 4182 4195
f 3928 4195 4194
f 3927 4194 4193
f 3716 4193 4192
f 3715 4192 4191
f 3923 4191 4190
f 3923 4190 4189
f 3930 4189 4188
f 3930 4188 4187
f 3920 4187 4186
f 3921 4186 4185
f 3921 4185 4184
f 3911 3924 3917
f 3917 3916 3910
f 3917 3910 3911
f 3911 3910 4184
f 3910 3916 4184
f 3916 3917 4184
f 3917 3910 4184
f 4184 4196 3911
f 4196 4197 3911
f 3060 3918 3911
f 3060 3911 4197
f 4197 4198 3060
f 3918 3037 3719
f 3719 3718 3918
f 3718 3717 3918
f 3037 3918 3060
f 4198 4199 3037
f 3037 3060 4198
f 3724 3730 3035
f 4200 3724 3720
f 3720 3723 4201
f 3723 3727 4202
f 3727 3726 4203
f 3726 4204 4203
f 3725 4204 3726
f 4205 3729 3728
f 3728 4206 4205
f 4206 3728 3730
f 3730 4207 4206
f 4207 3035 3724
f 3724 4208 4207
f 4208 4200 3720
f 3720 4209 4208
f 4210 4209 3723
f 4209 4201 3723
f 4211 4210 3727
f 4210 4202 3727
f 4212 4211 4204
f 4211 4203 4204
f 4199 4212 3725
f 3725 3037 4199
f 4204 3725 4212
f 3727 4203 4211
f 3723 4202 4210
f 3720 4201 4209
f 3724 4200 4208
f 3730 3035 4207
f 3729 3732 3731
f 3729 3733 3732
f 3729 3734 3733
f 3729 3735 3734
f 3729 3736 3735
f 3729 3737 3736
f 3729 3745 3738
f 3738 3737 3729
f 3745 3739 3738
f 3745 3740 3739
f 3745 3741 3740
f 3745 3742 3741
f 3745 3743 3742
f 3745 3744 3743
f 3731 4003 3729
f 3759 3048 4213
f 4213 4157 3759
f 3000 3048 3758
f 3758 3757 3756
f 3756 3000 3758
f 3758 3760 3757
f 4213 3048 3000
f 3000 4214 4213
f 4205 4215 3745
f 3745 3729 4205
f 4214 3000 3755
f 3755 4216 4214
f 4216 3755 4217
f 4217 4218 4216
f 4218 3752 3749
f 3749 4219 4218
f 4219 4220 3748
f 3748 4221 4219
f 4222 4221 3751
f 4221 4223 3751
f 4224 4222 3750
f 4222 4225 3750
f 4226 4224 3747
f 4215 4226 3746
f 3746 3745 4215
f 3747 3746 4226
f 3750 3747 4224
f 3751 4225 4222
f 3748 4223 4221
f 3749 4220 4219
f 4217 3752 4218
f 3749 3754 3752
f 3032 3747 3750
f 3754 4217 3755
f 4220 3749 3748
f 4223 3748 3751
f 3751 3750 4225
f 3752 4217 3754
f 3693 4227 4228
f 3693 3673 4229
f 4229 4227 3693
f 3673 4230 4229
f 3673 4231 4230
f 3673 4097 4231
f 3707 4232 4233
f 3694 4234 4232
f 4232 3707 3694
f 4235 4236 3694
f 4236 4234 3694
f 4233 4154 3707
f 4237 3780 3773
f 3782 3763 3774
f 3915 3916 3922
f 4238 3928 3716
f 4239 3929 3930
f 3929 4239 3715
f 3909 3915 3921
f 3819 3820 3816
f 3810 4240 3818
f 3814 4241 4242
f 4242 3820 3814
f 3817 4241 3814
f 3811 4240 3810
f 3815 3816 3811
f 4240 3811 3818
f 4243 3816 3820
f 3943 4245 3946
f 3956 3957 4246
f 3957 3947 4246
f 4246 3955 3956
f 3949 4245 3943
f 3955 4244 3952
f 4245 3949 3946
f 3966 3969 4247
f 3968 3965 4248
f 3969 3967 4247
f 3967 4250 4247
f 4248 3967 3968
f 4248 4251 4249
f 3968 4248 4249
f 3967 4249 4250
f 3967 3968 4249
f 3975 3979 4252
f 4253 3977 3976
f 4254 3979 3978
f 4254 4252 3979
f 3978 3977 3696
f 4253 4255 3696
f 3977 4253 3696
f 3978 3696 4254
f 3984 3987 4256
f 4257 3988 3983
f 3991 4258 4256
f 4256 3987 3991
f 4257 3991 3988
f 4258 3991 4257
f 4259 4258 4257
f 4258 4259 3683
f 3991 4258 3683
f 3998 3999 4260
f 4002 3997 4261
f 3999 4001 4263
f 4263 4260 3999
f 4002 4262 4001
f 4261 4264 4262
f 4002 4261 4262
f 4001 4262 4263
f 3922 3926 4265
f 3926 3925 4265
f 3925 3912 4266
f 3912 3919 4267
f 3919 3928 4268
f 3928 4238 4270
f 4238 3716 4270
f 3716 3715 4272
f 3715 4239 4273
f 4239 3930 4274
f 3930 3920 4275
f 3920 3921 4276
f 3921 3915 4277
f 3915 3922 4265
f 4265 4278 3915
f 4278 4277 3915
f 4277 4276 3921
f 4276 4275 3920
f 4275 4274 3930
f 4274 4273 4239
f 4273 4272 3715
f 4272 4271 3716
f 4271 4270 3716
f 4270 4269 3928
f 4269 4268 3928
f 4268 4267 3919
f 4267 4266 3912
f 4266 4265 3925
f 4279 4265 4266
f 4267 4279 4266
f 3765 3779 4280
f 3779 3776 4281
f 3776 3768 4283
f 3768 3780 4284
f 3780 4237 4285
f 4237 3773 4285
f 3773 3766 4286
f 3766 3770 4288
f 3770 3771 4289
f 3771 3774 4290
f 3774 3763 4291
f 3763 3765 4280
f 4280 4292 3763
f 4292 4291 3763
f 4291 4290 3774
f 4290 4289 3771
f 4289 4288 3770
f 4288 4287 3766
f 4287 4286 3766
f 4286 4285 3773
f 4285 4284 3780
f 4284 4283 3768
f 4283 4282 3776
f 4282 4281 3776
f 4281 4280 3779
f 4280 4281 4293
f 4283 4284 4294
f 4287 4288 4289
f 4291 4295 4290
f 4285 4294 4284
f 4282 4293 4281
f 4298 4299 3701
f 4299 3696 3701
f 3698 4296 3699
f 3697 3699 4296
f 3701 3703 4298
f 3703 3702 4298
f 3702 3706 3705
f 3705 3697 4297
f 4300 3702 3705
f 4299 4298 3696
f 4302 3591 3587
f 3591 4303 3585
f 4304 3589 3588
f 3589 4305 3592
f 4305 4301 3592
f 3590 3592 4301
f 3588 3586 4304
f 3586 3585 4304
f 3585 3587 3591
f 3587 3590 4302
f 4307 3687 3686
f 3687 4308 3685
f 4309 3683 3689
f 3683 4310 3676
f 4310 4306 3676
f 3675 3676 4306
f 3689 3688 4309
f 3688 3685 4309
f 3685 3686 3687
f 3686 3675 4307
f 4313 4314 3677
f 4314 3678 3677
f 3692 4311 3691
f 3690 3691 4311
f 3677 3679 4313
f 3679 3674 4313
f 3674 3681 3680
f 3680 3690 4312
f 4315 3674 3680
f 4314 4313 3678
f 4294 4285 4316
f 4283 4316 4293
f 4280 4293 4318
f 4316 4283 4294
f 4317 4285 4286
f 4289 4319 4317
f 4295 4291 4318
f 4291 4292 4318
f 4289 4290 4295
f 4317 4316 4285
f 4293 4282 4283
f 4286 4287 4317
f 4317 4287 4289
f 4318 4292 4280
f 4295 4319 4289
f 4295 4318 4320
f 4295 4320 4321
f 4321 4319 4295
f 4321 4317 4319
f 4317 4321 4322
f 4323 4316 4317
f 4317 4322 4323
f 4316 4323 4324
f 4293 4316 4325
f 4293 4326 4327
f 4327 4318 4293
f 4327 4320 4318
f 4325 4326 4293
f 4324 4325 4316
f 4322 4328 4324
f 4322 4324 4323
f 4320 4327 4326
f 4329 4320 4326
f 4271 4272 4330
f 4267 4268 4331
f 4277 4332 4333
f 4268 4269 4270
f 4330 4270 4271
f 4278 4332 4277
f 4275 4276 4333
f 4265 4279 4331
f 4270 4331 4268
f 4274 4273 4330
f 4274 4333 4273
f 4333 4276 4277
f 4331 4279 4267
f 4333 4274 4275
f 4330 4272 4273
f 3559 4332 4278
f 3558 4333 4332
f 4333 3558 3557
f 3557 4273 4333
f 4330 4273 3557
f 4334 4270 4330
f 4330 3557 4334
f 4270 4334 3555
f 4331 4270 3555
f 4265 4331 3561
f 4331 3562 3561
f 4265 3561 4335
f 4335 4278 4265
f 4335 3559 4278
f 3555 3562 4331
f 3559 3558 4332
f 3557 3556 3555
f 3557 3555 4334
f 3559 4335 3561
f 3560 3559 3561
f 699 4064 4089
f 697 698 738
f 4064 699 696
f 698 4089 738
f 4089 740 738
f 4089 698 699
f 739 740 4089
f 734 4065 697
f 697 741 734
f 739 4089 4078
f 4078 736 735
f 4065 696 697
f 735 739 4078
f 4078 4065 735
f 734 735 4065
f 697 738 741
f 696 4065 4064
f 4336 3694 4228
f 4228 4337 4336
f 3694 3693 4228
f 4336 4235 3694
f 4228 4338 4337
f 4337 4338 4339
f 4339 4340 4337
f 4340 4342 4337
f 4235 4337 4342
f 4235 4336 4337
f 4228 4347 4348
f 4347 4228 4346
f 4341 4228 4349
f 4344 4341 4349
f 4348 4349 4228
f 4350 4351 4346
f 4350 4346 4352
f 4346 4351 4353
f 4353 4347 4346
f 4355 4354 4350
f 4351 4350 4354
f 4347 4349 4348
f 4349 4347 4356
f 4353 4356 4347
f 4357 4353 4354
f 4351 4354 4353
f 4359 4360 4357
f 4357 4354 4359
f 4360 4353 4357
f 4349 4356 4353
f 4349 4315 4361
f 4360 4315 4353
f 4353 4315 4349
f 4361 4358 4349
f 4362 4358 4315
f 4358 4361 4315
f 4363 4362 4315
f 4315 4364 4363
f 4363 4358 4362
f 4354 4365 4359
f 4366 4365 4354
f 4315 4360 4367
f 4367 4364 4315
f 4359 4367 4360
f 4364 4367 4359
f 4359 4365 4364
f 4363 4370 4362
f 4370 4363 4369
f 4362 4371 4363
f 4368 4363 4371
f 4369 4372 4373
f 4373 4370 4369
f 4312 4370 4373
f 4370 4371 4362
f 4371 4370 4312
f 3692 4047 4311
f 4312 4373 3680
f 4374 3678 4313
f 4374 3692 3678
f 4371 3690 4311
f 4315 3680 4373
f 4373 4313 3674
f 4312 3690 4371
f 4311 4047 4371
f 4313 4373 4374
f 3674 4315 4373
f 4372 4375 4373
f 4375 4374 4373
f 4376 3692 4374
f 4374 4375 4376
f 3692 4376 4377
f 4377 4047 3692
f 4377 4338 4363
f 4338 4341 4344
f 4338 4228 4341
f 4363 4368 4377
f 4377 4378 4338
f 4344 4363 4338
f 4377 4368 4371
f 4344 4349 4358
f 4379 4378 4377
f 4358 4363 4344
f 4371 4047 4377
f 3692 4380 4377
f 4381 4379 4377
f 4380 4381 4377
f 3692 4047 4381
f 4381 4380 3692
f 4376 4386 4387
f 4387 3692 4376
f 3678 3692 4387
f 4391 4392 3990
f 4392 3989 3990
f 4392 3985 3989
f 4393 3986 3982
f 3678 3990 3986
f 4391 3990 3678
f 4394 4391 3678
f 4393 4380 3678
f 3986 4393 3678
f 4390 4389 4386
f 4389 4388 4386
f 4388 4387 4386
f 4385 4382 4397
f 4397 4398 4385
f 4385 4398 4399
f 4383 4385 4399
f 4399 4400 4383
f 4379 4400 4401
f 4379 4021 4400
f 4401 4378 4379
f 4021 4383 4400
f 4382 4384 4397
f 4378 4401 4402
f 4402 4403 4378
f 4401 4400 4402
f 4400 4399 4404
f 4405 4404 4399
f 4399 4398 4405
f 4398 4397 4405
f 4404 4402 4400
f 4406 4075 4078
f 4089 4087 4406
f 4078 4089 4406
f 4403 4083 4080
f 4082 4080 4078
f 4078 4073 4082
f 4407 4406 4087
f 4083 4403 4402
f 4406 4340 4075
f 4080 4339 4403
f 4083 4402 4404
f 4408 4087 4089
f 4404 4405 4083
f 4089 4083 4405
f 4082 4073 4339
f 4340 4074 4075
f 4080 4082 4339
f 4089 4405 4409
f 4340 4073 4074
f 4408 4407 4087
f 4073 4340 4339
f 4089 4409 4408
f 4397 4410 4409
f 4409 4405 4397
f 4413 4414 4411
f 4416 4024 4414
f 4414 4413 4416
f 4416 4417 4024
f 4416 4418 4419
f 4418 4420 4419
f 4421 4419 4420
f 4410 4396 4421
f 4421 4420 4410
f 4419 4417 4416
f 4411 4415 4413
f 4412 4415 4411
f 4397 4384 4396
f 4396 4410 4397
f 4408 4409 4420
f 4409 4410 4420
f 4408 4420 4418
f 4408 4418 4416
f 4416 4407 4408
f 4407 4416 4413
f 4413 4415 4407
f 4415 4412 4406
f 4406 4407 4415
f 4024 4411 4414
f 4424 4422 4423
f 3589 4425 4423
f 4411 3960 3961
f 4426 3962 3959
f 4411 3961 3963
f 4427 3963 4426
f 4429 4427 4426
f 4428 4429 4426
f 3962 4426 3963
f 4411 3963 4427
f 4429 4428 3589
f 4427 4429 3589
f 3963 3589 4427
f 4424 4423 4425
f 4425 4430 4424
f 4424 4430 4433
f 4430 4425 4431
f 4434 4431 4432
f 4430 4434 4436
f 4430 4431 4434
f 4434 4435 4436
f 4437 4436 4435
f 4435 4438 4439
f 4439 4437 4435
f 4440 4438 4441
f 4440 4439 4438
f 4443 4442 4441
f 4440 4441 4444
f 4441 4442 4444
f 4444 4445 3707
f 3707 4154 4444
f 4448 4446 4447
f 4450 4395 4386
f 4395 4390 4386
f 4450 4449 4395
f 4450 4451 4449
f 4449 4451 4452
f 4452 4453 4449
f 4455 4453 4454
f 4452 4454 4453
f 4457 4455 4454
f 4457 4456 4455
f 4154 4448 4461
f 4154 4446 4448
f 4448 4460 4461
f 4462 4461 4460
f 4460 4463 4464
f 4464 4462 4460
f 4465 4463 4466
f 4465 4464 4463
f 4468 4467 4466
f 4465 4466 4469
f 4466 4467 4469
f 4471 4472 4473
f 4471 4473 3673
f 4097 4471 4459
f 4459 4457 4097
f 4477 4475 4097
f 4475 4474 4097
f 4477 4476 4475
f 4477 4478 4476
f 4476 4478 4479
f 4479 4480 4476
f 4482 4483 4484
f 4484 4481 4482
f 4479 4482 4481
f 4481 4480 4479
f 4486 4484 4483
f 4486 4485 4484
f 4457 4458 4456
f 4459 4458 4457
f 4097 4457 4490
f 4474 4473 4097
f 4473 4472 4097
f 4472 4471 4097
f 4486 4483 4482
f 4486 4487 4485
f 4488 4487 4486
f 4492 4493 4488
f 4488 4486 4492
f 3671 4495 4493
f 4488 4493 4495
f 4493 4497 4498
f 4493 4496 4497
f 4497 4500 4496
f 4500 4497 4499
f 4495 3995 3994
f 4501 3992 3995
f 4502 3994 3993
f 4501 3995 3671
f 4504 4502 3993
f 4505 4501 3671
f 4502 4503 4495
f 3994 4502 4495
f 3995 4495 3671
f 4499 4497 4494
f 4497 4496 4494
f 4496 4493 4492
f 4492 4494 4496
f 4508 4506 4494
f 4506 4499 4494
f 4508 4507 4506
f 4508 4509 4507
f 4507 4509 4510
f 4510 4511 4507
f 4510 4512 4511
f 4514 4512 4513
f 4510 4513 4512
f 4516 4514 4513
f 4516 4515 4514
f 4521 4519 4518
f 4518 4516 4521
f 4523 4520 4522
f 4520 4523 4524
f 4523 4526 4525
f 4525 4524 4523
f 4525 4527 4528
f 4527 4525 4526
f 4529 4526 4530
f 4526 4523 4530
f 4529 4527 4526
f 4529 4531 4527
f 2985 4527 4531
f 4531 4532 2985
f 4532 4533 3015
f 4533 4534 4535
f 4534 3013 4535
f 4534 4536 4537
f 4536 3011 4537
f 4536 4538 4539
f 4538 3009 4539
f 4540 3007 4541
f 4541 4538 4540
f 4542 3005 3749
f 3749 4540 4542
f 4543 3003 3005
f 3005 4542 4543
f 4544 4545 3003
f 3003 4543 4544
f 3749 3007 4540
f 4541 3009 4538
f 4539 3011 4536
f 4537 3013 4534
f 4535 3015 4533
f 3015 2985 4532
f 3748 4541 3007
f 3007 3749 3748
f 3748 3751 3009
f 3751 4539 3009
f 3751 4537 3011
f 4537 4535 3013
f 3011 4539 3751
f 3009 4541 3748
f 3003 4545 4546
f 4546 3000 3003
f 4545 3000 4546
f 3000 4545 4547
f 4544 4548 4545
f 4550 4545 4548
f 4550 4549 4545
f 4513 4552 4516
f 4516 4517 4515
f 4518 4517 4516
f 4523 4522 4530
f 4522 4520 4530
f 4521 4530 4520
f 4520 4519 4521
f 4549 4550 4553
f 4553 4551 4549
f 4554 4555 4551
f 4551 4553 4554
f 4554 4553 4550
f 3662 4556 4555
f 4551 4555 4556
f 4551 4556 3659
f 3651 3656 3658
f 4557 3655 3651
f 3658 4557 3651
f 3659 3662 3661
f 4558 3655 4557
f 3659 4556 3662
f 4554 4559 4555
f 4562 4560 4559
f 4560 4555 4559
f 4562 4563 4560
f 4564 4560 4563
f 4563 4565 4564
f 4564 4561 4560
f 4564 4566 4561
f 4568 4564 4565
f 4568 4567 4564
f 4569 4570 4567
f 4567 4568 4569
f 4567 4570 3601
f 3595 3599 3601
f 3597 3595 4572
f 3597 4573 4574
f 3597 4574 3596
f 3600 3598 3601
f 4572 4573 3597
f 4573 4575 4574
f 4576 4577 4578
f 4578 4579 4576
f 4580 4576 4569
f 4576 4570 4569
f 4577 4576 4580
f 4580 4581 4577
f 4577 4581 4582
f 4582 4583 4577
f 4583 4578 4577
f 4583 4584 4578
f 4586 4583 4582
f 4586 4585 4583
f 4588 4587 4585
f 4585 4586 4588
f 4590 4589 4591
f 4589 4587 4591
f 4593 4589 4590
f 4590 4594 4593
f 4592 4589 4593
f 4593 3048 4592
f 4595 4596 3053
f 4596 4597 3059
f 4594 4595 3056
f 3056 4593 4594
f 3059 3053 4596
f 3053 3056 4595
f 3056 3048 4593
f 3059 4597 4598
f 3058 3059 4598
f 3058 4598 4599
f 4600 3058 4599
f 4601 4600 4599
f 4601 4599 4602
f 4602 4600 4601
f 4600 4602 3058
f 4603 3056 3053
f 3053 4604 4603
f 4213 3048 3056
f 3056 4603 4213
f 4604 3053 3058
f 3058 4602 4604
f 4213 4214 4547
f 4547 3048 4213
f 4547 3000 3048
f 4214 4605 3003
f 4605 4218 3005
f 4218 4217 3005
f 4219 3007 3749
f 4219 4606 4541
f 4606 3751 4541
f 4607 3011 3751
f 3751 4606 4607
f 4224 3032 3011
f 3011 4607 4224
f 4535 4224 4533
f 4608 2985 3015
f 3015 4533 4608
f 4535 3032 4224
f 4541 3007 4219
f 3749 4217 4218
f 3005 3003 4605
f 3003 4547 4214
f 3749 3005 4217
f 4541 3749 3007
f 3032 4535 3011
f 3003 3000 4547
f 4608 4609 2982
f 2982 2985 4608
f 4609 4610 3030
f 4610 4207 4611
f 4207 3035 4611
f 4207 4612 3026
f 4612 4613 3720
f 4613 3024 3720
f 4614 3022 4615
f 4615 4613 4614
f 4211 3020 3727
f 3727 4614 4211
f 4616 3018 3020
f 3020 4211 4616
f 4199 4617 3018
f 3018 4616 4199
f 3727 3022 4614
f 4615 3024 4613
f 3720 3026 4612
f 3026 3035 4207
f 4611 3030 4610
f 3030 2982 4609
f 3026 4611 3035
f 3024 4615 3720
f 3022 3727 4615
f 3018 4617 3037
f 4198 3060 4617
f 4617 4199 4198
f 3037 4617 3060
f 4197 4618 3064
f 4618 4619 3065
f 4198 4197 3063
f 3063 3060 4198
f 3065 3064 4618
f 3064 3063 4197
f 4619 4620 3065
f 3065 4619 4621
f 4622 4621 4619
f 4622 4619 4623
f 4623 4621 4622
f 4623 3065 4621
f 3065 4623 4624
f 4625 3062 3064
f 3064 4626 4625
f 4627 3061 3062
f 3062 4625 4627
f 4626 3064 3065
f 3065 4624 4626
f 3061 4627 4628
f 4628 4629 3061
f 4631 4629 4628
f 4631 4630 4629
f 4631 4633 4630
f 4633 4632 4630
f 4632 4633 4631
f 4631 4634 4632
f 4635 4636 4630
f 4630 4632 4635
f 3614 4630 4636
f 3613 4638 4639
f 4639 3616 3613
f 3617 3616 4640
f 4643 3613 3614
f 4639 4642 4640
f 3613 4643 4638
f 3616 4639 4640
f 4636 4637 4644
f 4635 4637 4636
f 4646 4645 4637
f 4645 4636 4637
f 4647 4645 4646
f 4646 4648 4647
f 4649 4650 4647
f 4648 4649 4647
f 4653 4652 4637
f 4637 4635 4653
f 4654 4650 4649
f 4654 4651 4650
f 4654 4655 4651
f 4656 4657 4651
f 4651 4655 4656
f 4651 4657 4659
f 3603 4659 3605
f 3608 3607 3610
f 3603 3606 4659
f 4661 3610 3607
f 4660 3610 4661
f 4656 4658 4657
f 4663 4662 4658
f 4662 4657 4658
f 4662 4663 4664
f 4664 4665 4662
f 4664 4666 4665
f 4669 4668 4658
f 4658 4656 4669
f 4670 4665 4666
f 4670 4667 4665
f 4667 4670 4671
f 4671 4672 4667
f 4138 4673 4667
f 4667 4672 4138
f 4672 4674 4138
f 4676 4672 4671
f 4671 4670 4676
f 4673 3625 4677
f 4667 4673 3634
f 4677 3634 4673
f 3634 3625 3624
f 3626 3631 3632
f 4679 3631 4681
f 4680 4681 3626
f 4681 4680 4679
f 3631 3626 4681
f 3634 4677 3625
f 4138 4675 4678
f 4678 4673 4138
f 4675 4682 4678
f 4684 4683 4682
f 4683 4678 4682
f 4684 4685 4683
f 4685 4686 4687
f 4686 4688 3020
f 4688 4689 4690
f 4689 3022 4690
f 4689 4613 3022
f 4613 3024 3022
f 4692 4613 4691
f 4693 3028 4694
f 4694 4691 4693
f 4610 3030 3028
f 3028 4693 4610
f 4695 2982 3030
f 3030 4610 4695
f 4694 4692 4691
f 4692 3024 4613
f 4690 3020 4688
f 3020 4687 4686
f 4687 4683 4685
f 4696 3727 4690
f 4687 3017 4683
f 4692 4694 3720
f 3720 4696 3024
f 4696 3022 3024
f 4696 4690 3022
f 3024 4692 3720
f 3020 4690 3727
f 2982 4695 4697
f 4697 4698 2982
f 4700 4698 4699
f 4697 4699 4698
f 4701 4702 4700
f 4703 4700 4699
f 4703 4701 4700
f 4706 4705 4704
f 4704 4703 4706
f 4709 4708 4707
f 4711 4709 4706
f 4709 4707 4706
f 4711 4710 4709
f 4711 4712 4710
f 4712 4713 4710
f 4714 4710 4713
f 4713 4715 4714
f 4717 4714 4716
f 4715 4716 4714
f 4717 4718 4719
f 2985 4480 4507
f 2985 4476 4480
f 4527 2985 4511
f 4476 2982 4453
f 4507 4511 2985
f 3751 3748 4541
f 4421 2982 4435
f 4438 2982 4460
f 4520 4518 4519
f 4520 4515 4517
f 4448 3707 4445
f 2985 4527 3015
f 2982 4449 4453
f 4517 4518 4520
f 4537 3011 4535
f 3749 4541 3748
f 4507 4480 4481
f 2982 4438 4435
f 2982 4463 4460
f 4705 4707 4708
f 4520 4514 4515
f 4448 4445 4442
f 4514 4520 4524
f 4700 4704 4705
f 3707 4448 4447
f 4476 2985 2982
f 4705 4709 4700
f 4455 4473 4474
f 4455 4459 4471
f 4448 4442 4443
f 4447 4446 3707
f 3652 3000 4547
f 4481 3993 4507
f 3727 4696 4615
f 4698 4710 2982
f 4471 3673 4455
f 4421 4396 2982
f 4435 4024 4417
f 4704 4700 4702
f 3020 3018 4687
f 4694 3026 3720
f 3028 4611 3026
f 3673 4473 4455
f 4458 4459 4455
f 4458 4455 4456
f 4435 4417 4419
f 4024 4435 3958
f 4449 2982 4384
f 4702 4701 4704
f 4683 4687 3018
f 4615 4696 3720
f 3026 4694 3028
f 4419 4421 4435
f 2982 4396 4384
f 4524 4525 4514
f 4525 4512 4514
f 4611 3028 3030
f 4443 4441 4448
f 4441 4460 4448
f 4463 2982 4714
f 4512 4525 4528
f 4645 3060 4629
f 4460 4441 4438
f 2982 4710 4714
f 4512 4528 4527
f 4527 4511 4512
f 4708 4709 4705
f 4709 4698 4700
f 4683 3018 4679
f 4698 4709 4710
f 4662 3060 4647
f 3062 3061 3060
f 4474 4475 4455
f 4475 4453 4455
f 4714 3970 4463
f 4645 4647 3060
f 3061 4629 3060
f 4453 4475 4476
f 4384 4382 4395
f 3060 3063 3062
f 4683 4679 4680
f 4647 4650 4662
f 4384 4395 4449
f 4382 3980 4395
f 4665 3631 4679
f 4629 4641 4645
f 4650 3610 4660
f 4679 3018 3037
f 3037 4662 4665
f 4650 4660 4662
f 3059 3058 3053
f 4566 4579 4578
f 4579 4566 4573
f 4662 3037 3060
f 4379 4381 4393
f 3000 4561 4566
f 4566 4578 3000
f 3000 4558 4557
f 3652 4547 4545
f 3982 4385 4383
f 3982 4382 4385
f 4047 3692 4393
f 4393 4381 4047
f 4557 4561 3000
f 4382 3982 3980
f 4645 4641 4640
f 3982 4021 4379
f 4592 3000 4584
f 4496 4500 4499
f 3992 4506 4507
f 4683 4680 3626
f 4679 3037 4665
f 4383 4021 3982
f 4592 3048 3000
f 4578 4584 3000
f 4640 4641 4629
f 4379 4393 3982
f 4389 4387 4388
f 4592 3056 3048
f 4584 3573 4592
f 4564 4567 3596
f 4493 4496 4499
f 4493 4499 4501
f 4507 3993 3992
f 4660 4661 4662
f 3993 4481 4484
f 4488 4485 4487
f 4589 4592 3573
f 3596 4566 4564
f 4501 4499 4506
f 4392 4389 4390
f 4387 4389 4392
f 4506 3992 4501
f 4661 3607 4662
f 4504 4485 4488
f 4572 3595 4576
f 3000 3655 4558
f 4566 4574 4575
f 3596 4574 4566
f 3607 3605 4657
f 4572 4576 4579
f 4557 3658 4561
f 3000 3652 3655
f 4484 4485 4504
f 4488 4503 4502
f 4575 4573 4566
f 4501 4505 4493
f 4549 4551 3652
f 4570 3595 3601
f 3595 4570 4576
f 3598 3596 4567
f 3692 4380 4393
f 4502 4504 4488
f 4673 4678 3625
f 3658 3662 4555
f 4395 3980 3985
f 4579 4573 4572
f 4484 4504 3993
f 4650 3609 3610
f 4639 4638 4636
f 3607 4657 4662
f 4392 4391 4387
f 3985 4392 4395
f 4545 4549 3652
f 4678 3626 3625
f 4560 4561 3658
f 4392 4390 4395
f 4551 3659 3652
f 4650 4651 3609
f 3658 4555 4560
f 4665 4667 3631
f 4391 4394 4387
f 4651 4659 3606
f 3626 4678 4683
f 4667 3634 3631
f 4651 3606 3609
f 4639 4636 4645
f 3617 4629 4630
f 4638 4643 4636
f 4645 4640 4642
f 3615 3617 4630
f 4630 3614 3615
f 4642 4639 4645
f 4629 3617 4640
f 4643 3614 4636
f 3605 4659 4657
f 3692 3678 4380
f 4488 4495 4503
f 4567 3601 3598
f 3970 4714 4717
f 4394 3678 4387
f 4505 3671 4493
f 4718 4721 4720
f 4717 4719 4720
f 4720 4719 4718
f 4425 4434 4432
f 4463 3970 3971
f 4432 4431 4425
f 4722 4470 4467
f 3573 3574 4589
f 4721 4723 4720
f 4426 4435 4434
f 3579 4584 4583
f 3579 4583 4585
f 4722 4467 4468
f 3960 4411 4024
f 4024 3958 3960
f 4717 4720 3970
f 4426 3959 4435
f 4423 4422 4411
f 4435 3959 3958
f 4585 3578 3579
f 4468 4466 4722
f 4722 4466 4463
f 3971 4722 4463
f 4585 3576 3578
f 4423 4427 3589
f 3576 4585 4587
f 4587 3575 3576
f 4722 4724 4470
f 4411 4427 4423
f 4584 3579 3582
f 4587 4589 3574
f 4425 4428 4426
f 4725 4726 4721
f 3574 3575 4587
f 4726 4723 4721
f 3589 4428 4425
f 4426 4434 4425
f 3582 3573 4584
f 4724 4725 4470
f 4727 4717 4716
f 4727 4718 4717
f 4720 4723 3970
f 4723 4726 4725
f 3973 4724 4722
f 3972 4723 4725
f 4722 3971 3973
f 4720 3972 3970
f 3973 3972 4724
f 3972 4725 4724
f 4720 4723 3972
f 4721 4470 4725
f 4469 4470 4721
f 4721 4727 4469
f 4235 4729 4728
f 4730 4235 4728
f 4731 4343 4345
f 4731 4235 4343
f 4235 4731 4732
f 4235 4732 4733
f 4733 4729 4235
f 4732 4731 4733
f 4729 4733 4735
f 4735 4736 4729
f 4733 4731 4734
f 4734 4302 4733
f 4302 4735 4733
f 4734 4737 4302
f 4738 4739 4302
f 4302 4737 4738
f 4737 4734 4738
f 4729 4740 4741
f 4736 4740 4729
f 4302 4739 4742
f 4735 4742 4736
f 4735 4302 4742
f 4740 4736 4739
f 4736 4742 4739
f 4412 4424 4743
f 4738 4345 4412
f 4743 4738 4412
f 4738 4734 4731
f 4342 4412 4343
f 4411 4422 4424
f 4424 4423 4303
f 4412 4345 4343
f 4424 4412 4411
f 4303 4743 4424
f 4731 4345 4738
f 4343 4235 4342
f 4303 4738 4743
f 4738 4303 4737
f 4737 4303 3591
f 4737 3591 4302
f 4301 4744 4745
f 4303 4304 3585
f 4745 3590 4301
f 4302 4745 4737
f 4304 4303 4423
f 4423 4744 3589
f 4744 4305 3589
f 4744 4301 4305
f 4302 3590 4745
f 4423 3589 4304
f 4738 4737 4745
f 4745 4746 4738
f 4424 4433 4744
f 4744 4423 4424
f 4746 4747 4738
f 4738 4747 4748
f 4745 4747 4746
f 4744 4749 4747
f 4433 4749 4744
f 4747 4745 4744
f 4154 3707 4446
f 4442 4445 4444
f 4750 4440 4444
f 4444 4751 4750
f 4750 4751 4753
f 4444 4752 4751
f 4754 4751 4752
f 4750 4755 4440
f 4756 4440 4755
f 4756 4755 4757
f 4757 4758 4756
f 4439 4756 4758
f 4436 4437 4758
f 4758 4437 4439
f 4440 4756 4439
f 4750 4759 4757
f 4757 4755 4750
f 4760 4761 4754
f 4754 4752 4760
f 4757 4436 4758
f 4757 4759 4436
f 4759 4762 4430
f 4430 4436 4759
f 4253 4751 4754
f 4253 3976 4750
f 4253 4753 4751
f 4750 4753 4253
f 4754 4255 4253
f 4761 4762 4252
f 4761 4254 3696
f 4252 4763 4759
f 3696 4754 4761
f 4761 4252 4254
f 4762 4763 4252
f 3976 3974 4750
f 3974 3975 4759
f 3696 4255 4754
f 3975 4252 4759
f 4759 4750 3974
f 4763 4762 4759
f 4760 4430 4762
f 4762 4761 4760
f 4760 4752 4764
f 4467 4470 4469
f 4727 4721 4718
f 4588 4591 4587
f 4704 4701 4703
f 4707 4705 4706
f 4768 4769 738
f 741 738 4769
f 4770 734 741
f 741 4769 4770
f 4770 4771 735
f 4771 4772 735
f 736 735 4772
f 735 736 4771
f 736 4772 4771
f 735 4771 4773
f 4773 739 735
f 4773 740 739
f 4768 738 740
f 740 4774 4768
f 4773 4774 740
f 735 734 4770
f 4771 4772 4773
f 4776 696 699
f 699 4775 4776
f 4777 697 696
f 696 4776 4777
f 4777 4778 698
f 699 698 4778
f 4778 4775 699
f 698 697 4777
f 4777 4779 4778
f 4779 4780 4778
f 3852 3844 4781
f 3852 4782 4783
f 4781 4782 3852
f 3850 4783 4784
f 3850 3852 4783
f 4784 4785 3857
f 4785 4786 3857
f 4784 3857 3850
f 3857 4786 4787
f 3843 4787 4788
f 3843 4788 4789
f 3841 4791 4790
f 3841 4789 4791
f 3855 3847 4790
f 4790 4792 3855
f 4792 4793 3855
f 4793 4794 3855
f 3844 3855 4794
f 3844 4794 4781
f 4790 3847 3841
f 4789 3841 3843
f 4787 3843 3857
f 4791 4790 4789
f 4784 4786 4785
f 3787 3791 3790
f 3792 4795 3793
f 3795 4795 3792
f 3795 3793 4795
f 4796 3790 3791
f 4797 3830 3826
f 3830 4797 4798
f 4798 3829 3830
f 4798 3823 3829
f 3826 3825 4797
f 3827 4797 3825
f 3831 3823 4798
f 4800 3831 4798
f 4799 4797 3827
f 3829 4798 4797
f 4797 3830 3829
f 3876 3869 4801
f 3872 3876 4801
f 3875 3872 4803
f 4804 3868 3867
f 4804 3873 3868
f 4804 3869 3873
f 4804 4801 3869
f 4802 4803 3872
f 4801 4802 3872
f 3870 4805 4804
f 3867 3870 4804
f 3897 3901 4806
f 3898 3897 4806
f 3902 4807 3899
f 3899 3894 3900
f 3899 3901 3894
f 3903 4807 3902
f 4806 3896 3898
f 4809 3896 4806
f 4809 4808 3896
f 4806 4808 4809
f 4562 4810 4563
f 4810 4562 4559
f 4811 4810 4559
f 4559 4812 4811
f 4813 4571 4814
f 4812 4559 4813
f 4811 4563 4810
f 4563 4811 4815
f 4815 4816 4563
f 4816 4565 4563
f 4815 4565 4816
f 4815 4812 4817
f 4815 4811 4812
f 4814 4817 4812
f 4812 4813 4814
f 4815 4817 4571
f 4571 4565 4815
f 4565 4571 4568
f 4814 4571 4817
f 4581 4580 4569
f 4819 4581 4569
f 4569 4820 4819
f 4569 4821 4820
f 4581 4819 4818
f 4818 4819 4822
f 4822 4823 4818
f 4582 4581 4818
f 4818 4823 4582
f 4818 4581 4580
f 4582 4823 4824
f 4822 4824 4823
f 4822 4582 4824
f 4582 4822 4825
f 4819 4820 4826
f 4819 4826 4822
f 4766 4826 4820
f 4820 4821 4766
f 4822 4826 4766
f 4766 4825 4822
f 4586 4582 4825
f 4586 4827 4766
f 4825 4827 4586
f 4825 4766 4827
f 4637 4652 4828
f 4637 4828 4829
f 4646 4829 4830
f 4829 4646 4637
f 4828 4652 4829
f 4831 4829 4652
f 4652 4832 4831
f 4832 4652 4653
f 4831 4646 4830
f 4835 4646 4834
f 4836 4835 4834
f 4831 4834 4646
f 4830 4829 4831
f 4836 4834 4837
f 4837 4838 4836
f 4646 4836 4838
f 4838 4649 4648
f 4838 4648 4646
f 4835 4836 4646
f 4833 4839 4832
f 4832 4653 4833
f 4838 4837 4648
f 4837 4840 4648
f 4841 4648 4840
f 4840 4839 4654
f 4654 4841 4840
f 4654 4649 4841
f 4649 4648 4841
f 4834 4831 4832
f 4832 4837 4834
f 4840 4837 4832
f 4840 4832 4839
f 4842 4654 4839
f 4833 4842 4839
f 4842 4655 4654
f 4833 4655 4842
f 4658 4668 4843
f 4843 4663 4658
f 4844 4843 4668
f 4668 4845 4844
f 4847 4846 4669
f 4845 4669 4846
f 4845 4668 4669
f 4849 4663 4848
f 4844 4848 4663
f 4663 4843 4844
f 4849 4848 4850
f 4850 4664 4849
f 4664 4663 4849
f 4847 4851 4845
f 4845 4846 4847
f 4850 4852 4664
f 4853 4854 4852
f 4854 4664 4852
f 4852 4851 4670
f 4670 4853 4852
f 4853 4855 4664
f 4664 4854 4853
f 4670 4666 4853
f 4666 4664 4853
f 4850 4851 4852
f 4848 4845 4851
f 4848 4844 4845
f 4851 4850 4848
f 4856 4670 4851
f 4847 4856 4851
f 4856 4676 4670
f 4847 4676 4856
f 4857 4701 4703
f 4703 4699 4857
f 4702 4701 4857
f 4700 4857 4699
f 4859 4700 4699
f 4859 4857 4700
f 4857 4859 4029
f 4860 4861 4859
f 4859 4699 4860
f 4029 4861 4862
f 4029 4859 4861
f 4704 3712 4703
f 4858 4703 3712
f 4858 3712 4863
f 4863 4864 4858
f 4248 3965 4862
f 4704 4701 4247
f 3712 4704 4247
f 4248 4865 4863
f 4862 4866 4248
f 4249 4863 3712
f 4247 4702 4857
f 4857 4029 4247
f 4029 3964 3966
f 4029 4862 3964
f 4248 4866 4865
f 3712 4250 4249
f 3966 4247 4029
f 4247 4250 3712
f 3965 3964 4862
f 4863 4249 4251
f 4701 4702 4247
f 4251 4248 4863
f 4862 4865 4866
f 4862 4861 4860
f 4862 4860 4864
f 4864 4865 4862
f 4864 4860 4867
f 4863 4865 4864
f 4867 4868 4864
f 4031 4869 4868
f 4868 4867 4031
f 4869 3713 4868
f 4152 4868 3713
f 3713 3714 4152
f 4870 4869 4031
f 4871 4031 4867
f 4872 4873 4871
f 4871 4867 4872
f 4031 4873 4874
f 4031 4871 4873
f 4875 4693 4876
f 4693 3028 4876
f 4691 4877 4878
f 4878 4693 4691
f 4613 4879 4877
f 4877 4691 4613
f 4872 4875 4880
f 4880 4873 4872
f 4878 3028 4693
f 4876 4880 4875
f 4874 4880 4881
f 3028 4878 4876
f 4880 4874 4873
f 4876 4881 4880
f 4874 4870 4031
f 4882 3722 4879
f 4869 4870 4874
f 3713 4869 4874
f 4879 4882 4883
f 4874 3714 3713
f 4884 4878 4877
f 4885 4886 4876
f 4874 4881 3618
f 4877 4883 4884
f 4878 4884 4885
f 4886 3618 4881
f 4876 4878 4885
f 3618 3714 4874
f 4881 4876 4886
f 4883 4877 4879
f 4883 4882 3722
f 4884 4883 3621
f 3618 4886 4887
f 3621 4149 4888
f 4150 4885 4884
f 4884 4888 4150
f 4151 4886 4885
f 4889 4887 4886
f 4886 4151 4889
f 4885 4150 4151
f 4890 4883 3722
f 4149 3621 4883
f 4883 4890 4149
f 3618 4889 4152
f 4889 3618 4887
f 3722 4148 4890
f 4888 4884 3621
f 4613 4891 4879
f 4879 4891 4148
f 4148 3722 4879
f 4892 4891 4613
f 4148 4891 4892
f 4149 4890 4888
f 4892 4613 4893
f 4894 4895 4148
f 4148 4892 4894
f 4896 4148 4895
f 4902 4897 4898
f 4148 4896 4897
f 4898 4897 4147
f 4899 4900 4898
f 4138 4145 4901
f 4897 4902 4148
f 4901 4145 4900
f 4892 4893 4894
f 4903 4904 4690
f 4904 4905 4690
f 4686 4687 4905
f 4905 4904 4686
f 4685 3017 4906
f 4906 4686 4685
f 4893 4903 4907
f 4907 4894 4893
f 4906 4687 4686
f 4690 4907 4903
f 4695 4610 4875
f 4872 4867 4695
f 4693 4875 4610
f 4875 4872 4695
f 4689 4903 4893
f 4893 4613 4689
f 4860 4697 4695
f 4904 4688 4686
f 4903 4689 4688
f 4860 4699 4697
f 4688 4904 4903
f 4860 4695 4867
f 4687 4906 4905
f 4685 4908 4683
f 4685 4683 3017
f 4685 4909 4908
f 4908 4910 4683
f 3017 4683 4910
f 4908 4678 4911
f 4911 4910 4908
f 3017 4910 4911
f 4911 4906 3017
f 4912 4895 4894
f 4913 4912 4907
f 4914 4905 4906
f 4914 4913 4690
f 4894 4907 4912
f 4906 4915 4914
f 4907 4690 4913
f 4690 4905 4914
f 4911 4915 4906
f 4914 4915 4916
f 4144 4913 4914
f 4916 4901 4900
f 4899 4144 4914
f 4914 4900 4899
f 4899 4898 4913
f 4912 4913 4898
f 4898 4147 4912
f 4901 4915 4911
f 4901 4916 4915
f 4147 4897 4912
f 4897 4896 4895
f 4895 4912 4897
f 4911 4138 4901
f 4913 4144 4899
f 4900 4914 4916
f 4908 4909 4675
f 4675 4678 4908
f 4682 4675 4909
f 4684 4909 4685
f 4909 4684 4682
f 4138 4911 4678
f 4711 4706 4767
f 4767 4917 4711
f 4918 4917 4767
f 4767 4919 4918
f 4921 4919 4767
f 4918 4919 4922
f 4918 4923 4917
f 4917 4923 4924
f 4924 4925 4917
f 4715 4713 4917
f 4917 4925 4715
f 4713 4712 4917
f 4712 4711 4917
f 4925 4716 4715
f 4918 4926 4924
f 4924 4923 4918
f 4920 4927 4921
f 4921 4767 4920
f 4924 4926 4928
f 4924 4716 4925
f 4924 4928 4716
f 4928 4718 4727
f 4727 4716 4928
f 4926 4919 4921
f 4926 4918 4922
f 4929 4926 4930
f 4926 4921 4927
f 4922 4919 4926
f 4927 4930 4926
f 4927 4718 4721
f 4928 4926 4929
f 4929 4719 4928
f 4719 4718 4928
f 4719 4929 4930
f 4930 4718 4719
f 4718 4930 4927
f 4718 4927 4727
f 4920 4727 4927
f 4469 4765 4465
f 4932 4465 4765
f 4765 4933 4932
f 4934 4933 4765
f 4932 4933 4935
f 4465 4932 4931
f 4932 4936 4931
f 4931 4936 4937
f 4937 4938 4931
f 4462 4464 4931
f 4931 4938 4462
f 4462 4938 4461
f 4464 4465 4931
f 4932 4939 4937
f 4937 4936 4932
f 4153 3708 4934
f 4934 4765 4153
f 4937 4461 4938
f 4939 4940 4461
f 4937 4939 4461
f 4940 4446 4154
f 4154 4461 4940
f 4939 4934 3708
f 4941 4939 4942
f 4939 4933 4934
f 4939 4932 4935
f 3708 4942 4939
f 4935 4933 4939
f 4942 4940 4939
f 4942 4446 4940
f 4446 4942 4154
f 4942 3708 4153
f 4153 4154 4942
f 4943 4450 4386
f 4386 4389 4943
f 4943 4389 4390
f 4945 4386 4944
f 4945 4388 4386
f 4489 4946 4945
f 4945 4944 4489
f 4943 4395 4450
f 4395 4949 4450
f 4943 4950 4949
f 4949 4395 4943
f 4450 4949 4951
f 4951 4952 4450
f 4454 4452 4952
f 4451 4450 4952
f 4952 4452 4451
f 4953 4949 4950
f 4953 4951 4949
f 4257 3983 4950
f 4257 4388 4945
f 4950 4943 4257
f 4257 4389 4388
f 4257 4390 4389
f 4946 4947 4256
f 4943 4390 4257
f 4945 4259 4257
f 3984 4256 4953
f 4947 4948 4256
f 4953 3981 3984
f 4256 4948 4953
f 4950 3983 3981
f 3683 4945 4946
f 4946 4258 3683
f 3683 4259 4945
f 4256 4258 4946
f 4953 4950 3981
f 4951 4953 4952
f 4953 4948 4947
f 4953 4947 4489
f 4489 4952 4953
f 4457 4454 4952
f 4952 4489 4457
f 4489 4944 4954
f 4947 4946 4489
f 4955 4477 4097
f 4097 4473 4955
f 3673 4473 4097
f 4097 3672 3673
f 4955 4473 4474
f 4955 4475 4477
f 4475 4956 4477
f 4956 4475 4955
f 4010 4956 4955
f 4477 4956 4957
f 4957 4482 4477
f 4478 4477 4482
f 4482 4479 4478
f 4010 4958 4957
f 4957 4956 4010
f 4491 4959 3672
f 3672 4097 4491
f 4957 4958 4482
f 4958 4960 4491
f 4491 4482 4958
f 4482 4491 4486
f 3672 4473 3673
f 4959 4961 4958
f 3672 4955 4474
f 4010 3672 4959
f 4959 4958 4010
f 4960 4961 4959
f 4474 4473 3672
f 4010 4955 3672
f 4961 4960 4958
f 4960 4959 4491
f 4962 4508 4494
f 4494 4497 4962
f 4498 4497 4494
f 4962 4497 4499
f 4962 4506 4508
f 4508 4506 4963
f 4963 4513 4508
f 4509 4508 4513
f 4513 4510 4509
f 4964 4506 4962
f 4964 4963 4506
f 4552 4965 4498
f 4498 4494 4552
f 4963 4964 4513
f 4964 4966 4552
f 4552 4513 4964
f 4962 4498 4965
f 4498 4962 4499
f 4965 4966 4962
f 4967 4964 4966
f 4499 4497 4498
f 4964 4962 4966
f 4966 4965 4552
f 4968 4529 4530
f 4530 4522 4968
f 4968 4522 4523
f 4969 4522 4530
f 4968 4526 4529
f 4529 4526 4970
f 4970 4971 4529
f 4972 4526 4968
f 4972 4970 4526
f 4973 4974 4969
f 4969 4530 4973
f 4968 4523 4261
f 4261 4523 4969
f 4969 4523 4522
f 4969 4974 4262
f 4974 4975 4260
f 4968 4261 3997
f 4260 4976 4972
f 4972 4968 3996
f 4974 4263 4262
f 4972 3998 4260
f 4969 4262 4264
f 4260 4263 4974
f 4972 3996 3998
f 4264 4261 4969
f 4975 4976 4260
f 3997 3996 4968
f 4976 4975 4972
f 4970 4972 4971
f 4972 4975 4973
f 4973 4971 4972
f 4975 4974 4973
f 4978 4971 4973
f 4973 4979 4978
f 4979 4973 4977
f 4980 4979 4977
f 4978 4979 4981
f 4971 4978 4982
f 4978 4983 4982
f 4984 4982 4983
f 4983 4985 4984
f 4985 4983 4978
f 4978 4986 4985
f 4987 4534 3013
f 4988 4989 4990
f 4990 4534 4988
f 4984 4985 4991
f 4991 4988 4984
f 4538 4987 4992
f 4992 4993 4538
f 4991 4989 4988
f 4990 3013 4534
f 3013 4992 4987
f 4990 4991 4994
f 4989 4991 4990
f 4991 4985 4986
f 4986 4994 4991
f 4098 3668 4980
f 4980 4977 4098
f 4986 4979 4980
f 4986 4978 4981
f 4981 4979 4986
f 4993 4992 4996
f 4986 3668 3667
f 4997 3013 4990
f 4998 4996 4992
f 3667 4994 4986
f 4999 4990 4994
f 4990 4999 4997
f 4996 4995 4993
f 4994 3667 4999
f 4992 3013 4998
f 4997 4998 3013
f 4980 3668 4986
f 5000 4999 3667
f 4998 4997 5001
f 3663 4996 4998
f 5002 4099 4999
f 4099 4100 4997
f 4997 4999 4099
f 5001 4997 4100
f 4100 5003 4998
f 3663 4998 5003
f 5003 4101 3663
f 4098 5004 3667
f 5000 3667 5004
f 5004 5002 5000
f 4101 5005 4995
f 4995 4996 4101
f 4996 3663 4101
f 3667 3668 4098
f 4998 5001 4100
f 4999 5000 5002
f 5006 4538 4993
f 4993 4995 5005
f 5005 5006 4993
f 5007 4101 5003
f 5004 4099 5002
f 5005 4101 5007
f 5005 4102 5006
f 5009 5006 4102
f 4102 5010 5009
f 5010 4102 5008
f 5013 5014 5012
f 4102 5016 5015
f 5015 5008 4102
f 5015 5016 5014
f 4538 5006 5009
f 4538 5009 3009
f 4543 4542 5017
f 4542 3005 5017
f 4540 3007 5018
f 5018 4542 4540
f 4538 5009 3007
f 3007 4540 4538
f 4544 4543 5019
f 4543 5020 5019
f 5019 4546 4544
f 5018 3005 4542
f 5017 5020 4543
f 4982 4532 4531
f 4988 4533 4532
f 4536 4987 4538
f 4532 4982 4988
f 4987 4536 4534
f 4982 4531 4971
f 4533 4988 4534
f 4529 4971 4531
f 4982 4984 4988
f 5017 5019 5020
f 5018 5017 3005
f 4546 4545 4544
f 4546 5021 4549
f 4549 4545 4546
f 5022 3007 5009
f 5023 5018 3007
f 5024 5021 4546
f 3007 5022 5023
f 5025 5017 5018
f 5025 5024 5019
f 5018 5023 5025
f 4546 5019 5024
f 5019 5017 5025
f 5010 5022 5009
f 5025 5023 5026
f 3650 5024 5025
f 5022 5015 5014
f 5013 5026 5023
f 5023 5014 5013
f 5013 5012 5025
f 3650 5025 5012
f 5012 5011 3650
f 5015 5022 5010
f 5011 4553 5021
f 5021 5024 5011
f 5024 3650 5011
f 5010 5008 5015
f 5025 5026 5013
f 5014 5023 5022
f 4545 4549 4553
f 4553 4544 4545
f 4550 4548 4544
f 4544 4553 4550
f 4549 5021 4553
f 4594 4590 4589
f 4589 4593 4594
f 4589 4040 4593
f 4595 5028 5029
f 5029 4596 4595
f 4594 4593 5028
f 5028 4595 4594
f 4596 5029 3059
f 3059 4598 4596
f 3059 5029 5030
f 5028 5030 5029
f 5027 5032 4587
f 4587 4591 5027
f 4039 4587 5032
f 5031 3059 5033
f 4587 4039 4589
f 5032 4593 4040
f 4040 4589 5032
f 4593 5032 5034
f 3643 5030 5028
f 5034 5028 4593
f 5028 5034 3643
f 3059 5030 5035
f 3643 5035 5030
f 5035 5033 3059
f 4039 5032 4589
f 5036 5035 3643
f 5037 5038 3643
f 5036 3643 5038
f 5038 5039 5036
f 5027 5037 5034
f 5039 5040 5035
f 5040 5041 5033
f 5033 5035 5040
f 5035 5036 5039
f 5034 5032 5027
f 3643 5034 5037
f 3059 5031 4598
f 5031 5033 5042
f 5042 4598 5031
f 5038 5040 5039
f 5041 5042 5033
f 5043 5042 5041
f 5042 5043 4598
f 5043 5044 4598
f 5045 4598 5044
f 5044 5046 5045
f 5043 5046 5047
f 5046 5044 5043
f 4116 5049 5051
f 5052 5053 5054
f 5054 5055 5052
f 5052 4598 5045
f 5055 5054 5056
f 5056 5057 5055
f 5045 5053 5052
f 5059 5053 5045
f 5060 5054 5053
f 5060 5058 5056
f 5053 5059 5060
f 5056 5054 5060
f 5045 5046 5059
f 5060 5059 5061
f 5058 5060 5062
f 5061 5059 5046
f 5061 5062 5060
f 5062 5061 4116
f 5061 5048 4116
f 4116 5051 5062
f 5046 5043 5048
f 5048 5061 5046
f 5058 5062 5049
f 5062 5051 5049
f 5049 5050 5058
f 5058 5063 5056
f 5056 5064 5057
f 5056 5063 5065
f 5065 5064 5056
f 5065 5063 5058
f 5058 5050 5065
f 5065 5050 5066
f 5065 5067 5064
f 5065 5068 5067
f 5065 5066 5068
f 3789 3793 5069
f 5068 5069 3793
f 5070 5069 5068
f 5068 5066 5070
f 5072 5073 3520
f 3520 5052 5072
f 5064 5067 5073
f 5073 5072 5064
f 5052 3520 3522
f 3522 4599 5052
f 5074 3522 3520
f 5073 5067 3513
f 5070 5075 5071
f 5071 5069 5070
f 4599 4600 5077
f 4599 5074 4600
f 3522 5074 4599
f 4169 5078 3520
f 5078 4599 5074
f 5079 4169 3521
f 3521 3513 5079
f 5074 3520 5078
f 3520 3521 4169
f 5080 5079 3513
f 3513 3495 5080
f 4179 4174 3474
f 4174 5081 3474
f 4174 5082 5083
f 5082 5084 5085
f 5084 3487 5085
f 5086 5087 5088
f 5088 5084 5086
f 4178 3479 5087
f 5087 5086 4178
f 5080 3495 3479
f 3479 4178 5080
f 5088 3487 5084
f 5085 5083 5082
f 5083 5081 4174
f 3474 3497 4179
f 3497 3474 5089
f 5083 5089 5081
f 5089 3474 5081
f 3487 5088 5085
f 3479 3494 5087
f 3495 3494 3479
f 3497 3532 5090
f 5090 4179 3497
f 4181 3533 3534
f 3534 5091 4181
f 5090 3532 3533
f 3533 4181 5090
f 5091 3534 5092
f 5092 5093 5091
f 5093 5095 5094
f 5095 5093 5092
f 5093 5094 4623
f 5095 5092 4623
f 5094 5095 4623
f 5092 3535 4623
f 5096 5097 5098
f 5097 4623 3535
f 5099 5096 5100
f 5096 5101 5100
f 5100 5102 5099
f 3535 5098 5097
f 5098 5101 5096
f 5098 5100 5101
f 5098 3535 5092
f 5100 3532 5102
f 5092 3534 5098
f 5100 5098 3534
f 5103 5099 5102
f 5103 5102 5105
f 5102 5104 5105
f 5106 5104 3901
f 5106 3901 3894
f 5107 5104 5106
f 5106 5108 5107
f 5110 5109 5106
f 5108 5109 5112
f 5108 5106 5109
f 5109 5113 5114
f 5114 5112 5109
f 5115 5114 5113
f 5113 5117 5116
f 5115 5113 5118
f 5113 5116 5118
f 5120 5076 5075
f 5076 5071 5075
f 5121 5076 5120
f 5120 5122 5121
f 5122 5123 5121
f 5125 5124 5121
f 5125 5126 5124
f 5075 5070 5127
f 5128 5121 5123
f 5128 5125 5121
f 5129 5128 5123
f 5128 5130 5125
f 5126 5125 5130
f 5132 5133 5126
f 5126 5130 5132
f 5134 5130 5131
f 5134 5132 5130
f 5133 5132 5134
f 5126 5133 5137
f 5137 3802 5126
f 5136 5138 5134
f 5138 5133 5134
f 3797 5133 5138
f 3798 3797 5138
f 3804 3800 5139
f 3802 5137 5133
f 5133 3797 3802
f 5140 3805 3804
f 5139 5140 3804
f 3798 5139 3800
f 5142 5138 5136
f 5142 5136 5143
f 5143 5144 5142
f 5143 5145 5144
f 5146 5145 5143
f 5146 4056 5145
f 5148 5147 3808
f 3808 5149 5148
f 5147 5151 5150
f 5153 5152 5150
f 5154 5150 5151
f 5154 5153 5150
f 5154 5151 5148
f 5151 5147 5148
f 5155 5152 5153
f 5153 5156 5155
f 5155 5156 5157
f 5158 5155 5157
f 5160 5158 5157
f 5160 5159 5158
f 5162 3824 5161
f 5161 5163 5162
f 5165 5164 5162
f 5164 3824 5162
f 5166 5164 5165
f 5165 5167 5166
f 5169 5166 5168
f 5170 5169 5168
f 5167 5168 5166
f 5169 5170 5171
f 5172 5170 5168
f 5172 5171 5170
f 5171 5173 5174
f 4797 5171 5174
f 5173 5175 5174
f 5176 5177 5175
f 5174 5175 5177
f 4119 5175 5173
f 5173 5172 4119
f 5178 5177 5176
f 5180 5178 5181
f 5178 5176 5181
f 5182 5183 5178
f 5180 5182 5178
f 3492 5178 5182
f 5182 5184 3492
f 5179 5178 3492
f 5184 5185 5186
f 5185 3479 5186
f 5185 5187 3476
f 5187 5084 5088
f 5188 3490 5085
f 5085 5084 5188
f 5189 3474 3490
f 3490 5188 5189
f 5190 3471 3474
f 3474 5189 5190
f 5088 3476 5187
f 3476 3479 5185
f 5186 3492 5184
f 3476 5186 3479
f 3471 5190 5191
f 5191 5192 3471
f 5192 5193 3471
f 5191 5195 5192
f 5194 5191 5192
f 5197 5196 5192
f 5198 5192 5195
f 5198 5197 5192
f 5196 5199 5200
f 5196 5197 5199
f 4802 4801 5200
f 5196 5200 4801
f 5201 5199 5197
f 5197 5202 5201
f 5200 5204 5203
f 5206 5204 5201
f 5204 5200 5201
f 5206 5205 5203
f 5206 5207 5205
f 5203 5204 5206
f 5205 5207 5208
f 5208 5209 5205
f 5210 5209 5208
f 5208 5211 5210
f 5213 5210 5211
f 5213 5212 5210
f 5216 5214 5212
f 5212 5213 5216
f 5219 5217 5220
f 5217 5215 5220
f 5219 5218 5217
f 5219 5221 5218
f 5218 5221 5222
f 5222 5223 5218
f 5225 5223 5222
f 5225 5224 5223
f 5226 3944 5224
f 5224 5225 5226
f 4061 5227 5228
f 5229 5230 5228
f 5229 5228 5227
f 5231 5227 5232
f 5227 4061 5232
f 5231 5228 5227
f 5229 5227 5231
f 5233 5229 5231
f 5231 5234 5233
f 5235 5233 5234
f 5210 5212 5214
f 3495 5155 5164
f 5217 5214 5215
f 5214 5217 5210
f 5159 5161 3824
f 5186 3494 3495
f 3495 5152 5155
f 5186 3476 5087
f 5085 3490 5083
f 3490 3474 5089
f 3474 3471 3497
f 3497 3471 5193
f 5209 5217 5218
f 5179 3495 5166
f 5088 5087 3476
f 5089 5083 3490
f 5193 3870 5205
f 5193 5205 3497
f 5158 5159 3824
f 5218 3497 5209
f 5164 5166 3495
f 3824 5164 5158
f 3497 5205 5209
f 3495 5179 5186
f 3870 3875 5205
f 5228 5224 3944
f 3532 5229 5233
f 5087 3494 5186
f 5228 5223 5224
f 3532 5223 5229
f 3497 5218 5223
f 5179 3492 5186
f 5152 3495 3513
f 4056 3808 5150
f 3944 4061 5228
f 5233 5113 3532
f 5152 3513 5144
f 5150 5145 4056
f 5109 3903 3532
f 5113 5233 5236
f 3513 5142 5144
f 5113 5109 3532
f 5223 3532 3497
f 5144 5150 5152
f 5121 5139 5142
f 5076 5121 3513
f 5076 3513 3790
f 5223 5228 5230
f 5233 3888 5236
f 5178 5179 5166
f 5121 5142 3513
f 3513 5119 5076
f 5100 3533 3532
f 5209 5210 5217
f 5147 5150 3808
f 5230 5229 5223
f 5155 5158 5164
f 5166 3831 5178
f 3795 3513 5067
f 3520 5073 3521
f 3513 3521 5073
f 5150 5144 5145
f 3533 5100 3534
f 3791 5069 5071
f 5067 5068 4795
f 5102 3532 3896
f 4795 3795 5067
f 5069 3791 3794
f 3795 3790 3513
f 3791 5071 5076
f 5076 4796 3791
f 3532 3903 3896
f 3790 4796 5076
f 3827 5166 5169
f 4808 4806 5104
f 5068 3793 4795
f 4804 5193 5192
f 5166 3827 3831
f 5102 3896 4808
f 5203 5205 3875
f 5178 4800 4798
f 5109 5110 3899
f 3899 5109 5111
f 4808 5104 5102
f 3831 4800 5178
f 3794 3789 5069
f 3827 5169 5171
f 5192 5196 4804
f 5200 4803 4802
f 5200 5203 3875
f 5171 4799 3827
f 5171 4797 4799
f 5109 4807 3903
f 5110 5106 3899
f 5106 3894 3900
f 5193 4804 4805
f 3875 4803 5200
f 3899 4807 5109
f 5174 5177 4798
f 3900 3899 5106
f 5174 4798 3829
f 3869 4804 5196
f 4798 5177 5178
f 4805 3870 5193
f 3829 3830 5174
f 5196 4801 3869
f 5124 5126 3805
f 4806 3901 5104
f 3830 4797 5174
f 3805 5121 5124
f 5121 5140 5139
f 5138 5142 3798
f 5126 5141 3805
f 5139 3798 5142
f 5113 5237 5238
f 5113 5236 5237
f 3805 5140 5121
f 5126 3802 3805
f 3888 5233 5235
f 5117 5113 3884
f 5238 3884 5113
f 3884 3885 5117
f 5239 5235 5234
f 5239 5240 5235
f 3884 3885 3878
f 3880 3883 3884
f 3880 5238 5237
f 3887 3880 5237
f 3887 5236 3888
f 5241 3878 3879
f 5237 5236 3887
f 3884 5238 3880
f 5241 3885 3878
f 3879 5240 5241
f 3879 3888 5240
f 3888 5235 5240
f 3885 5241 5117
f 5242 5117 5241
f 5241 5243 5242
f 3808 4056 5146
f 3808 5244 5149
f 5146 5244 3808
f 5148 5149 5244
f 5245 5154 5148
f 5160 5246 5159
f 5160 5163 5161
f 5161 5159 5160
f 5162 5248 5165
f 5173 5171 5172
f 4119 5181 5175
f 5176 5175 5181
f 5195 5198 5202
f 5197 5198 5202
f 5201 5202 4128
f 5200 5199 5201
f 5213 5250 5216
f 5250 5220 5214
f 5220 5251 5215
f 5215 5214 5220
f 5216 5250 5214
f 5222 5252 5225
f 4061 3944 5226
f 5226 5232 4061
f 5239 5253 5240
f 5253 5241 5240
f 5253 5243 5241
f 5243 5253 5239
f 5239 5254 5243
f 5242 5243 5254
f 5254 5256 5242
f 5242 5118 5116
f 5116 5117 5242
f 5118 5257 5115
f 5258 5118 5242
f 5104 5107 5105
f 5107 4130 5105
f 4130 5107 5260
f 5261 5180 5181
f 5262 5261 5181
f 5181 5176 5262
f 5265 5181 5263
f 5265 5264 5181
f 5180 5261 5262
f 5180 5262 5266
f 5266 5267 5180
f 5264 5268 5176
f 5176 5181 5264
f 5176 5268 5270
f 5266 5270 5269
f 5266 5262 5270
f 5176 5270 5262
f 5267 5266 5271
f 5266 5269 5271
f 5269 5270 5272
f 5272 5271 5269
f 5264 5265 5272
f 5270 5268 5264
f 5264 5272 5270
f 5272 4120 5273
f 5273 5274 5270
f 5270 5272 5273
f 5273 5275 5276
f 5275 5277 3837
f 5277 4791 3841
f 3841 3837 5277
f 3837 5276 5275
f 5276 5274 5273
f 5269 5278 5271
f 5184 5271 5278
f 5278 5279 5184
f 5278 5269 5279
f 5279 5269 5270
f 5280 5281 5282
f 5270 5282 5279
f 5280 3857 5281
f 5282 5270 5280
f 5280 5274 5276
f 5280 5270 5274
f 5276 5283 5280
f 5283 5276 3837
f 3837 5284 5283
f 3841 5284 3837
f 5281 3857 5088
f 5088 5285 5185
f 5281 5185 5286
f 5282 5286 5184
f 5184 5279 5282
f 5286 5282 5281
f 5185 5281 5088
f 3841 5280 5283
f 5283 5284 3841
f 5088 3857 4785
f 4785 5285 5088
f 3841 4789 4788
f 4788 5280 3841
f 5280 4788 4787
f 3857 5287 4785
f 4787 3857 5280
f 4787 5287 3857
f 5273 5288 5275
f 5288 5273 4120
f 5275 5288 5277
f 4789 4791 4788
f 5287 4787 4785
f 4793 4792 4794
f 5290 4781 4794
f 4783 4782 4781
f 4794 5289 5290
f 4787 4786 4785
f 4792 5289 4794
f 5292 5290 4781
f 4783 4781 5292
f 5289 4792 5293
f 3852 5292 4781
f 4783 5292 3852
f 5294 4781 5290
f 5294 5290 5289
f 5295 5289 4792
f 4792 3855 5295
f 5295 5294 5289
f 5294 3852 4781
f 5295 4792 5293
f 5297 5296 4125
f 5296 5297 4127
f 4783 3852 5085
f 5291 4783 5085
f 3852 5294 5298
f 5293 4125 5299
f 4125 5296 5300
f 5296 4127 3862
f 3862 5300 5296
f 5300 5299 4125
f 5299 5295 5293
f 5301 5190 5189
f 5302 5189 5303
f 5304 5303 5291
f 5291 5085 5304
f 5303 5304 5302
f 5189 5302 5301
f 5304 5085 3852
f 5190 5301 5305
f 5305 5306 5190
f 4127 5307 5308
f 5308 3862 4127
f 5294 5308 5302
f 5305 5301 5308
f 5294 5295 5299
f 5300 3862 5294
f 5301 5302 5308
f 5298 5302 5304
f 3862 5308 5294
f 3852 5298 5304
f 5302 5298 5294
f 5299 5300 5294
f 5305 5308 5307
f 5307 5306 5305
f 5312 5306 5307
f 5307 5308 5312
f 5311 5307 5309
f 5309 5313 5311
f 5198 5313 5309
f 5309 5314 5198
f 5314 5309 5315
f 5307 5311 5308
f 5316 5308 5313
f 5308 5311 5313
f 5312 5305 5318
f 5317 5305 5312
f 5305 5317 5318
f 5318 5317 5310
f 5306 5318 5310
f 5305 5318 5306
f 5312 5305 5306
f 5310 5317 5319
f 5319 5195 5310
f 5084 4784 4783
f 5084 4785 4784
f 5084 5285 4785
f 5271 5182 5267
f 4783 5291 5084
f 5286 5185 5184
f 5285 5084 5187
f 5180 5267 5182
f 5190 5189 5306
f 5271 5184 5182
f 5188 5084 5291
f 5189 5188 5303
f 5306 5310 5190
f 5185 5285 5187
f 5194 5191 5195
f 5310 5191 5190
f 5188 5291 5303
f 5310 5195 5191
f 5182 5183 5180
f 5198 5320 5316
f 5316 5313 5198
f 5319 5321 5195
f 5319 5320 5198
f 5198 5321 5319
f 5198 5195 5321
f 5316 5312 5308
f 5320 5319 5317
f 5317 5312 5320
f 5316 5320 5312
f 5322 5120 5075
f 5075 5071 5322
f 5324 5075 5127
f 5325 5324 5127
f 5075 5324 5071
f 5071 5324 5322
f 5120 5322 5121
f 5121 5123 5120
f 5123 5122 5120
f 5323 5326 5325
f 5325 5127 5323
f 5128 5122 5121
f 5129 5123 5122
f 5122 5128 5129
f 5121 5324 5325
f 5121 5322 5324
f 5121 5326 5125
f 5327 5121 5125
f 5121 5325 5326
f 5125 5326 5323
f 5323 5128 5125
f 5328 5133 5134
f 5328 5134 5135
f 5138 5329 5330
f 5330 5136 5138
f 5330 5329 5331
f 5331 5143 5330
f 5143 5136 5330
f 5328 5138 5133
f 5332 5331 5329
f 5328 5329 5138
f 5329 5328 5332
f 5135 5146 5332
f 5332 5328 5135
f 5331 5332 5146
f 5146 5143 5331
f 5245 5333 5154
f 5153 5333 5154
f 5148 5334 5154
f 5335 5154 5334
f 5334 5336 5335
f 5338 5337 5148
f 5334 5148 5337
f 5336 5339 5335
f 5334 5148 5336
f 5340 5334 5337
f 5340 5336 5334
f 5154 5335 5339
f 5153 5154 5339
f 5339 5333 5153
f 5333 5339 5341
f 5341 5342 5333
f 5153 5333 5342
f 5245 5333 5153
f 5245 5153 5154
f 5157 5156 5342
f 5342 5156 5153
f 5247 5343 5340
f 5340 5337 5247
f 5344 5342 5341
f 5341 5343 5247
f 5247 5344 5341
f 5160 5157 5342
f 5345 5247 5160
f 5342 5345 5160
f 5345 5342 5344
f 5247 5345 5344
f 5341 5339 3817
f 4241 3817 5339
f 5336 5340 3820
f 4240 3811 5341
f 3817 3818 5341
f 3811 3816 5343
f 3818 4240 5341
f 5339 5336 4242
f 3820 4242 5336
f 3811 5343 5341
f 5343 3816 3819
f 5340 3819 3820
f 4242 4241 5339
f 3819 5340 5343
f 5346 5165 5248
f 5248 5347 5346
f 5165 5346 5348
f 5348 5167 5165
f 5349 5348 5346
f 4118 5351 5347
f 5347 5248 4118
f 5348 5168 5167
f 5168 5348 5349
f 5349 5352 5168
f 5352 5171 5172
f 5172 5168 5352
f 5350 5347 5351
f 5351 5171 5352
f 5351 5349 5346
f 5352 5349 5351
f 5347 5351 5346
f 4118 5172 5171
f 5171 5351 4118
f 5201 5249 5353
f 5353 5206 5201
f 5354 5353 5249
f 5249 5355 5354
f 5359 5353 5358
f 5354 5357 5353
f 5357 5358 5353
f 5359 5358 5360
f 5360 5208 5359
f 5208 5207 5359
f 5207 5353 5359
f 5207 5206 5353
f 5358 5357 5360
f 5356 5361 5355
f 5355 5249 5356
f 5211 5208 5360
f 5360 5361 5356
f 5356 5211 5360
f 5211 5356 5213
f 5355 5362 5361
f 5355 5360 5357
f 5355 5361 5360
f 5354 5355 5357
f 5363 5219 5220
f 5220 5251 5363
f 5364 5363 5251
f 5251 5365 5364
f 5219 5363 5364
f 5219 5364 5366
f 5366 5367 5219
f 5221 5219 5367
f 5367 5222 5221
f 5222 5367 5252
f 5368 5369 5365
f 5365 5251 5368
f 5366 5252 5367
f 5252 5370 5222
f 5366 5370 5252
f 5370 5371 5225
f 5225 5222 5370
f 5365 5369 5372
f 3946 5370 5366
f 5369 5371 3949
f 5372 5369 3949
f 5371 5370 4245
f 5365 5372 3950
f 5366 5364 3947
f 3955 5364 5365
f 3949 3950 5372
f 5371 4245 3949
f 5364 3955 4246
f 3950 3952 5365
f 3947 3946 5366
f 4246 3947 5364
f 5365 4244 3955
f 3946 4245 5370
f 3952 4244 5365
f 5368 5225 5369
f 5371 5369 5225
f 5374 5232 5373
f 5374 4061 5232
f 5231 5227 5235
f 5235 5234 5231
f 4061 5240 5235
f 5374 5375 4061
f 5375 5240 4061
f 5235 5227 4061
f 5255 5375 5374
f 5374 5373 5255
f 5240 5375 5239
f 5255 5239 5375
f 5257 5118 5114
f 5114 5115 5257
f 5376 5114 5118
f 5118 5116 5376
f 5116 5118 5258
f 5258 5377 5116
f 5376 5116 5377
f 5377 5378 5376
f 5376 5115 5114
f 5115 5376 5379
f 5379 5112 5115
f 5112 5114 5115
f 5259 5380 5377
f 5377 5258 5259
f 5379 5381 5382
f 5382 5112 5379
f 5382 5259 5108
f 5112 5382 5108
f 5379 5377 5380
f 5379 5376 5378
f 5378 5377 5379
f 5380 3892 5379
f 3892 5381 5379
f 5381 3892 5382
f 5259 5382 3892
f 3892 5380 5259
f 5105 5260 5099
f 5099 5103 5105
f 5260 5105 4130
f 5383 5099 5260
f 5260 5384 5383
f 5388 5385 4133
f 5097 5389 5101
f 5101 5098 5097
f 5389 5099 5383
f 5097 5098 5390
f 5390 4623 5097
f 5383 5101 5389
f 5392 5101 5383
f 5392 5393 5098
f 5393 5391 5390
f 5098 5101 5392
f 5390 5098 5393
f 5383 5384 5392
f 5393 5392 5394
f 5384 5394 5392
f 5394 5388 4133
f 4133 5393 5394
f 4133 5386 5393
f 5384 5260 5385
f 5385 5394 5384
f 5391 5393 5386
f 5386 5387 5391
f 5385 5388 5394
f 5390 5391 5387
f 5387 4623 5390
f 5387 5395 5396
f 5387 5396 4623
f 5397 4623 5396
f 5396 5398 5397
f 5398 5396 5395
f 5403 5399 5400
f 5401 5402 5400
f 5399 5403 4137
f 4623 5397 3065
f 5398 5404 5397
f 4625 4626 5405
f 4626 4623 3065
f 3065 5405 4626
f 5405 3062 4625
f 3062 5405 5406
f 3065 5406 5405
f 4627 3061 4629
f 4629 4628 4627
f 4041 4629 3061
f 5408 5401 5400
f 5399 5409 5410
f 5410 5400 5399
f 5402 5408 5398
f 5408 5402 5401
f 4137 5411 5409
f 5409 5399 4137
f 5398 5395 5402
f 5400 5410 5408
f 4137 4634 4630
f 4630 5411 4137
f 4630 5412 5411
f 4629 4630 5407
f 5408 5406 5404
f 5404 5398 5408
f 4629 4041 4630
f 5404 5406 3065
f 3061 5411 5412
f 5410 5409 3062
f 5412 4630 3061
f 5397 5404 3065
f 5406 5408 5410
f 3061 3062 5409
f 3062 5406 5410
f 4041 3061 4630
f 5409 5411 3061
f 4629 5407 4628
f 5413 4628 5407
f 5407 4630 4631
f 4631 5413 5407
f 4631 4628 5413
f 4634 4631 4630
f 796 4066 4067
f 794 4080 798
f 799 803 794
f 800 4083 794
f 793 796 4067
f 794 793 4080
f 4080 797 798
f 794 798 799
f 4083 801 802
f 800 801 4083
f 793 4067 4080
f 4080 802 798
f 4083 4066 795
f 803 800 794
f 802 4080 4083
f 796 795 4066
f 795 794 4083
f 5414 800 803
f 800 5415 5416
f 5416 801 800
f 5416 802 801
f 5416 5417 802
f 5414 5415 800
f 798 802 5417
f 797 798 5418
f 798 5419 5418
f 798 5419 5420
f 5420 799 798
f 5420 803 799
f 5420 5414 803
f 5417 5419 798
f 5418 5417 5421
f 5418 5419 5417
f 795 796 5422
f 5422 5423 795
f 794 795 5424
f 795 5423 5424
f 793 794 5424
f 5424 5425 793
f 793 5425 5422
f 5422 796 793
f 5427 5425 5424
f 5427 5424 5426
f 5425 5427 5428
f 5422 5428 5429
f 5428 5422 5425
f 5431 5423 5422
f 5424 5423 5430
f 5424 5430 5426
f 5422 5429 5431
f 5423 5431 5430
f 5432 5433 5427
f 5427 5426 5432
f 5433 5435 5428
f 5428 5427 5433
f 5432 5426 5430
f 5430 5437 5432
f 5435 5433 5434
f 5437 5436 5432
f 5435 5439 5429
f 5429 5428 5435
f 5437 5430 5431
f 5431 5441 5437
f 5441 5440 5437
f 5440 5441 5442
f 5441 5431 5429
f 5429 5439 5441
f 5435 5443 5439
f 5435 5438 5443
f 5420 5419 5444
f 5419 5418 5444
f 5420 5444 5445
f 5418 5421 5444
f 5414 5445 5446
f 5445 5414 5420
f 5415 5414 5446
f 5447 5417 5416
f 5417 5447 5421
f 5415 5446 5448
f 5416 5415 5448
f 5416 5448 5447
f 5449 5450 5445
f 5445 5444 5449
f 5451 5446 5445
f 5445 5450 5451
f 5452 5449 5444
f 5444 5421 5452
f 5453 5448 5446
f 5446 5451 5453
f 5452 5421 5447
f 5447 5454 5452
f 5454 5447 5448
f 5448 5453 5454
f 5437 5451 5450
f 5450 5436 5437
f 5450 5432 5436
f 5433 5450 5449
f 4403 5454 5453
f 5449 4339 5433
f 4403 5452 5454
f 4339 5449 5452
f 5433 5432 5450
f 4338 5435 5434
f 4378 5443 5438
f 5452 4403 4339
f 4338 5438 5435
f 5438 4338 4378
f 4338 5434 5433
f 5441 4378 5451
f 5453 5451 4378
f 5441 5439 4378
f 5440 5442 5451
f 5433 4339 4338
f 5442 5441 5451
f 4378 4403 5453
f 5439 5443 4378
f 5437 5440 5451
f 5456 4776 4775
f 4775 5455 5456
f 4775 4778 5457
f 4775 5457 5455
f 4776 5456 5458
f 4777 4776 5458
f 4778 4780 5457
f 4777 5458 4779
f 5459 4780 4779
f 4779 5460 5459
f 5459 5460 5461
f 5462 5463 5461
f 5461 5460 5462
f 5460 4779 5458
f 5458 5464 5460
f 5466 5459 5465
f 5459 5466 5457
f 5457 4780 5459
f 5467 5463 5462
f 5460 5464 5467
f 5467 5462 5460
f 5464 5458 5456
f 5456 5469 5464
f 5466 5471 5455
f 5455 5457 5466
f 5471 5469 5456
f 5456 5455 5471
f 5472 5468 5467
f 5467 5473 5472
f 5464 5469 5473
f 5473 5467 5464
f 5470 5474 5475
f 5475 5471 5466
f 5466 5470 5475
f 5473 5471 5475
f 5471 5473 5469
f 4768 4774 5476
f 4768 5476 5477
f 4774 4773 5478
f 4774 5478 5476
f 4769 5477 5479
f 5479 4770 4769
f 5477 4769 4768
f 4773 4772 5480
f 5481 4772 4771
f 4773 5480 5478
f 4770 5479 5481
f 4772 5481 5480
f 4771 4770 5481
f 5482 5483 5477
f 5477 5476 5482
f 5484 5482 5476
f 5476 5478 5484
f 5483 5485 5479
f 5479 5477 5483
f 5486 5484 5478
f 5478 5480 5486
f 5487 5481 5479
f 5479 5485 5487
f 5483 5475 5474
f 5475 5483 5482
f 4412 5473 5475
f 4412 5468 5472
f 5467 5468 4342
f 5465 5485 5483
f 5482 4406 5475
f 5483 5470 5466
f 5474 5470 5483
f 5468 4412 4342
f 5483 5466 5465
f 5461 4342 5485
f 5487 5485 4342
f 5486 5487 4340
f 4406 5484 5486
f 4406 5482 5484
f 4412 5472 5473
f 5486 4340 4406
f 4342 5463 5467
f 5459 5461 5485
f 5475 4406 4412
f 5465 5459 5485
f 5461 5463 4342
f 5487 4342 4340
f 5486 5480 5481
f 5481 5487 5486
f 4324 5489 4325
f 5489 5490 4326
f 4320 5491 5488
f 4321 4320 5488
f 5490 4329 4326
f 5490 5491 4320
f 4320 4329 5490
f 4321 5488 4322
f 4326 4325 5489
f 5492 4324 4322
f 4322 5493 5492
f 5492 5494 5489
f 5489 4324 5492
f 5497 5493 4322
f 4322 5488 5497
f 5495 5489 5494
f 5497 5496 5493
f 5494 5498 5490
f 5490 5489 5494
f 5497 5488 5491
f 5491 5499 5497
f 5498 5499 5491
f 5491 5490 5498
f 5497 5499 4163
f 3570 3561 3562
f 3565 3557 3558
f 3569 3568 3556
f 3557 3565 3569
f 3568 3570 3555
f 3558 3559 3565
f 3570 3562 3555
f 5500 3570 3568
f 3568 4193 5500
f 3571 3570 5500
f 5501 3561 3570
f 3570 5500 5501
f 4192 4193 3568
f 3568 3569 4192
f 4619 5501 5500
f 5501 4619 3561
f 4619 5502 3561
f 5502 5503 3559
f 3559 3561 5502
f 5504 5503 5502
f 5502 4619 5504
f 4192 3569 3565
f 3565 5505 4192
f 5505 4191 4192
f 5506 5505 3565
f 3565 3559 5506
f 4191 4189 4190
f 5505 4188 4189
f 4193 4194 4195
f 4189 4191 5505
f 5498 5494 4160
f 5499 5498 4162
f 5505 4184 4185
f 5505 4187 4188
f 4195 5500 4193
f 4185 4186 5505
f 4195 4182 5500
f 5494 4159 4160
f 5498 4161 4162
f 5494 4158 4159
f 5497 4163 4164
f 5496 5497 4167
f 4160 4161 5498
f 4164 4165 5497
f 4167 4168 5496
f 5497 4166 4167
f 4596 4598 4597
f 4603 4157 4213
f 4163 5499 4162
f 4168 4156 5496
f 5497 4165 4166
f 4614 4613 4209
f 4613 4612 4208
f 4605 4216 4218
f 4603 4156 4157
f 5494 4170 4158
f 4186 4187 5505
f 4208 4209 4613
f 4609 4205 4206
f 4215 4205 4609
f 4607 4222 4224
f 4606 4221 4222
f 4216 4605 4214
f 4156 5492 5493
f 4156 5493 5496
f 5078 4169 4170
f 5093 4619 5500
f 5504 4619 4184
f 4184 4619 4618
f 4616 4212 4199
f 4207 4208 4612
f 4610 4206 4207
f 4609 4608 4215
f 4608 4533 4226
f 4222 4607 4606
f 4604 4602 4156
f 4170 5494 5078
f 4172 4171 5079
f 5500 4181 5093
f 4211 4614 4210
f 4226 4215 4608
f 4221 4606 4219
f 4603 4604 4156
f 4156 4602 5492
f 5079 5080 4172
f 4619 5093 4623
f 4618 4196 4184
f 4206 4610 4609
f 4178 4172 5080
f 4178 5086 4177
f 5086 5084 4176
f 4196 4618 4197
f 4211 4212 4616
f 4224 4226 4533
f 4169 5079 4171
f 4176 4177 5086
f 4179 5090 4180
f 4180 5090 4181
f 4209 4210 4614
f 4599 4598 5052
f 5055 5072 5052
f 5072 5055 5057
f 4624 4623 4626
f 5494 5492 4599
f 4182 4181 5500
f 5057 5064 5072
f 5097 5096 5389
f 5084 5082 4175
f 5091 5093 4181
f 4175 5082 4174
f 5099 5389 5096
f 4619 5504 5093
f 5492 4602 4599
f 4175 4176 5084
f 4599 5078 5494
f 3559 5503 5504
f 5504 5506 3559
f 4184 5507 5506
f 5506 5504 4184
f 5505 5506 5507
f 5505 5507 4184
f 3685 5508 5509
f 3685 4308 5508
f 4945 4306 4310
f 4945 5510 3675
f 3675 4306 4945
f 5509 4309 3685
f 4011 3683 4309
f 4307 3675 5510
f 3687 4307 5510
f 4309 5509 4011
f 4945 4310 3683
f 5510 5508 3687
f 4308 3687 5508
f 4011 4945 3683
f 4388 5512 5510
f 5510 4945 4388
f 5513 5510 5512
f 5512 4386 5513
f 5514 4944 4945
f 4945 4011 5514
f 5515 5508 5510
f 5510 5513 5515
f 5511 4011 5509
f 5516 5511 5509
f 5509 5517 5516
f 5515 5517 5508
f 5517 5509 5508
f 5515 5513 5519
f 5513 5520 4229
f 4229 5519 5513
f 5513 4386 5521
f 5522 5513 5521
f 4386 5512 4388
f 4944 5514 4954
f 4011 5516 5514
f 5516 4011 5511
f 5516 5517 5518
f 3697 4296 5526
f 4297 3697 5526
f 4296 3698 5523
f 4296 5523 5526
f 5526 5524 4297
f 5525 4761 3702
f 3702 4300 5525
f 5524 5527 4297
f 5527 5525 3705
f 5525 4300 3705
f 4298 3702 4761
f 3698 3696 5523
f 3696 4298 4761
f 3705 4297 5527
f 4761 5523 3696
f 5528 4761 5525
f 5530 4760 5528
f 5528 5525 5530
f 5529 5527 5524
f 5529 5525 5527
f 5530 5529 5524
f 5524 5531 5530
f 5532 5523 4761
f 4761 4760 5532
f 5532 5531 5526
f 5526 5523 5532
f 4761 5528 4760
f 5533 5534 4430
f 4430 4760 5533
f 4764 5532 4760
f 5532 5535 5531
f 5524 5526 5531
f 5531 5536 5530
f 4232 5537 5536
f 5536 5531 4232
f 5525 5529 5530
f 5530 5536 5538
f 5536 5537 5538
f 5533 5530 5539
f 5533 4760 5530
f 4129 4128 5314
f 5198 4128 5202
f 4128 5198 5314
f 4126 5297 4125
f 4126 5307 4127
f 5307 4127 5309
f 4127 5297 4126
f 5293 4124 4125
f 5293 4792 4124
f 4127 4129 5309
f 4129 5315 5309
f 4228 4227 4352
f 4352 4346 4228
f 5172 4118 4119
f 4120 4122 5288
f 4119 5272 5265
f 5272 4119 4120
f 4122 4123 5277
f 4123 4124 4791
f 4119 5263 5181
f 5277 5288 4122
f 5265 5263 4119
f 4791 5277 4123
f 4124 4790 4791
f 4106 4568 4571
f 4106 4766 4821
f 4106 4591 4766
f 4108 4113 5037
f 4118 5337 5244
f 4571 4813 4106
f 5037 5027 4108
f 4117 5135 5134
f 5244 5146 4118
f 5540 4494 4492
f 5540 4530 4552
f 5540 4977 4973
f 5027 4591 4108
f 4113 4114 5040
f 4117 5050 5049
f 4973 4530 5540
f 4098 5540 4097
f 4098 4099 5004
f 4821 4568 4106
f 4588 4586 4591
f 4113 5038 5037
f 4114 5041 5040
f 4116 5048 4115
f 5049 4116 4117
f 5323 4117 5131
f 5247 5337 4118
f 5248 5163 4118
f 4491 5540 4486
f 5540 4098 4977
f 4530 4521 4516
f 4100 4101 5003
f 4102 5005 5007
f 4586 4766 4591
f 5040 5038 4113
f 4117 5066 5050
f 5134 5131 4117
f 5163 5247 4118
f 4492 4486 5540
f 5007 4101 4102
f 4103 5016 4102
f 4103 4104 5014
f 4105 5011 5012
f 4106 4553 5011
f 4821 4569 4568
f 5070 4117 5127
f 5323 5127 4117
f 4117 5146 5135
f 4491 4097 5540
f 4552 4494 5540
f 4516 4552 4530
f 5014 5016 4103
f 5011 4105 4106
f 4106 4550 4553
f 4554 4106 4813
f 4591 4106 4108
f 5048 5043 4115
f 5070 5066 4117
f 5131 5128 5323
f 5128 5131 5130
f 5146 4117 4118
f 4104 5012 5014
f 4554 4550 4106
f 4554 4813 4559
f 5041 4114 5043
f 5148 5244 5337
f 5163 5160 5247
f 5540 4097 4490
f 5540 5541 4097
f 5012 4104 4105
f 5043 4114 4115
f 5162 5163 5248
f 4231 4097 5542
f 4097 5541 5543
f 5543 5542 4097
f 5518 5544 5545
f 5545 5516 5518
f 5516 4490 4489
f 4489 4490 4457
f 5515 4231 5517
f 5514 4489 4954
f 4230 4231 5515
f 4489 5514 5516
f 4229 4230 5519
f 5546 4227 4229
f 4227 4354 4355
f 5546 4354 4227
f 4229 5520 5546
f 5522 5547 5513
f 4355 4350 4227
f 4372 4369 5548
f 4369 4364 5548
f 4369 4363 4364
f 5548 5521 4372
f 4375 4386 4376
f 4364 4365 4366
f 4375 4372 5521
f 5521 5547 5522
f 5521 4386 4375
f 4137 4653 4635
f 4137 4632 4634
f 4635 4632 4137
f 4152 4864 4868
f 4130 4133 5385
f 4134 5386 4133
f 4136 5400 5402
f 4145 4146 4900
f 4134 5387 5386
f 5402 4135 4136
f 5403 4136 4137
f 4147 4902 4898
f 4889 4151 4152
f 4130 5107 5108
f 5403 5400 4136
f 4833 4138 4655
f 4146 4898 4900
f 4148 4902 4147
f 4148 4149 4890
f 4130 5255 5373
f 5402 5395 4135
f 4898 4146 4147
f 4128 5368 5250
f 5368 4130 5225
f 4130 5258 5254
f 5108 5259 4130
f 5385 5260 4130
f 4138 4669 4655
f 4672 4847 4138
f 4888 4149 4150
f 5368 5251 5250
f 5254 5255 4130
f 5387 4134 5395
f 4847 4669 4138
f 5531 5535 5549
f 5535 5532 5550
f 5250 5213 4128
f 5373 5225 4130
f 5255 5254 5239
f 5259 5258 4130
f 5395 4134 4135
f 5550 5549 5535
f 5368 4128 4130
f 5373 5232 5226
f 4137 4833 4653
f 4153 4469 4727
f 4833 4137 4138
f 4656 4655 4669
f 4765 4469 4153
f 5226 5225 5373
f 5256 5254 5258
f 4676 4847 4672
f 4706 4703 4767
f 4152 4727 4920
f 4727 4152 4153
f 4767 4703 4858
f 4764 4752 5532
f 4128 5213 5356
f 5251 5220 5250
f 4152 4858 4864
f 4920 4767 4152
f 4154 5552 5551
f 5531 5552 4154
f 4444 4154 5551
f 5242 5256 5258
f 4858 4152 4767
f 5356 5249 4128
f 5201 4128 5249
f 4233 4232 5531
f 5551 4752 4444
f 5531 4154 4233
f 4738 4748 4739
f 4740 4739 5553
f 4739 4748 5553
f 4741 4740 5553
f 4234 4236 5554
f 4236 4729 5554
f 4236 4730 4728
f 4728 4729 4236
f 4232 5538 5537
f 5538 4232 4234
f 4749 4430 5534
f 5534 4430 4760
f 4430 4749 4433
f 5534 4747 4749
f 5534 5533 5539
f 4747 5534 4748
f 4350 4352 4227
f 5515 5519 4230
f 4792 4790 4124
f 5314 5315 4129
f 4730 4236 4235
f 5557 5531 5549
f 5544 5518 5517
f 5558 5544 5517
f 5546 5560 4357
f 4357 4354 5546
f 5513 5521 5559
f 5521 5513 5547
f 5559 5512 5561
f 5561 5513 5559
f 4354 4364 4366
f 4367 4364 4354
f 4354 4357 5562
f 5562 4367 4354
f 5548 5562 5512
f 5512 5521 5548
f 5516 5540 4490
f 5516 5511 5563
f 5563 5540 5516
f 5542 5517 4231
f 5517 5542 5564
f 5564 5565 5517
f 5545 5544 5558
f 5516 5545 5558
f 5558 5565 5566
f 5566 5516 5558
f 5531 5567 5568
f 5568 5552 5531
f 4752 5551 5569
f 5569 4754 4752
f 5550 5557 5549
f 5550 5532 5557
f 5557 5532 5570
f 5570 5526 5557
f 5530 5556 5534
f 5539 5530 5534
f 5530 5525 5571
f 5571 5556 5530
f 4234 5554 5538
f 5554 5572 5573
f 5573 5538 5554
f 5534 5553 4748
f 5534 5571 5574
f 5574 5553 5534
f 4741 5553 4729
f 5553 5555 4729
f 5555 5574 4733
f 4733 4729 5555
f 5559 5521 5512
f 5561 5560 5546
f 5546 5520 5561
f 5561 5520 5513
f 5560 5561 4357
f 5561 5512 5562
f 5562 4357 5561
f 5562 4364 4367
f 5548 4364 5562
f 5542 5543 5564
f 5543 5541 5564
f 5541 5563 5564
f 5563 5541 5540
f 5558 5517 5565
f 5565 5511 5566
f 5565 5563 5511
f 5563 5565 5564
f 5516 5566 5511
f 5555 5553 5574
f 5571 5534 5556
f 4733 5572 4729
f 5554 4729 5572
f 5525 5575 5571
f 5572 5574 5571
f 5572 4733 5574
f 5575 5572 5571
f 5530 5538 5525
f 5573 5525 5538
f 5525 5573 5572
f 5575 5525 5572
f 5523 5570 5532
f 5532 4754 5523
f 4754 5532 4752
f 5526 5570 5523
f 5523 4754 5526
f 5526 5531 5557
f 5526 5567 5531
f 5526 4754 5569
f 5569 5568 5526
f 5568 5551 5552
f 5568 5569 5551
f 5568 5567 5526
f 1588 1595 4325
f 5576 1588 5577
f 1590 5576 4321
f 1591 1590 4321
f 1597 1591 4320
f 1593 1597 4320
f 1594 1593 4326
f 1595 1594 4326
f 4326 4325 1595
f 4329 4326 1593
f 4320 4329 1593
f 4321 4320 1591
f 5577 4321 5576
f 4325 5577 1588
f 1597 2758 1591
f 5576 1590 2755
f 5576 2755 1596
f 1588 5576 1596
f 5578 2758 1597
f 1593 5579 5578
f 5578 1597 1593
f 1596 1587 1588
f 1593 2759 5579
f 4321 5488 5580
f 4321 5581 4322
f 5580 5491 4320
f 4326 5582 5490
f 4325 4324 4328
f 4329 4320 5491
f 5580 4320 4321
f 4326 4329 5582
f 4325 4326 5583
f 5577 4328 4322
f 5583 5489 4325
f 4328 5577 4325
f 4322 4321 5577
f 5491 5582 4329
f 4320 5580 1591
f 2755 1590 4321
f 4322 5581 2755
f 4321 4322 2755
f 5488 4321 1590
f 5583 4326 1594
f 1595 5489 5583
f 5583 1594 1595
f 1595 2754 4324
f 4325 5489 1595
f 4324 4325 1595
f 4324 2754 1587
f 1587 1596 4322
f 4328 4324 1587
f 4322 4328 1587
f 4322 1596 2755
f 5488 1590 2757
f 1591 5580 5488
f 5488 2757 1591
f 5580 1591 2758
f 2758 5491 5580
f 5491 2758 5578
f 5578 5579 5582
f 5582 5491 5578
f 5490 5582 5579
f 5490 5579 2759
f 1594 4326 5490
f 5490 2759 1594
f 1993 5587 5586
f 1993 5586 5585
f 1993 5585 5588
f 5584 1993 966
f 1993 5584 5587
f 5598 5592 5593
f 5597 5590 5598
f 5595 5598 5594
f 5596 5597 5595
f 5598 5595 5597
f 5593 5594 5598
f 5591 5598 5590
f 5592 5598 5591
f 5600 5599 5590
f 5601 5600 5597
f 5595 5602 5601
f 5602 5595 5594
f 5603 5602 5594
f 5604 5603 5593
f 5603 5594 5593
f 5604 5593 5592
f 5592 5605 5604
f 5592 5606 5605
f 5606 5592 5591
f 5599 5606 5591
f 5599 5591 5590
f 5596 5595 5601
f 5597 5596 5601
f 5590 5597 5600
f 5607 5608 5603
f 5609 5604 5605
f 5609 5607 5604
f 5603 5604 5607
f 5610 5611 5606
f 5611 5612 5606
f 5613 5614 5601
f 5606 5599 5610
f 5615 5602 5603
f 5601 5602 5613
f 5616 5599 5600
f 5614 5617 5601
f 5606 5612 5605
f 5602 5615 5613
f 5599 5616 5610
f 5600 5601 5618
f 5601 5617 5618
f 5619 5614 5613
f 5620 5613 5615
f 5621 5615 5603
f 5622 5603 5608
f 5623 5609 5605
f 5624 5605 5612
f 5625 5612 5611
f 5626 5611 5610
f 5610 5627 5626
f 5611 5626 5625
f 5612 5625 5624
f 5605 5624 5623
f 5609 5623 5607
f 5603 5622 5621
f 5615 5621 5620
f 5613 5620 5619
f 5625 5628 5624
f 5628 5625 5626
f 5621 5622 5620
f 5610 5599 5629
f 5614 5619 5601
f 5608 5630 5622
f 5623 5624 5630
f 5630 5607 5623
f 5629 5627 5610
f 5629 5626 5627
f 5630 5608 5607
f 5622 5631 5632
f 5620 5632 5633
f 5619 5633 5634
f 5619 5634 5635
f 5618 5635 5636
f 5618 5636 5637
f 5600 5637 5638
f 5629 5638 5639
f 5628 5639 5640
f 5624 5640 5641
f 5630 5641 5631
f 5631 5622 5630
f 5641 5630 5624
f 5640 5624 5628
f 5639 5628 5626
f 5639 5626 5629
f 5638 5629 5599
f 5638 5599 5616
f 5638 5616 5600
f 5637 5600 5618
f 5635 5618 5601
f 5635 5601 5619
f 5633 5619 5620
f 5632 5620 5622
f 5631 5641 5642
f 5641 5640 5642
f 5640 5639 5642
f 5639 5638 5642
f 5638 5637 5642
f 5637 5636 5642
f 5636 5635 5642
f 5635 5634 5642
f 5634 5633 5642
f 5633 5632 5642
f 5632 5631 5642
f 5650 5651 5657
f 5656 5655 5647
f 5647 5655 5646
f 5652 5650 5657
f 5652 5657 5651
f 5649 5650 5658
f 5658 5659 5649
f 5648 5649 5659
f 5659 5660 5648
f 5656 5647 5660
f 5660 5661 5655
f 5646 5655 5661
f 5661 5662 5645
f 5662 5663 5644
f 5663 5664 5644
f 5643 5644 5664
f 5664 5665 5643
f 5665 5666 5643
f 5666 5667 5654
f 5667 5668 5654
f 5653 5654 5668
f 5668 5669 5653
f 5652 5653 5669
f 5669 5670 5652
f 5670 5671 5652
f 5671 5672 5652
f 5672 5673 5650
f 5673 5658 5650
f 5650 5652 5672
f 5654 5643 5666
f 5644 5645 5662
f 5645 5646 5661
f 5655 5656 5660
f 5647 5648 5660
f 5671 5675 5673
f 5666 5665 5667
f 5669 5674 5671
f 5672 5671 5673
f 5680 5676 5660
f 5659 5680 5660
f 5664 5679 5665
f 5668 5667 5669
f 5663 5662 5664
f 5677 5664 5662
f 5680 5659 5658
f 5671 5670 5669
f 5676 5680 5658
f 5674 5669 5667
f 5679 5664 5677
f 5678 5679 5677
f 5681 5660 5676
f 5665 5682 5667
f 5683 5677 5662
f 5678 5677 5683
f 5669 5684 5674
f 5684 5670 5671
f 5671 5674 5684
f 5681 5658 5688
f 5692 5679 5683
f 5684 5668 5694
f 5673 5687 5658
f 5682 5665 5693
f 5676 5658 5681
f 5682 5693 5668
f 5660 5689 5690
f 5670 5686 5675
f 5671 5670 5675
f 5661 5690 5662
f 5684 5669 5668
f 5685 5670 5684
f 5668 5667 5682
f 5690 5661 5660
f 5691 5662 5690
f 5679 5678 5683
f 5673 5675 5686
f 5649 5648 5657
f 5695 5646 5645
f 5695 5645 5644
f 5646 5695 5648
f 5696 5643 5654
f 5654 5653 5696
f 5657 5650 5649
f 5648 5647 5646
f 5696 5697 5643
f 5653 5697 5696
f 5653 5652 5651
f 5697 5653 5651
f 5698 5651 5657
f 5699 5643 5696
f 5699 5644 5643
f 5699 5700 5644
f 5700 5695 5644
f 5700 5698 5695
f 5698 5648 5695
f 5698 5657 5648
f 5704 5651 5698
f 5706 5696 5697
f 5707 5699 5696
f 5698 5701 5702
f 5651 5704 5705
f 5697 5703 5706
f 5710 5700 5699
f 5698 5702 5704
f 5651 5705 5709
f 5709 5697 5651
f 5696 5706 5707
f 5699 5708 5710
f 5711 5647 5700
f 5697 5709 5712
f 5699 5707 5708
f 5700 5710 5645
f 5647 5698 5700
f 5697 5712 5703
f 5700 5645 5711
f 5647 5701 5698
f 5704 5702 5716
f 5703 5654 5706
f 5712 5718 5719
f 5708 5713 5710
f 5715 5647 5711
f 5703 5712 5719
f 5718 5712 5709
f 5649 5702 5701
f 5714 5711 5645
f 5720 5703 5719
f 5705 5652 5709
f 5716 5717 5704
f 5649 5716 5702
f 5715 5721 5722
f 5715 5711 5721
f 5647 5715 5722
f 5723 5701 5647
f 5647 5722 5723
f 5724 5649 5701
f 5701 5723 5724
f 5716 5649 5724
f 5724 5726 5716
f 5726 5704 5717
f 5716 5725 5726
f 5726 5717 5716
f 5704 5726 5727
f 5705 5704 5727
f 5727 5728 5652
f 5652 5728 5729
f 5729 5709 5652
f 5652 5705 5727
f 5718 5709 5729
f 5719 5718 5730
f 5718 5729 5730
f 5730 5720 5719
f 5731 5703 5720
f 5730 5731 5720
f 5654 5703 5731
f 5731 5732 5654
f 5733 5706 5654
f 5654 5734 5733
f 5733 5707 5706
f 5733 5735 5707
f 5735 5708 5707
f 5708 5735 5736
f 5736 5713 5708
f 5710 5713 5736
f 5736 5737 5710
f 5737 5738 5645
f 5645 5710 5737
f 5714 5738 5721
f 5721 5711 5714
f 5738 5714 5645
f 5732 5734 5654
f 5736 5735 5739
f 5742 5738 5741
f 5736 5739 5740
f 5741 5737 5738
f 5738 5742 5721
f 5733 5734 5732
f 5734 5731 5732
f 5732 5730 5746
f 5733 5732 5744
f 5735 5740 5739
f 5735 5745 5740
f 5730 5732 5731
f 5729 5727 5749
f 5730 5729 5728
f 5727 5729 5728
f 5728 5730 5746
f 5725 5748 5727
f 5725 5727 5726
f 5749 5728 5729
f 5722 5721 5742
f 5747 5724 5751
f 5752 5747 5725
f 5752 5726 5724
f 5750 5742 5743
f 5722 5723 5750
f 5725 5726 5752
f 5742 5750 5722
f 5724 5747 5752
f 5753 5725 5747
f 5748 5725 5753
f 5743 5754 5750
f 5754 5751 5724
f 5747 5754 5753
f 5727 5748 5753
f 5754 5722 5750
f 5747 5751 5754
f 5753 5749 5727
f 5723 5722 5754
f 5754 5724 5723
f 5728 5753 5755
f 5730 5728 5755
f 5728 5749 5753
f 5755 5757 5732
f 5757 5740 5745
f 5736 5740 5756
f 5757 5735 5733
f 5740 5757 5756
f 5732 5730 5755
f 5745 5735 5757
f 5744 5732 5757
f 5737 5736 5756
f 5756 5738 5737
f 5743 5742 5741
f 5733 5744 5757
f 5741 5756 5743
f 5741 5738 5756
f 5743 5758 5754
f 5758 5759 5754
f 5762 5759 5763
f 5762 5754 5759
f 5761 5753 5754
f 5761 5760 5753
f 5754 5762 5761
f 5760 5761 5764
f 5764 5765 5760
f 5764 5762 5766
f 5762 5764 5761
f 5764 5766 5767
f 5764 5767 5768
f 5767 5769 5768
f 5770 5764 5772
f 5772 5771 5770
f 5763 5759 5767
f 5773 5767 5759
f 5762 5767 5766
f 5763 5767 5762
f 5775 5767 5774
f 5776 5755 5764
f 5755 5765 5764
f 5755 5753 5760
f 5760 5765 5755
f 5764 5770 5776
f 5779 5770 5778
f 5780 5774 5767
f 5767 5758 5780
f 5758 5767 5773
f 5773 5759 5758
f 5756 5758 5743
f 5756 5784 5758
f 5788 5784 5787
f 5757 5785 5786
f 5787 5756 5757
f 5757 5786 5787
f 5784 5756 5787
f 5789 5790 5786
f 5786 5785 5789
f 5784 5788 5792
f 5792 5791 5784
f 5792 5788 5787
f 5787 5793 5792
f 5793 5787 5786
f 5786 5790 5793
f 5776 5794 5790
f 5789 5757 5755
f 5790 5755 5776
f 5790 5789 5755
f 5789 5785 5757
f 5776 5770 5779
f 5795 5779 5778
f 5796 5778 5777
f 5777 5797 5796
f 5778 5796 5795
f 5779 5795 5776
f 5777 5800 5799
f 5799 5798 5777
f 5792 5801 5802
f 5801 5792 5790
f 5792 5793 5790
f 5803 5790 5794
f 5797 5804 5805
f 5796 5805 5806
f 5795 5806 5794
f 5794 5776 5795
f 5806 5795 5796
f 5805 5796 5797
f 5780 5758 5792
f 5791 5758 5784
f 5791 5792 5758
f 5792 5807 5780
f 5808 5783 5782
f 5809 5782 5781
f 5810 5781 5774
f 5774 5780 5810
f 5781 5810 5809
f 5782 5809 5808
f 5811 5812 5783
f 5794 5806 5805
f 5807 5792 5813
f 5813 5814 5807
f 5780 5807 5815
f 5810 5815 5816
f 5809 5816 5817
f 5817 5808 5809
f 5816 5809 5810
f 5815 5810 5780
f 5804 5818 5819
f 5820 5821 5822
f 5820 5817 5821
f 5824 5825 5823
f 5823 5826 5824
f 5798 5827 5828
f 5828 5811 5798
f 5829 5825 5798
f 5811 5829 5798
f 5829 5823 5825
f 5829 5826 5823
f 5829 5830 5826
f 5831 5829 5811
f 5831 5830 5829
f 5830 5831 5832
f 5797 5777 5798
f 5798 5833 5797
f 5798 5825 5833
f 5826 5833 5824
f 5825 5824 5833
f 5808 5834 5811
f 5834 5831 5811
f 5834 5832 5831
f 5811 5783 5808
f 5830 5832 5826
f 5836 5832 5835
f 5836 5826 5832
f 5837 5826 5836
f 5826 5837 5838
f 5826 5838 5833
f 5832 5834 5839
f 5839 5835 5832
f 5808 5817 5820
f 5820 5834 5808
f 5820 5840 5834
f 5840 5841 5834
f 5820 5842 5840
f 5797 5833 5818
f 5833 5843 5818
f 5845 5846 5843
f 5843 5833 5845
f 5818 5804 5797
f 5843 5844 5842
f 5818 5842 5820
f 5818 5843 5842
f 5820 5848 5847
f 5847 5818 5820
f 5840 5842 5849
f 5849 5841 5840
f 5842 5844 5845
f 5845 5849 5842
f 5841 5839 5834
f 5841 5850 5839
f 5845 5833 5838
f 5838 5837 5845
f 5837 5851 5845
f 5851 5850 5841
f 5841 5845 5851
f 5841 5849 5845
f 5845 5844 5843
f 5852 5836 5835
f 5835 5853 5852
f 5836 5855 5856
f 5836 5857 5855
f 5835 5858 5853
f 5854 5837 5836
f 5852 5857 5836
f 5835 5860 5858
f 5859 5854 5836
f 5835 5861 5860
f 5835 5862 5861
f 5856 5859 5836
f 5839 5862 5835
f 5860 5861 5862
f 5852 5853 5858
f 5858 5860 5861
f 5858 5861 5863
f 5858 5864 5852
f 5866 5865 5851
f 5865 5850 5851
f 5867 5839 5850
f 5850 5869 5870
f 5865 5868 5850
f 5851 5871 5866
f 5870 5867 5850
f 5850 5868 5869
f 5851 5872 5871
f 5851 5837 5872
f 5658 5852 5864
f 5681 5858 5863
f 5858 5681 5688
f 5681 5861 5862
f 5862 5689 5660
f 5689 5862 5839
f 5839 5690 5689
f 5691 5690 5839
f 5662 5691 5867
f 5683 5867 5873
f 5867 5683 5662
f 5692 5683 5868
f 5679 5692 5868
f 5679 5868 5874
f 5665 5679 5874
f 5665 5874 5875
f 5866 5693 5665
f 5875 5866 5665
f 5693 5866 5871
f 5693 5871 5872
f 5694 5668 5872
f 5872 5837 5684
f 5685 5684 5837
f 5670 5685 5854
f 5854 5686 5670
f 5854 5859 5686
f 5859 5856 5686
f 5673 5686 5856
f 5856 5876 5673
f 5673 5876 5864
f 5658 5687 5852
f 5687 5864 5852
f 5864 5687 5673
f 5837 5854 5685
f 5684 5694 5872
f 5872 5668 5693
f 5873 5868 5683
f 5839 5867 5691
f 5862 5660 5681
f 5681 5863 5861
f 5858 5688 5658
f 5864 5858 5658
f 5866 5871 5872
f 5874 5866 5875
f 5866 5874 5865
f 5867 5870 5869
f 5867 5869 5868
f 5867 5868 5873
f 5868 5865 5874
f 5852 5855 5857
f 5864 5876 5852
f 5852 5876 5856
f 5852 5856 5855
f 5778 5770 5877
f 5885 5769 5879
f 5767 5766 5878
f 5878 5769 5767
f 5878 5879 5769
f 5880 5767 5775
f 5881 5884 5882
f 5882 5883 5881
f 5886 5884 5885
f 5775 5774 5888
f 5774 5887 5888
f 5887 5889 5888
f 5881 5889 5887
f 5764 5768 5890
f 5772 5764 5892
f 5890 5768 5891
f 5894 5895 5896
f 5893 5897 5896
f 5896 5895 5893
f 5894 5898 5899
f 5899 5884 5894
f 5769 5900 5768
f 5879 5900 5769
f 5901 5828 5827
f 5906 5828 5903
f 5901 5903 5828
f 5884 5899 5904
f 5904 5894 5884
f 5902 5894 5905
f 5904 5905 5894
f 5823 5827 5798
f 5811 5828 5829
f 5903 5829 5828
f 5906 5884 5909
f 5783 5812 5908
f 5883 5881 5910
f 5910 5911 5883
f 5883 5884 5882
f 5909 5884 5883
f 5908 5911 5910
f 5913 5912 5883
f 5913 5883 5911
f 5883 5912 5914
f 5914 5909 5883
f 5911 5908 5916
f 5916 5913 5911
f 5909 5903 5906
f 5914 5909 5884
f 5811 5915 5908
f 5811 5908 5812
f 5908 5917 5916
f 5917 5908 5915
f 5909 5914 5918
f 5918 5903 5909
f 5811 5919 5917
f 5917 5915 5811
f 5829 5903 5811
f 5811 5903 5918
f 5918 5919 5811
f 5775 5888 5880
f 5920 5880 5888
f 5920 5767 5880
f 5767 5920 5766
f 5920 5888 5921
f 5921 5922 5920
f 5888 5923 5921
f 5889 5881 5923
f 5924 5923 5881
f 5888 5889 5923
f 5878 5766 5920
f 5881 5912 5924
f 5912 5881 5883
f 5920 5922 5925
f 5925 5878 5920
f 5883 5882 5926
f 5926 5912 5883
f 5879 5884 5886
f 5884 5879 5878
f 5878 5882 5884
f 5885 5879 5886
f 5878 5925 5926
f 5926 5882 5878
f 5798 5799 5800
f 5927 5928 5800
f 5800 5929 5927
f 5907 5895 5896
f 5896 5930 5907
f 5929 5800 5907
f 5798 5800 5928
f 5928 5932 5798
f 5933 5930 5896
f 5894 5933 5896
f 5934 5929 5907
f 5907 5930 5934
f 5798 5931 5823
f 5798 5932 5935
f 5931 5798 5935
f 5930 5933 5936
f 5936 5934 5930
f 5931 5827 5823
f 5827 5931 5902
f 5902 5935 5937
f 5937 5905 5902
f 5933 5894 5936
f 5938 5936 5894
f 5937 5894 5905
f 5937 5938 5894
f 5902 5931 5935
f 5899 5939 5940
f 5899 5941 5939
f 5940 5904 5899
f 5940 5942 5904
f 5905 5904 5942
f 5942 5943 5905
f 5901 5899 5884
f 5906 5903 5884
f 5903 5901 5884
f 5941 5899 5884
f 5902 5905 5943
f 5943 5944 5902
f 5899 5901 5945
f 5945 5941 5899
f 5944 5946 5902
f 5946 5827 5902
f 5768 5900 5879
f 5768 5947 5948
f 5879 5949 5950
f 5768 5950 5947
f 5879 5951 5949
f 5950 5768 5879
f 5879 5952 5953
f 5953 5951 5879
f 5768 5898 5894
f 5891 5768 5894
f 5898 5768 5948
f 5948 5954 5898
f 5879 5886 5955
f 5955 5952 5879
f 5898 5886 5884
f 5898 5884 5899
f 5897 5893 5771
f 5897 5771 5957
f 5897 5957 5956
f 5956 5896 5897
f 5896 5956 5938
f 5938 5894 5896
f 5764 5772 5771
f 5771 5892 5764
f 5892 5771 5772
f 5771 5959 5958
f 5959 5771 5772
f 5958 5957 5771
f 5894 5890 5891
f 5764 5960 5959
f 5959 5772 5764
f 5894 5938 5961
f 5961 5890 5894
f 5764 5890 5961
f 5961 5960 5764
f 5961 5938 5962
f 5957 5959 5960
f 5956 5961 5962
f 5960 5961 5957
f 5962 5938 5956
f 5956 5957 5961
f 5959 5957 5958
f 5954 5948 5963
f 5949 5951 5950
f 5947 5963 5948
f 5953 5952 5955
f 5951 5953 5964
f 5940 5950 5951
f 5951 5964 5940
f 5940 5965 5947
f 5947 5950 5940
f 5965 5966 5947
f 5954 5963 5947
f 5966 5954 5947
f 5955 5964 5953
f 5940 5886 5898
f 5898 5954 5940
f 5940 5967 5886
f 5967 5964 5886
f 5964 5955 5886
f 5966 5965 5940
f 5940 5954 5966
f 5940 5964 5967
f 5939 5941 5968
f 5940 5965 5942
f 5969 5968 5941
f 5941 5970 5969
f 5971 5939 5968
f 5968 5969 5971
f 5942 5965 5972
f 5971 5972 5965
f 5965 5940 5971
f 5940 5939 5971
f 5972 5946 5942
f 5943 5942 5946
f 5946 5944 5943
f 5945 5970 5941
f 5827 5973 5971
f 5971 5901 5827
f 5827 5972 5973
f 5901 5970 5945
f 5971 5970 5901
f 5827 5946 5972
f 5973 5972 5971
f 5970 5971 5969
f 5913 5919 5918
f 5918 5914 5912
f 5913 5917 5919
f 5912 5913 5918
f 5913 5916 5917
f 5926 5924 5912
f 5923 5925 5922
f 5925 5923 5924
f 5924 5926 5925
f 5922 5921 5923
f 5935 5932 5928
f 5935 5928 5927
f 5934 5936 5974
f 5929 5935 5927
f 5929 5974 5935
f 5929 5934 5974
f 5935 5974 5937
f 5936 5937 5974
f 5937 5936 5938
f 5781 5782 5783
f 5783 5975 5781
f 5877 5770 5893
f 5895 5907 5800
f 5800 5976 5895
f 5771 5893 5770
f 5777 5976 5800
f 5887 5774 5780
f 5781 5975 5978
f 5975 5783 5808
f 5783 5908 5979
f 5908 5910 5979
f 5910 5881 5980
f 5881 5887 5977
f 5977 5980 5881
f 5980 5979 5910
f 5979 5808 5783
f 5808 5978 5975
f 5978 5810 5781
f 5780 5977 5887
f 5981 5982 5977
f 5982 5983 5979
f 5983 5821 5979
f 5808 5979 5817
f 5979 5821 5817
f 5817 5984 5978
f 5984 5815 5978
f 5807 5981 5977
f 5977 5780 5807
f 5810 5978 5815
f 5978 5808 5817
f 5979 5980 5982
f 5980 5977 5982
f 5984 5817 5815
f 5816 5815 5817
f 5893 5895 5986
f 5895 5976 5987
f 5976 5777 5797
f 5778 5877 5988
f 5877 5893 5985
f 5985 5988 5877
f 5988 5796 5778
f 5797 5987 5976
f 5987 5986 5895
f 5986 5985 5893
f 5989 5990 5988
f 5990 5805 5988
f 5804 5991 5987
f 5991 5992 5986
f 5992 5989 5985
f 5985 5986 5992
f 5986 5987 5991
f 5987 5797 5804
f 5796 5988 5805
f 5988 5985 5989
f 5991 5804 5994
f 5991 5994 5992
f 5995 5992 5994
f 5794 5990 5989
f 5993 5794 5989
f 6001 5997 5996
f 5982 5999 5998
f 5998 5997 5982
f 5814 6000 5981
f 5982 5981 6000
f 5814 5981 5807
f 5792 5802 6002
f 6002 5793 5792
f 5813 5792 6003
f 6004 6002 5802
f 6004 5802 6001
f 5990 5794 5805
f 6005 5801 5790
f 6009 5801 6005
f 6006 5790 5803
f 5993 5803 5794
f 6007 6008 5992
f 5989 5992 6008
f 6008 6010 5989
f 5997 6011 6012
f 6012 6007 5997
f 6013 5802 5801
f 5802 6013 6004
f 5848 6014 5847
f 5848 6016 6014
f 6016 5848 6017
f 6007 6018 6011
f 6011 5997 6007
f 6019 6018 6007
f 6019 6007 6015
f 5819 5994 5804
f 5818 5847 5844
f 6015 5844 5847
f 5842 5848 5820
f 5848 5842 6016
f 6020 5997 6017
f 5982 5999 5983
f 6021 5983 5999
f 5999 5997 6020
f 5998 5997 5999
f 5983 6021 5821
f 6022 6023 5999
f 6021 5999 6023
f 5999 6020 6024
f 6024 6022 5999
f 6021 6023 6026
f 6026 5821 6021
f 6017 6016 6020
f 6024 5997 6020
f 5821 6025 5820
f 6025 5821 6027
f 6026 6027 5821
f 6020 6016 6028
f 6028 6024 6020
f 5820 6025 6027
f 6027 6029 5820
f 6016 5842 5820
f 5820 6029 6028
f 6028 6016 5820
f 5814 6003 6030
f 6003 5814 5813
f 5792 6030 6003
f 6030 5792 5793
f 6030 6032 6031
f 6031 5814 6030
f 6000 5814 6031
f 6031 6033 6000
f 5982 6033 5980
f 5982 6000 6033
f 6002 6030 5793
f 5980 6022 5982
f 5999 5982 6022
f 6030 6002 6034
f 6034 6032 6030
f 5999 6022 6035
f 6035 5998 5999
f 6002 5997 5998
f 5997 6002 6004
f 6004 5996 5997
f 5996 6004 6001
f 6002 5998 6035
f 6035 6034 6002
f 5994 5819 5818
f 5994 6036 6037
f 6037 6038 5994
f 5992 5995 6008
f 6039 6008 5995
f 5995 5994 6038
f 5818 6041 6036
f 6036 5994 5818
f 6008 6042 6007
f 6042 6008 6039
f 6043 6039 5995
f 5995 6038 6043
f 5818 5844 6040
f 6044 5818 6040
f 6044 6041 5818
f 6039 6043 6045
f 6045 6042 6039
f 5844 6015 6040
f 6015 6019 6046
f 6046 6044 6015
f 6045 6047 6007
f 6047 6019 6007
f 6047 6046 6019
f 6007 6042 6045
f 6040 6015 6044
f 6011 6018 6048
f 6018 6049 6048
f 6048 6050 6011
f 6050 6051 6011
f 6019 6052 6049
f 6049 6018 6019
f 5997 6014 6016
f 5997 6011 6014
f 5997 6016 6017
f 6011 5997 6051
f 6015 6053 6052
f 6052 6019 6015
f 6011 6051 6054
f 6054 6014 6011
f 6015 5847 6055
f 6055 6053 6015
f 5801 6004 6013
f 5801 6056 6057
f 6004 6057 6058
f 6059 6056 5801
f 6057 6004 5801
f 6058 6060 6004
f 5801 6007 6012
f 6007 5801 6009
f 6012 6061 6059
f 6059 5801 6012
f 6004 6060 6062
f 6062 5996 6004
f 6012 5997 5996
f 5993 5989 6010
f 6010 6008 6063
f 6063 6064 6010
f 6064 5993 6010
f 6008 6007 6047
f 6047 6063 6008
f 5993 5790 6006
f 5790 5993 5803
f 5803 5993 6006
f 5993 6064 6065
f 6065 6066 5993
f 5803 5993 6066
f 6009 6005 6007
f 5790 5803 6066
f 6066 6067 5790
f 6007 6005 6068
f 6068 6047 6007
f 5790 6067 6068
f 6068 6005 5790
f 6068 6069 6047
f 6067 6066 6064
f 6068 6064 6063
f 6063 6047 6068
f 6064 6068 6067
f 6065 6064 6066
f 6070 6059 6061
f 6056 6059 6070
f 6056 6070 6061
f 6071 6048 6056
f 6056 6061 6071
f 6048 6072 6057
f 6058 6057 6072
f 6072 6062 6060
f 6060 6058 6072
f 6057 6056 6048
f 6012 5996 6048
f 5996 6072 6048
f 5996 6062 6072
f 6048 6061 6012
f 6048 6071 6061
f 6049 6052 6053
f 6053 6055 6049
f 6074 6050 6048
f 6073 6048 6049
f 6051 6050 6074
f 6051 6075 6054
f 6074 6075 6051
f 6048 6073 6074
f 6055 6073 6049
f 5847 6014 6074
f 6014 6075 6074
f 6074 6073 5847
f 6054 6075 6014
f 6073 6055 5847
f 6028 6023 6022
f 6029 6027 6023
f 6022 6024 6028
f 6028 6029 6023
f 6023 6027 6026
f 6022 5980 6035
f 6034 6035 5980
f 6033 6031 6032
f 6032 6034 6033
f 5980 6033 6034
f 6044 6037 6036
f 6041 6044 6036
f 6044 6038 6037
f 6076 6045 6043
f 6044 6076 6038
f 6076 6043 6038
f 6044 6046 6076
f 6045 6076 6046
f 6046 6047 6045
f 6087 6079 6081
f 6089 6088 6087
f 6090 6077 6089
f 6091 6089 6083
f 6085 6090 6091
f 6079 6077 6078
f 6087 6081 6082
f 6082 6083 6087
f 6091 6084 6085
f 6090 6085 6086
f 6077 6090 6086
f 6080 6081 6079
f 6083 6084 6091
f 6089 6091 6090
f 6087 6083 6089
f 6088 6089 6077
f 6079 6087 6088
f 6079 6088 6077
f 5671 6077 6086
f 6086 5674 5671
f 5667 5674 6086
f 5666 5667 6085
f 5666 6085 6084
f 6084 6092 5666
f 6084 5677 6092
f 5677 6084 6083
f 5677 6082 6081
f 5661 6081 6080
f 6080 5680 5661
f 6078 6093 5680
f 5672 6093 6078
f 5672 6078 6077
f 6079 6078 5680
f 6080 6079 5680
f 6081 5661 5677
f 6083 6082 5677
f 6086 6085 5667
f 6077 5671 5672
f 5661 5662 5677
f 5675 5673 5672
f 5676 6093 5672
f 5661 5680 5660
f 5680 6093 5676
f 6094 6092 5677
f 6094 5665 5666
f 5681 5660 5680
f 5666 6092 6094
f 5671 5675 5672
f 5672 5673 5676
f 5680 5676 5681
f 5677 5678 6094
f 5665 6094 5678
f 5658 5676 5673
f 5677 5662 5678
f 5678 5679 5665
f 5678 5677 5664
f 5664 5679 5678
f 5666 5643 6095
f 5667 6095 5653
f 5674 5653 5652
f 5671 5652 6096
f 5672 6096 5650
f 5673 5650 5649
f 5676 5649 5648
f 5680 5648 6097
f 5660 6097 5656
f 5661 5655 6098
f 5662 6098 5644
f 5644 5677 5662
f 6098 5662 5661
f 6097 5660 5680
f 5648 5680 5676
f 5649 5676 5658
f 5649 5658 5673
f 6096 5672 5671
f 5652 5671 5674
f 5653 5674 5667
f 6095 5667 5666
f 5643 5665 5679
f 5643 5679 5664
f 5644 5664 5677
f 6099 6098 5655
f 5655 5656 6099
f 5656 6097 6099
f 6097 5648 6099
f 5648 5649 6099
f 5649 5650 6099
f 5650 6096 6099
f 6096 5652 6099
f 5652 5653 6099
f 5653 6095 6099
f 6095 5643 6099
f 5643 5644 6099
f 5644 6098 6099
f 5632 6100 5631
f 6100 6101 6104
f 6101 6102 5640
f 6104 5641 6103
f 6103 6100 6104
f 6103 5631 6100
f 5640 6103 6101
f 6103 6104 6101
f 5624 5630 6103
f 6103 5641 5630
f 5622 5620 5631
f 5619 6105 5635
f 6105 6106 5635
f 6106 6107 5636
f 5637 5636 6107
f 6107 6108 5637
f 5638 5637 6108
f 6108 5629 5638
f 5636 5635 6106
f 5632 5631 5620
f 5631 6103 5630
f 6103 5640 5624
f 5630 5607 5622
f 5619 5614 5617
f 6108 5616 5599
f 5628 5626 5624
f 6105 5601 5618
f 6107 5600 5616
f 6106 5618 5600
f 5600 6107 6106
f 5616 6108 6107
f 5618 6106 6105
f 5601 6105 5619
f 5599 5629 6108
f 5617 5601 5619
f 5625 5624 5626
f 5610 5616 6109
f 5607 5608 5622
f 6108 6110 6111
f 5621 5608 6113
f 6117 6110 6108
f 5620 6114 5619
f 6118 6116 6110
f 5616 6108 6112
f 5624 5625 5623
f 5617 6115 6106
f 5618 6106 6118
f 6109 6112 5627
f 5600 6117 5616
f 5618 6118 6117
f 5622 5608 5621
f 6117 5600 5618
f 5627 5610 6109
f 6115 5617 5619
f 6112 6109 5616
f 6106 5618 5617
f 6108 5616 6117
f 6110 6117 6118
f 6116 6118 6106
f 6102 5640 5639
f 5632 6119 5631
f 5632 5633 6119
f 5634 5635 6119
f 5636 6120 5635
f 5636 5637 6120
f 6119 5633 5634
f 5638 6120 5637
f 6120 6125 6126
f 5639 6122 6124
f 5638 6124 6120
f 5635 6126 6121
f 5631 6121 6100
f 5640 6102 6122
f 6122 5639 5640
f 6121 5631 6119
f 6121 6119 5635
f 6124 5638 5639
f 6122 6102 6101
f 6126 5635 6120
f 6125 6120 6124
f 6101 6123 6122
f 6127 6123 6101
f 6102 6122 6123
f 6130 6126 6125
f 6122 6102 6128
f 6122 6128 6129
f 6132 6124 6122
f 6133 6125 6124
f 6126 6130 6131
f 6134 6121 6126
f 6122 6129 6132
f 6124 6132 6133
f 6126 6131 6134
f 6136 6100 6121
f 6137 6101 6100
f 6135 6136 6121
f 6100 6136 6137
f 6101 6137 6104
f 6104 6127 6101
f 6125 6133 6138
f 6125 6138 6130
f 6121 6134 6135
f 6127 6102 6123
f 6139 6134 6135
f 6138 6142 6130
f 6136 6140 6137
f 6141 6133 6132
f 6128 6102 6127
f 6143 6127 6104
f 6128 6127 6144
f 6144 6145 6128
f 6145 6146 6128
f 6146 6129 6128
f 6147 6132 6129
f 6132 6147 6148
f 6141 6132 6148
f 6148 6149 6141
f 6141 6149 6150
f 6150 6133 6141
f 6133 6150 6151
f 6142 6138 6151
f 6151 6130 6142
f 6131 6130 6152
f 6131 6154 6153
f 6155 6134 6131
f 6131 6153 6155
f 6134 6155 6156
f 6135 6134 6156
f 6156 6139 6135
f 6139 6157 6156
f 6135 6156 6158
f 6158 6136 6135
f 6136 6158 6159
f 6140 6159 6160
f 6140 6136 6159
f 6137 6160 6161
f 6137 6161 6143
f 6104 6137 6143
f 6160 6137 6140
f 6152 6154 6131
f 6151 6152 6130
f 6151 6138 6133
f 6129 6146 6147
f 6143 6144 6127
f 6143 6160 6161
f 6158 6157 6162
f 6158 6156 6157
f 6159 6161 6160
f 6162 6163 6158
f 6157 6156 6165
f 6162 6165 6153
f 6162 6153 6164
f 6155 6153 6156
f 6165 6162 6157
f 6153 6165 6156
f 6149 6147 6166
f 6149 6166 6167
f 6148 6147 6149
f 6149 6168 6150
f 6170 6167 6166
f 6166 6147 6146
f 6146 6170 6166
f 6145 6170 6146
f 6143 6169 6144
f 6172 6167 6170
f 6149 6167 6171
f 6173 6172 6169
f 6172 6170 6145
f 6167 6172 6171
f 6169 6143 6173
f 6172 6144 6169
f 6172 6145 6144
f 6171 6168 6149
f 6171 6150 6168
f 6174 6151 6150
f 6150 6171 6174
f 6175 6163 6162
f 6174 6176 6152
f 6176 6164 6153
f 6176 6162 6164
f 6162 6176 6175
f 6175 6159 6158
f 6152 6151 6174
f 6158 6163 6175
f 6154 6152 6176
f 6153 6154 6176
f 6161 6175 6173
f 6143 6161 6173
f 6161 6159 6175
f 6177 6174 6171
f 6171 6178 6177
f 6171 6180 6178
f 6181 6171 6172
f 6181 6180 6171
f 6172 6179 6181
f 6183 6182 6178
f 6180 6181 6183
f 6184 6183 6181
f 6178 6180 6183
f 6179 6186 6185
f 6179 6172 6186
f 6185 6184 6181
f 6181 6179 6185
f 6185 6183 6184
f 6183 6187 6188
f 6187 6189 6188
f 6185 6187 6183
f 6190 6191 6192
f 6190 6183 6193
f 6193 6191 6190
f 6194 6196 6195
f 6195 6187 6194
f 6197 6177 6183
f 6182 6183 6177
f 6177 6178 6182
f 6183 6190 6197
f 6201 6198 6199
f 6177 6202 6176
f 6174 6177 6176
f 6203 6194 6187
f 6187 6173 6203
f 6187 6185 6173
f 6172 6173 6186
f 6185 6186 6173
f 6206 6204 6205
f 6204 6206 6194
f 6176 6208 6209
f 6207 6175 6176
f 6202 6208 6176
f 6176 6209 6207
f 6202 6210 6208
f 6211 6208 6210
f 6211 6212 6208
f 6209 6208 6212
f 6177 6210 6202
f 6197 6213 6211
f 6211 6177 6197
f 6211 6210 6177
f 6197 6190 6200
f 6214 6200 6199
f 6215 6199 6198
f 6198 6216 6215
f 6199 6215 6214
f 6200 6214 6197
f 6217 6198 6201
f 6201 6219 6218
f 6201 6198 6219
f 6218 6217 6201
f 6220 6221 6222
f 6221 6220 6211
f 6211 6220 6223
f 6223 6209 6212
f 6209 6223 6207
f 6212 6211 6223
f 6213 6225 6224
f 6224 6211 6213
f 6216 6226 6227
f 6215 6227 6228
f 6214 6228 6213
f 6213 6197 6214
f 6228 6214 6215
f 6227 6215 6216
f 6229 6207 6223
f 6229 6175 6207
f 6203 6173 6220
f 6173 6223 6220
f 6175 6229 6173
f 6229 6223 6173
f 6220 6230 6203
f 6231 6205 6204
f 6233 6204 6194
f 6194 6203 6233
f 6204 6233 6232
f 6204 6232 6231
f 6234 6235 6205
f 6226 6236 6227
f 6230 6220 6237
f 6237 6238 6230
f 6238 6239 6230
f 6233 6230 6240
f 6232 6240 6241
f 6241 6231 6232
f 6240 6232 6233
f 6230 6233 6203
f 6236 6242 6243
f 6243 6226 6236
f 6242 6236 6226
f 6244 6240 6230
f 6240 6244 6241
f 6245 6246 6247
f 6245 6241 6246
f 6217 6249 6250
f 6250 6234 6217
f 6234 6251 6217
f 6251 6234 6252
f 6234 6253 6252
f 6251 6252 6254
f 6251 6254 6255
f 6255 6217 6251
f 6216 6198 6217
f 6217 6256 6216
f 6257 6256 6248
f 6217 6248 6256
f 6231 6258 6234
f 6258 6254 6252
f 6258 6253 6234
f 6252 6253 6258
f 6234 6205 6231
f 6257 6248 6217
f 6217 6255 6257
f 6259 6255 6254
f 6255 6259 6257
f 6260 6257 6259
f 6257 6260 6256
f 6231 6241 6245
f 6245 6258 6231
f 6258 6263 6262
f 6245 6261 6258
f 6261 6263 6258
f 6263 6245 6264
f 6262 6263 6264
f 6263 6261 6245
f 6264 6265 6262
f 6268 6266 6242
f 6242 6267 6268
f 6216 6256 6242
f 6256 6267 6242
f 6268 6267 6256
f 6242 6226 6216
f 6242 6265 6264
f 6242 6266 6265
f 6242 6264 6245
f 6245 6270 6269
f 6269 6242 6245
f 6266 6262 6265
f 6271 6268 6256
f 6256 6260 6271
f 6266 6271 6262
f 6268 6271 6266
f 6272 6259 6254
f 6259 6273 6274
f 6254 6275 6272
f 6259 6278 6277
f 6272 6273 6259
f 6254 6279 6275
f 6276 6260 6259
f 6274 6278 6259
f 6280 6276 6259
f 6254 6281 6279
f 6254 6282 6281
f 6254 6258 6282
f 6277 6280 6259
f 6287 6279 6286
f 6286 6281 6284
f 6281 6282 6285
f 6282 6258 6283
f 6278 6275 6287
f 6274 6272 6275
f 6274 6273 6272
f 6278 6274 6275
f 6283 6285 6282
f 6285 6284 6281
f 6281 6286 6279
f 6279 6287 6275
f 6271 6288 6289
f 6262 6289 6291
f 6290 6288 6271
f 6262 6291 6293
f 6289 6262 6271
f 6292 6258 6262
f 6294 6290 6271
f 6271 6295 6294
f 6293 6292 6262
f 6260 6296 6271
f 6296 6295 6271
f 5626 6278 6287
f 6287 5625 5626
f 5625 6287 6286
f 6284 5623 5625
f 5623 6284 6285
f 5623 6285 6283
f 6283 5607 5623
f 5608 5607 6283
f 6283 6297 5608
f 5608 6297 6298
f 6113 5608 6298
f 6298 6299 6113
f 6299 5621 6113
f 6299 6300 5621
f 6300 5620 5621
f 6300 6288 5620
f 5619 6114 6301
f 6288 6301 6114
f 6114 5620 6288
f 6301 6294 5619
f 6294 6115 5619
f 6115 6294 6295
f 6106 6115 6296
f 6115 6295 6296
f 6116 6296 6260
f 6260 6110 6116
f 6111 6110 6260
f 6260 6276 6111
f 6276 6108 6111
f 6276 6112 6108
f 5627 6112 6277
f 5627 6277 6278
f 6278 5626 5627
f 6276 6277 6112
f 6116 6106 6296
f 5625 6286 6284
f 6294 6301 6288
f 6294 6288 6290
f 6293 6302 6300
f 6303 6293 6299
f 6258 6292 6297
f 6292 6303 6298
f 6288 6304 6291
f 6291 6289 6288
f 6288 6300 6304
f 6299 6298 6303
f 6298 6297 6292
f 6297 6283 6258
f 6300 6299 6293
f 6304 6300 6302
f 6304 6302 6291
f 6293 6303 6292
f 6291 6302 6293
f 6277 6276 6280
f 6201 6305 6219
f 6192 6200 6190
f 6311 6189 6306
f 6187 6185 6307
f 6307 6189 6187
f 6307 6306 6189
f 6309 6310 6308
f 6195 6196 6313
f 6317 6316 6321
f 6314 6321 6318
f 6316 6319 6321
f 6319 6318 6321
f 6315 6317 6320
f 6322 6309 6321
f 6189 6323 6324
f 6324 6188 6189
f 6323 6189 6311
f 6249 6325 6250
f 6326 6249 6327
f 6328 6309 6329
f 6331 6217 6218
f 6234 6250 6251
f 6205 6333 6332
f 6205 6235 6333
f 6235 6334 6333
f 6234 6334 6235
f 6310 6328 6309
f 6310 6308 6336
f 6337 6336 6308
f 6338 6337 6308
f 6338 6308 6335
f 6310 6336 6339
f 6339 6328 6310
f 6328 6250 6329
f 6251 6250 6328
f 6328 6339 6340
f 6234 6333 6334
f 6335 6332 6338
f 6341 6338 6332
f 6341 6332 6333
f 6328 6340 6342
f 6342 6251 6328
f 6234 6343 6341
f 6341 6333 6234
f 6234 6342 6343
f 6234 6251 6342
f 6344 6196 6312
f 6196 6344 6313
f 6195 6344 6187
f 6195 6313 6344
f 6345 6187 6344
f 6346 6344 6312
f 6347 6346 6312
f 6348 6185 6187
f 6187 6345 6348
f 6345 6344 6346
f 6346 6349 6345
f 6312 6308 6337
f 6337 6347 6312
f 6306 6185 6348
f 6185 6306 6307
f 6348 6345 6350
f 6349 6350 6345
f 6348 6350 6351
f 6351 6306 6348
f 6310 6309 6352
f 6352 6336 6310
f 6311 6306 6309
f 6306 6351 6352
f 6352 6309 6306
f 6219 6217 6331
f 6218 6219 6331
f 6353 6217 6219
f 6219 6355 6354
f 6219 6305 6355
f 6330 6356 6355
f 6355 6305 6330
f 6353 6219 6354
f 6354 6357 6353
f 6330 6317 6356
f 6358 6356 6317
f 6317 6316 6359
f 6359 6358 6317
f 6326 6249 6217
f 6217 6353 6326
f 6326 6316 6321
f 6327 6326 6321
f 6326 6360 6359
f 6359 6316 6326
f 6326 6357 6360
f 6357 6326 6353
f 6321 6322 6361
f 6361 6322 6309
f 6309 6328 6361
f 6361 6363 6362
f 6362 6321 6361
f 6362 6364 6321
f 6364 6365 6321
f 6328 6366 6363
f 6361 6328 6363
f 6367 6325 6249
f 6249 6326 6367
f 6326 6321 6365
f 6365 6368 6326
f 6328 6250 6369
f 6369 6366 6328
f 6250 6325 6367
f 6370 6367 6326
f 6368 6370 6326
f 6324 6314 6188
f 6324 6371 6372
f 6323 6373 6371
f 6371 6324 6323
f 6374 6373 6323
f 6318 6314 6324
f 6372 6375 6324
f 6309 6322 6323
f 6309 6323 6311
f 6318 6324 6375
f 6375 6376 6318
f 6323 6322 6377
f 6377 6374 6323
f 6322 6321 6318
f 6378 6317 6315
f 6315 6192 6191
f 6191 6193 6315
f 6378 6380 6379
f 6378 6315 6380
f 6378 6379 6358
f 6358 6317 6378
f 6317 6358 6381
f 6381 6316 6317
f 6193 6183 6382
f 6315 6383 6380
f 6383 6315 6193
f 6314 6318 6319
f 6381 6319 6316
f 6382 6384 6383
f 6383 6193 6382
f 6319 6381 6385
f 6385 6314 6319
f 6183 6188 6386
f 6386 6384 6183
f 6382 6183 6384
f 6188 6385 6386
f 6385 6188 6314
f 6380 6383 6384
f 6379 6380 6384
f 6358 6385 6381
f 6384 6386 6379
f 6385 6358 6379
f 6386 6385 6379
f 6373 6374 6377
f 6373 6377 6387
f 6387 6371 6373
f 6387 6388 6371
f 6372 6371 6388
f 6388 6376 6372
f 6375 6372 6376
f 6318 6388 6387
f 6387 6322 6318
f 6387 6377 6322
f 6318 6376 6388
f 6363 6366 6369
f 6389 6362 6363
f 6362 6389 6390
f 6364 6362 6390
f 6390 6370 6364
f 6365 6364 6370
f 6370 6368 6365
f 6369 6389 6363
f 6390 6250 6367
f 6367 6370 6390
f 6390 6389 6250
f 6389 6369 6250
f 6339 6336 6391
f 6343 6338 6341
f 6391 6338 6392
f 6392 6339 6391
f 6338 6343 6342
f 6392 6340 6339
f 6338 6342 6392
f 6338 6336 6337
f 6338 6391 6336
f 6340 6392 6342
f 6347 6351 6350
f 6351 6347 6393
f 6393 6352 6351
f 6350 6349 6347
f 6393 6336 6352
f 6349 6346 6347
f 6347 6337 6336
f 6336 6393 6347
f 6354 6394 6357
f 6356 6360 6357
f 6356 6359 6360
f 6357 6354 6356
f 6354 6355 6356
f 6359 6356 6358
f 6335 6308 6332
f 6395 6200 6192
f 6320 6317 6305
f 6200 6395 6201
f 6199 6200 6201
f 6330 6305 6317
f 6196 6194 6203
f 6194 6206 6397
f 6206 6205 6397
f 6205 6332 6398
f 6332 6308 6337
f 6308 6312 6347
f 6312 6196 6396
f 6396 6347 6312
f 6347 6337 6308
f 6337 6398 6332
f 6398 6231 6205
f 6231 6397 6205
f 6397 6203 6194
f 6203 6396 6196
f 6239 6399 6347
f 6399 6400 6337
f 6400 6401 6398
f 6401 6241 6231
f 6241 6244 6397
f 6244 6230 6203
f 6230 6239 6396
f 6396 6203 6230
f 6203 6397 6244
f 6397 6231 6241
f 6231 6398 6401
f 6398 6337 6400
f 6337 6347 6399
f 6347 6396 6239
f 6400 6402 6401
f 6192 6315 6380
f 6315 6320 6403
f 6320 6305 6355
f 6305 6201 6404
f 6201 6395 6405
f 6395 6192 6405
f 6406 6405 6192
f 6405 6404 6201
f 6404 6355 6305
f 6355 6403 6320
f 6403 6380 6315
f 6380 6406 6192
f 6225 6407 6405
f 6407 6236 6404
f 6404 6236 6408
f 6408 6355 6404
f 6408 6409 6403
f 6409 6410 6403
f 6410 6225 6406
f 6406 6380 6410
f 6380 6403 6410
f 6403 6355 6408
f 6404 6405 6407
f 6405 6406 6225
f 6408 6411 6412
f 6228 6227 6236
f 6407 6228 6236
f 6412 6409 6408
f 6228 6407 6225
f 6400 6414 6413
f 6401 6246 6241
f 6220 6222 6416
f 6417 6416 6222
f 6416 6223 6220
f 6417 6222 6415
f 6213 6228 6225
f 6412 6424 6419
f 6225 6420 6224
f 6424 6421 6422
f 6421 6424 6418
f 6409 6412 6410
f 6422 6419 6424
f 6413 6423 6424
f 6221 6425 6426
f 6426 6222 6221
f 6415 6222 6426
f 6427 6269 6270
f 6431 6269 6428
f 6429 6413 6430
f 6408 6236 6432
f 6236 6226 6432
f 6432 6226 6243
f 6243 6242 6433
f 6264 6270 6245
f 6247 6434 6245
f 6246 6434 6247
f 6414 6413 6430
f 6435 6400 6414
f 6436 6437 6400
f 6400 6435 6436
f 6402 6400 6437
f 6414 6430 6438
f 6438 6435 6414
f 6430 6270 6264
f 6429 6270 6430
f 6439 6438 6430
f 6434 6246 6245
f 6401 6402 6437
f 6437 6440 6401
f 6246 6401 6440
f 6430 6264 6441
f 6441 6439 6430
f 6245 6246 6440
f 6440 6442 6245
f 6442 6441 6245
f 6264 6245 6441
f 6239 6443 6399
f 6443 6239 6238
f 6443 6220 6444
f 6220 6443 6238
f 6220 6238 6237
f 6399 6445 6446
f 6399 6443 6445
f 6223 6447 6444
f 6444 6220 6223
f 6444 6448 6445
f 6445 6443 6444
f 6399 6446 6436
f 6436 6400 6399
f 6223 6416 6417
f 6417 6447 6223
f 6449 6444 6447
f 6449 6448 6444
f 6447 6417 6450
f 6450 6449 6447
f 6414 6435 6451
f 6451 6413 6414
f 6413 6417 6415
f 6417 6413 6451
f 6451 6450 6417
f 6432 6242 6452
f 6432 6433 6242
f 6433 6432 6243
f 6453 6454 6408
f 6408 6432 6453
f 6411 6408 6454
f 6454 6455 6411
f 6452 6456 6453
f 6453 6432 6452
f 6455 6412 6411
f 6455 6457 6412
f 6412 6457 6458
f 6458 6419 6412
f 6269 6428 6452
f 6452 6242 6269
f 6428 6424 6419
f 6424 6428 6431
f 6428 6419 6458
f 6458 6459 6428
f 6459 6456 6428
f 6452 6428 6456
f 6424 6460 6423
f 6430 6413 6423
f 6423 6460 6430
f 6460 6424 6461
f 6424 6462 6461
f 6424 6463 6462
f 6461 6464 6460
f 6464 6430 6460
f 6464 6465 6430
f 6428 6269 6427
f 6427 6466 6428
f 6428 6467 6463
f 6463 6424 6428
f 6430 6465 6468
f 6468 6270 6430
f 6270 6466 6427
f 6469 6467 6428
f 6428 6466 6469
f 6221 6418 6425
f 6425 6470 6471
f 6426 6472 6473
f 6425 6474 6470
f 6426 6471 6472
f 6475 6474 6425
f 6471 6426 6425
f 6421 6425 6418
f 6425 6476 6475
f 6426 6423 6413
f 6415 6426 6413
f 6421 6477 6476
f 6476 6425 6421
f 6426 6473 6478
f 6478 6423 6426
f 6423 6421 6424
f 6412 6479 6410
f 6225 6410 6224
f 6481 6410 6479
f 6410 6481 6480
f 6479 6412 6457
f 6457 6481 6479
f 6412 6419 6482
f 6482 6457 6412
f 6224 6483 6211
f 6480 6484 6410
f 6224 6410 6484
f 6422 6421 6418
f 6419 6422 6482
f 6483 6224 6484
f 6484 6485 6483
f 6422 6418 6486
f 6486 6482 6422
f 6211 6485 6487
f 6487 6221 6211
f 6485 6211 6483
f 6487 6486 6221
f 6418 6221 6486
f 6485 6484 6480
f 6481 6486 6487
f 6457 6482 6486
f 6481 6457 6486
f 6481 6487 6485
f 6485 6480 6481
f 6470 6472 6471
f 6477 6475 6476
f 6477 6488 6475
f 6488 6474 6475
f 6489 6470 6474
f 6474 6488 6489
f 6489 6490 6472
f 6490 6478 6472
f 6473 6472 6478
f 6472 6470 6489
f 6421 6423 6489
f 6423 6490 6489
f 6489 6491 6421
f 6478 6490 6423
f 6491 6488 6421
f 6488 6477 6421
f 6488 6491 6489
f 6492 6464 6461
f 6462 6492 6461
f 6465 6464 6468
f 6467 6469 6463
f 6462 6463 6469
f 6494 6461 6492
f 6493 6492 6462
f 6494 6493 6492
f 6464 6492 6495
f 6464 6495 6468
f 6493 6495 6492
f 6462 6469 6493
f 6466 6270 6494
f 6270 6495 6494
f 6270 6468 6495
f 6494 6469 6466
f 6469 6494 6493
f 6495 6493 6494
f 6438 6496 6435
f 6497 6437 6496
f 6437 6497 6441
f 6442 6440 6437
f 6441 6442 6437
f 6496 6438 6497
f 6439 6497 6438
f 6436 6435 6437
f 6437 6435 6496
f 6439 6441 6497
f 6446 6448 6449
f 6446 6445 6448
f 6450 6451 6498
f 6451 6435 6498
f 6449 6450 6446
f 6498 6446 6450
f 6435 6436 6446
f 6446 6498 6435
f 6456 6499 6453
f 6455 6456 6459
f 6455 6453 6456
f 6459 6458 6455
f 6455 6454 6453
f 6457 6455 6458
f 6501 6500 5877
f 6502 6501 5778
f 6503 6502 5777
f 6504 6503 5976
f 6505 6504 5895
f 6500 6505 5893
f 5893 5877 6500
f 5895 5893 6505
f 5976 5895 6504
f 5777 5976 6503
f 5778 5777 6502
f 5877 5778 6501
f 754 6633 6506
f 6634 6635 6507
f 6509 6510 6508
f 6508 6636 6509
f 6509 6511 6510
f 6509 6512 6513
f 6636 6514 6515
f 6513 6511 6509
f 6509 6516 6517
f 6516 6518 6519
f 6508 6514 6636
f 6516 6520 6517
f 6516 6521 6518
f 6517 6512 6509
f 6516 6522 6521
f 6637 6523 6524
f 6519 6520 6516
f 6524 6516 6637
f 6637 6525 6523
f 6524 6522 6516
f 6637 6526 6525
f 6637 6527 6528
f 6638 6529 6527
f 6638 6639 6530
f 6527 6637 6638
f 6530 6529 6638
f 6531 6532 6533
f 6534 6535 6536
f 6533 6537 6531
f 6535 6534 6537
f 6537 6533 6535
f 6538 6539 6535
f 6533 6538 6535
f 6637 6540 6541
f 6526 6542 6539
f 6541 6526 6637
f 6541 6542 6526
f 6539 6543 6544
f 6636 6515 6545
f 6515 6546 6538
f 6544 6547 6539
f 6538 6548 6549
f 6545 6550 6636
f 6538 6551 6515
f 6539 6552 6543
f 6538 6546 6548
f 6551 6545 6515
f 6552 6539 6538
f 6549 6552 6538
f 6640 6553 6263
f 6263 6264 6640
f 6264 6242 6640
f 6261 6263 6553
f 6554 6555 6633
f 6633 6556 6554
f 6560 6557 6558
f 6557 6559 6558
f 754 746 6557
f 6557 6560 754
f 6561 6564 6560
f 6560 6565 6562
f 6564 6565 6560
f 6562 6566 6560
f 712 714 6560
f 714 754 6560
f 6560 6566 713
f 6566 6567 713
f 6567 6568 711
f 717 712 6560
f 711 713 6567
f 711 6568 702
f 713 717 6560
f 701 6569 707
f 6633 706 707
f 707 6570 6633
f 6633 754 705
f 6569 6570 707
f 708 705 754
f 701 704 703
f 705 706 6633
f 703 702 701
f 6408 6242 6267
f 6571 6640 6409
f 6242 6408 6409
f 6556 6633 6236
f 6409 6640 6242
f 6267 6556 6236
f 6236 6408 6267
f 6407 6236 6633
f 6225 6570 6571
f 6410 6225 6571
f 6407 6633 6570
f 6571 6409 6410
f 6225 6407 6570
f 6572 6553 6241
f 6241 6244 6572
f 6572 6244 6230
f 6553 6401 6241
f 6553 6640 6401
f 6640 6400 6401
f 6640 6416 6400
f 6416 6239 6399
f 6239 6416 6220
f 6399 6400 6416
f 6220 6230 6239
f 6573 6574 6572
f 6636 6575 6574
f 6574 6573 6636
f 6636 6550 6575
f 6636 6573 6577
f 6577 6576 6636
f 6573 6578 6577
f 6580 6578 6573
f 6579 6582 6581
f 6509 6636 6583
f 6580 6573 6579
f 6582 6509 6581
f 6583 6581 6509
f 6576 6583 6636
f 6637 6516 6585
f 6586 6587 6588
f 6637 6589 6584
f 6637 6585 6589
f 6584 6638 6637
f 6586 6516 6587
f 6586 6585 6516
f 6588 6592 6586
f 6591 6588 6590
f 6593 6590 6638
f 6584 6593 6638
f 6593 6591 6590
f 6639 6638 6594
f 5766 6641 5881
f 6595 6596 5783
f 6641 6595 5910
f 5783 5975 6595
f 5767 5766 5887
f 6641 5910 5881
f 5766 5881 5887
f 5975 5910 6595
f 6596 6639 5975
f 6639 5781 5975
f 6639 5767 5774
f 5975 5783 6596
f 5774 5781 6639
f 6635 6634 6598
f 6597 6599 6634
f 6600 6601 6602
f 6600 6603 6601
f 6600 6602 6604
f 6605 6606 6607
f 6599 6598 6634
f 6603 6608 6597
f 6605 6635 6609
f 6597 6634 6603
f 6609 6606 6605
f 6635 6598 6609
f 6600 6608 6603
f 6607 6604 6605
f 6611 6635 6612
f 6613 6614 6615
f 6610 6613 6616
f 6635 6617 6612
f 6635 6605 6617
f 6616 6618 6610
f 6619 6611 6610
f 6612 6610 6611
f 6620 6621 6622
f 6618 6619 6610
f 6624 6613 6622
f 6613 6615 6616
f 6623 6625 6620
f 6621 6624 6622
f 6605 6623 6617
f 6623 6605 6625
f 6624 6614 6613
f 6626 6627 6635
f 6611 6626 6635
f 6634 6628 6629
f 6634 6630 6628
f 6603 5877 5893
f 6634 6631 5777
f 6631 5825 5976
f 5893 6632 6603
f 6631 5976 5777
f 6634 5778 5877
f 6634 5777 5778
f 5825 5895 5976
f 6641 6632 5893
f 5877 6603 6634
f 5893 5895 6641
f 5895 5823 6641
f 5825 5823 5895
f 6595 5829 5831
f 5829 6595 6641
f 6641 5823 5829
f 6629 6631 6634
f 6627 6507 6635
f 6620 6622 6623
f 6607 6600 6604
f 6632 6641 5766
f 5887 5774 5767
f 6594 5767 6639
f 6594 6638 6590
f 6591 6592 6588
f 6581 6580 6579
f 6572 6220 6573
f 6230 6220 6572
f 6416 6640 6571
f 6563 6566 6562
f 6555 6506 6633
f 6539 6547 6526
f 6528 6540 6637
f 6530 6639 6596
f 6507 6630 6634
f 6506 746 754
f 6809 6642 6643
f 6810 6644 6645
f 6811 6646 6647
f 6811 6648 6649
f 6648 6650 6651
f 6648 6652 6649
f 6648 6653 6650
f 6654 6655 6656
f 6654 6812 6657
f 6649 6646 6811
f 6648 6658 6653
f 6654 6656 6659
f 6654 6660 6655
f 6651 6652 6648
f 6659 6648 6654
f 6661 6660 6654
f 6812 6662 6657
f 6659 6658 6648
f 6657 6661 6654
f 6663 6662 6812
f 6647 6664 6811
f 6813 6665 5830
f 5832 5830 6665
f 5830 5826 6813
f 6666 6667 6810
f 6810 6668 6666
f 6814 6670 6669
f 6814 6669 6671
f 6814 6645 6670
f 6674 6676 6677
f 6674 6677 6673
f 6672 6674 6673
f 6678 6679 6672
f 6675 6679 6814
f 6680 6681 6682
f 6683 6685 6676
f 6673 6678 6672
f 6680 6686 6681
f 6682 6684 6683
f 6684 6685 6683
f 6671 6680 6687
f 6680 6671 6686
f 6687 6814 6671
f 6675 6672 6679
f 6682 6683 6680
f 6687 6675 6814
f 6674 6683 6676
f 6690 6689 6688
f 6691 6690 6688
f 6692 6810 6693
f 6679 6691 6695
f 6689 6692 6688
f 6810 6696 6693
f 6810 6694 6696
f 6679 6697 6698
f 6695 6697 6679
f 6692 6699 6688
f 6693 6699 6692
f 6698 6814 6679
f 6698 6694 6814
f 6688 6695 6691
f 6692 6700 6505
f 6810 6692 6500
f 6813 6504 6505
f 6505 6500 6692
f 6813 5826 6504
f 6504 5826 5824
f 6503 5824 6668
f 6505 6700 6813
f 6503 6504 5824
f 6502 6668 6810
f 6501 6502 6810
f 6500 6501 6810
f 6701 6813 5762
f 6705 5762 5763
f 6665 6707 6703
f 6815 6702 6706
f 6665 6704 6707
f 6701 6704 6813
f 5763 6706 6705
f 6707 6815 6708
f 6703 6708 6665
f 6705 6701 5762
f 6706 5763 6815
f 6708 6703 6707
f 6707 6702 6815
f 6815 5763 6709
f 6711 6712 6710
f 6711 6714 6715
f 6717 6711 6715
f 6711 6710 6714
f 6712 6648 6710
f 6811 6816 6718
f 6718 6716 6811
f 6648 6713 6710
f 6716 6713 6811
f 6816 6717 6719
f 6713 6648 6811
f 6816 6719 6718
f 6717 6715 6719
f 6720 6722 6721
f 6721 6723 6724
f 6721 6724 6720
f 6720 6654 6722
f 6812 6727 6726
f 6726 6725 6723
f 6726 6723 6812
f 6654 6720 6728
f 6723 6725 6724
f 6812 6728 6727
f 6728 6812 6654
f 6729 6730 6731
f 6817 6732 6729
f 6729 6732 6730
f 6731 6733 6729
f 6731 6735 6736
f 6729 6734 6817
f 6736 6733 6731
f 6737 6735 6809
f 6817 6734 6738
f 6809 6739 6737
f 6737 6736 6735
f 6809 6738 6737
f 6738 6809 6817
f 6740 6742 6741
f 6735 6742 6740
f 6741 6743 6740
f 6743 6741 6744
f 6740 6745 6735
f 6743 6744 6755
f 6755 6746 6747
f 6755 6748 6746
f 6809 6749 6748
f 6755 6747 6743
f 6755 6809 6748
f 6745 6809 6735
f 6745 6749 6809
f 6755 6750 6751
f 6755 6752 6750
f 6755 6753 6754
f 6754 6752 6755
f 6755 6744 6753
f 6756 6757 6809
f 6757 6758 6809
f 6756 6809 6755
f 6817 6759 6760
f 6817 6643 6759
f 6268 6266 6761
f 6266 6818 6763
f 6763 6818 6762
f 6762 6764 6763
f 6762 6732 6765
f 6762 6765 6764
f 6817 6767 6768
f 6767 6817 6766
f 6763 6761 6266
f 6732 6768 6765
f 6732 6817 6768
f 6268 6761 6767
f 6767 6766 6268
f 6818 6265 6262
f 6262 6770 6818
f 6770 6262 6769
f 6818 6266 6265
f 6771 6772 6773
f 6773 6770 6771
f 6773 6776 6770
f 6777 6772 6771
f 6771 6774 6777
f 6774 6779 6775
f 6779 6778 6780
f 6776 6818 6770
f 6775 6777 6774
f 6778 6779 6818
f 6776 6778 6818
f 6780 6775 6779
f 6812 6723 6781
f 6723 6774 6771
f 6781 6782 6812
f 6771 6781 6723
f 6784 6785 6783
f 6785 6786 6788
f 6787 6789 6786
f 6788 6783 6785
f 6789 6788 6786
f 6790 6791 6786
f 6785 6790 6786
f 6811 6664 6792
f 6663 6793 6791
f 6812 6794 6795
f 6791 6790 6796
f 6792 6797 6811
f 6663 6795 6793
f 6791 6798 6799
f 6790 6800 6796
f 6790 6801 6802
f 6664 6803 6792
f 6664 6801 6790
f 6795 6663 6812
f 6791 6796 6798
f 6802 6800 6790
f 6790 6803 6664
f 6799 6804 6791
f 6816 6806 6805
f 6816 6811 6807
f 6807 6806 6816
f 6811 6797 6808
f 6808 6807 6811
f 6805 6815 6816
f 6791 6804 6663
f 6782 6794 6812
f 6760 6766 6817
f 6758 6642 6809
f 6762 6818 6779
f 6717 6816 6709
f 6709 6816 6815
f 6704 6665 6813
f 5762 6813 6700
f 6502 6503 6668
f 6694 6810 6814
f 6667 6644 6810
f 6708 6815 6805
f 6645 6814 6810
f 6643 6817 6809
f 6267 6242 6266
f 6266 6268 6267
f 6682 6616 6615
f 6615 6684 6682
f 6669 6626 6611
f 6611 6671 6669
f 6670 6645 6507
f 6630 6507 6645
f 6645 6644 6630
f 6628 6630 6644
f 6644 6667 6628
f 6507 6627 6670
f 6666 6668 6631
f 5825 6631 6668
f 6668 5824 5825
f 6631 6629 6666
f 5823 5826 5830
f 5830 5829 5823
f 6805 6530 6596
f 6596 6595 6665
f 6665 6708 6596
f 5832 6665 6595
f 6595 5831 5832
f 6596 6708 6805
f 6788 6537 6534
f 6534 6783 6788
f 6572 6771 6770
f 6770 6553 6572
f 6770 6769 6261
f 6261 6553 6770
f 6264 6265 6266
f 6266 6242 6264
f 6554 6556 6766
f 6268 6766 6556
f 6556 6267 6268
f 6766 6760 6554
f 6557 746 6642
f 6643 6642 746
f 746 6506 6643
f 6759 6643 6506
f 6506 6555 6759
f 6642 6758 6557
f 6558 6756 6755
f 6755 6560 6558
f 6754 6562 6565
f 6565 6752 6754
f 6741 6567 6566
f 6563 6753 6744
f 6744 6566 6563
f 6566 6744 6741
f 701 702 6735
f 6742 6735 702
f 702 6568 6742
f 6735 6731 701
f 6730 6732 6570
f 6570 6732 6762
f 6762 6571 6570
f 6779 6416 6571
f 6571 6762 6779
f 6779 6774 6220
f 6220 6416 6779
f 6573 6220 6774
f 6774 6723 6573
f 6723 6721 6579
f 6579 6573 6723
f 6570 6569 6730
f 6722 6654 6509
f 6516 6509 6654
f 6654 6648 6516
f 6587 6516 6648
f 6648 6712 6587
f 6509 6582 6722
f 6711 6717 6590
f 6717 6709 6594
f 6594 6590 6717
f 5767 6594 6709
f 6709 5763 5767
f 5763 5762 5766
f 5766 5767 5763
f 6632 5766 5762
f 5762 6700 6632
f 6603 6632 6700
f 6700 6692 6603
f 6601 6603 6692
f 6692 6689 6601
f 6590 6588 6711
f 6625 6605 6679
f 6691 6679 6605
f 6605 6604 6691
f 6679 6678 6625
f 6620 6673 6677
f 6677 6621 6620
f 6684 6615 6614
f 6685 6614 6624
f 6676 6624 6621
f 6621 6677 6676
f 6624 6676 6685
f 6614 6685 6684
f 6673 6620 6625
f 6625 6678 6673
f 6671 6611 6619
f 6686 6619 6618
f 6681 6618 6616
f 6616 6682 6681
f 6618 6681 6686
f 6619 6686 6671
f 6670 6627 6626
f 6626 6669 6670
f 6783 6534 6536
f 6784 6536 6535
f 6535 6785 6784
f 6536 6784 6783
f 6602 6601 6689
f 6604 6602 6690
f 6690 6691 6604
f 6689 6690 6602
f 6722 6582 6579
f 6579 6721 6722
f 6569 701 6731
f 6731 6730 6569
f 6711 6588 6587
f 6587 6712 6711
f 6786 6533 6532
f 6787 6532 6531
f 6789 6531 6537
f 6537 6788 6789
f 6531 6789 6787
f 6532 6787 6786
f 6756 6558 6559
f 6757 6559 6557
f 6557 6758 6757
f 6559 6757 6756
f 6742 6568 6567
f 6567 6741 6742
f 6752 6565 6564
f 6750 6564 6561
f 6751 6561 6560
f 6560 6755 6751
f 6561 6751 6750
f 6564 6750 6752
f 6753 6563 6562
f 6562 6754 6753
f 6759 6555 6554
f 6554 6760 6759
f 6666 6629 6628
f 6628 6667 6666
f 6529 6530 6805
f 6527 6529 6806
f 6528 6527 6807
f 6808 6797 6540
f 6540 6528 6808
f 6541 6540 6797
f 6542 6541 6792
f 6803 6790 6539
f 6539 6542 6803
f 6535 6539 6790
f 6790 6785 6535
f 6792 6803 6542
f 6797 6792 6541
f 6807 6808 6528
f 6806 6807 6527
f 6805 6806 6529
f 6538 6533 6786
f 6551 6538 6791
f 6545 6551 6793
f 6550 6545 6795
f 6575 6550 6794
f 6574 6575 6782
f 6572 6574 6781
f 6781 6771 6572
f 6782 6781 6574
f 6794 6782 6575
f 6795 6794 6550
f 6793 6795 6545
f 6791 6793 6551
f 6786 6791 6538
f 6263 6261 6769
f 6769 6262 6263
f 6680 6683 6613
f 6687 6680 6610
f 6675 6687 6612
f 6672 6675 6617
f 6674 6672 6623
f 6683 6674 6622
f 6622 6613 6683
f 6623 6622 6674
f 6617 6623 6672
f 6612 6617 6675
f 6610 6612 6687
f 6613 6610 6680
f 6694 6698 6609
f 6696 6694 6598
f 6693 6696 6599
f 6699 6693 6597
f 6688 6699 6608
f 6695 6688 6600
f 6697 6695 6607
f 6698 6697 6606
f 6606 6609 6698
f 6607 6606 6697
f 6600 6607 6695
f 6608 6600 6688
f 6597 6608 6699
f 6599 6597 6693
f 6598 6599 6696
f 6609 6598 6694
f 6704 6701 5881
f 6707 6704 5910
f 6703 6707 5975
f 6707 6703 5783
f 6702 6707 5975
f 6706 6702 5781
f 6705 6706 5774
f 6701 6705 5887
f 5887 5881 6701
f 5774 5887 6705
f 5781 5774 6706
f 5975 5781 6702
f 5783 5975 6707
f 5975 5783 6703
f 5910 5975 6707
f 5881 5910 6704
f 6718 6719 6593
f 6716 6718 6584
f 6713 6716 6589
f 6710 6713 6585
f 6714 6710 6586
f 6715 6714 6592
f 6719 6715 6591
f 6591 6593 6719
f 6592 6591 6715
f 6586 6592 6714
f 6585 6586 6710
f 6589 6585 6713
f 6584 6589 6716
f 6593 6584 6718
f 6767 6761 6408
f 6768 6767 6236
f 6765 6768 6407
f 6764 6765 6225
f 6763 6764 6410
f 6761 6763 6409
f 6409 6408 6761
f 6410 6409 6763
f 6225 6410 6764
f 6407 6225 6765
f 6236 6407 6768
f 6408 6236 6767
f 6727 6728 6583
f 6726 6727 6576
f 6725 6726 6577
f 6724 6725 6578
f 6720 6724 6580
f 6728 6720 6581
f 6581 6583 6728
f 6580 6581 6720
f 6578 6580 6724
f 6577 6578 6725
f 6576 6577 6726
f 6583 6576 6727
f 6773 6772 6244
f 6776 6773 6241
f 6778 6776 6401
f 6780 6778 6400
f 6775 6780 6399
f 6777 6775 6239
f 6772 6777 6230
f 6230 6244 6772
f 6239 6230 6777
f 6399 6239 6775
f 6400 6399 6780
f 6401 6400 6778
f 6241 6401 6776
f 6244 6241 6773
f 6738 6734 706
f 6737 6738 705
f 6739 6737 708
f 6737 6739 709
f 6736 6737 708
f 6733 6736 703
f 6729 6733 704
f 6734 6729 707
f 707 706 6734
f 704 707 6729
f 703 704 6733
f 708 703 6736
f 709 708 6737
f 708 709 6739
f 705 708 6737
f 706 705 6738
f 6749 6745 716
f 6748 6749 715
f 6746 6748 714
f 6747 6746 712
f 6743 6747 717
f 6740 6743 713
f 6745 6740 711
f 711 716 6745
f 713 711 6740
f 717 713 6743
f 712 717 6747
f 714 712 6746
f 715 714 6748
f 716 715 6749
f 6647 6646 6523
f 6664 6647 6525
f 6801 6664 6526
f 6802 6801 6547
f 6800 6802 6544
f 6796 6800 6543
f 6798 6796 6552
f 6799 6798 6549
f 6804 6799 6548
f 6546 6515 6663
f 6663 6804 6546
f 6662 6663 6515
f 6657 6662 6514
f 6661 6657 6508
f 6660 6661 6510
f 6655 6660 6511
f 6656 6655 6513
f 6659 6656 6512
f 6658 6659 6517
f 6653 6658 6520
f 6650 6653 6519
f 6651 6650 6518
f 6652 6651 6521
f 6649 6652 6522
f 6646 6649 6524
f 6524 6523 6646
f 6522 6524 6649
f 6521 6522 6652
f 6518 6521 6651
f 6519 6518 6650
f 6520 6519 6653
f 6517 6520 6658
f 6512 6517 6659
f 6513 6512 6656
f 6511 6513 6655
f 6510 6511 6660
f 6508 6510 6661
f 6514 6508 6657
f 6515 6514 6662
f 6548 6546 6804
f 6549 6548 6799
f 6552 6549 6798
f 6543 6552 6796
f 6544 6543 6800
f 6547 6544 6802
f 6526 6547 6801
f 6525 6526 6664
f 6523 6525 6647
f 5805 5990 6819
f 5804 5805 6820
f 5991 5804 6821
f 5992 5991 6822
f 5989 5992 6823
f 5990 5989 6824
f 6824 6819 5990
f 6823 6824 5989
f 6822 6823 5992
f 6821 6822 5991
f 6820 6821 5804
f 6819 6820 5805
f 6993 6994 6825
f 6995 6996 6826
f 6828 6829 6827
f 6827 6997 6828
f 6828 6830 6829
f 6828 6831 6832
f 6997 6833 6834
f 6832 6830 6828
f 6828 6835 6836
f 6835 6837 6838
f 6827 6833 6997
f 6835 6839 6836
f 6835 6840 6837
f 6836 6831 6828
f 6835 6841 6840
f 6998 6842 6843
f 6838 6839 6835
f 6843 6835 6998
f 6998 6844 6842
f 6843 6841 6835
f 6998 6845 6844
f 6998 6846 6847
f 6999 6848 6846
f 6999 7000 6849
f 6846 6998 6999
f 6849 6848 6999
f 6850 6851 6852
f 6853 6854 6855
f 6852 6856 6850
f 6854 6853 6856
f 6856 6852 6854
f 6857 6858 6854
f 6852 6857 6854
f 6998 6859 6860
f 6845 6861 6858
f 6860 6845 6998
f 6860 6861 6845
f 6858 6862 6863
f 6997 6834 6864
f 6834 6865 6857
f 6863 6866 6858
f 6857 6867 6868
f 6864 6869 6997
f 6857 6870 6834
f 6858 6871 6862
f 6857 6865 6867
f 6870 6864 6834
f 6871 6858 6857
f 6868 6871 6857
f 7001 6873 6254
f 6254 6874 7001
f 6874 6255 7001
f 6872 6254 6873
f 6875 6876 6994
f 6994 6877 6875
f 6882 6878 6879
f 6878 6880 6879
f 6993 6881 6878
f 6878 6882 6993
f 6883 6886 6882
f 6882 6887 6884
f 6886 6887 6882
f 6884 6888 6882
f 6889 6890 6882
f 6993 6893 6894
f 6890 6993 6882
f 6882 6888 6896
f 6890 6893 6993
f 6888 6892 6896
f 6892 6898 6891
f 6897 6894 6891
f 6895 6889 6882
f 6891 6896 6892
f 6891 6898 6897
f 6897 6993 6894
f 6896 6895 6882
f 6900 6901 6899
f 6994 6902 6899
f 6899 6903 6994
f 6994 6993 6904
f 6993 6897 6905
f 6901 6903 6899
f 6906 6905 6993
f 6897 6907 6905
f 6905 6904 6993
f 6900 6908 6907
f 6904 6902 6994
f 6907 6897 6900
f 6909 6255 6257
f 6910 7001 6911
f 6255 6909 6911
f 6877 6994 6912
f 6911 7001 6255
f 6257 6877 6912
f 6912 6909 6257
f 6913 6912 6994
f 6914 6903 6910
f 6915 6914 6910
f 6913 6994 6903
f 6910 6911 6915
f 6914 6913 6903
f 6916 6873 6917
f 6917 6918 6916
f 6916 6918 6920
f 6873 6921 6917
f 6873 7001 6921
f 7001 6919 6921
f 7001 6924 6919
f 6924 6923 6925
f 6923 6924 6922
f 6925 6919 6924
f 6922 6920 6923
f 6926 6927 6916
f 6997 6928 6927
f 6927 6926 6997
f 6997 6869 6928
f 6997 6926 6930
f 6930 6929 6997
f 6926 6931 6930
f 6933 6931 6926
f 6932 6935 6934
f 6828 6997 6936
f 6933 6926 6932
f 6935 6828 6934
f 6936 6934 6828
f 6929 6936 6997
f 6998 6835 6938
f 6939 6940 6941
f 6998 6942 6937
f 6998 6938 6942
f 6937 6999 6998
f 6939 6835 6940
f 6939 6938 6835
f 6941 6945 6939
f 6944 6941 6943
f 6946 6943 6999
f 6937 6946 6999
f 6946 6944 6943
f 7000 6999 6947
f 5787 7002 6948
f 6949 6950 6951
f 7002 6949 6953
f 6951 6954 6949
f 5788 5787 6952
f 7002 6953 6948
f 5787 6948 6952
f 6954 6953 6949
f 6950 7000 6954
f 7000 6955 6954
f 7000 5788 6956
f 6954 6951 6950
f 6956 6955 7000
f 6996 6995 6958
f 6957 6959 6995
f 6960 6961 6962
f 6960 6963 6961
f 6960 6962 6964
f 6965 6966 6967
f 6959 6958 6995
f 6963 6968 6957
f 6965 6996 6969
f 6957 6995 6963
f 6969 6966 6965
f 6996 6958 6969
f 6960 6968 6963
f 6967 6964 6965
f 6971 6996 6972
f 6973 6974 6975
f 6970 6973 6976
f 6996 6977 6972
f 6996 6965 6977
f 6976 6978 6970
f 6979 6971 6970
f 6972 6970 6971
f 6980 6981 6982
f 6978 6979 6970
f 6984 6973 6982
f 6973 6975 6976
f 6983 6985 6980
f 6981 6984 6982
f 6965 6983 6977
f 6983 6965 6985
f 6984 6974 6973
f 6986 6987 6996
f 6971 6986 6996
f 6995 6988 6989
f 6995 6990 6988
f 6963 6819 6824
f 6995 6991 6821
f 6991 5846 6822
f 6824 6992 6963
f 6991 6822 6821
f 6995 6820 6819
f 6995 6821 6820
f 5846 6823 6822
f 7002 6992 6824
f 6819 6963 6995
f 6824 6823 7002
f 6823 5845 7002
f 5846 5845 6823
f 6949 5849 5841
f 5849 6949 7002
f 7002 5845 5849
f 6989 6991 6995
f 6987 6826 6996
f 6980 6982 6983
f 6967 6960 6964
f 6992 7002 5787
f 6952 6956 5788
f 6947 5788 7000
f 6947 6999 6943
f 6944 6945 6941
f 6934 6933 6932
f 6916 6922 6926
f 6920 6922 6916
f 6924 7001 6910
f 6899 6908 6900
f 6885 6888 6884
f 6876 6825 6994
f 6858 6866 6845
f 6847 6859 6998
f 6849 7000 6950
f 6826 6990 6995
f 6825 6881 6993
f 837 767 7003
f 7131 7004 7005
f 7132 7006 7007
f 7132 7008 7009
f 7008 7010 7011
f 7008 7012 7009
f 7008 7013 7010
f 7014 7015 7016
f 7014 7133 7017
f 7009 7006 7132
f 7008 7018 7013
f 7014 7016 7019
f 7014 7020 7015
f 7011 7012 7008
f 7019 7008 7014
f 7021 7020 7014
f 7133 7022 7017
f 7019 7018 7008
f 7017 7021 7014
f 7023 7022 7133
f 7007 7024 7132
f 7134 7025 5842
f 5840 5842 7025
f 5842 5844 7134
f 7026 7027 7131
f 7131 7028 7026
f 7135 7030 7029
f 7135 7029 7031
f 7135 7005 7030
f 7034 7036 7037
f 7034 7037 7033
f 7032 7034 7033
f 7038 7039 7032
f 7035 7039 7135
f 7040 7041 7042
f 7043 7045 7036
f 7033 7038 7032
f 7040 7046 7041
f 7042 7044 7043
f 7044 7045 7043
f 7031 7040 7047
f 7040 7031 7046
f 7047 7135 7031
f 7035 7032 7039
f 7042 7043 7040
f 7047 7035 7135
f 7034 7043 7036
f 7050 7049 7048
f 7051 7050 7048
f 7052 7131 7053
f 7039 7051 7055
f 7049 7052 7048
f 7131 7056 7053
f 7131 7054 7056
f 7039 7057 7058
f 7055 7057 7039
f 7052 7059 7048
f 7053 7059 7052
f 7058 7135 7039
f 7058 7054 7135
f 7048 7055 7051
f 7052 7060 5989
f 7131 7052 5990
f 7134 5992 5989
f 5989 5990 7052
f 7134 5844 5992
f 5992 5844 5843
f 5991 5843 7028
f 5989 7060 7134
f 5991 5992 5843
f 5804 7028 7131
f 5805 5804 7131
f 5990 5805 7131
f 5982 7134 5793
f 5981 5793 5792
f 7025 5984 5817
f 7136 5815 5807
f 7025 5983 5984
f 5982 5983 7134
f 5792 5807 5981
f 5984 7136 7061
f 5817 7061 7025
f 5981 5982 5793
f 5807 5792 7136
f 7061 5817 5984
f 5984 5815 7136
f 7136 5792 7062
f 7064 7065 7063
f 7064 7067 7068
f 7070 7064 7068
f 7064 7063 7067
f 7065 7008 7063
f 7132 7137 7071
f 7071 7069 7132
f 7008 7066 7063
f 7069 7066 7132
f 7137 7070 7072
f 7066 7008 7132
f 7137 7072 7071
f 7070 7068 7072
f 7073 7075 7074
f 7074 7076 7077
f 7074 7077 7073
f 7073 7014 7075
f 7133 7080 7079
f 7079 7078 7076
f 7079 7076 7133
f 7014 7073 7081
f 7076 7078 7077
f 7133 7081 7080
f 7081 7133 7014
f 828 7082 7083
f 7138 7084 828
f 828 7084 7082
f 7083 825 828
f 7083 764 826
f 828 831 7138
f 826 825 7083
f 7138 831 827
f 837 827 830
f 827 837 7138
f 818 7086 7085
f 764 7086 818
f 7085 819 818
f 819 7085 7087
f 819 7087 7093
f 7093 820 823
f 7093 822 820
f 7093 823 819
f 7093 837 822
f 7093 7088 7089
f 7093 7090 7088
f 7093 7091 7092
f 7092 7090 7093
f 7093 7087 7091
f 7094 7095 837
f 7095 7096 837
f 7094 837 7093
f 7138 7097 7098
f 7138 7003 7097
f 6248 6217 6305
f 6217 7139 6320
f 6320 7139 7099
f 7099 6315 6320
f 7099 7084 6192
f 7099 6192 6315
f 7138 6201 6395
f 6201 7138 7100
f 6320 6305 6217
f 7084 6395 6192
f 7084 7138 6395
f 6248 6305 6201
f 6201 7100 6248
f 7139 6251 6252
f 6252 7101 7139
f 7101 6252 6253
f 7139 6217 6251
f 7102 6206 6205
f 6205 7101 7102
f 6205 6332 7101
f 6194 6206 7102
f 7102 6187 6194
f 6187 6307 6196
f 6307 6308 6312
f 6332 7139 7101
f 6196 6194 6187
f 6308 6307 7139
f 6332 6308 7139
f 6312 6196 6307
f 7133 7076 7103
f 7076 6187 7102
f 7103 7104 7133
f 7102 7103 7076
f 7106 7107 7105
f 7107 7108 7110
f 7109 7111 7108
f 7110 7105 7107
f 7111 7110 7108
f 7112 7113 7108
f 7107 7112 7108
f 7132 7024 7114
f 7023 7115 7113
f 7133 7116 7117
f 7113 7112 7118
f 7114 7119 7132
f 7023 7117 7115
f 7113 7120 7121
f 7112 7122 7118
f 7112 7123 7124
f 7024 7125 7114
f 7024 7123 7112
f 7117 7023 7133
f 7113 7118 7120
f 7124 7122 7112
f 7112 7125 7024
f 7121 7126 7113
f 7137 7128 7127
f 7137 7132 7129
f 7129 7128 7137
f 7132 7119 7130
f 7130 7129 7132
f 7127 7136 7137
f 7113 7126 7023
f 7104 7116 7133
f 7098 7100 7138
f 7096 767 837
f 7099 7139 6307
f 7070 7137 7062
f 7062 7137 7136
f 5983 7025 7134
f 5793 7134 7060
f 5804 5991 7028
f 7054 7131 7135
f 7027 7004 7131
f 7061 7136 7127
f 7005 7135 7131
f 7003 7138 837
f 7042 6976 6975
f 6975 7044 7042
f 7029 6986 6971
f 6971 7031 7029
f 7030 7005 6826
f 6990 6826 7005
f 7005 7004 6990
f 6988 6990 7004
f 7004 7027 6988
f 6826 6987 7030
f 7026 7028 6991
f 5846 6991 7028
f 7028 5843 5846
f 6991 6989 7026
f 7127 6849 6950
f 6950 6949 7025
f 7025 7061 6950
f 5840 7025 6949
f 6949 5841 5840
f 6950 7061 7127
f 7110 6856 6853
f 6853 7105 7110
f 6916 7102 7101
f 7101 6873 6916
f 7101 6253 6872
f 6872 6873 7101
f 6874 6251 6217
f 6217 6255 6874
f 6875 6877 7100
f 6248 7100 6877
f 6877 6257 6248
f 7100 7098 6875
f 6878 6881 767
f 7003 767 6881
f 6881 6825 7003
f 7097 7003 6825
f 6825 6876 7097
f 767 7096 6878
f 6879 7094 7093
f 7093 6882 6879
f 7092 6884 6887
f 6887 7090 7092
f 7085 6892 6888
f 6885 7091 7087
f 7087 6888 6885
f 6888 7087 7085
f 6900 6897 764
f 7086 764 6897
f 6897 6898 7086
f 764 7083 6900
f 7082 7084 6903
f 6903 7084 7099
f 7099 6910 6903
f 6307 6924 6910
f 6910 7099 6307
f 6307 6187 6922
f 6922 6924 6307
f 6926 6922 6187
f 6187 7076 6926
f 7076 7074 6932
f 6932 6926 7076
f 6903 6901 7082
f 7075 7014 6828
f 6835 6828 7014
f 7014 7008 6835
f 6940 6835 7008
f 7008 7065 6940
f 6828 6935 7075
f 7064 7070 6943
f 7070 7062 6947
f 6947 6943 7070
f 5788 6947 7062
f 7062 5792 5788
f 6992 5787 5793
f 5793 7060 6992
f 6963 6992 7060
f 7060 7052 6963
f 6961 6963 7052
f 7052 7049 6961
f 6943 6941 7064
f 6985 6965 7039
f 7051 7039 6965
f 6965 6964 7051
f 7039 7038 6985
f 6980 7033 7037
f 7037 6981 6980
f 7044 6975 6974
f 7045 6974 6984
f 7036 6984 6981
f 6981 7037 7036
f 6984 7036 7045
f 6974 7045 7044
f 7033 6980 6985
f 6985 7038 7033
f 7031 6971 6979
f 7046 6979 6978
f 7041 6978 6976
f 6976 7042 7041
f 6978 7041 7046
f 6979 7046 7031
f 7030 6987 6986
f 6986 7029 7030
f 7105 6853 6855
f 7106 6855 6854
f 6854 7107 7106
f 6855 7106 7105
f 6962 6961 7049
f 6964 6962 7050
f 7050 7051 6964
f 7049 7050 6962
f 7075 6935 6932
f 6932 7074 7075
f 6901 6900 7083
f 7083 7082 6901
f 7064 6941 6940
f 6940 7065 7064
f 7108 6852 6851
f 7109 6851 6850
f 7111 6850 6856
f 6856 7110 7111
f 6850 7111 7109
f 6851 7109 7108
f 7094 6879 6880
f 7095 6880 6878
f 6878 7096 7095
f 6880 7095 7094
f 7086 6898 6892
f 6892 7085 7086
f 7090 6887 6886
f 7088 6886 6883
f 7089 6883 6882
f 6882 7093 7089
f 6883 7089 7088
f 6886 7088 7090
f 7091 6885 6884
f 6884 7092 7091
f 7097 6876 6875
f 6875 7098 7097
f 7026 6989 6988
f 6988 7027 7026
f 6848 6849 7127
f 6846 6848 7128
f 6847 6846 7129
f 7130 7119 6859
f 6859 6847 7130
f 6860 6859 7119
f 6861 6860 7114
f 7125 7112 6858
f 6858 6861 7125
f 6854 6858 7112
f 7112 7107 6854
f 7114 7125 6861
f 7119 7114 6860
f 7129 7130 6847
f 7128 7129 6846
f 7127 7128 6848
f 6857 6852 7108
f 6870 6857 7113
f 6864 6870 7115
f 6869 6864 7117
f 6928 6869 7116
f 6927 6928 7104
f 6916 6927 7103
f 7103 7102 6916
f 7104 7103 6927
f 7116 7104 6928
f 7117 7116 6869
f 7115 7117 6864
f 7113 7115 6870
f 7108 7113 6857
f 5841 5849 5842
f 5842 5840 5841
f 6254 6872 6253
f 6874 6254 6252
f 6252 6251 6874
f 6253 6252 6254
f 7040 7043 6973
f 7047 7040 6970
f 7035 7047 6972
f 7032 7035 6977
f 7034 7032 6983
f 7043 7034 6982
f 6982 6973 7043
f 6983 6982 7034
f 6977 6983 7032
f 6972 6977 7035
f 6970 6972 7047
f 6973 6970 7040
f 7054 7058 6969
f 7056 7054 6958
f 7053 7056 6959
f 7059 7053 6957
f 7048 7059 6968
f 7055 7048 6960
f 7057 7055 6967
f 7058 7057 6966
f 6966 6969 7058
f 6967 6966 7057
f 6960 6967 7055
f 6968 6960 7048
f 6957 6968 7059
f 6959 6957 7053
f 6958 6959 7056
f 6969 6958 7054
f 5983 5982 6948
f 5984 5983 6953
f 5817 5984 6954
f 5984 5817 6951
f 5815 5984 6954
f 5807 5815 6955
f 5981 5807 6956
f 5982 5981 6952
f 6952 6948 5982
f 6956 6952 5981
f 6955 6956 5807
f 6954 6955 5815
f 6951 6954 5984
f 6954 6951 5817
f 6953 6954 5984
f 6948 6953 5983
f 7071 7072 6946
f 7069 7071 6937
f 7066 7069 6942
f 7063 7066 6938
f 7067 7063 6939
f 7068 7067 6945
f 7072 7068 6944
f 6944 6946 7072
f 6945 6944 7068
f 6939 6945 7067
f 6938 6939 7063
f 6942 6938 7066
f 6937 6942 7069
f 6946 6937 7071
f 6201 6305 6909
f 6395 6201 6912
f 6192 6395 6913
f 6315 6192 6914
f 6320 6315 6915
f 6305 6320 6911
f 6911 6909 6305
f 6915 6911 6320
f 6914 6915 6315
f 6913 6914 6192
f 6912 6913 6395
f 6909 6912 6201
f 7080 7081 6936
f 7079 7080 6929
f 7078 7079 6930
f 7077 7078 6931
f 7073 7077 6933
f 7081 7073 6934
f 6934 6936 7081
f 6933 6934 7073
f 6931 6933 7077
f 6930 6931 7078
f 6929 6930 7079
f 6936 6929 7080
f 6205 6206 6918
f 6332 6205 6917
f 6308 6332 6921
f 6312 6308 6919
f 6196 6312 6925
f 6194 6196 6923
f 6206 6194 6920
f 6920 6918 6206
f 6923 6920 6194
f 6925 6923 6196
f 6919 6925 6312
f 6921 6919 6308
f 6917 6921 6332
f 6918 6917 6205
f 827 831 6902
f 830 827 6904
f 829 830 6905
f 830 829 6906
f 826 830 6905
f 825 826 6907
f 828 825 6908
f 831 828 6899
f 6899 6902 831
f 6908 6899 828
f 6907 6908 825
f 6905 6907 826
f 6906 6905 830
f 6905 6906 829
f 6904 6905 830
f 6902 6904 827
f 824 821 6894
f 822 824 6893
f 820 822 6890
f 823 820 6889
f 819 823 6895
f 818 819 6896
f 821 818 6891
f 6891 6894 821
f 6896 6891 818
f 6895 6896 819
f 6889 6895 823
f 6890 6889 820
f 6893 6890 822
f 6894 6893 824
f 7007 7006 6842
f 7024 7007 6844
f 7123 7024 6845
f 7124 7123 6866
f 7122 7124 6863
f 7118 7122 6862
f 7120 7118 6871
f 7121 7120 6868
f 7126 7121 6867
f 6865 6834 7023
f 7023 7126 6865
f 7022 7023 6834
f 7017 7022 6833
f 7021 7017 6827
f 7020 7021 6829
f 7015 7020 6830
f 7016 7015 6832
f 7019 7016 6831
f 7018 7019 6836
f 7013 7018 6839
f 7010 7013 6838
f 7011 7010 6837
f 7012 7011 6840
f 7009 7012 6841
f 7006 7009 6843
f 6843 6842 7006
f 6841 6843 7009
f 6840 6841 7012
f 6837 6840 7011
f 6838 6837 7010
f 6839 6838 7013
f 6836 6839 7018
f 6831 6836 7019
f 6832 6831 7016
f 6830 6832 7015
f 6829 6830 7020
f 6827 6829 7021
f 6833 6827 7017
f 6834 6833 7022
f 6867 6865 7126
f 6868 6867 7121
f 6871 6868 7120
f 6862 6871 7118
f 6863 6862 7122
f 6866 6863 7124
f 6845 6866 7123
f 6844 6845 7024
f 6842 6844 7007
f 7140 7141 7142
f 7142 7143 7140
f 7144 7145 7146
f 7147 7146 7148
f 7147 7148 7141
f 7146 7147 7144
f 7145 7144 7149
f 7149 7150 7145
f 7149 7152 7150
f 7152 7149 7151
f 7152 7151 7153
f 7143 7142 7153
f 7152 7154 7145
f 7146 7145 7154
f 7145 7150 7152
f 7154 7148 7146
f 7140 7143 7151
f 7151 7143 7153
f 7151 7141 7140
f 7144 7147 7148
f 7148 7154 7144
f 7141 7151 7142
f 7152 7149 7144
f 7144 7154 7152
f 7153 7142 7151
f 7155 7156 7157
f 7157 7158 7155
f 7155 7162 7156
f 7162 7155 7161
f 7160 7161 7159
f 7160 7159 7163
f 7163 7164 7160
f 7167 7166 7168
f 7163 7168 7164
f 7168 7163 7167
f 7166 7167 7165
f 7166 7165 7158
f 7158 7157 7166
f 7157 7165 7166
f 7156 7169 7157
f 7165 7164 7166
f 7162 7169 7156
f 7164 7168 7166
f 7155 7158 7170
f 7158 7165 7170
f 7161 7155 7160
f 7169 7162 7155
f 7155 7170 7157
f 7157 7169 7155
f 7167 7163 7164
f 7165 7167 7164
f 7170 7165 7157
f 7171 7172 7173
f 7173 7174 7171
f 7175 7176 7177
f 7175 7177 7178
f 7171 7178 7172
f 7178 7171 7175
f 7176 7175 7179
f 7180 7181 7182
f 7182 7179 7183
f 7182 7183 7180
f 7181 7180 7174
f 7174 7173 7181
f 7178 7177 7176
f 7179 7182 7184
f 7176 7172 7178
f 7176 7179 7184
f 7181 7184 7182
f 7171 7174 7185
f 7180 7183 7184
f 7184 7179 7175
f 7184 7183 7179
f 7175 7171 7172
f 7172 7176 7175
f 7171 7185 7173
f 7180 7181 7173
f 7173 7174 7180
f 7180 7184 7181
f 7175 7176 7184
f 7185 7174 7173
f 7187 7188 7186
f 7190 7189 7191
f 7190 7191 7192
f 7193 7192 7186
f 7192 7193 7190
f 7194 7195 7189
f 7196 7197 7198
f 7194 7198 7195
f 7198 7194 7196
f 7197 7196 7188
f 7188 7187 7197
f 7197 7187 7200
f 7198 7197 7200
f 7187 7199 7200
f 7199 7187 7186
f 7192 7191 7189
f 7200 7195 7198
f 7189 7186 7192
f 7190 7193 7186
f 7186 7189 7190
f 7186 7188 7199
f 7196 7194 7195
f 7195 7200 7196
f 7200 7199 7188
f 7188 7196 7200
f 7201 7202 7203
f 7203 7204 7201
f 7205 7206 7207
f 7208 7207 7202
f 7202 7201 7208
f 7207 7208 7205
f 7206 7205 7209
f 7209 7210 7206
f 7211 7212 7213
f 7214 7213 7210
f 7210 7209 7214
f 7213 7214 7211
f 7204 7203 7212
f 7212 7211 7204
f 7210 7213 7215
f 7206 7210 7215
f 7215 7213 7212
f 7211 7214 7216
f 7216 7214 7209
f 7216 7209 7205
f 7216 7215 7212
f 7212 7211 7216
f 7215 7216 7205
f 7205 7206 7215
f 7220 7219 7217
f 7217 7221 7220
f 7222 7223 7220
f 7220 7221 7222
f 7224 7225 7226
f 7227 7224 7228
f 7229 7227 7230
f 7229 7217 7218
f 7228 7230 7227
f 7226 7228 7224
f 7231 7223 7222
f 7233 7231 7232
f 7234 7233 7232
f 7235 7234 7236
f 7235 7238 7237
f 7232 7236 7234
f 7222 7232 7231
f 7237 7238 7239
f 7239 7240 7237
f 7225 7240 7241
f 7241 7226 7225
f 7239 7241 7240
f 7242 7241 7239
f 7221 7243 7244
f 7239 7238 7242
f 7217 7243 7221
f 7245 7222 7221
f 7221 7244 7245
f 7246 7232 7222
f 7247 7230 7228
f 7222 7245 7246
f 7249 7248 7229
f 7247 7249 7230
f 7217 7229 7248
f 7229 7230 7249
f 7220 7223 7231
f 7219 7218 7217
f 7250 7229 7218
f 7240 7225 7251
f 7218 7219 7250
f 7253 7227 7229
f 7254 7255 7224
f 7251 7252 7240
f 7229 7250 7253
f 7227 7253 7254
f 7255 7251 7225
f 7234 7256 7233
f 7224 7227 7254
f 7231 7233 7256
f 7225 7224 7255
f 7220 7244 7243
f 7219 7243 7217
f 7243 7219 7220
f 7231 7245 7244
f 7244 7220 7231
f 7237 7242 7238
f 7256 7236 7232
f 7231 7232 7246
f 7231 7246 7245
f 7232 7231 7256
f 7236 7256 7234
f 7237 7240 7241
f 7241 7242 7237
f 7219 7217 7248
f 7250 7248 7249
f 7253 7249 7247
f 7254 7247 7228
f 7255 7228 7226
f 7226 7251 7255
f 7228 7255 7254
f 7247 7254 7253
f 7249 7253 7250
f 7248 7250 7219
f 7251 7226 7241
f 7241 7240 7252
f 7241 7252 7251
f 7261 7257 7260
f 7260 7262 7261
f 7259 7260 7257
f 7258 7259 7257
f 7263 7264 7261
f 7261 7262 7263
f 7265 7266 7267
f 7268 7265 7269
f 7270 7268 7271
f 7258 7270 7272
f 7271 7272 7270
f 7269 7271 7268
f 7267 7269 7265
f 7273 7264 7263
f 7274 7273 7275
f 7276 7274 7277
f 7263 7275 7273
f 7276 7277 7278
f 7278 7279 7276
f 7266 7279 7280
f 7280 7267 7266
f 7278 7280 7279
f 7277 7281 7278
f 7281 7280 7278
f 7283 7263 7262
f 7262 7260 7283
f 7285 7269 7267
f 7286 7271 7269
f 7287 7259 7258
f 7263 7283 7284
f 7267 7280 7285
f 7269 7285 7286
f 7288 7287 7272
f 7282 7277 7274
f 7286 7288 7271
f 7258 7272 7287
f 7263 7284 7275
f 7274 7275 7282
f 7272 7271 7288
f 7264 7257 7261
f 7279 7289 7290
f 7258 7257 7270
f 7291 7268 7270
f 7292 7285 7265
f 7279 7290 7276
f 7268 7291 7292
f 7285 7289 7266
f 7265 7268 7292
f 7279 7266 7289
f 7266 7265 7285
f 7293 7294 7274
f 7274 7276 7293
f 7264 7283 7260
f 7260 7257 7264
f 7276 7277 7282
f 7294 7282 7275
f 7273 7275 7284
f 7273 7284 7283
f 7283 7264 7273
f 7275 7274 7294
f 7282 7294 7293
f 7282 7293 7276
f 7276 7290 7281
f 7281 7277 7276
f 7257 7259 7287
f 7270 7287 7288
f 7291 7288 7286
f 7292 7286 7285
f 7280 7289 7285
f 7286 7292 7291
f 7288 7291 7270
f 7287 7270 7257
f 7289 7280 7281
f 7281 7290 7289
f 7297 7295 7296
f 7553 7303 7304
f 7554 7306 7307
f 7309 7315 7314
f 7309 7555 7315
f 7555 7556 7317
f 7308 7318 7316
f 7309 7314 7319
f 7316 7317 7556
f 7316 7556 7308
f 7319 7318 7308
f 7317 7315 7555
f 7555 7309 7310
f 7311 7557 7320
f 7558 7310 7321
f 7320 7322 7311
f 7557 7321 7320
f 7310 7323 7321
f 7321 7557 7558
f 7311 7322 7323
f 7557 7311 7312
f 7313 7325 7216
f 7324 7325 7313
f 7324 7313 7559
f 7209 7559 7560
f 7210 7560 7312
f 7209 7324 7559
f 7210 7209 7560
f 7312 7215 7210
f 7312 7216 7215
f 7561 7562 7563
f 7564 7563 7553
f 7565 7553 7566
f 7567 7566 7568
f 7569 7568 7554
f 7570 7554 7571
f 7572 7571 7573
f 7574 7573 7575
f 7576 7575 7556
f 7577 7556 7555
f 7578 7555 7558
f 7579 7558 7557
f 7580 7557 7560
f 7581 7560 7559
f 7582 7559 7583
f 7584 7583 7585
f 7327 7561 7329
f 7328 7586 7326
f 7561 7330 7329
f 7561 7586 7330
f 7586 7328 7330
f 7326 7332 7331
f 7331 7328 7326
f 7327 7329 7333
f 7333 7332 7327
f 7332 7326 7327
f 7586 7561 7564
f 7587 7564 7565
f 7588 7565 7567
f 7589 7567 7569
f 7590 7569 7570
f 7591 7570 7572
f 7592 7572 7574
f 7593 7574 7576
f 7594 7576 7577
f 7595 7577 7578
f 7596 7578 7579
f 7597 7579 7580
f 7598 7580 7581
f 7599 7581 7582
f 7600 7582 7584
f 7601 7584 7602
f 7334 7200 7198
f 7335 7196 7200
f 7194 7196 7335
f 7200 7334 7335
f 7603 7336 7194
f 7603 7337 7336
f 7603 7602 7337
f 7194 7335 7603
f 7195 7337 7602
f 7198 7195 7602
f 7587 7338 7339
f 7587 7341 7342
f 7605 7344 7343
f 7340 7345 7604
f 7604 7586 7340
f 7586 7587 7347
f 7342 7338 7587
f 7587 7605 7348
f 7605 7349 7348
f 7586 7346 7340
f 7348 7341 7587
f 7343 7349 7605
f 7344 7605 7604
f 7347 7346 7586
f 7604 7345 7344
f 7339 7347 7587
f 7605 7587 7588
f 7606 7588 7589
f 7607 7589 7590
f 7608 7590 7591
f 7609 7591 7592
f 7610 7592 7593
f 7611 7593 7594
f 7612 7594 7595
f 7613 7595 7596
f 7614 7596 7597
f 7615 7597 7598
f 7616 7598 7599
f 7617 7599 7600
f 7618 7600 7601
f 7603 7350 7351
f 7603 7619 7352
f 7352 7354 7603
f 7353 7357 7620
f 7620 7601 7353
f 7356 7355 7619
f 7357 7360 7620
f 7601 7358 7353
f 7359 7358 7601
f 7601 7351 7361
f 7354 7350 7603
f 7355 7352 7619
f 7620 7360 7356
f 7361 7359 7601
f 7601 7603 7351
f 7356 7619 7620
f 7621 7606 7607
f 7622 7607 7608
f 7623 7608 7609
f 7624 7609 7610
f 7625 7610 7611
f 7626 7611 7612
f 7627 7612 7613
f 7628 7613 7614
f 7629 7614 7615
f 7630 7615 7616
f 7631 7616 7617
f 7632 7622 7623
f 7633 7623 7624
f 7634 7624 7625
f 7635 7625 7626
f 7636 7626 7627
f 7637 7627 7628
f 7638 7628 7629
f 7639 7629 7630
f 7640 7630 7631
f 7641 7634 7635
f 7642 7635 7636
f 7643 7636 7637
f 7644 7637 7638
f 7645 7638 7639
f 7646 7639 7640
f 7647 7643 7644
f 7648 7644 7645
f 7306 7554 7362
f 7362 7363 7306
f 7305 7306 7363
f 7554 7568 7362
f 7363 7364 7305
f 7568 7365 7362
f 7566 7304 7365
f 7304 7364 7365
f 7568 7566 7365
f 7364 7304 7305
f 7308 7367 7366
f 7583 7369 7370
f 7559 7313 7369
f 7369 7583 7559
f 7583 7371 7372
f 7583 7373 7371
f 7583 7374 7373
f 7585 7375 7376
f 7372 7375 7585
f 7334 7602 7377
f 7378 7379 7380
f 7381 7334 7382
f 7378 7384 7379
f 7334 7385 7384
f 7377 7383 7334
f 7386 7585 7387
f 7384 7378 7334
f 7602 7388 7377
f 7390 7391 7392
f 7390 7392 7378
f 7389 7388 7602
f 7585 7393 7387
f 7378 7380 7390
f 7389 7602 7585
f 7585 7386 7394
f 7387 7395 7386
f 7383 7382 7334
f 7394 7389 7585
f 7387 7396 7395
f 7381 7385 7334
f 7585 7390 7397
f 7585 7391 7390
f 7382 7396 7387
f 7397 7393 7585
f 7382 7387 7398
f 7398 7381 7382
f 7603 7399 7400
f 7603 7401 7402
f 7400 7403 7603
f 7403 7401 7603
f 7603 7335 7399
f 7620 7619 7404
f 7404 7405 7620
f 7620 7407 7406
f 7620 7409 7410
f 7406 7409 7620
f 7411 7412 7408
f 7618 7414 7413
f 7408 7407 7411
f 7415 7618 7620
f 7408 7406 7407
f 7413 7411 7618
f 7415 7414 7618
f 7413 7412 7411
f 7617 7618 7411
f 7411 7416 7617
f 7649 7417 7418
f 7417 7419 7420
f 7419 7417 7421
f 7421 7650 7422
f 7650 7631 7423
f 7631 7649 7418
f 7420 7418 7417
f 7650 7423 7422
f 7418 7424 7631
f 7424 7423 7631
f 7422 7419 7421
f 7425 7426 7427
f 7428 7429 7426
f 7426 7425 7428
f 7651 7640 7430
f 7428 7651 7429
f 7431 7650 7425
f 7425 7427 7431
f 7432 7430 7640
f 7431 7433 7650
f 7430 7429 7651
f 7433 7432 7650
f 7434 7435 7165
f 7646 7651 7436
f 7651 7168 7436
f 7167 7165 7435
f 7646 7437 7163
f 7646 7438 7437
f 7168 7651 7434
f 7163 7167 7435
f 7646 7436 7438
f 7434 7164 7168
f 7163 7435 7646
f 7165 7164 7434
f 7645 7646 7435
f 7435 7439 7645
f 7648 7440 7441
f 7648 7652 7442
f 7442 7440 7648
f 7301 7443 7444
f 7443 7445 7446
f 7295 7648 7441
f 7449 7647 7299
f 7302 7295 7441
f 7441 7443 7301
f 7443 7451 7444
f 7299 7452 7450
f 7446 7451 7443
f 7301 7450 7452
f 7452 7299 7300
f 7448 7453 7447
f 7647 7449 7447
f 7299 7450 7449
f 7301 7302 7441
f 7447 7453 7647
f 7647 7297 7298
f 7300 7301 7452
f 7444 7450 7301
f 7445 7448 7454
f 7298 7299 7647
f 7647 7648 7297
f 7295 7297 7648
f 7448 7447 7454
f 7454 7446 7445
f 7647 7453 7455
f 7455 7456 7647
f 7643 7647 7457
f 7457 7642 7643
f 7460 7458 7461
f 7641 7642 7462
f 7460 7459 7458
f 7462 7465 7641
f 7642 7466 7462
f 7465 7464 7461
f 7642 7467 7466
f 7463 7642 7458
f 7464 7460 7461
f 7461 7641 7465
f 7463 7467 7642
f 7459 7463 7458
f 7468 7641 7469
f 7469 7470 7151
f 7634 7641 7471
f 7149 7470 7633
f 7633 7472 7473
f 7634 7150 7472
f 7634 7471 7150
f 7641 7468 7471
f 7151 7152 7469
f 7473 7149 7633
f 7149 7151 7470
f 7472 7633 7634
f 7469 7152 7468
f 7633 7470 7474
f 7622 7632 7475
f 7475 7632 7476
f 7476 7479 7478
f 7480 7481 7482
f 7621 7622 7480
f 7475 7477 7622
f 7482 7483 7479
f 7477 7480 7622
f 7479 7476 7482
f 7481 7483 7482
f 7476 7478 7475
f 7482 7621 7480
f 7606 7621 7484
f 7621 7485 7484
f 7485 7621 7486
f 7486 7488 7485
f 7488 7486 7487
f 7489 7605 7606
f 7487 7605 7490
f 7484 7489 7606
f 7605 7492 7491
f 7489 7493 7605
f 7493 7492 7605
f 7491 7490 7605
f 7605 7495 7494
f 7605 7487 7495
f 7586 7604 7496
f 7586 7497 7498
f 7496 7499 7586
f 7499 7497 7586
f 7326 7498 7500
f 7562 7502 7503
f 7179 7504 7561
f 7182 7561 7327
f 7562 7505 7502
f 7561 7504 7505
f 7180 7506 7507
f 7505 7562 7561
f 7508 7562 7503
f 7179 7509 7504
f 7181 7182 7327
f 7184 7181 7327
f 7506 7510 7507
f 7506 7180 7184
f 7507 7511 7180
f 7182 7179 7561
f 7507 7183 7511
f 7503 7512 7506
f 7184 7327 7506
f 7506 7512 7510
f 7179 7183 7507
f 7506 7508 7503
f 7507 7509 7179
f 7562 7513 7514
f 7562 7508 7515
f 7515 7513 7562
f 7563 7562 7514
f 7514 7516 7563
f 7516 7517 7563
f 7518 7519 7303
f 7519 7522 7303
f 7518 7303 7553
f 7553 7523 7518
f 7520 7524 7521
f 7523 7553 7563
f 7563 7520 7523
f 7520 7563 7524
f 7521 7525 7520
f 7522 7525 7521
f 7303 7521 7526
f 7527 7528 7307
f 7532 7571 7533
f 7535 7528 7536
f 7528 7537 7531
f 7528 7535 7534
f 7536 7533 7535
f 7537 7529 7531
f 7528 7531 7536
f 7529 7537 7530
f 7529 7530 7573
f 7534 7539 7528
f 7538 7529 7573
f 7540 7532 7533
f 7571 7307 7541
f 7530 7542 7573
f 7307 7543 7541
f 7307 7539 7543
f 7539 7307 7528
f 7541 7533 7571
f 7573 7571 7538
f 7536 7540 7533
f 7532 7538 7571
f 7573 7542 7544
f 7308 7548 7549
f 7575 7544 7545
f 7548 7308 7556
f 7552 7546 7551
f 7308 7549 7547
f 7546 7545 7551
f 7550 7548 7556
f 7551 7367 7552
f 7550 7556 7575
f 7575 7546 7550
f 7546 7575 7545
f 7547 7552 7367
f 7547 7367 7308
f 7544 7575 7573
f 7522 7521 7303
f 7517 7524 7563
f 7501 7506 7327
f 7498 7326 7586
f 7496 7604 7494
f 7494 7604 7605
f 7486 7621 7482
f 7476 7632 7474
f 7474 7632 7633
f 7469 7641 7461
f 7457 7458 7642
f 7456 7457 7647
f 7442 7652 7439
f 7439 7652 7645
f 7434 7651 7428
f 7432 7640 7650
f 7425 7650 7421
f 7417 7649 7416
f 7416 7649 7617
f 7410 7415 7620
f 7405 7407 7620
f 7404 7619 7402
f 7402 7619 7603
f 7376 7391 7585
f 7372 7585 7583
f 7370 7374 7583
f 7368 7369 7313
f 7645 7652 7648
f 7644 7648 7647
f 7640 7651 7646
f 7639 7646 7645
f 7638 7645 7644
f 7637 7644 7643
f 7636 7643 7642
f 7635 7642 7641
f 7631 7650 7640
f 7630 7640 7639
f 7629 7639 7638
f 7628 7638 7637
f 7627 7637 7636
f 7626 7636 7635
f 7625 7635 7634
f 7624 7634 7633
f 7623 7633 7632
f 7617 7649 7631
f 7616 7631 7630
f 7615 7630 7629
f 7614 7629 7628
f 7613 7628 7627
f 7612 7627 7626
f 7611 7626 7625
f 7610 7625 7624
f 7609 7624 7623
f 7608 7623 7622
f 7607 7622 7621
f 7601 7620 7618
f 7600 7618 7617
f 7599 7617 7616
f 7598 7616 7615
f 7597 7615 7614
f 7596 7614 7613
f 7595 7613 7612
f 7594 7612 7611
f 7593 7611 7610
f 7592 7610 7609
f 7591 7609 7608
f 7590 7608 7607
f 7589 7607 7606
f 7588 7606 7605
f 7198 7602 7334
f 7602 7603 7601
f 7584 7601 7600
f 7582 7600 7599
f 7581 7599 7598
f 7580 7598 7597
f 7579 7597 7596
f 7578 7596 7595
f 7577 7595 7594
f 7576 7594 7593
f 7574 7593 7592
f 7572 7592 7591
f 7570 7591 7590
f 7569 7590 7589
f 7567 7589 7588
f 7565 7588 7587
f 7564 7587 7586
f 7585 7602 7584
f 7583 7584 7582
f 7559 7582 7581
f 7560 7581 7580
f 7557 7580 7579
f 7558 7579 7578
f 7555 7578 7577
f 7556 7577 7576
f 7575 7576 7574
f 7573 7574 7572
f 7571 7572 7570
f 7554 7570 7569
f 7568 7569 7567
f 7566 7567 7565
f 7553 7565 7564
f 7563 7564 7561
f 7216 7312 7313
f 7312 7560 7557
f 7323 7310 7311
f 7310 7558 7555
f 7319 7308 7309
f 7307 7571 7554
f 7304 7566 7553
f 7641 7642 7692
f 7642 7643 7693
f 7643 7644 7694
f 7644 7645 7695
f 7645 7646 7696
f 7646 7651 7697
f 7675 7698 7699
f 7698 7700 7701
f 7700 7692 7702
f 7692 7693 7703
f 7693 7694 7704
f 7694 7695 7705
f 7695 7696 7706
f 7696 7697 7707
f 7697 7685 7708
f 7709 7710 7607
f 7710 7699 7608
f 7699 7701 7609
f 7701 7702 7610
f 7702 7703 7611
f 7703 7704 7612
f 7704 7705 7613
f 7705 7706 7614
f 7706 7707 7615
f 7707 7708 7616
f 7708 7711 7617
f 7712 7653 7347
f 7347 7713 7712
f 7712 7654 7346
f 7605 7341 7348
f 7713 7347 7338
f 7712 7346 7653
f 7604 7340 7654
f 7348 7343 7605
f 7713 7338 7342
f 7654 7712 7604
f 7341 7605 7713
f 7342 7341 7713
f 7605 7606 7714
f 7606 7607 7715
f 7607 7608 7716
f 7608 7609 7717
f 7609 7610 7718
f 7610 7611 7719
f 7611 7612 7720
f 7612 7613 7721
f 7613 7614 7722
f 7614 7615 7723
f 7615 7616 7724
f 7616 7617 7725
f 7617 7618 7726
f 7618 7620 7727
f 7727 7359 7351
f 7727 7358 7359
f 7727 7655 7358
f 7354 7619 7728
f 7728 7351 7656
f 7620 7353 7655
f 7728 7350 7354
f 7656 7350 7728
f 7655 7727 7620
f 7354 7352 7619
f 7351 7728 7727
f 7657 7712 7328
f 7327 7657 7331
f 7712 7330 7328
f 7331 7332 7327
f 7330 7712 7561
f 7657 7328 7331
f 7712 7713 7564
f 7713 7714 7565
f 7714 7715 7567
f 7715 7716 7569
f 7716 7717 7570
f 7717 7718 7572
f 7718 7719 7574
f 7719 7720 7576
f 7720 7721 7577
f 7721 7722 7578
f 7722 7723 7579
f 7723 7724 7580
f 7724 7725 7581
f 7725 7726 7582
f 7726 7727 7584
f 7727 7728 7602
f 7658 7196 7194
f 7334 7197 7200
f 7198 7197 7334
f 7728 7336 7337
f 7658 7200 7196
f 7602 7337 7198
f 7337 7602 7728
f 7728 7658 7194
f 7200 7658 7334
f 7194 7336 7728
f 7309 7308 7659
f 7308 7318 7659
f 7309 7659 7319
f 7311 7660 7661
f 7660 7311 7310
f 7310 7323 7660
f 7311 7661 7322
f 7313 7312 7211
f 7313 7211 7216
f 7312 7215 7212
f 7212 7211 7312
f 7306 7662 7363
f 7662 7306 7305
f 7663 7547 7308
f 7367 7545 7546
f 7367 7546 7552
f 7308 7367 7663
f 7367 7664 7663
f 7552 7664 7367
f 7532 7307 7665
f 7307 7532 7540
f 7530 7528 7529
f 7528 7531 7529
f 7535 7573 7538
f 7666 7536 7528
f 7665 7538 7532
f 7307 7543 7667
f 7538 7539 7534
f 7534 7535 7538
f 7667 7665 7307
f 7528 7307 7666
f 7535 7533 7573
f 7538 7665 7539
f 7533 7571 7573
f 7540 7666 7307
f 7303 7521 7668
f 7303 7668 7522
f 7521 7525 7668
f 7521 7669 7520
f 7669 7563 7520
f 7563 7669 7517
f 7509 7327 7184
f 7184 7180 7504
f 7180 7183 7504
f 7507 7506 7327
f 7183 7179 7504
f 7327 7509 7507
f 7184 7504 7509
f 7327 7506 7670
f 7712 7671 7496
f 7712 7497 7671
f 7498 7497 7712
f 7712 7657 7498
f 7484 7709 7606
f 7484 7485 7709
f 7605 7492 7489
f 7605 7490 7492
f 7487 7672 7488
f 7672 7709 7485
f 7485 7488 7672
f 7475 7675 7710
f 7673 7475 7478
f 7673 7675 7475
f 7710 7477 7475
f 7710 7480 7477
f 7480 7709 7482
f 7482 7673 7674
f 7478 7479 7673
f 7480 7710 7709
f 7479 7674 7673
f 7674 7483 7482
f 7700 7698 7472
f 7698 7470 7149
f 7471 7641 7700
f 7698 7149 7473
f 7473 7472 7698
f 7472 7471 7700
f 7465 7467 7642
f 7465 7642 7641
f 7461 7464 7676
f 7461 7460 7677
f 7461 7676 7465
f 7677 7464 7461
f 7647 7678 7455
f 7647 7457 7678
f 7648 7295 7302
f 7447 7679 7448
f 7302 7452 7648
f 7648 7297 7296
f 7647 7300 7299
f 7444 7446 7443
f 7680 7648 7444
f 7681 7301 7300
f 7301 7681 7452
f 7647 7679 7447
f 7443 7680 7444
f 7648 7452 7444
f 7452 7302 7301
f 7296 7295 7648
f 7300 7647 7681
f 7454 7448 7446
f 7447 7681 7647
f 7648 7682 7442
f 7648 7680 7441
f 7441 7682 7648
f 7168 7651 7646
f 7437 7168 7646
f 7685 7697 7432
f 7685 7432 7683
f 7697 7684 7432
f 7697 7430 7684
f 7428 7685 7426
f 7430 7697 7651
f 7427 7426 7685
f 7431 7427 7685
f 7683 7431 7685
f 7686 7417 7420
f 7418 7417 7711
f 7423 7685 7686
f 7420 7419 7686
f 7708 7424 7418
f 7686 7419 7422
f 7423 7708 7685
f 7422 7423 7686
f 7418 7711 7708
f 7423 7424 7708
f 7617 7687 7411
f 7617 7711 7687
f 7620 7414 7409
f 7620 7618 7414
f 7728 7688 7403
f 7728 7619 7402
f 7402 7688 7728
f 7403 7400 7728
f 7400 7399 7728
f 7396 7385 7381
f 7386 7396 7381
f 7689 7379 7384
f 7389 7690 7381
f 7384 7334 7689
f 7689 7380 7379
f 7389 7381 7602
f 7382 7334 7385
f 7690 7386 7381
f 7390 7380 7689
f 7387 7585 7602
f 7396 7382 7385
f 7602 7381 7398
f 7398 7387 7602
f 7689 7392 7390
f 7583 7691 7370
f 7373 7691 7583
f 7399 7658 7728
f 7687 7711 7417
f 7455 7679 7647
f 7675 7470 7698
f 7482 7709 7672
f 7496 7604 7712
f 7500 7498 7657
f 7602 7584 7727
f 7584 7582 7726
f 7582 7581 7725
f 7581 7580 7724
f 7580 7579 7723
f 7579 7578 7722
f 7578 7577 7721
f 7577 7576 7720
f 7576 7574 7719
f 7574 7572 7718
f 7572 7570 7717
f 7570 7569 7716
f 7569 7567 7715
f 7567 7565 7714
f 7565 7564 7713
f 7564 7561 7712
f 7727 7726 7618
f 7726 7725 7617
f 7725 7724 7616
f 7724 7723 7615
f 7723 7722 7614
f 7722 7721 7613
f 7721 7720 7612
f 7720 7719 7611
f 7719 7718 7610
f 7718 7717 7609
f 7717 7716 7608
f 7716 7715 7607
f 7715 7714 7606
f 7714 7713 7605
f 7617 7616 7708
f 7616 7615 7707
f 7615 7614 7706
f 7614 7613 7705
f 7613 7612 7704
f 7612 7611 7703
f 7611 7610 7702
f 7610 7609 7701
f 7609 7608 7699
f 7608 7607 7710
f 7607 7606 7709
f 7708 7707 7697
f 7707 7706 7696
f 7706 7705 7695
f 7705 7704 7694
f 7704 7703 7693
f 7703 7702 7692
f 7702 7701 7700
f 7701 7699 7698
f 7699 7710 7675
f 7697 7696 7646
f 7696 7695 7645
f 7695 7694 7644
f 7694 7693 7643
f 7693 7692 7642
f 7692 7700 7641
f 7440 7682 7441
f 7443 7441 7680
f 7445 7446 7448
f 7455 7453 7679
f 7448 7679 7453
f 7678 7456 7455
f 7411 7687 7416
f 7417 7416 7687
f 7686 7421 7417
f 7421 7686 7685
f 7685 7425 7421
f 7425 7685 7428
f 7682 7440 7442
f 7402 7401 7688
f 7688 7401 7403
f 7399 7335 7658
f 7334 7658 7335
f 7334 7378 7689
f 7373 7374 7691
f 7370 7691 7374
f 7689 7378 7392
f 7367 7551 7545
f 7537 7528 7530
f 7506 7501 7670
f 7521 7524 7669
f 7517 7669 7524
f 7327 7326 7657
f 7500 7657 7326
f 7327 7670 7501
f 7499 7671 7497
f 7496 7671 7499
f 7675 7474 7470
f 7675 7673 7476
f 7476 7474 7675
f 7482 7476 7673
f 7482 7672 7486
f 7487 7486 7672
f 7457 7456 7678
f 7663 7664 7552
f 7552 7547 7663
f 7540 7536 7666
f 7432 7684 7430
f 7683 7432 7433
f 7433 7431 7683
f 7409 7414 7415
f 7415 7410 7409
f 7351 7359 7361
f 7350 7656 7351
f 7353 7358 7655
f 7337 7195 7198
f 7386 7690 7389
f 7396 7386 7395
f 7389 7394 7386
f 7211 7212 7215
f 7215 7216 7211
f 7661 7660 7323
f 7323 7322 7661
f 7318 7319 7659
f 7665 7667 7543
f 7543 7539 7665
f 7662 7305 7364
f 7364 7363 7662
f 7525 7522 7668
f 7180 7511 7183
f 7348 7349 7343
f 7347 7339 7338
f 7346 7347 7653
f 7340 7346 7654
f 7489 7492 7493
f 7490 7491 7492
f 7483 7674 7479
f 7471 7472 7150
f 7465 7676 7464
f 7467 7465 7462
f 7460 7464 7677
f 7462 7466 7467
f 7681 7447 7449
f 7452 7681 7449
f 7444 7452 7450
f 7444 7451 7446
f 7449 7450 7452
f 7168 7437 7438
f 7438 7436 7168
f 7666 7536 7733
f 7538 7733 7536
f 7734 7735 7736
f 7736 7737 7734
f 7738 7739 7740
f 7741 7740 7735
f 7735 7734 7741
f 7740 7741 7738
f 7739 7738 7320
f 7320 7321 7739
f 7661 7660 7742
f 7743 7742 7321
f 7321 7320 7743
f 7742 7743 7661
f 7737 7736 7660
f 7660 7661 7737
f 7321 7742 7323
f 7739 7321 7323
f 7323 7742 7660
f 7661 7743 7322
f 7322 7743 7320
f 7322 7320 7738
f 7322 7323 7660
f 7660 7661 7322
f 7323 7322 7738
f 7738 7739 7323
f 7748 7746 7747
f 7744 7747 7746
f 7749 7750 7746
f 7746 7747 7749
f 7751 7752 7753
f 7754 7751 7755
f 7744 7756 7757
f 7757 7745 7744
f 7754 7757 7756
f 7753 7755 7751
f 7758 7750 7749
f 7761 7758 7760
f 7763 7761 7764
f 7762 7764 7761
f 7760 7762 7761
f 7759 7760 7758
f 7749 7759 7758
f 7763 7764 7765
f 7765 7766 7763
f 7752 7766 7767
f 7768 7753 7752
f 7767 7768 7752
f 7765 7767 7766
f 7764 7767 7765
f 7747 7744 7769
f 7759 7749 7747
f 7770 7755 7753
f 7771 7754 7755
f 7772 7769 7745
f 7753 7768 7770
f 7755 7770 7771
f 7773 7772 7757
f 7744 7745 7769
f 7771 7773 7754
f 7745 7757 7772
f 7757 7754 7773
f 7760 7759 7762
f 7774 7775 7746
f 7758 7774 7750
f 7775 7776 7746
f 7746 7777 7744
f 7746 7750 7774
f 7746 7748 7775
f 7776 7777 7746
f 7778 7756 7744
f 7779 7754 7756
f 7780 7781 7751
f 7756 7778 7779
f 7754 7779 7780
f 7751 7754 7780
f 7752 7751 7781
f 7758 7761 7782
f 7775 7747 7769
f 7769 7744 7777
f 7769 7777 7776
f 7769 7776 7775
f 7774 7759 7747
f 7747 7775 7774
f 7782 7762 7759
f 7759 7774 7758
f 7759 7758 7782
f 7762 7782 7761
f 7763 7766 7767
f 7767 7764 7763
f 7744 7769 7772
f 7778 7772 7773
f 7779 7773 7771
f 7780 7771 7770
f 7781 7770 7768
f 7768 7752 7781
f 7770 7781 7780
f 7771 7780 7779
f 7773 7779 7778
f 7772 7778 7744
f 7783 7784 7785
f 7785 7786 7783
f 7787 7788 7789
f 7790 7789 7784
f 7784 7783 7790
f 7789 7790 7787
f 7787 7317 7316
f 7316 7788 7787
f 7791 7792 7316
f 7316 7317 7791
f 7792 7791 7659
f 7659 7793 7792
f 7786 7785 7793
f 7793 7659 7786
f 7793 7318 7792
f 7316 7792 7318
f 7791 7319 7659
f 7319 7791 7317
f 7319 7318 7793
f 7793 7659 7319
f 7319 7317 7316
f 7316 7318 7319
f 7794 7795 7796
f 7796 7797 7794
f 7798 7799 7800
f 7801 7800 7795
f 7795 7794 7801
f 7800 7801 7798
f 7799 7798 7523
f 7523 7520 7799
f 7668 7802 7803
f 7804 7803 7520
f 7520 7523 7804
f 7803 7804 7668
f 7797 7796 7802
f 7802 7668 7797
f 7520 7803 7525
f 7799 7520 7525
f 7525 7803 7802
f 7668 7804 7522
f 7522 7804 7523
f 7522 7523 7798
f 7522 7525 7802
f 7802 7668 7522
f 7525 7522 7798
f 7798 7799 7525
f 7806 7805 7807
f 7808 7806 7807
f 7807 7809 7808
f 7810 7811 7808
f 7808 7809 7810
f 7812 7813 7814
f 7815 7812 7816
f 7817 7815 7818
f 7805 7817 7819
f 7818 7819 7817
f 7816 7818 7815
f 7814 7816 7812
f 7820 7811 7810
f 7822 7820 7823
f 7822 7825 7824
f 7821 7823 7820
f 7810 7821 7820
f 7824 7825 7826
f 7826 7827 7824
f 7828 7827 7826
f 7829 7828 7826
f 7813 7828 7826
f 7826 7814 7813
f 7825 7830 7826
f 7833 7810 7809
f 7809 7831 7833
f 7834 7816 7814
f 7835 7818 7816
f 7836 7807 7805
f 7810 7833 7821
f 7814 7826 7834
f 7816 7834 7835
f 7837 7836 7819
f 7832 7822 7823
f 7835 7837 7818
f 7805 7819 7836
f 7819 7818 7837
f 7825 7822 7832
f 7809 7807 7831
f 7833 7806 7808
f 7838 7833 7811
f 7808 7811 7833
f 7828 7829 7839
f 7805 7806 7817
f 7840 7815 7817
f 7841 7834 7812
f 7827 7839 7824
f 7815 7840 7841
f 7834 7829 7813
f 7812 7815 7841
f 7828 7813 7829
f 7827 7828 7839
f 7813 7812 7834
f 7842 7843 7822
f 7822 7824 7842
f 7811 7820 7838
f 7820 7822 7843
f 7806 7831 7807
f 7831 7806 7833
f 7824 7825 7832
f 7843 7832 7823
f 7838 7821 7833
f 7821 7838 7820
f 7823 7820 7843
f 7832 7843 7842
f 7832 7842 7824
f 7824 7839 7830
f 7830 7825 7824
f 7806 7807 7836
f 7817 7836 7837
f 7840 7837 7835
f 7841 7835 7834
f 7826 7829 7834
f 7835 7841 7840
f 7837 7840 7817
f 7836 7817 7806
f 7829 7826 7830
f 7830 7839 7829
f 7844 7845 7846
f 7846 7847 7844
f 7850 7849 7845
f 7845 7844 7851
f 7845 7851 7850
f 7849 7850 7848
f 7849 7848 7394
f 7383 7396 7386
f 7377 7386 7394
f 7386 7377 7383
f 7396 7383 7847
f 7847 7846 7396
f 7386 7396 7382
f 7852 7846 7845
f 7394 7386 7382
f 7848 7850 7851
f 7851 7844 7848
f 7848 7844 7845
f 7845 7849 7848
f 7844 7847 7852
f 7852 7845 7844
f 7383 7377 7394
f 7382 7396 7383
f 7394 7382 7383
f 7846 7852 7847
f 7854 7855 7853
f 7858 7857 7859
f 7859 7853 7860
f 7859 7860 7858
f 7857 7858 7856
f 7330 7328 7856
f 7333 7331 7328
f 7328 7330 7333
f 7331 7333 7855
f 7855 7854 7331
f 7856 7328 7331
f 7853 7855 7861
f 7333 7332 7861
f 7861 7855 7333
f 7333 7330 7332
f 7860 7853 7856
f 7856 7858 7860
f 7332 7330 7856
f 7856 7853 7859
f 7859 7857 7856
f 7853 7861 7854
f 7332 7331 7854
f 7854 7861 7332
f 7331 7332 7856
f 7862 7863 7864
f 7864 7487 7862
f 7867 7866 7863
f 7863 7862 7867
f 7491 7484 7865
f 7491 7488 7485
f 7491 7485 7484
f 7488 7491 7868
f 7487 7869 7488
f 7487 7864 7869
f 7869 7487 7870
f 7871 7869 7864
f 7871 7864 7863
f 7866 7865 7863
f 7484 7485 7488
f 7491 7872 7865
f 7869 7871 7488
f 7488 7491 7484
f 7872 7863 7865
f 7873 7865 7866
f 7866 7867 7873
f 7873 7867 7863
f 7865 7873 7863
f 7866 7863 7873
f 7862 7487 7871
f 7871 7863 7862
f 7488 7871 7487
f 7875 7876 7874
f 7879 7878 7880
f 7881 7880 7874
f 7880 7881 7879
f 7878 7879 7877
f 7878 7877 7433
f 7426 7427 7433
f 7427 7426 7882
f 7882 7875 7427
f 7427 7875 7874
f 7427 7431 7433
f 7874 7876 7883
f 7876 7875 7883
f 7883 7875 7882
f 7883 7881 7874
f 7426 7433 7877
f 7879 7881 7884
f 7884 7877 7879
f 7877 7884 7426
f 7884 7881 7878
f 7880 7878 7881
f 7881 7883 7427
f 7427 7874 7881
f 7431 7427 7426
f 7433 7431 7426
f 7433 7426 7884
f 7884 7878 7433
f 7883 7882 7427
f 7892 7885 7891
f 7894 7892 7893
f 7892 7894 7891
f 7885 7893 7892
f 7885 7888 7887
f 7895 7892 7891
f 7895 7891 7890
f 7890 7896 7895
f 7896 7890 7889
f 7889 7888 7896
f 7885 7892 7895
f 7887 7886 7885
f 8321 7897 7898
f 7897 8321 8322
f 8322 7899 7897
f 8321 7898 7900
f 8323 7901 7902
f 8324 7904 7903
f 7903 7901 8323
f 8324 7900 7904
f 7902 7899 8322
f 8322 8323 7902
f 7903 8323 8324
f 8324 8321 7900
f 8325 7982 7983
f 8326 7985 8327
f 8328 8329 8019
f 8330 8019 8020
f 8331 8021 8022
f 8332 8325 8333
f 8334 8326 8335
f 8336 8337 8240
f 8338 8240 8339
f 8340 8328 8330
f 8341 8330 8342
f 8343 8331 8344
f 8345 8346 8347
f 8348 7905 7907
f 8348 7907 7909
f 7906 7910 7911
f 8349 7909 7908
f 7909 8349 8348
f 7905 7906 7911
f 7906 7908 7910
f 7912 7907 7905
f 7911 7912 7905
f 7915 7916 7914
f 7914 7913 7915
f 8351 7919 7918
f 7913 7914 7917
f 7915 8350 7920
f 7918 7921 8350
f 7921 7920 8350
f 8351 7917 7919
f 7920 7916 7915
f 7918 8350 8351
f 8348 7885 7895
f 7885 8352 7922
f 7905 7896 7888
f 7905 7895 7896
f 7885 8348 8352
f 7888 7885 7922
f 7888 7922 7905
f 7924 7915 7923
f 7924 7925 7915
f 8350 7928 7927
f 8350 7926 7928
f 7915 7925 7926
f 7923 8353 7929
f 7927 7929 8353
f 7929 7924 7923
f 7927 8353 8350
f 8347 8346 7930
f 8346 7931 7930
f 8346 8023 7931
f 7932 7933 8347
f 8354 8347 7934
f 7934 7935 8354
f 7937 7936 7913
f 7938 7939 7940
f 7938 7941 7942
f 7937 7943 7936
f 7913 8351 7945
f 7947 7948 7946
f 7942 7939 7938
f 7938 7940 7936
f 7936 7943 7938
f 7944 7937 7913
f 7946 7945 8351
f 7947 7949 7948
f 7938 7947 7941
f 7946 8351 7947
f 7945 7944 7913
f 7938 7949 7947
f 8205 8353 7950
f 8353 7951 7950
f 8353 7952 7953
f 7953 7951 8353
f 8353 7954 7952
f 8353 7923 7954
f 8355 7956 7955
f 8355 7957 7956
f 8352 7958 7959
f 8352 7961 7958
f 7960 8352 7955
f 7960 7961 8352
f 7959 7962 7922
f 7963 7964 7906
f 7965 7968 8349
f 7967 7970 7966
f 7965 7966 7968
f 7969 7965 8349
f 8349 7906 7969
f 7970 7972 7966
f 7906 7971 7973
f 7966 7974 7964
f 7906 7973 7969
f 7906 7964 7971
f 7964 7975 7971
f 7964 7967 7966
f 7974 7975 7964
f 8356 7976 7977
f 8357 7978 7979
f 8357 7977 7978
f 7982 7980 7981
f 8327 7985 7986
f 8327 7987 7988
f 7986 7987 8327
f 7989 7990 7991
f 7991 7990 7993
f 7991 7992 7989
f 7992 8358 7994
f 7994 7995 7992
f 7996 8358 7997
f 8358 7992 7997
f 7995 7989 7992
f 7993 8327 7998
f 8327 7999 8000
f 8000 8001 8327
f 8358 8002 7994
f 8359 8003 8002
f 8001 7998 8327
f 8359 8327 7993
f 7998 7991 7993
f 7999 7996 7997
f 8002 8358 8359
f 7999 7997 8004
f 7993 8003 8359
f 8004 8000 7999
f 8358 7996 8005
f 8322 8006 8007
f 8329 8324 8008
f 8329 8009 8010
f 8010 8011 8329
f 8008 8009 8329
f 8324 8013 8012
f 8014 8015 8016
f 8016 8323 8014
f 8014 8011 8015
f 8012 8008 8324
f 8013 8324 8323
f 8016 8013 8323
f 8010 8015 8011
f 8017 8019 8329
f 8329 8011 8018
f 8018 8017 8329
f 8025 8026 8027
f 8027 8028 8025
f 8029 8030 8350
f 8030 8031 8351
f 8032 8033 8034
f 8034 8035 8032
f 8354 8033 8036
f 8034 7947 8035
f 7947 8037 8038
f 8032 8036 8033
f 8038 8039 7947
f 8351 8031 8040
f 8039 8035 7947
f 8040 7947 8351
f 8040 8037 7947
f 8345 8354 8041
f 8041 8042 8345
f 8354 8036 8043
f 8043 8041 8354
f 8044 8360 8345
f 8045 8343 8360
f 8046 8361 8343
f 8047 8341 8361
f 8048 8340 8341
f 8049 8362 8340
f 8050 8363 8362
f 8051 8338 8363
f 8052 8336 8338
f 8053 8364 8336
f 8054 8334 8364
f 8055 8305 8334
f 8056 8365 8305
f 8057 8332 8365
f 8332 8057 8058
f 8356 8059 8060
f 8058 8356 8332
f 8058 8059 8356
f 7976 8061 8062
f 8356 8063 8064
f 7976 8065 8061
f 8064 7976 8356
f 8064 8065 7976
f 8062 8066 7976
f 7968 8066 8062
f 8349 7968 8067
f 8062 8068 7968
f 7968 8069 8067
f 8068 8069 7968
f 8348 8349 8070
f 8352 8348 8071
f 8352 8072 8073
f 8352 8074 8072
f 8073 7955 8352
f 8073 8076 7955
f 8076 8075 7955
f 8077 8079 8078
f 8355 8080 8081
f 8082 8083 8084
f 8355 8084 8080
f 8084 8355 8082
f 8355 8075 8087
f 8085 8088 8086
f 8077 8089 8078
f 8084 8083 8090
f 8090 8091 8084
f 8087 8082 8355
f 8085 8075 8088
f 8090 8089 8091
f 8081 8092 8355
f 8093 8077 8094
f 8092 8095 7957
f 8092 8096 8095
f 8097 8098 8099
f 8100 8096 8101
f 8092 8097 8099
f 8098 8366 8100
f 8100 8101 8098
f 8097 8366 8098
f 8102 8096 8092
f 8099 8103 8092
f 8103 8102 8092
f 8104 8105 8106
f 8107 8104 8108
f 8105 8367 8109
f 8111 8112 8110
f 8111 8366 8113
f 8106 8108 8104
f 8109 8110 8105
f 8111 8115 8114
f 8113 8366 8107
f 8104 8367 8105
f 8110 8109 8111
f 8108 8113 8107
f 8114 8112 8111
f 8113 8115 8111
f 8116 8117 8118
f 8118 8367 8116
f 8119 8120 8121
f 8120 8368 8122
f 8123 8119 8125
f 8122 8126 8120
f 8117 8127 8126
f 8117 8124 8127
f 8124 8117 8123
f 8119 8121 8125
f 8119 8368 8120
f 8123 8125 8124
f 8126 8122 8117
f 8128 8129 8130
f 8129 8133 8130
f 8132 8129 8131
f 8131 8134 8135
f 8136 8134 8131
f 8136 8368 8137
f 8129 8132 8133
f 8135 8132 8131
f 8131 8368 8136
f 8137 8138 8136
f 8137 8128 8138
f 8139 8138 8128
f 8130 8139 8128
f 8128 8140 8141
f 8142 8141 8140
f 8143 8144 8142
f 8145 8146 8147
f 8147 8146 8144
f 8148 8149 8145
f 8144 8143 8150
f 8144 8150 8147
f 8153 8154 8155
f 8152 8151 8156
f 8153 8155 8157
f 8158 8152 8156
f 8152 8149 8151
f 8149 8148 8151
f 8159 8148 8160
f 8161 8162 8163
f 8153 8161 8164
f 8165 8154 8153
f 8166 8158 8167
f 8168 8163 8162
f 8163 8164 8161
f 8164 8169 8153
f 8153 8157 8166
f 8159 8151 8148
f 8166 8167 8153
f 8156 8167 8158
f 8160 8162 8159
f 8162 8160 8168
f 8169 8165 8153
f 8170 8369 8171
f 8172 8165 8170
f 8171 8172 8170
f 8173 8174 8175
f 8175 8176 8173
f 8175 8178 8177
f 8175 8177 8179
f 8174 8180 8178
f 8175 8174 8178
f 8182 8370 8181
f 8181 8179 8182
f 8174 8183 8184
f 8183 8370 8182
f 8181 8175 8179
f 8184 8180 8174
f 8182 8184 8183
f 8371 8190 8188
f 8190 8191 8188
f 8185 8372 8187
f 8372 8192 8187
f 8192 8189 8193
f 8189 8371 8188
f 8186 8191 8190
f 8186 8190 8185
f 8185 8187 8186
f 8192 8194 8187
f 8193 8194 8192
f 8189 8188 8193
f 8195 8371 8196
f 8197 8198 8195
f 8199 8198 8200
f 8198 8201 8200
f 8203 8202 8199
f 8198 8197 8204
f 8199 8200 8203
f 8204 8201 8198
f 8197 8202 8204
f 8206 8199 8202
f 8205 8207 8202
f 8207 8206 8202
f 8205 8202 8208
f 8208 8209 8205
f 8353 8205 8211
f 8212 8205 8213
f 8214 8210 8215
f 8211 8216 8353
f 8205 8209 8213
f 8218 8219 8217
f 8205 8220 8211
f 8215 8205 8221
f 8218 8210 8219
f 8213 8222 8212
f 8222 8213 8223
f 8221 8214 8215
f 8215 8220 8205
f 8224 8226 8227
f 8225 8221 8205
f 8212 8225 8205
f 8223 8228 8229
f 8228 8223 8026
f 8026 8224 8027
f 8216 8029 8353
f 8223 8229 8222
f 8005 8230 8231
f 8230 8232 8231
f 8358 8233 8231
f 8231 8234 8358
f 8358 8005 8233
f 8231 8233 8005
f 8359 8358 8235
f 8236 8240 8337
f 8337 8359 8237
f 8236 8237 8359
f 8359 8238 8236
f 8337 8237 8236
f 8239 8339 8240
f 8239 8321 8339
f 8241 8242 8322
f 8322 8243 8244
f 8244 8232 8230
f 8244 8006 8322
f 8322 8242 8243
f 8230 8006 8244
f 8245 8372 8246
f 8247 8245 8248
f 8246 8250 8245
f 8251 8252 8250
f 8249 8247 8248
f 8247 8372 8245
f 8250 8246 8251
f 8253 8254 8255
f 8251 8253 8252
f 8254 8256 8255
f 8255 8252 8253
f 8249 8248 8256
f 8253 8370 8254
f 8256 8254 8249
f 8362 8257 8258
f 8362 8258 8259
f 8362 8260 8257
f 8260 8362 8363
f 8363 8261 8260
f 8363 8339 8261
f 8339 8321 8261
f 8321 8324 8262
f 8321 8263 8261
f 8324 8264 8262
f 8259 8324 8373
f 8259 8264 8324
f 8262 8263 8321
f 8345 8360 8265
f 8360 8266 8265
f 8345 8267 8268
f 8265 8269 8345
f 8360 8344 8266
f 8269 8267 8345
f 8023 8346 8268
f 8270 8022 8023
f 8023 8271 8270
f 8270 8272 8022
f 8023 8268 8271
f 8022 8272 8266
f 8266 8344 8022
f 8343 8361 8273
f 8361 8342 8274
f 8361 8276 8273
f 8343 8277 8275
f 8274 8276 8361
f 8273 8277 8343
f 8021 8275 8278
f 8020 8021 8278
f 8278 8279 8020
f 8275 8021 8331
f 8342 8020 8274
f 8279 8274 8020
f 8280 8340 8362
f 8281 8282 8362
f 8282 8280 8362
f 8340 8282 8283
f 8280 8284 8340
f 8284 8282 8340
f 8362 8373 8281
f 8329 8328 8283
f 8324 8285 8286
f 8324 8329 8285
f 8283 8287 8329
f 8287 8285 8329
f 8324 8286 8281
f 8281 8373 8324
f 8288 8364 8289
f 8336 8290 8291
f 8291 8288 8336
f 8295 8294 8296
f 8288 8293 8336
f 8288 8297 8294
f 8292 8289 8364
f 8364 8335 8292
f 8364 8288 8290
f 8290 8336 8364
f 8289 8297 8288
f 8295 8288 8294
f 8359 8337 8293
f 8335 8327 8292
f 8327 8298 8292
f 8295 8296 8300
f 8327 8299 8298
f 8300 8299 8295
f 8359 8302 8301
f 8299 8327 8301
f 8299 8301 8303
f 8293 8302 8359
f 8303 8295 8299
f 8327 8359 8301
f 8365 8333 8304
f 8304 8305 8365
f 8305 8307 8306
f 8306 8334 8305
f 8308 8307 8305
f 8309 8310 7984
f 8309 7984 7985
f 8306 7985 8326
f 8306 8309 7985
f 7983 8310 8304
f 7983 7984 8310
f 8304 8333 7983
f 8332 8356 8311
f 8356 8313 8314
f 8356 8357 8313
f 8332 8314 8312
f 8314 8311 8356
f 8332 8315 8314
f 8311 8315 8332
f 8313 8357 7980
f 8357 7979 7980
f 7980 8317 8313
f 8316 7980 7982
f 8312 7982 8325
f 8316 8317 7980
f 8318 8316 7982
f 8312 8318 7982
f 8312 8325 8332
f 8306 8326 8334
f 8293 8337 8336
f 8283 8328 8340
f 8275 8331 8343
f 8268 8346 8345
f 8259 8373 8362
f 8322 8321 8241
f 8239 8241 8321
f 8235 8238 8359
f 8234 8235 8358
f 8203 8204 8202
f 8196 8197 8195
f 8196 8371 8189
f 8192 8372 8247
f 8254 8370 8183
f 8176 8369 8173
f 8173 8369 8170
f 8172 8154 8165
f 8147 8148 8145
f 8140 8143 8142
f 8141 8129 8128
f 8137 8368 8119
f 8116 8123 8117
f 8116 8367 8104
f 8107 8366 8097
f 7957 8355 8092
f 8075 8355 7955
f 8071 8074 8352
f 8070 8071 8348
f 8067 8070 8349
f 8060 8063 8356
f 8365 8056 8057
f 8305 8055 8056
f 8334 8054 8055
f 8364 8053 8054
f 8336 8052 8053
f 8338 8051 8052
f 8363 8050 8051
f 8362 8049 8050
f 8340 8048 8049
f 8341 8047 8048
f 8361 8046 8047
f 8343 8045 8046
f 8360 8044 8045
f 8345 8319 8044
f 8042 8319 8345
f 8351 8350 8030
f 8350 8353 8029
f 8025 8224 8026
f 8024 7931 8023
f 8014 8323 8007
f 8007 8323 8322
f 7988 7999 8327
f 7977 8357 8356
f 7972 7968 7966
f 7963 8320 7964
f 7959 7922 8352
f 8100 8366 8111
f 8109 8367 8118
f 8122 8368 8131
f 8171 8369 8176
f 8181 8370 8253
f 8246 8372 8185
f 8190 8371 8195
f 7935 8033 8354
f 7933 7934 8347
f 7930 7932 8347
f 7926 8350 7915
f 7895 7905 8348
f 7917 8351 7913
f 7908 7906 8349
f 8347 8354 8345
f 8344 8360 8343
f 8342 8361 8341
f 8330 8341 8340
f 8339 8363 8338
f 8240 8338 8336
f 8335 8364 8334
f 8333 8365 8332
f 8022 8344 8331
f 8020 8342 8330
f 8019 8330 8328
f 8327 8335 8326
f 7983 8333 8325
f 8086 8374 8093
f 8375 8376 8242
f 8242 8241 8375
f 8376 8243 8242
f 8241 8239 8375
f 8377 8238 8235
f 8377 8236 8238
f 8235 8378 8377
f 8235 8234 8378
f 8379 8380 8232
f 8380 8231 8232
f 8232 8244 8379
f 8375 8239 8240
f 8240 8377 8375
f 8240 8236 8377
f 8381 8379 8244
f 8381 8382 8379
f 8244 8376 8381
f 8376 8244 8243
f 8244 8381 8384
f 8384 8383 8244
f 8383 8384 8381
f 8381 8244 8383
f 8381 8384 8382
f 8384 8381 8376
f 8384 8376 8383
f 8383 8379 8384
f 8379 8382 8384
f 8234 8231 8378
f 8231 8233 8378
f 8385 8378 8233
f 8385 8386 8378
f 8388 8378 8389
f 8378 8386 8389
f 8378 8388 8387
f 8387 8388 8233
f 8231 8390 8391
f 8391 8387 8231
f 8233 8388 8389
f 8389 8385 8233
f 8385 8389 8386
f 8391 8390 8392
f 8233 8231 8387
f 8231 8380 8390
f 8380 8392 8390
f 8383 8387 8380
f 8380 8379 8383
f 8391 8380 8387
f 8392 8380 8391
f 8393 8377 8236
f 8394 8377 8395
f 8395 8396 8394
f 8397 8396 8236
f 8398 8397 8237
f 8398 8237 8399
f 8399 8400 8398
f 8396 8395 8393
f 8393 8236 8396
f 8393 8395 8377
f 8400 8399 8401
f 8236 8237 8397
f 8377 8237 8236
f 8237 8377 8399
f 8377 8401 8399
f 8394 8398 8377
f 8400 8377 8398
f 8401 8377 8400
f 8402 8375 8239
f 8403 8375 8404
f 8405 8403 8239
f 8239 8406 8407
f 8407 8405 8239
f 8403 8404 8402
f 8402 8239 8403
f 8402 8404 8375
f 8407 8406 8375
f 8239 8375 8406
f 8394 8403 8375
f 8375 8377 8394
f 8403 8405 8407
f 8407 8375 8403
f 7988 7987 7986
f 7981 7986 7983
f 7983 7982 7981
f 7986 7984 7983
f 7986 7985 7984
f 7967 8320 7964
f 8412 7967 8408
f 8412 8408 8409
f 7978 7976 7977
f 8410 7979 7978
f 8411 7980 7979
f 7972 8409 8066
f 7970 8412 7972
f 7972 8066 7968
f 8412 7970 7967
f 8409 7972 8412
f 8413 7986 7981
f 7981 8414 8413
f 7988 7987 8415
f 7987 7986 8413
f 8413 8415 7987
f 8414 7981 7980
f 7980 8416 8414
f 8416 8411 7979
f 7979 8417 8416
f 8418 8417 7978
f 8417 8410 7978
f 8419 8418 7976
f 8418 7977 7976
f 8419 8066 8409
f 8409 8420 8419
f 8420 8409 8408
f 8408 8421 8420
f 8422 8421 7967
f 8421 8408 7967
f 8423 8422 8320
f 8422 7964 8320
f 8320 7963 8423
f 7967 7964 8422
f 7976 8066 8419
f 7978 7977 8418
f 7979 8410 8417
f 7980 8411 8416
f 7963 7906 7905
f 7905 7962 7963
f 7905 7922 7962
f 8424 8423 7963
f 7963 7962 8424
f 8095 8425 8426
f 7955 8426 7956
f 7960 8427 7955
f 7960 8427 7961
f 8095 7956 7957
f 8426 7956 8095
f 8424 7962 7959
f 7959 8428 8424
f 8429 8428 7958
f 8428 7959 7958
f 8429 7961 8427
f 8427 8430 8429
f 8430 7960 7955
f 7955 8431 8430
f 8432 8431 8426
f 8431 7956 8426
f 8426 8425 8432
f 7955 7956 8431
f 8427 7960 8430
f 7958 7961 8429
f 8142 8129 8141
f 8142 8131 8129
f 8142 8095 8117
f 8117 8122 8142
f 8122 8131 8142
f 8095 8109 8118
f 8118 8117 8095
f 8095 8096 8100
f 8100 8111 8095
f 8111 8109 8095
f 8142 8425 8095
f 8425 8142 8433
f 8142 8434 8433
f 8142 8435 8434
f 8433 8432 8425
f 8157 8155 8436
f 8437 8146 8145
f 8438 8157 8166
f 8439 8145 8146
f 8172 8155 8154
f 8152 8439 8149
f 8439 8145 8149
f 8144 8146 8142
f 8438 8157 8155
f 8145 8439 8152
f 8435 8142 8146
f 8146 8440 8435
f 8441 8440 8145
f 8440 8437 8145
f 8442 8441 8152
f 8442 8158 8166
f 8166 8443 8442
f 8444 8443 8157
f 8443 8166 8157
f 8445 8444 8155
f 8444 8436 8155
f 8155 8172 8445
f 8157 8436 8444
f 8152 8158 8442
f 8145 8152 8441
f 8146 8437 8440
f 8206 8198 8199
f 8206 8195 8198
f 8206 8185 8190
f 8206 8246 8185
f 8206 8172 8251
f 8172 8253 8251
f 8251 8246 8206
f 8190 8195 8206
f 8172 8176 8175
f 8175 8181 8172
f 8181 8253 8172
f 8172 8171 8176
f 8172 8206 8446
f 8172 8447 8448
f 8446 8449 8447
f 8447 8172 8446
f 8448 8445 8172
f 7953 8450 7952
f 8205 8452 8453
f 8454 8455 8205
f 7950 8452 8205
f 8207 8455 8206
f 7951 8451 7950
f 8450 7952 7954
f 8451 7951 7953
f 8455 8207 8205
f 8452 7950 8451
f 8446 8206 8455
f 8449 8446 8455
f 8455 8456 8449
f 8457 8456 8205
f 8456 8454 8205
f 8457 8452 8451
f 8451 8458 8457
f 8457 8453 8452
f 8458 8451 7953
f 7953 8459 8458
f 8460 8459 8450
f 8459 7952 8450
f 8450 7954 8460
f 7953 7952 8459
f 8205 8453 8457
f 8455 8454 8456
f 7954 7915 7913
f 7913 7936 7954
f 7954 7923 7915
f 8461 8460 7954
f 7954 7936 8461
f 7932 7930 8462
f 8463 7933 7932
f 7934 7935 7933
f 7942 7941 8464
f 7942 8465 8466
f 8466 7939 7942
f 8467 8468 7939
f 7940 8468 7936
f 8024 7930 7931
f 7935 8034 8033
f 7947 8034 7941
f 8468 7940 7939
f 8464 8465 7942
f 8461 7936 8468
f 8468 8469 8461
f 8469 8467 7939
f 7939 8470 8469
f 8471 8470 8465
f 8470 8466 8465
f 8472 8471 7941
f 8471 8464 7941
f 8472 8034 7935
f 7935 8473 8472
f 8473 7934 7933
f 7933 8474 8473
f 8475 8474 7932
f 8474 8463 7932
f 8476 8475 7930
f 8475 8462 7930
f 7930 8024 8476
f 7932 8462 8475
f 7933 8463 8474
f 7935 7934 8473
f 7941 8034 8472
f 8465 8464 8471
f 7939 8466 8470
f 8468 8467 8469
f 8024 8022 8021
f 8021 8017 8024
f 8021 8020 8017
f 8020 8019 8017
f 8024 8023 8022
f 8476 8024 8017
f 8017 8477 8476
f 8017 8018 8477
f 7988 8005 7999
f 7996 7999 8005
f 8006 8018 8014
f 8014 8007 8006
f 8011 8014 8018
f 8005 8006 8230
f 8075 8076 8478
f 8076 8073 8480
f 8480 8479 8076
f 8479 8478 8076
f 8481 8084 8091
f 8482 8091 8089
f 8484 8089 8078
f 8485 8078 8079
f 8485 8079 8077
f 8487 8077 8093
f 8488 8093 8374
f 8489 8374 8086
f 8490 8086 8088
f 8491 8088 8075
f 8075 8478 8491
f 8088 8491 8490
f 8086 8490 8489
f 8374 8489 8488
f 8093 8488 8487
f 8077 8487 8486
f 8077 8486 8485
f 8078 8485 8484
f 8089 8484 8483
f 8089 8483 8482
f 8091 8482 8481
f 8080 8084 8492
f 8481 8492 8084
f 8081 8080 8492
f 8492 8493 8081
f 8081 8150 8116
f 8116 8104 8081
f 8104 8107 8081
f 8107 8097 8081
f 8097 8092 8081
f 8150 8119 8123
f 8150 8128 8137
f 8137 8119 8150
f 8150 8140 8128
f 8143 8140 8150
f 8123 8116 8150
f 8150 8081 8493
f 8493 8494 8150
f 8148 8147 8160
f 8495 8164 8163
f 8496 8147 8150
f 8147 8496 8160
f 8164 8495 8169
f 8169 8495 8497
f 8495 8163 8498
f 8163 8168 8499
f 8168 8160 8500
f 8160 8496 8501
f 8496 8150 8494
f 8494 8501 8496
f 8501 8500 8160
f 8500 8499 8168
f 8499 8498 8163
f 8498 8497 8495
f 8497 8502 8169
f 8169 8173 8170
f 8169 8174 8173
f 8169 8254 8183
f 8183 8174 8169
f 8169 8208 8249
f 8208 8247 8249
f 8249 8254 8169
f 8208 8189 8192
f 8208 8196 8189
f 8208 8197 8196
f 8192 8247 8208
f 8170 8165 8169
f 8208 8202 8197
f 8169 8502 8503
f 8503 8208 8169
f 8209 8208 8503
f 8503 8504 8209
f 8223 8213 8505
f 8213 8209 8504
f 8504 8505 8213
f 8505 8506 8223
f 8226 8509 8510
f 8025 8507 8224
f 8508 8226 8224
f 8507 8025 8028
f 8028 8027 8026
f 8510 8217 8226
f 8511 8210 8218
f 8513 8218 8217
f 8514 8217 8510
f 8514 8510 8509
f 8515 8509 8226
f 8515 8226 8508
f 8516 8508 8224
f 8519 8224 8507
f 8520 8507 8028
f 8521 8028 8026
f 8523 8026 8223
f 8223 8506 8524
f 8223 8524 8523
f 8026 8523 8522
f 8026 8522 8521
f 8028 8521 8520
f 8507 8520 8519
f 8224 8519 8518
f 8224 8518 8517
f 8224 8517 8516
f 8508 8516 8515
f 8509 8515 8514
f 8217 8514 8513
f 8218 8513 8512
f 8218 8512 8511
f 8211 8220 8511
f 8220 8215 8511
f 8215 8210 8511
f 8511 8525 8211
f 8216 8211 8525
f 8525 8526 8216
f 8216 8040 8031
f 8031 8030 8216
f 8030 8029 8216
f 8526 8527 8040
f 8040 8216 8526
f 8531 8039 8038
f 8528 8043 8036
f 8529 8036 8032
f 8032 8035 8530
f 8039 8531 8035
f 8532 8042 8041
f 8041 8533 8532
f 8533 8041 8043
f 8043 8534 8533
f 8534 8528 8036
f 8036 8535 8534
f 8535 8529 8032
f 8032 8536 8535
f 8537 8536 8035
f 8536 8530 8035
f 8538 8537 8531
f 8537 8035 8531
f 8539 8538 8038
f 8527 8539 8037
f 8037 8040 8527
f 8038 8037 8539
f 8531 8038 8538
f 8032 8530 8536
f 8036 8529 8535
f 8043 8528 8534
f 8042 8045 8044
f 8042 8046 8045
f 8042 8047 8046
f 8042 8048 8047
f 8042 8049 8048
f 8042 8050 8049
f 8042 8058 8051
f 8051 8050 8042
f 8058 8052 8051
f 8058 8053 8052
f 8058 8054 8053
f 8058 8055 8054
f 8058 8056 8055
f 8058 8057 8056
f 8044 8319 8042
f 8073 8072 8540
f 8540 8480 8073
f 8072 8071 8070
f 8070 8067 8072
f 8072 8074 8071
f 8540 8072 8067
f 8067 8541 8540
f 8532 8542 8058
f 8058 8042 8532
f 8541 8067 8069
f 8069 8543 8541
f 8543 8069 8068
f 8068 8544 8543
f 8544 8068 8545
f 8545 8546 8544
f 8061 8547 8546
f 8548 8547 8065
f 8547 8549 8065
f 8550 8548 8064
f 8551 8550 8060
f 8550 8063 8060
f 8542 8551 8059
f 8059 8058 8542
f 8060 8059 8551
f 8064 8063 8550
f 8065 8064 8548
f 8061 8549 8547
f 8545 8061 8546
f 8063 8060 8064
f 8545 8062 8061
f 8549 8061 8065
f 8062 8545 8068
f 8005 8552 8553
f 8005 7988 8554
f 8554 8552 8005
f 7988 8555 8554
f 7988 8556 8555
f 7988 8415 8556
f 8018 8557 8558
f 8006 8559 8557
f 8557 8018 8006
f 8560 8561 8006
f 8561 8559 8006
f 8558 8477 8018
f 8562 8083 8082
f 8564 8085 8086
f 8564 8086 8094
f 8093 8094 8086
f 8083 8562 8090
f 8075 8085 8087
f 8087 8563 8082
f 8212 8222 8228
f 8227 8226 8217
f 8217 8219 8227
f 8229 8228 8222
f 8125 8121 8566
f 8121 8565 8566
f 8124 8125 8567
f 8125 8566 8567
f 8567 8127 8124
f 8120 8565 8121
f 8569 8127 8567
f 8568 8126 8127
f 8565 8120 8570
f 8248 8245 8571
f 8248 8572 8573
f 8573 8256 8248
f 8573 8255 8256
f 8571 8572 8248
f 8250 8571 8245
f 8575 8255 8573
f 8571 8250 8576
f 8266 8577 8578
f 8578 8265 8266
f 8269 8265 8578
f 8578 8267 8269
f 8267 8578 8268
f 8270 8271 8579
f 8271 8268 8579
f 8270 8580 8581
f 8272 8270 8581
f 8272 8582 8583
f 8272 8583 8266
f 8581 8582 8272
f 8579 8580 8270
f 8580 8579 8581
f 8584 8268 8578
f 8585 8282 8281
f 8586 8280 8282
f 8284 8280 8586
f 8282 8284 8586
f 8586 8283 8282
f 8287 8283 8588
f 8285 8287 8589
f 8287 8588 8589
f 8286 8285 8590
f 8285 8589 8590
f 8286 8590 8591
f 8286 8591 8281
f 8586 8587 8283
f 8585 8586 8282
f 8592 8589 8588
f 8292 8593 8594
f 8594 8289 8292
f 8297 8289 8594
f 8294 8297 8594
f 8294 8594 8296
f 8300 8296 8595
f 8595 8299 8300
f 8299 8597 8596
f 8298 8299 8596
f 8298 8598 8599
f 8298 8599 8292
f 8596 8598 8298
f 8595 8597 8299
f 8595 8596 8597
f 8600 8296 8594
f 8601 8314 8313
f 8602 8311 8314
f 8315 8311 8602
f 8602 8314 8315
f 8312 8314 8602
f 8318 8312 8604
f 8318 8604 8605
f 8605 8316 8318
f 8317 8316 8606
f 8316 8605 8606
f 8317 8606 8607
f 8317 8607 8313
f 8602 8603 8312
f 8601 8602 8314
f 8608 8605 8604
f 8221 8225 8609
f 8225 8212 8612
f 8212 8228 8613
f 8228 8026 8614
f 8026 8027 8615
f 8027 8224 8616
f 8224 8227 8618
f 8227 8219 8619
f 8219 8210 8620
f 8210 8214 8609
f 8214 8221 8609
f 8609 8621 8210
f 8621 8620 8210
f 8620 8619 8219
f 8619 8618 8227
f 8618 8617 8224
f 8617 8616 8224
f 8616 8615 8027
f 8615 8614 8026
f 8614 8613 8228
f 8613 8612 8212
f 8612 8611 8225
f 8611 8610 8225
f 8610 8609 8225
f 8613 8614 8623
f 8610 8612 8622
f 8617 8615 8616
f 8612 8610 8611
f 8078 8089 8624
f 8089 8090 8625
f 8090 8562 8627
f 8562 8082 8628
f 8082 8563 8630
f 8563 8087 8630
f 8087 8085 8631
f 8085 8564 8633
f 8564 8094 8634
f 8094 8077 8635
f 8077 8079 8624
f 8079 8078 8624
f 8624 8635 8077
f 8635 8634 8094
f 8634 8633 8564
f 8633 8632 8085
f 8632 8631 8085
f 8631 8630 8087
f 8630 8629 8082
f 8629 8628 8082
f 8628 8627 8562
f 8627 8626 8090
f 8626 8625 8090
f 8625 8624 8089
f 8627 8628 8629
f 8624 8638 8625
f 8634 8635 8637
f 8624 8625 8636
f 8624 8637 8635
f 8632 8630 8631
f 8639 8640 8010
f 8016 8641 8013
f 8641 8012 8013
f 8015 8010 8640
f 8010 8009 8639
f 8589 8008 8012
f 8008 8589 8009
f 8642 8643 7903
f 7899 8644 7897
f 8644 7898 7897
f 7902 7901 8643
f 7901 7903 8643
f 7903 7904 8642
f 8645 7900 7898
f 7898 8646 8645
f 8647 8648 7992
f 8004 8649 8000
f 8649 8001 8000
f 7997 7992 8648
f 7992 7991 8647
f 8001 8598 8596
f 7998 8001 8596
f 8650 8651 8002
f 7995 8652 7989
f 8652 7990 7989
f 7994 8002 8651
f 8002 8003 8650
f 8653 7993 7990
f 7993 8653 8003
f 8630 8654 8629
f 8637 8624 8636
f 8654 8627 8629
f 8632 8633 8631
f 8634 8637 8636
f 8626 8654 8625
f 8654 8626 8627
f 8636 8655 8656
f 8656 8637 8636
f 8634 8637 8656
f 8634 8656 8657
f 8657 8633 8634
f 8657 8631 8633
f 8631 8658 8659
f 8659 8630 8631
f 8630 8659 8660
f 8654 8630 8661
f 8630 8662 8661
f 8625 8654 8661
f 8663 8636 8625
f 8636 8664 8655
f 8663 8664 8636
f 8661 8663 8625
f 8660 8662 8630
f 8657 8658 8631
f 8657 8658 8659
f 8663 8666 8655
f 8659 8665 8661
f 8662 8659 8661
f 8663 8655 8664
f 8662 8660 8659
f 8662 8661 8665
f 8612 8613 8622
f 8621 8609 8668
f 8620 8669 8619
f 8623 8622 8613
f 8668 8669 8620
f 8609 8610 8668
f 8668 8620 8621
f 8610 8622 8668
f 8667 8614 8615
f 8667 8623 8614
f 8617 8618 8670
f 8670 8667 8617
f 8667 8615 8617
f 8668 8671 8672
f 8668 8672 8673
f 8673 8669 8668
f 8673 8619 8669
f 8618 8619 8674
f 8619 8673 8674
f 8670 8618 8674
f 8670 8674 8675
f 8675 8667 8670
f 8667 8675 8676
f 8677 8623 8667
f 8677 8622 8623
f 8668 8622 8678
f 8668 8679 8672
f 8678 8679 8668
f 8677 8678 8622
f 8676 8677 8667
f 8678 8681 8672
f 8675 8680 8677
f 8679 8678 8672
f 8677 8676 8675
f 8682 8375 8403
f 8684 8403 8683
f 8682 8685 8375
f 8403 8686 8683
f 8687 8682 8403
f 8685 8688 8375
f 8689 8376 8684
f 8403 8690 8686
f 8690 8403 8383
f 8383 8691 8690
f 8376 8688 8693
f 8689 8692 8376
f 8383 8376 8692
f 8684 8687 8403
f 8684 8683 8689
f 8376 8693 8684
f 8376 8694 8693
f 8692 8691 8383
f 8688 8376 8375
f 8560 8006 8695
f 8695 8696 8560
f 8006 8005 8553
f 8695 8697 8696
f 8553 8695 8006
f 8696 8697 8698
f 8698 8699 8696
f 8697 8700 8698
f 8700 8697 8553
f 8697 8695 8553
f 8704 8705 8553
f 8701 8553 8705
f 8706 8553 8707
f 8553 8706 8708
f 8708 8704 8553
f 8710 8711 8708
f 8708 8706 8710
f 8708 8711 8712
f 8705 8712 8709
f 8705 8704 8708
f 8708 8712 8705
f 8709 8712 7995
f 8713 8709 7995
f 7995 8710 8713
f 8714 8710 8706
f 8712 8711 8710
f 7995 8712 8710
f 8709 8717 8713
f 8717 8651 8713
f 8716 8713 8651
f 8719 8718 8713
f 8713 8718 8720
f 8720 8709 8713
f 8720 8717 8709
f 8721 7990 8652
f 8717 8720 7994
f 8721 8722 8653
f 8721 8653 7990
f 7995 7994 8720
f 8722 8003 8653
f 8650 8003 8651
f 8652 8720 8721
f 8652 7995 8720
f 8717 7994 8651
f 8651 8003 8722
f 8718 8719 8720
f 8720 8719 8723
f 8721 8720 8723
f 8721 8723 8724
f 8725 8722 8721
f 8721 8724 8725
f 8725 8700 8713
f 8715 8713 8700
f 8727 8725 8726
f 8700 8553 8701
f 8725 8727 8700
f 8713 8716 8725
f 8701 8713 8700
f 8725 8716 8651
f 8701 8705 8709
f 8728 8727 8726
f 8709 8713 8701
f 8651 8722 8725
f 8726 8722 8728
f 8337 8728 8293
f 8730 8337 8293
f 8732 8733 8734
f 8734 8731 8732
f 8729 8731 8734
f 8726 8735 8736
f 8736 8722 8726
f 8737 8726 8725
f 8737 8735 8726
f 8653 8722 8736
f 8303 8301 8653
f 8738 8739 8303
f 8303 8739 8295
f 8295 8740 8741
f 8741 8288 8295
f 8741 8290 8288
f 8741 8291 8290
f 8741 8288 8291
f 8288 8741 8742
f 8742 8293 8288
f 8302 8293 8728
f 8301 8302 8722
f 8302 8728 8722
f 8722 8653 8301
f 8653 8738 8303
f 8736 8735 8737
f 8737 8743 8736
f 8745 8733 8732
f 8732 8746 8745
f 8734 8733 8747
f 8749 8730 8729
f 8729 8748 8749
f 8749 8750 8730
f 8337 8730 8750
f 8750 8751 8728
f 8728 8293 8750
f 8293 8337 8750
f 8751 8727 8728
f 8729 8734 8748
f 8747 8748 8734
f 8727 8751 8752
f 8752 8753 8727
f 8751 8750 8752
f 8754 8752 8750
f 8750 8749 8755
f 8755 8754 8750
f 8749 8748 8756
f 8757 8756 8748
f 8748 8747 8757
f 8756 8755 8749
f 8753 8398 8394
f 8383 8403 8758
f 8753 8394 8387
f 8387 8388 8753
f 8398 8753 8752
f 8758 8699 8383
f 8388 8698 8753
f 8398 8754 8755
f 8398 8755 8756
f 8757 8405 8403
f 8761 8762 8403
f 8759 8758 8403
f 8398 8752 8754
f 8762 8759 8403
f 8388 8387 8698
f 8756 8757 8396
f 8403 8394 8757
f 8387 8383 8698
f 8396 8397 8756
f 8394 8396 8757
f 8405 8763 8760
f 8403 8405 8760
f 8405 8757 8763
f 8760 8761 8403
f 8383 8699 8698
f 8756 8397 8398
f 8747 8764 8763
f 8763 8757 8747
f 8767 8339 8765
f 8767 8768 8339
f 8768 8767 8769
f 8770 8771 8768
f 8771 8770 8772
f 8772 8773 8771
f 8773 8772 8764
f 8745 8773 8764
f 8768 8769 8770
f 8766 8767 8765
f 8747 8733 8745
f 8745 8764 8747
f 8763 8764 8772
f 8770 8760 8763
f 8769 8761 8760
f 8767 8762 8761
f 8767 8759 8762
f 8767 8766 8759
f 8766 8758 8759
f 8761 8769 8767
f 8760 8770 8769
f 8772 8770 8763
f 8771 8745 8746
f 8773 8745 8771
f 8746 8774 8771
f 8646 8777 8775
f 8646 8776 8777
f 8775 8321 8646
f 8645 8778 8646
f 8779 8260 8261
f 8780 8257 8260
f 8258 8257 8780
f 8258 8780 8259
f 8262 8264 8781
f 8264 8259 8781
f 8262 8782 8645
f 8263 8262 8646
f 8262 8645 8646
f 8263 8646 8783
f 8263 8783 8261
f 8781 8782 8262
f 8779 8780 8260
f 8784 8259 8780
f 8781 8645 8782
f 8776 8646 8778
f 8778 8785 8776
f 8787 8775 8776
f 8775 8777 8776
f 8776 8785 8788
f 8785 8778 8786
f 8786 8789 8785
f 8791 8792 8790
f 8785 8790 8793
f 8785 8786 8790
f 8793 8790 8791
f 8791 8794 8793
f 8791 8795 8796
f 8796 8794 8791
f 8797 8791 8792
f 8797 8795 8791
f 8798 8800 8795
f 8795 8799 8798
f 8800 8796 8795
f 8799 8795 8797
f 8798 8799 8802
f 8799 8801 8802
f 8802 8801 8803
f 8803 8477 8802
f 8744 8805 8806
f 8807 8744 8743
f 8744 8736 8743
f 8805 8744 8807
f 8807 8808 8805
f 8805 8808 8809
f 8809 8810 8805
f 8805 8810 8811
f 8811 8806 8805
f 8809 8812 8810
f 8812 8809 8813
f 8810 8811 8812
f 8743 8737 8807
f 8735 8743 8737
f 8815 8812 8813
f 8815 8814 8812
f 8816 8817 8804
f 8477 8804 8818
f 8477 8017 8804
f 8818 8804 8816
f 8816 8819 8818
f 8816 8820 8821
f 8821 8819 8816
f 8822 8816 8817
f 8822 8820 8816
f 8826 8824 8825
f 8820 8826 8821
f 8825 8821 8826
f 8823 8825 8824
f 8824 8826 8827
f 8827 8826 8820
f 8820 8822 8827
f 8823 8824 8829
f 8824 8828 8829
f 8830 7987 8814
f 8814 8831 8830
f 8832 8833 8834
f 8835 8832 8836
f 8832 7987 8836
f 8833 8832 8835
f 8835 8837 8833
f 8833 8837 8838
f 8838 8839 8833
f 8833 8839 8840
f 8840 8834 8833
f 8838 8841 8839
f 8841 8838 8842
f 8839 8840 8841
f 8844 8841 8842
f 8844 8843 8841
f 8813 8845 8815
f 8845 8831 8815
f 8845 8831 8814
f 8814 8815 8845
f 8415 8831 8845
f 8415 8845 8846
f 8415 8830 8831
f 7987 8830 8415
f 8415 8836 7987
f 8836 8415 8835
f 8830 8836 8415
f 8842 8847 8844
f 8847 8848 8844
f 8847 8848 8843
f 8843 8844 8847
f 8850 8851 8843
f 8843 8848 8850
f 8852 8848 8847
f 8852 8850 8848
f 8843 7984 8853
f 8843 8851 7984
f 8309 8853 7984
f 7984 8854 8310
f 8310 8854 8304
f 8856 8305 8304
f 8856 8308 8305
f 8857 8307 8308
f 8857 8306 8307
f 8309 8306 8858
f 8309 8858 8853
f 8856 8857 8308
f 8304 8855 8856
f 8304 8854 8855
f 8851 8850 8852
f 8852 8859 8851
f 8860 8861 8862
f 8863 8860 8859
f 8860 8851 8859
f 8861 8860 8863
f 8863 8864 8861
f 8861 8864 8865
f 8865 8866 8861
f 8861 8866 8867
f 8867 8862 8861
f 8866 8865 8868
f 8868 8869 8866
f 8869 8868 8870
f 8866 8867 8869
f 8859 8852 8863
f 8850 8859 8852
f 8872 8869 8870
f 8872 8871 8869
f 8874 8873 8871
f 8871 8875 8874
f 8876 8877 8878
f 8879 8876 8880
f 8876 8873 8880
f 8877 8876 8879
f 8879 8881 8877
f 8882 8877 8881
f 8881 8883 8882
f 8877 8882 8058
f 8058 8878 8877
f 8883 8884 8885
f 8884 8059 8885
f 8884 8886 8887
f 8886 8888 8889
f 8888 8890 8889
f 8888 8891 8892
f 8891 8893 8892
f 8894 8895 8896
f 8896 8891 8894
f 8897 8898 8899
f 8899 8894 8897
f 8900 8901 8902
f 8902 8897 8900
f 8903 8904 8901
f 8901 8900 8903
f 8902 8898 8897
f 8899 8895 8894
f 8896 8893 8891
f 8892 8890 8888
f 8889 8887 8886
f 8887 8059 8884
f 8885 8882 8883
f 8059 8058 8882
f 8902 8545 8899
f 8898 8902 8899
f 8895 8899 8896
f 8896 8892 8893
f 8892 8889 8890
f 8882 8885 8059
f 8896 8899 8545
f 8903 8905 8904
f 8908 8906 8904
f 8908 8907 8906
f 8909 8904 8905
f 8909 8908 8904
f 8870 8910 8872
f 8910 8875 8872
f 8910 8875 8871
f 8871 8872 8910
f 8912 8875 8910
f 8912 8874 8875
f 8873 8874 8912
f 8912 8880 8873
f 8880 8912 8879
f 8874 8880 8912
f 8905 8903 8909
f 8909 8907 8908
f 8909 8423 8907
f 8913 8914 8907
f 8907 8423 8913
f 8914 8916 7975
f 8907 8914 7975
f 8917 7966 7965
f 7966 8917 7975
f 7975 7974 7966
f 7969 8917 7965
f 8918 8917 8919
f 7969 8919 8917
f 7971 7975 7973
f 7975 8916 7973
f 8913 8915 8914
f 8922 8920 8915
f 8920 8914 8915
f 8923 8920 8922
f 8922 8924 8923
f 8923 8921 8920
f 8923 8924 8925
f 8915 8913 8927
f 8928 8923 8925
f 8928 8926 8923
f 8928 8929 8926
f 8930 8931 8926
f 8926 8929 8930
f 8932 8933 8930
f 8926 8934 7910
f 8926 8931 8934
f 7912 8934 8931
f 7909 7907 7908
f 7910 7912 7911
f 8937 7908 7907
f 8935 8937 7907
f 7907 8936 8935
f 8937 8935 7908
f 8934 7912 7910
f 8931 8932 8938
f 8933 8932 8931
f 8930 8933 8931
f 8940 8939 8938
f 8939 8931 8938
f 8939 8940 8941
f 8941 8942 8939
f 8942 8943 8939
f 8941 8943 8942
f 8941 8944 8943
f 8933 8930 8946
f 8947 8943 8944
f 8947 8945 8943
f 8948 7887 8945
f 8945 8947 8948
f 7887 8949 8950
f 7887 8950 8951
f 8953 8952 8948
f 8952 8950 8948
f 8954 8952 8953
f 8953 8955 8954
f 8956 8957 8958
f 8957 8959 8960
f 8955 8956 8961
f 8961 8954 8955
f 8960 8958 8957
f 8958 8961 8956
f 8962 8960 8959
f 8963 8962 8959
f 8963 8959 8964
f 8964 8962 8963
f 8960 8965 8964
f 8962 8964 8960
f 8480 8966 8958
f 8958 8967 8480
f 8540 8968 8966
f 8966 8480 8540
f 8967 8958 8960
f 8960 8964 8967
f 8540 8541 8969
f 8969 8968 8540
f 8541 8970 8971
f 8970 8544 8902
f 8544 8898 8902
f 8544 8894 8545
f 8894 8895 8545
f 8894 8891 8972
f 8891 8893 8972
f 8973 8889 8065
f 8065 8891 8973
f 8550 8974 8889
f 8889 8973 8550
f 8551 8059 8975
f 8975 8550 8551
f 8975 8974 8550
f 8065 8893 8891
f 8972 8895 8894
f 8545 8898 8544
f 8902 8971 8970
f 8971 8969 8541
f 8545 8902 8898
f 8972 8545 8895
f 8065 8972 8893
f 8974 8975 8889
f 8542 8532 8042
f 8042 8058 8542
f 8533 8534 8976
f 8534 8977 8976
f 8534 8978 8979
f 8978 8536 8032
f 8980 8981 8982
f 8982 8536 8980
f 8538 8983 8531
f 8531 8980 8538
f 8984 8985 8986
f 8986 8538 8984
f 8527 8987 8985
f 8985 8984 8527
f 8986 8983 8538
f 8531 8981 8980
f 8982 8032 8536
f 8032 8979 8978
f 8979 8977 8534
f 8976 8041 8533
f 8979 8976 8977
f 8981 8531 8982
f 8983 8986 8531
f 8526 8988 8987
f 8987 8527 8526
f 8989 8990 8991
f 8990 8992 8993
f 8526 8989 8994
f 8994 8988 8526
f 8993 8991 8990
f 8991 8994 8989
f 8993 8992 8995
f 8996 8995 8992
f 8992 8997 8993
f 8997 8998 8993
f 8999 8994 8991
f 8991 9000 8999
f 9001 9002 8994
f 8994 8999 9001
f 9000 8991 8998
f 8998 8997 9000
f 8994 9002 8988
f 9002 9001 9003
f 9003 9004 9002
f 8988 9002 9004
f 9004 9005 8988
f 9007 9004 9003
f 9007 9006 9004
f 9009 9010 9006
f 9006 9008 9009
f 9008 9006 9007
f 9009 9008 9007
f 9011 9012 9009
f 9009 9007 9011
f 7924 9009 9012
f 9013 7924 9012
f 7925 9013 9014
f 7925 9014 9015
f 9015 7926 7925
f 9016 7928 7926
f 7928 9016 9017
f 7924 7929 9018
f 7924 9013 7925
f 9018 9009 7924
f 9017 7927 7928
f 9015 9016 7926
f 7929 7927 9018
f 9022 9019 9011
f 9019 9012 9011
f 9022 9023 9019
f 9020 9019 9023
f 9024 9020 9023
f 9023 9025 9024
f 9024 9019 9020
f 9026 9021 9019
f 9019 9024 9026
f 9028 9024 9025
f 9028 9027 9024
f 9027 9029 9028
f 9030 9031 9027
f 9027 9028 9030
f 9032 9028 9029
f 9027 9031 7916
f 9034 7916 9031
f 9033 9034 9031
f 7914 9033 7917
f 9035 7918 7919
f 7916 9033 7914
f 9035 7921 7918
f 7917 9035 7919
f 9035 9036 7921
f 9033 7916 9034
f 9039 9037 9030
f 9037 9031 9030
f 9039 9040 9037
f 9037 9040 9041
f 9041 9042 9037
f 9037 9042 9043
f 9044 9038 9037
f 9037 9043 9044
f 9045 9044 9042
f 9042 9044 9043
f 9047 9042 9041
f 9047 9046 9042
f 9048 9049 9046
f 9046 9047 9048
f 9046 9049 9051
f 9046 9051 9052
f 9051 7943 7937
f 7943 9051 7949
f 7949 7938 7943
f 9054 7946 7948
f 7945 7946 9055
f 7937 7944 9051
f 7949 9054 7948
f 9054 9055 7946
f 9056 9055 9054
f 7944 9052 9051
f 9053 9049 9048
f 9058 9049 9053
f 9053 9057 9058
f 9059 9057 9048
f 9057 9053 9048
f 9059 9060 9057
f 9060 9061 8985
f 9061 9062 8986
f 9062 9063 8986
f 9062 9064 8531
f 9064 8981 8531
f 9064 9065 9066
f 9067 8979 9068
f 9068 9065 9067
f 9069 9070 8979
f 8979 9067 9069
f 9071 8041 8976
f 8976 9069 9071
f 9072 9073 9074
f 9074 9071 9072
f 9074 8041 9071
f 8976 9070 9069
f 9068 9066 9065
f 9066 8981 9064
f 8531 9063 9062
f 8986 8985 9061
f 8985 9057 9060
f 8985 8987 9057
f 9070 8976 8979
f 9066 8531 8981
f 8531 8986 9063
f 8041 9074 9073
f 9073 8042 8041
f 9073 9072 9075
f 9075 9076 9073
f 8042 9076 9077
f 8042 9073 9076
f 9075 9078 9076
f 9078 9075 9079
f 9076 9077 9078
f 9081 9082 9080
f 9080 9078 9081
f 9060 9059 9048
f 9083 9078 9079
f 9083 9081 9078
f 9085 9084 9082
f 9082 9086 9085
f 9087 9091 9090
f 9091 9088 9089
f 9089 9090 9091
f 9092 9087 9093
f 9087 9084 9093
f 9091 9087 9092
f 9088 9091 9094
f 9092 9094 9091
f 9095 9088 9094
f 9094 9096 9095
f 9097 9089 9088
f 9088 9095 9097
f 9096 9098 9095
f 9098 9096 9099
f 9095 9097 9098
f 8058 8840 8862
f 8058 8834 8840
f 8878 8058 8867
f 8904 8969 8971
f 8834 8042 8811
f 8862 8867 8058
f 8892 8065 8889
f 8892 8896 8972
f 8901 8971 8902
f 8971 8901 8904
f 8746 8042 8792
f 8797 8042 8817
f 8804 8803 8801
f 8058 8878 8059
f 8059 8887 8975
f 8972 8065 8892
f 8042 8806 8811
f 8792 8774 8746
f 8545 8972 8896
f 8042 8797 8792
f 8042 8822 8817
f 8975 8887 8889
f 8827 8822 8042
f 8873 8869 8871
f 9080 9082 9084
f 8803 8804 8017
f 8834 8058 8042
f 8816 8804 8795
f 9084 9087 9080
f 8812 8814 7987
f 8917 8969 8904
f 8840 8856 8862
f 8042 8826 8827
f 8795 8797 8816
f 8531 9066 8982
f 9077 9087 8042
f 8810 8812 8834
f 8817 8816 8797
f 9068 8032 8982
f 8768 8792 8780
f 8806 8042 8732
f 8982 9066 9068
f 8768 8771 8792
f 8042 8746 8732
f 8873 8876 8869
f 8801 8799 8804
f 8811 8810 8834
f 8867 8877 8878
f 8744 8805 8732
f 8826 8042 9097
f 8032 9068 8979
f 9021 8988 9005
f 8732 8805 8806
f 8042 9089 9097
f 8042 9091 9090
f 8987 8985 9054
f 8991 8993 8998
f 8771 8774 8792
f 9087 9091 8042
f 9087 9076 9078
f 8744 8732 8731
f 9037 8988 9026
f 7987 8832 8812
f 8876 8877 8867
f 9090 9089 8042
f 9097 9101 8824
f 8876 8866 8869
f 9077 9076 9087
f 9021 9026 8988
f 8824 8826 9097
f 9097 9102 9101
f 8867 8866 8876
f 9054 9057 8987
f 9054 9058 9057
f 9078 9080 9087
f 8731 8741 8744
f 9044 9056 9054
f 9005 7927 9021
f 9019 9017 9016
f 8987 9038 9044
f 8988 9037 9038
f 9026 7921 9037
f 8832 8833 8812
f 8939 8923 8935
f 9017 9019 9021
f 9038 8987 8988
f 8935 8936 8939
f 8969 8921 8923
f 8799 8795 8804
f 8741 8731 8729
f 8923 8939 8969
f 9044 9055 9056
f 8952 8961 8966
f 8918 8921 8969
f 8856 8855 8860
f 9021 7927 9017
f 8729 8730 8742
f 8966 8961 8958
f 8952 8969 8943
f 9054 8987 9044
f 8952 8968 8969
f 7893 7885 8952
f 8939 8943 8969
f 8855 8854 8851
f 9037 7921 9036
f 8833 8834 8812
f 8952 8966 8968
f 8943 7893 8952
f 8923 8926 7908
f 8860 8861 8856
f 9036 9035 9037
f 8840 8306 8857
f 8855 8851 8860
f 8730 8293 8742
f 8952 8954 8961
f 8851 8854 7984
f 8840 8839 8306
f 7907 7912 8931
f 7969 8920 8921
f 8939 8936 7907
f 8969 8917 8918
f 8861 8862 8856
f 8857 8856 8840
f 8839 8841 8306
f 8918 8919 8921
f 8742 8741 8729
f 8841 8843 8306
f 7969 7973 8914
f 8919 7969 8921
f 7908 8935 8923
f 8926 7910 7908
f 8853 8858 8843
f 7975 8917 8907
f 7949 9051 9049
f 8295 8739 8736
f 8744 8740 8295
f 7907 8931 8939
f 8858 8306 8843
f 8904 8906 8917
f 7920 9026 9024
f 7945 9045 9042
f 7917 9031 9037
f 8739 8738 8736
f 8906 8907 8917
f 9031 7917 9033
f 9035 7917 9037
f 8295 8736 8744
f 8741 8740 8744
f 9055 9044 9045
f 9024 9027 7920
f 9058 9054 7949
f 7969 8914 8920
f 9045 7945 9055
f 9042 9046 7945
f 9012 9015 9014
f 9046 7944 7945
f 7920 7921 9026
f 9027 7916 7920
f 9006 9010 9018
f 7949 9049 9058
f 9015 9012 9019
f 7927 9005 9004
f 9018 9004 9006
f 9010 9009 9018
f 9004 9018 7927
f 9016 9015 9019
f 9046 9052 7944
f 9014 9013 9012
f 7973 8916 8914
f 8738 8653 8736
f 9097 9095 9102
f 8275 9100 9103
f 9095 9098 9102
f 7885 7886 8952
f 8824 9101 8274
f 9098 8275 9102
f 9098 9100 8275
f 8778 8790 8786
f 8783 8321 8765
f 8261 8765 8339
f 8646 8321 8783
f 8339 8768 8261
f 9103 9104 8275
f 7891 8943 8945
f 9103 9105 9104
f 8792 8784 8780
f 8259 8784 8792
f 8259 8791 8790
f 8828 8342 9107
f 8828 8824 8342
f 8765 8261 8783
f 8274 8342 8824
f 8792 8791 8259
f 9107 9106 8828
f 8768 8779 8261
f 8768 8780 8779
f 8945 7889 7890
f 7888 8945 7887
f 8778 8781 8259
f 8945 7890 7891
f 7888 7889 8945
f 8950 8952 7886
f 9103 9106 9105
f 7886 7887 8950
f 8645 8781 8778
f 8943 7894 7893
f 8943 7891 7894
f 8259 8790 8778
f 9108 9098 9099
f 9108 9100 9098
f 8342 8274 9107
f 9101 8276 8274
f 8273 8276 9101
f 8277 8273 9102
f 9102 8275 8277
f 8278 8275 9104
f 8278 9104 9105
f 8279 8278 9106
f 8278 9105 9106
f 8279 9106 9107
f 8279 9107 8274
f 9101 9102 8273
f 9103 8828 9106
f 8829 8828 9103
f 9103 9109 8829
f 9111 8703 9110
f 9112 8560 8702
f 8560 9112 8006
f 8703 8006 9113
f 8703 8560 8006
f 8703 9113 9115
f 9115 9110 8703
f 9115 9114 9110
f 9114 9115 9117
f 9117 9119 9118
f 9119 9117 9115
f 9114 9117 9118
f 9118 9120 9114
f 9116 8006 9112
f 9115 9113 9121
f 9121 9119 9115
f 9113 8006 9121
f 9116 9121 8006
f 8643 9119 9116
f 9121 9116 9119
f 9122 9120 8643
f 8643 9116 9122
f 9114 9120 9123
f 9120 9119 8643
f 9118 9119 9120
f 8766 9122 9124
f 8766 8787 9125
f 9124 8702 8766
f 8702 9124 9122
f 8766 9125 9122
f 8775 8787 8766
f 9122 9116 9112
f 8696 8766 8702
f 8765 8321 8775
f 8787 9126 9127
f 8702 8560 8696
f 8775 8766 8765
f 9127 9125 8787
f 9112 8702 9122
f 9129 9122 9125
f 9125 9127 9129
f 9128 9122 9130
f 9122 9129 9130
f 8646 8321 8787
f 8787 8776 8646
f 8321 9126 8787
f 9130 9129 7899
f 7898 9126 8321
f 7898 8644 9126
f 7898 8321 8646
f 8324 8642 7904
f 9131 7902 8643
f 8642 8324 9131
f 9130 7899 7902
f 9129 9127 7899
f 9131 8643 8642
f 7902 9131 9130
f 8644 9127 9126
f 8646 8324 8645
f 7900 8645 8324
f 8644 7899 9127
f 9128 9130 9131
f 9131 9132 9128
f 8776 9133 8324
f 8324 8646 8776
f 9128 9132 9134
f 9131 9133 9132
f 9131 8324 9133
f 8788 9133 8776
f 8803 9135 8477
f 9135 8803 8017
f 8017 8477 9135
f 8802 9136 8801
f 8802 9137 8796
f 8798 8796 8800
f 8796 8798 8802
f 9137 9138 8796
f 9137 9139 9138
f 9140 8796 9138
f 9138 9141 9140
f 9141 9138 9137
f 9137 9139 9141
f 8800 8796 9140
f 8800 9140 9142
f 9142 8793 8800
f 8796 8800 8793
f 8793 8794 8796
f 9143 9144 9141
f 9141 9139 9143
f 8790 8794 8793
f 9142 8790 8793
f 8790 8786 9145
f 9145 8794 8790
f 8785 8793 8794
f 9145 8785 8794
f 8789 9145 8785
f 8281 8790 9142
f 9140 8283 8587
f 9140 9141 8283
f 9141 8588 8283
f 9144 8786 8281
f 8587 8586 9140
f 9141 8589 8592
f 8592 8588 9141
f 9144 8590 8589
f 9144 8281 8591
f 8281 8786 8790
f 8589 9141 9144
f 9142 8585 8281
f 8586 8585 9142
f 8591 8590 9144
f 9142 9140 8586
f 8786 9144 8789
f 9143 8789 9144
f 8785 9145 8786
f 9146 8785 8789
f 8789 9143 9146
f 9146 9139 9137
f 9146 9143 9139
f 9146 9137 9147
f 8825 8823 8829
f 8829 9148 8828
f 9150 9108 9109
f 9103 9150 9109
f 9100 9108 9150
f 9103 9100 9150
f 9151 9152 8948
f 8948 8947 9151
f 8948 8950 8949
f 8949 7887 8948
f 9154 9086 9082
f 9082 9081 9154
f 9153 9154 9081
f 9081 9083 9153
f 9155 9154 9153
f 9155 9086 9154
f 9155 9156 9085
f 9085 9086 9155
f 9085 9156 9084
f 9156 9093 9084
f 9156 9157 9093
f 9093 9157 9092
f 9159 8689 8683
f 9159 9160 8689
f 8692 9160 9161
f 9161 9162 8691
f 8690 8691 9162
f 9162 9163 8690
f 9163 8686 8690
f 8686 9163 9164
f 9159 8683 8686
f 8686 9164 9159
f 8691 8692 9161
f 9160 8692 8689
f 8682 9165 9166
f 8688 9166 9167
f 8688 9167 9168
f 9168 8693 8688
f 9168 9169 8693
f 8693 8694 9169
f 8684 8693 9168
f 9168 9170 8684
f 8687 8684 9170
f 8687 9171 9165
f 9165 8682 8687
f 9170 9171 8687
f 9166 8688 8685
f 9166 8685 8682
f 9168 9169 9170
f 9170 9169 9172
f 8161 8153 9173
f 9173 9174 8161
f 8162 8161 9174
f 9174 9175 8162
f 8162 9175 9176
f 9176 8151 8159
f 8151 9176 9177
f 8151 9177 9178
f 8151 9178 9179
f 9179 9180 8156
f 8153 8167 9181
f 8153 9182 9173
f 9181 9182 8153
f 9180 9181 8167
f 9180 8167 8156
f 9179 8156 8151
f 9176 8159 8162
f 8099 9184 9185
f 9185 8103 8099
f 8102 8103 9185
f 9185 9186 8102
f 8099 8098 9184
f 8098 9187 9184
f 8096 8102 9186
f 8130 9188 8139
f 8134 8136 9189
f 8136 8138 9189
f 9190 8135 8134
f 9189 9190 8134
f 8133 9188 8130
f 8178 9192 8177
f 8180 9192 8178
f 9191 8184 8182
f 8179 9191 8182
f 9193 8184 9191
f 9194 9191 8179
f 9191 9194 9193
f 8203 9195 9196
f 9196 8204 8203
f 8204 9196 8201
f 8200 9195 8203
f 9197 8201 9196
f 8915 9198 9199
f 9199 8922 8915
f 9200 9199 9198
f 9198 9201 9200
f 9198 8915 8927
f 9201 9198 8927
f 9204 8922 9203
f 9200 9203 8922
f 8922 9199 9200
f 9204 9203 9205
f 9205 8924 9204
f 8922 9204 8924
f 9206 9205 9203
f 9206 9207 8924
f 9208 8924 9207
f 8924 9205 9206
f 9207 9201 9209
f 9206 9200 9201
f 9207 9206 9201
f 9200 9206 9203
f 9201 9210 9209
f 9202 9210 9201
f 9201 8927 9202
f 9207 9209 8928
f 8928 9208 9207
f 8928 8925 9208
f 8925 8924 9208
f 9202 9211 9209
f 9209 9210 9202
f 9211 8928 9209
f 8928 9211 8929
f 9202 8929 9211
f 8938 9212 9213
f 8940 9213 9214
f 9213 8940 8938
f 9212 8938 8932
f 9213 9212 9215
f 8932 9215 9212
f 9216 9213 9215
f 9215 9217 9216
f 8946 9215 8933
f 9215 8932 8933
f 9217 9215 8946
f 9220 9214 9219
f 9216 9219 9214
f 9214 9213 9216
f 9220 9219 9222
f 9222 9223 9220
f 8941 8940 9220
f 9220 9223 8941
f 8940 9214 9220
f 9219 9221 9222
f 9222 8941 9223
f 9222 9224 8941
f 9225 8941 9224
f 9221 9216 9217
f 9221 9227 9226
f 9217 9227 9221
f 9221 9219 9216
f 9221 9226 9224
f 9224 9222 9221
f 9226 9227 9217
f 9218 9226 9217
f 9217 8946 9218
f 9224 9226 8947
f 8947 9225 9224
f 8947 8944 9225
f 8944 8941 9225
f 9228 8947 9226
f 9218 9228 9226
f 8947 9228 9151
f 9218 9151 9228
f 9023 9022 9011
f 9229 9023 9011
f 9011 9230 9229
f 9230 9011 9231
f 9232 9023 9229
f 9232 9229 9233
f 9233 9234 9232
f 9023 9232 9234
f 9234 9025 9023
f 9025 9234 9235
f 9229 9236 9233
f 9032 9237 9230
f 9230 9231 9032
f 9233 9235 9234
f 9233 9237 9032
f 9032 9235 9233
f 9028 9025 9235
f 9029 9028 9238
f 9235 9238 9028
f 9032 9238 9235
f 9238 9032 9029
f 9237 9239 9230
f 9230 9236 9229
f 9230 9233 9236
f 9233 9230 9239
f 9239 9237 9233
f 9040 9039 9030
f 9240 9040 9030
f 9030 9241 9240
f 9241 9030 9242
f 9242 9243 9241
f 9240 9244 9040
f 9040 9244 9245
f 9245 9246 9040
f 9040 9246 9041
f 9245 9244 9240
f 9050 9247 9243
f 9243 9242 9050
f 9245 9041 9246
f 9245 9247 9050
f 9050 9041 9245
f 9041 9050 9047
f 9241 9243 9247
f 9240 9241 9247
f 9247 9245 9240
f 9083 9079 9075
f 9075 9153 9083
f 9154 9083 9153
f 9083 9075 9078
f 9248 9249 9078
f 9078 9079 9248
f 9154 9081 9250
f 9250 9251 9154
f 8268 8584 9249
f 9249 9250 8268
f 8581 9250 9081
f 8266 9081 9078
f 9078 9249 8578
f 9081 8582 8581
f 9081 8266 8583
f 8577 8266 9078
f 9249 8584 8578
f 8583 8582 9081
f 8578 8577 9078
f 9250 8579 8268
f 9250 8581 8579
f 9248 9252 9249
f 9249 9252 9253
f 9253 9250 9249
f 9254 9253 9252
f 9153 9251 9254
f 9153 9154 9251
f 9250 9253 9254
f 9254 9251 9250
f 9254 9251 9253
f 9256 9253 9255
f 9256 9254 9253
f 9254 9256 9255
f 9257 8023 9253
f 9253 9252 9257
f 9255 9258 8476
f 9255 9256 9258
f 9256 9255 8023
f 9255 9253 8023
f 9258 9256 8023
f 8023 8024 9258
f 9259 9257 9248
f 9257 9252 9248
f 9260 9261 9257
f 9257 9259 9260
f 9262 9069 9263
f 9069 9264 9263
f 9265 9266 9070
f 9070 9069 9265
f 9267 9268 9269
f 9269 9265 9267
f 9260 9262 9270
f 9262 9271 9270
f 9270 9261 9260
f 9269 9266 9265
f 9070 9264 9069
f 9263 9271 9262
f 9070 9269 9266
f 9263 9270 9271
f 9264 9070 9263
f 9268 9266 9269
f 9261 8023 9257
f 9268 9272 9273
f 9261 8024 8023
f 9274 9070 9266
f 8347 9275 9263
f 9261 9270 7931
f 9266 9273 9274
f 9070 9274 8347
f 9275 7931 9270
f 9263 9070 8347
f 7931 8024 9261
f 9270 9263 9275
f 9273 9266 9268
f 8347 9274 7933
f 8462 8347 9277
f 9276 9277 9274
f 7931 8462 7930
f 7931 9275 8462
f 8347 8462 9275
f 9273 9274 7933
f 9274 9277 8347
f 9273 9278 9279
f 8474 9276 9274
f 9274 9279 8474
f 9280 8462 9277
f 9281 7930 8462
f 8462 9280 9281
f 9277 8474 9280
f 9278 9273 9272
f 7930 9281 9282
f 9258 8024 7931
f 7931 9282 9258
f 9282 7931 7930
f 9272 9283 9278
f 8474 9277 9276
f 9279 9274 9273
f 9268 9267 9283
f 9283 9272 9268
f 9267 8472 9283
f 9286 9282 9280
f 9285 9279 9278
f 8476 9258 9282
f 9281 9280 9282
f 9283 9284 9278
f 9282 9286 8476
f 9278 9284 9285
f 9279 9285 8474
f 9287 8472 9267
f 9288 9289 9287
f 9287 9267 9288
f 8472 9287 9289
f 9292 9293 9291
f 9294 9048 9295
f 9267 9065 9066
f 9066 9288 9267
f 9288 9066 9065
f 9064 9296 9297
f 9296 9063 9297
f 9061 9298 9299
f 9299 9296 9061
f 9060 9057 9298
f 9298 9061 9060
f 9065 9064 9300
f 9300 9288 9065
f 9299 9063 9296
f 9297 9300 9064
f 9072 9071 9262
f 9260 9259 9072
f 9067 9065 9267
f 9069 9262 9071
f 9262 9260 9072
f 9248 9075 9072
f 9296 9062 9061
f 9248 9079 9075
f 9069 9067 9265
f 9062 9296 9064
f 9248 9072 9259
f 9267 9265 9067
f 9063 9299 9297
f 9057 9301 9298
f 9298 9053 9302
f 9301 9057 9053
f 9053 9298 9301
f 9303 9289 9288
f 8465 9303 9300
f 9304 9299 9298
f 9304 8465 9297
f 9288 9300 9303
f 9298 9305 9304
f 9300 9297 8465
f 9297 9299 9304
f 9302 9305 9298
f 9303 8465 9307
f 9306 9307 9304
f 9304 9307 8465
f 9305 9294 9293
f 9292 9306 9304
f 9304 9293 9292
f 9292 9291 9307
f 9303 9307 9291
f 9291 9290 9303
f 9294 9305 9302
f 9290 9287 9289
f 9289 9303 9290
f 9302 9048 9294
f 9307 9306 9292
f 9293 9304 9305
f 9057 9059 9295
f 9295 9053 9057
f 9048 9295 9059
f 9053 9295 9048
f 9048 9302 9053
f 9157 9158 9094
f 9158 9157 9156
f 9094 9092 9157
f 9308 9157 9158
f 9309 9094 9157
f 9157 9310 9309
f 9108 9308 9158
f 9108 9150 9308
f 9158 9308 9310
f 9310 9157 9158
f 9092 9094 9309
f 9092 9309 9098
f 9098 9099 9092
f 9096 9094 9092
f 9092 9099 9096
f 9150 9100 9310
f 9310 9308 9150
f 9098 9100 9311
f 9311 9096 9098
f 9108 9099 9096
f 9311 9108 9096
f 9150 9311 9108
f 9098 9309 9310
f 9098 9310 9100
f 9108 9311 9100
f 8829 9149 8821
f 8821 8825 8829
f 9149 9312 8821
f 9149 9313 9312
f 9314 8821 9312
f 9312 9315 9314
f 8477 9313 9149
f 8477 9135 9313
f 9149 9313 9315
f 9315 9312 9149
f 8825 8821 9314
f 8825 9314 9316
f 9316 8818 8825
f 8819 8821 8825
f 8825 8818 8819
f 9135 8019 9315
f 9315 9313 9135
f 8804 8819 8818
f 8818 9316 8804
f 8804 8017 9317
f 9317 8819 8804
f 8477 8818 8819
f 8819 9317 8477
f 9135 9317 8477
f 9316 9315 8019
f 9316 9314 9315
f 8019 8017 9316
f 8804 9316 8017
f 8017 8019 9135
f 8477 9317 8017
f 8808 8807 8737
f 8737 8743 8808
f 9318 8808 8743
f 8743 9319 9318
f 9321 8737 9320
f 8737 9321 8735
f 9319 8735 9321
f 8737 8735 9319
f 9319 8743 8737
f 9322 9323 9319
f 9319 9321 9322
f 8807 8808 9318
f 9324 8807 9318
f 9324 9318 9325
f 9325 9326 9324
f 8808 9324 9326
f 9326 8809 8808
f 9324 8808 8807
f 8809 9326 8813
f 9325 8593 8292
f 9318 8600 8594
f 9318 9319 8296
f 9318 8296 8600
f 9319 8595 8296
f 8596 8595 9319
f 9323 8599 8598
f 8292 9323 9325
f 8596 9319 9323
f 8292 8599 9323
f 9325 8594 8593
f 8598 8596 9323
f 9325 9318 8594
f 9325 8813 9326
f 8809 8813 9325
f 9325 9323 8815
f 8815 8809 9325
f 8845 8813 8809
f 8809 8815 8845
f 9327 9320 9328
f 9321 9320 9327
f 9327 9322 9321
f 8831 8845 9323
f 9323 9322 8831
f 8845 8815 9323
f 8831 9322 9327
f 9327 8845 8831
f 8837 8835 8415
f 8415 8836 8837
f 8832 8837 8836
f 8830 8413 9329
f 8413 8830 8415
f 9329 8413 8849
f 8849 9330 9329
f 7986 8830 9329
f 7986 7987 8830
f 8832 7987 7986
f 7986 9331 8832
f 8835 8837 8832
f 9332 8835 9331
f 8832 9331 8835
f 9332 9331 9333
f 9333 9334 9332
f 8837 9332 9334
f 9334 8842 8838
f 9334 8838 8837
f 8837 8835 9332
f 9330 9335 7986
f 7986 9329 9330
f 9334 9333 8842
f 9333 8838 8842
f 9333 9335 9336
f 9336 8838 9333
f 8847 8842 8838
f 8838 9336 8844
f 8838 8844 8847
f 9330 8844 9336
f 9330 9336 8849
f 9330 8847 8844
f 8847 9330 8849
f 9331 7986 9335
f 9335 9333 9331
f 9330 8849 9335
f 8849 9336 9335
f 8864 8863 8852
f 8852 8859 8864
f 8860 8864 8859
f 9338 9337 8850
f 8850 8852 9338
f 9337 9338 8911
f 8911 9339 9337
f 9340 8850 9337
f 9340 8851 8850
f 8860 8851 9340
f 9340 9341 8860
f 8863 8864 8860
f 8860 9341 8863
f 9342 8863 9341
f 9342 9341 9343
f 9343 9344 9342
f 8864 9342 9344
f 9344 8868 8865
f 9344 8870 8868
f 9344 8865 8864
f 8864 8863 9342
f 9339 9345 9340
f 9340 9337 9339
f 9343 8865 9344
f 9343 9345 9346
f 9346 8865 9343
f 8868 8870 8865
f 9344 8865 8870
f 8910 8870 8868
f 8911 8868 8865
f 9346 8911 8865
f 8911 8910 8868
f 9339 9346 8911
f 9341 9340 9345
f 9343 9341 9345
f 9339 8911 9345
f 8911 9346 9345
f 8881 8879 8912
f 8912 8880 8881
f 8876 8881 8880
f 9348 8912 9347
f 9348 8874 8912
f 7982 8874 9348
f 7982 8873 8874
f 8879 8881 8876
f 8876 9349 8879
f 8879 9349 9350
f 9350 9351 8879
f 9352 9353 7982
f 7982 9348 9352
f 9349 8873 8312
f 8312 8873 7982
f 7982 9353 8605
f 8313 8607 9353
f 8876 8873 9349
f 8604 8312 7982
f 8313 9353 9350
f 9350 9349 8602
f 9353 8606 8605
f 9353 8607 8606
f 9349 8603 8602
f 7982 8608 8604
f 8605 8608 7982
f 8602 8601 9350
f 8312 8603 9349
f 8601 8313 9350
f 9354 9351 9350
f 9350 9353 9355
f 9355 9354 9350
f 9354 9356 9351
f 9348 9347 9357
f 9357 9352 9348
f 9354 9355 9357
f 9356 9354 9357
f 9352 9357 9353
f 9357 9355 9353
f 9352 9355 9357
f 9356 9359 9351
f 9356 9357 9358
f 9358 9360 9356
f 9358 9361 9360
f 9362 9356 9360
f 9360 9363 9362
f 9364 9361 9358
f 9358 8414 9364
f 9358 9361 9363
f 9363 9360 9358
f 9359 9356 9362
f 9365 9359 9362
f 9362 9366 9365
f 9367 8886 9368
f 8886 9369 9368
f 9370 9371 9372
f 9372 8886 9370
f 9365 9366 9371
f 9371 9370 9365
f 9373 9367 8890
f 9367 9374 8890
f 8890 9375 9373
f 9372 9369 8886
f 9368 9374 9367
f 9368 8890 9374
f 9372 9368 9369
f 9375 8890 9374
f 9364 7981 9363
f 9363 9361 9364
f 9375 8066 9376
f 9366 9362 9363
f 9375 9374 9377
f 9366 7981 7980
f 9378 9368 9372
f 9379 9377 9374
f 7980 9371 9366
f 9380 9372 9371
f 9372 9380 9378
f 9377 9376 9375
f 9371 7980 9380
f 9374 9368 9379
f 9378 9379 9368
f 9363 7981 9366
f 9377 9379 7978
f 7978 9378 9381
f 9378 9380 8411
f 9382 9377 9379
f 7980 8411 9380
f 9377 8066 9376
f 8411 9381 9378
f 9381 9379 7978
f 9378 7978 9379
f 9383 9384 8411
f 9384 8417 9381
f 9381 8411 9384
f 8417 9385 9379
f 9382 9379 9385
f 9385 9386 9382
f 9364 9383 7980
f 9386 9387 9377
f 9387 8419 8066
f 8066 9377 9387
f 9377 9382 9386
f 7980 7981 9364
f 9379 9381 8417
f 8411 7980 9383
f 9375 8066 8419
f 8419 9373 9375
f 9390 9385 8417
f 9389 9383 8414
f 9385 9387 9386
f 9364 8414 9383
f 9385 9390 9387
f 9383 9389 9384
f 9388 9373 8419
f 8419 9391 9388
f 9388 9392 9373
f 8896 9388 9391
f 9391 9393 8896
f 8419 9391 9393
f 9399 9395 9396
f 9395 9394 8423
f 8421 9397 9396
f 8420 9398 9397
f 9395 9399 9394
f 9392 9388 8896
f 8900 9400 9401
f 9400 9402 9401
f 9403 9404 8899
f 8899 9400 9403
f 9392 8896 9404
f 9404 9403 9392
f 8899 9402 9400
f 9401 8901 8900
f 8891 9373 9392
f 9359 8883 8881
f 9370 8884 8883
f 8888 9367 9373
f 8883 9359 9370
f 9373 8891 8888
f 9367 8888 8886
f 9359 8881 9351
f 8884 9370 8886
f 8879 9351 8881
f 8894 8891 9392
f 9403 9400 8897
f 8900 8897 9400
f 8897 8894 9403
f 9359 9365 9370
f 9392 9403 8894
f 8899 9401 9402
f 9405 8904 8901
f 8904 9406 8905
f 9407 8905 9406
f 9408 8908 9406
f 9409 9404 8896
f 9406 8904 9408
f 8904 9405 9408
f 9410 8899 9404
f 9411 9408 9405
f 9404 9409 9410
f 9412 9401 8899
f 9412 9411 8901
f 8899 9410 9412
f 9405 8901 9411
f 8901 9401 9412
f 9393 9409 8896
f 9412 9410 9414
f 9412 9414 9413
f 9409 9414 9410
f 9409 8420 9397
f 8421 9413 9414
f 9414 9397 8421
f 8421 9396 9412
f 9411 9412 9396
f 9396 9395 9411
f 9398 9409 9393
f 9409 9398 8420
f 9395 8423 9408
f 9408 9411 9395
f 9393 9391 9398
f 9412 9413 8421
f 9397 9414 9409
f 9406 8908 9415
f 9415 9407 9406
f 8909 8903 9407
f 8903 8905 9407
f 9407 9415 8909
f 8908 8423 8909
f 8908 9408 8423
f 8909 9415 8908
f 9416 8953 8948
f 9417 9416 8948
f 8948 8950 9417
f 8950 8948 9152
f 9417 8952 8953
f 8953 9416 9417
f 8955 8953 8952
f 8952 8954 8955
f 8956 8961 9418
f 9418 8957 8956
f 8957 9418 8960
f 8424 9421 8950
f 8950 9152 8424
f 8960 9420 9419
f 9420 8960 9422
f 8952 9417 8950
f 9421 8954 8952
f 8954 9421 9423
f 9424 9418 8961
f 9423 8961 8954
f 8961 9423 9424
f 8960 9418 9425
f 9424 9425 9418
f 9425 9422 8960
f 8950 9421 8952
f 9426 9427 9424
f 9425 9424 9427
f 9427 9428 9425
f 8424 9426 9423
f 9428 9429 9422
f 9422 9425 9428
f 9423 9421 8424
f 9424 9423 9426
f 9422 9419 9420
f 8959 9430 9419
f 9431 8959 9419
f 8960 9419 8959
f 9419 9422 9432
f 9432 9431 9419
f 8959 9431 9430
f 9430 9431 9433
f 9434 9426 8424
f 9426 9434 9427
f 9433 9431 9432
f 9422 9429 9432
f 9419 9433 9432
f 9432 8427 9419
f 9437 8432 9438
f 9430 9433 9419
f 9439 9440 9441
f 9441 9442 9439
f 9439 9430 9419
f 9442 9441 9443
f 9443 9444 9442
f 9419 9440 9439
f 9445 9440 9419
f 9446 9441 9440
f 9446 8095 9443
f 9440 9445 9446
f 9443 9441 9446
f 9419 8427 9445
f 9446 9445 9436
f 9445 9435 9436
f 9436 9437 9446
f 8427 9432 9435
f 9435 9445 8427
f 8095 9446 9437
f 9437 9438 8095
f 9443 8095 9438
f 9438 9444 9443
f 9438 8432 9444
f 9447 9448 9444
f 9444 8432 9447
f 9447 9449 9448
f 9447 9450 9449
f 9447 9451 9450
f 9451 9452 8101
f 9453 9452 9451
f 9451 9447 9453
f 8081 9444 9448
f 9448 9449 8081
f 9454 9441 9440
f 9440 9439 9454
f 9444 8081 9455
f 9455 9454 9444
f 9439 9440 9456
f 9456 9430 9439
f 9455 9441 9454
f 9455 9457 9440
f 9440 9457 9456
f 9441 9455 9440
f 9452 9460 9459
f 8959 9462 9461
f 9430 9456 9462
f 9462 8959 9430
f 8959 9461 8964
f 9456 8964 9462
f 8964 9461 9462
f 8492 9463 9457
f 9463 9464 9457
f 9463 8964 9456
f 9465 8492 9455
f 8492 8080 9455
f 9455 9466 9465
f 9456 9464 9463
f 9457 8080 8492
f 9466 8080 9455
f 9457 9455 8080
f 9456 9457 9464
f 8081 9466 9455
f 8494 9465 9466
f 9466 8150 8494
f 9466 8081 8150
f 9467 9468 9469
f 9468 9470 9471
f 9470 9472 9473
f 9472 9474 9473
f 8500 9475 9476
f 9476 9472 8500
f 9477 9478 9475
f 9475 8500 9477
f 8494 8150 9479
f 9479 9477 8494
f 9479 9478 9477
f 9476 9474 9472
f 9473 9471 9470
f 9471 9469 9468
f 9469 8169 9467
f 9474 9476 9473
f 9478 9479 9475
f 9471 9473 9480
f 9473 9476 9481
f 9475 9481 9476
f 9481 9480 9473
f 8169 9482 9483
f 9483 9467 8169
f 8169 8208 9482
f 8504 8209 9484
f 9484 9485 8504
f 9483 9482 9486
f 9486 8504 9483
f 9485 9487 9488
f 9488 8992 9485
f 9486 8209 8504
f 9484 9487 9485
f 9484 9486 8209
f 9487 9484 9488
f 9482 8209 9486
f 9486 9482 8208
f 8992 8995 9489
f 8995 8992 9488
f 9490 8992 8995
f 8995 9488 9490
f 9491 9492 9484
f 9492 9490 9488
f 9493 9491 9486
f 9486 8208 9493
f 9488 9484 9492
f 9484 9486 9491
f 8208 9494 9493
f 9493 9494 9496
f 9494 9495 9496
f 9498 9497 8200
f 9496 9497 9498
f 9498 9499 9496
f 9504 9501 9503
f 9504 9500 9501
f 9503 9502 9501
f 9501 9505 9506
f 9506 9503 9501
f 9505 9501 9502
f 9502 9507 9505
f 9508 9509 9505
f 9509 9506 9505
f 9512 9511 9510
f 9505 9512 9510
f 9507 9512 9505
f 9513 9505 9510
f 9510 9511 9513
f 9508 9505 9514
f 9505 9513 9514
f 9459 9460 9517
f 9459 9517 9518
f 9519 9460 9453
f 9460 9452 9453
f 9519 9517 9460
f 9520 9460 9519
f 9519 9521 9520
f 9522 9517 9460
f 9460 9520 9522
f 9520 9521 9523
f 9523 9524 9520
f 9526 9525 9520
f 9453 9458 9519
f 9527 9528 9458
f 9529 9520 9524
f 9529 9526 9520
f 9530 9526 9529
f 9529 9531 9530
f 9533 9532 9529
f 9534 9535 9531
f 9531 9529 9534
f 9534 9536 9535
f 9539 9535 9536
f 9531 9540 9535
f 9535 9541 9531
f 9539 9540 9535
f 9540 9539 9542
f 9538 9543 9536
f 9543 9539 9536
f 8106 9539 9543
f 8115 8113 8114
f 8110 8112 8114
f 8110 9544 9535
f 9535 8105 8110
f 8105 9539 8106
f 9535 9539 8105
f 8114 9544 8110
f 9546 8113 8108
f 9535 9544 8114
f 9541 9535 8114
f 8113 9546 9545
f 9547 9543 9538
f 9547 9538 9548
f 9548 9549 9547
f 9543 9547 9549
f 9548 9550 9549
f 9548 9551 9550
f 9550 9551 9552
f 9548 9552 9551
f 9549 9550 9551
f 9549 9551 9553
f 9551 9550 8367
f 9554 9550 9552
f 9554 8367 9550
f 8367 9555 9556
f 9557 9556 9555
f 9555 9558 9557
f 9561 9562 9559
f 9559 9563 9561
f 9563 9559 9564
f 9559 9556 9564
f 9565 9559 9562
f 9562 9566 9565
f 9565 9560 9559
f 9566 9567 9568
f 9568 9565 9566
f 9569 9568 9567
f 9565 9568 9570
f 9569 9570 9568
f 9569 9572 9571
f 9573 9569 9567
f 9573 9572 9569
f 9575 9574 9571
f 9571 9576 9575
f 9579 9577 9575
f 9577 9574 9575
f 9580 9578 9577
f 9579 9580 9577
f 9581 9578 9580
f 9580 9582 9581
f 9583 9581 9582
f 9584 9583 9581
f 9582 9585 9586
f 9586 9583 9582
f 9586 9584 9583
f 8132 9584 9587
f 8132 8135 9584
f 9588 9587 9584
f 9584 9589 9588
f 9591 9590 9592
f 9590 9587 9592
f 9593 9591 9590
f 9594 9590 9591
f 9591 9595 9594
f 9595 9596 9479
f 9596 9597 9598
f 9597 9183 9481
f 9183 9599 9481
f 9600 9601 9480
f 9480 9183 9600
f 9602 9469 9601
f 9601 9600 9602
f 9603 9604 9605
f 9605 9602 9603
f 9605 9469 9602
f 9480 9599 9183
f 9481 9598 9597
f 9598 9479 9596
f 9479 9594 9595
f 9469 9605 9601
f 9480 9481 9599
f 9604 9603 9606
f 9606 9607 9604
f 9607 9606 9608
f 9610 9607 9606
f 9610 9609 9607
f 9611 9612 8179
f 9613 9612 9611
f 9611 8447 9613
f 9612 9614 9615
f 9616 9614 9617
f 9614 9612 9617
f 9617 9618 9616
f 9615 9614 9616
f 9615 9616 9619
f 9619 9620 9615
f 9621 9620 9619
f 9621 8181 9620
f 9623 9622 8181
f 9624 9623 8181
f 8181 9621 9624
f 9626 9622 9625
f 9626 9627 9629
f 9628 9629 9627
f 9630 9626 9631
f 9626 9625 9631
f 9632 9627 9626
f 9628 9627 9632
f 9630 9632 9626
f 9628 9632 9633
f 9633 9634 9628
f 9637 9636 9635
f 9633 9637 9635
f 9633 9635 9634
f 9639 9635 9636
f 9639 9638 9635
f 9638 9640 8372
f 9641 9640 9638
f 9638 9642 9641
f 9645 9643 9646
f 9643 8372 9646
f 9645 9647 9643
f 9644 9643 9647
f 9648 9644 9647
f 9647 9649 9648
f 9644 9648 9650
f 9650 9648 9649
f 9620 8181 9622
f 8150 9565 9578
f 9622 9626 9620
f 8150 9560 9565
f 9479 9598 9475
f 9480 9601 9471
f 9605 9604 8169
f 8169 9604 9607
f 9620 9629 9628
f 9590 8150 9581
f 9481 9475 9598
f 9469 9471 9601
f 9607 8180 9615
f 9607 9615 8169
f 9569 9571 9574
f 9628 8169 9620
f 9578 9581 8150
f 8169 9469 9605
f 9574 9577 9569
f 8169 9615 9620
f 8150 9590 9479
f 9643 9638 8372
f 8208 9644 9650
f 8081 9559 9560
f 9643 9635 9638
f 8208 9634 9644
f 8169 9628 9634
f 9590 9594 9479
f 9620 9626 9629
f 9560 8150 8081
f 9650 9507 8208
f 9559 8081 9549
f 9559 9551 8367
f 9644 9634 9635
f 9502 9196 8208
f 9511 9650 8193
f 8081 9543 9549
f 9507 9502 8208
f 9634 8208 8169
f 9565 9577 9578
f 9522 8108 9543
f 9517 9522 8081
f 9518 8081 9184
f 9650 9512 9507
f 9577 9570 9569
f 9581 8138 8139
f 9522 9543 8081
f 9184 9459 9518
f 9511 9512 9650
f 8081 9518 9517
f 9556 9559 8367
f 9565 9570 9577
f 9581 8139 9590
f 9185 8081 9449
f 9522 9546 8108
f 9559 9549 9553
f 9643 9644 9635
f 9559 9553 9551
f 9186 9450 9451
f 9449 9450 9186
f 9494 8208 9195
f 9186 9185 9449
f 9452 8098 8101
f 8081 9185 9184
f 8098 9452 9459
f 9459 9187 8098
f 9184 9187 9459
f 9196 9195 8208
f 8180 8184 9615
f 8096 9186 9451
f 9614 9615 8184
f 9581 9583 8138
f 8201 9502 9501
f 8177 9609 9611
f 9195 9497 9495
f 9590 8139 9188
f 9584 9189 8138
f 9612 9193 9194
f 9195 9495 9494
f 8138 9583 9584
f 9607 9609 8177
f 9612 8184 9193
f 9612 9614 8184
f 9502 8201 9197
f 9194 8179 9612
f 9195 8200 9497
f 9188 8133 9590
f 9584 8135 9190
f 9502 9197 9196
f 9501 9500 8201
f 9500 9498 8201
f 9607 9192 8180
f 9190 9189 9584
f 9498 8200 8201
f 9607 8177 9192
f 9611 8179 8177
f 9587 8133 8132
f 8133 9587 9590
f 9451 8101 8096
f 9525 9526 8114
f 8113 9520 9525
f 8114 9530 9531
f 8113 9522 9520
f 9526 9530 8114
f 8194 8193 9650
f 9516 9515 9513
f 9522 8113 9545
f 8114 8113 9525
f 9516 9513 8191
f 8108 8106 9543
f 9651 8188 9511
f 9511 8193 9652
f 9516 9653 8191
f 9652 9651 9511
f 9545 9546 9522
f 9513 9511 8191
f 8188 8191 9511
f 9531 9541 8114
f 8191 9654 9516
f 9655 9650 9649
f 9655 9656 9650
f 9652 8193 8188
f 8188 9651 9652
f 9654 8191 8186
f 8194 9656 8187
f 9656 8186 8187
f 9656 9654 8186
f 8194 9650 9656
f 9657 9654 9656
f 9657 9656 9516
f 9654 9657 9516
f 9514 9516 9656
f 9656 9655 9514
f 9658 9554 9552
f 8367 9554 9658
f 9658 9558 9555
f 9555 8367 9658
f 9556 9557 9564
f 9659 9563 9564
f 9571 9572 9573
f 9571 9661 9576
f 9573 9661 9571
f 9575 9576 9661
f 9662 9579 9575
f 9586 9589 9584
f 8433 9589 9586
f 9588 9589 9663
f 9664 9588 9663
f 9588 9592 9587
f 9665 9592 9591
f 9588 9665 9592
f 9609 9610 9667
f 9611 9609 9667
f 9611 9667 8447
f 8447 9668 9613
f 9668 8447 9669
f 9613 9617 9612
f 9613 9670 9617
f 9621 9619 9671
f 9625 9622 9631
f 9622 9623 9624
f 9624 9631 9622
f 9639 9636 9674
f 9638 9639 9642
f 9676 9641 9642
f 9677 9646 8372
f 8372 9640 9676
f 9676 9677 8372
f 9641 9676 9640
f 9646 9677 9645
f 9513 9515 9514
f 9515 9516 9514
f 9680 9504 9503
f 9498 9504 9499
f 9504 9498 9500
f 9504 9680 9681
f 9681 9499 9504
f 9682 9681 9680
f 9495 9497 9496
f 9592 9666 9591
f 9666 9592 9588
f 9684 9591 9666
f 9666 9685 9684
f 9684 9683 9591
f 9683 9684 9687
f 9687 9688 9683
f 9686 9690 9685
f 9685 9666 9686
f 9692 9691 9687
f 9689 9693 9690
f 9689 9685 9690
f 9690 9693 9684
f 9690 9694 9684
f 9687 9684 9694
f 9685 9690 9684
f 9694 9693 9690
f 9692 9687 9694
f 9691 9692 9688
f 9687 9691 9688
f 9692 9694 9695
f 9695 9688 9692
f 9694 9686 9695
f 9686 9694 9690
f 9696 9688 9695
f 9695 9697 9696
f 8435 9698 9697
f 9697 9695 8435
f 9698 9699 9697
f 8435 9700 8146
f 9700 9701 9702
f 9701 9703 9704
f 9704 9702 9701
f 9702 8146 9700
f 8146 9698 8435
f 8146 9699 9698
f 9705 9688 9696
f 9595 9705 9696
f 9696 9706 9595
f 9706 9696 9697
f 9707 9708 9709
f 9697 9709 9706
f 9708 9707 9481
f 9709 9697 9707
f 9707 9699 8146
f 9707 9697 9699
f 8146 9710 9707
f 9710 8146 9702
f 9702 9704 9710
f 9481 9711 9712
f 9708 9712 9596
f 9709 9596 9595
f 9595 9706 9709
f 9596 9709 9708
f 9712 9708 9481
f 9710 9707 9704
f 9481 9707 9713
f 9176 9711 9481
f 9179 9714 9704
f 9714 9710 9704
f 9707 9714 9715
f 9707 9710 9714
f 9177 9713 9707
f 9177 9176 9713
f 9481 9713 9176
f 9704 8156 9179
f 9715 9177 9707
f 8440 9700 8435
f 9700 8440 9701
f 9716 9703 9701
f 9179 9717 9703
f 9703 9716 9179
f 9703 9717 9704
f 9717 9179 8156
f 8156 9704 9717
f 9178 9714 9179
f 9715 9177 9176
f 9174 9718 9175
f 9718 9183 9175
f 9183 9711 9175
f 9715 9714 9178
f 9178 9177 9715
f 9176 9175 9711
f 9174 9173 9719
f 9182 8153 9719
f 9719 9173 9182
f 9720 9182 9181
f 9720 8153 9182
f 9174 9719 9480
f 9720 9181 9721
f 9724 9721 9181
f 8444 9723 9724
f 8445 9722 8444
f 9723 8444 9722
f 9480 9718 9174
f 9720 9719 8153
f 9719 8153 9725
f 9725 9720 9726
f 9720 9725 8153
f 9721 9724 8157
f 9724 9723 8155
f 9723 9722 9727
f 9727 8155 9723
f 8155 8157 9724
f 8157 9720 9721
f 9604 9603 9728
f 9729 9728 9730
f 9731 9730 9718
f 9718 9480 9731
f 9730 9731 9729
f 9728 9729 9604
f 9603 9604 9732
f 9732 9733 9603
f 9734 9732 9604
f 9727 9735 8155
f 9722 9736 9737
f 9737 9727 9722
f 9737 9735 9727
f 9719 9725 8155
f 9719 9737 9729
f 9734 9604 9737
f 9725 9726 8157
f 8155 9735 9719
f 9604 9729 9737
f 9719 9729 9731
f 9735 9737 9719
f 9480 9719 9731
f 8157 9726 9720
f 8157 8155 9725
f 9734 9738 9733
f 9733 9732 9734
f 9734 9737 9736
f 9736 9738 9734
f 9722 8445 9736
f 9736 9739 9734
f 9667 9736 8448
f 9736 9740 9739
f 9739 9741 9734
f 9734 9741 9738
f 9738 9741 9742
f 9742 9743 9738
f 9595 9688 9705
f 9712 9597 9596
f 9711 9183 9597
f 9683 9688 9591
f 9603 9728 9733
f 9688 9595 9591
f 9743 9606 9608
f 9600 9183 9718
f 9602 9600 9730
f 9733 9738 9603
f 9712 9711 9597
f 9738 9606 9603
f 9600 9718 9730
f 9603 9602 9728
f 9591 9593 9683
f 9738 9743 9606
f 9730 9728 9602
f 9667 9609 9740
f 9740 9736 9667
f 9742 9606 9743
f 9742 9609 9667
f 9667 9606 9742
f 9606 9667 9610
f 9744 9739 9737
f 9609 9744 9739
f 9739 9740 9609
f 9737 9741 9739
f 9609 9742 9741
f 9739 9609 9741
f 9458 9528 9745
f 9745 9519 9458
f 9460 9745 9528
f 9528 9746 9460
f 9527 9747 9746
f 9746 9528 9527
f 9460 9519 9745
f 9519 9460 9748
f 9748 9524 9519
f 9524 9523 9521
f 9524 9521 9519
f 9532 9749 9747
f 9747 9527 9532
f 9748 9750 9524
f 9750 9526 9533
f 9533 9524 9750
f 9533 9529 9524
f 9748 9460 9746
f 9746 9747 9748
f 9750 9748 9747
f 9750 9747 9749
f 9750 9749 9526
f 9532 9533 9526
f 9526 9749 9532
f 9536 9537 9538
f 9751 9538 9537
f 9537 9542 9751
f 9542 9537 9536
f 9537 9753 9542
f 9538 9751 9550
f 9550 9548 9538
f 9550 9552 9548
f 9754 9552 9550
f 9753 9751 9542
f 9755 9550 9751
f 9751 9753 9755
f 9550 9755 8367
f 9537 9752 9755
f 9755 9753 9537
f 9554 9754 9550
f 9658 9552 9754
f 9754 9554 9658
f 8367 9755 9752
f 9752 9554 8367
f 9756 9659 9564
f 9564 9556 9756
f 9757 9756 9556
f 9556 9557 9660
f 9758 9556 9660
f 9756 9759 9659
f 9760 9659 9759
f 9757 9761 9759
f 9759 9756 9757
f 9760 9759 9762
f 9762 9566 9760
f 9562 9760 9566
f 9562 9561 9659
f 9659 9760 9562
f 9563 9659 9561
f 9759 9763 9762
f 9763 9759 9761
f 9573 9765 9758
f 9758 9660 9573
f 9762 9766 9767
f 9766 9762 9763
f 9567 9566 9766
f 9767 9766 9566
f 9762 9767 9566
f 9766 9765 9573
f 9573 9566 9766
f 9573 9567 9566
f 9765 9764 9556
f 9556 9758 9765
f 8567 9556 9764
f 8120 8126 9765
f 9766 9763 8120
f 8567 9761 9757
f 9763 9761 8566
f 8565 8570 9763
f 9764 8569 8567
f 8566 8565 9763
f 9757 9556 8567
f 8127 8569 9764
f 8126 8568 9765
f 8570 8120 9763
f 8120 9765 9766
f 8567 8566 9761
f 9765 8568 8127
f 8127 9764 9765
f 9770 9769 9662
f 9575 9770 9662
f 9771 9769 9770
f 9770 9772 9771
f 9774 9770 9575
f 9773 9774 9575
f 9770 9774 8433
f 9771 9768 9662
f 9662 9769 9771
f 9768 9771 9775
f 9775 9776 9768
f 9776 9585 9582
f 9662 9580 9579
f 9582 9580 9768
f 9580 9662 9768
f 9768 9776 9582
f 8433 9777 9772
f 9772 9770 8433
f 9775 9778 9776
f 9779 9776 9778
f 9778 9777 8433
f 8433 9779 9778
f 9586 9585 9779
f 9776 9779 9585
f 9779 8433 9586
f 9777 9775 9771
f 9778 9775 9777
f 9772 9777 9771
f 9618 9780 9616
f 9780 9618 9617
f 9781 9780 9617
f 9617 9612 9781
f 9782 9672 9670
f 9617 9670 9783
f 9617 9783 9612
f 9781 9784 9616
f 9616 9780 9781
f 9616 9784 9785
f 9785 9671 9616
f 9616 9671 9619
f 9672 9786 9783
f 9783 9670 9672
f 9787 9671 9785
f 9785 9786 9672
f 9672 9787 9785
f 9671 9672 9621
f 9672 9671 9787
f 9783 9781 9612
f 9783 9784 9781
f 9783 9785 9784
f 9783 9786 9785
f 9631 9673 9788
f 9788 9630 9631
f 9789 9788 9673
f 9790 9789 9673
f 9673 9791 9790
f 9793 9792 9789
f 9790 9793 9789
f 9788 9790 9789
f 9790 9794 9792
f 9792 9793 9790
f 9789 9792 9795
f 9795 9796 9789
f 9633 9796 9674
f 9632 9789 9796
f 9674 9636 9633
f 9796 9633 9632
f 9632 9630 9788
f 9788 9789 9632
f 9637 9633 9636
f 9794 9797 9795
f 9795 9792 9794
f 9798 9799 9791
f 9791 9673 9798
f 9674 9796 9795
f 9795 9800 9674
f 9801 9795 9797
f 9801 9800 9795
f 9800 9802 9803
f 9803 9674 9800
f 9674 9803 9639
f 9642 9803 9804
f 9642 9639 9803
f 9799 9802 9791
f 8576 8250 9802
f 8255 9794 9790
f 9802 9797 8571
f 9791 9802 8252
f 9797 9794 8573
f 8255 9790 9791
f 8250 8252 9802
f 9802 8571 8576
f 9797 8572 8571
f 8252 8574 9791
f 8573 8572 9797
f 9794 8255 8575
f 9791 8252 8255
f 8575 8573 9794
f 9802 9801 9797
f 9802 9800 9801
f 9642 9804 9802
f 9798 9804 9802
f 9802 9799 9798
f 9804 9803 9802
f 9642 9804 9798
f 9642 9798 9675
f 9677 9646 9805
f 9805 9645 9677
f 9806 9805 9646
f 9646 9807 9806
f 9647 9645 9806
f 9645 9805 9806
f 9647 9806 9808
f 9808 9809 9647
f 9809 9649 9647
f 9808 9649 9809
f 9808 9810 9649
f 9807 9657 9810
f 9657 9807 9811
f 9810 9808 9807
f 9808 9806 9807
f 9678 9811 9807
f 9807 9646 9678
f 9810 9657 9678
f 9678 9649 9810
f 9649 9678 9655
f 9678 9655 9657
f 9657 9811 9678
f 9508 9514 9679
f 9510 9508 9679
f 9679 9513 9510
f 9813 9679 9812
f 9813 9513 9679
f 9508 9510 9505
f 9508 9505 9501
f 9501 9503 9508
f 9503 9506 9508
f 9506 9509 9508
f 9682 9814 9813
f 9813 9812 9682
f 9815 9503 9501
f 9501 9500 9680
f 9680 9815 9501
f 9680 9503 9815
f 9501 9813 9814
f 9501 9814 9500
f 9501 9510 9513
f 9513 9813 9501
f 9505 9510 9501
f 9682 9680 9500
f 9500 9814 9682
f 9496 9816 9493
f 8449 9817 9496
f 9816 9496 9817
f 9818 9493 9816
f 9816 9495 9818
f 9816 9817 8206
f 8206 9495 9816
f 9817 8449 9819
f 9823 9493 9818
f 9818 9495 8206
f 9492 9824 9825
f 9825 9826 9492
f 9824 9823 9818
f 9492 9826 9827
f 9827 9828 9492
f 9818 9825 9824
f 9830 9825 9818
f 9830 9831 9826
f 9831 9829 9827
f 9826 9825 9830
f 9827 9826 9831
f 9818 8206 9830
f 9829 9831 9832
f 9830 9832 9831
f 9830 9819 9820
f 9820 9832 9830
f 9820 9821 9832
f 8206 9817 9819
f 9819 9830 8206
f 9829 9832 9821
f 9821 9822 9829
f 9833 9828 9827
f 9827 9829 9834
f 9834 9833 9827
f 9833 9834 9822
f 9829 8452 9822
f 9822 9834 9829
f 9836 9833 9822
f 9833 9836 9828
f 9828 9836 8997
f 9827 9836 9822
f 9822 9837 9827
f 9822 9835 9837
f 8997 9827 8998
f 8997 9836 9827
f 8999 9000 9842
f 9001 8999 9843
f 9843 9002 9001
f 8998 9842 9000
f 9842 9843 8999
f 9001 9002 9004
f 9004 9003 9001
f 9844 9841 9840
f 9839 9845 9846
f 9846 9840 9839
f 9841 9847 9837
f 9841 9844 9847
f 9838 9848 9845
f 9845 9839 9838
f 9837 9835 9841
f 9840 9846 9844
f 9846 9847 9844
f 9838 9007 9006
f 9006 9848 9838
f 9847 9842 9827
f 9827 9837 9847
f 9827 9842 8998
f 9002 9848 9006
f 9846 9845 9843
f 9842 9847 9846
f 9002 9843 9845
f 9843 9842 9846
f 9004 9002 9006
f 9845 9848 9002
f 9851 8377 8378
f 8378 9852 9851
f 9849 9853 9850
f 9855 8387 9853
f 9854 8394 9849
f 8387 9856 9853
f 9855 8378 8387
f 8394 9858 9857
f 9854 9858 8394
f 8394 8377 9859
f 9855 9852 8378
f 9853 9849 9855
f 9849 9850 9854
f 8377 9851 9860
f 9857 9856 8387
f 9857 8387 8394
f 9860 9859 8377
f 9859 9849 8394
f 9854 9850 9862
f 9850 9861 9862
f 9854 9862 9863
f 9863 9858 9854
f 9858 9863 9864
f 9864 9857 9858
f 9864 9856 9857
f 9853 9856 9865
f 9865 9866 9853
f 9853 9866 9861
f 9861 9850 9853
f 9864 9865 9856
f 9860 9851 9867
f 9859 9860 9868
f 9849 9859 9870
f 9859 9869 9870
f 9868 9869 9859
f 9867 9868 9860
f 9849 9870 9871
f 9871 9855 9849
f 9852 9855 9871
f 9871 9872 9852
f 9852 9872 9873
f 9851 9852 9872
f 9872 9867 9851
f 9873 9872 9871
f 9873 9871 9874
f 9873 9874 9875
f 9871 9876 9874
f 9867 9875 9877
f 9868 9867 9877
f 9872 9873 9875
f 9878 9870 9869
f 9867 9872 9875
f 9871 9870 9876
f 9870 9878 9876
f 9868 9877 9879
f 9869 9879 9878
f 9869 9868 9879
f 9880 9881 9874
f 9874 9876 9880
f 9880 9882 9881
f 9881 9883 9875
f 9875 9874 9881
f 9880 9876 9878
f 9878 9884 9880
f 9885 9883 9881
f 9885 9881 9882
f 9883 9886 9877
f 9877 9875 9883
f 9884 9878 9879
f 9879 9887 9884
f 9887 9888 9884
f 9887 9879 9877
f 9877 9886 9887
f 9885 9889 9886
f 9886 9883 9885
f 9887 9886 9889
f 9888 9887 9889
f 9866 9890 9891
f 9866 9865 9890
f 9865 9892 9890
f 9861 9891 9893
f 9862 9861 9893
f 9894 9864 9863
f 9861 9866 9891
f 9863 9862 9895
f 9865 9864 9892
f 9864 9894 9892
f 9862 9893 9895
f 9863 9895 9894
f 9896 9897 9891
f 9891 9890 9896
f 9898 9893 9891
f 9891 9897 9898
f 9900 9896 9890
f 9890 9892 9900
f 9898 9899 9893
f 9898 9902 9899
f 9893 9899 9895
f 9892 9901 9903
f 9903 9900 9892
f 9901 9892 9894
f 9904 9895 9899
f 9899 9902 9904
f 9903 9901 9894
f 9894 9905 9903
f 9905 9894 9895
f 9895 9904 9905
f 9884 9898 9897
f 9897 9880 9884
f 9882 9897 9896
f 8753 9905 9904
f 9896 8698 9882
f 8753 9903 9905
f 8698 9896 9900
f 9882 9880 9897
f 8700 9885 9882
f 8727 9889 9885
f 9903 8753 8698
f 9885 8700 8727
f 9888 8727 9898
f 9904 9902 8727
f 9888 9889 8727
f 9900 9903 8698
f 9884 9888 9898
f 9902 9898 8727
f 9882 8698 8700
f 8727 8753 9904
f 9906 9166 9165
f 9166 9906 9907
f 9908 9165 9171
f 9165 9908 9906
f 9167 9907 9909
f 9168 9167 9909
f 9169 9168 9909
f 9910 9171 9170
f 9167 9166 9907
f 9171 9910 9908
f 9169 9909 9172
f 9170 9172 9910
f 9911 9910 9172
f 9172 9912 9911
f 9912 9172 9909
f 9909 9913 9912
f 9911 9914 9908
f 9908 9910 9911
f 9913 9909 9907
f 9907 9915 9913
f 9914 9916 9906
f 9906 9908 9914
f 9916 9915 9907
f 9907 9906 9916
f 9159 9164 9917
f 9159 9917 9918
f 9164 9919 9917
f 9160 9918 9920
f 9161 9160 9920
f 9921 9163 9162
f 9919 9164 9163
f 9160 9159 9918
f 9162 9161 9922
f 9163 9921 9919
f 9161 9920 9922
f 9162 9922 9921
f 9917 9923 9918
f 9924 9925 9923
f 9923 9917 9924
f 9918 9923 9925
f 9925 9926 9918
f 9927 9924 9917
f 9917 9919 9927
f 9926 9928 9920
f 9920 9918 9926
f 9921 9929 9919
f 9930 9927 9919
f 9919 9929 9930
f 9931 9929 9921
f 9931 9930 9929
f 9932 9922 9920
f 9920 9928 9932
f 9916 9925 9924
f 8766 9915 9916
f 8766 9913 9915
f 9911 9928 9926
f 9924 8758 9916
f 9916 9914 9925
f 9913 8766 8696
f 9926 9914 9911
f 9912 8696 9928
f 9932 9928 8696
f 9931 9932 8699
f 8758 9927 9930
f 8758 9924 9927
f 8699 9930 9931
f 9930 8699 8758
f 8696 9912 9913
f 9911 9912 9928
f 9926 9925 9914
f 9916 8758 8766
f 9932 8696 8699
f 9931 9921 9922
f 9922 9932 9931
f 9933 8657 8656
f 8658 8662 8659
f 8662 9934 8661
f 9934 9935 8663
f 8656 9936 9933
f 9935 8666 8663
f 9935 9936 8655
f 8662 8665 8659
f 9935 8655 8666
f 8663 8661 9934
f 8657 9933 8658
f 8656 8655 9936
f 8658 9937 9938
f 9938 8662 8658
f 8964 9938 9937
f 9937 8478 8964
f 8662 9938 8964
f 8964 9939 8662
f 9940 8478 8658
f 8478 9937 8658
f 9939 9941 9934
f 9934 8662 9939
f 8489 9940 8658
f 8658 9933 8489
f 9941 9939 8964
f 8489 8478 9940
f 9941 8484 9935
f 9935 9934 9941
f 8489 9933 9936
f 9936 8486 8489
f 8484 8486 9936
f 9936 9935 8484
f 9943 9944 8671
f 9943 8672 8681
f 9945 9943 8678
f 9943 8671 8672
f 8673 8672 9944
f 8674 8673 9946
f 9947 9948 8675
f 8672 8671 9944
f 9947 8675 8674
f 8681 8678 9943
f 8674 9946 9947
f 9948 8680 8675
f 9948 9945 8677
f 8673 9944 9946
f 8677 8680 9948
f 9945 8678 8677
f 9949 9945 9948
f 9948 8522 9949
f 9950 9943 9945
f 9945 9949 9950
f 8518 8522 9948
f 9948 9947 8518
f 9951 9944 9943
f 9943 9950 9951
f 8518 9947 9946
f 9946 8514 8518
f 9951 8514 9946
f 9946 9944 9951
f 8520 8522 8518
f 8518 8516 8517
f 8514 8515 8516
f 8518 8519 8520
f 8516 8518 8514
f 8520 8521 8522
f 9949 8523 8524
f 8484 9941 8482
f 8486 8484 8485
f 8514 8511 8512
f 8523 9949 8522
f 8506 8505 9949
f 8482 8483 8484
f 8512 8513 8514
f 8524 8506 9949
f 9941 8481 8482
f 8489 8486 8488
f 8478 8489 8490
f 8490 8491 8478
f 8487 8488 8486
f 8514 9951 8511
f 8536 8978 8535
f 8894 8546 8547
f 8970 8543 8544
f 8526 8525 8989
f 8973 8548 8550
f 8891 8547 8548
f 8544 8546 8894
f 8543 8970 8541
f 8992 9950 9949
f 9951 8992 8511
f 8511 8992 8990
f 8984 8539 8527
f 8534 8535 8978
f 8548 8973 8891
f 8967 8964 8478
f 8481 9941 9463
f 8492 8481 9463
f 8494 8493 9465
f 9949 8505 8992
f 8538 8980 8537
f 8547 8891 8894
f 8480 8967 8479
f 8494 9477 8501
f 8500 9472 8499
f 9828 8992 9490
f 8511 8990 8989
f 8538 8539 8984
f 8478 8479 8967
f 8492 9465 8493
f 9467 9483 8503
f 8503 9483 8504
f 9492 9828 9490
f 8536 8537 8980
f 8500 8501 9477
f 9467 8502 8497
f 9491 9493 9823
f 9442 9454 9439
f 9454 9442 9444
f 8525 8511 8989
f 8503 8502 9467
f 8505 8504 9485
f 9468 8497 8498
f 9492 9491 9824
f 9472 9470 8498
f 8497 9468 9467
f 9485 8992 8505
f 8498 9470 9468
f 9823 9824 9491
f 8498 8499 9472
f 9951 9950 8992
f 8997 8992 9828
f 8964 9463 9941
f 8647 9319 9954
f 8647 7991 9319
f 9956 9955 8649
f 8649 8004 9958
f 9958 9956 8649
f 9319 7991 7998
f 9954 9957 8648
f 9953 8001 8649
f 8648 8647 9954
f 7997 8648 9957
f 8649 9955 9953
f 9957 9958 8004
f 9953 8596 8598
f 7998 8596 9319
f 8598 8001 9953
f 8004 7997 9957
f 9953 9319 8596
f 9956 9959 9955
f 9960 9961 9962
f 9962 9957 9960
f 9963 9957 9954
f 9954 9320 9963
f 9964 9320 9319
f 9319 9953 9964
f 9958 9957 9962
f 9962 9961 9956
f 9956 9958 9962
f 9965 9956 9961
f 9961 9963 9965
f 9953 9955 9959
f 9964 9953 9959
f 9959 9965 9964
f 9965 9959 9956
f 9965 9963 9967
f 9965 9967 8554
f 9960 9957 9963
f 9963 9961 9960
f 9320 9954 9319
f 9320 9964 9328
f 9965 9966 9964
f 8639 8009 8329
f 8641 9968 9144
f 8640 8639 9971
f 9971 9969 8640
f 8016 8015 9970
f 8009 8589 8329
f 8639 8329 9971
f 9969 8015 8640
f 9970 9968 8641
f 8641 8016 9970
f 9969 9970 8015
f 8589 8012 9144
f 8012 8641 9144
f 9144 8329 8589
f 9971 9973 9969
f 9144 9968 8786
f 9974 8786 9968
f 9974 9968 9970
f 9976 8785 9974
f 9974 9970 9976
f 9969 9975 9970
f 9976 9975 9969
f 9969 9977 9976
f 9978 8329 9144
f 9144 9146 9978
f 9972 9973 9971
f 8329 9972 9971
f 9979 9980 9973
f 9973 9972 9979
f 9144 8786 8785
f 9144 8785 9146
f 8786 9974 8785
f 9147 9978 9146
f 9978 9979 8329
f 9979 9972 8329
f 9979 9981 9980
f 9969 9980 9977
f 9969 9973 9980
f 9976 9977 9982
f 9982 8557 9976
f 9970 9975 9976
f 8560 8703 9111
f 8448 8447 9667
f 8443 9724 9181
f 8444 9736 8445
f 9724 8443 8444
f 9181 8442 8443
f 8445 8448 9736
f 8553 8552 8707
f 8434 9664 9663
f 9663 8433 8434
f 9663 9589 8433
f 8434 9695 9686
f 9695 8434 8435
f 8440 8441 9701
f 8441 8442 9716
f 8434 9666 9588
f 9686 9666 8434
f 9716 9701 8441
f 8442 9180 9179
f 8442 9179 9716
f 8423 8929 9202
f 8423 9218 8946
f 8423 9152 9218
f 8424 8428 9434
f 8433 9660 9558
f 9202 8927 8423
f 8432 9537 9534
f 9558 9554 8433
f 9983 9347 8911
f 9983 9358 9357
f 8428 8429 9428
f 8430 8431 9436
f 9558 9658 9554
f 9357 9347 9983
f 8414 9983 8413
f 8414 8416 9389
f 8946 8929 8423
f 8428 9427 9434
f 8429 9429 9428
f 9436 9435 8430
f 9437 8431 8432
f 9532 8432 9529
f 9573 9660 8433
f 9774 9661 8433
f 8849 9983 8847
f 9983 8414 9358
f 9347 8912 8910
f 8417 8418 9390
f 9151 9218 9152
f 9428 9427 8428
f 9437 9436 8431
f 9534 9529 8432
f 8433 9554 9752
f 9661 9573 8433
f 8852 8847 9983
f 9983 8415 8413
f 9387 8418 8419
f 8420 9398 9391
f 8420 8421 9397
f 8422 9399 9396
f 8423 9394 9399
f 8946 8930 8929
f 9453 8432 9527
f 9532 9527 8432
f 9536 9534 9537
f 8432 9752 9537
f 8849 8413 9983
f 8911 9338 9983
f 8910 8911 9347
f 8416 9384 9389
f 9387 9390 8418
f 9399 8422 8423
f 8913 8423 8927
f 9152 8423 8424
f 9435 9432 8430
f 9453 9447 8432
f 9527 9458 9453
f 9752 8432 8433
f 9384 8416 8417
f 9429 8429 9432
f 9557 9558 9660
f 9983 8415 8846
f 9396 8421 8422
f 9432 8429 8430
f 9575 9661 9774
f 9391 8419 8420
f 9338 8852 9983
f 8556 8415 9984
f 8415 9983 9984
f 9327 8846 8845
f 9964 9327 9328
f 8555 8556 9965
f 9985 8552 8554
f 8554 9967 9963
f 9985 9986 8552
f 9963 9985 8554
f 9986 8706 8552
f 8719 8713 9987
f 8713 8710 9987
f 9987 8737 8719
f 9963 9320 9988
f 8724 8737 8725
f 9987 8710 8714
f 9988 8737 9320
f 8737 8723 8719
f 8724 8723 8737
f 8460 9231 9011
f 8460 9838 9839
f 8460 9007 9838
f 9011 9007 8460
f 8476 9254 9255
f 8449 8456 9819
f 8457 9821 9820
f 8459 9840 9841
f 8461 8469 9294
f 8469 8470 9293
f 8456 9820 9819
f 8457 9822 9821
f 9841 8458 8459
f 9839 8459 8460
f 9293 9294 8469
f 8471 9290 9291
f 8471 8472 9287
f 8474 8475 9280
f 9286 8475 8476
f 8449 9496 9499
f 9820 8456 8457
f 9839 9840 8459
f 9032 8461 9028
f 8461 9048 9047
f 8470 9291 9293
f 9287 9290 8471
f 8472 8473 9284
f 9286 9280 8475
f 8449 9678 9646
f 9841 9835 8458
f 9291 8470 8471
f 8473 9285 9284
f 8447 9798 9624
f 9675 8449 9642
f 8449 9812 9655
f 9499 9682 8449
f 8457 9835 9822
f 8461 9242 9028
f 9047 9050 8461
f 9285 8473 8474
f 9798 9673 9624
f 9655 9678 8449
f 9050 9242 8461
f 8461 9295 9048
f 9294 9295 8461
f 9284 9283 8472
f 9624 9621 8447
f 8449 9675 9798
f 9646 9642 8449
f 9682 9812 8449
f 9835 8457 8458
f 9798 8447 8449
f 9812 9679 9514
f 9499 9681 9682
f 8460 9032 9231
f 8477 8829 9109
f 9032 8460 8461
f 9030 9028 9242
f 9149 8829 8477
f 9676 9642 9646
f 9514 9655 9812
f 9156 9155 9158
f 9673 9631 9624
f 9155 9153 9158
f 9109 8476 8477
f 8802 9979 9137
f 9109 9108 8476
f 9147 9137 9978
f 9137 9979 9978
f 8447 9621 9782
f 8476 9153 9254
f 9108 9158 8476
f 9980 9990 8477
f 8802 8477 9991
f 9153 8476 9158
f 9782 9670 8447
f 9677 9676 9646
f 9668 8447 9670
f 9670 9613 9668
f 9990 9992 8477
f 8477 9992 9989
f 8558 9982 9977
f 9672 9782 9621
f 9991 9979 8802
f 9977 8477 8558
f 9977 9980 8477
f 9989 9991 8477
f 9128 9134 9120
f 9120 9134 9993
f 8559 8561 9114
f 8561 9110 9114
f 8561 9111 9110
f 9976 9994 9995
f 9976 8559 9994
f 9976 8557 8559
f 9133 8788 8785
f 9976 9996 9997
f 8785 9132 9133
f 9997 8785 9976
f 9132 8785 9134
f 9120 9122 9128
f 9982 8558 8557
f 8706 8707 8552
f 9965 8554 8555
f 9588 9664 8434
f 9181 9180 8442
f 9111 8561 8560
f 9985 9998 9999
f 9999 9986 9985
f 9988 10000 9960
f 9960 9963 9988
f 8706 9987 8714
f 8706 8708 10001
f 10001 9987 8706
f 9987 9988 8737
f 9987 10001 10000
f 10000 9988 9987
f 9327 9983 8846
f 9327 9323 10002
f 10002 9983 9327
f 9984 9965 8556
f 9965 9984 10003
f 10003 10004 9965
f 9966 9959 10005
f 10005 9964 9966
f 9980 10006 10007
f 10007 9990 9980
f 9979 9991 10008
f 10008 9972 9979
f 9981 9979 10009
f 10009 10006 9981
f 9976 10010 9974
f 9974 9997 9976
f 8559 9114 9994
f 9114 9117 10011
f 10011 9994 9114
f 9993 8785 9997
f 8785 9993 9134
f 9997 9974 10012
f 10012 9993 9997
f 9120 10012 9117
f 9117 9114 9120
f 10000 9957 9960
f 9985 9960 9998
f 9960 9985 9963
f 10014 9999 9998
f 9998 10013 10014
f 9999 8706 9986
f 9999 8708 8706
f 10014 10015 8708
f 8708 9999 10014
f 10000 9998 9960
f 10013 10000 10001
f 10000 10013 9998
f 10001 10015 10014
f 10001 10014 10013
f 10001 8708 10015
f 10003 9984 9983
f 10002 10003 9983
f 10003 9959 10004
f 9966 9965 9959
f 9965 10004 9959
f 10004 9959 9955
f 9959 10016 10005
f 9959 9323 10016
f 9959 10002 9323
f 10002 9959 10003
f 9964 10005 9953
f 9953 9323 9964
f 9327 9964 9323
f 10005 9323 9953
f 10005 10016 9323
f 10012 9120 9993
f 10012 10017 9117
f 9974 10010 10018
f 10011 9974 10018
f 10018 10010 10011
f 10017 10012 9974
f 10011 10017 9974
f 10011 9995 9994
f 10011 10010 9976
f 9976 9995 10011
f 9117 10017 10011
f 9972 10009 9979
f 10006 9980 9981
f 10006 9972 10008
f 10008 10007 10006
f 9972 10006 10009
f 10007 9992 9990
f 10007 9989 9992
f 9989 10007 10008
f 9991 9989 10008
f 10020 10021 10022
f 10024 10020 10023
f 10027 10026 10028
f 10032 10031 10033
f 10034 10032 10033
f 10035 10034 10036
f 10037 10035 10036
f 10040 10038 10041
f 10021 10043 10044
f 10044 10022 10021
f 10037 10039 10038
f 10033 10036 10034
f 10030 10033 10031
f 10025 10028 10026
f 10022 10023 10020
f 10045 10037 10036
f 10036 10046 10045
f 10041 10045 10047
f 10045 10038 10039
f 10022 10048 10049
f 10046 10030 10029
f 10036 10033 10046
f 10039 10037 10045
f 10047 10040 10041
f 10022 10050 10051
f 8042 10052 10053
f 8042 8058 10054
f 8058 10049 10055
f 8058 10023 10022
f 10045 10056 10047
f 8042 10057 10058
f 10054 10052 8042
f 10055 10059 8058
f 10049 8058 10022
f 8058 10046 10025
f 10033 10030 10046
f 10045 10060 10056
f 10050 10043 10042
f 10051 10048 10022
f 10053 10057 8042
f 10059 10054 8058
f 10029 10027 10046
f 10061 10060 10045
f 10045 10062 10063
f 10022 10044 10050
f 10040 10047 10065
f 10058 10045 8042
f 8058 10024 10023
f 10041 10038 10045
f 10063 10061 10045
f 10044 10043 10050
f 10065 10064 10040
f 10025 10024 8058
f 10064 10050 10040
f 10042 10040 10050
f 10046 10028 10025
f 10058 10062 10045
f 10027 10028 10046
f 10059 10066 10052
f 10068 10067 10065
f 10069 10068 10047
f 10060 10069 10056
f 10058 10063 10062
f 10066 10057 10053
f 10053 10052 10066
f 10047 10056 10069
f 10065 10047 10068
f 10064 10065 10067
f 10049 10048 10051
f 10052 10054 10059
f 8904 10070 10071
f 8971 10071 10072
f 8898 10072 10073
f 8895 10073 10074
f 8893 10074 10075
f 8889 10075 10076
f 8887 10076 10077
f 8059 10077 10046
f 10046 8058 8059
f 10077 8059 8887
f 10076 8887 8889
f 10075 8889 8893
f 10074 8893 8895
f 10073 8895 8898
f 10072 8898 8971
f 10071 8971 8904
f 10078 8987 8985
f 10079 8985 9063
f 10080 9063 8981
f 10081 8981 9066
f 10082 9066 8979
f 10083 8979 9070
f 10084 9070 8041
f 10085 8041 8042
f 8042 10045 10085
f 8041 10085 10084
f 9070 10084 10083
f 8979 10083 10082
f 9066 10082 10081
f 8981 10081 10080
f 9063 10080 10079
f 8985 10079 10078
f 10086 10067 10068
f 10051 10087 10034
f 10066 10038 10040
f 10087 10064 10067
f 10087 10032 10034
f 10040 8042 10066
f 10067 10086 10087
f 8058 10021 10020
f 8042 10057 10066
f 10086 10060 10061
f 10068 10069 10086
f 10087 10030 10031
f 10043 10021 8058
f 10069 10060 10086
f 10087 10050 10064
f 10031 10032 10087
f 10027 10029 10087
f 10025 10087 8058
f 8058 10040 10042
f 8042 10086 10058
f 10051 10034 10035
f 10086 10061 10063
f 10029 10030 10087
f 10087 10025 10026
f 10020 10024 8058
f 10086 10063 10058
f 10051 10037 10038
f 10035 10037 10051
f 10026 10027 10087
f 10042 10043 8058
f 10066 10059 10038
f 10051 10050 10087
f 10040 8058 8042
f 10059 10055 10038
f 10055 10049 10038
f 10049 10051 10038
f 8059 8058 10087
f 8898 8895 10088
f 8969 8971 10071
f 10071 10089 8969
f 10088 10072 8898
f 10074 10088 8895
f 10087 10077 8059
f 10085 10086 8042
f 10090 10082 9066
f 10080 10090 8981
f 9066 8981 10090
f 7776 7777 10092
f 10070 8904 10095
f 7243 10070 10096
f 10094 10096 10070
f 10070 10097 10094
f 10097 10070 7776
f 10093 10098 10070
f 7243 10093 10070
f 10099 8904 8954
f 10095 7776 10070
f 10093 7219 10098
f 10096 10091 7243
f 10099 10095 8904
f 7769 10099 8954
f 10092 10097 7776
f 10102 10104 7244
f 8968 8969 10105
f 10089 7775 10106
f 7775 10101 10100
f 10106 8969 10089
f 7748 7775 10100
f 7775 10089 10107
f 10089 10102 10107
f 7244 10103 10102
f 8968 10105 7747
f 8969 10106 10105
f 10104 10102 10089
f 10107 10101 7775
f 10108 7220 10104
f 10104 10089 10108
f 7219 7220 7221
f 7221 7217 7219
f 7243 7217 7244
f 10093 7243 7244
f 10093 10104 7220
f 7220 7219 10093
f 7244 10104 10093
f 7221 7244 7217
f 10091 10103 10109
f 10092 10110 10100
f 10097 10092 10100
f 10107 10094 10097
f 10097 10101 10107
f 10107 10096 10094
f 10096 10102 10103
f 10103 10091 10096
f 10096 10107 10102
f 10100 10101 10097
f 10109 10100 10110
f 10109 10110 10091
f 7744 7748 7746
f 7748 7744 7777
f 10099 7769 7747
f 10095 10099 10105
f 7775 7776 10095
f 7777 7775 7748
f 7777 7776 7775
f 10095 10106 7775
f 10105 10106 10095
f 7747 10105 10099
f 8958 10111 10112
f 7744 7769 8961
f 7744 8961 10092
f 10092 7777 7744
f 10110 8961 10112
f 10091 10110 10112
f 10091 7217 7243
f 10091 10112 7217
f 7219 7217 10112
f 10112 10098 7219
f 10110 10092 8961
f 10113 10111 10114
f 10111 8958 10114
f 7769 8954 8961
f 10112 8961 8958
f 8958 8966 10115
f 10114 8958 10113
f 8958 10111 10113
f 10115 7221 7220
f 7221 10115 8966
f 10109 7221 8966
f 10109 7244 7221
f 8966 10100 10109
f 7244 10109 10103
f 7746 7748 10100
f 7746 10100 8966
f 7747 7746 8966
f 8966 8968 7747
f 7220 10108 10115
f 10115 10111 8958
f 8954 8968 8966
f 8954 8904 8969
f 8969 8968 8954
f 8966 8961 8954
f 10087 10086 10045
f 10085 10045 10086
f 10087 10046 10077
f 10045 10046 10087
f 10108 10089 10070
f 10098 10112 10115
f 10071 10070 10089
f 10115 10108 10098
f 10081 10090 10080
f 10070 10098 10108
f 10082 10090 10081
f 10073 10088 10074
f 10111 10115 10112
f 10088 10073 10072
f 10119 10120 10121
f 10121 10122 10119
f 10119 8991 8994
f 10116 10122 10121
f 10121 10123 10116
f 10116 10119 10122
f 7259 7806 7805
f 10118 10125 10124
f 10118 7807 10125
f 7807 10126 10125
f 10118 7259 7805
f 7805 7807 10118
f 10118 7258 7259
f 10118 8994 7258
f 8994 7257 7258
f 8994 8988 7257
f 10124 10117 10118
f 10116 8991 10119
f 8994 10118 10119
f 10121 8991 10123
f 10123 8991 10116
f 10121 10119 8991
f 7259 7260 7806
f 10078 7831 10130
f 10117 10124 10128
f 8988 8987 10131
f 7260 10127 8987
f 7260 10078 10130
f 8988 10131 7257
f 8987 10127 10131
f 7260 8987 10078
f 10129 7806 7260
f 10130 10129 7260
f 10128 7831 10078
f 10128 10078 10117
f 10126 7807 7831
f 10128 10126 7831
f 10127 7260 10078
f 10129 10078 7260
f 10131 10078 8987
f 10129 10130 10078
f 10131 10127 10078
f 10132 10133 10134
f 10134 10135 10132
f 10136 10137 10138
f 10139 10138 10133
f 10133 10132 10139
f 10138 10139 10136
f 10136 7550 7546
f 7546 10137 10136
f 10140 10141 7546
f 7546 7550 10140
f 10141 10140 7663
f 7663 7664 10141
f 10135 10134 7664
f 7664 7663 10135
f 7664 7552 10141
f 7546 10141 7552
f 10140 7547 7663
f 7547 10140 7550
f 7547 7552 7664
f 7664 7663 7547
f 7547 7550 7546
f 7546 7552 7547
f 10143 10149 10142
f 8169 10150 10151
f 9469 10151 10152
f 9598 10153 10154
f 9479 10154 10155
f 10156 10153 10144
f 10145 10144 10153
f 10153 10146 10145
f 10153 9598 10146
f 10158 10157 10148
f 10159 10148 10147
f 10148 10159 10158
f 10147 10146 10159
f 9598 10160 10161
f 10160 9598 9599
f 10161 10159 9598
f 10159 10146 9598
f 9599 10162 10160
f 9601 10163 10162
f 10162 9599 9601
f 10157 10149 10148
f 10157 10164 10142
f 10157 10142 10149
f 10163 10152 10142
f 10164 10163 10142
f 10163 9601 10152
f 10152 10156 10144
f 10144 10143 10152
f 10143 10142 10152
f 10155 8150 9479
f 10154 9479 9598
f 10152 9601 9469
f 10151 9469 8169
f 9478 8150 10155
f 9475 9478 10165
f 9469 9471 10152
f 9599 9475 10160
f 10161 10160 9475
f 9475 10159 10161
f 9475 10153 10159
f 10147 10148 10157
f 10147 10157 10158
f 10158 10159 10147
f 10153 10146 10147
f 10147 10159 10153
f 10156 10143 10144
f 10152 10149 10143
f 10143 10156 10152
f 10148 10164 10157
f 10148 10163 10164
f 10148 10149 10163
f 10152 9471 10163
f 9471 9599 10160
f 10160 10162 9471
f 10162 10163 9471
f 10149 10152 10163
f 10165 10153 9475
f 10155 10165 9478
f 10155 10171 10168
f 10155 10169 10172
f 10155 10170 10176
f 10168 10177 10155
f 10171 10155 10172
f 10155 10173 10169
f 10173 10155 10174
f 10176 10174 10155
f 10170 10155 8150
f 8150 8081 7767
f 8081 7765 7767
f 10178 10155 10177
f 10172 7241 10171
f 10172 10166 7241
f 10174 10167 10173
f 10174 10175 10167
f 7767 10170 8150
f 10175 7766 10167
f 10177 7252 10178
f 10166 10179 7241
f 10176 8150 10155
f 10155 10175 10174
f 10175 10155 10169
f 10173 10167 10175
f 10169 10173 10175
f 10155 10166 10172
f 10168 7241 10166
f 8081 10170 7767
f 10166 10155 10168
f 10155 10178 7252
f 10155 7252 10177
f 8150 10176 10170
f 10170 8081 8150
f 7768 7765 7753
f 7765 7768 7767
f 7252 7225 7240
f 10171 7241 10168
f 10182 9457 9455
f 10184 10183 9456
f 9457 10182 10184
f 9455 7226 7225
f 7225 10185 9455
f 7226 9455 10180
f 9455 10181 10180
f 9455 10167 10181
f 10180 7241 7226
f 7225 7252 10185
f 10180 10179 7241
f 9455 7768 7752
f 7752 10167 9455
f 9455 7767 7768
f 7752 7766 10167
f 9455 8081 7767
f 7252 10178 10185
f 9456 9457 10184
f 9455 10185 10182
f 10186 10185 8080
f 7753 7765 8080
f 7752 7753 8080
f 7752 8080 10167
f 8080 7241 10180
f 10180 10181 8080
f 10181 10167 8080
f 7226 7241 8080
f 8080 7225 7226
f 7225 8080 10185
f 7240 7225 10185
f 7765 8081 8080
f 7252 7240 10185
f 10184 10186 9457
f 8080 9457 10186
f 10182 10186 10184
f 10155 10154 10165
f 10186 10182 10185
f 10188 10189 10190
f 10189 10191 10190
f 10153 10165 10154
f 8081 9455 8080
f 9598 9475 9599
f 8209 9486 8208
f 9478 9479 8150
f 9471 9601 9599
f 10192 9488 9484
f 9484 10189 10188
f 9488 10193 10191
f 10191 9484 9488
f 9486 7829 7267
f 7267 7289 9486
f 7289 7279 9486
f 7280 7267 7829
f 9486 7814 7826
f 7826 7829 9486
f 7826 7814 10188
f 7814 9486 10188
f 7826 10196 10194
f 7826 10188 10197
f 10197 10196 7826
f 10196 10197 10188
f 10188 10198 10196
f 10195 7826 10194
f 10188 10187 10198
f 7289 8208 9486
f 10191 10189 9484
f 10188 9486 9484
f 9484 8209 10188
f 7280 7829 7826
f 10188 7826 10196
f 10188 7280 7826
f 10188 8209 7280
f 7279 7280 8209
f 8209 8208 7279
f 9488 10190 10191
f 9488 10192 10190
f 10192 9484 10190
f 10188 10190 9484
f 10199 7280 7829
f 10200 10201 10195
f 8169 8208 7290
f 7829 7839 10199
f 10202 10205 10203
f 8169 7290 10205
f 10194 10200 10195
f 10204 10201 10150
f 10150 10202 10204
f 10150 8169 10202
f 10202 10203 10199
f 10205 10202 8169
f 10206 10187 10150
f 10150 10201 10206
f 10201 10204 10195
f 7839 10202 10199
f 10187 10206 10198
f 7289 7290 8208
f 8169 10203 7290
f 7280 7839 7829
f 7839 10203 10150
f 7280 10203 7839
f 10204 10201 10200
f 8208 7289 7279
f 10203 8169 10150
f 10195 10204 10200
f 10202 7839 10150
f 10199 10203 7280
f 7290 10203 10205
f 7280 7279 7289
f 7289 7267 7280
f 10207 10208 10209
f 10209 10210 10207
f 10211 10212 10213
f 10214 10213 10208
f 10208 10207 10214
f 10213 10214 10211
f 10211 7533 7541
f 7541 10212 10211
f 10215 10216 7541
f 7541 7533 10215
f 10216 10215 7665
f 7665 7667 10216
f 10210 10209 7667
f 7667 7665 10210
f 7667 7543 10216
f 7541 10216 7543
f 10215 7539 7665
f 7539 10215 7533
f 7539 7543 7667
f 7667 7665 7539
f 7539 7533 7541
f 7541 7543 7539
f 10109 10100 10103
f 10217 10218 10103
f 10103 10100 10217
f 10219 10180 10181
f 10220 10219 10221
f 10222 10220 10223
f 10221 10223 10220
f 10181 10221 10219
f 10224 10218 10217
f 10226 10224 10225
f 10227 10226 10228
f 10229 10227 10230
f 10225 10228 10226
f 10217 10225 10224
f 10229 10230 10231
f 10231 10179 10229
f 10180 10179 10167
f 10167 10181 10180
f 10231 10167 10179
f 10230 10167 10231
f 10109 10092 10100
f 10110 10092 10109
f 10232 10217 10100
f 10232 10225 10217
f 10233 10221 10181
f 10234 10223 10221
f 10221 10233 10234
f 10236 10235 10222
f 10234 10236 10223
f 10110 10222 10235
f 10222 10223 10236
f 10224 10102 10103
f 10103 10218 10224
f 10237 10222 10110
f 10179 10180 10238
f 10110 10091 10237
f 10239 10220 10222
f 10220 10240 10219
f 10238 10166 10179
f 10222 10237 10239
f 10240 10238 10180
f 10226 10241 10224
f 10180 10219 10240
f 10102 10100 10092
f 10091 10092 10110
f 10092 10091 10096
f 10092 10096 10102
f 10224 10232 10100
f 10100 10102 10224
f 10241 10228 10225
f 10224 10225 10232
f 10225 10224 10241
f 10228 10241 10226
f 10229 10179 10167
f 10167 10230 10229
f 10091 10110 10235
f 10237 10235 10236
f 10239 10236 10234
f 10220 10234 10233
f 10240 10233 10181
f 10181 10238 10240
f 10233 10240 10220
f 10234 10220 10239
f 10236 10239 10237
f 10235 10237 10091
f 10238 10181 10167
f 10167 10179 10166
f 10167 10166 10238
f 10242 10243 10244
f 10244 7677 10242
f 10247 10246 10243
f 10243 10242 10247
f 10246 10247 10245
f 10248 7463 10245
f 7465 7460 7463
f 7463 10248 7465
f 7460 7465 10250
f 7460 10250 10249
f 7460 10249 7677
f 7677 10244 7460
f 10251 10244 10243
f 10251 7460 10244
f 7460 10248 7463
f 10250 10248 7677
f 7677 10252 10242
f 7677 10249 10250
f 10250 7465 10248
f 10253 10245 10247
f 10242 10252 10247
f 10245 10253 10248
f 10247 10252 10243
f 10253 10247 10243
f 10246 10245 10253
f 10243 10246 10253
f 10252 7677 10251
f 10251 10243 10252
f 7677 10248 7460
f 7460 10251 7677
f 10254 10255 7407
f 7407 10256 10254
f 10259 10258 10260
f 10254 10260 10261
f 10254 10261 10255
f 10258 10259 10257
f 10258 10257 7413
f 7413 7406 10258
f 7412 7408 10262
f 7412 10262 7406
f 7406 7413 7412
f 7408 7412 10263
f 10263 7407 7408
f 10263 7407 10264
f 7407 10263 10256
f 7406 10262 7408
f 10254 10256 10265
f 7408 10265 10263
f 10256 10263 10265
f 10259 10260 10254
f 10257 10254 10266
f 10254 10257 10259
f 10257 10266 7413
f 10260 10254 10258
f 10266 10254 10258
f 10254 10265 7407
f 7412 7408 7407
f 7406 7408 7412
f 7406 7413 10266
f 10266 10258 7406
f 10265 7408 7407
f 7049 7051 10290
f 10290 7056 7054
f 7054 7135 10290
f 7053 7056 10290
f 7051 7048 7059
f 10290 7051 7053
f 10267 7034 7032
f 10291 7135 7040
f 7032 7039 10267
f 7135 7047 7040
f 10267 10291 7043
f 10267 7043 7034
f 10291 7040 7043
f 10292 10291 10271
f 10267 10268 10272
f 10269 10272 10268
f 10271 10270 10292
f 10268 10292 10273
f 10291 10274 10271
f 10268 10273 10269
f 10291 10267 10274
f 10270 10273 10292
f 10293 10292 10277
f 10276 10268 10275
f 10276 10278 10268
f 10279 10277 10292
f 10275 10293 10280
f 10275 10280 10276
f 10281 10279 10292
f 10292 10268 10281
f 10278 10281 10268
f 10277 10280 10293
f 10294 10293 8691
f 8691 8692 10294
f 10275 10282 8686
f 10282 8683 8686
f 10282 10294 8689
f 10294 8692 8689
f 8689 8683 10282
f 10293 10275 8690
f 8690 8691 10293
f 8239 8685 8682
f 8682 10282 8239
f 10294 8684 8693
f 8239 8242 8688
f 8242 8694 8693
f 8693 8242 10294
f 8688 8685 8239
f 8693 8688 8242
f 10294 10282 8687
f 8687 8684 10294
f 8682 8687 10282
f 10283 10290 10284
f 10290 7135 7005
f 7135 10291 10285
f 10291 10292 10286
f 10292 10293 10287
f 10293 10294 10288
f 10294 8242 8244
f 8244 10288 10294
f 10288 10287 10293
f 10287 10286 10292
f 10286 10285 10291
f 10285 7005 7135
f 7005 10284 10290
f 10284 10289 10283
f 8686 8690 10275
f 10272 10274 10267
f 7059 7053 7051
f 10290 10283 7049
f 10282 10295 10296
f 10296 8239 10282
f 10295 10282 10275
f 10275 10297 10295
f 10297 10275 10268
f 10268 10298 10297
f 10298 10268 10267
f 10267 10299 10298
f 10299 10267 7039
f 7039 6605 10299
f 6605 7039 7051
f 7051 6601 6605
f 10296 8236 8239
f 7051 7049 6601
f 6507 10300 10284
f 10300 10289 10284
f 10301 6507 7005
f 7005 10285 10301
f 10302 10301 10285
f 10285 10286 10302
f 10303 10302 10286
f 10286 10287 10303
f 10304 10303 10287
f 10287 10288 10304
f 10288 8244 10305
f 10305 10304 10288
f 8244 8231 10305
f 10284 7005 6507
f 10283 10306 10284
f 10313 10284 10307
f 7135 10307 10308
f 10314 10308 10286
f 10315 10286 10287
f 10294 10288 8243
f 10309 10283 10313
f 10310 7051 7055
f 7055 7057 10310
f 10313 7135 7054
f 10313 7056 7053
f 7054 7056 10313
f 10310 7057 7058
f 7053 7051 10313
f 10311 10310 7032
f 7032 7034 10311
f 7040 7135 10314
f 7035 7032 10310
f 7035 10310 7135
f 7034 7043 10311
f 7043 7040 10314
f 10268 10311 10272
f 10314 10315 10270
f 10270 10271 10314
f 10311 10274 10272
f 10274 10311 10314
f 10271 10274 10314
f 10315 10273 10270
f 10315 10293 10277
f 10277 10279 10315
f 10315 10279 10281
f 10281 10268 10315
f 10293 10294 8692
f 8692 8691 10293
f 10312 10282 8682
f 8682 8685 10312
f 10312 8685 8688
f 8688 8242 10312
f 10273 10315 10268
f 7043 10314 10311
f 7058 7135 10310
f 10313 7051 10309
f 8243 8242 10294
f 10287 10293 10315
f 10286 10315 10314
f 10308 10314 7135
f 10307 7135 10313
f 10284 10313 10283
f 8242 8239 10312
f 8244 8243 8234
f 8243 8244 8242
f 8239 8236 10316
f 8235 8231 8234
f 10316 10312 8239
f 10316 8236 8235
f 8234 8231 8244
f 10283 10289 10306
f 7049 10309 10317
f 10309 7049 10283
f 10289 10300 10318
f 10319 6601 10317
f 10318 10306 10289
f 10318 10300 10319
f 10317 6601 7049
f 10320 10317 7051
f 10317 10309 7051
f 10321 10320 10310
f 10310 10311 10321
f 10298 10321 10311
f 10311 10268 10298
f 10282 10312 10296
f 10312 10316 10296
f 7051 10310 10320
f 10305 8243 10288
f 10302 10286 10308
f 10308 10322 10302
f 10322 10308 10307
f 10307 10323 10322
f 10323 10307 10284
f 10284 10318 10323
f 10305 8234 8243
f 10284 10306 10318
f 8236 10296 10337
f 10338 10337 9852
f 10296 9859 9860
f 10295 9849 9859
f 10337 10324 9852
f 10296 9860 9851
f 9859 10296 10295
f 9849 10295 10338
f 10338 9855 9849
f 9852 9855 10338
f 10337 9851 9852
f 10338 9853 9856
f 10295 9854 9850
f 9856 10339 10338
f 10297 9857 9858
f 9858 10295 10297
f 9857 10297 10339
f 10339 9856 9857
f 9850 9853 10338
f 9858 9854 10295
f 10298 10325 10326
f 10326 10297 10298
f 10340 10327 10328
f 10327 10340 10339
f 10298 10329 10325
f 10340 10328 10329
f 10329 10298 10340
f 10326 10330 10297
f 10339 10330 10327
f 10298 10332 10331
f 10340 10334 10333
f 10332 10298 10299
f 10333 10341 10340
f 10299 10335 10332
f 10335 10299 10341
f 10333 10335 10341
f 10331 10336 10298
f 10340 10336 10334
f 10299 6605 6623
f 6623 6622 10299
f 6610 6635 10341
f 6610 6612 6635
f 6622 6613 10299
f 6613 6610 10341
f 6601 6600 6607
f 6607 6605 6601
f 10319 6635 6598
f 10319 6599 6597
f 6601 6597 6608
f 6598 6599 10319
f 6608 6600 6601
f 6597 6601 10319
f 8235 10337 10305
f 10337 10338 10304
f 10338 10339 10303
f 10339 10340 10302
f 10340 10341 10301
f 10341 6635 6507
f 6635 10319 10300
f 10300 6507 6635
f 6507 10301 10341
f 10301 10302 10340
f 10302 10303 10339
f 10303 10304 10338
f 10304 10305 10337
f 10305 8231 8235
f 6613 10341 10299
f 10336 10340 10298
f 10330 10339 10297
f 9850 10338 10295
f 9851 10337 10296
f 10337 8235 8236
f 8235 8234 10305
f 10342 10305 10304
f 10343 10302 10322
f 10344 10322 10323
f 6635 10323 10318
f 10316 8235 10342
f 10342 10338 9855
f 10296 10342 9851
f 10342 10324 9852
f 9855 9852 10342
f 9852 9851 10342
f 10339 9856 9853
f 9853 10338 10339
f 10343 10328 10327
f 10327 10339 10343
f 10329 10328 10343
f 10343 10298 10329
f 10344 10333 10334
f 10334 10343 10344
f 10332 10321 10298
f 10298 10343 10336
f 10344 10335 10333
f 10344 10321 10335
f 10334 10336 10343
f 10321 6622 6623
f 10344 6635 6610
f 6623 10320 10321
f 10321 10344 6613
f 10320 6623 6617
f 10321 6613 6622
f 10344 6610 6613
f 6635 10320 6617
f 10317 10320 6607
f 6607 6600 10317
f 6606 6607 10320
f 10320 6635 6609
f 10317 6600 6608
f 6609 6606 10320
f 10319 10317 6597
f 6608 6597 10317
f 10332 10335 10321
f 10342 10296 10316
f 10318 10319 6635
f 10323 6635 10344
f 10322 10344 10343
f 10302 10343 10339
f 10304 10338 10342
f 10305 10342 8235
f 10346 10345 10347
f 10348 10346 10349
f 10350 10348 8659
f 10351 10350 8659
f 10352 10351 10349
f 10353 10352 8655
f 10345 10353 8666
f 10347 8661 10345
f 8666 10347 10345
f 8655 8666 10353
f 10349 8655 10352
f 8657 10349 10351
f 8659 10349 10351
f 10349 8659 10348
f 10347 10349 10346
f 10351 10352 10354
f 10354 10355 10351
f 10354 10357 10355
f 10351 10355 10358
f 10356 10354 10352
f 10345 10346 10359
f 10345 10362 10363
f 10363 10353 10345
f 10346 10348 10359
f 10345 10360 10362
f 10353 10365 10366
f 10353 10363 10365
f 10363 10362 10365
f 8657 9942 8656
f 9942 10367 8656
f 10349 8657 8656
f 8655 10349 8656
f 10349 8658 8657
f 10347 8666 8663
f 8661 10347 8663
f 10347 8661 8662
f 10349 10347 8662
f 8657 9933 9942
f 8662 8659 10349
f 10368 8655 9936
f 9935 8663 8655
f 10368 9935 8655
f 8658 10349 8659
f 10352 10354 8656
f 10357 10354 8656
f 8656 10367 10357
f 10358 10355 9933
f 10351 10358 8657
f 10350 10351 8657
f 10361 10350 8658
f 8657 8658 10350
f 9933 8657 10358
f 10363 10362 8663
f 10360 9934 8663
f 8663 10362 10360
f 10360 8661 9934
f 10359 10364 8662
f 10345 10359 8662
f 10360 10345 8661
f 8662 8661 10345
f 10348 8659 8662
f 8662 10359 10348
f 10350 8658 8659
f 10355 9942 9933
f 10357 10367 9942
f 9942 10355 10357
f 8656 10354 10356
f 10356 9936 8656
f 10356 10368 9936
f 10353 10366 10368
f 10356 10352 8655
f 8655 10368 10356
f 10368 8655 10353
f 10365 9935 10368
f 10368 10366 10365
f 10362 8663 9935
f 9935 10365 10362
f 10369 10370 10371
f 10371 10372 10369
f 10373 10374 10375
f 10373 10375 10376
f 10369 10376 10370
f 10376 10369 10373
f 10374 10373 10377
f 10377 7505 10374
f 7510 10378 7509
f 7510 7509 7507
f 7510 7507 7505
f 7505 7502 7510
f 10378 7510 10372
f 10372 10379 10378
f 10372 10371 10380
f 10372 10380 10379
f 10378 10379 10371
f 10371 7507 10378
f 10379 10380 10371
f 10376 10375 10374
f 10374 10370 10376
f 10374 7505 7507
f 7507 7509 10378
f 7502 7507 7510
f 7507 7502 7505
f 7505 10377 10381
f 10381 7507 7505
f 10381 10377 10373
f 10373 10369 10370
f 10370 10374 10373
f 7510 7507 10371
f 10371 10372 7510
f 7507 10381 10373
f 10373 10374 7507
f 10383 10382 8675
f 10384 10383 8675
f 10385 10384 8672
f 10382 10385 8681
f 8680 8675 10382
f 8681 8680 10382
f 8672 8681 10385
f 8675 8672 10384
f 10387 10384 10385
f 10384 10390 10391
f 10387 10386 10384
f 10389 10388 10384
f 10384 10388 10390
f 10387 10392 10395
f 10392 10387 10385
f 10382 10397 10398
f 10385 10400 10399
f 10391 10383 10384
f 10391 10396 10383
f 10396 10394 10382
f 10382 10394 10398
f 10396 10382 10383
f 10385 10382 10398
f 10385 10398 10400
f 10399 10392 10385
f 8672 9946 8673
f 8672 8675 10402
f 8671 10404 8672
f 8681 10404 9943
f 8675 10405 10401
f 8675 9947 10402
f 8675 10402 8674
f 10402 9946 8672
f 8675 10401 9947
f 9945 8677 8681
f 8678 9945 8681
f 8677 10405 8675
f 8681 8672 10404
f 8677 8680 8681
f 10386 10387 8671
f 10386 10393 10403
f 10384 10386 9944
f 10389 10384 9946
f 10388 10389 9946
f 8673 9946 10384
f 9944 8673 10384
f 10403 9944 10386
f 10397 10398 8677
f 10394 10405 8677
f 8677 10398 10394
f 10394 10401 10405
f 10394 10396 10401
f 10396 9947 10401
f 10391 10402 9947
f 9947 10396 10391
f 10391 10390 10402
f 10383 10391 10402
f 8674 10402 10383
f 10388 9946 10402
f 10402 10390 10388
f 10386 8671 9944
f 10387 10404 8671
f 10395 9943 10404
f 10404 10387 10395
f 10399 10400 8678
f 10392 10399 8678
f 10395 10392 9943
f 8678 9943 10392
f 10400 9945 8678
f 10398 8677 9945
f 9945 10400 10398
f 10406 10407 10408
f 10408 10409 10406
f 10413 10411 10414
f 10413 10414 10407
f 10407 10406 10415
f 10407 10415 10413
f 10411 10413 10412
f 10411 10412 10410
f 10411 10410 7422
f 7422 7418 10411
f 7423 7420 7418
f 7418 7422 7423
f 7420 7423 10416
f 7420 10416 10409
f 10409 10417 7420
f 10409 10408 10417
f 7420 10417 10418
f 10417 10408 10418
f 10418 10408 10407
f 10414 10411 10412
f 7418 10412 10411
f 10412 10407 10414
f 10409 10412 10406
f 10412 10415 10406
f 10412 10413 10415
f 10410 10412 7422
f 10412 10409 10418
f 10418 10407 10412
f 10418 10409 7420
f 7423 7422 7420
f 7418 7420 7422
f 7418 7422 10412
f 10126 10125 10124
f 10419 10126 10124
f 10124 10420 10419
f 10421 10422 10419
f 10419 10420 10421
f 10423 10424 10197
f 10425 10423 10426
f 10427 10425 10428
f 10125 10427 10429
f 10429 10124 10125
f 10428 10429 10427
f 10426 10428 10425
f 10197 10426 10423
f 10430 10422 10421
f 10431 10430 10421
f 10433 10431 10434
f 10433 10436 10435
f 10432 10434 10431
f 10421 10432 10431
f 10435 10436 10196
f 10196 10437 10435
f 10424 10194 10196
f 10196 10197 10424
f 10436 10438 10196
f 10198 10197 10196
f 10420 10128 10421
f 10440 10426 10197
f 10441 10428 10426
f 10197 10198 10440
f 10426 10440 10441
f 10443 10442 10429
f 10444 10433 10434
f 10441 10443 10428
f 10124 10429 10442
f 10429 10428 10443
f 10436 10433 10439
f 10433 10444 10439
f 10420 10124 10128
f 10445 10126 10419
f 10446 10445 10422
f 10419 10422 10445
f 10447 10427 10125
f 10125 10126 10447
f 10448 10425 10427
f 10449 10450 10423
f 10437 10200 10435
f 10435 10439 10433
f 10427 10447 10448
f 10425 10448 10449
f 10450 10194 10424
f 10200 10437 10196
f 10423 10425 10449
f 10431 10446 10430
f 10424 10423 10450
f 10200 10196 10194
f 10422 10430 10446
f 10431 10433 10439
f 10126 10128 10124
f 10445 10421 10128
f 10128 10126 10445
f 10435 10436 10439
f 10439 10444 10434
f 10446 10432 10421
f 10421 10445 10446
f 10432 10446 10431
f 10434 10431 10439
f 10435 10200 10438
f 10438 10436 10435
f 10126 10124 10442
f 10447 10442 10443
f 10448 10443 10441
f 10449 10441 10440
f 10450 10440 10198
f 10198 10194 10450
f 10440 10450 10449
f 10441 10449 10448
f 10443 10448 10447
f 10442 10447 10126
f 10194 10198 10196
f 10194 10196 10438
f 10438 10200 10194
f 10451 10452 10453
f 10453 10454 10451
f 10455 10456 10457
f 10458 10457 10452
f 10452 10451 10458
f 10457 10458 10455
f 10456 10455 7362
f 7362 7365 10456
f 7662 7305 10459
f 10460 10459 7365
f 7365 7362 10460
f 10459 10460 7662
f 10454 10453 7305
f 7305 7662 10454
f 7365 10459 7364
f 10456 7365 7364
f 7364 10459 7305
f 7662 10460 7363
f 7363 10460 7362
f 7363 7362 10455
f 7305 7662 7363
f 7364 7363 10455
f 10455 10456 7364
f 10461 10462 10463
f 10463 10464 10461
f 10467 10466 10462
f 10462 10461 10468
f 10462 10468 10467
f 10466 10467 10465
f 10466 10465 7398
f 7398 10469 10466
f 7385 7379 7397
f 7397 7398 7381
f 7397 7381 7385
f 7379 7385 10470
f 7379 10470 10471
f 10471 10463 7379
f 10463 10471 10472
f 10463 10472 10464
f 10464 10463 10462
f 7379 7398 7397
f 10464 10472 10471
f 7384 10471 10470
f 7384 10464 10471
f 7381 7398 7384
f 10470 7385 7384
f 7384 7385 7381
f 10465 10467 10468
f 10468 10461 10465
f 10465 10461 10462
f 10462 10466 10465
f 10464 10462 10461
f 7398 7379 7384
f 10469 7398 10465
f 10465 10466 10469
f 7379 10463 10464
f 10464 7384 7379
f 10473 10474 10475
f 10475 10476 10473
f 10479 10478 10480
f 10473 10480 10481
f 10473 10481 10474
f 10480 10473 10479
f 10478 10479 10477
f 10478 10477 7480
f 7480 7478 10478
f 7483 10482 7674
f 7480 7475 7478
f 7475 7480 7674
f 10482 7483 10483
f 10483 10475 10482
f 10475 10483 10476
f 10475 7674 10482
f 10474 10478 10475
f 7478 7475 7479
f 10474 10481 10478
f 10481 10480 10478
f 7479 7475 7674
f 10478 7478 7479
f 10473 10476 10484
f 10484 10476 10483
f 10484 10483 7483
f 10477 10479 10473
f 10477 10473 7480
f 10479 10473 10478
f 10473 10484 10475
f 10475 10478 10473
f 7483 7674 10475
f 10475 10484 7483
f 7674 7480 7479
f 7479 7480 10473
f 10473 10478 7479
f 7200 10487 7196
f 7195 10488 7200
f 10490 7200 10488
f 7200 10489 10487
f 7336 10485 7337
f 7194 7196 10487
f 7336 7194 10485
f 7194 10486 10485
f 10488 7195 7198
f 10487 10486 7194
f 10491 7527 10685
f 10491 10492 7527
f 10685 10493 10491
f 10685 10494 10493
f 10492 7730 7527
f 10496 10495 10686
f 10687 10497 10496
f 10687 7730 10497
f 10685 10686 10494
f 10496 10686 10687
f 10687 7527 7730
f 10495 10494 10686
f 10688 7312 7311
f 10689 7310 7309
f 10690 7307 7306
f 10691 7306 10692
f 10693 7304 7303
f 10694 10688 10695
f 10696 10689 10697
f 10698 10699 10673
f 10700 10673 10701
f 10702 10690 10691
f 10703 10691 10704
f 10705 10693 10706
f 10707 10708 10709
f 7334 10498 10710
f 10711 10712 7377
f 10710 7386 7396
f 10713 7386 7395
f 7389 10713 10711
f 10711 7377 7388
f 10712 10710 7382
f 10710 7395 7386
f 7383 7377 10712
f 7389 7386 10713
f 7382 7383 10712
f 7396 7382 10710
f 7388 7389 10711
f 7184 10499 7327
f 10499 10500 7511
f 7184 7180 10499
f 10499 7180 10500
f 7327 10714 7182
f 7179 7182 10714
f 10715 7183 7179
f 7179 10714 10715
f 10715 7511 7183
f 7335 7334 10712
f 10717 7336 7337
f 7194 10717 10716
f 10712 7198 7200
f 10711 7195 7198
f 10717 7194 7336
f 7337 10711 10717
f 7196 7194 10716
f 10716 7200 7196
f 7337 7195 10711
f 7200 10716 10712
f 7326 10718 7328
f 10718 7330 7328
f 10714 7329 7330
f 7330 10718 10714
f 10709 10708 10501
f 10708 10719 10501
f 7524 10502 10709
f 10720 10709 7516
f 7516 10503 10720
f 7507 7501 10499
f 7501 7510 7512
f 7503 7508 10504
f 7503 10505 10506
f 10499 7509 7507
f 10499 10715 7504
f 10506 7508 7503
f 7512 10504 7501
f 7507 7510 7501
f 7504 7509 10499
f 7502 7505 10507
f 10507 7503 7502
f 7503 10507 10505
f 7505 10715 10507
f 7505 7504 10715
f 7496 10718 7671
f 10718 10508 7671
f 10718 7498 10509
f 10509 10508 10718
f 10718 7500 7498
f 10718 7326 7500
f 10721 10510 7402
f 10717 10511 7400
f 10717 10513 10511
f 10512 10717 7402
f 10512 10513 10717
f 7400 7399 10716
f 10710 10498 7378
f 7378 7392 10710
f 10514 7393 7390
f 7387 10514 10713
f 10713 7381 7398
f 7391 10515 7390
f 7398 7387 10713
f 10713 10710 7381
f 10515 7375 7390
f 7387 7393 10514
f 7379 7384 7392
f 7392 7390 7380
f 10710 7392 7384
f 7392 7380 7379
f 7385 7381 10710
f 7384 7385 10710
f 10722 10516 7371
f 10517 10516 10722
f 10723 10518 7374
f 10723 7371 10518
f 7312 10519 10520
f 7312 10521 10522
f 7311 10522 7737
f 7661 7737 10523
f 7309 7310 10524
f 7310 10523 10524
f 10525 7785 10526
f 10526 10527 10525
f 10525 10528 7785
f 10529 10724 10530
f 10531 10724 10529
f 7785 10528 10135
f 10526 10529 10527
f 10135 7786 7785
f 10135 7309 7786
f 7309 10532 10533
f 10529 10534 10531
f 10530 10527 10529
f 7309 10535 7786
f 10537 10536 10724
f 7366 10134 10537
f 7366 7309 10135
f 10533 10535 7309
f 10532 10531 10534
f 10537 10724 7366
f 10538 10533 10532
f 10724 10536 10530
f 10534 10538 10532
f 10135 10134 7366
f 10724 10531 10539
f 10685 10540 10541
f 7307 10687 10210
f 7307 10209 10542
f 7307 10210 10209
f 10542 10543 7307
f 10544 10210 10687
f 10686 10547 10548
f 10547 10686 10546
f 10546 10543 10547
f 10545 10687 10686
f 10549 10547 10543
f 10543 10542 10549
f 10545 10544 10687
f 10548 10545 10686
f 7307 10550 10551
f 10551 7306 7307
f 7307 10543 10550
f 7306 10552 10553
f 10692 10553 10554
f 7304 10554 10555
f 7303 10555 10556
f 10719 10556 10557
f 7586 7561 10714
f 7561 10558 10715
f 10559 10560 7514
f 7514 10561 10559
f 10720 10560 10562
f 7514 10507 10561
f 10507 10563 10564
f 10559 10562 10560
f 10564 10565 10507
f 10715 10558 10566
f 10565 10561 10507
f 10566 10507 10715
f 10566 10563 10507
f 10707 10720 10567
f 10567 10568 10707
f 10720 10569 10570
f 10570 10567 10720
f 10571 10725 10707
f 10572 10705 10725
f 10573 10726 10705
f 10574 10703 10726
f 10575 10702 10703
f 10576 10727 10702
f 10577 10728 10727
f 10578 10700 10728
f 10579 10698 10700
f 10580 10729 10698
f 10581 10696 10729
f 10582 10730 10696
f 10583 10731 10730
f 10584 10694 10731
f 10694 10584 10585
f 10722 10586 10587
f 10585 10722 10694
f 10585 10586 10722
f 10517 10588 10589
f 10722 10590 10591
f 10517 10592 10588
f 10591 10517 10722
f 10591 10592 10517
f 10593 7372 10517
f 10514 7372 10593
f 10713 10514 10594
f 10593 10595 10514
f 10514 10596 10594
f 10595 10596 10514
f 10711 10713 10597
f 10717 10711 7602
f 10717 10598 10599
f 10717 7603 10598
f 10599 7402 10717
f 10599 10601 7402
f 10601 10600 7402
f 7358 10602 7353
f 10721 10603 10604
f 10605 10721 7356
f 10721 10600 7352
f 10606 10608 7351
f 10609 7356 7360
f 10607 7351 7350
f 10605 10603 10721
f 7352 7355 10721
f 10609 10605 7356
f 10604 7620 10721
f 7361 10610 7359
f 7355 7356 10721
f 7350 7354 10600
f 7358 7359 10610
f 7354 7352 10600
f 7620 7405 10510
f 10612 7407 7408
f 7620 10611 7413
f 7412 7413 10611
f 7412 7649 10612
f 7413 7414 7620
f 10611 7649 7412
f 7414 7415 7620
f 7408 7412 10612
f 10614 10613 7424
f 7423 7650 7421
f 7423 7424 10613
f 7421 7422 7423
f 7418 7649 10614
f 10613 7650 7423
f 10615 10616 10617
f 10617 7650 10615
f 10619 10618 7430
f 10618 7429 7430
f 7431 10616 10619
f 10619 7432 7431
f 10619 7430 7432
f 10618 7651 7429
f 10616 7427 7426
f 7426 7428 10616
f 7431 7427 10616
f 10620 7435 7163
f 7168 7651 10621
f 10621 10620 7438
f 10620 7437 7438
f 7163 7437 10620
f 10621 7436 7168
f 10620 10622 10623
f 7440 10623 10622
f 10624 10625 7440
f 10626 10627 10628
f 10628 10627 10625
f 10625 10624 10629
f 10625 10629 10628
f 7447 10631 7455
f 10630 7444 7451
f 7447 7455 7679
f 7445 10630 7446
f 10630 10626 7444
f 10626 10628 7444
f 7450 10628 10632
f 7447 7449 10634
f 10635 10631 7447
f 10636 7445 7446
f 7451 7446 10630
f 10637 10633 7450
f 10633 10634 7449
f 10634 10638 7447
f 7447 7679 10636
f 7446 7454 10636
f 7450 10639 10628
f 7449 7450 10633
f 10637 7452 7450
f 7450 10632 10637
f 10638 10635 7447
f 10639 7444 10628
f 7454 7447 10636
f 10640 10732 10641
f 7456 10635 10640
f 10641 7456 10640
f 10642 10643 7458
f 7458 10644 10642
f 10643 7467 7463
f 7458 10643 7463
f 10645 7465 7462
f 7676 7465 10645
f 7676 7641 7461
f 10643 7462 7467
f 10643 10645 7462
f 10645 7641 7676
f 7621 7482 7481
f 10646 7632 7478
f 7632 10648 7475
f 10648 10647 7477
f 10647 7621 7480
f 7479 7482 10646
f 10648 7477 7475
f 7478 7479 10646
f 10647 7480 7477
f 7481 7480 7621
f 7475 7478 7632
f 7486 7621 10649
f 10650 10651 7486
f 7487 10651 7488
f 10651 10650 7484
f 7485 7488 10651
f 7484 7485 10651
f 10650 7605 7489
f 7489 7484 10650
f 7488 7490 7487
f 7496 10652 7605
f 10652 7495 7605
f 7496 7605 10653
f 10653 10654 7496
f 10718 7496 10656
f 7345 7496 10657
f 10656 10658 10718
f 10661 7496 10662
f 10654 10657 7496
f 7496 10661 10656
f 10662 10655 10661
f 7496 7345 7340
f 10657 7344 7345
f 7342 10664 7338
f 10664 7339 7338
f 7339 10659 7347
f 7346 10660 10655
f 7340 10662 7496
f 10665 7343 7344
f 7344 10657 10665
f 7348 7342 7341
f 10658 7586 10718
f 10539 10666 10667
f 10666 10668 10667
f 10724 10539 10667
f 7366 10724 10669
f 10670 7544 7366
f 7544 10673 10699
f 10699 7366 7544
f 7366 10671 10670
f 7527 7542 10672
f 7527 7530 7542
f 7542 10701 10673
f 7530 7527 10701
f 7542 7530 10701
f 10674 10675 10685
f 10676 10677 10685
f 10676 10668 10666
f 10540 10677 10676
f 10677 10540 10685
f 10685 10675 10676
f 10666 10540 10676
f 7149 7632 10678
f 7473 7472 10680
f 7149 7473 10679
f 10680 10679 7473
f 7151 7149 10678
f 10679 7632 7149
f 7152 7151 10681
f 7151 10678 10681
f 7469 10682 7468
f 10682 7471 7468
f 10681 7469 7152
f 10682 7150 7471
f 10680 7472 7150
f 7469 7641 10682
f 7150 10682 10680
f 10727 7538 7532
f 7538 10727 10728
f 10728 7529 7538
f 10728 10701 7529
f 10701 7527 7529
f 7527 10687 7536
f 7540 7536 10687
f 10687 7532 7540
f 7527 7531 7529
f 7532 10687 10733
f 7536 7531 7527
f 10707 10725 7523
f 10725 10706 7518
f 7523 7520 10707
f 7518 7523 10725
f 10719 10708 7520
f 7522 7303 10719
f 10719 7525 7522
f 7520 7525 10719
f 7518 10706 7303
f 10705 10726 7365
f 10726 10704 7362
f 10726 7362 7365
f 10692 7304 7364
f 7365 7304 10693
f 10704 10692 7362
f 7364 7363 10692
f 7363 7362 10692
f 10727 7535 7533
f 7533 10702 10727
f 7533 7541 10702
f 10727 10733 7535
f 7307 10690 7541
f 10687 7307 7539
f 10687 7534 7535
f 7539 7534 10687
f 7535 10733 10687
f 7550 10729 7317
f 7550 7546 10698
f 10729 7315 7317
f 7316 7548 7550
f 7550 7317 7316
f 10729 10697 7315
f 7550 10698 10729
f 7366 10699 7546
f 10697 7309 7315
f 7366 7552 7547
f 7546 7552 7366
f 7319 7309 7547
f 7316 7318 7548
f 7319 7547 7549
f 7318 7319 7548
f 7549 7548 7319
f 7309 7366 7547
f 10731 10695 7320
f 7320 10730 10731
f 7321 10696 10730
f 10730 7320 7321
f 7323 7661 7310
f 7321 7310 10689
f 7320 10695 7311
f 10694 10722 7209
f 10722 10723 7324
f 10694 7209 7210
f 7324 7209 10722
f 7324 10723 7369
f 10723 7374 7369
f 7324 7369 10519
f 10519 7325 7324
f 10519 7216 7325
f 7216 10519 7312
f 7210 7312 10688
f 7210 10688 10694
f 7321 10689 10696
f 7546 10699 10698
f 7541 10690 10702
f 7365 10693 10705
f 7520 10708 10707
f 7532 10733 10727
f 10685 7527 10674
f 10672 10674 7527
f 10669 10671 7366
f 10667 10669 10724
f 10649 10650 7486
f 10649 7621 10647
f 10648 7632 10679
f 10682 7641 10645
f 10644 10732 10642
f 10642 10732 10640
f 7456 10631 10635
f 10622 10624 7440
f 10623 7435 10620
f 7438 7436 10621
f 10621 7651 10618
f 10615 10619 10616
f 10615 7650 10613
f 7424 7418 10614
f 10614 7649 10611
f 10510 10721 7620
f 7361 7351 10608
f 10600 10721 7402
f 7602 7603 10717
f 10597 7602 10711
f 10594 10597 10713
f 10589 10593 10517
f 10587 10590 10722
f 10731 10583 10584
f 10730 10582 10583
f 10696 10581 10582
f 10729 10580 10581
f 10698 10579 10580
f 10700 10578 10579
f 10728 10577 10578
f 10727 10576 10577
f 10702 10575 10576
f 10703 10574 10575
f 10726 10573 10574
f 10705 10572 10573
f 10725 10571 10572
f 10707 10683 10571
f 10568 10683 10707
f 10562 10569 10720
f 10715 10714 7561
f 10714 10718 7586
f 10557 10501 10719
f 10556 10719 7303
f 10555 7303 7304
f 10554 7304 10692
f 10553 10692 7306
f 10551 10552 7306
f 10546 10686 10541
f 10541 10686 10685
f 10524 10532 7309
f 10523 7310 7661
f 7737 7661 7311
f 10522 7311 7312
f 10520 10521 7312
f 7371 10723 10722
f 7375 10514 7390
f 7378 10684 7392
f 7399 7335 10716
f 7400 10716 10717
f 10612 7649 7417
f 7421 7650 10617
f 10641 10732 10644
f 10678 7632 10646
f 10504 7512 7503
f 10503 10560 10720
f 10502 7516 10709
f 10501 7524 10709
f 7329 10714 7327
f 7198 10712 10711
f 10712 10716 7335
f 7511 10715 10499
f 7395 10710 10713
f 10710 10712 7334
f 10709 10720 10707
f 10706 10725 10705
f 10704 10726 10703
f 10691 10703 10702
f 10701 10728 10700
f 10673 10700 10698
f 10697 10729 10696
f 10695 10731 10694
f 7303 10706 10693
f 10692 10704 10691
f 7306 10691 10690
f 7309 10697 10689
f 7311 10695 10688
f 10606 7351 7361
f 7353 10602 7357
f 7358 10734 10602
f 7360 10735 10609
f 10606 7351 10607
f 10735 7360 7357
f 7361 10608 10606
f 10736 10737 10675
f 10675 10674 10736
f 10737 10676 10675
f 10674 10672 10736
f 10738 10671 10669
f 10738 10670 10671
f 10669 10739 10738
f 10669 10667 10739
f 10737 10739 10668
f 10739 10667 10668
f 10668 10676 10737
f 10736 7542 10673
f 10673 10738 10736
f 10673 7544 10738
f 10740 10737 10676
f 10677 10737 10741
f 10737 10742 10741
f 10737 10677 10676
f 10744 10743 10676
f 10677 10741 10745
f 10745 10744 10677
f 10743 10746 10740
f 10740 10676 10743
f 10740 10746 10737
f 10745 10741 10742
f 10676 10677 10744
f 10745 10737 10744
f 10743 10744 10737
f 10742 10737 10745
f 10743 10737 10746
f 10747 10739 10667
f 10748 10739 10749
f 10667 10750 10751
f 10751 10748 10667
f 10667 10748 10749
f 10749 10747 10667
f 10747 10749 10739
f 10751 10750 10739
f 10667 10739 10750
f 10743 10748 10739
f 10739 10737 10743
f 10751 10739 10748
f 10752 10738 7544
f 10752 10753 10738
f 10754 10738 10755
f 10738 10753 10755
f 10754 7544 10752
f 10752 10755 10754
f 10752 10755 10753
f 10755 10752 10738
f 10738 7544 10670
f 10756 10736 7530
f 7542 7530 10736
f 10672 7542 10736
f 10756 10757 10736
f 10758 10736 10759
f 10736 10757 10759
f 10736 10758 10760
f 10760 10758 7530
f 7542 10761 10762
f 10762 10760 7542
f 10758 10759 10756
f 10756 7530 10758
f 10756 10759 10757
f 10762 10761 10763
f 7530 7542 10760
f 7542 10736 10761
f 10736 10763 10761
f 10754 10760 10736
f 10736 10738 10754
f 10762 10736 10760
f 10763 10736 10762
f 10520 10524 10522
f 10522 10521 10520
f 10524 7737 10522
f 10524 10523 7737
f 7391 10764 7392
f 10515 7391 7376
f 10765 7375 10515
f 10518 10766 7371
f 7373 7374 10518
f 7370 10767 7374
f 7369 10767 10520
f 10684 10764 7391
f 10516 7371 10518
f 7392 10684 7391
f 7375 7372 10514
f 10517 7372 10516
f 10519 7369 10520
f 7371 10516 7372
f 10764 10684 7378
f 10767 7369 7374
f 10766 7371 7372
f 10768 10524 10520
f 10520 10769 10768
f 10769 10520 10767
f 10767 10770 10769
f 10770 7370 7374
f 7374 10771 10770
f 10772 10771 10518
f 10771 7373 10518
f 10773 10772 10766
f 10772 7371 10766
f 10773 7372 7375
f 7375 10774 10773
f 10774 10765 10515
f 10515 10775 10774
f 10776 10775 7391
f 10775 7376 7391
f 10777 10776 10764
f 10776 7392 10764
f 10764 7378 10777
f 7391 7392 10776
f 10515 7376 10775
f 7375 10765 10774
f 10766 7372 10773
f 10518 7371 10772
f 7374 7373 10771
f 10767 7370 10770
f 7378 10498 7334
f 7334 7399 7378
f 7334 7335 7399
f 10778 10777 7378
f 7378 7399 10778
f 7402 10510 10779
f 7401 10512 7402
f 10512 10780 10781
f 10511 10781 10782
f 7400 10783 10511
f 10513 10781 10511
f 7400 10783 7399
f 10781 10513 10512
f 7401 10780 10512
f 10778 7399 10783
f 10783 10784 10778
f 10785 10784 10511
f 10784 7400 10511
f 10785 10781 10780
f 10780 10786 10785
f 10785 10782 10781
f 10786 7401 7402
f 7402 10787 10786
f 10788 10787 10510
f 10787 10779 10510
f 10510 7405 10788
f 7402 10779 10787
f 10780 7401 10786
f 10511 10782 10785
f 10783 7400 10784
f 7440 7435 10623
f 7440 7434 7435
f 7440 7405 10616
f 10616 7428 7440
f 7428 7434 7440
f 7405 7421 10617
f 10617 10616 7405
f 7405 7407 10612
f 10612 7417 7405
f 7417 7421 7405
f 7405 7440 10789
f 7440 10790 10789
f 7440 10791 10790
f 10789 10788 7405
f 7456 7455 10631
f 10625 10627 7440
f 10791 7440 10627
f 10627 10792 10791
f 10793 10792 10626
f 10792 10627 10626
f 10794 10793 10630
f 10794 7445 10636
f 10636 10795 10794
f 10796 10795 7679
f 10795 10636 7679
f 10797 10796 7455
f 7455 7456 10797
f 7679 7455 10796
f 10630 7445 10794
f 10626 10630 10793
f 7495 10651 7487
f 7495 7486 10651
f 7495 10646 7482
f 7495 10678 10646
f 7495 7456 10681
f 7456 7469 10681
f 10681 10678 7495
f 7482 7486 7495
f 7456 10644 7458
f 7458 7461 7456
f 7461 7469 7456
f 7456 10641 10644
f 7456 10798 10799
f 7495 10800 10798
f 10798 7456 7495
f 10799 10797 7456
f 10801 10508 10509
f 7499 7671 10508
f 10800 7495 10652
f 10652 10802 10800
f 10803 10802 7496
f 10802 10652 7496
f 10803 7499 10508
f 10508 10804 10803
f 10804 10801 10509
f 10509 10805 10804
f 10806 10805 7498
f 7498 7500 10806
f 10509 7498 10805
f 10508 10801 10804
f 7496 7499 10803
f 7500 7327 10499
f 10499 7501 7500
f 7500 7326 7327
f 10807 10806 7500
f 7500 7501 10807
f 7524 10808 7521
f 7517 10502 7524
f 7516 10809 10502
f 7515 7508 10810
f 7506 10504 7508
f 10811 10809 7514
f 10501 10808 7524
f 10505 7513 10810
f 10503 10811 7514
f 10502 10503 7516
f 10503 7514 10560
f 10507 7514 10505
f 10506 10810 7508
f 10810 10506 10505
f 10811 10503 10502
f 7513 10505 7514
f 10808 10501 10557
f 10809 10811 10502
f 10807 7501 10504
f 10504 10812 10807
f 10812 7506 7508
f 7508 10813 10812
f 10814 10813 10810
f 10813 7515 10810
f 10815 10814 7513
f 10815 7514 10809
f 10809 10816 10815
f 10816 7516 10502
f 10502 10817 10816
f 10818 10817 7524
f 10817 7517 7524
f 10819 10818 10808
f 10818 7521 10808
f 10808 10557 10819
f 7524 7521 10818
f 10502 7517 10817
f 10809 7516 10816
f 7513 7514 10815
f 10810 7513 10814
f 7508 7515 10813
f 10504 7506 10812
f 10557 10555 10554
f 10554 10551 10557
f 10554 10553 10551
f 10553 10552 10551
f 10557 10556 10555
f 10819 10557 10551
f 10551 10820 10819
f 10551 10550 10821
f 10821 10820 10551
f 10524 10539 10532
f 10531 10532 10539
f 10540 10550 10546
f 10546 10541 10540
f 10543 10546 10550
f 10539 10540 10666
f 10822 10601 10599
f 10601 10822 10600
f 7350 10600 10823
f 10600 10822 10823
f 10822 10599 10823
f 10825 10609 10735
f 10826 10735 7357
f 10827 7357 10602
f 10827 10602 10734
f 10828 10734 7358
f 10830 7358 10610
f 10830 10610 7361
f 10832 7361 7351
f 10834 7351 10607
f 10835 10607 7350
f 7350 10823 10835
f 10607 10835 10834
f 7351 10834 10833
f 7351 10833 10832
f 7361 10832 10831
f 7361 10831 10830
f 7358 10830 10829
f 7358 10829 10828
f 10734 10828 10827
f 7357 10827 10826
f 10735 10826 10825
f 10609 10825 10824
f 10603 10605 10836
f 10605 10609 10824
f 10824 10836 10605
f 10836 10837 10603
f 10604 10603 10837
f 10837 10838 10604
f 10604 10629 10615
f 10615 10613 10604
f 10613 10614 10604
f 10614 10611 10604
f 10611 7620 10604
f 10629 10618 10619
f 10629 10620 10621
f 10621 10618 10629
f 10629 10622 10620
f 10624 10622 10629
f 10619 10615 10629
f 10629 10604 10838
f 10838 10839 10629
f 10638 10634 10840
f 10634 10633 10841
f 10633 10637 10842
f 10637 10632 10843
f 10632 10628 10844
f 10628 10629 10839
f 10839 10844 10628
f 10844 10843 10632
f 10843 10842 10637
f 10842 10841 10633
f 10841 10840 10634
f 10840 10845 10638
f 10638 10642 10640
f 10638 10643 10642
f 10638 10682 10645
f 10645 10643 10638
f 10638 10653 10680
f 10653 10679 10680
f 10680 10682 10638
f 10653 10647 10648
f 10653 10649 10647
f 10653 10650 10649
f 10648 10679 10653
f 10640 10635 10638
f 10653 7605 10650
f 10638 10845 10846
f 10846 10653 10638
f 10654 10653 10846
f 10846 10847 10654
f 10657 10654 10848
f 10847 10848 10654
f 10659 7347 10660
f 7343 10849 10663
f 10849 7343 10665
f 10850 10655 10660
f 10851 10660 7347
f 10852 7347 7339
f 10853 7339 10664
f 10854 10664 7342
f 10856 7342 7348
f 10857 7348 10663
f 10858 10663 10849
f 10859 10849 10665
f 10859 10665 10657
f 10657 10848 10859
f 10849 10859 10858
f 10663 10858 10857
f 7348 10857 10856
f 7342 10856 10855
f 7342 10855 10854
f 10664 10854 10853
f 7339 10853 10852
f 7347 10852 10851
f 10660 10851 10850
f 10656 10661 10860
f 10661 10655 10850
f 10850 10860 10661
f 10658 10656 10860
f 10860 10861 10658
f 10658 10566 10558
f 10558 7561 10658
f 7561 7586 10658
f 10861 10862 10566
f 10566 10658 10861
f 10562 10570 10569
f 10863 10570 10562
f 10569 10863 10562
f 10559 10561 10864
f 10561 10565 10865
f 10565 10564 10866
f 10570 10863 10567
f 10867 10568 10567
f 10567 10868 10867
f 10868 10567 10863
f 10863 10869 10868
f 10869 10569 10562
f 10562 10870 10869
f 10870 10562 10559
f 10559 10871 10870
f 10872 10871 10561
f 10871 10864 10561
f 10873 10872 10565
f 10872 10865 10565
f 10874 10873 10564
f 10873 10866 10564
f 10862 10874 10563
f 10563 10566 10862
f 10564 10563 10874
f 10565 10866 10873
f 10561 10865 10872
f 10559 10864 10871
f 10863 10569 10869
f 10568 10572 10571
f 10568 10573 10572
f 10568 10574 10573
f 10568 10575 10574
f 10568 10576 10575
f 10568 10577 10576
f 10568 10585 10578
f 10578 10577 10568
f 10585 10579 10578
f 10585 10580 10579
f 10585 10581 10580
f 10585 10582 10581
f 10585 10583 10582
f 10585 10584 10583
f 10571 10683 10568
f 10599 10598 10875
f 10875 10823 10599
f 10598 7602 10597
f 10597 10594 10598
f 10598 7603 7602
f 10875 10598 10594
f 10594 10876 10875
f 10867 10877 10585
f 10585 10568 10867
f 10876 10594 10596
f 10596 10878 10876
f 10878 10596 10595
f 10595 10879 10878
f 10879 10593 10589
f 10589 10880 10879
f 10880 10881 10588
f 10588 10882 10880
f 10883 10882 10592
f 10882 10884 10592
f 10885 10883 10591
f 10883 10886 10591
f 10887 10885 10888
f 10877 10887 10586
f 10586 10585 10877
f 10888 10586 10887
f 10591 10888 10885
f 10592 10886 10883
f 10588 10884 10882
f 10589 10881 10880
f 10595 10593 10879
f 10589 10595 10593
f 10590 10587 10591
f 10888 10587 10586
f 10881 10589 10588
f 10884 10588 10592
f 10592 10591 10886
f 10587 10888 10591
f 10539 10889 10890
f 10539 10524 10891
f 10891 10889 10539
f 10524 10892 10891
f 10524 10893 10892
f 10524 10768 10893
f 10550 10894 10895
f 10540 10896 10894
f 10894 10550 10540
f 10897 10898 10540
f 10898 10896 10540
f 10895 10821 10550
f 7352 7354 7350
f 7346 10655 10662
f 10663 7348 7343
f 7427 10899 10900
f 10900 7426 7427
f 10900 7429 7426
f 7432 7430 10902
f 7430 10903 10902
f 7431 7432 10902
f 10901 7430 7429
f 10900 10901 7429
f 7431 10899 7427
f 10904 7430 10901
f 10906 7431 10902
f 10899 7431 10905
f 7471 7152 7468
f 7151 7152 10907
f 7473 7149 10909
f 7472 7473 10910
f 7473 10909 10910
f 10910 7150 7472
f 10908 7149 7151
f 10907 10908 7151
f 7471 10907 7152
f 10911 7149 10908
f 7150 10910 7471
f 10907 7471 10912
f 10913 7523 7518
f 10914 7520 7523
f 10914 10915 7520
f 10913 10914 7523
f 10915 7525 7520
f 10916 7518 7519
f 7518 10916 10913
f 7533 7535 10918
f 7535 10917 10918
f 7541 7533 10919
f 7533 10918 10919
f 7541 10919 7543
f 10920 7535 7534
f 7535 10920 10917
f 7317 7315 10921
f 7316 7317 10922
f 10922 10923 7316
f 10921 10922 7317
f 7316 10923 7318
f 10924 7315 7314
f 7315 10924 10921
f 7324 10925 10926
f 10926 7209 7324
f 7209 10926 10927
f 10927 7210 7209
f 10927 7215 7210
f 10928 7324 7325
f 7324 10928 10925
f 10662 7340 10929
f 7340 7345 10931
f 7345 7344 10932
f 7344 7343 10933
f 7343 7348 10934
f 7348 7342 10937
f 7342 7338 10938
f 7338 7339 10939
f 7339 7347 10940
f 7347 10660 10941
f 10660 7346 10941
f 7346 10662 10929
f 10929 10941 7346
f 10941 10940 7347
f 10940 10939 7339
f 10939 10938 7338
f 10938 10937 7342
f 10937 10936 7348
f 10936 10935 7348
f 10935 10934 7348
f 10934 10933 7343
f 10933 10932 7344
f 10932 10931 7345
f 10931 10930 7340
f 10930 10929 7340
f 7353 7357 10944
f 7357 7360 10945
f 7360 7356 10946
f 7356 7355 10947
f 7355 7352 10948
f 7352 7350 10950
f 7350 7351 10951
f 7351 7361 10952
f 7361 7359 10953
f 7359 7358 10954
f 7358 7353 10942
f 10942 10954 7358
f 10954 10953 7359
f 10953 10952 7361
f 10952 10951 7351
f 10951 10950 7350
f 10950 10949 7352
f 10949 10948 7352
f 10948 10947 7355
f 10947 10946 7356
f 10946 10945 7360
f 10945 10944 7357
f 10944 10943 7353
f 10943 10942 7353
f 10951 10955 10950
f 10945 10943 10944
f 10542 10956 10549
f 10956 10957 10547
f 10957 10958 10547
f 10958 10545 10548
f 10548 10547 10958
f 10547 10549 10956
f 10960 10209 10959
f 10545 10958 10957
f 10210 10544 10959
f 10210 10959 10209
f 10496 10961 10494
f 10961 10962 10494
f 10962 10491 10493
f 10493 10494 10962
f 10494 10495 10496
f 10963 7730 10492
f 10964 10497 10963
f 10496 10965 10961
f 10962 10961 10491
f 7730 10963 10497
f 10526 10966 10534
f 10966 10967 10534
f 10967 10533 10538
f 10538 10534 10967
f 10534 10529 10526
f 10968 7786 10535
f 10970 10966 10526
f 10968 10969 7785
f 10967 10966 10533
f 7786 10968 7785
f 10537 10971 10536
f 10971 10972 10530
f 10972 10973 10530
f 10973 10525 10527
f 10527 10530 10973
f 10530 10536 10971
f 10975 10134 10974
f 10525 10973 10972
f 10135 10528 10974
f 10135 10974 10134
f 10946 10947 10976
f 10946 10976 10977
f 10954 10942 10979
f 10949 10950 10955
f 10977 10979 10943
f 10947 10948 10976
f 10948 10949 10978
f 10955 10978 10949
f 10951 10952 10953
f 10979 10953 10954
f 10977 10943 10945
f 10977 10945 10946
f 10978 10976 10948
f 10979 10942 10943
f 10953 10955 10951
f 10953 10979 10383
f 10953 10383 10384
f 10384 10955 10953
f 10978 10955 10386
f 10955 10384 10386
f 10976 10978 10387
f 10977 10976 10385
f 10382 10979 10977
f 10385 10382 10977
f 10387 10385 10976
f 10386 10387 10978
f 10382 10383 10979
f 10385 10399 10397
f 10397 10382 10385
f 10936 10937 10938
f 10932 10933 10981
f 10935 10936 10980
f 10938 10980 10936
f 10980 10934 10935
f 10940 10941 10982
f 10931 10981 10930
f 10934 10981 10933
f 10939 10982 10938
f 10981 10931 10932
f 10982 10939 10940
f 10941 10929 10350
f 10350 10982 10941
f 10982 10351 10352
f 10352 10938 10982
f 10980 10938 10352
f 10353 10934 10980
f 10981 10934 10353
f 10930 10981 10348
f 10981 10346 10348
f 10348 10929 10930
f 10353 10346 10981
f 10352 10353 10980
f 10350 10351 10982
f 10348 10350 10929
f 10345 10346 10353
f 10736 10331 10332
f 10331 10736 10760
f 10334 10760 10325
f 10760 10326 10325
f 10760 10336 10331
f 10329 10737 10334
f 10736 10332 10335
f 10330 10326 10760
f 10327 10330 10760
f 10327 10760 10743
f 10329 10328 10737
f 10334 10325 10329
f 10743 10737 10328
f 10737 10335 10333
f 10334 10336 10760
f 10333 10334 10737
f 10328 10327 10743
f 10335 10737 10736
f 10983 10540 10890
f 10890 10984 10983
f 10540 10539 10890
f 10983 10897 10540
f 10890 10985 10984
f 10984 10985 10986
f 10986 10987 10984
f 10987 10988 10984
f 10897 10984 10988
f 10897 10983 10984
f 10991 10992 10989
f 10989 10890 10991
f 10992 10994 10993
f 10989 10993 10995
f 10993 10989 10992
f 10992 10991 10996
f 10996 10991 10997
f 10992 10996 10998
f 10998 10994 10992
f 10993 11000 10995
f 10993 10994 10998
f 11001 10998 10999
f 10996 10999 10998
f 11003 11004 11001
f 11001 10999 11003
f 11004 10998 11001
f 11000 10993 10998
f 10998 10995 11000
f 10995 11004 11005
f 10998 11004 10995
f 11005 11002 10995
f 11002 11005 11004
f 11006 11002 11004
f 11004 11003 11006
f 11007 11003 10999
f 11009 11010 11008
f 11008 11006 11009
f 11008 11011 11012
f 11011 11008 11010
f 11012 11013 11008
f 11015 11014 11009
f 11010 11009 11014
f 11010 11014 11016
f 11016 11011 11010
f 10537 10134 10975
f 11017 10528 10525
f 10975 11018 10537
f 10971 10537 11012
f 10971 11012 11011
f 11011 11016 10972
f 11017 10974 10528
f 11017 10975 10974
f 10525 10972 11016
f 10972 10971 11011
f 10537 11018 11012
f 10525 11016 11017
f 11018 11013 11012
f 11017 11016 11014
f 10133 10975 11017
f 11017 11014 10133
f 10975 10133 11019
f 11019 11018 10975
f 11019 10985 11006
f 11006 11008 11019
f 11019 11020 11022
f 10985 10890 10989
f 11022 11020 11021
f 11019 11022 10985
f 10989 11006 10985
f 11019 11008 11013
f 10989 10995 11002
f 11023 11022 11021
f 11002 11006 10989
f 11013 11018 11019
f 10975 7552 10138
f 11020 10138 7552
f 11021 11020 11023
f 7552 11023 11020
f 11027 11025 11024
f 11023 11025 11028
f 10138 11029 11030
f 11030 10975 10138
f 7547 7552 11031
f 7552 10975 11030
f 11030 11031 7552
f 11030 11032 11031
f 7550 7548 11033
f 7550 11033 11034
f 11035 7546 7550
f 11034 11035 7550
f 11033 7548 7549
f 7546 11035 7552
f 11032 11030 11029
f 11038 11039 11024
f 11040 11027 11024
f 11024 11039 11040
f 11025 11027 11040
f 11040 11041 11025
f 11025 11041 11042
f 11042 11022 11025
f 11023 11028 11022
f 11028 11025 11022
f 11024 11026 11038
f 11043 11044 11022
f 11045 11043 11022
f 11022 11042 11045
f 11042 11041 11045
f 11046 11045 11041
f 11041 11040 11047
f 11040 11039 11047
f 11048 11047 11039
f 11039 11038 11048
f 11047 11046 11041
f 11049 10744 10743
f 10760 10758 11049
f 10743 10760 11049
f 11044 10754 10748
f 10754 11044 11043
f 11049 10987 10744
f 10754 11043 11045
f 10748 10986 11044
f 10754 11045 11046
f 10754 11046 11047
f 11053 11051 10758
f 11050 11049 10758
f 11052 10758 10760
f 11047 11048 10754
f 10760 10754 11048
f 11051 11050 10758
f 10748 10743 10986
f 10760 11048 11054
f 10987 10743 10744
f 11052 11053 10758
f 10743 10987 10986
f 10760 11054 11052
f 11038 11055 11054
f 11054 11048 11038
f 11057 11058 7531
f 11057 11059 11058
f 11059 11061 11060
f 11059 11057 11061
f 11060 11062 11063
f 11055 11037 11063
f 11063 11062 11055
f 11063 11059 11060
f 7531 11056 11057
f 11038 11026 11037
f 11037 11055 11038
f 11052 11054 11062
f 11054 11055 11062
f 11052 11062 11060
f 11060 11053 11052
f 11060 11051 11053
f 11051 11060 11061
f 11057 11056 11051
f 11051 11061 11057
f 11056 11050 11051
f 11056 11049 11050
f 7531 11058 11059
f 7531 11059 11064
f 11059 11063 10728
f 7531 11067 11066
f 11065 11068 11067
f 11067 7531 11065
f 7531 11069 11070
f 11070 11065 7531
f 7536 11069 7531
f 7538 7529 11064
f 7538 11064 11071
f 7532 7538 11071
f 11071 11072 7532
f 11064 7529 7531
f 11073 11064 7531
f 7532 11072 7540
f 11068 11065 11070
f 11070 11074 11068
f 11075 11067 11068
f 11068 11074 11075
f 11067 11075 11076
f 11070 11075 11074
f 11070 11069 11075
f 11075 11077 11078
f 11075 11069 11077
f 11079 11078 11077
f 11077 11080 11081
f 11081 11079 11077
f 11082 11081 11080
f 11082 11080 11084
f 11080 11083 11084
f 11083 11086 11087
f 11087 11085 11083
f 11088 11085 11087
f 11087 10821 11088
f 11090 11036 11029
f 11036 11032 11029
f 11090 11091 11036
f 11036 11091 11092
f 11092 11093 11036
f 11094 11095 11093
f 11092 11094 11093
f 11097 11093 11095
f 11097 11096 11093
f 11100 11089 11099
f 11100 11086 11089
f 11101 11099 11089
f 11089 11102 11103
f 11103 11101 11089
f 11104 11103 11102
f 11104 11102 11106
f 11102 11105 11106
f 11096 11098 11109
f 11109 11108 11096
f 11111 11109 11098
f 11098 11097 11111
f 11113 11112 11111
f 11112 11110 11111
f 11113 11114 11112
f 11112 11114 11115
f 11115 11116 11112
f 11115 11118 11117
f 11118 11119 11117
f 11117 11116 11115
f 11121 11117 11119
f 11121 11120 11117
f 11097 11098 11096
f 11111 11097 11124
f 11110 11108 11111
f 11108 11109 11111
f 11121 11119 11125
f 11121 11122 11120
f 11127 11128 11122
f 11122 11121 11127
f 7322 7323 11130
f 11120 11130 7323
f 11120 11122 11128
f 11128 11130 11120
f 11132 11133 7320
f 7321 7320 11133
f 11132 7320 7322
f 11134 7323 11133
f 11133 11135 11134
f 7321 11133 7323
f 11131 11130 11129
f 11127 11129 11130
f 11130 11128 11127
f 11137 11136 11129
f 11136 11131 11129
f 11137 11138 11136
f 11136 11138 11139
f 11139 11140 11136
f 11139 11141 11140
f 11139 11142 11141
f 11144 11141 11142
f 11144 11143 11141
f 11143 11147 11146
f 11143 11145 11147
f 11148 11147 11145
f 11145 11144 11148
f 11149 11151 11150
f 11150 11146 11149
f 11152 11151 11153
f 11151 11149 11153
f 11152 11154 11151
f 11155 11151 11154
f 11154 11156 11155
f 11156 11157 11158
f 11157 11159 11160
f 11159 11161 11160
f 11159 11162 11163
f 11162 11164 11165
f 11164 11166 11165
f 11167 11168 10588
f 10588 11164 11167
f 11169 7585 11170
f 11170 11167 11169
f 11171 11172 7585
f 7585 11169 11171
f 11173 11174 10596
f 10596 11171 11173
f 10596 11172 11171
f 11170 11168 11167
f 10588 11166 11164
f 11165 11163 11162
f 11163 11161 11159
f 11160 11158 11157
f 11158 11155 11156
f 11172 10596 7585
f 11168 11170 10588
f 10588 11165 11166
f 11163 11160 11161
f 11174 10594 10596
f 11175 11174 11177
f 11177 11176 11175
f 11178 11174 11173
f 11178 11177 11174
f 11142 11180 11144
f 11144 11145 11143
f 11149 11146 11153
f 11148 11153 11146
f 11146 11147 11148
f 11178 11181 11176
f 11178 11176 11177
f 11181 11179 11176
f 11182 11183 11179
f 11179 11181 11182
f 11176 11179 11183
f 11176 11183 7384
f 7384 11184 11176
f 11186 7393 7387
f 7393 11186 10469
f 10469 7390 7393
f 7390 10469 11184
f 11184 7380 7390
f 11184 7379 7380
f 7379 11184 7384
f 11185 7398 7381
f 7384 11185 7398
f 7387 7398 11185
f 11187 11185 11188
f 7384 11188 11185
f 11189 11190 11191
f 11191 11192 11189
f 11193 11189 11182
f 11189 11183 11182
f 11190 11189 11193
f 11194 11190 11193
f 11193 11195 11194
f 11194 11191 11190
f 11194 11196 11191
f 11195 11197 11194
f 11200 11194 11197
f 11200 11198 11194
f 11198 11200 11201
f 11202 11203 11198
f 11198 11201 11202
f 11204 11202 11201
f 11201 11200 11204
f 11198 11203 7382
f 7377 7383 11205
f 7388 7377 7394
f 11207 7386 7389
f 11207 7395 7386
f 7386 11207 11208
f 11208 7396 7386
f 11208 7382 7396
f 7394 7389 7388
f 11205 11206 7377
f 7382 11205 7383
f 11206 7394 7377
f 11212 7394 11206
f 11209 11207 7389
f 11213 11212 11206
f 11210 11213 11206
f 11213 11210 7389
f 11212 11213 7389
f 7382 11211 11205
f 7394 11212 7389
f 11202 11204 11203
f 11214 11215 11216
f 11216 11217 11214
f 11218 11214 11204
f 11214 11203 11204
f 11215 11214 11218
f 11215 11218 11219
f 11219 11220 11215
f 11220 11216 11215
f 11220 11221 11216
f 11219 11222 11220
f 11225 11222 11219
f 11225 11223 11222
f 11227 11226 11223
f 11223 11225 11227
f 11229 11228 11227
f 11228 11226 11227
f 11229 11230 11228
f 11229 11231 11230
f 11228 11230 11232
f 11232 11233 11228
f 11234 11230 11231
f 11231 11235 11234
f 11232 11230 11236
f 11236 10598 11232
f 11234 11236 11230
f 11237 11238 11239
f 11238 11240 11241
f 11235 11237 10599
f 10599 11234 11235
f 11241 11239 11238
f 11239 10599 11237
f 10599 10598 11236
f 10599 11236 11234
f 11239 11241 11242
f 11243 11241 11240
f 11243 11240 11244
f 10121 11243 11244
f 10121 11244 11245
f 11245 11243 10121
f 11243 11245 11246
f 11247 11243 11246
f 11248 10599 11239
f 11239 11249 11248
f 10875 11250 10599
f 10599 11248 10875
f 11249 11239 11247
f 11247 11246 11249
f 11250 10598 10599
f 10594 11250 10875
f 10598 11250 10594
f 10876 11251 10596
f 11251 11172 10596
f 11251 10879 11252
f 10879 10593 11252
f 10879 11253 11170
f 11253 10882 10588
f 10882 11254 10588
f 10883 11163 11254
f 11254 10882 10883
f 10885 10590 11163
f 11163 10883 10885
f 10887 11255 10888
f 11156 10086 11255
f 11255 10887 11156
f 10888 10590 10885
f 10588 11170 11253
f 11170 10593 10879
f 11252 11172 11251
f 11252 10596 11172
f 11170 11252 10593
f 10590 10888 11163
f 10596 11252 7585
f 11255 10086 11155
f 11170 7585 11252
f 11156 11256 10087
f 10087 10086 11156
f 10087 11257 11155
f 11155 10086 10087
f 11256 10868 11258
f 10869 10870 11259
f 10870 11260 11261
f 11260 11262 11261
f 11263 11264 10561
f 10561 11260 11263
f 10873 7562 11264
f 11264 11263 10873
f 10874 11265 11266
f 11266 10873 10874
f 10563 11265 10874
f 11266 7562 10873
f 10561 11262 11260
f 11261 11259 10870
f 11259 10569 10869
f 10863 11258 10868
f 11258 10087 11256
f 11259 10863 10569
f 11262 10561 11261
f 7562 11266 11264
f 11265 10563 11266
f 11258 11257 10087
f 10563 7562 11266
f 10861 11267 10566
f 11267 10658 10566
f 10860 11268 11269
f 11268 11270 11271
f 10861 10860 10656
f 10656 11267 10861
f 11271 11269 11268
f 11269 10656 10860
f 10656 10658 11267
f 11272 11271 10662
f 11271 11273 10662
f 10662 11273 11272
f 11270 11273 11271
f 11270 11272 11273
f 11272 11270 11274
f 10113 11272 11274
f 10113 11274 11275
f 11275 11272 10113
f 11276 11277 11269
f 11269 11278 11276
f 11279 11280 11277
f 11277 11276 11279
f 11278 11269 11272
f 11272 11275 11278
f 11269 11271 11272
f 11277 11280 11281
f 11280 11279 11282
f 11282 11283 11280
f 11281 11280 11283
f 11283 11282 11284
f 11285 11283 11284
f 11287 11285 11284
f 11287 11286 11285
f 11287 11288 11286
f 11289 11290 11286
f 11286 11288 11289
f 7332 11286 11290
f 11293 7333 7332
f 7333 11293 11294
f 11294 7329 7333
f 7331 7328 11295
f 11295 11296 7331
f 11294 7330 7329
f 7330 11295 7328
f 7330 11298 11297
f 7330 11297 11295
f 7332 7331 11296
f 11289 11291 11290
f 11299 11292 11290
f 11292 11299 11300
f 11301 11299 11291
f 11299 11290 11291
f 11301 11300 11299
f 11302 11300 11301
f 11301 11303 11302
f 11304 11302 11303
f 11306 11304 11303
f 11306 11305 11304
f 11308 11307 11305
f 11306 11308 11305
f 11309 11310 11305
f 11305 11307 11309
f 11307 11311 11309
f 11307 11308 11311
f 11314 11308 11306
f 11306 11313 11314
f 11305 11310 7184
f 11315 7180 7184
f 11315 10500 7180
f 10500 11315 11316
f 11316 7511 10500
f 11316 7183 7511
f 11316 7179 7183
f 7181 7182 11317
f 11317 11318 7181
f 7179 11317 7182
f 11318 7184 7181
f 11319 7184 11318
f 11317 11321 7179
f 11309 11312 11310
f 11312 11322 11310
f 11324 11323 11322
f 11323 11310 11322
f 11324 11325 11323
f 11323 11325 11326
f 11326 11327 11323
f 11328 11327 11326
f 11330 11328 11326
f 11330 11329 11328
f 11330 11331 11329
f 11332 11333 11329
f 11329 11331 11332
f 11336 11331 11330
f 11330 11335 11336
f 10381 7507 11337
f 11329 11337 7507
f 11329 11333 11337
f 10381 7510 7507
f 10381 7512 7510
f 7512 10381 10377
f 10377 7503 7512
f 10377 7502 7503
f 7502 10377 7505
f 7509 7504 11339
f 7504 7505 11339
f 11339 7507 7509
f 11339 11340 7507
f 11343 7505 10377
f 11341 11340 11342
f 11339 11342 11340
f 11338 11337 11334
f 10807 11334 11337
f 11332 10807 11337
f 11337 11333 11332
f 11337 11345 11344
f 11337 11338 11345
f 11346 11345 11334
f 11345 11338 11334
f 11346 11347 11348
f 11347 11349 11348
f 11347 11350 7562
f 11350 11351 11352
f 11351 11353 11352
f 11351 11354 11353
f 11354 11262 11353
f 11355 11356 11357
f 11357 11354 11355
f 11358 11359 11259
f 11259 11355 11358
f 11360 11361 11359
f 11359 11358 11360
f 11256 11257 11361
f 11361 11360 11256
f 11259 11356 11355
f 11357 11262 11354
f 11352 7562 11350
f 7562 11349 11347
f 11348 11345 11346
f 11353 11264 11352
f 11356 11259 11357
f 11357 11353 11262
f 7562 11348 11349
f 7562 11352 11264
f 11257 11256 11362
f 11362 11363 11257
f 11362 11364 11363
f 11366 11363 11364
f 11366 11365 11363
f 11365 11367 11369
f 11369 11368 11365
f 11370 11369 11367
f 11367 11366 11370
f 11372 11371 11370
f 11371 11368 11370
f 11373 11374 11371
f 11372 11373 11371
f 11375 11371 11374
f 11374 11376 11375
f 11376 11377 11375
f 11155 11116 11136
f 11158 11255 11155
f 11155 11112 11116
f 11151 11155 11140
f 11112 11257 11093
f 11136 11140 11155
f 11165 11254 11163
f 11063 11257 11077
f 11080 11257 11089
f 11089 11086 11083
f 11155 11151 11158
f 11158 11160 10888
f 10588 11254 11165
f 11257 11036 11093
f 10888 11255 11158
f 11136 11116 11117
f 11257 11080 11077
f 11257 11102 11089
f 10888 11160 11163
f 11146 11141 11143
f 11363 11365 11368
f 11112 11155 11257
f 11368 11371 11363
f 11093 11096 11108
f 11117 11133 11136
f 11264 11353 10561
f 11363 11371 11257
f 11108 11110 11093
f 11063 11037 11257
f 7562 10563 11348
f 11357 11261 10561
f 11359 10863 11259
f 11361 11258 10863
f 11258 11361 11257
f 11077 10728 11063
f 11059 11077 11071
f 11036 11257 11026
f 11345 11348 10563
f 10561 11353 11357
f 11059 10728 11077
f 11257 11037 11026
f 11146 11150 11141
f 10863 11359 11361
f 11083 11080 11089
f 11102 11257 11375
f 11261 11357 11259
f 11300 10658 11283
f 11257 11371 11375
f 11141 11150 11151
f 11151 11140 11141
f 11345 10563 11343
f 11323 10658 11302
f 11283 11285 11300
f 11277 11281 10658
f 11110 11112 11093
f 11375 11379 11102
f 11269 11277 10656
f 11300 11302 10658
f 11281 11283 10658
f 11343 11344 11345
f 11026 11024 11036
f 10658 10656 11277
f 11302 11304 11323
f 11024 11034 11036
f 11328 7505 11343
f 11285 11298 11300
f 11304 7179 11320
f 11343 10563 10566
f 10566 11323 11327
f 11304 11320 11323
f 11241 11243 11242
f 11327 11328 10566
f 11242 11247 11239
f 11196 11217 11216
f 11217 11196 7389
f 11323 10566 10658
f 10599 11233 11232
f 11243 11247 11242
f 10594 11191 11196
f 11196 11216 10594
f 10594 11192 11191
f 10469 10594 11174
f 11035 11024 11025
f 7387 11192 10594
f 11024 11035 11034
f 11300 11298 7330
f 11233 10594 11221
f 11344 11343 10377
f 11343 10566 11328
f 11285 11295 11297
f 11025 11023 7552
f 11233 10598 10594
f 7337 10485 11228
f 11216 11221 10594
f 11297 11298 11285
f 11233 10599 10598
f 11221 7337 11233
f 11194 11198 11207
f 11130 11131 7322
f 11136 11132 7322
f 11136 11133 11132
f 11320 7179 11323
f 7552 11035 11025
f 11228 11233 7337
f 11207 11196 11194
f 7322 11131 11136
f 11031 11032 7549
f 11232 10598 10599
f 10594 11186 7387
f 11207 11209 11196
f 11316 11315 11310
f 11206 11214 11217
f 7387 11185 11192
f 11209 7389 11196
f 10594 10469 11186
f 11117 11120 11134
f 11185 11187 11189
f 11198 7382 11208
f 11134 11135 11117
f 11203 11205 11211
f 11203 11206 11205
f 11206 11203 11214
f 7389 11210 11217
f 11208 11207 11198
f 7323 11134 11120
f 11174 11175 10469
f 11187 11188 11183
f 11036 11033 7549
f 11036 11034 11033
f 11217 11210 11206
f 11117 11135 11133
f 11294 11293 11290
f 11316 11310 11323
f 11323 7179 11316
f 7549 7547 11031
f 11175 11176 10469
f 11337 10377 10381
f 11189 11192 11185
f 7549 11032 11036
f 11176 11184 10469
f 11304 11305 11317
f 11188 7384 11183
f 11187 11183 11189
f 11328 11339 7505
f 11328 11329 11342
f 11211 7382 11203
f 11329 11340 11341
f 11329 7507 11340
f 11290 11292 11294
f 11300 7330 11294
f 11328 11342 11339
f 11293 7332 11290
f 10377 11337 11344
f 11329 11341 11342
f 11305 11318 11317
f 11305 11319 11318
f 11294 11292 11300
f 11315 7184 11310
f 11295 11285 11286
f 11305 7184 11319
f 11296 11295 11286
f 11317 7179 11304
f 11286 7332 11296
f 11375 11378 11380
f 11102 11379 11381
f 11380 11382 11375
f 10485 10486 11228
f 11378 7364 11380
f 11077 7540 11072
f 10488 11221 11220
f 10488 11222 11223
f 11059 11071 11064
f 11375 11382 11379
f 11381 11383 11102
f 11077 11072 11071
f 11220 11222 10488
f 11223 10490 10488
f 11105 11102 11383
f 11383 7363 11105
f 11223 7200 10490
f 7200 11223 11226
f 11221 7195 7337
f 10487 10489 11226
f 11226 11228 10486
f 10488 7195 11221
f 10489 7200 11226
f 10486 10487 11226
f 7536 7540 11069
f 7540 11077 11069
f 7363 7364 11105
f 11385 11375 11377
f 11385 11378 11375
f 11381 7362 7363
f 11383 11381 7363
f 11379 11382 11380
f 7365 11379 11380
f 11381 7365 7362
f 11380 7364 7365
f 11381 11379 7365
f 11105 11378 11384
f 11378 11105 7364
f 11384 11107 11105
f 11386 11107 11384
f 11384 11387 11386
f 11388 10897 10990
f 11389 10897 11388
f 10990 11390 11391
f 10990 11390 11392
f 11392 11388 10990
f 11392 11390 11391
f 11388 11392 11394
f 11394 11395 11388
f 11393 11391 11390
f 11392 11391 11393
f 11393 11394 11392
f 11396 11395 11394
f 11394 11393 11396
f 11388 11395 11397
f 11056 11068 11398
f 11396 10990 11056
f 11056 11067 11068
f 11398 11396 11056
f 11056 11066 11067
f 11396 11393 11390
f 10990 10897 10988
f 10988 11056 10990
f 11068 11065 11399
f 11066 11056 7531
f 11399 11398 11068
f 11390 10990 11396
f 10492 10491 11065
f 11401 10965 10496
f 11399 10961 10965
f 10496 11400 11401
f 10965 11401 11399
f 10491 11399 11065
f 11065 11400 10963
f 11400 10964 10963
f 11400 10497 10964
f 11399 10491 10961
f 11065 10963 10492
f 10496 10497 11400
f 11398 11399 11401
f 11401 11402 11398
f 11068 11402 11400
f 11400 11065 11068
f 11403 11404 11396
f 11396 11402 11403
f 11402 11396 11398
f 11401 11405 11402
f 11405 11401 11400
f 11402 11405 11400
f 11403 11402 11405
f 11404 11403 11405
f 11087 11100 10821
f 11087 11086 11100
f 11088 10821 11100
f 11100 11084 11088
f 11083 11085 11088
f 11088 11084 11083
f 11406 11082 11084
f 11407 11406 11084
f 11084 11408 11407
f 11411 11409 11410
f 11084 11409 11408
f 11411 11408 11409
f 11412 11082 11407
f 11082 11406 11407
f 11412 11407 11413
f 11413 11414 11412
f 11081 11412 11414
f 11414 11079 11081
f 11082 11412 11081
f 11414 11078 11079
f 11415 11416 11411
f 11411 11410 11415
f 11413 11078 11414
f 11417 11078 11413
f 11413 11418 11075
f 11075 11417 11413
f 11075 11078 11417
f 11408 11411 11416
f 11416 11418 11408
f 7543 10919 11407
f 11407 11408 7543
f 11413 10920 7534
f 11413 10917 10920
f 7534 11418 11413
f 7539 11408 11418
f 11418 7534 7539
f 10919 10918 11407
f 10918 10917 11413
f 7539 7543 11408
f 11413 11407 10918
f 11419 11075 11418
f 11418 11416 11419
f 11415 11419 11416
f 11419 11410 11409
f 11410 11419 11415
f 11419 11409 10213
f 11105 11107 11386
f 11386 11106 11105
f 11386 11387 11385
f 11385 11106 11386
f 11384 11385 11387
f 11384 11378 11385
f 11367 11365 11366
f 11368 11369 11370
f 11423 10329 10325
f 10325 11422 11423
f 10329 11423 11424
f 11424 11425 10327
f 10327 11425 11426
f 10330 11426 11427
f 10325 10326 11427
f 11427 11422 10325
f 11427 10326 10330
f 11426 10330 10327
f 10327 10328 11424
f 11424 10328 10329
f 10332 11428 11429
f 11428 11430 10332
f 10335 10332 11430
f 11431 10333 10335
f 10335 11430 11431
f 11431 11432 10334
f 11432 11433 10334
f 10336 10334 11433
f 10336 11433 11434
f 11434 10331 10336
f 11428 10332 10331
f 10331 11434 11428
f 10334 10333 11431
f 7447 11435 11436
f 7449 7447 11436
f 11436 11437 7449
f 7450 11437 11438
f 7450 7449 11437
f 7452 11438 11439
f 7452 7450 11438
f 10639 11438 11440
f 11440 11441 10639
f 11438 10639 7450
f 7444 11443 11442
f 11441 11443 7444
f 7444 11442 11444
f 7444 11444 11445
f 7446 11445 11446
f 7454 7446 11445
f 11445 11447 7454
f 7447 7454 11447
f 11447 11448 7447
f 11448 11435 7447
f 11445 7446 7451
f 11445 7451 7444
f 11441 7444 10639
f 11441 11442 11443
f 11438 11441 11440
f 11435 11448 11436
f 11438 11449 11441
f 11439 11438 11437
f 7408 10265 11450
f 11450 7412 7408
f 7412 11450 7413
f 11451 7414 7413
f 11451 7415 7414
f 11451 7410 7415
f 11452 7409 7410
f 7406 7409 11452
f 11453 10265 7408
f 7408 7406 11453
f 11451 11452 7410
f 11454 7413 11450
f 7165 7170 11455
f 11455 7167 7165
f 7437 7163 11456
f 11456 7438 7437
f 7438 11456 11457
f 11457 7436 7438
f 11457 7168 7436
f 7168 11457 7164
f 11459 7163 11455
f 7167 11455 7163
f 7164 11460 7170
f 7170 7165 7164
f 11461 7462 7465
f 7462 11461 11462
f 11462 7467 7462
f 7467 11462 7463
f 11463 7460 7459
f 11463 10251 7460
f 7464 11461 7465
f 10248 7464 7677
f 11463 7459 7463
f 7463 11464 11463
f 7464 11465 11461
f 10251 11466 10248
f 10248 7460 10251
f 7464 10248 11466
f 7488 7871 11467
f 7488 7491 7490
f 11468 7493 7492
f 7493 11468 11469
f 11469 7489 7493
f 11469 7484 7489
f 7485 7484 11470
f 11470 7488 7485
f 11470 7871 7488
f 7492 7491 11468
f 11467 7491 7488
f 11467 7490 7491
f 11467 11472 7490
f 7491 7490 11468
f 7484 11471 11470
f 11182 11199 11193
f 11473 11193 11199
f 11199 11474 11473
f 11193 11473 11476
f 11476 11195 11193
f 11195 11477 11194
f 11476 11477 11195
f 11194 11478 11198
f 11478 11194 11477
f 11477 11479 11478
f 11477 11474 11479
f 11476 11473 11474
f 11477 11476 11474
f 11475 11479 11474
f 11474 11199 11475
f 11194 11198 11201
f 11201 11195 11194
f 11200 11197 11195
f 11195 11201 11200
f 11198 11478 11201
f 11478 11475 11201
f 11478 11479 11475
f 11204 11224 11218
f 11215 11218 11224
f 11224 11480 11215
f 11218 11215 11482
f 11482 11219 11218
f 11482 11220 11219
f 11215 11480 11484
f 11215 11483 11220
f 11484 11483 11215
f 11220 11482 11215
f 11481 11484 11480
f 11480 11224 11481
f 11220 11483 11225
f 11225 11219 11220
f 11483 11484 11481
f 11481 11225 11483
f 11485 11301 11291
f 11486 11485 11291
f 11291 11292 11486
f 11488 11289 11487
f 11292 11291 11289
f 11488 11292 11289
f 11300 11489 11301
f 11486 11300 11301
f 11301 11485 11486
f 11301 11489 11302
f 11314 11490 11488
f 11488 11487 11314
f 11302 11491 11303
f 11492 11303 11491
f 11491 11490 11313
f 11313 11492 11491
f 11306 11303 11492
f 11313 11306 11492
f 11300 11486 11488
f 11488 11489 11300
f 11488 11302 11489
f 11491 11302 11488
f 11491 11488 11490
f 11292 11488 11486
f 11314 11313 11490
f 11322 11312 11493
f 11324 11493 11325
f 11493 11324 11322
f 11494 11493 11312
f 11312 11310 11494
f 11496 11309 11495
f 11309 11497 11310
f 11496 11497 11309
f 11494 11310 11497
f 11497 11498 11494
f 11494 11499 11323
f 11499 11494 11498
f 11323 11499 11325
f 11499 11500 11325
f 11494 11323 11325
f 11325 11493 11494
f 11325 11500 11501
f 11501 11326 11325
f 11336 11502 11496
f 11496 11495 11336
f 11501 11503 11326
f 11504 11326 11503
f 11503 11502 11335
f 11335 11504 11503
f 11330 11326 11504
f 11335 11330 11504
f 11501 11502 11503
f 11496 11498 11497
f 11500 11496 11502
f 11499 11498 11496
f 11502 11501 11500
f 11496 11500 11499
f 11336 11335 11502
f 11366 11364 11505
f 11506 11365 11366
f 11366 11505 11506
f 11366 11507 11508
f 11366 11508 11509
f 11505 11364 11506
f 11510 11506 11364
f 11511 11512 11510
f 11510 11364 11511
f 11367 11513 11507
f 11507 11366 11367
f 11508 11507 11513
f 11365 11514 11513
f 11513 11367 11365
f 11508 11513 11515
f 11515 11516 11508
f 11517 11515 11513
f 11513 11514 11517
f 11514 11365 7519
f 11506 10916 7519
f 11512 11517 7525
f 7522 11517 11514
f 7519 11365 11506
f 11506 11510 10916
f 11510 10914 10913
f 11510 11512 10914
f 7525 10915 11512
f 11510 10913 10916
f 7519 7522 11514
f 10915 10914 11512
f 11517 7522 7525
f 11511 11518 11512
f 11512 11518 11519
f 11519 11517 11512
f 11511 11520 11518
f 11519 11518 11520
f 11509 11516 11519
f 11516 11509 11508
f 11515 11519 11516
f 11515 11517 11519
f 11520 11511 11522
f 11520 11521 11519
f 11523 11524 11521
f 11521 11520 11523
f 11526 11521 11525
f 11525 10819 11526
f 11525 11521 11527
f 11524 11527 11521
f 10819 11525 11527
f 11527 11528 10819
f 11520 11522 11523
f 11529 11530 11523
f 11523 11522 11529
f 11360 11358 11531
f 11358 10720 11531
f 11355 11356 11532
f 11532 11358 11355
f 11354 11533 11356
f 11356 11355 11354
f 11529 11360 11534
f 11534 11530 11529
f 11532 10720 11358
f 11531 11534 11360
f 11531 11532 11535
f 10720 11532 11531
f 11356 11535 11532
f 11527 11524 11536
f 11536 11528 11527
f 11537 11538 11539
f 11530 11524 11523
f 11538 11537 11533
f 11533 11540 10560
f 11530 11536 11524
f 11537 11540 11533
f 11541 11535 11356
f 7517 11542 11531
f 11530 11534 11543
f 11356 10560 11541
f 11535 11541 7517
f 11542 11543 11534
f 11531 11535 7517
f 11543 11536 11530
f 11534 11531 11542
f 10560 11356 11533
f 10560 11540 11537
f 11541 10560 11544
f 11543 11528 11536
f 11544 11545 11546
f 10817 7517 11541
f 11541 11546 10817
f 11547 11542 7517
f 11548 11543 11542
f 11542 11547 11548
f 7517 10817 11547
f 11549 10560 11537
f 11545 11544 10560
f 10560 11549 11545
f 11543 11548 11550
f 10819 11528 11543
f 11543 11550 10819
f 11537 10815 11549
f 11546 11541 11544
f 11533 11539 11538
f 11533 11354 11551
f 11551 11539 11533
f 11551 11354 11552
f 11526 10819 11550
f 11548 11547 11550
f 11545 11553 11546
f 10815 11553 11549
f 11545 11549 11553
f 11539 11551 10815
f 10815 11537 11539
f 11554 10815 11551
f 11555 11551 11552
f 11554 11551 11555
f 11556 11539 11555
f 11555 11552 11556
f 11539 11554 11555
f 11554 11555 11557
f 11558 11557 10814
f 10813 11559 11558
f 10807 11561 11560
f 11560 11561 11559
f 11556 11552 11562
f 11539 11556 11563
f 11564 11565 11352
f 11565 11566 11352
f 11567 11349 11568
f 11568 11565 11567
f 11348 11567 11346
f 11562 11564 11569
f 11569 11556 11562
f 11348 11349 11567
f 11568 11566 11565
f 11352 11569 11564
f 11529 11522 11256
f 11360 11529 11256
f 11351 11564 11562
f 11562 11354 11351
f 11511 11362 11256
f 11565 11350 11347
f 11564 11351 11350
f 11511 11364 11362
f 11347 11567 11565
f 11562 11552 11354
f 11350 11565 11564
f 11511 11256 11522
f 11567 11347 11346
f 11566 11568 11352
f 11349 11348 11568
f 11346 11570 11345
f 11346 11571 11570
f 11345 11570 11338
f 11338 11348 11345
f 11572 11539 11556
f 10506 11572 11569
f 7508 11568 11348
f 7508 10506 11352
f 11556 11569 11572
f 11348 11573 7508
f 11569 11352 10506
f 11352 11568 7508
f 11338 11573 11348
f 7508 11573 11574
f 11575 10506 7508
f 11338 11574 11573
f 11574 11560 11559
f 10813 11575 7508
f 7508 11559 10813
f 10813 11558 10506
f 11572 10506 11558
f 11558 10814 11572
f 11560 11574 11338
f 10814 11557 11572
f 11557 11554 11539
f 11539 11572 11557
f 11338 10807 11560
f 10506 11575 10813
f 11559 7508 11574
f 11570 11571 11334
f 11334 11338 11570
f 11571 11346 11334
f 11334 10807 11338
f 11576 11372 11370
f 11576 11370 11421
f 11421 11578 11576
f 11576 11578 11579
f 11579 11372 11576
f 11580 11578 11421
f 11421 11581 11580
f 11582 11577 11421
f 11577 11582 11583
f 11584 11421 11577
f 11584 11581 11421
f 11579 11578 11580
f 11579 11580 11585
f 11585 11586 11579
f 11376 11374 11579
f 11579 11373 11372
f 11579 11586 11376
f 11374 11373 11579
f 11586 11377 11376
f 11583 11587 11584
f 11584 11577 11583
f 11585 11377 11586
f 11589 11377 11588
f 11585 11588 11377
f 11588 11378 11385
f 11385 11589 11588
f 11385 11377 11589
f 11581 11584 11587
f 11587 11590 11581
f 11585 11580 11581
f 11585 11581 11590
f 11590 11587 11378
f 11588 11585 11590
f 11590 11378 11588
f 11378 11587 11385
f 11583 11582 11587
f 11582 11385 11587
f 11591 11104 11106
f 11106 11420 11591
f 11593 11591 11420
f 11420 11594 11593
f 11596 11595 11420
f 11595 11596 10820
f 11597 11420 11595
f 11597 11594 11420
f 11104 11593 11592
f 11104 11591 11593
f 11592 11593 11598
f 11598 11599 11592
f 11101 11103 11592
f 11592 11599 11101
f 11101 11599 11099
f 11104 11592 11103
f 10820 11600 11597
f 11597 11595 10820
f 11598 11099 11599
f 11602 11099 11601
f 11598 11601 11099
f 11601 11086 11100
f 11100 11602 11601
f 11100 11099 11602
f 11594 11597 11600
f 11600 11603 11594
f 11598 11594 11603
f 11598 11593 11594
f 11603 11601 11598
f 11603 11086 11601
f 11086 11603 11100
f 11603 11600 11596
f 11596 11100 11603
f 10820 11596 11600
f 11604 11090 11029
f 11605 11604 11029
f 11029 11032 11605
f 11606 11029 11608
f 11607 11608 11029
f 11609 11606 11608
f 11610 11029 11606
f 11610 11032 11029
f 11609 11610 11606
f 11609 11032 11610
f 11032 11609 11611
f 11612 11613 11609
f 11609 11608 11612
f 11614 11611 11609
f 11609 11613 11614
f 11605 11615 11090
f 11090 11604 11605
f 11090 11615 11616
f 11616 11617 11090
f 11095 11094 11617
f 11094 11092 11617
f 11091 11090 11617
f 11617 11092 11091
f 7318 11032 11611
f 11615 11605 10923
f 10921 10924 11616
f 11616 10924 7314
f 11605 11032 7318
f 7318 10923 11605
f 11616 10922 10921
f 7314 11614 11616
f 11615 10923 10922
f 7319 11611 11614
f 7319 7318 11611
f 7314 7319 11614
f 11616 11615 10922
f 11618 11617 11616
f 11616 11614 11123
f 11123 11618 11616
f 11097 11095 11618
f 11095 11617 11618
f 11618 11123 11097
f 11123 11607 7790
f 11608 11607 11612
f 11123 11612 11607
f 11614 11613 11123
f 11612 11123 11613
f 11619 11113 11111
f 11620 11619 11111
f 11111 11110 11620
f 10768 11111 11621
f 11126 11621 11111
f 11622 11111 10768
f 11622 11110 11111
f 10768 11623 11622
f 11620 11624 11113
f 11113 11619 11620
f 11113 11624 11625
f 11625 11125 11113
f 11114 11113 11125
f 11125 11119 11115
f 11125 11115 11114
f 11118 11115 11119
f 11622 11623 11626
f 11626 11110 11622
f 11621 11627 11623
f 11623 10768 11621
f 11628 11125 11625
f 11625 11629 11126
f 11126 11628 11625
f 11121 11125 11628
f 11628 11126 11121
f 11626 11623 11627
f 11627 11629 11626
f 11626 11620 11110
f 11624 11626 11629
f 11629 11625 11624
f 11624 11620 11626
f 11629 11627 11126
f 11621 11126 11627
f 11630 11137 11129
f 11631 11630 11129
f 11129 11131 11631
f 11632 11129 11633
f 11180 11633 11129
f 11634 11129 11632
f 11634 11131 11129
f 11137 11630 11631
f 11137 11631 11635
f 11635 11142 11137
f 11138 11137 11142
f 11142 11139 11138
f 11633 11636 11634
f 11634 11632 11633
f 11637 11142 11635
f 11635 11638 11180
f 11180 11637 11635
f 11180 11142 11637
f 11131 11634 11636
f 11636 11638 11131
f 11631 11131 11638
f 11635 11631 11638
f 11638 11636 11180
f 11633 11180 11636
f 11639 11152 11153
f 11640 11639 11153
f 11153 11149 11640
f 11642 11153 11641
f 11642 11149 11153
f 11152 11639 11640
f 11152 11640 11643
f 11643 11644 11152
f 11645 11646 11642
f 11642 11641 11645
f 11647 11149 11642
f 11642 11646 11647
f 11640 11149 7215
f 7215 10927 11640
f 11149 11647 7216
f 11643 10928 7325
f 7325 11647 11643
f 11643 11640 10926
f 11149 7216 7215
f 7325 7216 11647
f 10925 10928 11643
f 11643 10926 10925
f 10927 10926 11640
f 11648 11644 11643
f 11643 11647 11649
f 11649 11648 11643
f 11641 11153 11645
f 11649 11645 11153
f 11645 11649 11646
f 11647 11646 11649
f 11651 11648 11649
f 11649 11652 11651
f 11653 11654 10769
f 11653 11650 11654
f 11655 11650 11653
f 11652 11649 11650
f 11655 11652 11650
f 11644 11651 11656
f 11644 11648 11651
f 11657 11656 11651
f 11651 11658 11657
f 11659 11159 11161
f 11159 10722 11161
f 11157 11660 11661
f 11661 11159 11157
f 11657 11658 11662
f 11662 11157 11657
f 11164 11659 11663
f 11663 11664 11164
f 11662 11660 11157
f 11661 10722 11159
f 11161 11663 11659
f 11663 11161 10722
f 11661 11161 10722
f 11660 11662 11661
f 10769 11665 11655
f 11655 11653 10769
f 11665 11666 11652
f 11652 11655 11665
f 11664 11667 11668
f 11658 11651 11652
f 11664 11663 11669
f 11658 11666 11670
f 7374 10722 11661
f 11671 11669 11663
f 11670 11662 11658
f 11672 11661 11662
f 11661 11672 7374
f 11669 11667 11664
f 11662 11670 11672
f 11663 10722 11671
f 7374 11671 10722
f 11652 11666 11658
f 11670 11666 11665
f 11673 11672 11670
f 11671 7374 7373
f 10766 11669 11671
f 11674 11675 11672
f 11675 10771 7374
f 7374 11672 11675
f 10771 11676 11671
f 10766 11671 11676
f 11676 11677 10766
f 10769 11678 11670
f 11673 11670 11678
f 11678 11674 11673
f 11677 11679 11669
f 11679 11680 11667
f 11667 11669 11679
f 11669 10766 11677
f 11670 11665 10769
f 11671 7373 10771
f 11672 11673 11674
f 11664 11668 11681
f 11681 11164 11664
f 11682 11677 11676
f 11680 11679 11677
f 11678 11675 11674
f 10769 11654 11678
f 11680 11677 11682
f 11681 11683 11164
f 11668 11667 11680
f 11680 11681 11668
f 11681 11680 10773
f 10773 11683 11681
f 10773 11684 11683
f 11685 11683 11684
f 11683 11685 11164
f 11686 11164 11685
f 11685 11687 11686
f 11685 11684 11687
f 11690 11691 11689
f 11692 11685 11684
f 11164 11686 11166
f 11166 11686 11693
f 11693 11164 11166
f 11687 11694 11686
f 11695 11169 11696
f 11169 7585 11696
f 11167 11168 11697
f 11697 11169 11167
f 11693 11686 11168
f 11168 11167 11693
f 11173 11695 11698
f 11695 11699 11698
f 11698 11174 11173
f 11697 7585 11169
f 11696 11699 11695
f 11656 11156 11154
f 11162 11659 11164
f 11156 11656 11157
f 11173 11171 11695
f 11659 11162 11159
f 11656 11154 11644
f 11152 11644 11154
f 11167 11164 11693
f 11169 11695 11171
f 11656 11657 11157
f 11696 11698 11699
f 11697 11696 7585
f 11700 11168 11686
f 10515 11697 11168
f 10684 11177 11174
f 11168 11700 10515
f 7391 11696 11697
f 7391 10684 11698
f 11697 10515 7391
f 11174 11698 10684
f 11698 11696 7391
f 11687 11700 11686
f 11177 10684 11702
f 7391 10515 11701
f 7391 11702 10684
f 11700 11692 11691
f 11690 11701 10515
f 10515 11691 11690
f 11690 11689 7391
f 11702 7391 11689
f 11689 11688 11702
f 11692 11700 11687
f 11688 11178 11177
f 11177 11702 11688
f 11687 11684 11692
f 7391 11701 11690
f 11691 10515 11700
f 11703 11229 11227
f 11230 11703 11227
f 11227 11704 11230
f 10716 11227 11705
f 10716 11704 11227
f 11230 11704 10716
f 10716 10717 11230
f 11229 11703 11230
f 11707 11231 10717
f 11230 10717 11231
f 11235 11707 10717
f 10717 11234 11235
f 10717 11236 11234
f 11237 11708 11709
f 11709 11238 11237
f 11235 11234 11708
f 11708 11237 11235
f 11238 11710 11711
f 11711 11240 11238
f 11709 11710 11238
f 11710 11709 11711
f 11708 11234 11236
f 11708 11710 11709
f 11706 11712 10716
f 10716 11705 11706
f 11712 11713 10716
f 11714 10513 11711
f 11713 11236 10717
f 11236 11713 11715
f 11716 11710 11708
f 11715 11708 11236
f 11708 11715 11716
f 11711 11710 11717
f 11716 11717 11710
f 11717 11714 11711
f 10716 11713 10717
f 11715 11713 11712
f 10511 11717 11716
f 11718 11719 11716
f 10511 11716 11719
f 11719 11720 10511
f 11706 11718 11715
f 11720 11721 11717
f 11721 11722 11714
f 11714 11717 11721
f 11717 10511 11720
f 11715 11712 11706
f 11716 11715 11718
f 11711 11723 11240
f 11711 10513 11724
f 11724 11723 11711
f 11720 11721 11719
f 11725 11719 11718
f 11721 11720 11722
f 11719 11725 11720
f 11724 11722 11723
f 11722 10513 11714
f 11722 11724 10513
f 11240 11723 11722
f 11722 11726 11240
f 11711 11240 11726
f 11726 11727 11711
f 11722 11727 11728
f 11727 11726 11722
f 11727 11732 11711
f 11733 11734 11735
f 11735 11736 11733
f 11733 11240 11711
f 11736 11735 11737
f 11737 11738 11736
f 11711 11734 11733
f 11740 11734 11711
f 10510 11735 11734
f 10510 7405 11737
f 11734 11740 10510
f 11737 11735 10510
f 11711 11727 11740
f 10510 11740 7401
f 7401 11740 11727
f 11739 7405 10510
f 10510 7401 11730
f 7401 11729 11730
f 11730 11731 10510
f 11727 11722 11729
f 11729 7401 11727
f 11739 10510 11731
f 11731 10788 11739
f 11737 7405 11739
f 11739 11741 11737
f 11737 11742 11738
f 11737 11743 11742
f 11744 11743 11737
f 11737 11741 11745
f 11745 11744 11737
f 11743 11744 11742
f 11746 11742 11744
f 11745 11747 11744
f 11745 11741 11739
f 11739 10788 11747
f 11747 11745 11739
f 10788 11747 11745
f 11748 11742 11744
f 11744 11747 11748
f 11748 11747 11742
f 11747 11749 11742
f 11747 11741 11749
f 11743 11742 11749
f 11741 11750 10265
f 10265 11453 11741
f 11751 11750 11741
f 11741 11747 11751
f 11752 11753 11750
f 11755 11756 11757
f 11757 11733 11755
f 11743 11749 11756
f 11756 11755 11743
f 11733 11757 11758
f 11758 11244 11733
f 11756 11749 11754
f 11747 11759 11751
f 11759 11747 11748
f 11751 11760 11753
f 11753 11750 11751
f 11753 11761 11762
f 11760 11761 11753
f 11760 11751 11759
f 11759 11761 11760
f 11244 10193 11764
f 11244 11758 10193
f 11758 10191 10193
f 11758 11244 10191
f 10193 10191 11244
f 11755 11765 11766
f 11765 11244 11758
f 10838 11755 11756
f 11756 10604 10838
f 11758 11766 11765
f 11766 11756 11755
f 11754 10604 11756
f 11767 10838 10604
f 10604 11768 11767
f 10604 11754 11768
f 11769 10840 11770
f 10840 11771 11770
f 10840 11772 10633
f 11772 11773 11774
f 11773 10637 11774
f 11775 10632 11776
f 11776 11773 11775
f 10844 11777 10632
f 10632 11775 10844
f 11767 11768 11777
f 11777 10844 11767
f 11776 10637 11773
f 11774 10633 11772
f 10633 11771 10840
f 11770 11778 11769
f 10633 11770 11771
f 10637 11776 11774
f 11778 10653 10846
f 10846 11769 11778
f 11778 11779 10653
f 11780 11781 11782
f 11782 11783 11780
f 10846 10653 11781
f 11781 11780 10846
f 11783 11782 11784
f 11784 11785 11783
f 11781 10653 11779
f 11785 10183 11786
f 11785 10184 10183
f 10184 11785 11784
f 11785 11786 11275
f 10183 11784 11275
f 10183 10184 11784
f 11275 11786 10183
f 11787 11788 11789
f 11788 11275 11784
f 11790 11787 11781
f 11787 11791 11781
f 11781 11792 11790
f 11784 11789 11788
f 11789 11791 11787
f 11781 11779 11792
f 11789 11781 11791
f 11784 11793 11789
f 11781 11789 11793
f 11794 11790 11792
f 11795 11794 11792
f 11795 11792 11797
f 11792 11796 11797
f 11467 7871 11796
f 11798 11796 7871
f 11797 11796 11798
f 11798 11799 11797
f 11802 11801 11798
f 11804 11801 11803
f 11804 11798 11801
f 11801 7621 11805
f 11805 11803 11801
f 11805 7621 11807
f 7621 11806 11807
f 11808 11763 11762
f 11763 11753 11762
f 7649 11763 11808
f 11808 11809 7649
f 11810 10614 7649
f 11811 7649 11809
f 11811 11810 7649
f 11811 11812 11809
f 11810 11811 11812
f 10410 7422 11810
f 11810 11812 10410
f 11810 7422 7419
f 11814 11815 10410
f 11815 7422 10410
f 7424 7423 11816
f 7420 7418 11817
f 11817 7419 7420
f 7422 11816 7423
f 11819 7418 7424
f 7424 11820 11819
f 11817 11818 7419
f 11815 11814 11821
f 11821 11822 11815
f 11823 11822 11821
f 11823 7425 11822
f 11825 11824 7425
f 7425 11826 11825
f 11829 11828 11827
f 11830 11829 11827
f 11830 11827 11825
f 11827 11824 11825
f 11831 11828 11829
f 11829 11832 11831
f 11833 11834 11831
f 11835 11831 11832
f 11835 11833 11831
f 11837 11834 11836
f 11836 11838 11837
f 11839 11838 11836
f 11836 11840 11839
f 11841 11842 11837
f 11841 11843 11844
f 11844 11842 11841
f 11845 11841 11839
f 11841 11837 11839
f 11843 11841 11845
f 11843 11845 11846
f 11847 11843 11846
f 11846 11848 11847
f 11844 11843 11847
f 11848 11849 11847
f 11851 11849 11848
f 11851 11850 11849
f 7170 11852 11853
f 11460 7164 11852
f 7170 11460 11852
f 10790 11853 11852
f 11852 11855 10790
f 11857 11856 11858
f 11856 11854 11858
f 11768 11856 11857
f 11857 11859 11768
f 11859 11860 11861
f 11860 11862 11861
f 11860 11775 10632
f 11775 11863 10632
f 11775 11864 11865
f 11864 11866 11865
f 11772 11867 11868
f 11868 11864 11772
f 11869 11870 10633
f 10633 11772 11869
f 11871 11778 11870
f 11870 11869 11871
f 10633 11867 11772
f 11868 11866 11864
f 11865 11863 11775
f 10632 11862 11860
f 11861 11768 11859
f 10633 11774 11868
f 11774 11776 11865
f 11778 11770 11870
f 10632 11872 11861
f 11768 11861 11872
f 11867 10633 11868
f 11868 11865 11866
f 11865 10632 11863
f 10632 11861 11862
f 10633 11870 11770
f 10632 11865 11776
f 11865 11868 11774
f 11778 11871 11873
f 11873 11874 11778
f 11876 11874 11873
f 11876 11875 11874
f 7464 11466 11877
f 11466 10251 11877
f 11875 11877 10251
f 11879 11877 11875
f 11875 11880 11879
f 11883 11881 11884
f 11881 11878 11884
f 11882 11881 11883
f 11882 11883 11885
f 11885 11886 11882
f 11882 11886 11887
f 11888 11886 11885
f 11885 11889 11888
f 11891 11888 11890
f 11889 11890 11888
f 11886 11888 11893
f 11893 11891 11892
f 11891 11893 11888
f 11893 11887 11886
f 11892 11891 11894
f 11895 11891 11890
f 11895 11894 11891
f 11894 11898 11897
f 11894 11896 11898
f 11899 11898 11896
f 11896 11895 11899
f 11901 11897 11900
f 11902 11901 11903
f 11901 11900 11903
f 11901 11902 11904
f 11904 11905 11901
f 11908 11905 11904
f 11908 11907 11905
f 11909 7474 11907
f 11907 11908 11909
f 7474 11910 11911
f 11912 11910 11913
f 11910 7474 11913
f 11912 11911 11910
f 11914 11910 11912
f 11912 11915 11914
f 11874 11881 11882
f 11892 11894 11897
f 11768 11831 11844
f 11897 11901 11892
f 11872 11777 11768
f 11768 11828 11831
f 11856 11768 11847
f 11874 11462 11881
f 11874 11882 11778
f 11831 11834 11837
f 11901 11778 11887
f 11844 11847 11768
f 11837 11842 11831
f 11778 11882 11887
f 11768 11856 11872
f 11462 11461 11881
f 11901 11893 11892
f 11911 11907 7474
f 11779 11910 11914
f 10632 11777 11872
f 11911 11905 11907
f 11779 11905 11910
f 11778 11901 11905
f 11910 11905 11906
f 11828 11768 11754
f 11914 7621 11779
f 11828 11754 11822
f 11827 11822 7425
f 11801 11469 11779
f 7621 11914 7477
f 11842 11844 11831
f 11754 11815 11822
f 11758 11757 11766
f 7621 11801 11779
f 11905 11779 11778
f 11856 11847 11849
f 11822 11827 11828
f 7649 7424 11815
f 11763 7649 11754
f 11763 11754 11451
f 7649 11815 11754
f 11887 11893 11901
f 11824 11827 7425
f 11911 11910 11905
f 11849 11456 11856
f 11452 11754 11749
f 11793 11782 11781
f 11756 11766 11757
f 11782 11793 11784
f 11454 11750 11753
f 11749 11741 7406
f 11792 11779 11468
f 11454 11450 11750
f 7406 11452 11749
f 11763 7413 11454
f 11452 11451 11754
f 11454 11753 11763
f 11779 11469 11468
f 11451 7413 11763
f 11741 11453 7406
f 11877 11878 7464
f 11849 11457 11456
f 11792 11468 7490
f 11856 11456 7163
f 11850 11852 7164
f 11801 11802 7484
f 11878 11465 7464
f 7490 11796 11792
f 11450 10265 11750
f 11457 11849 11850
f 11874 11875 7463
f 11878 11881 11461
f 11850 7164 11457
f 11875 11464 7463
f 11852 11458 7164
f 11801 7484 11469
f 11802 11798 11471
f 11798 7871 11470
f 7163 11459 11853
f 11461 11465 11878
f 11471 7484 11802
f 11463 11464 11875
f 11853 11854 7163
f 7490 11472 11796
f 11853 11459 11455
f 11798 11470 11471
f 11874 7463 11462
f 10251 11463 11875
f 7163 11854 11856
f 11455 7170 11853
f 10614 11810 7418
f 11472 11467 11796
f 7424 11816 11815
f 11914 11916 7477
f 7649 11819 11820
f 7649 7418 11819
f 11810 11818 11817
f 7481 11917 11806
f 11810 7419 11818
f 7621 11918 7480
f 7621 7477 11918
f 11810 11817 7418
f 11806 11917 10484
f 11820 7424 7649
f 11806 7621 7481
f 11914 7478 11916
f 11816 7422 11815
f 11919 11914 11915
f 11919 7478 11914
f 7480 11918 7477
f 7481 7483 11917
f 7475 7477 11916
f 11916 7478 7475
f 10484 11917 7483
f 7479 10484 7483
f 10484 7479 11806
f 11920 11806 7479
f 7479 10478 11920
f 11921 11922 11823
f 11823 11922 7425
f 11922 11921 7425
f 7425 11921 11826
f 11825 11826 11921
f 11835 11840 11833
f 11836 11834 11840
f 11834 11833 11840
f 11840 11835 11925
f 11837 11838 11839
f 11839 11926 11845
f 11927 11926 11839
f 11852 11850 11851
f 11851 11855 11852
f 10790 11858 11853
f 11854 11853 11858
f 11873 11876 11880
f 11875 11876 11880
f 11879 11880 10798
f 11878 11877 11879
f 11879 11884 11878
f 11895 11896 11894
f 11895 11930 11899
f 11930 11903 11900
f 11900 11897 11930
f 11897 11898 11930
f 11899 11930 11898
f 7474 11932 11913
f 11909 11932 7474
f 11913 11932 11909
f 11919 7479 7478
f 11919 10478 7479
f 10474 11919 11934
f 11919 10474 10478
f 11920 11807 11806
f 11920 11807 11805
f 11804 11936 11798
f 11798 11936 11799
f 11797 11799 11936
f 11936 11938 11797
f 11797 11938 11795
f 11797 10800 11938
f 11939 11857 11858
f 11858 11854 11939
f 11942 11941 11940
f 11858 11943 11854
f 11943 11858 11940
f 11854 11944 11939
f 11857 11939 11944
f 11857 11939 11945
f 11945 11946 11857
f 11947 11939 11944
f 11939 11947 11945
f 11941 11948 11943
f 11943 11940 11941
f 11943 11948 11949
f 11949 11945 11947
f 11943 11939 11854
f 11939 11943 11944
f 11947 11944 11949
f 11943 11949 11944
f 11945 11949 11941
f 11941 11946 11945
f 11949 11948 11941
f 11950 10791 11951
f 11953 11941 11950
f 11953 11952 11941
f 11941 11952 11949
f 11951 11954 11953
f 11953 11950 11951
f 11951 10792 10627
f 10792 11955 11956
f 11955 11957 11958
f 11958 11956 11955
f 11956 10627 10792
f 10627 11954 11951
f 11945 11959 11946
f 11859 11946 11959
f 11959 11768 11859
f 11959 11945 11768
f 11768 11945 11949
f 11952 11953 11768
f 11949 11952 11768
f 10639 11960 11861
f 11953 11861 11768
f 11861 11953 10639
f 10639 11954 10627
f 10639 11953 11954
f 10627 11961 10639
f 11961 10627 11956
f 11958 11961 11956
f 10639 11962 11860
f 11960 11860 11963
f 11861 11963 11859
f 11963 11861 11960
f 11860 11960 10639
f 11958 7444 11961
f 10639 11961 7444
f 11449 11962 10639
f 11444 11442 11958
f 11442 7444 11958
f 10639 11442 11441
f 11442 10639 7444
f 11441 11449 10639
f 10792 11951 10791
f 11955 11964 11444
f 11444 11957 11955
f 11957 11444 11958
f 11966 11435 11448
f 11436 11435 11967
f 11435 11966 11967
f 11965 11439 11437
f 11962 11449 11438
f 11438 11439 11962
f 11447 11966 11448
f 11966 11447 11969
f 11436 11967 11968
f 11968 11967 11966
f 11971 11436 11968
f 11971 11968 11966
f 11973 11966 11447
f 11447 11974 11973
f 11973 11972 11966
f 11972 11971 11966
f 11971 7449 11436
f 11976 11969 11447
f 11969 11977 11970
f 11447 11975 11976
f 11970 11447 11969
f 11447 11970 11974
f 11970 11973 11974
f 11973 11970 11977
f 11978 11977 11969
f 11969 11976 11978
f 7449 11965 11437
f 11977 11978 11979
f 11978 10796 7455
f 10796 10797 7456
f 7456 7455 10796
f 7455 11979 11978
f 11979 11973 11977
f 11980 11871 11869
f 11870 11869 11981
f 11982 11981 11965
f 11965 7449 11982
f 11981 11982 11870
f 11869 11870 11980
f 11871 11980 11983
f 11983 11984 11871
f 10797 11985 11986
f 11986 7456 10797
f 11980 11986 11988
f 11980 11988 11987
f 11971 11972 7455
f 11971 11986 11870
f 11983 11980 11987
f 7455 7456 11971
f 11980 11870 11986
f 11971 11870 11982
f 7456 11986 11971
f 7449 11971 11982
f 11979 11972 11973
f 11979 7455 11972
f 11983 11987 11989
f 11989 11984 11983
f 11987 11988 11989
f 11988 11986 11985
f 11985 11989 11988
f 11991 11984 11989
f 11989 11987 11991
f 11992 11990 10799
f 11993 11987 11990
f 11987 11989 11990
f 11983 11991 11984
f 11984 11991 11995
f 11995 11873 11984
f 11864 11439 11965
f 11864 11962 11439
f 11963 11860 11859
f 11962 11864 11775
f 11871 11869 11984
f 11946 11859 11857
f 11772 11864 11965
f 11869 11772 11981
f 11860 11962 11775
f 11984 11873 11871
f 11772 11965 11981
f 11995 11991 11994
f 11996 11995 11994
f 11992 11997 11993
f 11993 11990 11992
f 11873 11995 11996
f 11995 11998 11876
f 11876 11873 11995
f 11996 11998 11995
f 11997 11998 11996
f 11993 11991 11987
f 11997 11996 11994
f 11994 11991 11997
f 11993 11997 11991
f 11992 11876 11997
f 11998 11997 11876
f 11762 11761 11999
f 11999 11808 11762
f 12000 11999 11761
f 11761 7411 12000
f 11808 11999 12000
f 12000 11763 11808
f 7649 11763 12000
f 12001 12002 7411
f 7411 11761 12001
f 7649 12003 11811
f 11811 11809 12004
f 7649 12000 7411
f 7649 12002 12003
f 7649 7411 12002
f 11810 12002 12005
f 12002 11810 12003
f 11810 12002 12001
f 12001 11812 11810
f 12003 11810 11812
f 11812 11811 12003
f 12006 11814 10410
f 12008 12006 10410
f 10410 12009 12008
f 12009 10410 11813
f 12010 12011 12008
f 12008 12009 12010
f 12008 11814 12006
f 11814 12008 12007
f 12008 12012 12013
f 12013 12007 12008
f 12013 12012 12014
f 12014 11821 12013
f 11821 11814 12013
f 11814 12007 12013
f 12015 11821 12014
f 12009 12011 12010
f 12011 12009 12008
f 12016 12014 12012
f 12009 12012 12008
f 12012 12009 12016
f 11813 11923 12016
f 12016 12009 11813
f 12014 12016 11923
f 11923 12015 12014
f 11823 11923 11921
f 12015 11923 11823
f 11823 11821 12015
f 11825 12017 11830
f 12017 11924 11825
f 11827 11830 12017
f 12017 12018 11827
f 12020 11828 11827
f 12018 12020 11827
f 12020 11825 11924
f 12017 11825 12020
f 12020 11924 12019
f 12017 12020 12018
f 11830 11827 11828
f 11829 11830 11828
f 11829 11828 12021
f 12021 12022 11829
f 12022 11832 11829
f 11925 12023 12020
f 12020 12019 11925
f 12021 12024 12022
f 12024 12023 11925
f 11925 12022 12024
f 11835 11832 12022
f 12022 11925 11835
f 12021 11828 10902
f 10906 10902 11828
f 12021 10904 10901
f 10902 10903 12021
f 10901 10900 12023
f 12021 7430 10904
f 10903 7430 12021
f 11828 12020 7431
f 12020 10899 10905
f 10901 12023 12021
f 10905 7431 12020
f 12023 10900 10899
f 7431 10906 11828
f 10899 12020 12023
f 12023 12024 12021
f 11846 11845 11926
f 11841 11846 11926
f 11926 12025 11841
f 11927 10789 12026
f 12027 12025 11926
f 12027 11926 11927
f 11845 11846 11841
f 11845 11841 12028
f 12028 11848 11845
f 11848 11846 11845
f 12026 12029 12027
f 12027 11927 12026
f 12028 11850 11851
f 11851 11848 12028
f 12029 11850 12028
f 12029 12028 11841
f 12027 11841 12025
f 12027 12029 11841
f 12026 12030 11850
f 11850 12029 12026
f 12030 11851 11850
f 12030 12026 10789
f 10789 11851 12030
f 11884 11928 12031
f 12031 11883 11884
f 12033 12031 11928
f 11928 12034 12033
f 12035 12032 11928
f 11928 12032 12034
f 12031 12033 12036
f 12036 12037 12031
f 11889 11885 11890
f 12037 11890 11885
f 11885 11883 12031
f 12031 12037 11885
f 12035 12038 12034
f 12034 12032 12035
f 12036 11885 12037
f 11889 11885 12036
f 12036 12039 12040
f 12040 11889 12036
f 11890 12037 11889
f 12037 11885 11889
f 11895 11890 11889
f 11889 12040 11895
f 12034 12036 12033
f 12034 12039 12036
f 12038 12039 12034
f 12039 12038 12040
f 12035 12040 12038
f 12040 11929 11895
f 12040 12035 11929
f 12041 11902 11903
f 11903 12042 12041
f 12042 12043 12041
f 12041 12043 11902
f 11902 12043 12044
f 12044 12045 11902
f 12045 11904 11902
f 11931 12046 12042
f 12042 11903 11931
f 12044 11904 12045
f 12044 11905 11904
f 12042 12046 12047
f 10909 11905 12044
f 12047 12046 7149
f 12046 11905 7149
f 10912 7471 12043
f 12042 12047 10908
f 12047 7149 10911
f 12044 12043 10910
f 10912 12043 12042
f 10908 10907 12042
f 10910 10909 12044
f 7471 10910 12043
f 10911 10908 12047
f 12042 10907 10912
f 10909 7149 11905
f 12046 11907 11905
f 11907 12046 11908
f 11931 11908 12046
f 11909 11933 11913
f 11913 12048 11912
f 11913 11933 12048
f 11910 12048 11933
f 11933 12049 11910
f 12051 11933 12050
f 12051 12049 11933
f 11910 11912 12048
f 11912 11910 12052
f 12052 12053 11912
f 12053 11915 11912
f 12053 12052 11915
f 12054 11915 12052
f 12052 12055 12057
f 12057 12056 12052
f 12049 12057 12055
f 12056 12057 12049
f 12051 12056 12049
f 12052 11910 12049
f 12055 12052 12049
f 11934 12056 12051
f 12051 12050 11934
f 12052 12056 11919
f 11919 12054 12052
f 11919 11915 12054
f 11934 11919 12056
f 12058 11805 11807
f 11920 11935 11807
f 11935 12059 11807
f 12060 11805 11807
f 11807 12061 12060
f 12061 11807 12059
f 12059 12062 12061
f 12059 11935 12062
f 12063 12062 11935
f 12060 12061 12062
f 11805 12060 11801
f 12060 12064 11801
f 11937 12065 12062
f 12062 11935 11937
f 11801 12066 11803
f 11801 12064 12066
f 12064 12065 11937
f 11937 12066 12064
f 11804 11803 12066
f 11936 11804 11937
f 12066 11937 11804
f 12064 12062 12065
f 12064 12060 12062
f 11938 10800 12067
f 11795 12067 12068
f 12067 11795 11938
f 12068 12067 11790
f 10800 12069 12067
f 12070 12067 12069
f 12069 12071 12070
f 12071 12069 10800
f 11790 12067 12070
f 12070 12068 11790
f 12070 12071 7495
f 11788 11787 11791
f 11791 11789 11788
f 11787 11790 12070
f 11788 11789 12076
f 12076 11275 11788
f 12070 11791 11787
f 12077 12078 12076
f 12079 11791 12070
f 12079 12080 11789
f 12080 12077 12076
f 11789 11791 12079
f 12076 11789 12080
f 12070 7495 12079
f 7495 12071 12079
f 12079 12072 12073
f 12073 12080 12079
f 12073 12074 12080
f 12071 10800 12072
f 12072 12079 12071
f 12077 12080 12074
f 12074 12075 12077
f 12076 12077 12075
f 12075 11275 12076
f 12081 11275 12075
f 12075 12082 12081
f 12076 12081 12082
f 12082 12078 12076
f 12075 12083 12078
f 12078 12082 12075
f 12089 12084 12085
f 12088 12085 12087
f 12086 12087 12085
f 12075 12086 12087
f 12084 12089 10806
f 12087 12086 12088
f 12085 12088 12089
f 11275 12081 12076
f 12078 12090 12076
f 11276 11278 12091
f 11278 12092 12091
f 11278 11275 12076
f 12076 12092 11278
f 12091 11277 11276
f 11277 12091 12092
f 12076 12091 12092
f 11279 11280 10718
f 10718 12093 11279
f 10718 11280 11281
f 12095 11283 10718
f 12095 10718 12094
f 10509 12086 12085
f 12084 12096 12097
f 12097 12085 12084
f 12087 12098 12083
f 12086 10509 12098
f 12098 12087 12086
f 10806 12099 12096
f 12096 12084 10806
f 12083 12075 12087
f 12085 12097 10509
f 12097 12098 10509
f 12096 12099 12100
f 10806 12101 12102
f 12102 12099 10806
f 12100 12099 12102
f 10718 12102 12094
f 12098 12092 12090
f 12090 12078 12098
f 12090 12092 12076
f 11281 12100 12102
f 12097 12096 11277
f 12092 12098 12097
f 11281 11277 12096
f 11277 12092 12097
f 10718 11281 12102
f 12096 12100 11281
f 12083 12098 12078
f 12102 12095 12094
f 12102 12103 12095
f 10718 11282 12093
f 11282 10718 11284
f 10718 11283 11284
f 11283 12095 12104
f 12104 11284 11283
f 12105 12104 12095
f 12095 12103 11287
f 11287 12105 12095
f 12106 12105 11284
f 11284 12104 12105
f 11287 11284 12105
f 12103 12102 11287
f 11288 11287 12102
f 12101 11288 12102
f 10274 10738 10739
f 10273 10279 10281
f 10269 10273 10278
f 10271 10274 10739
f 10270 10748 10279
f 10278 10754 10269
f 10748 10277 10279
f 10273 10281 10278
f 10754 10278 10276
f 10270 10739 10748
f 10276 10280 10754
f 10754 10738 10269
f 10270 10271 10739
f 10279 10273 10270
f 10280 10277 10754
f 10738 10272 10269
f 10277 10748 10754
f 10274 10272 10738
f 10278 10281 12107
f 12107 12108 10278
f 10278 12108 12109
f 12109 10276 10278
f 10280 10276 12109
f 10277 10280 12110
f 10277 12110 12111
f 12109 12110 10280
f 10279 10277 12111
f 12111 12112 10279
f 12112 10281 10279
f 12112 12107 10281
f 12113 10272 10274
f 10272 12114 12115
f 10272 12114 12116
f 12116 10269 10272
f 10273 10269 12116
f 12116 12117 10273
f 12113 12114 10272
f 12117 10270 10273
f 10271 10270 12118
f 12118 12119 10271
f 10271 12119 12113
f 12113 10274 10271
f 12117 12118 10270
f 12120 12119 12118
f 12119 12120 12121
f 12118 12122 12120
f 12113 12121 12123
f 12115 12114 12123
f 12124 12117 12116
f 12113 12119 12121
f 12114 12113 12123
f 12118 12117 12122
f 12117 12124 12122
f 12115 12123 12125
f 12114 12115 12125
f 12116 12125 12124
f 12116 12114 12125
f 12126 12127 12120
f 12120 12122 12126
f 12127 12128 12121
f 12121 12120 12127
f 12126 12122 12124
f 12124 12129 12126
f 12128 12130 12123
f 12123 12121 12128
f 12129 12124 12125
f 12125 12131 12129
f 12131 12125 12123
f 12123 12130 12131
f 12112 12132 12133
f 12112 12111 12132
f 12111 12134 12132
f 12107 12133 12135
f 12134 12111 12110
f 12107 12112 12133
f 12110 12109 12134
f 12108 12135 12136
f 12108 12136 12109
f 12108 12107 12135
f 12137 12133 12132
f 12138 12139 12137
f 12137 12132 12138
f 12133 12137 12139
f 12139 12140 12133
f 12141 12135 12133
f 12133 12140 12141
f 12142 12138 12132
f 12132 12134 12142
f 12110 12143 12134
f 12136 12144 12109
f 12145 12136 12135
f 12135 12141 12145
f 12142 12134 12143
f 12143 12146 12142
f 12109 12143 12110
f 12144 12143 12109
f 12147 12144 12136
f 12136 12145 12147
f 12129 12141 12140
f 12140 12126 12129
f 12127 12139 12138
f 11044 12147 12145
f 12138 10986 12127
f 11044 12142 12146
f 10986 12138 12142
f 12127 12126 12139
f 10985 12128 12127
f 11022 12130 12128
f 12142 11044 10986
f 12128 10985 11022
f 11044 12146 12147
f 12131 11022 12141
f 12145 12141 11022
f 12131 12130 11022
f 12140 12139 12126
f 12129 12131 12141
f 12127 10986 10985
f 11022 11044 12145
f 12147 12143 12144
f 12143 12147 12146
f 12148 11428 11434
f 11429 11428 12148
f 11429 12148 12149
f 11434 12150 12148
f 11430 12149 12151
f 12152 11433 11432
f 12149 11430 11428
f 11431 11430 12151
f 11428 11429 12149
f 11434 11433 12150
f 11433 12152 12150
f 11431 12151 12153
f 11432 11431 12153
f 11432 12153 12152
f 12154 12152 12153
f 12153 12155 12154
f 12154 12155 12156
f 12155 12153 12151
f 12151 12157 12155
f 12154 12158 12150
f 12150 12152 12154
f 12159 12156 12155
f 12155 12157 12159
f 12157 12151 12149
f 12149 12160 12157
f 12158 12161 12148
f 12148 12150 12158
f 12161 12160 12149
f 12149 12148 12161
f 12157 12160 12162
f 12162 12159 12157
f 12163 12161 12158
f 12162 12161 12163
f 12161 12162 12160
f 12164 11422 11427
f 11422 12164 12165
f 12165 11423 11422
f 11423 12165 12166
f 11424 11423 12166
f 11427 11426 11425
f 12168 11425 11424
f 11425 12167 11427
f 11424 12166 12168
f 11425 12168 12167
f 12169 12170 12165
f 12165 12164 12169
f 11427 12171 12164
f 12172 12169 12164
f 12164 12171 12172
f 12171 11427 12173
f 11426 12173 11427
f 12170 12174 12166
f 12166 12165 12170
f 12171 12173 12176
f 12176 12172 12171
f 11426 11427 12167
f 12167 12173 11426
f 12175 12174 12177
f 12174 12175 12166
f 12168 12166 12175
f 12178 12176 12173
f 12173 12167 12178
f 12179 12168 12175
f 12175 12177 12179
f 12163 12170 12169
f 11056 12162 12163
f 11056 12159 12162
f 12154 12174 12170
f 12169 11049 12163
f 12163 12158 12170
f 12159 11056 10988
f 12170 12158 12154
f 12156 10988 12174
f 12179 12177 10988
f 12178 12179 10987
f 11049 12176 12178
f 11049 12169 12172
f 12178 10987 11049
f 10988 12156 12159
f 12154 12156 12174
f 12177 12174 10988
f 12172 12176 11049
f 12163 11049 11056
f 12179 10988 10987
f 12178 12167 12168
f 12168 12179 12178
f 10387 10400 10385
f 10400 10394 10382
f 10383 10396 10388
f 10384 10383 10388
f 10394 10396 10383
f 10400 10382 10397
f 10383 10382 10394
f 10384 10388 10386
f 10397 10399 10400
f 10392 10387 10386
f 12180 10392 10386
f 10386 12181 12180
f 10387 10392 10400
f 12180 12182 10400
f 10400 10392 12180
f 10834 12181 10386
f 10386 10388 10834
f 10400 12183 10394
f 10394 12183 10396
f 12182 12184 12183
f 12183 10400 12182
f 10834 10388 10396
f 10396 12185 10834
f 12184 12185 10396
f 10396 12183 12184
f 10360 10348 10346
f 10355 10352 10351
f 10356 10366 10353
f 10346 10345 10360
f 10352 10355 10356
f 10353 10352 10356
f 10366 10360 10353
f 10351 10350 10355
f 10360 10345 10353
f 10366 10365 10360
f 12186 10360 10365
f 10365 10857 12186
f 10359 10348 10360
f 10365 10366 10356
f 12187 10359 10360
f 10360 12186 12187
f 10855 10857 10365
f 10365 10356 10855
f 11270 12187 12186
f 12187 11270 10359
f 11270 12188 10359
f 12188 12189 10350
f 10350 10359 12188
f 10348 10359 10350
f 12190 12189 12188
f 12188 11270 12190
f 10855 10356 10355
f 10355 12191 10855
f 12192 12191 10355
f 10355 10350 12192
f 10855 10856 10857
f 10855 10853 10854
f 10857 10858 10859
f 10853 10855 12191
f 12184 12182 10826
f 12185 12184 10827
f 12191 10850 10851
f 12191 10852 10853
f 10859 12186 10857
f 10827 10828 12185
f 10859 10848 12186
f 12182 10825 10826
f 12182 10824 10825
f 10834 12185 10830
f 12181 10834 10835
f 10826 10827 12184
f 10828 10829 12185
f 10830 10831 10834
f 11235 11231 11707
f 12185 10829 10830
f 10831 10832 10834
f 12191 12190 10850
f 11248 10823 10875
f 10835 10823 12181
f 10834 10832 10833
f 11263 11260 10871
f 11253 10880 10882
f 11251 10878 10879
f 12182 10836 10824
f 10851 10852 12191
f 10870 10871 11260
f 11256 10867 10868
f 10877 10867 11256
f 10879 10880 11253
f 10878 11251 10876
f 10823 12180 12181
f 11785 11270 12186
f 12190 11270 10850
f 10850 11270 11268
f 11256 11156 10877
f 11249 11246 10823
f 10836 12182 11765
f 10838 10837 11755
f 12186 10848 11785
f 10873 11263 10872
f 10887 10877 11156
f 11248 11249 10823
f 10823 11246 12180
f 10838 11767 10839
f 11274 11785 11275
f 11268 10860 10850
f 10836 11765 11755
f 10844 10839 11767
f 10844 11775 10843
f 11775 11773 10842
f 10842 10843 11775
f 11231 11707 11229
f 10871 10872 11263
f 11769 10845 10840
f 11780 10847 10846
f 11244 11240 11733
f 11736 11755 11733
f 11755 11736 11738
f 12093 11282 11279
f 12182 12180 11244
f 10837 10836 11755
f 10846 10845 11769
f 11738 11743 11755
f 11780 10848 10847
f 11738 11742 11743
f 12093 11284 11282
f 11773 11772 10841
f 11780 11783 10848
f 11783 11785 10848
f 10841 11772 10840
f 11270 12190 11785
f 12180 11246 11244
f 10841 10842 11773
f 11244 11246 11245
f 11274 11270 11785
f 11244 11765 12182
f 11794 11795 12068
f 12068 11790 11794
f 10350 12189 12190
f 12190 12192 10350
f 12191 12192 12190
f 11609 7785 10969
f 11609 12195 10526
f 12193 10535 10533
f 11609 10526 7785
f 10970 10526 12195
f 12193 10968 10535
f 10966 10970 12195
f 10533 12194 12193
f 11609 10969 10968
f 12195 12194 10966
f 10533 10966 12194
f 12193 11609 10968
f 12195 11609 11610
f 12198 12195 11610
f 11610 11606 12198
f 12199 11608 11609
f 11609 12193 12199
f 12196 12194 12195
f 12200 12196 12195
f 12195 12198 12200
f 12197 12193 12194
f 12201 12197 12194
f 12194 12202 12201
f 12194 12196 12200
f 12200 12202 12194
f 12200 12203 12202
f 12200 12198 12204
f 10891 12204 12198
f 12205 12198 11606
f 11608 12199 7783
f 12193 12201 12199
f 12201 12193 12197
f 12206 10542 10209
f 10209 10960 12206
f 10542 12206 12207
f 12208 11416 10545
f 10956 10542 12209
f 12207 12209 10542
f 12209 12208 10957
f 12208 10545 10957
f 10960 10959 12206
f 10959 10544 11416
f 10957 10956 12209
f 10544 10545 11416
f 11416 12206 10959
f 12212 11415 11416
f 11416 12208 12212
f 12211 12207 12210
f 12211 12209 12207
f 12211 12208 12209
f 12212 12211 12210
f 12210 12213 12212
f 12214 12206 11416
f 11416 11415 12214
f 12214 12215 12207
f 12207 12206 12214
f 10208 12214 11415
f 12207 12215 12213
f 12210 12207 12213
f 12213 12216 12212
f 12216 12213 12217
f 12217 10894 12216
f 12208 12211 12212
f 11415 12212 12218
f 11076 11402 11068
f 11068 11067 11076
f 10799 10798 11992
f 11992 10798 11880
f 11876 11992 11880
f 10795 11978 11976
f 10796 11985 10797
f 11985 10797 11990
f 11978 10795 10796
f 10794 11975 11447
f 11976 10794 10795
f 11976 11975 10794
f 11990 11989 11985
f 10797 10799 11990
f 10890 10889 10997
f 10997 10991 10890
f 10789 11855 11851
f 11855 10789 10790
f 10790 11941 11942
f 11950 10790 10791
f 10792 10793 11955
f 10793 10794 11964
f 11942 11940 10790
f 11964 11955 10793
f 10794 11445 11444
f 10794 11444 11964
f 11858 10790 11940
f 11950 11941 10790
f 10777 11200 11475
f 10777 11481 11224
f 10777 11227 11481
f 10778 10784 11718
f 10789 12019 11921
f 11475 11199 10777
f 11200 11201 11475
f 11227 11225 11481
f 10778 11705 11227
f 11718 11706 10778
f 10788 11813 10410
f 11921 11923 10789
f 12219 11129 11127
f 12219 11153 11180
f 12219 11650 11649
f 11706 11705 10778
f 10784 10785 11720
f 10786 10787 11730
f 11649 11153 12219
f 11654 12219 10768
f 10769 10770 11678
f 11224 11200 10777
f 10784 11725 11718
f 10785 11722 11720
f 11730 11729 10786
f 11731 10787 10788
f 12001 10788 11812
f 11925 12019 10789
f 11927 11840 10789
f 11126 12219 11121
f 12219 11654 11650
f 11153 11148 11144
f 10771 10772 11676
f 10773 11680 11682
f 11720 11725 10784
f 11731 11730 10787
f 10410 11812 10788
f 11840 11925 10789
f 11127 11121 12219
f 11682 10772 10773
f 10774 11692 11684
f 10774 10775 11691
f 10776 11688 11689
f 10777 11178 11688
f 11224 11204 11200
f 11759 10788 11761
f 12001 11761 10788
f 10788 11923 11813
f 12019 11924 11825
f 11126 11111 12219
f 11180 11129 12219
f 11144 11180 11153
f 10770 11675 11678
f 11682 11676 10772
f 11691 11692 10774
f 11688 10776 10777
f 11182 10777 11199
f 11227 10777 10778
f 11729 11722 10786
f 11759 11748 10788
f 11923 10788 10789
f 11124 12220 12219
f 11675 10770 10771
f 10775 11689 11691
f 11182 11181 10777
f 11825 11921 12019
f 12219 11111 11124
f 12219 12221 10768
f 11689 10775 10776
f 11722 10785 10786
f 11839 11840 11927
f 11684 10773 10774
f 11181 11178 10777
f 10893 10768 12222
f 11748 11747 10788
f 12221 12222 10768
f 10768 10769 11654
f 12201 12220 11123
f 7790 7783 12199
f 11123 12220 11097
f 12200 10893 12202
f 12199 11123 7790
f 10892 10893 12200
f 12220 11124 11097
f 11123 12199 12201
f 10891 10892 12204
f 12223 10889 10891
f 12223 10999 10889
f 10891 12198 12223
f 12205 12224 12198
f 10999 10996 10889
f 11015 11009 12225
f 11009 11003 12225
f 11009 11006 11003
f 12225 11606 11015
f 11606 11608 11607
f 11014 11015 11606
f 7790 11607 11608
f 11607 11029 11606
f 10138 10133 11014
f 11014 11606 11029
f 11014 11029 10138
f 11606 12224 12205
f 11019 10138 11020
f 10138 11019 10133
f 11608 7783 7790
f 11289 11288 10806
f 10819 11521 11526
f 10819 11519 11521
f 10800 10802 12072
f 10803 12074 12073
f 10805 12088 12086
f 11288 12101 10806
f 10807 10812 11561
f 10812 10813 11559
f 10802 12073 12072
f 10803 12075 12074
f 12086 10804 10805
f 12089 10805 10806
f 11559 11561 10812
f 10814 10815 11554
f 10817 10818 11547
f 11550 10818 10819
f 10800 11938 11936
f 12073 10802 10803
f 12089 12088 10805
f 11314 10807 11308
f 10807 11332 11331
f 11554 11557 10814
f 10815 10816 11553
f 11550 11547 10818
f 10800 11934 12050
f 12086 12075 10804
f 11558 10813 10814
f 10816 11546 11553
f 10798 11931 11930
f 11931 10800 11908
f 10800 11935 10478
f 11936 11937 10800
f 10807 11495 11308
f 11331 11336 10807
f 11546 10816 10817
f 11931 11903 11930
f 10478 11934 10800
f 11336 11495 10807
f 11930 11895 10798
f 12050 11908 10800
f 11937 11935 10800
f 12075 10803 10804
f 11495 11309 11311
f 11931 10798 10800
f 12050 11933 11909
f 10806 11314 11487
f 10820 11106 11385
f 10820 11596 11420
f 12214 11409 11410
f 10478 10474 11934
f 11314 10806 10807
f 11311 11308 11495
f 11420 11106 10820
f 11909 11908 12050
f 11920 10478 11935
f 11370 11366 11421
f 10819 11385 11582
f 11385 10819 10820
f 10820 10821 11596
f 10821 12213 12215
f 11084 11410 11409
f 11421 11366 11509
f 11100 10821 12226
f 10213 11409 12214
f 10798 11895 12035
f 11487 11289 10806
f 10819 11509 11519
f 11582 11421 10819
f 12215 12227 10821
f 11084 11100 12226
f 11884 11879 11928
f 11509 10819 11421
f 12035 11928 10798
f 11895 11929 12035
f 11879 10798 11928
f 11100 11596 10821
f 12227 12226 10821
f 12214 10208 10213
f 10895 12217 12213
f 12226 11410 11084
f 12213 10821 10895
f 11396 11403 11395
f 11395 11403 12228
f 11397 11395 12228
f 10896 10898 12229
f 10898 11388 12229
f 10898 11389 11388
f 12212 10896 12230
f 10894 12212 12216
f 12212 10894 10896
f 11405 11075 11074
f 11402 11076 11075
f 10213 10208 11415
f 11074 11075 11419
f 11075 11405 11402
f 11415 11419 10213
f 11074 11415 12218
f 11404 11074 11403
f 11415 11074 11419
f 11404 11405 11074
f 12217 10895 10894
f 10996 10997 10889
f 12200 12204 10892
f 11447 11445 10794
f 11389 10898 10897
f 12219 12222 12221
f 12231 12223 12198
f 10999 12223 12231
f 12231 12232 11001
f 11001 10999 12231
f 11606 12198 12224
f 11606 12233 12232
f 12232 12198 11606
f 10999 11001 12234
f 12234 11003 10999
f 12225 12235 11610
f 11610 11606 12225
f 12201 12219 12220
f 12201 12197 12236
f 12236 12219 12201
f 12222 12219 12202
f 12222 12202 10893
f 12202 12219 12237
f 12237 12238 12202
f 12202 12239 12197
f 12197 12201 12202
f 12226 12227 12215
f 12215 12240 12241
f 12241 12226 12215
f 11410 12226 12242
f 12242 11411 11410
f 12215 12214 12206
f 12206 12243 12215
f 12218 12212 11074
f 12212 12208 12244
f 12244 11074 12212
f 12229 12212 12230
f 10896 12229 12230
f 12229 12245 12208
f 12208 12212 12229
f 11074 12228 11403
f 11074 11070 12246
f 12246 12228 11074
f 11397 12228 11388
f 12228 12247 11392
f 11392 11388 12228
f 12248 12233 11606
f 11610 12248 11606
f 12233 12248 12232
f 12231 12198 12232
f 12248 11610 12235
f 12235 12234 11001
f 12232 12248 12235
f 12235 11001 12232
f 11003 12234 12235
f 12225 11003 12235
f 12219 12221 12236
f 12236 12237 12219
f 12238 12239 12202
f 12239 12238 12197
f 12238 12236 12197
f 12236 12238 12237
f 12246 12247 12228
f 11070 12249 12246
f 11074 12244 12249
f 12249 11070 11074
f 11392 12245 11388
f 12229 11388 12245
f 12249 12244 12208
f 12246 11392 12247
f 12208 12250 12249
f 12245 12246 12249
f 12245 11392 12246
f 12250 12245 12249
f 12250 12208 12245
f 12214 11411 12206
f 11411 12214 11410
f 12207 12243 12206
f 12206 11411 12207
f 12215 12243 12207
f 12207 12240 12215
f 12207 11411 12242
f 12242 12241 12207
f 12226 12241 12242
f 12241 12240 12207
